ALTER TABLE `creature_default_trainer`   
  ADD COLUMN `patch_min` TINYINT(3) UNSIGNED DEFAULT 0  NOT NULL AFTER `TrainerId`,
  ADD COLUMN `patch_max` TINYINT(3) UNSIGNED DEFAULT 10  NOT NULL AFTER `patch_min`;
  
UPDATE trainer_spell SET patch_min = 5 WHERE SpellId IN (3714,42832,42833,42841,42842,42843,42846,42858,42859,42872,42873,42890,42891,42894,42896,42897,42913,42914,42917,42920,42921,42925,42926,42930,42931,42939,42940,42944,42945,42949,42950,42955,42956,42985,42995,43002,43008,43010,43012,43015,43017,43019,43020,43023,43024,43038,43039,43045,43046,44484,44488,44489,44492,44500,44506,44508,44509,44510,44513,44528,44529,44555,44582,44584,44589,44592,44593,44598,44614,44616,44623,44629,44630,44633,44635,44636,44645,44780,44781,45375,45376,45377,45378,45379,45380,45463,45524,45529,45545,45549,45550,45551,45552,45553,45554,45560,45561,45562,45563,45564,45565,45566,45569,46584,46845,47436,47437,47439,47440,47449,47450,47465,47470,47471,47474,47475,47476,47485,47486,47487,47488,47497,47498,47501,47502,47519,47520,47528,47568,47610,47766,47793,47808,47809,47810,47811,47812,47813,47814,47815,47819,47820,47823,47824,47825,47826,47827,47835,47836,47837,47838,47841,47843,47846,47847,47855,47856,47857,47859,47860,47863,47864,47865,47867,47871,47878,47884,47886,47888,47889,47890,47891,47892,47893,47897,47900,48018,48020,48040,48045,48062,48063,48065,48066,48067,48068,48070,48071,48072,48073,48074,48077,48078,48086,48087,48088,48089,48112,48113,48119,48120,48121,48122,48123,48124,48125,48126,48127,48134,48135,48155,48156,48157,48158,48159,48160,48161,48162,48168,48169,48170,48171,48172,48173,48247,48248,48263,48265,48299,48300,48377,48378,48440,48441,48442,48443,48446,48447,48450,48451,48459,48461,48462,48463,48464,48465,48467,48468,48469,48470,48477,48479,48480,48559,48560,48561,48562,48563,48564,48565,48566,48567,48568,48569,48570,48571,48572,48573,48574,48575,48576,48577,48578,48579,48637,48638,48656,48657,48658,48659,48660,48663,48666,48667,48668,48671,48672,48673,48674,48675,48676,48689,48690,48691,48707,48721,48743,48781,48782,48784,48785,48788,48792,48800,48801,48805,48806,48816,48817,48818,48819,48824,48825,48826,48827,48931,48932,48933,48934,48935,48936,48937,48938,48941,48942,48943,48945,48947,48949,48950,48951,48952,48989,48990,48995,48996,48998,48999,49000,49001,49011,49012,49020,49044,49045,49047,49048,49049,49050,49051,49052,49055,49056,49066,49067,49071,49230,49231,49232,49233,49235,49236,49237,49238,49252,49258,49270,49271,49272,49273,49275,49276,49277,49280,49281,49283,49284,49799,49800,49802,49803,49892,49893,49894,49895,49896,49903,49904,49909,49917,49918,49919,49920,49921,49923,49924,49926,49927,49928,49929,49930,49936,49937,49938,49939,49940,49941,49998,49999,50212,50213,50299,50301,50307,50309,50464,50511,50598,50599,50600,50601,50602,50603,50604,50605,50606,50607,50608,50609,50610,50611,50612,50614,50616,50617,50618,50619,50620,50763,50764,50765,50766,50767,50768,50769,50842,50936,50938,50939,50940,50941,50942,50943,50944,50945,50946,50947,50948,50949,50950,50951,50952,50953,50954,50955,50956,50957,50958,50959,50960,50961,50962,50963,50964,50965,50966,50967,51293,51295,51298,51301,51303,51308,51310,51312,51325,51326,51327,51328,51409,51410,51411,51416,51417,51418,51419,51423,51424,51425,51505,51514,51568,51569,51570,51571,51572,51722,51723,51724,51730,51988,51991,51992,51993,51994,52127,52129,52131,52134,52136,52138,52567,52568,52569,52570,52571,52572,52610,52739,52840,52843,53005,53006,53007,53023,53042,53140,53142,53199,53200,53201,53223,53225,53226,53248,53249,53251,53271,53281,53307,53308,53312,53323,53331,53338,53339,53341,53342,53343,53344,53351,53407,53408,53462,53600,53601,53736,53812,53831,53832,53834,53835,53836,53837,53838,53839,53840,53841,53842,53843,53844,53845,53847,53848,53852,53853,53854,53855,53856,53859,53860,53861,53862,53863,53864,53866,53867,53868,53870,53871,53872,53873,53874,53876,53878,53880,53881,53882,53883,53886,53887,53889,53890,53891,53892,53893,53894,53898,53899,53900,53901,53902,53903,53905,53916,53918,53920,53922,53923,53925,53926,53927,53928,53930,53931,53934,53940,53941,53947,53953,53956,53969,53989,54007,54017,54043,54083,54084,54197,54213,54218,54254,54255,54256,54257,54353,54428,54446,54447,54550,54551,54552,54553,54554,54555,54556,54557,54736,54793,54917,54918,54941,54944,54945,54946,54947,54948,54949,54998,54999,55002,55013,55014,55015,55016,55017,55055,55056,55057,55058,55174,55177,55179,55181,55182,55183,55184,55185,55186,55187,55199,55200,55201,55202,55203,55204,55206,55208,55211,55258,55259,55260,55261,55262,55265,55268,55270,55271,55298,55300,55301,55302,55303,55304,55305,55306,55307,55308,55309,55310,55311,55312,55342,55359,55360,55369,55370,55371,55372,55373,55374,55375,55376,55377,55386,55394,55399,55402,55458,55459,55628,55641,55642,55656,55694,55732,55769,55777,55834,55835,55839,55898,55899,55900,55901,55902,55903,55904,55906,55907,55908,55910,55911,55913,55914,55919,55920,55921,55922,55923,55924,55925,55941,55943,55995,56000,56001,56002,56003,56007,56008,56010,56014,56015,56018,56019,56020,56021,56022,56023,56024,56025,56026,56027,56028,56029,56030,56031,56034,56039,56193,56194,56195,56196,56197,56199,56201,56202,56203,56205,56206,56208,56222,56234,56280,56349,56357,56400,56459,56460,56461,56462,56463,56464,56465,56466,56467,56468,56469,56470,56471,56472,56473,56474,56475,56476,56477,56478,56479,56480,56481,56483,56484,56486,56487,56514,56530,56531,56549,56550,56551,56552,56553,56554,56555,56556,56574,56641,56815,56943,56945,56948,56951,56952,56953,56955,56956,56957,56959,56961,56963,56968,56971,56972,56973,56974,56976,56978,56979,56980,56981,56982,56984,56985,56987,56991,56994,56995,56997,57000,57001,57002,57003,57004,57005,57006,57007,57008,57009,57020,57022,57023,57024,57025,57026,57027,57029,57030,57031,57032,57033,57036,57113,57114,57119,57120,57121,57122,57123,57125,57129,57131,57132,57133,57151,57154,57156,57157,57158,57161,57162,57163,57165,57167,57168,57172,57183,57184,57185,57186,57187,57188,57192,57194,57196,57197,57198,57200,57201,57210,57213,57216,57219,57221,57222,57224,57225,57226,57227,57236,57238,57239,57240,57241,57242,57244,57245,57246,57248,57249,57251,57252,57257,57259,57262,57265,57266,57269,57270,57271,57272,57274,57275,57277,57330,57425,57427,57622,57623,57683,57690,57691,57703,57704,57706,57707,57708,57709,57710,57711,57712,57713,57714,57715,57716,57720,57721,57722,57755,57823,57934,57946,57960,57992,57993,57994,58065,58141,58142,58143,58144,58145,58146,58431,58434,58472,58473,58476,58478,58480,58481,58482,58483,58484,58485,58486,58487,58488,58489,58490,58491,58565,58580,58581,58582,58643,58649,58652,58656,58659,58699,58703,58704,58731,58734,58737,58739,58741,58745,58746,58749,58751,58753,58755,58756,58757,58771,58773,58774,58785,58789,58790,58794,58795,58796,58801,58803,58804,58868,58871,58887,59092,59156,59158,59159,59161,59163,59164,59170,59171,59172,59338,59339,59340,59387,59405,59406,59436,59438,59440,59441,59442,59475,59478,59480,59484,59486,59487,59488,59489,59490,59491,59493,59494,59495,59496,59497,59498,59499,59500,59501,59502,59503,59504,59582,59583,59584,59585,59586,59587,59588,59589,59636,59759,60043,60051,60052,60053,60192,60219,60220,60336,60337,60350,60367,60396,60403,60405,60583,60584,60599,60600,60601,60604,60605,60606,60607,60608,60609,60611,60613,60616,60619,60620,60621,60622,60623,60624,60627,60629,60630,60631,60637,60640,60643,60649,60651,60652,60653,60655,60658,60660,60663,60665,60666,60668,60669,60671,60874,60893,60969,60971,60990,60993,60994,61005,61006,61008,61009,61010,61117,61118,61119,61120,61177,61191,61288,61290,61299,61300,61301,61384,61411,61464,61471,61481,61482,61483,61649,61657,61846,61847,61999,62078,62124,62158,62162,62213,62242,62271,62409,62448,62600,62757,62941,62959,63182,63668,63669,63670,63671,63672,63732,63742,63743,63746,63750,63765,63770,64053,64258,64259,64260,64261,64262,64266,64267,64358,64382,64661,64725,64726,64727,64728,64729,64730,64843,64901,66658,66660,66662,66663,66664,66842,66843,66844,67025,67326,67600,67839,67920,69385,69386,69388,69412,70164,70524);

UPDATE creature_default_trainer SET patch_min = 5 WHERE CreatureId IN (23734,25277,26564,26903,26904,26905,26906,26907,26909,26910,26911,26912,26913,26914,26915,26916,26951,26952,26953,26954,26955,26956,26957,26958,26959,26960,26961,26962,26963,26964,26969,26972,26974,26975,26976,26977,26980,26981,26982,26986,26987,26988,26989,26990,26991,26992,26993,26994,26995,26996,26997,26998,26999,27000,27001,27023,27029,27034,28471,28472,28474,28693,28694,28696,28697,28698,28699,28700,28701,28702,28703,28704,28705,28706,28742,28746,28956,28958,29156,29194,29195,29196,29233,29505,29506,29507,29508,29509,29513,29514,29631,29924,30706,30709,30710,30711,30713,30715,30716,30717,30721,30722,31084,31238,31247,32474,33580,33581,33583,33586,33587,33588,33589,33590,33591,33603,33608,33609,33610,33611,33612,33613,33614,33615,33616,33617,33618,33619,33621,33623,33630,33631,33633,33634,33635,33636,33637,33638,33639,33640,33641,33674,33675,33676,33677,33678,33679,33680,33681,33682,33683,33684,33996,34708,34710,34711,34712,34713,34714,34785,34786,35093,35100,35133,35135,35281);

insert into `trainer` (`Id`, `Type`, `Requirement`, `Greeting`, `VerifiedBuild`) values
('203300','2','0',NULL,'0'),
('203703','2','0',NULL,'0'),
('204855','2','0',NULL,'0'),
('204942','3','0',NULL,'0'),
('205688','3','3',NULL,'0'),
('205690','1','6',NULL,'0'),
('206732','1','1',NULL,'0'),
('206752','1','2',NULL,'0'),
('206753','1','4',NULL,'0'),
('206772','1','3',NULL,'0'),
('206773','1','5',NULL,'0'),
('207032','0','0',NULL,'0'),
('207037','0','0',NULL,'0'),
('207038','0','0',NULL,'0'),
('207040','0','0',NULL,'0'),
('207041','0','0',NULL,'0'),
('209953','1','8',NULL,'0'),
('209954','1','7',NULL,'0'),
('212089','3','3',NULL,'0'),
('212090','3','3',NULL,'0'),
('213048','2','0',NULL,'0'),
('213050','2','0',NULL,'0'),
('213051','2','0',NULL,'0'),
('214920','2','0',NULL,'0'),
('214939','2','0',NULL,'0'),
('218000','0','0',NULL,'0'),
('218190','0','0',NULL,'0'),
('218265','0','0',NULL,'0'),
('218271','3','0',NULL,'0'),
('218280','1','10',NULL,'0'),
('218639','2','0',NULL,'0'),
('218675','3','0',NULL,'0'),
('218702','2','0',NULL,'0'),
('218703','2','0',NULL,'0'),
('218712','3','0',NULL,'0'),
('218727','2','0',NULL,'0'),
('218744','2','0',NULL,'0'),
('218746','2','0',NULL,'0'),
('219484','3','3',NULL,'0'),
('221774','2','0',NULL,'0'),
('221777','2','0',NULL,'0'),
('222914','1','11',NULL,'0'),
('224005','0','4',NULL,'0');

INSERT INTO creature_default_trainer (CreatureId, TrainerId, patch_min, patch_max) VALUES
(1300 , 1300   + 202000, 0, 4),
(1703 , 1703   + 202000, 0, 4),
(2855 , 2855   + 202000, 0, 4),
(2942 , 2942   + 202000, 0, 4),
(3688 , 3688   + 202000, 0, 4),
(3690 , 3690   + 202000, 0, 4),
(4732 , 4732   + 202000, 0, 4),
(4752 , 4752   + 202000, 0, 4),
(4753 , 4753   + 202000, 0, 4),
(4772 , 4772   + 202000, 0, 4),
(4773 , 4773   + 202000, 0, 4),
(5032 , 5032   + 202000, 0, 4),
(5037 , 5037   + 202000, 0, 4),
(5038 , 5038   + 202000, 0, 4),
(5040 , 5040   + 202000, 0, 4),
(5041 , 5041   + 202000, 0, 4),
(7953 , 7953   + 202000, 0, 4),
(7954 , 7954   + 202000, 0, 4),
(10089, 10089  + 202000, 0, 4),
(10090, 10090  + 202000, 0, 4),
(11048, 11048  + 202000, 0, 4),
(11050, 11050  + 202000, 0, 4),
(11051, 11051  + 202000, 0, 4),
(12920, 12920  + 202000, 0, 4),
(12939, 12939  + 202000, 0, 4),
(16000, 16000  + 202000, 0, 4),
(16190, 16190  + 202000, 0, 4),
(16265, 16265  + 202000, 0, 4),
(16271, 16271  + 202000, 0, 4),
(16280, 16280  + 202000, 0, 4),
(16639, 16639  + 202000, 0, 4),
(16675, 16675  + 202000, 0, 4),
(16702, 16702  + 202000, 0, 4),
(16703, 16703  + 202000, 0, 4),
(16712, 16712  + 202000, 0, 4),
(16727, 16727  + 202000, 0, 4),
(16744, 16744  + 202000, 0, 4),
(16746, 16746  + 202000, 0, 4),
(17484, 17484  + 202000, 0, 4),
(19774, 19774  + 202000, 0, 4),
(19777, 19777  + 202000, 0, 4),
(20914, 20914  + 202000, 0, 4),
(22005, 22005  + 202000, 0, 4);

insert into `trainer_spell` (`TrainerId`, `SpellId`, `MoneyCost`, `ReqSkillLine`, `ReqSkillRank`, `ReqAbility1`, `ReqAbility2`, `ReqAbility3`, `ReqLevel`, `patch_min`, `patch_max`, `VerifiedBuild`) values
 ('203300','3915','25','197','1','0','0','0','0','0','4','0'),
 ('203300','12044','30','197','1','0','0','0','0','0','4','0'),
 ('203703','3915','25','197','1','0','0','0','0','0','4','0'),
 ('203703','12044','30','197','1','0','0','0','0','0','4','0'),
 ('204855','3915','25','197','1','0','0','0','0','0','4','0'),
 ('204855','12044','30','197','1','0','0','0','0','0','4','0'),
 ('204942','2549','1600','185','100','0','0','0','0','0','4','0'),
 ('204942','15853','1600','185','125','0','0','0','0','0','4','0'),
 ('204942','15856','5000','185','175','0','0','0','0','0','4','0'),
 ('204942','22480','12000','185','225','0','0','0','0','0','4','0'),
 ('205688','4195','100','0','0','0','0','0','10','0','4','0'),
 ('205688','4196','1200','0','0','0','0','0','12','0','4','0'),
 ('205688','4197','4000','0','0','0','0','0','18','0','4','0'),
 ('205688','4198','14000','0','0','0','0','0','24','0','4','0'),
 ('205688','4199','16000','0','0','0','0','0','30','0','4','0'),
 ('205688','4200','28000','0','0','0','0','0','36','0','4','0'),
 ('205688','4201','48000','0','0','0','0','0','42','0','4','0'),
 ('205688','4202','64000','0','0','0','0','0','48','0','4','0'),
 ('205688','5048','84000','0','0','0','0','0','54','0','4','0'),
 ('205688','5049','100000','0','0','0','0','0','60','0','4','0'),
 ('205688','14923','4000','0','0','0','0','0','20','0','4','0'),
 ('205688','14924','16000','0','0','0','0','0','30','0','4','0'),
 ('205688','14925','36000','0','0','0','0','0','40','0','4','0'),
 ('205688','14926','72000','0','0','0','0','0','50','0','4','0'),
 ('205688','14927','100000','0','0','0','0','0','60','0','4','0'),
 ('205688','24440','4400','0','0','0','0','0','20','0','4','0'),
 ('205688','24441','16000','0','0','0','0','0','30','0','4','0'),
 ('205688','24463','36000','0','0','0','0','0','40','0','4','0'),
 ('205688','24464','72000','0','0','0','0','0','50','0','4','0'),
 ('205688','24475','4400','0','0','0','0','0','20','0','4','0'),
 ('205688','24476','16000','0','0','0','0','0','30','0','4','0'),
 ('205688','24477','36000','0','0','0','0','0','40','0','4','0'),
 ('205688','24478','72000','0','0','0','0','0','50','0','4','0'),
 ('205688','24490','4400','0','0','0','0','0','20','0','4','0'),
 ('205688','24494','4400','0','0','0','0','0','20','0','4','0'),
 ('205688','24495','4400','0','0','0','0','0','20','0','4','0'),
 ('205688','24508','16000','0','0','0','0','0','30','0','4','0'),
 ('205688','24509','36000','0','0','0','0','0','40','0','4','0'),
 ('205688','24510','72000','0','0','0','0','0','50','0','4','0'),
 ('205688','24511','16000','0','0','0','0','0','30','0','4','0'),
 ('205688','24512','36000','0','0','0','0','0','40','0','4','0'),
 ('205688','24513','72000','0','0','0','0','0','50','0','4','0'),
 ('205688','24514','16000','0','0','0','0','0','30','0','4','0'),
 ('205688','24515','36000','0','0','0','0','0','40','0','4','0'),
 ('205688','24516','72000','0','0','0','0','0','50','0','4','0'),
 ('205688','24547','100','0','0','0','0','0','10','0','4','0'),
 ('205688','24556','1200','0','0','0','0','0','12','0','4','0'),
 ('205688','24557','4000','0','0','0','0','0','18','0','4','0'),
 ('205688','24558','14000','0','0','0','0','0','24','0','4','0'),
 ('205688','24559','16000','0','0','0','0','0','30','0','4','0'),
 ('205688','24560','28000','0','0','0','0','0','36','0','4','0'),
 ('205688','24561','48000','0','0','0','0','0','42','0','4','0'),
 ('205688','24562','64000','0','0','0','0','0','48','0','4','0'),
 ('205688','24631','84000','0','0','0','0','0','54','0','4','0'),
 ('205688','24632','100000','0','0','0','0','0','60','0','4','0'),
 ('205688','25077','2500','0','0','0','0','0','30','0','4','0'),
 ('205688','27344','100000','0','0','0','0','0','70','0','4','0'),
 ('205688','27350','100000','0','0','0','0','0','60','0','4','0'),
 ('205688','27351','100000','0','0','0','0','0','60','0','4','0'),
 ('205688','27352','100000','0','0','0','0','0','60','0','4','0'),
 ('205688','27353','100000','0','0','0','0','0','60','0','4','0'),
 ('205688','27354','100000','0','0','0','0','0','60','0','4','0'),
 ('205688','27362','2700','0','0','0','0','0','70','0','4','0'),
 ('205688','27364','100000','0','0','0','0','0','70','0','4','0'),
 ('205688','35699','3000','0','0','0','0','0','30','0','4','0'),
 ('205688','35700','10000','0','0','0','0','0','30','0','4','0'),
 ('205690','33388','350000','0','0','0','0','0','30','0','4','0'),
 ('205690','33391','6000000','762','0','0','0','0','60','0','4','0'),
 ('206732','33388','350000','0','0','0','0','0','30','0','4','0'),
 ('206732','33391','6000000','762','0','0','0','0','60','0','4','0'),
 ('206752','33388','350000','0','0','0','0','0','30','0','4','0'),
 ('206752','33391','6000000','762','0','0','0','0','60','0','4','0'),
 ('206753','33388','350000','0','0','0','0','0','30','0','4','0'),
 ('206753','33391','6000000','762','0','0','0','0','60','0','4','0'),
 ('206772','33388','350000','0','0','0','0','0','30','0','4','0'),
 ('206772','33391','6000000','762','0','0','0','0','60','0','4','0'),
 ('206773','33388','350000','0','0','0','0','0','30','0','4','0'),
 ('206773','33391','6000000','762','0','0','0','0','60','0','4','0'),
 ('207032','2259','10','0','0','0','0','0','5','0','4','0'),
 ('207032','2331','100','171','25','0','0','0','0','0','4','0'),
 ('207032','2332','150','171','40','0','0','0','0','0','4','0'),
 ('207032','2334','250','171','50','0','0','0','0','0','4','0'),
 ('207032','2337','1000','171','55','0','0','0','0','0','4','0'),
 ('207032','3101','500','171','50','0','0','0','10','0','4','0'),
 ('207032','3170','50','171','15','0','0','0','0','0','4','0'),
 ('207032','3171','500','171','90','0','0','0','0','0','4','0'),
 ('207032','3173','1500','171','120','0','0','0','0','0','4','0'),
 ('207032','3176','1500','171','125','0','0','0','0','0','4','0'),
 ('207032','3177','2000','171','130','0','0','0','0','0','4','0'),
 ('207032','3447','4000','171','110','0','0','0','0','0','4','0'),
 ('207032','3448','5000','171','165','0','0','0','0','0','4','0'),
 ('207032','3450','6000','171','175','0','0','0','0','0','4','0'),
 ('207032','3452','5000','171','160','0','0','0','0','0','4','0'),
 ('207032','3464','5000','171','125','0','0','0','20','0','4','0'),
 ('207032','7179','450','171','90','0','0','0','0','0','4','0'),
 ('207032','7181','5000','171','155','0','0','0','0','0','4','0'),
 ('207032','7836','250','171','80','0','0','0','0','0','4','0'),
 ('207032','7837','1000','171','130','0','0','0','0','0','4','0'),
 ('207032','7841','1000','171','100','0','0','0','0','0','4','0'),
 ('207032','7845','3000','171','140','0','0','0','0','0','4','0'),
 ('207032','11448','9000','171','205','0','0','0','0','0','4','0'),
 ('207032','11449','6500','171','185','0','0','0','0','0','4','0'),
 ('207032','11450','7500','171','195','0','0','0','0','0','4','0'),
 ('207032','11451','8000','171','205','0','0','0','0','0','4','0'),
 ('207032','11457','10000','171','215','0','0','0','0','0','4','0'),
 ('207032','11460','5000','171','230','0','0','0','0','0','4','0'),
 ('207032','11461','10000','171','235','0','0','0','0','0','4','0'),
 ('207032','11465','12000','171','235','0','0','0','0','0','4','0'),
 ('207032','11467','12000','171','240','0','0','0','0','0','4','0'),
 ('207032','11478','14000','171','250','0','0','0','0','0','4','0'),
 ('207032','11611','50000','171','200','0','0','0','35','0','4','0'),
 ('207032','12609','8000','171','200','0','0','0','0','0','4','0'),
 ('207032','15833','10000','171','230','0','0','0','0','0','4','0'),
 ('207032','17551','15000','171','250','0','0','0','0','0','4','0'),
 ('207032','17552','15000','171','255','0','0','0','0','0','4','0'),
 ('207032','17553','15000','171','260','0','0','0','0','0','4','0'),
 ('207032','17555','15000','171','270','0','0','0','0','0','4','0'),
 ('207032','17556','20000','171','275','0','0','0','0','0','4','0'),
 ('207032','17557','20000','171','275','0','0','0','0','0','4','0'),
 ('207032','17572','20000','171','285','0','0','0','0','0','4','0'),
 ('207032','17573','20000','171','285','0','0','0','0','0','4','0'),
 ('207032','22808','10000','171','215','0','0','0','0','0','4','0'),
 ('207037','3922','200','202','30','0','0','0','0','0','4','0'),
 ('207037','3923','130','202','30','0','0','0','0','0','4','0'),
 ('207037','3924','150','202','50','0','0','0','0','0','4','0'),
 ('207037','3925','150','202','50','0','0','0','0','0','4','0'),
 ('207037','3926','225','202','65','0','0','0','0','0','4','0'),
 ('207037','3929','250','202','75','0','0','0','0','0','4','0'),
 ('207037','3930','250','202','75','0','0','0','0','0','4','0'),
 ('207037','3931','250','202','75','0','0','0','0','0','4','0'),
 ('207037','3932','300','202','85','0','0','0','0','0','4','0'),
 ('207037','3934','400','202','100','0','0','0','0','0','4','0'),
 ('207037','3936','420','202','105','0','0','0','0','0','4','0'),
 ('207037','3937','450','202','105','0','0','0','0','0','4','0'),
 ('207037','3938','450','202','105','0','0','0','0','0','4','0'),
 ('207037','3941','500','202','120','0','0','0','0','0','4','0'),
 ('207037','3942','500','202','125','0','0','0','0','0','4','0'),
 ('207037','3945','500','202','125','0','0','0','0','0','4','0'),
 ('207037','3946','500','202','125','0','0','0','0','0','4','0'),
 ('207037','3947','300','202','125','0','0','0','0','0','4','0'),
 ('207037','3949','550','202','130','0','0','0','0','0','4','0'),
 ('207037','3950','600','202','140','0','0','0','0','0','4','0'),
 ('207037','3953','600','202','145','0','0','0','0','0','4','0'),
 ('207037','3955','750','202','150','0','0','0','0','0','4','0'),
 ('207037','3956','750','202','150','0','0','0','0','0','4','0'),
 ('207037','3958','800','202','160','0','0','0','0','0','4','0'),
 ('207037','3961','900','202','170','0','0','0','0','0','4','0'),
 ('207037','3962','1000','202','175','0','0','0','0','0','4','0'),
 ('207037','3963','1000','202','175','0','0','0','0','0','4','0'),
 ('207037','3965','1200','202','185','0','0','0','0','0','4','0'),
 ('207037','3967','1400','202','190','0','0','0','0','0','4','0'),
 ('207037','3973','300','202','90','0','0','0','0','0','4','0'),
 ('207037','3977','200','202','60','0','0','0','0','0','4','0'),
 ('207037','3978','475','202','110','0','0','0','0','0','4','0'),
 ('207037','4036','10','0','0','0','0','0','5','0','4','0'),
 ('207037','4037','500','202','50','0','0','0','10','0','4','0'),
 ('207037','4038','5000','202','125','0','0','0','20','0','4','0'),
 ('207037','6458','400','202','135','0','0','0','0','0','4','0'),
 ('207037','7430','150','202','50','0','0','0','0','0','4','0'),
 ('207037','8334','300','202','100','0','0','0','0','0','4','0'),
 ('207037','9271','500','202','150','0','0','0','0','0','4','0'),
 ('207037','12584','1000','202','150','0','0','0','0','0','4','0'),
 ('207037','12585','1000','202','175','0','0','0','0','0','4','0'),
 ('207037','12586','1000','202','175','0','0','0','0','0','4','0'),
 ('207037','12589','1300','202','195','0','0','0','0','0','4','0'),
 ('207037','12590','1000','202','175','0','0','0','0','0','4','0'),
 ('207037','12591','1500','202','200','0','0','0','0','0','4','0'),
 ('207037','12594','1600','202','205','0','0','0','0','0','4','0'),
 ('207037','12595','1600','202','205','0','0','0','0','0','4','0'),
 ('207037','12596','1700','202','210','0','0','0','0','0','4','0'),
 ('207037','12599','1800','202','215','0','0','0','0','0','4','0'),
 ('207037','12603','1800','202','215','0','0','0','0','0','4','0'),
 ('207037','12615','2500','202','225','0','0','0','0','0','4','0'),
 ('207037','12618','2200','202','230','0','0','0','0','0','4','0'),
 ('207037','12619','2400','202','235','0','0','0','0','0','4','0'),
 ('207037','12621','2800','202','245','0','0','0','0','0','4','0'),
 ('207037','12622','2800','202','245','0','0','0','0','0','4','0'),
 ('207037','12656','50000','202','200','0','0','0','35','0','4','0'),
 ('207037','15255','1500','202','200','0','0','0','0','0','4','0'),
 ('207037','19567','4000','202','250','0','0','0','0','0','4','0'),
 ('207037','19788','4000','202','250','0','0','0','0','0','4','0'),
 ('207037','19790','10000','202','260','0','0','0','0','0','4','0'),
 ('207037','19791','5000','202','260','0','0','0','0','0','4','0'),
 ('207037','19792','10000','202','260','0','0','0','0','0','4','0'),
 ('207037','19794','20000','202','270','0','0','0','0','0','4','0'),
 ('207037','19795','5000','202','275','0','0','0','0','0','4','0'),
 ('207037','19800','10000','202','285','0','0','0','0','0','4','0'),
 ('207037','19825','20000','202','290','0','0','0','0','0','4','0'),
 ('207037','23070','5000','202','250','0','0','0','0','0','4','0'),
 ('207037','23071','5000','202','260','0','0','0','0','0','4','0'),
 ('207038','7411','10','0','0','0','0','0','5','0','4','0'),
 ('207038','7412','500','333','50','0','0','0','10','0','4','0'),
 ('207038','7413','5000','333','125','0','0','0','20','0','4','0'),
 ('207038','7420','50','333','15','0','0','0','0','0','4','0'),
 ('207038','7426','100','333','40','0','0','0','0','0','4','0'),
 ('207038','7454','100','333','45','0','0','0','0','0','4','0'),
 ('207038','7457','250','333','50','0','0','0','0','0','4','0'),
 ('207038','7745','500','333','100','0','0','0','0','0','4','0'),
 ('207038','7748','250','333','60','0','0','0','0','0','4','0'),
 ('207038','7771','200','333','70','0','0','0','0','0','4','0'),
 ('207038','7779','400','333','80','0','0','0','0','0','4','0'),
 ('207038','7788','500','333','90','0','0','0','0','0','4','0'),
 ('207038','7795','1000','333','100','0','0','0','0','0','4','0'),
 ('207038','7857','1000','333','120','0','0','0','0','0','4','0'),
 ('207038','7861','1250','333','125','0','0','0','0','0','4','0'),
 ('207038','7863','1400','333','125','0','0','0','0','0','4','0'),
 ('207038','13378','600','333','105','0','0','0','0','0','4','0'),
 ('207038','13421','800','333','115','0','0','0','0','0','4','0'),
 ('207038','13485','1500','333','130','0','0','0','0','0','4','0'),
 ('207038','13501','1500','333','130','0','0','0','0','0','4','0'),
 ('207038','13503','2000','333','140','0','0','0','0','0','4','0'),
 ('207038','13529','2400','333','145','0','0','0','0','0','4','0'),
 ('207038','13538','2500','333','140','0','0','0','0','0','4','0'),
 ('207038','13607','2400','333','145','0','0','0','0','0','4','0'),
 ('207038','13622','2500','333','150','0','0','0','0','0','4','0'),
 ('207038','13626','2500','333','150','0','0','0','0','0','4','0'),
 ('207038','13628','2500','333','150','0','0','0','0','0','4','0'),
 ('207038','13631','2600','333','155','0','0','0','0','0','4','0'),
 ('207038','13635','2600','333','155','0','0','0','0','0','4','0'),
 ('207038','13637','2800','333','160','0','0','0','0','0','4','0'),
 ('207038','13640','2700','333','160','0','0','0','0','0','4','0'),
 ('207038','13642','2800','333','165','0','0','0','0','0','4','0'),
 ('207038','13644','2800','333','170','0','0','0','0','0','4','0'),
 ('207038','13648','2800','333','170','0','0','0','0','0','4','0'),
 ('207038','13657','3000','333','175','0','0','0','0','0','4','0'),
 ('207038','13659','3200','333','180','0','0','0','0','0','4','0'),
 ('207038','13661','3600','333','180','0','0','0','0','0','4','0'),
 ('207038','13663','3800','333','185','0','0','0','0','0','4','0'),
 ('207038','13693','4000','333','195','0','0','0','0','0','4','0'),
 ('207038','13695','4000','333','200','0','0','0','0','0','4','0'),
 ('207038','13700','4000','333','200','0','0','0','0','0','4','0'),
 ('207038','13702','4000','333','200','0','0','0','0','0','4','0'),
 ('207038','13746','4200','333','205','0','0','0','0','0','4','0'),
 ('207038','13794','4200','333','205','0','0','0','0','0','4','0'),
 ('207038','13815','4400','333','210','0','0','0','0','0','4','0'),
 ('207038','13822','4400','333','210','0','0','0','0','0','4','0'),
 ('207038','13836','4600','333','215','0','0','0','0','0','4','0'),
 ('207038','13858','4800','333','220','0','0','0','0','0','4','0'),
 ('207038','13887','5000','333','225','0','0','0','0','0','4','0'),
 ('207038','13890','5000','333','225','0','0','0','0','0','4','0'),
 ('207038','13905','5400','333','230','0','0','0','0','0','4','0'),
 ('207038','13917','5400','333','230','0','0','0','0','0','4','0'),
 ('207038','13920','50000','333','200','0','0','0','35','0','4','0'),
 ('207038','13935','5800','333','235','0','0','0','0','0','4','0'),
 ('207038','13937','6200','333','240','0','0','0','0','0','4','0'),
 ('207038','13939','6200','333','240','0','0','0','0','0','4','0'),
 ('207038','13941','6200','333','245','0','0','0','0','0','4','0'),
 ('207038','13943','6200','333','245','0','0','0','0','0','4','0'),
 ('207038','13948','6500','333','250','0','0','0','0','0','4','0'),
 ('207038','14293','50','333','10','0','0','0','0','0','4','0'),
 ('207038','14807','200','333','70','0','0','0','0','0','4','0'),
 ('207038','14809','2600','333','155','0','0','0','0','0','4','0'),
 ('207038','14810','3000','333','175','0','0','0','0','0','4','0'),
 ('207038','17180','10000','333','250','0','0','0','0','0','4','0'),
 ('207038','17181','10000','333','250','0','0','0','0','0','4','0'),
 ('207038','20008','10000','333','255','0','0','0','0','0','4','0'),
 ('207038','20012','10000','333','270','0','0','0','0','0','4','0'),
 ('207038','20013','20000','333','295','0','0','0','0','0','4','0'),
 ('207038','20014','10000','333','265','0','0','0','0','0','4','0'),
 ('207038','20016','15000','333','280','0','0','0','0','0','4','0'),
 ('207038','20023','20000','333','295','0','0','0','0','0','4','0'),
 ('207038','20028','15000','333','290','0','0','0','0','0','4','0'),
 ('207040','2108','10','0','0','0','0','0','5','0','4','0'),
 ('207040','2153','50','165','15','0','0','0','0','0','4','0'),
 ('207040','2159','250','165','85','0','0','0','0','0','4','0'),
 ('207040','2160','100','165','40','0','0','0','0','0','4','0'),
 ('207040','2161','100','165','55','0','0','0','0','0','4','0'),
 ('207040','2162','100','165','60','0','0','0','0','0','4','0'),
 ('207040','2165','250','165','100','0','0','0','0','0','4','0'),
 ('207040','2166','450','165','120','0','0','0','0','0','4','0'),
 ('207040','2167','350','165','100','0','0','0','0','0','4','0'),
 ('207040','2168','350','165','110','0','0','0','0','0','4','0'),
 ('207040','3104','500','165','50','0','0','0','10','0','4','0'),
 ('207040','3753','75','165','25','0','0','0','0','0','4','0'),
 ('207040','3756','150','165','55','0','0','0','0','0','4','0'),
 ('207040','3759','200','165','75','0','0','0','0','0','4','0'),
 ('207040','3760','600','165','150','0','0','0','0','0','4','0'),
 ('207040','3761','350','165','85','0','0','0','0','0','4','0'),
 ('207040','3763','300','165','80','0','0','0','0','0','4','0'),
 ('207040','3764','500','165','145','0','0','0','0','0','4','0'),
 ('207040','3766','400','165','125','0','0','0','0','0','4','0'),
 ('207040','3768','500','165','130','0','0','0','0','0','4','0'),
 ('207040','3770','500','165','135','0','0','0','0','0','4','0'),
 ('207040','3774','1000','165','160','0','0','0','0','0','4','0'),
 ('207040','3776','1200','165','180','0','0','0','0','0','4','0'),
 ('207040','3780','750','165','150','0','0','0','0','0','4','0'),
 ('207040','3811','5000','165','125','0','0','0','20','0','4','0'),
 ('207040','3816','50','165','35','0','0','0','0','0','4','0'),
 ('207040','3817','200','165','100','0','0','0','0','0','4','0'),
 ('207040','3818','500','165','150','0','0','0','0','0','4','0'),
 ('207040','6661','2000','165','190','0','0','0','0','0','4','0'),
 ('207040','7135','400','165','115','0','0','0','0','0','4','0'),
 ('207040','7147','1000','165','160','0','0','0','0','0','4','0'),
 ('207040','7151','1200','165','175','0','0','0','0','0','4','0'),
 ('207040','7156','2400','165','190','0','0','0','0','0','4','0'),
 ('207040','9060','100','165','30','0','0','0','0','0','4','0'),
 ('207040','9062','100','165','30','0','0','0','0','0','4','0'),
 ('207040','9065','150','165','70','0','0','0','0','0','4','0'),
 ('207040','9068','400','165','95','0','0','0','0','0','4','0'),
 ('207040','9074','500','165','120','0','0','0','0','0','4','0'),
 ('207040','9145','500','165','125','0','0','0','0','0','4','0'),
 ('207040','9193','500','165','150','0','0','0','0','0','4','0'),
 ('207040','9194','500','165','150','0','0','0','0','0','4','0'),
 ('207040','9196','1500','165','175','0','0','0','0','0','4','0'),
 ('207040','9198','2000','165','180','0','0','0','0','0','4','0'),
 ('207040','9201','2000','165','185','0','0','0','0','0','4','0'),
 ('207040','9206','2500','165','195','0','0','0','0','0','4','0'),
 ('207040','10482','2000','165','200','0','0','0','0','0','4','0'),
 ('207040','10487','2000','165','200','0','0','0','0','0','4','0'),
 ('207040','10499','3000','165','205','0','0','0','0','0','4','0'),
 ('207040','10507','3000','165','205','0','0','0','0','0','4','0'),
 ('207040','10511','3000','165','210','0','0','0','0','0','4','0'),
 ('207040','10518','3500','165','210','0','0','0','0','0','4','0'),
 ('207040','10548','4000','165','230','0','0','0','0','0','4','0'),
 ('207040','10552','4000','165','230','0','0','0','0','0','4','0'),
 ('207040','10556','4500','165','235','0','0','0','0','0','4','0'),
 ('207040','10558','4500','165','235','0','0','0','0','0','4','0'),
 ('207040','10662','50000','165','200','0','0','0','35','0','4','0'),
 ('207040','14930','3600','165','225','0','0','0','0','0','4','0'),
 ('207040','14932','3600','165','225','0','0','0','0','0','4','0'),
 ('207040','19047','5000','165','250','0','0','0','0','0','4','0'),
 ('207040','19052','10000','165','265','0','0','0','0','0','4','0'),
 ('207040','19055','10000','165','270','0','0','0','0','0','4','0'),
 ('207040','19058','5000','165','250','0','0','0','0','0','4','0'),
 ('207040','19065','10000','165','275','0','0','0','0','0','4','0'),
 ('207040','19071','10000','165','280','0','0','0','0','0','4','0'),
 ('207040','19072','10000','165','280','0','0','0','0','0','4','0'),
 ('207040','19082','15000','165','290','0','0','0','0','0','4','0'),
 ('207040','19083','15000','165','290','0','0','0','0','0','4','0'),
 ('207040','19091','15000','165','300','0','0','0','0','0','4','0'),
 ('207040','19092','15000','165','300','0','0','0','0','0','4','0'),
 ('207040','19098','15000','165','300','0','0','0','0','0','4','0'),
 ('207040','19102','15000','165','300','0','0','0','0','0','4','0'),
 ('207040','19103','15000','165','300','0','0','0','0','0','4','0'),
 ('207040','20648','500','165','100','0','0','0','0','0','4','0'),
 ('207040','20649','1000','165','150','0','0','0','0','0','4','0'),
 ('207040','20650','4000','165','200','0','0','0','0','0','4','0'),
 ('207040','22331','5000','165','250','0','0','0','0','0','4','0'),
 ('207041','2385','50','197','10','0','0','0','0','0','4','0'),
 ('207041','2386','200','197','65','0','0','0','0','0','4','0'),
 ('207041','2392','50','197','40','0','0','0','0','0','4','0'),
 ('207041','2393','25','197','1','0','0','0','0','0','4','0'),
 ('207041','2394','50','197','40','0','0','0','0','0','4','0'),
 ('207041','2395','300','197','70','0','0','0','0','0','4','0'),
 ('207041','2396','200','197','70','0','0','0','0','0','4','0'),
 ('207041','2397','200','197','60','0','0','0','0','0','4','0'),
 ('207041','2399','300','197','85','0','0','0','0','0','4','0'),
 ('207041','2401','300','197','95','0','0','0','0','0','4','0'),
 ('207041','2402','250','197','75','0','0','0','0','0','4','0'),
 ('207041','2406','200','197','100','0','0','0','0','0','4','0'),
 ('207041','2964','100','197','75','0','0','0','0','0','4','0'),
 ('207041','3755','100','197','45','0','0','0','0','0','4','0'),
 ('207041','3757','200','197','80','0','0','0','0','0','4','0'),
 ('207041','3813','800','197','150','0','0','0','0','0','4','0'),
 ('207041','3839','500','197','125','0','0','0','0','0','4','0'),
 ('207041','3840','100','197','35','0','0','0','0','0','4','0'),
 ('207041','3841','200','197','60','0','0','0','0','0','4','0'),
 ('207041','3842','300','197','70','0','0','0','0','0','4','0'),
 ('207041','3843','400','197','85','0','0','0','0','0','4','0'),
 ('207041','3845','300','197','80','0','0','0','0','0','4','0'),
 ('207041','3848','500','197','110','0','0','0','0','0','4','0'),
 ('207041','3850','500','197','110','0','0','0','0','0','4','0'),
 ('207041','3852','750','197','130','0','0','0','0','0','4','0'),
 ('207041','3855','750','197','125','0','0','0','0','0','4','0'),
 ('207041','3859','750','197','150','0','0','0','0','0','4','0'),
 ('207041','3861','1000','197','185','0','0','0','0','0','4','0'),
 ('207041','3865','1000','197','175','0','0','0','0','0','4','0'),
 ('207041','3866','250','197','110','0','0','0','0','0','4','0'),
 ('207041','3871','500','197','170','0','0','0','0','0','4','0'),
 ('207041','3908','10','0','0','0','0','0','5','0','4','0'),
 ('207041','3909','500','197','50','0','0','0','10','0','4','0'),
 ('207041','3910','5000','197','125','0','0','0','20','0','4','0'),
 ('207041','3914','50','197','30','0','0','0','0','0','4','0'),
 ('207041','6521','400','197','90','0','0','0','0','0','4','0'),
 ('207041','6690','1000','197','135','0','0','0','0','0','4','0'),
 ('207041','7623','50','197','30','0','0','0','0','0','4','0'),
 ('207041','7624','50','197','30','0','0','0','0','0','4','0'),
 ('207041','8465','50','197','40','0','0','0','0','0','4','0'),
 ('207041','8467','250','197','110','0','0','0','0','0','4','0'),
 ('207041','8483','500','197','160','0','0','0','0','0','4','0'),
 ('207041','8489','750','197','175','0','0','0','0','0','4','0'),
 ('207041','8758','600','197','140','0','0','0','0','0','4','0'),
 ('207041','8760','600','197','145','0','0','0','0','0','4','0'),
 ('207041','8762','750','197','160','0','0','0','0','0','4','0'),
 ('207041','8764','900','197','170','0','0','0','0','0','4','0'),
 ('207041','8766','1000','197','175','0','0','0','0','0','4','0'),
 ('207041','8770','1000','197','190','0','0','0','0','0','4','0'),
 ('207041','8772','1000','197','175','0','0','0','0','0','4','0'),
 ('207041','8774','1000','197','180','0','0','0','0','0','4','0'),
 ('207041','8776','50','197','15','0','0','0','0','0','4','0'),
 ('207041','8791','2500','197','185','0','0','0','0','0','4','0'),
 ('207041','8799','3000','197','195','0','0','0','0','0','4','0'),
 ('207041','8804','5000','197','210','0','0','0','0','0','4','0'),
 ('207041','12045','50','197','20','0','0','0','0','0','4','0'),
 ('207041','12046','300','197','75','0','0','0','0','0','4','0'),
 ('207041','12048','4000','197','205','0','0','0','0','0','4','0'),
 ('207041','12049','4000','197','205','0','0','0','0','0','4','0'),
 ('207041','12050','4000','197','210','0','0','0','0','0','4','0'),
 ('207041','12053','5000','197','215','0','0','0','0','0','4','0'),
 ('207041','12061','2500','197','215','0','0','0','0','0','4','0'),
 ('207041','12065','5000','197','225','0','0','0','0','0','4','0'),
 ('207041','12067','5000','197','225','0','0','0','0','0','4','0'),
 ('207041','12069','5000','197','225','0','0','0','0','0','4','0'),
 ('207041','12070','5000','197','225','0','0','0','0','0','4','0'),
 ('207041','12072','6000','197','230','0','0','0','0','0','4','0'),
 ('207041','12073','6000','197','230','0','0','0','0','0','4','0'),
 ('207041','12074','6000','197','230','0','0','0','0','0','4','0'),
 ('207041','12077','5000','197','235','0','0','0','0','0','4','0'),
 ('207041','12079','6500','197','235','0','0','0','0','0','4','0'),
 ('207041','12088','7500','197','245','0','0','0','0','0','4','0'),
 ('207041','12092','7500','197','250','0','0','0','0','0','4','0'),
 ('207041','12180','50000','197','200','0','0','0','35','0','4','0'),
 ('207041','18401','10000','197','250','0','0','0','0','0','4','0'),
 ('207041','18402','10000','197','255','0','0','0','0','0','4','0'),
 ('207041','18403','10000','197','255','0','0','0','0','0','4','0'),
 ('207041','18406','10000','197','260','0','0','0','0','0','4','0'),
 ('207041','18407','10000','197','260','0','0','0','0','0','4','0'),
 ('207041','18409','10000','197','265','0','0','0','0','0','4','0'),
 ('207041','18410','10000','197','265','0','0','0','0','0','4','0'),
 ('207041','18411','10000','197','265','0','0','0','0','0','4','0'),
 ('207041','18413','10000','197','270','0','0','0','0','0','4','0'),
 ('207041','18414','10000','197','270','0','0','0','0','0','4','0'),
 ('207041','18415','10000','197','270','0','0','0','0','0','4','0'),
 ('207041','18416','12500','197','275','0','0','0','0','0','4','0'),
 ('207041','18417','12500','197','275','0','0','0','0','0','4','0'),
 ('207041','18420','12500','197','275','0','0','0','0','0','4','0'),
 ('207041','18421','12500','197','275','0','0','0','0','0','4','0'),
 ('207041','18423','15000','197','280','0','0','0','0','0','4','0'),
 ('207041','18424','15000','197','280','0','0','0','0','0','4','0'),
 ('207041','18437','15000','197','285','0','0','0','0','0','4','0'),
 ('207041','18438','15000','197','285','0','0','0','0','0','4','0'),
 ('207041','18441','15000','197','290','0','0','0','0','0','4','0'),
 ('207041','18442','15000','197','290','0','0','0','0','0','4','0'),
 ('207041','18444','15000','197','295','0','0','0','0','0','4','0'),
 ('207041','18446','15000','197','300','0','0','0','0','0','4','0'),
 ('207041','18449','15000','197','300','0','0','0','0','0','4','0'),
 ('207041','18450','15000','197','300','0','0','0','0','0','4','0'),
 ('207041','18451','15000','197','300','0','0','0','0','0','4','0'),
 ('207041','18453','15000','197','300','0','0','0','0','0','4','0'),
 ('209953','33388','350000','0','0','0','0','0','30','0','4','0'),
 ('209953','33391','6000000','762','75','0','0','0','60','0','4','0'),
 ('209954','33388','350000','0','0','0','0','0','30','0','4','0'),
 ('209954','33391','6000000','762','0','0','0','0','60','0','4','0'),
 ('212089','4195','100','0','0','0','0','0','10','0','4','0'),
 ('212089','4196','1200','0','0','0','0','0','12','0','4','0'),
 ('212089','4197','4000','0','0','0','0','0','18','0','4','0'),
 ('212089','4198','14000','0','0','0','0','0','24','0','4','0'),
 ('212089','4199','16000','0','0','0','0','0','30','0','4','0'),
 ('212089','4200','28000','0','0','0','0','0','36','0','4','0'),
 ('212089','4201','48000','0','0','0','0','0','42','0','4','0'),
 ('212089','4202','64000','0','0','0','0','0','48','0','4','0'),
 ('212089','5048','84000','0','0','0','0','0','54','0','4','0'),
 ('212089','5049','100000','0','0','0','0','0','60','0','4','0'),
 ('212089','14923','4000','0','0','0','0','0','20','0','4','0'),
 ('212089','14924','16000','0','0','0','0','0','30','0','4','0'),
 ('212089','14925','36000','0','0','0','0','0','40','0','4','0'),
 ('212089','14926','72000','0','0','0','0','0','50','0','4','0'),
 ('212089','14927','100000','0','0','0','0','0','60','0','4','0'),
 ('212089','24440','4400','0','0','0','0','0','20','0','4','0'),
 ('212089','24441','16000','0','0','0','0','0','30','0','4','0'),
 ('212089','24463','36000','0','0','0','0','0','40','0','4','0'),
 ('212089','24464','72000','0','0','0','0','0','50','0','4','0'),
 ('212089','24475','4400','0','0','0','0','0','20','0','4','0'),
 ('212089','24476','16000','0','0','0','0','0','30','0','4','0'),
 ('212089','24477','36000','0','0','0','0','0','40','0','4','0'),
 ('212089','24478','72000','0','0','0','0','0','50','0','4','0'),
 ('212089','24490','4400','0','0','0','0','0','20','0','4','0'),
 ('212089','24494','4400','0','0','0','0','0','20','0','4','0'),
 ('212089','24495','4400','0','0','0','0','0','20','0','4','0'),
 ('212089','24508','16000','0','0','0','0','0','30','0','4','0'),
 ('212089','24509','36000','0','0','0','0','0','40','0','4','0'),
 ('212089','24510','72000','0','0','0','0','0','50','0','4','0'),
 ('212089','24511','16000','0','0','0','0','0','30','0','4','0'),
 ('212089','24512','36000','0','0','0','0','0','40','0','4','0'),
 ('212089','24513','72000','0','0','0','0','0','50','0','4','0'),
 ('212089','24514','16000','0','0','0','0','0','30','0','4','0'),
 ('212089','24515','36000','0','0','0','0','0','40','0','4','0'),
 ('212089','24516','72000','0','0','0','0','0','50','0','4','0'),
 ('212089','24547','100','0','0','0','0','0','10','0','4','0'),
 ('212089','24556','1200','0','0','0','0','0','12','0','4','0'),
 ('212089','24557','4000','0','0','0','0','0','18','0','4','0'),
 ('212089','24558','14000','0','0','0','0','0','24','0','4','0'),
 ('212089','24559','16000','0','0','0','0','0','30','0','4','0'),
 ('212089','24560','28000','0','0','0','0','0','36','0','4','0'),
 ('212089','24561','48000','0','0','0','0','0','42','0','4','0'),
 ('212089','24562','64000','0','0','0','0','0','48','0','4','0'),
 ('212089','24631','84000','0','0','0','0','0','54','0','4','0'),
 ('212089','24632','100000','0','0','0','0','0','60','0','4','0'),
 ('212089','25077','2500','0','0','0','0','0','30','0','4','0'),
 ('212089','27344','100000','0','0','0','0','0','70','0','4','0'),
 ('212089','27350','100000','0','0','0','0','0','60','0','4','0'),
 ('212089','27351','100000','0','0','0','0','0','60','0','4','0'),
 ('212089','27352','100000','0','0','0','0','0','60','0','4','0'),
 ('212089','27353','100000','0','0','0','0','0','60','0','4','0'),
 ('212089','27354','100000','0','0','0','0','0','60','0','4','0'),
 ('212089','27362','2700','0','0','0','0','0','70','0','4','0'),
 ('212089','27364','100000','0','0','0','0','0','70','0','4','0'),
 ('212089','35699','3000','0','0','0','0','0','30','0','4','0'),
 ('212089','35700','10000','0','0','0','0','0','30','0','4','0'),
 ('212090','4195','100','0','0','0','0','0','10','0','4','0'),
 ('212090','4196','1200','0','0','0','0','0','12','0','4','0'),
 ('212090','4197','4000','0','0','0','0','0','18','0','4','0'),
 ('212090','4198','14000','0','0','0','0','0','24','0','4','0'),
 ('212090','4199','16000','0','0','0','0','0','30','0','4','0'),
 ('212090','4200','28000','0','0','0','0','0','36','0','4','0'),
 ('212090','4201','48000','0','0','0','0','0','42','0','4','0'),
 ('212090','4202','64000','0','0','0','0','0','48','0','4','0'),
 ('212090','5048','84000','0','0','0','0','0','54','0','4','0'),
 ('212090','5049','100000','0','0','0','0','0','60','0','4','0'),
 ('212090','14923','4000','0','0','0','0','0','20','0','4','0'),
 ('212090','14924','16000','0','0','0','0','0','30','0','4','0'),
 ('212090','14925','36000','0','0','0','0','0','40','0','4','0'),
 ('212090','14926','72000','0','0','0','0','0','50','0','4','0'),
 ('212090','14927','100000','0','0','0','0','0','60','0','4','0'),
 ('212090','24440','4400','0','0','0','0','0','20','0','4','0'),
 ('212090','24441','16000','0','0','0','0','0','30','0','4','0'),
 ('212090','24463','36000','0','0','0','0','0','40','0','4','0'),
 ('212090','24464','72000','0','0','0','0','0','50','0','4','0'),
 ('212090','24475','4400','0','0','0','0','0','20','0','4','0'),
 ('212090','24476','16000','0','0','0','0','0','30','0','4','0'),
 ('212090','24477','36000','0','0','0','0','0','40','0','4','0'),
 ('212090','24478','72000','0','0','0','0','0','50','0','4','0'),
 ('212090','24490','4400','0','0','0','0','0','20','0','4','0'),
 ('212090','24494','4400','0','0','0','0','0','20','0','4','0'),
 ('212090','24495','4400','0','0','0','0','0','20','0','4','0'),
 ('212090','24508','16000','0','0','0','0','0','30','0','4','0'),
 ('212090','24509','36000','0','0','0','0','0','40','0','4','0'),
 ('212090','24510','72000','0','0','0','0','0','50','0','4','0'),
 ('212090','24511','16000','0','0','0','0','0','30','0','4','0'),
 ('212090','24512','36000','0','0','0','0','0','40','0','4','0'),
 ('212090','24513','72000','0','0','0','0','0','50','0','4','0'),
 ('212090','24514','16000','0','0','0','0','0','30','0','4','0'),
 ('212090','24515','36000','0','0','0','0','0','40','0','4','0'),
 ('212090','24516','72000','0','0','0','0','0','50','0','4','0'),
 ('212090','24547','100','0','0','0','0','0','10','0','4','0'),
 ('212090','24556','1200','0','0','0','0','0','12','0','4','0'),
 ('212090','24557','4000','0','0','0','0','0','18','0','4','0'),
 ('212090','24558','14000','0','0','0','0','0','24','0','4','0'),
 ('212090','24559','16000','0','0','0','0','0','30','0','4','0'),
 ('212090','24560','28000','0','0','0','0','0','36','0','4','0'),
 ('212090','24561','48000','0','0','0','0','0','42','0','4','0'),
 ('212090','24562','64000','0','0','0','0','0','48','0','4','0'),
 ('212090','24631','84000','0','0','0','0','0','54','0','4','0'),
 ('212090','24632','100000','0','0','0','0','0','60','0','4','0'),
 ('212090','25077','2500','0','0','0','0','0','30','0','4','0'),
 ('212090','27344','100000','0','0','0','0','0','70','0','4','0'),
 ('212090','27350','100000','0','0','0','0','0','60','0','4','0'),
 ('212090','27351','100000','0','0','0','0','0','60','0','4','0'),
 ('212090','27352','100000','0','0','0','0','0','60','0','4','0'),
 ('212090','27353','100000','0','0','0','0','0','60','0','4','0'),
 ('212090','27354','100000','0','0','0','0','0','60','0','4','0'),
 ('212090','27362','2700','0','0','0','0','0','70','0','4','0'),
 ('212090','27364','100000','0','0','0','0','0','70','0','4','0'),
 ('212090','35699','3000','0','0','0','0','0','30','0','4','0'),
 ('212090','35700','10000','0','0','0','0','0','30','0','4','0'),
 ('213048','3915','25','197','1','0','0','0','0','0','4','0'),
 ('213048','12044','30','197','1','0','0','0','0','0','4','0'),
 ('213050','3915','25','197','1','0','0','0','0','0','4','0'),
 ('213050','12044','30','197','1','0','0','0','0','0','4','0'),
 ('213051','3915','25','197','1','0','0','0','0','0','4','0'),
 ('213051','12044','30','197','1','0','0','0','0','0','4','0'),
 ('214920','3273','100','0','0','0','0','0','5','0','4','0'),
 ('214920','3274','500','129','50','0','0','0','10','0','4','0'),
 ('214920','10841','20000','129','240','0','0','0','0','0','4','0'),
 ('214920','18629','30000','129','260','0','0','0','0','0','4','0'),
 ('214920','18630','50000','129','290','0','0','0','0','0','4','0'),
 ('214939','3273','100','0','0','0','0','0','5','0','4','0'),
 ('214939','3274','500','129','50','0','0','0','10','0','4','0'),
 ('214939','10841','20000','129','240','0','0','0','0','0','4','0'),
 ('214939','18629','30000','129','260','0','0','0','0','0','4','0'),
 ('214939','18630','50000','129','290','0','0','0','0','0','4','0'),
 ('218000','2385','50','197','10','0','0','0','0','0','4','0'),
 ('218000','2386','200','197','65','0','0','0','0','0','4','0'),
 ('218000','2392','50','197','40','0','0','0','0','0','4','0'),
 ('218000','2393','25','197','1','0','0','0','0','0','4','0'),
 ('218000','2394','50','197','40','0','0','0','0','0','4','0'),
 ('218000','2395','300','197','70','0','0','0','0','0','4','0'),
 ('218000','2396','200','197','70','0','0','0','0','0','4','0'),
 ('218000','2397','200','197','60','0','0','0','0','0','4','0'),
 ('218000','2399','300','197','85','0','0','0','0','0','4','0'),
 ('218000','2401','300','197','95','0','0','0','0','0','4','0'),
 ('218000','2402','250','197','75','0','0','0','0','0','4','0'),
 ('218000','2406','200','197','100','0','0','0','0','0','4','0'),
 ('218000','2964','100','197','75','0','0','0','0','0','4','0'),
 ('218000','3755','100','197','45','0','0','0','0','0','4','0'),
 ('218000','3757','200','197','80','0','0','0','0','0','4','0'),
 ('218000','3813','800','197','150','0','0','0','0','0','4','0'),
 ('218000','3839','500','197','125','0','0','0','0','0','4','0'),
 ('218000','3840','100','197','35','0','0','0','0','0','4','0'),
 ('218000','3841','200','197','60','0','0','0','0','0','4','0'),
 ('218000','3842','300','197','70','0','0','0','0','0','4','0'),
 ('218000','3843','400','197','85','0','0','0','0','0','4','0'),
 ('218000','3845','300','197','80','0','0','0','0','0','4','0'),
 ('218000','3848','500','197','110','0','0','0','0','0','4','0'),
 ('218000','3850','500','197','110','0','0','0','0','0','4','0'),
 ('218000','3852','750','197','130','0','0','0','0','0','4','0'),
 ('218000','3855','750','197','125','0','0','0','0','0','4','0'),
 ('218000','3859','750','197','150','0','0','0','0','0','4','0'),
 ('218000','3861','1000','197','185','0','0','0','0','0','4','0'),
 ('218000','3865','1000','197','175','0','0','0','0','0','4','0'),
 ('218000','3866','250','197','110','0','0','0','0','0','4','0'),
 ('218000','3871','500','197','170','0','0','0','0','0','4','0'),
 ('218000','3908','10','0','0','0','0','0','5','0','4','0'),
 ('218000','3909','500','197','50','0','0','0','10','0','4','0'),
 ('218000','3910','5000','197','125','0','0','0','20','0','4','0'),
 ('218000','3914','50','197','30','0','0','0','0','0','4','0'),
 ('218000','6521','400','197','90','0','0','0','0','0','4','0'),
 ('218000','6690','1000','197','135','0','0','0','0','0','4','0'),
 ('218000','7623','50','197','30','0','0','0','0','0','4','0'),
 ('218000','7624','50','197','30','0','0','0','0','0','4','0'),
 ('218000','8465','50','197','40','0','0','0','0','0','4','0'),
 ('218000','8467','250','197','110','0','0','0','0','0','4','0'),
 ('218000','8483','500','197','160','0','0','0','0','0','4','0'),
 ('218000','8489','750','197','175','0','0','0','0','0','4','0'),
 ('218000','8758','600','197','140','0','0','0','0','0','4','0'),
 ('218000','8760','600','197','145','0','0','0','0','0','4','0'),
 ('218000','8762','750','197','160','0','0','0','0','0','4','0'),
 ('218000','8764','900','197','170','0','0','0','0','0','4','0'),
 ('218000','8766','1000','197','175','0','0','0','0','0','4','0'),
 ('218000','8770','1000','197','190','0','0','0','0','0','4','0'),
 ('218000','8772','1000','197','175','0','0','0','0','0','4','0'),
 ('218000','8774','1000','197','180','0','0','0','0','0','4','0'),
 ('218000','8776','50','197','15','0','0','0','0','0','4','0'),
 ('218000','8791','2500','197','185','0','0','0','0','0','4','0'),
 ('218000','8799','3000','197','195','0','0','0','0','0','4','0'),
 ('218000','8804','5000','197','210','0','0','0','0','0','4','0'),
 ('218000','12045','50','197','20','0','0','0','0','0','4','0'),
 ('218000','12046','300','197','75','0','0','0','0','0','4','0'),
 ('218000','12048','4000','197','205','0','0','0','0','0','4','0'),
 ('218000','12049','4000','197','205','0','0','0','0','0','4','0'),
 ('218000','12050','4000','197','210','0','0','0','0','0','4','0'),
 ('218000','12053','5000','197','215','0','0','0','0','0','4','0'),
 ('218000','12061','2500','197','215','0','0','0','0','0','4','0'),
 ('218000','12065','5000','197','225','0','0','0','0','0','4','0'),
 ('218000','12067','5000','197','225','0','0','0','0','0','4','0'),
 ('218000','12069','5000','197','225','0','0','0','0','0','4','0'),
 ('218000','12070','5000','197','225','0','0','0','0','0','4','0'),
 ('218000','12072','6000','197','230','0','0','0','0','0','4','0'),
 ('218000','12073','6000','197','230','0','0','0','0','0','4','0'),
 ('218000','12074','6000','197','230','0','0','0','0','0','4','0'),
 ('218000','12077','5000','197','235','0','0','0','0','0','4','0'),
 ('218000','12079','6500','197','235','0','0','0','0','0','4','0'),
 ('218000','12088','7500','197','245','0','0','0','0','0','4','0'),
 ('218000','12092','7500','197','250','0','0','0','0','0','4','0'),
 ('218000','12180','50000','197','200','0','0','0','35','0','4','0'),
 ('218000','18401','10000','197','250','0','0','0','0','0','4','0'),
 ('218000','18402','10000','197','255','0','0','0','0','0','4','0'),
 ('218000','18403','10000','197','255','0','0','0','0','0','4','0'),
 ('218000','18406','10000','197','260','0','0','0','0','0','4','0'),
 ('218000','18407','10000','197','260','0','0','0','0','0','4','0'),
 ('218000','18409','10000','197','265','0','0','0','0','0','4','0'),
 ('218000','18410','10000','197','265','0','0','0','0','0','4','0'),
 ('218000','18411','10000','197','265','0','0','0','0','0','4','0'),
 ('218000','18413','10000','197','270','0','0','0','0','0','4','0'),
 ('218000','18414','10000','197','270','0','0','0','0','0','4','0'),
 ('218000','18415','10000','197','270','0','0','0','0','0','4','0'),
 ('218000','18416','12500','197','275','0','0','0','0','0','4','0'),
 ('218000','18417','12500','197','275','0','0','0','0','0','4','0'),
 ('218000','18420','12500','197','275','0','0','0','0','0','4','0'),
 ('218000','18421','12500','197','275','0','0','0','0','0','4','0'),
 ('218000','18423','15000','197','280','0','0','0','0','0','4','0'),
 ('218000','18424','15000','197','280','0','0','0','0','0','4','0'),
 ('218000','18437','15000','197','285','0','0','0','0','0','4','0'),
 ('218000','18438','15000','197','285','0','0','0','0','0','4','0'),
 ('218000','18441','15000','197','290','0','0','0','0','0','4','0'),
 ('218000','18442','15000','197','290','0','0','0','0','0','4','0'),
 ('218000','18444','15000','197','295','0','0','0','0','0','4','0'),
 ('218000','18446','15000','197','300','0','0','0','0','0','4','0'),
 ('218000','18449','15000','197','300','0','0','0','0','0','4','0'),
 ('218000','18450','15000','197','300','0','0','0','0','0','4','0'),
 ('218000','18451','15000','197','300','0','0','0','0','0','4','0'),
 ('218000','18453','15000','197','300','0','0','0','0','0','4','0'),
 ('218190','7411','10','0','0','0','0','0','5','0','4','0'),
 ('218190','7412','500','333','50','0','0','0','10','0','4','0'),
 ('218190','7413','5000','333','125','0','0','0','20','0','4','0'),
 ('218190','7420','50','333','15','0','0','0','0','0','4','0'),
 ('218190','7426','100','333','40','0','0','0','0','0','4','0'),
 ('218190','7454','100','333','45','0','0','0','0','0','4','0'),
 ('218190','7457','250','333','50','0','0','0','0','0','4','0'),
 ('218190','7745','500','333','100','0','0','0','0','0','4','0'),
 ('218190','7748','250','333','60','0','0','0','0','0','4','0'),
 ('218190','7771','200','333','70','0','0','0','0','0','4','0'),
 ('218190','7779','400','333','80','0','0','0','0','0','4','0'),
 ('218190','7788','500','333','90','0','0','0','0','0','4','0'),
 ('218190','7795','1000','333','100','0','0','0','0','0','4','0'),
 ('218190','7857','1000','333','120','0','0','0','0','0','4','0'),
 ('218190','7861','1250','333','125','0','0','0','0','0','4','0'),
 ('218190','7863','1400','333','125','0','0','0','0','0','4','0'),
 ('218190','13378','600','333','105','0','0','0','0','0','4','0'),
 ('218190','13421','800','333','115','0','0','0','0','0','4','0'),
 ('218190','13485','1500','333','130','0','0','0','0','0','4','0'),
 ('218190','13501','1500','333','130','0','0','0','0','0','4','0'),
 ('218190','13503','2000','333','140','0','0','0','0','0','4','0'),
 ('218190','13529','2400','333','145','0','0','0','0','0','4','0'),
 ('218190','13538','2500','333','140','0','0','0','0','0','4','0'),
 ('218190','13607','2400','333','145','0','0','0','0','0','4','0'),
 ('218190','13622','2500','333','150','0','0','0','0','0','4','0'),
 ('218190','13626','2500','333','150','0','0','0','0','0','4','0'),
 ('218190','13628','2500','333','150','0','0','0','0','0','4','0'),
 ('218190','13631','2600','333','155','0','0','0','0','0','4','0'),
 ('218190','13635','2600','333','155','0','0','0','0','0','4','0'),
 ('218190','13637','2800','333','160','0','0','0','0','0','4','0'),
 ('218190','13640','2700','333','160','0','0','0','0','0','4','0'),
 ('218190','13642','2800','333','165','0','0','0','0','0','4','0'),
 ('218190','13644','2800','333','170','0','0','0','0','0','4','0'),
 ('218190','13648','2800','333','170','0','0','0','0','0','4','0'),
 ('218190','13657','3000','333','175','0','0','0','0','0','4','0'),
 ('218190','13659','3200','333','180','0','0','0','0','0','4','0'),
 ('218190','13661','3600','333','180','0','0','0','0','0','4','0'),
 ('218190','13663','3800','333','185','0','0','0','0','0','4','0'),
 ('218190','13693','4000','333','195','0','0','0','0','0','4','0'),
 ('218190','13695','4000','333','200','0','0','0','0','0','4','0'),
 ('218190','13700','4000','333','200','0','0','0','0','0','4','0'),
 ('218190','13702','4000','333','200','0','0','0','0','0','4','0'),
 ('218190','13746','4200','333','205','0','0','0','0','0','4','0'),
 ('218190','13794','4200','333','205','0','0','0','0','0','4','0'),
 ('218190','13815','4400','333','210','0','0','0','0','0','4','0'),
 ('218190','13822','4400','333','210','0','0','0','0','0','4','0'),
 ('218190','13836','4600','333','215','0','0','0','0','0','4','0'),
 ('218190','13858','4800','333','220','0','0','0','0','0','4','0'),
 ('218190','13887','5000','333','225','0','0','0','0','0','4','0'),
 ('218190','13890','5000','333','225','0','0','0','0','0','4','0'),
 ('218190','13905','5400','333','230','0','0','0','0','0','4','0'),
 ('218190','13917','5400','333','230','0','0','0','0','0','4','0'),
 ('218190','13920','50000','333','200','0','0','0','35','0','4','0'),
 ('218190','13935','5800','333','235','0','0','0','0','0','4','0'),
 ('218190','13937','6200','333','240','0','0','0','0','0','4','0'),
 ('218190','13939','6200','333','240','0','0','0','0','0','4','0'),
 ('218190','13941','6200','333','245','0','0','0','0','0','4','0'),
 ('218190','13943','6200','333','245','0','0','0','0','0','4','0'),
 ('218190','13948','6500','333','250','0','0','0','0','0','4','0'),
 ('218190','14293','50','333','10','0','0','0','0','0','4','0'),
 ('218190','14807','200','333','70','0','0','0','0','0','4','0'),
 ('218190','14809','2600','333','155','0','0','0','0','0','4','0'),
 ('218190','14810','3000','333','175','0','0','0','0','0','4','0'),
 ('218190','17180','10000','333','250','0','0','0','0','0','4','0'),
 ('218190','17181','10000','333','250','0','0','0','0','0','4','0'),
 ('218190','20008','10000','333','255','0','0','0','0','0','4','0'),
 ('218190','20012','10000','333','270','0','0','0','0','0','4','0'),
 ('218190','20013','20000','333','295','0','0','0','0','0','4','0'),
 ('218190','20014','10000','333','265','0','0','0','0','0','4','0'),
 ('218190','20016','15000','333','280','0','0','0','0','0','4','0'),
 ('218190','20023','20000','333','295','0','0','0','0','0','4','0'),
 ('218190','20028','15000','333','290','0','0','0','0','0','4','0'),
 ('218265','2018','10','0','0','0','0','0','5','0','4','0'),
 ('218265','2661','100','164','35','0','0','0','0','0','4','0'),
 ('218265','2662','50','164','1','0','0','0','0','0','4','0'),
 ('218265','2664','500','164','90','0','0','0','0','0','4','0'),
 ('218265','2665','100','164','65','0','0','0','0','0','4','0'),
 ('218265','2666','200','164','70','0','0','0','0','0','4','0'),
 ('218265','2668','300','164','105','0','0','0','0','0','4','0'),
 ('218265','2670','500','164','105','0','0','0','0','0','4','0'),
 ('218265','2672','500','164','120','0','0','0','0','0','4','0'),
 ('218265','2674','1000','164','125','0','0','0','0','0','4','0'),
 ('218265','2675','1000','164','145','0','0','0','0','0','4','0'),
 ('218265','2737','50','164','15','0','0','0','0','0','4','0'),
 ('218265','2738','50','164','20','0','0','0','0','0','4','0'),
 ('218265','2739','50','164','25','0','0','0','0','0','4','0'),
 ('218265','2740','200','164','110','0','0','0','0','0','4','0'),
 ('218265','2741','200','164','115','0','0','0','0','0','4','0'),
 ('218265','2742','200','164','120','0','0','0','0','0','4','0'),
 ('218265','3100','500','164','50','0','0','0','10','0','4','0'),
 ('218265','3116','100','164','65','0','0','0','0','0','4','0'),
 ('218265','3117','1000','164','125','0','0','0','0','0','4','0'),
 ('218265','3292','500','164','95','0','0','0','0','0','4','0'),
 ('218265','3293','250','164','35','0','0','0','0','0','4','0'),
 ('218265','3294','500','164','70','0','0','0','0','0','4','0'),
 ('218265','3296','1000','164','130','0','0','0','0','0','4','0'),
 ('218265','3319','50','164','20','0','0','0','0','0','4','0'),
 ('218265','3320','100','164','25','0','0','0','0','0','4','0'),
 ('218265','3323','100','164','40','0','0','0','0','0','4','0'),
 ('218265','3324','200','164','45','0','0','0','0','0','4','0'),
 ('218265','3326','250','164','75','0','0','0','0','0','4','0'),
 ('218265','3328','500','164','110','0','0','0','0','0','4','0'),
 ('218265','3331','500','164','130','0','0','0','0','0','4','0'),
 ('218265','3333','1000','164','135','0','0','0','0','0','4','0'),
 ('218265','3337','1000','164','125','0','0','0','0','0','4','0'),
 ('218265','3491','600','164','105','0','0','0','0','0','4','0'),
 ('218265','3501','1000','164','165','0','0','0','0','0','4','0'),
 ('218265','3502','1250','164','170','0','0','0','0','0','4','0'),
 ('218265','3506','5000','164','155','0','0','0','0','0','4','0'),
 ('218265','3508','7500','164','180','0','0','0','0','0','4','0'),
 ('218265','3538','5000','164','125','0','0','0','20','0','4','0'),
 ('218265','6517','800','164','110','0','0','0','0','0','4','0'),
 ('218265','7223','1000','164','185','0','0','0','0','0','4','0'),
 ('218265','7408','300','164','65','0','0','0','0','0','4','0'),
 ('218265','7817','200','164','95','0','0','0','0','0','4','0'),
 ('218265','7818','100','164','100','0','0','0','0','0','4','0'),
 ('218265','8768','250','164','150','0','0','0','0','0','4','0'),
 ('218265','8880','100','164','30','0','0','0','0','0','4','0'),
 ('218265','9785','50000','164','200','0','0','0','35','0','4','0'),
 ('218265','9916','2500','164','200','0','0','0','0','0','4','0'),
 ('218265','9918','2500','164','200','0','0','0','0','0','4','0'),
 ('218265','9920','2500','164','200','0','0','0','0','0','4','0'),
 ('218265','9921','2500','164','200','0','0','0','0','0','4','0'),
 ('218265','9926','5000','164','205','0','0','0','0','0','4','0'),
 ('218265','9928','5000','164','205','0','0','0','0','0','4','0'),
 ('218265','9931','5000','164','210','0','0','0','0','0','4','0'),
 ('218265','9935','5000','164','215','0','0','0','0','0','4','0'),
 ('218265','9959','15000','164','230','0','0','0','0','0','4','0'),
 ('218265','9961','15000','164','230','0','0','0','0','0','4','0'),
 ('218265','9968','20000','164','235','0','0','0','0','0','4','0'),
 ('218265','9983','100','164','30','0','0','0','0','0','4','0'),
 ('218265','9985','250','164','125','0','0','0','0','0','4','0'),
 ('218265','9986','500','164','130','0','0','0','0','0','4','0'),
 ('218265','9987','500','164','135','0','0','0','0','0','4','0'),
 ('218265','9993','10000','164','210','0','0','0','0','0','4','0'),
 ('218265','10001','15000','164','230','0','0','0','0','0','4','0'),
 ('218265','14379','250','164','150','0','0','0','0','0','4','0'),
 ('218265','14380','2500','164','200','0','0','0','0','0','4','0'),
 ('218265','15972','7500','164','180','0','0','0','0','0','4','0'),
 ('218265','16639','10000','164','250','0','0','0','0','0','4','0'),
 ('218265','16640','10000','164','250','0','0','0','0','0','4','0'),
 ('218265','16641','10000','164','250','0','0','0','0','0','4','0'),
 ('218265','19666','100','164','100','0','0','0','0','0','4','0'),
 ('218265','19667','250','164','150','0','0','0','0','0','4','0'),
 ('218265','19668','2500','164','200','0','0','0','0','0','4','0'),
 ('218265','19669','10000','164','275','0','0','0','0','0','4','0'),
 ('218265','20201','10000','164','275','0','0','0','0','0','4','0'),
 ('218265','34979','600','164','100','0','0','0','0','0','4','0'),
 ('218265','34981','7500','164','200','0','0','0','0','0','4','0'),
 ('218265','34982','10000','164','300','0','0','0','0','0','4','0'),
 ('218271','1853','100','261','0','0','0','0','0','0','4','0'),
 ('218271','4195','100','0','0','0','0','0','1','0','4','0'),
 ('218271','4196','1200','0','0','0','0','0','12','0','4','0'),
 ('218271','4197','4000','0','0','0','0','0','18','0','4','0'),
 ('218271','4198','14000','0','0','0','0','0','24','0','4','0'),
 ('218271','4199','16000','0','0','0','0','0','30','0','4','0'),
 ('218271','4200','28000','0','0','0','0','0','36','0','4','0'),
 ('218271','4201','48000','0','0','0','0','0','42','0','4','0'),
 ('218271','4202','64000','0','0','0','0','0','48','0','4','0'),
 ('218271','5048','84000','0','0','0','0','0','54','0','4','0'),
 ('218271','5049','100000','0','0','0','0','0','60','0','4','0'),
 ('218271','14922','100','261','0','0','0','0','0','0','4','0'),
 ('218271','14923','4000','261','0','0','0','0','20','0','4','0'),
 ('218271','14924','16000','261','0','0','0','0','30','0','4','0'),
 ('218271','14925','36000','261','0','0','0','0','40','0','4','0'),
 ('218271','14926','72000','261','0','0','0','0','50','0','4','0'),
 ('218271','14927','100000','261','0','0','0','0','60','0','4','0'),
 ('218271','24440','4400','0','0','0','0','0','20','0','4','0'),
 ('218271','24441','16000','0','0','0','0','0','30','0','4','0'),
 ('218271','24463','36000','0','0','0','0','0','40','0','4','0'),
 ('218271','24464','72000','0','0','0','0','0','50','0','4','0'),
 ('218271','24475','4400','0','0','0','0','0','20','0','4','0'),
 ('218271','24476','16000','0','0','0','0','0','30','0','4','0'),
 ('218271','24477','36000','0','0','0','0','0','40','0','4','0'),
 ('218271','24478','72000','0','0','0','0','0','50','0','4','0'),
 ('218271','24490','4400','0','0','0','0','0','20','0','4','0'),
 ('218271','24494','4400','0','0','0','0','0','20','0','4','0'),
 ('218271','24495','4400','0','0','0','0','0','20','0','4','0'),
 ('218271','24508','16000','0','0','0','0','0','30','0','4','0'),
 ('218271','24509','36000','0','0','0','0','0','40','0','4','0'),
 ('218271','24510','72000','0','0','0','0','0','50','0','4','0'),
 ('218271','24511','16000','0','0','0','0','0','30','0','4','0'),
 ('218271','24512','36000','0','0','0','0','0','40','0','4','0'),
 ('218271','24513','72000','0','0','0','0','0','50','0','4','0'),
 ('218271','24514','16000','0','0','0','0','0','30','0','4','0'),
 ('218271','24515','36000','0','0','0','0','0','40','0','4','0'),
 ('218271','24516','72000','0','0','0','0','0','40','0','4','0'),
 ('218271','24547','10','0','0','0','0','0','1','0','4','0'),
 ('218271','24556','1200','0','0','0','0','0','12','0','4','0'),
 ('218271','24557','4000','0','0','0','0','0','18','0','4','0'),
 ('218271','24558','14000','0','0','0','0','0','24','0','4','0'),
 ('218271','24559','16000','0','0','0','0','0','30','0','4','0'),
 ('218271','24560','28000','0','0','0','0','0','36','0','4','0'),
 ('218271','24561','48000','0','0','0','0','0','42','0','4','0'),
 ('218271','24562','64000','0','0','0','0','0','48','0','4','0'),
 ('218271','24631','84000','0','0','0','0','0','54','0','4','0'),
 ('218271','24632','100000','0','0','0','0','0','60','0','4','0'),
 ('218271','25077','2500','0','0','0','0','0','30','0','4','0'),
 ('218271','27344','120000','0','0','0','0','0','70','0','4','0'),
 ('218271','27350','100000','0','0','0','0','0','60','0','4','0'),
 ('218271','27351','100000','0','0','0','0','0','60','0','4','0'),
 ('218271','27352','100000','0','0','0','0','0','60','0','4','0'),
 ('218271','27353','100000','0','0','0','0','0','60','0','4','0'),
 ('218271','27354','100000','0','0','0','0','0','60','0','4','0'),
 ('218271','27362','2700','0','0','0','0','0','70','0','4','0'),
 ('218271','27364','100000','0','0','0','0','0','70','0','4','0'),
 ('218271','35699','3000','0','0','0','0','0','30','0','4','0'),
 ('218271','35700','10000','0','0','0','0','0','30','0','4','0'),
 ('218280','33388','350000','0','0','0','0','0','30','0','4','0'),
 ('218280','33391','6000000','762','0','0','0','0','60','0','4','0'),
 ('218639','3915','25','197','1','0','0','0','0','0','4','0'),
 ('218639','12044','30','197','1','0','0','0','0','0','4','0'),
 ('218675','1853','100','261','0','0','0','0','0','0','4','0'),
 ('218675','4195','100','0','0','0','0','0','1','0','4','0'),
 ('218675','4196','1200','0','0','0','0','0','12','0','4','0'),
 ('218675','4197','4000','0','0','0','0','0','18','0','4','0'),
 ('218675','4198','14000','0','0','0','0','0','24','0','4','0'),
 ('218675','4199','16000','0','0','0','0','0','30','0','4','0'),
 ('218675','4200','28000','0','0','0','0','0','36','0','4','0'),
 ('218675','4201','48000','0','0','0','0','0','42','0','4','0'),
 ('218675','4202','64000','0','0','0','0','0','48','0','4','0'),
 ('218675','5048','84000','0','0','0','0','0','54','0','4','0'),
 ('218675','5049','100000','0','0','0','0','0','60','0','4','0'),
 ('218675','14922','100','261','0','0','0','0','0','0','4','0'),
 ('218675','14923','4000','261','0','0','0','0','20','0','4','0'),
 ('218675','14924','16000','261','0','0','0','0','30','0','4','0'),
 ('218675','14925','36000','261','0','0','0','0','40','0','4','0'),
 ('218675','14926','72000','261','0','0','0','0','50','0','4','0'),
 ('218675','14927','100000','261','0','0','0','0','60','0','4','0'),
 ('218675','24440','4400','0','0','0','0','0','20','0','4','0'),
 ('218675','24441','16000','0','0','0','0','0','30','0','4','0'),
 ('218675','24463','36000','0','0','0','0','0','40','0','4','0'),
 ('218675','24464','72000','0','0','0','0','0','50','0','4','0'),
 ('218675','24475','4400','0','0','0','0','0','20','0','4','0'),
 ('218675','24476','16000','0','0','0','0','0','30','0','4','0'),
 ('218675','24477','36000','0','0','0','0','0','40','0','4','0'),
 ('218675','24478','72000','0','0','0','0','0','50','0','4','0'),
 ('218675','24490','4400','0','0','0','0','0','20','0','4','0'),
 ('218675','24494','4400','0','0','0','0','0','20','0','4','0'),
 ('218675','24495','4400','0','0','0','0','0','20','0','4','0'),
 ('218675','24508','16000','0','0','0','0','0','30','0','4','0'),
 ('218675','24509','36000','0','0','0','0','0','40','0','4','0'),
 ('218675','24510','72000','0','0','0','0','0','50','0','4','0'),
 ('218675','24511','16000','0','0','0','0','0','30','0','4','0'),
 ('218675','24512','36000','0','0','0','0','0','40','0','4','0'),
 ('218675','24513','72000','0','0','0','0','0','50','0','4','0'),
 ('218675','24514','16000','0','0','0','0','0','30','0','4','0'),
 ('218675','24515','36000','0','0','0','0','0','40','0','4','0'),
 ('218675','24516','72000','0','0','0','0','0','40','0','4','0'),
 ('218675','24547','10','0','0','0','0','0','1','0','4','0'),
 ('218675','24556','1200','0','0','0','0','0','12','0','4','0'),
 ('218675','24557','4000','0','0','0','0','0','18','0','4','0'),
 ('218675','24558','14000','0','0','0','0','0','24','0','4','0'),
 ('218675','24559','16000','0','0','0','0','0','30','0','4','0'),
 ('218675','24560','28000','0','0','0','0','0','36','0','4','0'),
 ('218675','24561','48000','0','0','0','0','0','42','0','4','0'),
 ('218675','24562','64000','0','0','0','0','0','48','0','4','0'),
 ('218675','24631','84000','0','0','0','0','0','54','0','4','0'),
 ('218675','24632','100000','0','0','0','0','0','60','0','4','0'),
 ('218675','25077','2500','0','0','0','0','0','30','0','4','0'),
 ('218675','27344','120000','0','0','0','0','0','70','0','4','0'),
 ('218675','27350','100000','0','0','0','0','0','60','0','4','0'),
 ('218675','27351','100000','0','0','0','0','0','60','0','4','0'),
 ('218675','27352','100000','0','0','0','0','0','60','0','4','0'),
 ('218675','27353','100000','0','0','0','0','0','60','0','4','0'),
 ('218675','27354','100000','0','0','0','0','0','60','0','4','0'),
 ('218675','27362','2700','0','0','0','0','0','70','0','4','0'),
 ('218675','27364','100000','0','0','0','0','0','70','0','4','0'),
 ('218675','35699','3000','0','0','0','0','0','30','0','4','0'),
 ('218675','35700','10000','0','0','0','0','0','30','0','4','0'),
 ('218702','25284','400','755','60','0','0','0','0','0','4','0'),
 ('218702','25287','400','755','70','0','0','0','0','0','4','0'),
 ('218702','25305','1000','755','90','0','0','0','0','0','4','0'),
 ('218702','25317','600','755','80','0','0','0','0','0','4','0'),
 ('218702','25318','800','755','100','0','0','0','0','0','4','0'),
 ('218702','25321','1500','755','120','0','0','0','0','0','4','0'),
 ('218702','25498','600','755','110','0','0','0','0','0','4','0'),
 ('218702','25613','1200','755','135','0','0','0','0','0','4','0'),
 ('218702','32807','600','755','110','0','0','0','0','0','4','0'),
 ('218702','36523','600','755','75','0','0','0','0','0','4','0'),
 ('218702','36524','800','755','105','0','0','0','0','0','4','0'),
 ('218702','37818','500','755','65','0','0','0','0','0','4','0'),
 ('218702','38175','650','755','80','0','0','0','0','0','4','0'),
 ('218703','25229','10','0','0','0','0','0','5','0','4','0'),
 ('218703','25278','200','755','50','0','0','0','0','0','4','0'),
 ('218703','25280','200','755','50','0','0','0','0','0','4','0'),
 ('218703','25283','100','755','30','0','0','0','0','0','4','0'),
 ('218703','25284','400','755','60','0','0','0','0','0','4','0'),
 ('218703','25287','400','755','70','0','0','0','0','0','4','0'),
 ('218703','25490','300','755','50','0','0','0','0','0','4','0'),
 ('218703','26926','50','755','5','0','0','0','0','0','4','0'),
 ('218703','26927','300','755','50','0','0','0','0','0','4','0'),
 ('218703','26928','100','755','30','0','0','0','0','0','4','0'),
 ('218703','31252','100','755','20','0','0','0','5','0','4','0'),
 ('218703','32178','100','755','20','0','0','0','0','0','4','0'),
 ('218703','32179','100','755','20','0','0','0','0','0','4','0'),
 ('218703','32801','200','755','50','0','0','0','0','0','4','0'),
 ('218712','4195','100','0','0','0','0','0','1','0','4','0'),
 ('218712','4196','1200','0','0','0','0','0','12','0','4','0'),
 ('218712','4197','4000','0','0','0','0','0','18','0','4','0'),
 ('218712','4198','14000','0','0','0','0','0','24','0','4','0'),
 ('218712','4199','16000','0','0','0','0','0','30','0','4','0'),
 ('218712','4200','28000','0','0','0','0','0','36','0','4','0'),
 ('218712','4201','48000','0','0','0','0','0','42','0','4','0'),
 ('218712','4202','64000','0','0','0','0','0','48','0','4','0'),
 ('218712','5048','84000','0','0','0','0','0','54','0','4','0'),
 ('218712','5049','100000','0','0','0','0','0','60','0','4','0'),
 ('218712','14923','4000','261','0','0','0','0','20','0','4','0'),
 ('218712','14924','16000','261','0','0','0','0','30','0','4','0'),
 ('218712','14925','36000','261','0','0','0','0','40','0','4','0'),
 ('218712','14926','72000','261','0','0','0','0','50','0','4','0'),
 ('218712','14927','100000','261','0','0','0','0','60','0','4','0'),
 ('218712','24440','4400','0','0','0','0','0','20','0','4','0'),
 ('218712','24441','16000','0','0','0','0','0','30','0','4','0'),
 ('218712','24463','36000','0','0','0','0','0','40','0','4','0'),
 ('218712','24464','72000','0','0','0','0','0','50','0','4','0'),
 ('218712','24475','4400','0','0','0','0','0','20','0','4','0'),
 ('218712','24476','16000','0','0','0','0','0','30','0','4','0'),
 ('218712','24477','36000','0','0','0','0','0','40','0','4','0'),
 ('218712','24478','72000','0','0','0','0','0','50','0','4','0'),
 ('218712','24490','4400','0','0','0','0','0','20','0','4','0'),
 ('218712','24494','4400','0','0','0','0','0','20','0','4','0'),
 ('218712','24495','4400','0','0','0','0','0','20','0','4','0'),
 ('218712','24508','16000','0','0','0','0','0','30','0','4','0'),
 ('218712','24509','36000','0','0','0','0','0','40','0','4','0'),
 ('218712','24510','72000','0','0','0','0','0','50','0','4','0'),
 ('218712','24511','16000','0','0','0','0','0','30','0','4','0'),
 ('218712','24512','36000','0','0','0','0','0','40','0','4','0'),
 ('218712','24513','72000','0','0','0','0','0','50','0','4','0'),
 ('218712','24514','16000','0','0','0','0','0','30','0','4','0'),
 ('218712','24515','36000','0','0','0','0','0','40','0','4','0'),
 ('218712','24516','72000','0','0','0','0','0','40','0','4','0'),
 ('218712','24547','10','0','0','0','0','0','1','0','4','0'),
 ('218712','24556','1200','0','0','0','0','0','12','0','4','0'),
 ('218712','24557','4000','0','0','0','0','0','18','0','4','0'),
 ('218712','24558','14000','0','0','0','0','0','24','0','4','0'),
 ('218712','24559','16000','0','0','0','0','0','30','0','4','0'),
 ('218712','24560','28000','0','0','0','0','0','36','0','4','0'),
 ('218712','24561','48000','0','0','0','0','0','42','0','4','0'),
 ('218712','24562','64000','0','0','0','0','0','48','0','4','0'),
 ('218712','24631','84000','0','0','0','0','0','54','0','4','0'),
 ('218712','24632','100000','0','0','0','0','0','60','0','4','0'),
 ('218712','25077','2500','0','0','0','0','0','30','0','4','0'),
 ('218712','27344','120000','0','0','0','0','0','70','0','4','0'),
 ('218712','27350','100000','0','0','0','0','0','60','0','4','0'),
 ('218712','27351','100000','0','0','0','0','0','60','0','4','0'),
 ('218712','27352','100000','0','0','0','0','0','60','0','4','0'),
 ('218712','27353','100000','0','0','0','0','0','60','0','4','0'),
 ('218712','27354','100000','0','0','0','0','0','60','0','4','0'),
 ('218712','27362','2700','0','0','0','0','0','70','0','4','0'),
 ('218712','27364','100000','0','0','0','0','0','70','0','4','0'),
 ('218712','35699','3000','0','0','0','0','0','30','0','4','0'),
 ('218712','35700','10000','0','0','0','0','0','30','0','4','0'),
 ('218727','25229','10','0','0','0','0','0','5','0','4','0'),
 ('218727','25278','200','755','50','0','0','0','0','0','4','0'),
 ('218727','25280','200','755','50','0','0','0','0','0','4','0'),
 ('218727','25283','100','755','30','0','0','0','0','0','4','0'),
 ('218727','25284','400','755','60','0','0','0','0','0','4','0'),
 ('218727','25287','400','755','70','0','0','0','0','0','4','0'),
 ('218727','25490','300','755','50','0','0','0','0','0','4','0'),
 ('218727','26926','50','755','5','0','0','0','0','0','4','0'),
 ('218727','26927','300','755','50','0','0','0','0','0','4','0'),
 ('218727','26928','100','755','30','0','0','0','0','0','4','0'),
 ('218727','31252','100','755','20','0','0','0','5','0','4','0'),
 ('218727','32178','100','755','20','0','0','0','0','0','4','0'),
 ('218727','32179','100','755','20','0','0','0','0','0','4','0'),
 ('218727','32801','200','755','50','0','0','0','0','0','4','0'),
 ('218744','25229','10','0','0','0','0','0','5','0','4','0'),
 ('218744','25278','200','755','50','0','0','0','0','0','4','0'),
 ('218744','25280','200','755','50','0','0','0','0','0','4','0'),
 ('218744','25283','100','755','30','0','0','0','0','0','4','0'),
 ('218744','25284','400','755','60','0','0','0','0','0','4','0'),
 ('218744','25287','400','755','70','0','0','0','0','0','4','0'),
 ('218744','25490','300','755','50','0','0','0','0','0','4','0'),
 ('218744','26926','50','755','20','0','0','0','0','0','4','0'),
 ('218744','26927','300','755','50','0','0','0','0','0','4','0'),
 ('218744','26928','100','755','30','0','0','0','0','0','4','0'),
 ('218744','31252','100','755','20','0','0','0','0','0','4','0'),
 ('218744','32178','100','755','20','0','0','0','0','0','4','0'),
 ('218744','32179','100','755','20','0','0','0','0','0','4','0'),
 ('218744','32801','200','755','50','0','0','0','0','0','4','0'),
 ('218746','3915','25','197','1','0','0','0','0','0','4','0'),
 ('218746','12044','30','197','1','0','0','0','0','0','4','0'),
 ('219484','4195','100','0','0','0','0','0','1','0','4','0'),
 ('219484','4196','1200','0','0','0','0','0','12','0','4','0'),
 ('219484','4197','4000','0','0','0','0','0','18','0','4','0'),
 ('219484','4198','14000','0','0','0','0','0','24','0','4','0'),
 ('219484','4199','16000','0','0','0','0','0','30','0','4','0'),
 ('219484','4200','28000','0','0','0','0','0','36','0','4','0'),
 ('219484','4201','48000','0','0','0','0','0','42','0','4','0'),
 ('219484','4202','64000','0','0','0','0','0','48','0','4','0'),
 ('219484','5048','84000','0','0','0','0','0','54','0','4','0'),
 ('219484','5049','100000','0','0','0','0','0','60','0','4','0'),
 ('219484','14923','4000','261','0','0','0','0','20','0','4','0'),
 ('219484','14924','16000','261','0','0','0','0','30','0','4','0'),
 ('219484','14925','36000','261','0','0','0','0','40','0','4','0'),
 ('219484','14926','72000','261','0','0','0','0','50','0','4','0'),
 ('219484','14927','100000','261','0','0','0','0','60','0','4','0'),
 ('219484','24440','4400','0','0','0','0','0','20','0','4','0'),
 ('219484','24441','16000','0','0','0','0','0','30','0','4','0'),
 ('219484','24463','36000','0','0','0','0','0','40','0','4','0'),
 ('219484','24464','72000','0','0','0','0','0','50','0','4','0'),
 ('219484','24475','4400','0','0','0','0','0','20','0','4','0'),
 ('219484','24476','16000','0','0','0','0','0','30','0','4','0'),
 ('219484','24477','36000','0','0','0','0','0','40','0','4','0'),
 ('219484','24478','72000','0','0','0','0','0','50','0','4','0'),
 ('219484','24490','4400','0','0','0','0','0','20','0','4','0'),
 ('219484','24494','4400','0','0','0','0','0','20','0','4','0'),
 ('219484','24495','4400','0','0','0','0','0','20','0','4','0'),
 ('219484','24508','16000','0','0','0','0','0','30','0','4','0'),
 ('219484','24509','36000','0','0','0','0','0','40','0','4','0'),
 ('219484','24510','72000','0','0','0','0','0','50','0','4','0'),
 ('219484','24511','16000','0','0','0','0','0','30','0','4','0'),
 ('219484','24512','36000','0','0','0','0','0','40','0','4','0'),
 ('219484','24513','72000','0','0','0','0','0','50','0','4','0'),
 ('219484','24514','16000','0','0','0','0','0','30','0','4','0'),
 ('219484','24515','36000','0','0','0','0','0','40','0','4','0'),
 ('219484','24516','72000','0','0','0','0','0','40','0','4','0'),
 ('219484','24547','10','0','0','0','0','0','1','0','4','0'),
 ('219484','24556','1200','0','0','0','0','0','12','0','4','0'),
 ('219484','24557','4000','0','0','0','0','0','18','0','4','0'),
 ('219484','24558','14000','0','0','0','0','0','24','0','4','0'),
 ('219484','24559','16000','0','0','0','0','0','30','0','4','0'),
 ('219484','24560','28000','0','0','0','0','0','36','0','4','0'),
 ('219484','24561','48000','0','0','0','0','0','42','0','4','0'),
 ('219484','24562','64000','0','0','0','0','0','48','0','4','0'),
 ('219484','24631','84000','0','0','0','0','0','54','0','4','0'),
 ('219484','24632','100000','0','0','0','0','0','60','0','4','0'),
 ('219484','25077','2500','0','0','0','0','0','30','0','4','0'),
 ('219484','27344','120000','0','0','0','0','0','70','0','4','0'),
 ('219484','27350','100000','0','0','0','0','0','60','0','4','0'),
 ('219484','27351','100000','0','0','0','0','0','60','0','4','0'),
 ('219484','27352','100000','0','0','0','0','0','60','0','4','0'),
 ('219484','27353','100000','0','0','0','0','0','60','0','4','0'),
 ('219484','27354','100000','0','0','0','0','0','60','0','4','0'),
 ('219484','27362','2700','0','0','0','0','0','70','0','4','0'),
 ('219484','27364','100000','0','0','0','0','0','70','0','4','0'),
 ('219484','35699','3000','0','0','0','0','0','30','0','4','0'),
 ('219484','35700','10000','0','0','0','0','0','30','0','4','0'),
 ('221774','25613','1200','755','135','0','0','0','0','0','4','0'),
 ('221774','25615','1500','755','150','0','0','0','0','0','4','0'),
 ('221774','25620','2000','755','170','0','0','0','0','0','4','0'),
 ('221774','25621','2000','755','180','0','0','0','0','0','4','0'),
 ('221774','26872','2500','755','200','0','0','0','0','0','4','0'),
 ('221774','32808','2000','755','175','0','0','0','0','0','4','0'),
 ('221774','34955','2500','755','180','0','0','0','0','0','4','0'),
 ('221774','34959','3000','755','200','0','0','0','0','0','4','0'),
 ('221777','25229','10','0','0','0','0','0','5','0','4','0'),
 ('221777','25230','500','755','50','0','0','0','10','0','4','0'),
 ('221777','25278','200','755','50','0','0','0','0','0','4','0'),
 ('221777','25280','200','755','50','0','0','0','0','0','4','0'),
 ('221777','25283','100','755','30','0','0','0','0','0','4','0'),
 ('221777','25284','400','755','60','0','0','0','0','0','4','0'),
 ('221777','25287','400','755','70','0','0','0','0','0','4','0'),
 ('221777','25305','1000','755','90','0','0','0','0','0','4','0'),
 ('221777','25317','600','755','80','0','0','0','0','0','4','0'),
 ('221777','25318','800','755','100','0','0','0','0','0','4','0'),
 ('221777','25321','1500','755','120','0','0','0','0','0','4','0'),
 ('221777','25490','300','755','50','0','0','0','0','0','4','0'),
 ('221777','25498','600','755','110','0','0','0','0','0','4','0'),
 ('221777','25613','1200','755','135','0','0','0','0','0','4','0'),
 ('221777','25615','1500','755','150','0','0','0','0','0','4','0'),
 ('221777','25620','2000','755','170','0','0','0','0','0','4','0'),
 ('221777','25621','2000','755','180','0','0','0','0','0','4','0'),
 ('221777','26872','2500','755','200','0','0','0','0','0','4','0'),
 ('221777','26874','5000','755','210','0','0','0','0','0','4','0'),
 ('221777','26876','3000','755','220','0','0','0','0','0','4','0'),
 ('221777','26880','3500','755','225','0','0','0','0','0','4','0'),
 ('221777','26883','4000','755','235','0','0','0','0','0','4','0'),
 ('221777','26885','5000','755','240','0','0','0','0','0','4','0'),
 ('221777','26902','10000','755','260','0','0','0','0','0','4','0'),
 ('221777','26903','10000','755','275','0','0','0','0','0','4','0'),
 ('221777','26907','10000','755','280','0','0','0','0','0','4','0'),
 ('221777','26908','12000','755','280','0','0','0','0','0','4','0'),
 ('221777','26911','15000','755','290','0','0','0','0','0','4','0'),
 ('221777','26916','20000','755','310','0','0','0','0','0','4','0'),
 ('221777','26926','50','755','5','0','0','0','0','0','4','0'),
 ('221777','26927','300','755','50','0','0','0','0','0','4','0'),
 ('221777','26928','100','755','30','0','0','0','0','0','4','0'),
 ('221777','28894','5000','755','125','0','0','0','20','0','4','0'),
 ('221777','28895','50000','755','200','0','0','0','35','0','4','0'),
 ('221777','28897','100000','755','275','0','0','0','50','0','4','0'),
 ('221777','31048','20000','755','310','0','0','0','0','0','4','0'),
 ('221777','31049','20000','755','310','0','0','0','0','0','4','0'),
 ('221777','31050','25000','755','320','0','0','0','0','0','4','0'),
 ('221777','31051','30000','755','335','0','0','0','0','0','4','0'),
 ('221777','31052','30000','755','335','0','0','0','0','0','4','0'),
 ('221777','31252','100','755','20','0','0','0','5','0','4','0'),
 ('221777','32178','100','755','20','0','0','0','0','0','4','0'),
 ('221777','32179','100','755','20','0','0','0','0','0','4','0'),
 ('221777','32801','200','755','50','0','0','0','0','0','4','0'),
 ('221777','32807','600','755','110','0','0','0','0','0','4','0'),
 ('221777','32808','2000','755','175','0','0','0','0','0','4','0'),
 ('221777','32809','3500','755','225','0','0','0','0','0','4','0'),
 ('221777','34955','2500','755','180','0','0','0','0','0','4','0'),
 ('221777','34959','3000','755','200','0','0','0','0','0','4','0'),
 ('221777','34960','10000','755','280','0','0','0','0','0','4','0'),
 ('221777','34961','10000','755','290','0','0','0','0','0','4','0'),
 ('221777','36523','600','755','75','0','0','0','0','0','4','0'),
 ('221777','36524','800','755','105','0','0','0','0','0','4','0'),
 ('221777','36525','4000','755','230','0','0','0','0','0','4','0'),
 ('221777','36526','10000','755','265','0','0','0','0','0','4','0'),
 ('221777','37818','500','755','65','0','0','0','0','0','4','0'),
 ('221777','38068','20000','755','325','0','0','0','0','0','4','0'),
 ('221777','38175','650','755','80','0','0','0','0','0','4','0'),
 ('222914','33388','350000','0','0','0','0','0','30','0','4','0'),
 ('222914','33391','6000000','762','0','0','0','0','60','0','4','0'),
 ('224005','53','100','0','0','0','0','0','4','0','4','0'),
 ('224005','1752','100','0','0','0','0','0','6','0','4','0'),
 ('224005','1776','100','0','0','0','0','0','6','0','4','0'),
 ('224005','1784','10','0','0','0','0','0','1','0','4','0');
