START TRANSACTION;
-- Importing creature spawn with guid 68450 with import type REPLACE_ALL
INSERT INTO creature_entry (`spawnID`, `entry`) VALUES ('132937', '22991');
INSERT INTO creature (`spawnID`, `map`, `spawnMask`, `modelid`, `equipment_id`, `position_x`, `position_y`, `position_z`, `orientation`, `spawntimesecs`, `spawndist`, `currentwaypoint`, `curhealth`, `curmana`, `MovementType`, `unit_flags`, `pool_id`, `patch_min`, `patch_max`) VALUES ('132937', '530', '1', '17612', '0', '-3800.8', '3789.62', '314', '6.0912', '180', '0', '0', '4120', '0', '0', '0', '0', '0', '10');
INSERT INTO spawn_group (`groupId`, `spawnType`, `spawnId`) VALUES ('2', '0', '132937');
INSERT INTO creature_entry (`spawnID`, `entry`) VALUES ('132938', '22991');
INSERT INTO creature (`spawnID`, `map`, `spawnMask`, `modelid`, `equipment_id`, `position_x`, `position_y`, `position_z`, `orientation`, `spawntimesecs`, `spawndist`, `currentwaypoint`, `curhealth`, `curmana`, `MovementType`, `unit_flags`, `pool_id`, `patch_min`, `patch_max`) VALUES ('132938', '530', '1', '17612', '0', '-3799.02', '3788.06', '314.158', '3.19395', '180', '0', '0', '4120', '0', '0', '0', '0', '0', '10');
INSERT INTO spawn_group (`groupId`, `spawnType`, `spawnId`) VALUES ('2', '0', '132938');
INSERT INTO creature_entry (`spawnID`, `entry`) VALUES ('132939', '22991');
INSERT INTO creature (`spawnID`, `map`, `spawnMask`, `modelid`, `equipment_id`, `position_x`, `position_y`, `position_z`, `orientation`, `spawntimesecs`, `spawndist`, `currentwaypoint`, `curhealth`, `curmana`, `MovementType`, `unit_flags`, `pool_id`, `patch_min`, `patch_max`) VALUES ('132939', '530', '1', '17612', '0', '-3798.91', '3790.61', '313.852', '3.63029', '180', '0', '0', '4120', '0', '0', '0', '0', '0', '10');
INSERT INTO spawn_group (`groupId`, `spawnType`, `spawnId`) VALUES ('2', '0', '132939');


-- Importing creature spawn with guid 86163 with import type REPLACE_ALL
INSERT INTO creature_entry (`spawnID`, `entry`) VALUES ('202770', '26123');
INSERT INTO creature (`spawnID`, `map`, `spawnMask`, `modelid`, `equipment_id`, `position_x`, `position_y`, `position_z`, `orientation`, `spawntimesecs`, `spawndist`, `currentwaypoint`, `curhealth`, `curmana`, `MovementType`, `unit_flags`, `pool_id`, `patch_min`, `patch_max`) VALUES ('202770', '530', '1', NULL, '0', '-3792.68', '-11515.7', '-134.693', '0', '120', '0', '0', '1', '0', '0', '0', '0', '0', '10');
INSERT INTO game_event_creature (`event`, `guid`) VALUES ('1', '202770');
INSERT INTO creature_entry (`spawnID`, `entry`) VALUES ('165588', '26123');
INSERT INTO creature (`spawnID`, `map`, `spawnMask`, `modelid`, `equipment_id`, `position_x`, `position_y`, `position_z`, `orientation`, `spawntimesecs`, `spawndist`, `currentwaypoint`, `curhealth`, `curmana`, `MovementType`, `unit_flags`, `pool_id`, `patch_min`, `patch_max`) VALUES ('165588', '0', '1', NULL, '0', '-8827.68', '875.783', '98.6689', '4.60823', '300', '0', '0', '3524', '0', '0', '0', '0', '0', '10');
INSERT INTO game_event_creature (`event`, `guid`) VALUES ('1', '165588');


-- Importing creature spawn with guid 1882 with import type REPLACE_ALL
INSERT INTO creature_entry (`spawnID`, `entry`) VALUES ('47575', '16592');
INSERT INTO creature (`spawnID`, `map`, `spawnMask`, `modelid`, `equipment_id`, `position_x`, `position_y`, `position_z`, `orientation`, `spawntimesecs`, `spawndist`, `currentwaypoint`, `curhealth`, `curmana`, `MovementType`, `unit_flags`, `pool_id`, `patch_min`, `patch_max`) VALUES ('47575', '1', '1', '11686', '0', '9779.08', '1019.38', '1299.85', '2.09439', '300', '0', '0', '42', '0', '0', '0', '0', '0', '10');
INSERT INTO creature_entry (`spawnID`, `entry`) VALUES ('94873', '16592');
INSERT INTO creature (`spawnID`, `map`, `spawnMask`, `modelid`, `equipment_id`, `position_x`, `position_y`, `position_z`, `orientation`, `spawntimesecs`, `spawndist`, `currentwaypoint`, `curhealth`, `curmana`, `MovementType`, `unit_flags`, `pool_id`, `patch_min`, `patch_max`) VALUES ('94873', '1', '1', '11686', '0', '8700.21', '931.422', '14.9063', '1.67552', '300', '0', '0', '42', '0', '0', '0', '0', '0', '10');
INSERT INTO game_event_creature (`event`, `guid`) VALUES ('1', '94873');
INSERT INTO creature_entry (`spawnID`, `entry`) VALUES ('94880', '16592');
INSERT INTO creature (`spawnID`, `map`, `spawnMask`, `modelid`, `equipment_id`, `position_x`, `position_y`, `position_z`, `orientation`, `spawntimesecs`, `spawndist`, `currentwaypoint`, `curhealth`, `curmana`, `MovementType`, `unit_flags`, `pool_id`, `patch_min`, `patch_max`) VALUES ('94880', '0', '1', '11686', '0', '-14287.7', '61.6437', '0.738448', '1.44862', '300', '0', '0', '42', '0', '0', '0', '0', '0', '10');
INSERT INTO game_event_creature (`event`, `guid`) VALUES ('1', '94880');
INSERT INTO creature_entry (`spawnID`, `entry`) VALUES ('94882', '16592');
INSERT INTO creature (`spawnID`, `map`, `spawnMask`, `modelid`, `equipment_id`, `position_x`, `position_y`, `position_z`, `orientation`, `spawntimesecs`, `spawndist`, `currentwaypoint`, `curhealth`, `curmana`, `MovementType`, `unit_flags`, `pool_id`, `patch_min`, `patch_max`) VALUES ('94882', '0', '1', '11686', '0', '-1210.79', '-2676.7', '45.4115', '2.58309', '300', '0', '0', '42', '0', '0', '0', '0', '0', '10');
INSERT INTO game_event_creature (`event`, `guid`) VALUES ('1', '94882');
INSERT INTO creature_entry (`spawnID`, `entry`) VALUES ('94887', '16592');
INSERT INTO creature (`spawnID`, `map`, `spawnMask`, `modelid`, `equipment_id`, `position_x`, `position_y`, `position_z`, `orientation`, `spawntimesecs`, `spawndist`, `currentwaypoint`, `curhealth`, `curmana`, `MovementType`, `unit_flags`, `pool_id`, `patch_min`, `patch_max`) VALUES ('94887', '1', '1', '11686', '0', '-7216.54', '-3859.86', '12.0218', '2.49582', '300', '0', '0', '42', '0', '0', '0', '0', '0', '10');
INSERT INTO game_event_creature (`event`, `guid`) VALUES ('1', '94887');
INSERT INTO creature_entry (`spawnID`, `entry`) VALUES ('94888', '16592');
INSERT INTO creature (`spawnID`, `map`, `spawnMask`, `modelid`, `equipment_id`, `position_x`, `position_y`, `position_z`, `orientation`, `spawntimesecs`, `spawndist`, `currentwaypoint`, `curhealth`, `curmana`, `MovementType`, `unit_flags`, `pool_id`, `patch_min`, `patch_max`) VALUES ('94888', '1', '1', '11686', '0', '-6770.11', '525.704', '-1.3172', '1.98968', '300', '0', '0', '42', '0', '0', '0', '0', '0', '10');
INSERT INTO game_event_creature (`event`, `guid`) VALUES ('1', '94888');
INSERT INTO creature_entry (`spawnID`, `entry`) VALUES ('94892', '16592');
INSERT INTO creature (`spawnID`, `map`, `spawnMask`, `modelid`, `equipment_id`, `position_x`, `position_y`, `position_z`, `orientation`, `spawntimesecs`, `spawndist`, `currentwaypoint`, `curhealth`, `curmana`, `MovementType`, `unit_flags`, `pool_id`, `patch_min`, `patch_max`) VALUES ('94892', '1', '1', '11686', '0', '-7122.51', '-3656.34', '9.05129', '-0.698132', '300', '0', '0', '42', '0', '0', '0', '0', '0', '10');
INSERT INTO game_event_creature (`event`, `guid`) VALUES ('1', '94892');
INSERT INTO creature_entry (`spawnID`, `entry`) VALUES ('94898', '16592');
INSERT INTO creature (`spawnID`, `map`, `spawnMask`, `modelid`, `equipment_id`, `position_x`, `position_y`, `position_z`, `orientation`, `spawntimesecs`, `spawndist`, `currentwaypoint`, `curhealth`, `curmana`, `MovementType`, `unit_flags`, `pool_id`, `patch_min`, `patch_max`) VALUES ('94898', '0', '1', '11686', '0', '-14375.5', '115.608', '1.52611', '1.01229', '300', '0', '0', '42', '0', '0', '0', '0', '0', '10');
INSERT INTO game_event_creature (`event`, `guid`) VALUES ('1', '94898');
INSERT INTO creature_entry (`spawnID`, `entry`) VALUES ('94899', '16592');
INSERT INTO creature (`spawnID`, `map`, `spawnMask`, `modelid`, `equipment_id`, `position_x`, `position_y`, `position_z`, `orientation`, `spawntimesecs`, `spawndist`, `currentwaypoint`, `curhealth`, `curmana`, `MovementType`, `unit_flags`, `pool_id`, `patch_min`, `patch_max`) VALUES ('94899', '0', '1', '11686', '0', '-14287.7', '61.6437', '0.738448', '1.44862', '300', '0', '0', '42', '0', '0', '0', '0', '0', '10');
INSERT INTO game_event_creature (`event`, `guid`) VALUES ('1', '94899');
INSERT INTO creature_entry (`spawnID`, `entry`) VALUES ('94901', '16592');
INSERT INTO creature (`spawnID`, `map`, `spawnMask`, `modelid`, `equipment_id`, `position_x`, `position_y`, `position_z`, `orientation`, `spawntimesecs`, `spawndist`, `currentwaypoint`, `curhealth`, `curmana`, `MovementType`, `unit_flags`, `pool_id`, `patch_min`, `patch_max`) VALUES ('94901', '0', '1', '11686', '0', '-14375.5', '115.608', '1.52611', '1.01229', '300', '0', '0', '42', '0', '0', '0', '0', '0', '10');
INSERT INTO game_event_creature (`event`, `guid`) VALUES ('1', '94901');
INSERT INTO creature_entry (`spawnID`, `entry`) VALUES ('152327', '16592');
INSERT INTO creature (`spawnID`, `map`, `spawnMask`, `modelid`, `equipment_id`, `position_x`, `position_y`, `position_z`, `orientation`, `spawntimesecs`, `spawndist`, `currentwaypoint`, `curhealth`, `curmana`, `MovementType`, `unit_flags`, `pool_id`, `patch_min`, `patch_max`) VALUES ('152327', '1', '1', NULL, '0', '145.521', '-4713.82', '18.129', '-2.53', '120', '0', '0', '1', '0', '0', '0', '0', '0', '10');
INSERT INTO game_event_creature (`event`, `guid`) VALUES ('1', '152327');
INSERT INTO creature_entry (`spawnID`, `entry`) VALUES ('152328', '16592');
INSERT INTO creature (`spawnID`, `map`, `spawnMask`, `modelid`, `equipment_id`, `position_x`, `position_y`, `position_z`, `orientation`, `spawntimesecs`, `spawndist`, `currentwaypoint`, `curhealth`, `curmana`, `MovementType`, `unit_flags`, `pool_id`, `patch_min`, `patch_max`) VALUES ('152328', '1', '1', NULL, '0', '-7122.51', '-3657.11', '8.82202', '-1.74533', '120', '0', '0', '1', '0', '0', '0', '0', '0', '10');
INSERT INTO game_event_creature (`event`, `guid`) VALUES ('1', '152328');
INSERT INTO creature_entry (`spawnID`, `entry`) VALUES ('152329', '16592');
INSERT INTO creature (`spawnID`, `map`, `spawnMask`, `modelid`, `equipment_id`, `position_x`, `position_y`, `position_z`, `orientation`, `spawntimesecs`, `spawndist`, `currentwaypoint`, `curhealth`, `curmana`, `MovementType`, `unit_flags`, `pool_id`, `patch_min`, `patch_max`) VALUES ('152329', '1', '1', NULL, '0', '6855.99', '-4564.4', '708.51', '0.855211', '120', '0', '0', '1', '0', '0', '0', '0', '0', '10');
INSERT INTO game_event_creature (`event`, `guid`) VALUES ('1', '152329');
INSERT INTO creature_entry (`spawnID`, `entry`) VALUES ('152330', '16592');
INSERT INTO creature (`spawnID`, `map`, `spawnMask`, `modelid`, `equipment_id`, `position_x`, `position_y`, `position_z`, `orientation`, `spawntimesecs`, `spawndist`, `currentwaypoint`, `curhealth`, `curmana`, `MovementType`, `unit_flags`, `pool_id`, `patch_min`, `patch_max`) VALUES ('152330', '1', '1', NULL, '0', '-7000.75', '918.851', '8.93831', '-2.23402', '120', '0', '0', '1', '0', '0', '0', '0', '0', '10');
INSERT INTO game_event_creature (`event`, `guid`) VALUES ('1', '152330');
INSERT INTO creature_entry (`spawnID`, `entry`) VALUES ('152331', '16592');
INSERT INTO creature (`spawnID`, `map`, `spawnMask`, `modelid`, `equipment_id`, `position_x`, `position_y`, `position_z`, `orientation`, `spawntimesecs`, `spawndist`, `currentwaypoint`, `curhealth`, `curmana`, `MovementType`, `unit_flags`, `pool_id`, `patch_min`, `patch_max`) VALUES ('152331', '1', '1', NULL, '0', '-5513.93', '-2299.73', '-58.0752', '2.44346', '120', '0', '0', '1', '0', '0', '0', '0', '0', '10');
INSERT INTO game_event_creature (`event`, `guid`) VALUES ('1', '152331');
INSERT INTO creature_entry (`spawnID`, `entry`) VALUES ('152332', '16592');
INSERT INTO creature (`spawnID`, `map`, `spawnMask`, `modelid`, `equipment_id`, `position_x`, `position_y`, `position_z`, `orientation`, `spawntimesecs`, `spawndist`, `currentwaypoint`, `curhealth`, `curmana`, `MovementType`, `unit_flags`, `pool_id`, `patch_min`, `patch_max`) VALUES ('152332', '1', '1', NULL, '0', '-273.242', '-2662.82', '91.695', '-1.8675', '120', '0', '0', '1', '0', '0', '0', '0', '0', '10');
INSERT INTO game_event_creature (`event`, `guid`) VALUES ('1', '152332');
INSERT INTO creature_entry (`spawnID`, `entry`) VALUES ('152333', '16592');
INSERT INTO creature (`spawnID`, `map`, `spawnMask`, `modelid`, `equipment_id`, `position_x`, `position_y`, `position_z`, `orientation`, `spawntimesecs`, `spawndist`, `currentwaypoint`, `curhealth`, `curmana`, `MovementType`, `unit_flags`, `pool_id`, `patch_min`, `patch_max`) VALUES ('152333', '1', '1', NULL, '0', '952.992', '776.968', '104.474', '-1.55334', '120', '0', '0', '1', '0', '0', '0', '0', '0', '10');
INSERT INTO game_event_creature (`event`, `guid`) VALUES ('1', '152333');
INSERT INTO creature_entry (`spawnID`, `entry`) VALUES ('152334', '16592');
INSERT INTO creature (`spawnID`, `map`, `spawnMask`, `modelid`, `equipment_id`, `position_x`, `position_y`, `position_z`, `orientation`, `spawntimesecs`, `spawndist`, `currentwaypoint`, `curhealth`, `curmana`, `MovementType`, `unit_flags`, `pool_id`, `patch_min`, `patch_max`) VALUES ('152334', '1', '1', NULL, '0', '-2329.42', '-624.806', '-8.27507', '5.5', '120', '0', '0', '1', '0', '0', '0', '0', '0', '10');
INSERT INTO game_event_creature (`event`, `guid`) VALUES ('1', '152334');
INSERT INTO creature_entry (`spawnID`, `entry`) VALUES ('152335', '16592');
INSERT INTO creature (`spawnID`, `map`, `spawnMask`, `modelid`, `equipment_id`, `position_x`, `position_y`, `position_z`, `orientation`, `spawntimesecs`, `spawndist`, `currentwaypoint`, `curhealth`, `curmana`, `MovementType`, `unit_flags`, `pool_id`, `patch_min`, `patch_max`) VALUES ('152335', '1', '1', NULL, '0', '-4573.22', '407.388', '41.5461', '2.46091', '120', '0', '0', '1', '0', '0', '0', '0', '0', '10');
INSERT INTO game_event_creature (`event`, `guid`) VALUES ('1', '152335');
INSERT INTO creature_entry (`spawnID`, `entry`) VALUES ('152336', '16592');
INSERT INTO creature (`spawnID`, `map`, `spawnMask`, `modelid`, `equipment_id`, `position_x`, `position_y`, `position_z`, `orientation`, `spawntimesecs`, `spawndist`, `currentwaypoint`, `curhealth`, `curmana`, `MovementType`, `unit_flags`, `pool_id`, `patch_min`, `patch_max`) VALUES ('152336', '1', '1', NULL, '0', '-1862.36', '3055.71', '0.744157', '2.49582', '120', '0', '0', '1', '0', '0', '0', '0', '0', '10');
INSERT INTO game_event_creature (`event`, `guid`) VALUES ('1', '152336');
INSERT INTO creature_entry (`spawnID`, `entry`) VALUES ('152337', '16592');
INSERT INTO creature (`spawnID`, `map`, `spawnMask`, `modelid`, `equipment_id`, `position_x`, `position_y`, `position_z`, `orientation`, `spawntimesecs`, `spawndist`, `currentwaypoint`, `curhealth`, `curmana`, `MovementType`, `unit_flags`, `pool_id`, `patch_min`, `patch_max`) VALUES ('152337', '1', '1', NULL, '0', '-3110.59', '-2722.41', '33.4626', '0.226893', '120', '0', '0', '1', '0', '0', '0', '0', '0', '10');
INSERT INTO game_event_creature (`event`, `guid`) VALUES ('1', '152337');
INSERT INTO creature_entry (`spawnID`, `entry`) VALUES ('152338', '16592');
INSERT INTO creature (`spawnID`, `map`, `spawnMask`, `modelid`, `equipment_id`, `position_x`, `position_y`, `position_z`, `orientation`, `spawntimesecs`, `spawndist`, `currentwaypoint`, `curhealth`, `curmana`, `MovementType`, `unit_flags`, `pool_id`, `patch_min`, `patch_max`) VALUES ('152338', '1', '1', NULL, '0', '2014.65', '-2337.84', '89.5211', '2.37365', '120', '0', '0', '1', '0', '0', '0', '0', '0', '10');
INSERT INTO game_event_creature (`event`, `guid`) VALUES ('1', '152338');
INSERT INTO creature_entry (`spawnID`, `entry`) VALUES ('152339', '16592');
INSERT INTO creature (`spawnID`, `map`, `spawnMask`, `modelid`, `equipment_id`, `position_x`, `position_y`, `position_z`, `orientation`, `spawntimesecs`, `spawndist`, `currentwaypoint`, `curhealth`, `curmana`, `MovementType`, `unit_flags`, `pool_id`, `patch_min`, `patch_max`) VALUES ('152339', '530', '1', NULL, '0', '41.2448', '2587.44', '68.3453', '-2.28638', '120', '0', '0', '1', '0', '0', '0', '0', '0', '10');
INSERT INTO game_event_creature (`event`, `guid`) VALUES ('1', '152339');
INSERT INTO creature_entry (`spawnID`, `entry`) VALUES ('152340', '16592');
INSERT INTO creature (`spawnID`, `map`, `spawnMask`, `modelid`, `equipment_id`, `position_x`, `position_y`, `position_z`, `orientation`, `spawntimesecs`, `spawndist`, `currentwaypoint`, `curhealth`, `curmana`, `MovementType`, `unit_flags`, `pool_id`, `patch_min`, `patch_max`) VALUES ('152340', '530', '1', NULL, '0', '-3059.17', '2374.85', '63.1011', '2.03334', '120', '0', '0', '1', '0', '0', '0', '0', '0', '10');
INSERT INTO game_event_creature (`event`, `guid`) VALUES ('1', '152340');
INSERT INTO creature_entry (`spawnID`, `entry`) VALUES ('152341', '16592');
INSERT INTO creature (`spawnID`, `map`, `spawnMask`, `modelid`, `equipment_id`, `position_x`, `position_y`, `position_z`, `orientation`, `spawntimesecs`, `spawndist`, `currentwaypoint`, `curhealth`, `curmana`, `MovementType`, `unit_flags`, `pool_id`, `patch_min`, `patch_max`) VALUES ('152341', '530', '1', NULL, '0', '2922.17', '3690.15', '143.809', '5.94709', '120', '0', '0', '1', '0', '0', '0', '0', '0', '10');
INSERT INTO game_event_creature (`event`, `guid`) VALUES ('1', '152341');
INSERT INTO creature_entry (`spawnID`, `entry`) VALUES ('152342', '16592');
INSERT INTO creature (`spawnID`, `map`, `spawnMask`, `modelid`, `equipment_id`, `position_x`, `position_y`, `position_z`, `orientation`, `spawntimesecs`, `spawndist`, `currentwaypoint`, `curhealth`, `curmana`, `MovementType`, `unit_flags`, `pool_id`, `patch_min`, `patch_max`) VALUES ('152342', '530', '1', NULL, '0', '-2553.32', '4277.61', '20.614', '-1.36136', '120', '0', '0', '1', '0', '0', '0', '0', '0', '10');
INSERT INTO game_event_creature (`event`, `guid`) VALUES ('1', '152342');
INSERT INTO creature_entry (`spawnID`, `entry`) VALUES ('152343', '16592');
INSERT INTO creature (`spawnID`, `map`, `spawnMask`, `modelid`, `equipment_id`, `position_x`, `position_y`, `position_z`, `orientation`, `spawntimesecs`, `spawndist`, `currentwaypoint`, `curhealth`, `curmana`, `MovementType`, `unit_flags`, `pool_id`, `patch_min`, `patch_max`) VALUES ('152343', '530', '1', NULL, '0', '200.9', '7686.96', '22.508', '-0.506145', '120', '0', '0', '1', '0', '0', '0', '0', '0', '10');
INSERT INTO game_event_creature (`event`, `guid`) VALUES ('1', '152343');
INSERT INTO creature_entry (`spawnID`, `entry`) VALUES ('152344', '16592');
INSERT INTO creature (`spawnID`, `map`, `spawnMask`, `modelid`, `equipment_id`, `position_x`, `position_y`, `position_z`, `orientation`, `spawntimesecs`, `spawndist`, `currentwaypoint`, `curhealth`, `curmana`, `MovementType`, `unit_flags`, `pool_id`, `patch_min`, `patch_max`) VALUES ('152344', '530', '1', NULL, '0', '-1211.01', '7474.44', '21.9953', '-2.02458', '120', '0', '0', '1', '0', '0', '0', '0', '0', '10');
INSERT INTO game_event_creature (`event`, `guid`) VALUES ('1', '152344');
INSERT INTO creature_entry (`spawnID`, `entry`) VALUES ('152345', '16592');
INSERT INTO creature (`spawnID`, `map`, `spawnMask`, `modelid`, `equipment_id`, `position_x`, `position_y`, `position_z`, `orientation`, `spawntimesecs`, `spawndist`, `currentwaypoint`, `curhealth`, `curmana`, `MovementType`, `unit_flags`, `pool_id`, `patch_min`, `patch_max`) VALUES ('152345', '530', '1', NULL, '0', '2282.43', '6134.5', '136.337', '6.01364', '120', '0', '0', '1', '0', '0', '0', '0', '0', '10');
INSERT INTO game_event_creature (`event`, `guid`) VALUES ('1', '152345');
INSERT INTO creature_entry (`spawnID`, `entry`) VALUES ('152346', '16592');
INSERT INTO creature (`spawnID`, `map`, `spawnMask`, `modelid`, `equipment_id`, `position_x`, `position_y`, `position_z`, `orientation`, `spawntimesecs`, `spawndist`, `currentwaypoint`, `curhealth`, `curmana`, `MovementType`, `unit_flags`, `pool_id`, `patch_min`, `patch_max`) VALUES ('152346', '571', '1', NULL, '0', '5294.92', '-2761.88', '292.419', '2.12359', '120', '0', '0', '1', '0', '0', '0', '0', '5', '10');
INSERT INTO game_event_creature (`event`, `guid`) VALUES ('1', '152346');
INSERT INTO creature_entry (`spawnID`, `entry`) VALUES ('152347', '16592');
INSERT INTO creature (`spawnID`, `map`, `spawnMask`, `modelid`, `equipment_id`, `position_x`, `position_y`, `position_z`, `orientation`, `spawntimesecs`, `spawndist`, `currentwaypoint`, `curhealth`, `curmana`, `MovementType`, `unit_flags`, `pool_id`, `patch_min`, `patch_max`) VALUES ('152347', '571', '1', NULL, '0', '4441.05', '5627.71', '56.3487', '4.54665', '120', '0', '0', '1', '0', '0', '0', '0', '5', '10');
INSERT INTO game_event_creature (`event`, `guid`) VALUES ('1', '152347');
INSERT INTO creature_entry (`spawnID`, `entry`) VALUES ('152348', '16592');
INSERT INTO creature (`spawnID`, `map`, `spawnMask`, `modelid`, `equipment_id`, `position_x`, `position_y`, `position_z`, `orientation`, `spawntimesecs`, `spawndist`, `currentwaypoint`, `curhealth`, `curmana`, `MovementType`, `unit_flags`, `pool_id`, `patch_min`, `patch_max`) VALUES ('152348', '571', '1', NULL, '0', '5499.12', '4869.82', '-197.467', '5.88414', '120', '0', '0', '1', '0', '0', '0', '0', '5', '10');
INSERT INTO game_event_creature (`event`, `guid`) VALUES ('1', '152348');
INSERT INTO creature_entry (`spawnID`, `entry`) VALUES ('152349', '16592');
INSERT INTO creature (`spawnID`, `map`, `spawnMask`, `modelid`, `equipment_id`, `position_x`, `position_y`, `position_z`, `orientation`, `spawntimesecs`, `spawndist`, `currentwaypoint`, `curhealth`, `curmana`, `MovementType`, `unit_flags`, `pool_id`, `patch_min`, `patch_max`) VALUES ('152349', '571', '1', NULL, '0', '3773.85', '1464.02', '92.4174', '6.10863', '120', '0', '0', '1', '0', '0', '0', '0', '5', '10');
INSERT INTO game_event_creature (`event`, `guid`) VALUES ('1', '152349');
INSERT INTO creature_entry (`spawnID`, `entry`) VALUES ('152350', '16592');
INSERT INTO creature (`spawnID`, `map`, `spawnMask`, `modelid`, `equipment_id`, `position_x`, `position_y`, `position_z`, `orientation`, `spawntimesecs`, `spawndist`, `currentwaypoint`, `curhealth`, `curmana`, `MovementType`, `unit_flags`, `pool_id`, `patch_min`, `patch_max`) VALUES ('152350', '571', '1', NULL, '0', '5530.53', '-726.151', '148.904', '5.3977', '120', '0', '0', '1', '0', '0', '0', '0', '5', '10');
INSERT INTO game_event_creature (`event`, `guid`) VALUES ('1', '152350');
INSERT INTO creature_entry (`spawnID`, `entry`) VALUES ('152351', '16592');
INSERT INTO creature (`spawnID`, `map`, `spawnMask`, `modelid`, `equipment_id`, `position_x`, `position_y`, `position_z`, `orientation`, `spawntimesecs`, `spawndist`, `currentwaypoint`, `curhealth`, `curmana`, `MovementType`, `unit_flags`, `pool_id`, `patch_min`, `patch_max`) VALUES ('152351', '571', '1', NULL, '0', '6142.19', '-1020.44', '408.496', '1.91604', '120', '0', '0', '1', '0', '0', '0', '0', '5', '10');
INSERT INTO game_event_creature (`event`, `guid`) VALUES ('1', '152351');
INSERT INTO creature_entry (`spawnID`, `entry`) VALUES ('152352', '16592');
INSERT INTO creature (`spawnID`, `map`, `spawnMask`, `modelid`, `equipment_id`, `position_x`, `position_y`, `position_z`, `orientation`, `spawntimesecs`, `spawndist`, `currentwaypoint`, `curhealth`, `curmana`, `MovementType`, `unit_flags`, `pool_id`, `patch_min`, `patch_max`) VALUES ('152352', '571', '1', NULL, '0', '3368.48', '-2135.25', '124.53', '0.20224', '120', '0', '0', '1', '0', '0', '0', '0', '5', '10');
INSERT INTO game_event_creature (`event`, `guid`) VALUES ('1', '152352');
INSERT INTO creature_entry (`spawnID`, `entry`) VALUES ('152353', '16592');
INSERT INTO creature (`spawnID`, `map`, `spawnMask`, `modelid`, `equipment_id`, `position_x`, `position_y`, `position_z`, `orientation`, `spawntimesecs`, `spawndist`, `currentwaypoint`, `curhealth`, `curmana`, `MovementType`, `unit_flags`, `pool_id`, `patch_min`, `patch_max`) VALUES ('152353', '571', '1', NULL, '0', '2579.72', '-4325.59', '276.934', '5.77529', '120', '0', '0', '1', '0', '0', '0', '0', '5', '10');
INSERT INTO game_event_creature (`event`, `guid`) VALUES ('1', '152353');
INSERT INTO creature_entry (`spawnID`, `entry`) VALUES ('152354', '16592');
INSERT INTO creature (`spawnID`, `map`, `spawnMask`, `modelid`, `equipment_id`, `position_x`, `position_y`, `position_z`, `orientation`, `spawntimesecs`, `spawndist`, `currentwaypoint`, `curhealth`, `curmana`, `MovementType`, `unit_flags`, `pool_id`, `patch_min`, `patch_max`) VALUES ('152354', '530', '1', NULL, '0', '7693.53', '-6836.51', '77.787', '2.7052', '120', '0', '0', '1', '0', '0', '0', '0', '0', '10');
INSERT INTO game_event_creature (`event`, `guid`) VALUES ('1', '152354');
INSERT INTO creature_entry (`spawnID`, `entry`) VALUES ('152355', '16592');
INSERT INTO creature (`spawnID`, `map`, `spawnMask`, `modelid`, `equipment_id`, `position_x`, `position_y`, `position_z`, `orientation`, `spawntimesecs`, `spawndist`, `currentwaypoint`, `curhealth`, `curmana`, `MovementType`, `unit_flags`, `pool_id`, `patch_min`, `patch_max`) VALUES ('152355', '530', '1', NULL, '0', '9386.86', '-6772.24', '14.412', '-2.9146', '120', '0', '0', '1', '0', '0', '0', '0', '0', '10');
INSERT INTO game_event_creature (`event`, `guid`) VALUES ('1', '152355');
INSERT INTO creature_entry (`spawnID`, `entry`) VALUES ('152356', '16592');
INSERT INTO creature (`spawnID`, `map`, `spawnMask`, `modelid`, `equipment_id`, `position_x`, `position_y`, `position_z`, `orientation`, `spawntimesecs`, `spawndist`, `currentwaypoint`, `curhealth`, `curmana`, `MovementType`, `unit_flags`, `pool_id`, `patch_min`, `patch_max`) VALUES ('152356', '0', '1', NULL, '0', '-134.688', '-802.767', '55.0147', '-1.62316', '120', '0', '0', '1', '0', '0', '0', '0', '0', '10');
INSERT INTO game_event_creature (`event`, `guid`) VALUES ('1', '152356');
INSERT INTO creature_entry (`spawnID`, `entry`) VALUES ('152357', '16592');
INSERT INTO creature (`spawnID`, `map`, `spawnMask`, `modelid`, `equipment_id`, `position_x`, `position_y`, `position_z`, `orientation`, `spawntimesecs`, `spawndist`, `currentwaypoint`, `curhealth`, `curmana`, `MovementType`, `unit_flags`, `pool_id`, `patch_min`, `patch_max`) VALUES ('152357', '0', '1', NULL, '0', '-10331.4', '-3297.73', '21.9992', '-2.89725', '120', '0', '0', '1', '0', '0', '0', '0', '0', '10');
INSERT INTO game_event_creature (`event`, `guid`) VALUES ('1', '152357');
INSERT INTO creature_entry (`spawnID`, `entry`) VALUES ('152358', '16592');
INSERT INTO creature (`spawnID`, `map`, `spawnMask`, `modelid`, `equipment_id`, `position_x`, `position_y`, `position_z`, `orientation`, `spawntimesecs`, `spawndist`, `currentwaypoint`, `curhealth`, `curmana`, `MovementType`, `unit_flags`, `pool_id`, `patch_min`, `patch_max`) VALUES ('152358', '0', '1', NULL, '0', '-14376.7', '115.921', '1.4532', '2.11185', '120', '0', '0', '1', '0', '0', '0', '0', '0', '10');
INSERT INTO game_event_creature (`event`, `guid`) VALUES ('1', '152358');
INSERT INTO creature_entry (`spawnID`, `entry`) VALUES ('152359', '16592');
INSERT INTO creature (`spawnID`, `map`, `spawnMask`, `modelid`, `equipment_id`, `position_x`, `position_y`, `position_z`, `orientation`, `spawntimesecs`, `spawndist`, `currentwaypoint`, `curhealth`, `curmana`, `MovementType`, `unit_flags`, `pool_id`, `patch_min`, `patch_max`) VALUES ('152359', '0', '1', NULL, '0', '-7596.42', '-2086.6', '125.17', '-0.942478', '120', '0', '0', '1', '0', '0', '0', '0', '0', '10');
INSERT INTO game_event_creature (`event`, `guid`) VALUES ('1', '152359');
INSERT INTO creature_entry (`spawnID`, `entry`) VALUES ('152360', '16592');
INSERT INTO creature (`spawnID`, `map`, `spawnMask`, `modelid`, `equipment_id`, `position_x`, `position_y`, `position_z`, `orientation`, `spawntimesecs`, `spawndist`, `currentwaypoint`, `curhealth`, `curmana`, `MovementType`, `unit_flags`, `pool_id`, `patch_min`, `patch_max`) VALUES ('152360', '0', '1', NULL, '0', '-447.95', '-4527.65', '8.59595', '1.53589', '120', '0', '0', '1', '0', '0', '0', '0', '0', '10');
INSERT INTO game_event_creature (`event`, `guid`) VALUES ('1', '152360');
INSERT INTO creature_entry (`spawnID`, `entry`) VALUES ('152361', '16592');
INSERT INTO creature (`spawnID`, `map`, `spawnMask`, `modelid`, `equipment_id`, `position_x`, `position_y`, `position_z`, `orientation`, `spawntimesecs`, `spawndist`, `currentwaypoint`, `curhealth`, `curmana`, `MovementType`, `unit_flags`, `pool_id`, `patch_min`, `patch_max`) VALUES ('152361', '0', '1', NULL, '0', '587.056', '1365.02', '90.4778', '2.6529', '120', '0', '0', '1', '0', '0', '0', '0', '0', '10');
INSERT INTO game_event_creature (`event`, `guid`) VALUES ('1', '152361');
INSERT INTO creature_entry (`spawnID`, `entry`) VALUES ('152362', '16592');
INSERT INTO creature (`spawnID`, `map`, `spawnMask`, `modelid`, `equipment_id`, `position_x`, `position_y`, `position_z`, `orientation`, `spawntimesecs`, `spawndist`, `currentwaypoint`, `curhealth`, `curmana`, `MovementType`, `unit_flags`, `pool_id`, `patch_min`, `patch_max`) VALUES ('152362', '0', '1', NULL, '0', '2279.25', '456.009', '33.867', '0.3665', '120', '0', '0', '1', '0', '0', '0', '0', '0', '10');
INSERT INTO game_event_creature (`event`, `guid`) VALUES ('1', '152362');
INSERT INTO creature_entry (`spawnID`, `entry`) VALUES ('152363', '16592');
INSERT INTO creature (`spawnID`, `map`, `spawnMask`, `modelid`, `equipment_id`, `position_x`, `position_y`, `position_z`, `orientation`, `spawntimesecs`, `spawndist`, `currentwaypoint`, `curhealth`, `curmana`, `MovementType`, `unit_flags`, `pool_id`, `patch_min`, `patch_max`) VALUES ('152363', '0', '1', NULL, '0', '-6704.48', '-2200.91', '248.609', '0.017453', '120', '0', '0', '1', '0', '0', '0', '0', '0', '10');
INSERT INTO game_event_creature (`event`, `guid`) VALUES ('1', '152363');
INSERT INTO creature_entry (`spawnID`, `entry`) VALUES ('152364', '16592');
INSERT INTO creature (`spawnID`, `map`, `spawnMask`, `modelid`, `equipment_id`, `position_x`, `position_y`, `position_z`, `orientation`, `spawntimesecs`, `spawndist`, `currentwaypoint`, `curhealth`, `curmana`, `MovementType`, `unit_flags`, `pool_id`, `patch_min`, `patch_max`) VALUES ('152364', '0', '1', NULL, '0', '-1134.84', '-3531.81', '51.0719', '-0.820305', '120', '0', '0', '1', '0', '0', '0', '0', '0', '10');
INSERT INTO game_event_creature (`event`, `guid`) VALUES ('1', '152364');
INSERT INTO creature_entry (`spawnID`, `entry`) VALUES ('152365', '16592');
INSERT INTO creature (`spawnID`, `map`, `spawnMask`, `modelid`, `equipment_id`, `position_x`, `position_y`, `position_z`, `orientation`, `spawntimesecs`, `spawndist`, `currentwaypoint`, `curhealth`, `curmana`, `MovementType`, `unit_flags`, `pool_id`, `patch_min`, `patch_max`) VALUES ('152365', '1', '1', NULL, '0', '2558.73', '-481.666', '109.821', '-2.47837', '120', '0', '0', '1', '0', '0', '0', '0', '0', '10');
INSERT INTO game_event_creature (`event`, `guid`) VALUES ('1', '152365');
INSERT INTO creature_entry (`spawnID`, `entry`) VALUES ('152366', '16592');
INSERT INTO creature (`spawnID`, `map`, `spawnMask`, `modelid`, `equipment_id`, `position_x`, `position_y`, `position_z`, `orientation`, `spawntimesecs`, `spawndist`, `currentwaypoint`, `curhealth`, `curmana`, `MovementType`, `unit_flags`, `pool_id`, `patch_min`, `patch_max`) VALUES ('152366', '1', '1', NULL, '0', '-55.5039', '1271.35', '91.9489', '1.5708', '120', '0', '0', '1', '0', '0', '0', '0', '0', '10');
INSERT INTO game_event_creature (`event`, `guid`) VALUES ('1', '152366');
INSERT INTO creature_entry (`spawnID`, `entry`) VALUES ('152367', '16592');
INSERT INTO creature (`spawnID`, `map`, `spawnMask`, `modelid`, `equipment_id`, `position_x`, `position_y`, `position_z`, `orientation`, `spawntimesecs`, `spawndist`, `currentwaypoint`, `curhealth`, `curmana`, `MovementType`, `unit_flags`, `pool_id`, `patch_min`, `patch_max`) VALUES ('152367', '1', '1', NULL, '0', '-3447.55', '-4231.67', '10.6645', '0.802851', '120', '0', '0', '1', '0', '0', '0', '0', '0', '10');
INSERT INTO game_event_creature (`event`, `guid`) VALUES ('1', '152367');
INSERT INTO creature_entry (`spawnID`, `entry`) VALUES ('152368', '16592');
INSERT INTO creature (`spawnID`, `map`, `spawnMask`, `modelid`, `equipment_id`, `position_x`, `position_y`, `position_z`, `orientation`, `spawntimesecs`, `spawndist`, `currentwaypoint`, `curhealth`, `curmana`, `MovementType`, `unit_flags`, `pool_id`, `patch_min`, `patch_max`) VALUES ('152368', '1', '1', NULL, '0', '6860.03', '-4767.11', '696.833', '-2.63545', '120', '0', '0', '1', '0', '0', '0', '0', '0', '10');
INSERT INTO game_event_creature (`event`, `guid`) VALUES ('1', '152368');
INSERT INTO creature_entry (`spawnID`, `entry`) VALUES ('152369', '16592');
INSERT INTO creature (`spawnID`, `map`, `spawnMask`, `modelid`, `equipment_id`, `position_x`, `position_y`, `position_z`, `orientation`, `spawntimesecs`, `spawndist`, `currentwaypoint`, `curhealth`, `curmana`, `MovementType`, `unit_flags`, `pool_id`, `patch_min`, `patch_max`) VALUES ('152369', '1', '1', NULL, '0', '-7216.15', '-3859.66', '11.9664', '4.00788', '120', '0', '0', '1', '0', '0', '0', '0', '0', '10');
INSERT INTO game_event_creature (`event`, `guid`) VALUES ('1', '152369');
INSERT INTO creature_entry (`spawnID`, `entry`) VALUES ('152370', '16592');
INSERT INTO creature (`spawnID`, `map`, `spawnMask`, `modelid`, `equipment_id`, `position_x`, `position_y`, `position_z`, `orientation`, `spawntimesecs`, `spawndist`, `currentwaypoint`, `curhealth`, `curmana`, `MovementType`, `unit_flags`, `pool_id`, `patch_min`, `patch_max`) VALUES ('152370', '1', '1', NULL, '0', '-6771.96', '527.151', '-1.40004', '3.1949', '120', '0', '0', '1', '0', '0', '0', '0', '0', '10');
INSERT INTO game_event_creature (`event`, `guid`) VALUES ('1', '152370');
INSERT INTO creature_entry (`spawnID`, `entry`) VALUES ('152371', '16592');
INSERT INTO creature (`spawnID`, `map`, `spawnMask`, `modelid`, `equipment_id`, `position_x`, `position_y`, `position_z`, `orientation`, `spawntimesecs`, `spawndist`, `currentwaypoint`, `curhealth`, `curmana`, `MovementType`, `unit_flags`, `pool_id`, `patch_min`, `patch_max`) VALUES ('152371', '1', '1', NULL, '0', '-4412.02', '3480.24', '12.6312', '6.12709', '120', '0', '0', '1', '0', '0', '0', '0', '0', '10');
INSERT INTO game_event_creature (`event`, `guid`) VALUES ('1', '152371');
INSERT INTO creature_entry (`spawnID`, `entry`) VALUES ('152372', '16592');
INSERT INTO creature (`spawnID`, `map`, `spawnMask`, `modelid`, `equipment_id`, `position_x`, `position_y`, `position_z`, `orientation`, `spawntimesecs`, `spawndist`, `currentwaypoint`, `curhealth`, `curmana`, `MovementType`, `unit_flags`, `pool_id`, `patch_min`, `patch_max`) VALUES ('152372', '1', '1', NULL, '0', '6327.68', '512.61', '17.4723', '0.034907', '120', '0', '0', '1', '0', '0', '0', '0', '0', '10');
INSERT INTO game_event_creature (`event`, `guid`) VALUES ('1', '152372');
INSERT INTO creature_entry (`spawnID`, `entry`) VALUES ('152373', '16592');
INSERT INTO creature (`spawnID`, `map`, `spawnMask`, `modelid`, `equipment_id`, `position_x`, `position_y`, `position_z`, `orientation`, `spawntimesecs`, `spawndist`, `currentwaypoint`, `curhealth`, `curmana`, `MovementType`, `unit_flags`, `pool_id`, `patch_min`, `patch_max`) VALUES ('152373', '530', '1', NULL, '0', '-4223.84', '-12318.4', '2.47695', '5.69342', '120', '0', '0', '1', '0', '0', '0', '0', '0', '10');
INSERT INTO game_event_creature (`event`, `guid`) VALUES ('1', '152373');
INSERT INTO creature_entry (`spawnID`, `entry`) VALUES ('152374', '16592');
INSERT INTO creature (`spawnID`, `map`, `spawnMask`, `modelid`, `equipment_id`, `position_x`, `position_y`, `position_z`, `orientation`, `spawntimesecs`, `spawndist`, `currentwaypoint`, `curhealth`, `curmana`, `MovementType`, `unit_flags`, `pool_id`, `patch_min`, `patch_max`) VALUES ('152374', '530', '1', NULL, '0', '-2254.78', '-11896.3', '27.4979', '5.24028', '120', '0', '0', '1', '0', '0', '0', '0', '0', '10');
INSERT INTO game_event_creature (`event`, `guid`) VALUES ('1', '152374');
INSERT INTO creature_entry (`spawnID`, `entry`) VALUES ('152375', '16592');
INSERT INTO creature (`spawnID`, `map`, `spawnMask`, `modelid`, `equipment_id`, `position_x`, `position_y`, `position_z`, `orientation`, `spawntimesecs`, `spawndist`, `currentwaypoint`, `curhealth`, `curmana`, `MovementType`, `unit_flags`, `pool_id`, `patch_min`, `patch_max`) VALUES ('152375', '1', '1', NULL, '0', '9778.64', '1019.38', '1299.79', '0.261799', '120', '0', '0', '1', '0', '0', '0', '0', '0', '10');
INSERT INTO game_event_creature (`event`, `guid`) VALUES ('1', '152375');
INSERT INTO creature_entry (`spawnID`, `entry`) VALUES ('152376', '16592');
INSERT INTO creature (`spawnID`, `map`, `spawnMask`, `modelid`, `equipment_id`, `position_x`, `position_y`, `position_z`, `orientation`, `spawntimesecs`, `spawndist`, `currentwaypoint`, `curhealth`, `curmana`, `MovementType`, `unit_flags`, `pool_id`, `patch_min`, `patch_max`) VALUES ('152376', '0', '1', NULL, '0', '188.243', '-2132.53', '102.674', '-1.37881', '120', '0', '0', '1', '0', '0', '0', '0', '0', '10');
INSERT INTO game_event_creature (`event`, `guid`) VALUES ('1', '152376');
INSERT INTO creature_entry (`spawnID`, `entry`) VALUES ('152377', '16592');
INSERT INTO creature (`spawnID`, `map`, `spawnMask`, `modelid`, `equipment_id`, `position_x`, `position_y`, `position_z`, `orientation`, `spawntimesecs`, `spawndist`, `currentwaypoint`, `curhealth`, `curmana`, `MovementType`, `unit_flags`, `pool_id`, `patch_min`, `patch_max`) VALUES ('152377', '0', '1', NULL, '0', '989.562', '-1453.47', '61.0011', '4.9105', '120', '0', '0', '1', '0', '0', '0', '0', '0', '10');
INSERT INTO game_event_creature (`event`, `guid`) VALUES ('1', '152377');
INSERT INTO creature_entry (`spawnID`, `entry`) VALUES ('152378', '16592');
INSERT INTO creature (`spawnID`, `map`, `spawnMask`, `modelid`, `equipment_id`, `position_x`, `position_y`, `position_z`, `orientation`, `spawntimesecs`, `spawndist`, `currentwaypoint`, `curhealth`, `curmana`, `MovementType`, `unit_flags`, `pool_id`, `patch_min`, `patch_max`) VALUES ('152378', '0', '1', NULL, '0', '-604.148', '-545.813', '36.579', '0.698132', '120', '0', '0', '1', '0', '0', '0', '0', '0', '10');
INSERT INTO game_event_creature (`event`, `guid`) VALUES ('1', '152378');
INSERT INTO creature_entry (`spawnID`, `entry`) VALUES ('152379', '16592');
INSERT INTO creature (`spawnID`, `map`, `spawnMask`, `modelid`, `equipment_id`, `position_x`, `position_y`, `position_z`, `orientation`, `spawntimesecs`, `spawndist`, `currentwaypoint`, `curhealth`, `curmana`, `MovementType`, `unit_flags`, `pool_id`, `patch_min`, `patch_max`) VALUES ('152379', '0', '1', NULL, '0', '-10657.1', '1054.63', '32.6733', '2.47837', '120', '0', '0', '1', '0', '0', '0', '0', '0', '10');
INSERT INTO game_event_creature (`event`, `guid`) VALUES ('1', '152379');
INSERT INTO creature_entry (`spawnID`, `entry`) VALUES ('152380', '16592');
INSERT INTO creature (`spawnID`, `map`, `spawnMask`, `modelid`, `equipment_id`, `position_x`, `position_y`, `position_z`, `orientation`, `spawntimesecs`, `spawndist`, `currentwaypoint`, `curhealth`, `curmana`, `MovementType`, `unit_flags`, `pool_id`, `patch_min`, `patch_max`) VALUES ('152380', '0', '1', NULL, '0', '-3448.2', '-938.102', '10.6583', '0.034907', '120', '0', '0', '1', '0', '0', '0', '0', '0', '10');
INSERT INTO game_event_creature (`event`, `guid`) VALUES ('1', '152380');
INSERT INTO creature_entry (`spawnID`, `entry`) VALUES ('152381', '16592');
INSERT INTO creature (`spawnID`, `map`, `spawnMask`, `modelid`, `equipment_id`, `position_x`, `position_y`, `position_z`, `orientation`, `spawntimesecs`, `spawndist`, `currentwaypoint`, `curhealth`, `curmana`, `MovementType`, `unit_flags`, `pool_id`, `patch_min`, `patch_max`) VALUES ('152381', '0', '1', NULL, '0', '-9394.21', '37.5017', '59.882', '1.15192', '120', '0', '0', '1', '0', '0', '0', '0', '0', '10');
INSERT INTO game_event_creature (`event`, `guid`) VALUES ('1', '152381');
INSERT INTO creature_entry (`spawnID`, `entry`) VALUES ('152382', '16592');
INSERT INTO creature (`spawnID`, `map`, `spawnMask`, `modelid`, `equipment_id`, `position_x`, `position_y`, `position_z`, `orientation`, `spawntimesecs`, `spawndist`, `currentwaypoint`, `curhealth`, `curmana`, `MovementType`, `unit_flags`, `pool_id`, `patch_min`, `patch_max`) VALUES ('152382', '0', '1', NULL, '0', '-8245.62', '-2623.9', '133.155', '4.04776', '120', '0', '0', '1', '0', '0', '0', '0', '0', '10');
INSERT INTO game_event_creature (`event`, `guid`) VALUES ('1', '152382');
INSERT INTO creature_entry (`spawnID`, `entry`) VALUES ('152383', '16592');
INSERT INTO creature (`spawnID`, `map`, `spawnMask`, `modelid`, `equipment_id`, `position_x`, `position_y`, `position_z`, `orientation`, `spawntimesecs`, `spawndist`, `currentwaypoint`, `curhealth`, `curmana`, `MovementType`, `unit_flags`, `pool_id`, `patch_min`, `patch_max`) VALUES ('152383', '0', '1', NULL, '0', '-10951.5', '-3218.1', '41.3475', '1.91986', '120', '0', '0', '1', '0', '0', '0', '0', '0', '10');
INSERT INTO game_event_creature (`event`, `guid`) VALUES ('1', '152383');
INSERT INTO creature_entry (`spawnID`, `entry`) VALUES ('152384', '16592');
INSERT INTO creature (`spawnID`, `map`, `spawnMask`, `modelid`, `equipment_id`, `position_x`, `position_y`, `position_z`, `orientation`, `spawntimesecs`, `spawndist`, `currentwaypoint`, `curhealth`, `curmana`, `MovementType`, `unit_flags`, `pool_id`, `patch_min`, `patch_max`) VALUES ('152384', '0', '1', NULL, '0', '-1211.6', '-2676.88', '45.3612', '-0.645772', '120', '0', '0', '1', '0', '0', '0', '0', '0', '10');
INSERT INTO game_event_creature (`event`, `guid`) VALUES ('1', '152384');
INSERT INTO creature_entry (`spawnID`, `entry`) VALUES ('152385', '16592');
INSERT INTO creature (`spawnID`, `map`, `spawnMask`, `modelid`, `equipment_id`, `position_x`, `position_y`, `position_z`, `orientation`, `spawntimesecs`, `spawndist`, `currentwaypoint`, `curhealth`, `curmana`, `MovementType`, `unit_flags`, `pool_id`, `patch_min`, `patch_max`) VALUES ('152385', '0', '1', NULL, '0', '-14288.1', '61.8062', '0.68836', '1.37881', '120', '0', '0', '1', '0', '0', '0', '0', '0', '10');
INSERT INTO game_event_creature (`event`, `guid`) VALUES ('1', '152385');
INSERT INTO creature_entry (`spawnID`, `entry`) VALUES ('152386', '16592');
INSERT INTO creature (`spawnID`, `map`, `spawnMask`, `modelid`, `equipment_id`, `position_x`, `position_y`, `position_z`, `orientation`, `spawntimesecs`, `spawndist`, `currentwaypoint`, `curhealth`, `curmana`, `MovementType`, `unit_flags`, `pool_id`, `patch_min`, `patch_max`) VALUES ('152386', '0', '1', NULL, '0', '-5404.93', '-492.299', '395.597', '-0.506145', '120', '0', '0', '1', '0', '0', '0', '0', '0', '10');
INSERT INTO game_event_creature (`event`, `guid`) VALUES ('1', '152386');
INSERT INTO creature_entry (`spawnID`, `entry`) VALUES ('152387', '16592');
INSERT INTO creature (`spawnID`, `map`, `spawnMask`, `modelid`, `equipment_id`, `position_x`, `position_y`, `position_z`, `orientation`, `spawntimesecs`, `spawndist`, `currentwaypoint`, `curhealth`, `curmana`, `MovementType`, `unit_flags`, `pool_id`, `patch_min`, `patch_max`) VALUES ('152387', '0', '1', NULL, '0', '-10704.8', '-1146.38', '24.7909', '2.09439', '120', '0', '0', '1', '0', '0', '0', '0', '0', '10');
INSERT INTO game_event_creature (`event`, `guid`) VALUES ('1', '152387');
INSERT INTO creature_entry (`spawnID`, `entry`) VALUES ('152388', '16592');
INSERT INTO creature (`spawnID`, `map`, `spawnMask`, `modelid`, `equipment_id`, `position_x`, `position_y`, `position_z`, `orientation`, `spawntimesecs`, `spawndist`, `currentwaypoint`, `curhealth`, `curmana`, `MovementType`, `unit_flags`, `pool_id`, `patch_min`, `patch_max`) VALUES ('152388', '0', '1', NULL, '0', '-5233.16', '-2893.37', '337.286', '-0.226893', '120', '0', '0', '1', '0', '0', '0', '0', '0', '10');
INSERT INTO game_event_creature (`event`, `guid`) VALUES ('1', '152388');
INSERT INTO creature_entry (`spawnID`, `entry`) VALUES ('152389', '16592');
INSERT INTO creature (`spawnID`, `map`, `spawnMask`, `modelid`, `equipment_id`, `position_x`, `position_y`, `position_z`, `orientation`, `spawntimesecs`, `spawndist`, `currentwaypoint`, `curhealth`, `curmana`, `MovementType`, `unit_flags`, `pool_id`, `patch_min`, `patch_max`) VALUES ('152389', '0', '1', NULL, '0', '-9434.3', '-2110.36', '65.8038', '0.349066', '120', '0', '0', '1', '0', '0', '0', '0', '0', '10');
INSERT INTO game_event_creature (`event`, `guid`) VALUES ('1', '152389');
INSERT INTO creature_entry (`spawnID`, `entry`) VALUES ('152390', '16592');
INSERT INTO creature (`spawnID`, `map`, `spawnMask`, `modelid`, `equipment_id`, `position_x`, `position_y`, `position_z`, `orientation`, `spawntimesecs`, `spawndist`, `currentwaypoint`, `curhealth`, `curmana`, `MovementType`, `unit_flags`, `pool_id`, `patch_min`, `patch_max`) VALUES ('152390', '571', '1', NULL, '0', '4122.37', '5390.27', '27.8408', '5.32484', '120', '0', '0', '1', '0', '0', '0', '0', '5', '10');
INSERT INTO game_event_creature (`event`, `guid`) VALUES ('1', '152390');
INSERT INTO creature_entry (`spawnID`, `entry`) VALUES ('152391', '16592');
INSERT INTO creature (`spawnID`, `map`, `spawnMask`, `modelid`, `equipment_id`, `position_x`, `position_y`, `position_z`, `orientation`, `spawntimesecs`, `spawndist`, `currentwaypoint`, `curhealth`, `curmana`, `MovementType`, `unit_flags`, `pool_id`, `patch_min`, `patch_max`) VALUES ('152391', '571', '1', NULL, '0', '3936.15', '-583.456', '240.5', '4.0611', '120', '0', '0', '1', '0', '0', '0', '0', '5', '10');
INSERT INTO game_event_creature (`event`, `guid`) VALUES ('1', '152391');
INSERT INTO creature_entry (`spawnID`, `entry`) VALUES ('152392', '16592');
INSERT INTO creature (`spawnID`, `map`, `spawnMask`, `modelid`, `equipment_id`, `position_x`, `position_y`, `position_z`, `orientation`, `spawntimesecs`, `spawndist`, `currentwaypoint`, `curhealth`, `curmana`, `MovementType`, `unit_flags`, `pool_id`, `patch_min`, `patch_max`) VALUES ('152392', '571', '1', NULL, '0', '3403.4', '-2896.41', '201.988', '2.32303', '120', '0', '0', '1', '0', '0', '0', '0', '5', '10');
INSERT INTO game_event_creature (`event`, `guid`) VALUES ('1', '152392');
INSERT INTO creature_entry (`spawnID`, `entry`) VALUES ('152393', '16592');
INSERT INTO creature (`spawnID`, `map`, `spawnMask`, `modelid`, `equipment_id`, `position_x`, `position_y`, `position_z`, `orientation`, `spawntimesecs`, `spawndist`, `currentwaypoint`, `curhealth`, `curmana`, `MovementType`, `unit_flags`, `pool_id`, `patch_min`, `patch_max`) VALUES ('152393', '571', '1', NULL, '0', '2454.19', '-4910.31', '263.893', '1.66082', '120', '0', '0', '1', '0', '0', '0', '0', '5', '10');
INSERT INTO game_event_creature (`event`, `guid`) VALUES ('1', '152393');
INSERT INTO creature_entry (`spawnID`, `entry`) VALUES ('152394', '16592');
INSERT INTO creature (`spawnID`, `map`, `spawnMask`, `modelid`, `equipment_id`, `position_x`, `position_y`, `position_z`, `orientation`, `spawntimesecs`, `spawndist`, `currentwaypoint`, `curhealth`, `curmana`, `MovementType`, `unit_flags`, `pool_id`, `patch_min`, `patch_max`) VALUES ('152394', '571', '1', NULL, '0', '5626.92', '-2622.29', '292.417', '1.6785', '120', '0', '0', '1', '0', '0', '0', '0', '5', '10');
INSERT INTO game_event_creature (`event`, `guid`) VALUES ('1', '152394');
INSERT INTO creature_entry (`spawnID`, `entry`) VALUES ('152395', '16592');
INSERT INTO creature (`spawnID`, `map`, `spawnMask`, `modelid`, `equipment_id`, `position_x`, `position_y`, `position_z`, `orientation`, `spawntimesecs`, `spawndist`, `currentwaypoint`, `curhealth`, `curmana`, `MovementType`, `unit_flags`, `pool_id`, `patch_min`, `patch_max`) VALUES ('152395', '571', '1', NULL, '0', '6081.58', '-1107.81', '419.498', '5.2117', '120', '0', '0', '1', '0', '0', '0', '0', '5', '10');
INSERT INTO game_event_creature (`event`, `guid`) VALUES ('1', '152395');
INSERT INTO creature_entry (`spawnID`, `entry`) VALUES ('152396', '16592');
INSERT INTO creature (`spawnID`, `map`, `spawnMask`, `modelid`, `equipment_id`, `position_x`, `position_y`, `position_z`, `orientation`, `spawntimesecs`, `spawndist`, `currentwaypoint`, `curhealth`, `curmana`, `MovementType`, `unit_flags`, `pool_id`, `patch_min`, `patch_max`) VALUES ('152396', '571', '1', NULL, '0', '5369.18', '4842.41', '-197.357', '4.53948', '120', '0', '0', '1', '0', '0', '0', '0', '5', '10');
INSERT INTO game_event_creature (`event`, `guid`) VALUES ('1', '152396');
INSERT INTO creature_entry (`spawnID`, `entry`) VALUES ('152397', '16592');
INSERT INTO creature (`spawnID`, `map`, `spawnMask`, `modelid`, `equipment_id`, `position_x`, `position_y`, `position_z`, `orientation`, `spawntimesecs`, `spawndist`, `currentwaypoint`, `curhealth`, `curmana`, `MovementType`, `unit_flags`, `pool_id`, `patch_min`, `patch_max`) VALUES ('152397', '571', '1', NULL, '0', '5144.94', '-695.736', '171.284', '5.22017', '120', '0', '0', '1', '0', '0', '0', '0', '5', '10');
INSERT INTO game_event_creature (`event`, `guid`) VALUES ('1', '152397');
INSERT INTO creature_entry (`spawnID`, `entry`) VALUES ('152398', '16592');
INSERT INTO creature (`spawnID`, `map`, `spawnMask`, `modelid`, `equipment_id`, `position_x`, `position_y`, `position_z`, `orientation`, `spawntimesecs`, `spawndist`, `currentwaypoint`, `curhealth`, `curmana`, `MovementType`, `unit_flags`, `pool_id`, `patch_min`, `patch_max`) VALUES ('152398', '530', '1', NULL, '0', '-3941.98', '2048.49', '95.0656', '4.87742', '120', '0', '0', '1', '0', '0', '0', '0', '0', '10');
INSERT INTO game_event_creature (`event`, `guid`) VALUES ('1', '152398');
INSERT INTO creature_entry (`spawnID`, `entry`) VALUES ('152399', '16592');
INSERT INTO creature (`spawnID`, `map`, `spawnMask`, `modelid`, `equipment_id`, `position_x`, `position_y`, `position_z`, `orientation`, `spawntimesecs`, `spawndist`, `currentwaypoint`, `curhealth`, `curmana`, `MovementType`, `unit_flags`, `pool_id`, `patch_min`, `patch_max`) VALUES ('152399', '530', '1', NULL, '0', '-2526.69', '7548.83', '-2.23534', '5.32817', '120', '0', '0', '1', '0', '0', '0', '0', '0', '10');
INSERT INTO game_event_creature (`event`, `guid`) VALUES ('1', '152399');
INSERT INTO creature_entry (`spawnID`, `entry`) VALUES ('152400', '16592');
INSERT INTO creature (`spawnID`, `map`, `spawnMask`, `modelid`, `equipment_id`, `position_x`, `position_y`, `position_z`, `orientation`, `spawntimesecs`, `spawndist`, `currentwaypoint`, `curhealth`, `curmana`, `MovementType`, `unit_flags`, `pool_id`, `patch_min`, `patch_max`) VALUES ('152400', '530', '1', NULL, '0', '3121.5', '3753.88', '141.851', '5.85856', '120', '0', '0', '1', '0', '0', '0', '0', '0', '10');
INSERT INTO game_event_creature (`event`, `guid`) VALUES ('1', '152400');
INSERT INTO creature_entry (`spawnID`, `entry`) VALUES ('152401', '16592');
INSERT INTO creature (`spawnID`, `map`, `spawnMask`, `modelid`, `equipment_id`, `position_x`, `position_y`, `position_z`, `orientation`, `spawntimesecs`, `spawndist`, `currentwaypoint`, `curhealth`, `curmana`, `MovementType`, `unit_flags`, `pool_id`, `patch_min`, `patch_max`) VALUES ('152401', '530', '1', NULL, '0', '-528.509', '2339.11', '38.7252', '2.14675', '120', '0', '0', '1', '0', '0', '0', '0', '0', '10');
INSERT INTO game_event_creature (`event`, `guid`) VALUES ('1', '152401');
INSERT INTO creature_entry (`spawnID`, `entry`) VALUES ('152402', '16592');
INSERT INTO creature (`spawnID`, `map`, `spawnMask`, `modelid`, `equipment_id`, `position_x`, `position_y`, `position_z`, `orientation`, `spawntimesecs`, `spawndist`, `currentwaypoint`, `curhealth`, `curmana`, `MovementType`, `unit_flags`, `pool_id`, `patch_min`, `patch_max`) VALUES ('152402', '530', '1', NULL, '0', '-3004.07', '4152.48', '3.64988', '1.75455', '120', '0', '0', '1', '0', '0', '0', '0', '0', '10');
INSERT INTO game_event_creature (`event`, `guid`) VALUES ('1', '152402');
INSERT INTO creature_entry (`spawnID`, `entry`) VALUES ('152403', '16592');
INSERT INTO creature (`spawnID`, `map`, `spawnMask`, `modelid`, `equipment_id`, `position_x`, `position_y`, `position_z`, `orientation`, `spawntimesecs`, `spawndist`, `currentwaypoint`, `curhealth`, `curmana`, `MovementType`, `unit_flags`, `pool_id`, `patch_min`, `patch_max`) VALUES ('152403', '530', '1', NULL, '0', '2019.7', '6587.14', '134.985', '6.23705', '120', '0', '0', '1', '0', '0', '0', '0', '0', '10');
INSERT INTO game_event_creature (`event`, `guid`) VALUES ('1', '152403');
INSERT INTO creature_entry (`spawnID`, `entry`) VALUES ('152404', '16592');
INSERT INTO creature (`spawnID`, `map`, `spawnMask`, `modelid`, `equipment_id`, `position_x`, `position_y`, `position_z`, `orientation`, `spawntimesecs`, `spawndist`, `currentwaypoint`, `curhealth`, `curmana`, `MovementType`, `unit_flags`, `pool_id`, `patch_min`, `patch_max`) VALUES ('152404', '530', '1', NULL, '0', '192.209', '6015.13', '22.1067', '0.00709009', '120', '0', '0', '1', '0', '0', '0', '0', '0', '10');
INSERT INTO game_event_creature (`event`, `guid`) VALUES ('1', '152404');


-- Importing creature spawn with guid 83244 with import type REPLACE_ALL
INSERT INTO creature_entry (`spawnID`, `entry`) VALUES ('202751', '26113');
INSERT INTO creature (`spawnID`, `map`, `spawnMask`, `modelid`, `equipment_id`, `position_x`, `position_y`, `position_z`, `orientation`, `spawntimesecs`, `spawndist`, `currentwaypoint`, `curhealth`, `curmana`, `MovementType`, `unit_flags`, `pool_id`, `patch_min`, `patch_max`) VALUES ('202751', '530', '1', NULL, '1', '9811.29', '-7242.43', '26.179', '0', '120', '0', '0', '1', '0', '0', '0', '0', '0', '10');
INSERT INTO game_event_creature (`event`, `guid`) VALUES ('1', '202751');


-- Importing creature spawn with guid 1886 with import type REPLACE_ALL
INSERT INTO creature_entry (`spawnID`, `entry`) VALUES ('46888', '17066');
-- Has LK modelid 11686 already in creature template, set to 0.
INSERT INTO creature (`spawnID`, `map`, `spawnMask`, `modelid`, `equipment_id`, `position_x`, `position_y`, `position_z`, `orientation`, `spawntimesecs`, `spawndist`, `currentwaypoint`, `curhealth`, `curmana`, `MovementType`, `unit_flags`, `pool_id`, `patch_min`, `patch_max`) VALUES ('46888', '1', '1', NULL, '0', '8727.2', '965.526', '19.0808', '-0.767945', '300', '0', '0', '42', '0', '0', '0', '0', '0', '10');
INSERT INTO creature_entry (`spawnID`, `entry`) VALUES ('46889', '17066');
-- Has LK modelid 11686 already in creature template, set to 0.
INSERT INTO creature (`spawnID`, `map`, `spawnMask`, `modelid`, `equipment_id`, `position_x`, `position_y`, `position_z`, `orientation`, `spawntimesecs`, `spawndist`, `currentwaypoint`, `curhealth`, `curmana`, `MovementType`, `unit_flags`, `pool_id`, `patch_min`, `patch_max`) VALUES ('46889', '1', '1', NULL, '0', '9781.94', '1034.6', '1305.4', '-0.506145', '300', '0', '0', '42', '0', '0', '0', '0', '0', '10');
INSERT INTO creature_entry (`spawnID`, `entry`) VALUES ('94805', '17066');
-- Has LK modelid 11686 already in creature template, set to 0.
INSERT INTO creature (`spawnID`, `map`, `spawnMask`, `modelid`, `equipment_id`, `position_x`, `position_y`, `position_z`, `orientation`, `spawntimesecs`, `spawndist`, `currentwaypoint`, `curhealth`, `curmana`, `MovementType`, `unit_flags`, `pool_id`, `patch_min`, `patch_max`) VALUES ('94805', '1', '1', NULL, '0', '-6780.28', '555.167', '10.2452', '-0.506145', '300', '0', '0', '42', '0', '0', '0', '0', '0', '10');
INSERT INTO game_event_creature (`event`, `guid`) VALUES ('1', '94805');
INSERT INTO creature_entry (`spawnID`, `entry`) VALUES ('94808', '17066');
-- Has LK modelid 11686 already in creature template, set to 0.
INSERT INTO creature (`spawnID`, `map`, `spawnMask`, `modelid`, `equipment_id`, `position_x`, `position_y`, `position_z`, `orientation`, `spawntimesecs`, `spawndist`, `currentwaypoint`, `curhealth`, `curmana`, `MovementType`, `unit_flags`, `pool_id`, `patch_min`, `patch_max`) VALUES ('94808', '1', '1', NULL, '0', '-7097.15', '-3673.05', '17.8641', '-0.506145', '300', '0', '0', '42', '0', '0', '0', '0', '0', '10');
INSERT INTO game_event_creature (`event`, `guid`) VALUES ('1', '94808');
INSERT INTO creature_entry (`spawnID`, `entry`) VALUES ('94831', '17066');
-- Has LK modelid 11686 already in creature template, set to 0.
INSERT INTO creature (`spawnID`, `map`, `spawnMask`, `modelid`, `equipment_id`, `position_x`, `position_y`, `position_z`, `orientation`, `spawntimesecs`, `spawndist`, `currentwaypoint`, `curhealth`, `curmana`, `MovementType`, `unit_flags`, `pool_id`, `patch_min`, `patch_max`) VALUES ('94831', '1', '1', NULL, '0', '-7243.9', '-3843.01', '16.7526', '-0.506145', '300', '0', '0', '42', '0', '0', '0', '0', '0', '10');
INSERT INTO game_event_creature (`event`, `guid`) VALUES ('1', '94831');
INSERT INTO creature_entry (`spawnID`, `entry`) VALUES ('94839', '17066');
-- Has LK modelid 11686 already in creature template, set to 0.
INSERT INTO creature (`spawnID`, `map`, `spawnMask`, `modelid`, `equipment_id`, `position_x`, `position_y`, `position_z`, `orientation`, `spawntimesecs`, `spawndist`, `currentwaypoint`, `curhealth`, `curmana`, `MovementType`, `unit_flags`, `pool_id`, `patch_min`, `patch_max`) VALUES ('94839', '0', '1', NULL, '0', '-14277.4', '47.3126', '7.31497', '-0.506145', '300', '0', '0', '42', '0', '0', '0', '0', '0', '10');
INSERT INTO game_event_creature (`event`, `guid`) VALUES ('1', '94839');
INSERT INTO creature_entry (`spawnID`, `entry`) VALUES ('94840', '17066');
-- Has LK modelid 11686 already in creature template, set to 0.
INSERT INTO creature (`spawnID`, `map`, `spawnMask`, `modelid`, `equipment_id`, `position_x`, `position_y`, `position_z`, `orientation`, `spawntimesecs`, `spawndist`, `currentwaypoint`, `curhealth`, `curmana`, `MovementType`, `unit_flags`, `pool_id`, `patch_min`, `patch_max`) VALUES ('94840', '0', '1', NULL, '0', '-1190.49', '-2672.88', '52.9978', '-0.506145', '300', '0', '0', '42', '0', '0', '0', '0', '0', '10');
INSERT INTO game_event_creature (`event`, `guid`) VALUES ('1', '94840');
INSERT INTO creature_entry (`spawnID`, `entry`) VALUES ('145538', '17066');
-- Has LK modelid 11686 already in creature template, set to 0.
INSERT INTO creature (`spawnID`, `map`, `spawnMask`, `modelid`, `equipment_id`, `position_x`, `position_y`, `position_z`, `orientation`, `spawntimesecs`, `spawndist`, `currentwaypoint`, `curhealth`, `curmana`, `MovementType`, `unit_flags`, `pool_id`, `patch_min`, `patch_max`) VALUES ('145538', '1', '1', NULL, '0', '6841.91', '-4747.45', '704.444', '-0.506145', '300', '0', '0', '42', '0', '0', '0', '0', '0', '10');
INSERT INTO game_event_creature (`event`, `guid`) VALUES ('1', '145538');
INSERT INTO creature_entry (`spawnID`, `entry`) VALUES ('145539', '17066');
-- Has LK modelid 11686 already in creature template, set to 0.
INSERT INTO creature (`spawnID`, `map`, `spawnMask`, `modelid`, `equipment_id`, `position_x`, `position_y`, `position_z`, `orientation`, `spawntimesecs`, `spawndist`, `currentwaypoint`, `curhealth`, `curmana`, `MovementType`, `unit_flags`, `pool_id`, `patch_min`, `patch_max`) VALUES ('145539', '1', '1', NULL, '0', '146.607', '-4735.15', '21.489', '-0.5061', '300', '0', '0', '42', '0', '0', '0', '0', '0', '10');
INSERT INTO game_event_creature (`event`, `guid`) VALUES ('1', '145539');
INSERT INTO creature_entry (`spawnID`, `entry`) VALUES ('145540', '17066');
-- Has LK modelid 11686 already in creature template, set to 0.
INSERT INTO creature (`spawnID`, `map`, `spawnMask`, `modelid`, `equipment_id`, `position_x`, `position_y`, `position_z`, `orientation`, `spawntimesecs`, `spawndist`, `currentwaypoint`, `curhealth`, `curmana`, `MovementType`, `unit_flags`, `pool_id`, `patch_min`, `patch_max`) VALUES ('145540', '530', '1', NULL, '0', '9379.9', '-6791.63', '21.5129', '-0.5061', '300', '0', '0', '42', '0', '0', '0', '0', '0', '10');
INSERT INTO game_event_creature (`event`, `guid`) VALUES ('1', '145540');
INSERT INTO creature_entry (`spawnID`, `entry`) VALUES ('145541', '17066');
-- Has LK modelid 11686 already in creature template, set to 0.
INSERT INTO creature (`spawnID`, `map`, `spawnMask`, `modelid`, `equipment_id`, `position_x`, `position_y`, `position_z`, `orientation`, `spawntimesecs`, `spawndist`, `currentwaypoint`, `curhealth`, `curmana`, `MovementType`, `unit_flags`, `pool_id`, `patch_min`, `patch_max`) VALUES ('145541', '530', '1', NULL, '0', '9805.37', '-7255.5', '32.7329', '-0.06981', '300', '0', '0', '42', '0', '0', '0', '0', '0', '10');
INSERT INTO game_event_creature (`event`, `guid`) VALUES ('1', '145541');
INSERT INTO creature_entry (`spawnID`, `entry`) VALUES ('145542', '17066');
-- Has LK modelid 11686 already in creature template, set to 0.
INSERT INTO creature (`spawnID`, `map`, `spawnMask`, `modelid`, `equipment_id`, `position_x`, `position_y`, `position_z`, `orientation`, `spawntimesecs`, `spawndist`, `currentwaypoint`, `curhealth`, `curmana`, `MovementType`, `unit_flags`, `pool_id`, `patch_min`, `patch_max`) VALUES ('145542', '530', '1', NULL, '0', '7670.44', '-6836.25', '86.1859', '-0.506', '300', '0', '0', '42', '0', '0', '0', '0', '0', '10');
INSERT INTO game_event_creature (`event`, `guid`) VALUES ('1', '145542');
INSERT INTO creature_entry (`spawnID`, `entry`) VALUES ('145543', '17066');
-- Has LK modelid 11686 already in creature template, set to 0.
INSERT INTO creature (`spawnID`, `map`, `spawnMask`, `modelid`, `equipment_id`, `position_x`, `position_y`, `position_z`, `orientation`, `spawntimesecs`, `spawndist`, `currentwaypoint`, `curhealth`, `curmana`, `MovementType`, `unit_flags`, `pool_id`, `patch_min`, `patch_max`) VALUES ('145543', '0', '1', NULL, '0', '2288.63', '422.085', '40.6129', '-0.5061', '300', '0', '0', '42', '0', '0', '0', '0', '0', '10');
INSERT INTO game_event_creature (`event`, `guid`) VALUES ('1', '145543');
INSERT INTO creature_entry (`spawnID`, `entry`) VALUES ('145544', '17066');
-- Has LK modelid 11686 already in creature template, set to 0.
INSERT INTO creature (`spawnID`, `map`, `spawnMask`, `modelid`, `equipment_id`, `position_x`, `position_y`, `position_z`, `orientation`, `spawntimesecs`, `spawndist`, `currentwaypoint`, `curhealth`, `curmana`, `MovementType`, `unit_flags`, `pool_id`, `patch_min`, `patch_max`) VALUES ('145544', '0', '1', NULL, '0', '-8261.67', '-2638.05', '139.897', '5.77704', '300', '0', '0', '42', '0', '0', '0', '0', '0', '10');
INSERT INTO game_event_creature (`event`, `guid`) VALUES ('1', '145544');
INSERT INTO creature_entry (`spawnID`, `entry`) VALUES ('145545', '17066');
-- Has LK modelid 11686 already in creature template, set to 0.
INSERT INTO creature (`spawnID`, `map`, `spawnMask`, `modelid`, `equipment_id`, `position_x`, `position_y`, `position_z`, `orientation`, `spawntimesecs`, `spawndist`, `currentwaypoint`, `curhealth`, `curmana`, `MovementType`, `unit_flags`, `pool_id`, `patch_min`, `patch_max`) VALUES ('145545', '0', '1', NULL, '0', '1002.28', '-1432.47', '70.5572', '5.77704', '300', '0', '0', '42', '0', '0', '0', '0', '0', '10');
INSERT INTO game_event_creature (`event`, `guid`) VALUES ('1', '145545');
INSERT INTO creature_entry (`spawnID`, `entry`) VALUES ('145546', '17066');
-- Has LK modelid 11686 already in creature template, set to 0.
INSERT INTO creature (`spawnID`, `map`, `spawnMask`, `modelid`, `equipment_id`, `position_x`, `position_y`, `position_z`, `orientation`, `spawntimesecs`, `spawndist`, `currentwaypoint`, `curhealth`, `curmana`, `MovementType`, `unit_flags`, `pool_id`, `patch_min`, `patch_max`) VALUES ('145546', '1', '1', NULL, '0', '-4399.5', '2171.79', '18.3212', '5.77704', '300', '0', '0', '42', '0', '0', '0', '0', '0', '10');
INSERT INTO game_event_creature (`event`, `guid`) VALUES ('1', '145546');
INSERT INTO creature_entry (`spawnID`, `entry`) VALUES ('145547', '17066');
-- Has LK modelid 11686 already in creature template, set to 0.
INSERT INTO creature (`spawnID`, `map`, `spawnMask`, `modelid`, `equipment_id`, `position_x`, `position_y`, `position_z`, `orientation`, `spawntimesecs`, `spawndist`, `currentwaypoint`, `curhealth`, `curmana`, `MovementType`, `unit_flags`, `pool_id`, `patch_min`, `patch_max`) VALUES ('145547', '530', '1', NULL, '0', '-4204.67', '-12321.1', '8.6988', '5.77704', '300', '0', '0', '42', '0', '0', '0', '0', '0', '10');
INSERT INTO game_event_creature (`event`, `guid`) VALUES ('1', '145547');
INSERT INTO creature_entry (`spawnID`, `entry`) VALUES ('145548', '17066');
-- Has LK modelid 11686 already in creature template, set to 0.
INSERT INTO creature (`spawnID`, `map`, `spawnMask`, `modelid`, `equipment_id`, `position_x`, `position_y`, `position_z`, `orientation`, `spawntimesecs`, `spawndist`, `currentwaypoint`, `curhealth`, `curmana`, `MovementType`, `unit_flags`, `pool_id`, `patch_min`, `patch_max`) VALUES ('145548', '530', '1', NULL, '0', '2046.23', '6579.71', '141.748', '5.77704', '300', '0', '0', '42', '0', '0', '0', '0', '0', '10');
INSERT INTO game_event_creature (`event`, `guid`) VALUES ('1', '145548');
INSERT INTO creature_entry (`spawnID`, `entry`) VALUES ('145549', '17066');
-- Has LK modelid 11686 already in creature template, set to 0.
INSERT INTO creature (`spawnID`, `map`, `spawnMask`, `modelid`, `equipment_id`, `position_x`, `position_y`, `position_z`, `orientation`, `spawntimesecs`, `spawndist`, `currentwaypoint`, `curhealth`, `curmana`, `MovementType`, `unit_flags`, `pool_id`, `patch_min`, `patch_max`) VALUES ('145549', '530', '1', NULL, '0', '2286.62', '6163.9', '142.912', '4.79359', '300', '0', '0', '42', '0', '0', '0', '0', '0', '10');
INSERT INTO game_event_creature (`event`, `guid`) VALUES ('1', '145549');
INSERT INTO creature_entry (`spawnID`, `entry`) VALUES ('145550', '17066');
-- Has LK modelid 11686 already in creature template, set to 0.
INSERT INTO creature (`spawnID`, `map`, `spawnMask`, `modelid`, `equipment_id`, `position_x`, `position_y`, `position_z`, `orientation`, `spawntimesecs`, `spawndist`, `currentwaypoint`, `curhealth`, `curmana`, `MovementType`, `unit_flags`, `pool_id`, `patch_min`, `patch_max`) VALUES ('145550', '1', '1', NULL, '0', '-2342.39', '-609.245', '-1.2698', '5.5', '300', '0', '0', '42', '0', '0', '0', '0', '0', '10');
INSERT INTO game_event_creature (`event`, `guid`) VALUES ('1', '145550');
INSERT INTO creature_entry (`spawnID`, `entry`) VALUES ('145551', '17066');
-- Has LK modelid 11686 already in creature template, set to 0.
INSERT INTO creature (`spawnID`, `map`, `spawnMask`, `modelid`, `equipment_id`, `position_x`, `position_y`, `position_z`, `orientation`, `spawntimesecs`, `spawndist`, `currentwaypoint`, `curhealth`, `curmana`, `MovementType`, `unit_flags`, `pool_id`, `patch_min`, `patch_max`) VALUES ('145551', '530', '1', NULL, '0', '-3045.53', '2393.71', '68.0344', '3.48476', '300', '0', '0', '42', '0', '0', '0', '0', '0', '10');
INSERT INTO game_event_creature (`event`, `guid`) VALUES ('1', '145551');
INSERT INTO creature_entry (`spawnID`, `entry`) VALUES ('145552', '17066');
-- Has LK modelid 11686 already in creature template, set to 0.
INSERT INTO creature (`spawnID`, `map`, `spawnMask`, `modelid`, `equipment_id`, `position_x`, `position_y`, `position_z`, `orientation`, `spawntimesecs`, `spawndist`, `currentwaypoint`, `curhealth`, `curmana`, `MovementType`, `unit_flags`, `pool_id`, `patch_min`, `patch_max`) VALUES ('145552', '530', '1', NULL, '0', '2917.63', '3677.32', '150.666', '1.11217', '300', '0', '0', '42', '0', '0', '0', '0', '0', '10');
INSERT INTO game_event_creature (`event`, `guid`) VALUES ('1', '145552');
INSERT INTO creature_entry (`spawnID`, `entry`) VALUES ('145553', '17066');
-- Has LK modelid 11686 already in creature template, set to 0.
INSERT INTO creature (`spawnID`, `map`, `spawnMask`, `modelid`, `equipment_id`, `position_x`, `position_y`, `position_z`, `orientation`, `spawntimesecs`, `spawndist`, `currentwaypoint`, `curhealth`, `curmana`, `MovementType`, `unit_flags`, `pool_id`, `patch_min`, `patch_max`) VALUES ('145553', '571', '1', NULL, '0', '4470.25', '5621.62', '65.1609', '1.19849', '300', '0', '0', '42', '0', '0', '0', '0', '5', '10');
INSERT INTO game_event_creature (`event`, `guid`) VALUES ('1', '145553');
INSERT INTO creature_entry (`spawnID`, `entry`) VALUES ('145554', '17066');
-- Has LK modelid 11686 already in creature template, set to 0.
INSERT INTO creature (`spawnID`, `map`, `spawnMask`, `modelid`, `equipment_id`, `position_x`, `position_y`, `position_z`, `orientation`, `spawntimesecs`, `spawndist`, `currentwaypoint`, `curhealth`, `curmana`, `MovementType`, `unit_flags`, `pool_id`, `patch_min`, `patch_max`) VALUES ('145554', '571', '1', NULL, '0', '3776.57', '1488.67', '97.8694', '0.109765', '300', '0', '0', '42', '0', '0', '0', '0', '5', '10');
INSERT INTO game_event_creature (`event`, `guid`) VALUES ('1', '145554');
INSERT INTO creature_entry (`spawnID`, `entry`) VALUES ('145555', '17066');
-- Has LK modelid 11686 already in creature template, set to 0.
INSERT INTO creature (`spawnID`, `map`, `spawnMask`, `modelid`, `equipment_id`, `position_x`, `position_y`, `position_z`, `orientation`, `spawntimesecs`, `spawndist`, `currentwaypoint`, `curhealth`, `curmana`, `MovementType`, `unit_flags`, `pool_id`, `patch_min`, `patch_max`) VALUES ('145555', '571', '1', NULL, '0', '3370.82', '-2150.59', '130.93', '1.7102', '300', '0', '0', '42', '0', '0', '0', '0', '5', '10');
INSERT INTO game_event_creature (`event`, `guid`) VALUES ('1', '145555');
INSERT INTO creature_entry (`spawnID`, `entry`) VALUES ('145556', '17066');
-- Has LK modelid 11686 already in creature template, set to 0.
INSERT INTO creature (`spawnID`, `map`, `spawnMask`, `modelid`, `equipment_id`, `position_x`, `position_y`, `position_z`, `orientation`, `spawntimesecs`, `spawndist`, `currentwaypoint`, `curhealth`, `curmana`, `MovementType`, `unit_flags`, `pool_id`, `patch_min`, `patch_max`) VALUES ('145556', '571', '1', NULL, '0', '2584.82', '-4363.27', '281.805', '0.908194', '300', '0', '0', '42', '0', '0', '0', '0', '5', '10');
INSERT INTO game_event_creature (`event`, `guid`) VALUES ('1', '145556');
INSERT INTO creature_entry (`spawnID`, `entry`) VALUES ('145557', '17066');
-- Has LK modelid 11686 already in creature template, set to 0.
INSERT INTO creature (`spawnID`, `map`, `spawnMask`, `modelid`, `equipment_id`, `position_x`, `position_y`, `position_z`, `orientation`, `spawntimesecs`, `spawndist`, `currentwaypoint`, `curhealth`, `curmana`, `MovementType`, `unit_flags`, `pool_id`, `patch_min`, `patch_max`) VALUES ('145557', '571', '1', NULL, '0', '5276.31', '-2779.24', '298.919', '0.767265', '300', '0', '0', '42', '0', '0', '0', '0', '5', '10');
INSERT INTO game_event_creature (`event`, `guid`) VALUES ('1', '145557');
INSERT INTO creature_entry (`spawnID`, `entry`) VALUES ('145558', '17066');
-- Has LK modelid 11686 already in creature template, set to 0.
INSERT INTO creature (`spawnID`, `map`, `spawnMask`, `modelid`, `equipment_id`, `position_x`, `position_y`, `position_z`, `orientation`, `spawntimesecs`, `spawndist`, `currentwaypoint`, `curhealth`, `curmana`, `MovementType`, `unit_flags`, `pool_id`, `patch_min`, `patch_max`) VALUES ('145558', '571', '1', NULL, '0', '5515.33', '4863.4', '-191.857', '4.06043', '300', '0', '0', '42', '0', '0', '0', '0', '5', '10');
INSERT INTO game_event_creature (`event`, `guid`) VALUES ('1', '145558');
INSERT INTO creature_entry (`spawnID`, `entry`) VALUES ('145559', '17066');
-- Has LK modelid 11686 already in creature template, set to 0.
INSERT INTO creature (`spawnID`, `map`, `spawnMask`, `modelid`, `equipment_id`, `position_x`, `position_y`, `position_z`, `orientation`, `spawntimesecs`, `spawndist`, `currentwaypoint`, `curhealth`, `curmana`, `MovementType`, `unit_flags`, `pool_id`, `patch_min`, `patch_max`) VALUES ('145559', '571', '1', NULL, '0', '5539.79', '-749.386', '158.547', '1.77309', '300', '0', '0', '42', '0', '0', '0', '0', '5', '10');
INSERT INTO game_event_creature (`event`, `guid`) VALUES ('1', '145559');
INSERT INTO creature_entry (`spawnID`, `entry`) VALUES ('145560', '17066');
-- Has LK modelid 11686 already in creature template, set to 0.
INSERT INTO creature (`spawnID`, `map`, `spawnMask`, `modelid`, `equipment_id`, `position_x`, `position_y`, `position_z`, `orientation`, `spawntimesecs`, `spawndist`, `currentwaypoint`, `curhealth`, `curmana`, `MovementType`, `unit_flags`, `pool_id`, `patch_min`, `patch_max`) VALUES ('145560', '571', '1', NULL, '0', '6169.62', '-1017.84', '414.618', '3.12084', '300', '0', '0', '42', '0', '0', '0', '0', '5', '10');
INSERT INTO game_event_creature (`event`, `guid`) VALUES ('1', '145560');
INSERT INTO creature_entry (`spawnID`, `entry`) VALUES ('145561', '17066');
-- Has LK modelid 11686 already in creature template, set to 0.
INSERT INTO creature (`spawnID`, `map`, `spawnMask`, `modelid`, `equipment_id`, `position_x`, `position_y`, `position_z`, `orientation`, `spawntimesecs`, `spawndist`, `currentwaypoint`, `curhealth`, `curmana`, `MovementType`, `unit_flags`, `pool_id`, `patch_min`, `patch_max`) VALUES ('145561', '530', '1', NULL, '0', '-2232.01', '-11915.4', '33.0821', '1.82694', '300', '0', '0', '42', '0', '0', '0', '0', '0', '10');
INSERT INTO game_event_creature (`event`, `guid`) VALUES ('1', '145561');
INSERT INTO creature_entry (`spawnID`, `entry`) VALUES ('145562', '17066');
-- Has LK modelid 11686 already in creature template, set to 0.
INSERT INTO creature (`spawnID`, `map`, `spawnMask`, `modelid`, `equipment_id`, `position_x`, `position_y`, `position_z`, `orientation`, `spawntimesecs`, `spawndist`, `currentwaypoint`, `curhealth`, `curmana`, `MovementType`, `unit_flags`, `pool_id`, `patch_min`, `patch_max`) VALUES ('145562', '1', '1', NULL, '0', '-4417.13', '3455.78', '21.4771', '5.72732', '300', '0', '0', '42', '0', '0', '0', '0', '0', '10');
INSERT INTO game_event_creature (`event`, `guid`) VALUES ('1', '145562');
INSERT INTO creature_entry (`spawnID`, `entry`) VALUES ('145563', '17066');
-- Has LK modelid 11686 already in creature template, set to 0.
INSERT INTO creature (`spawnID`, `map`, `spawnMask`, `modelid`, `equipment_id`, `position_x`, `position_y`, `position_z`, `orientation`, `spawntimesecs`, `spawndist`, `currentwaypoint`, `curhealth`, `curmana`, `MovementType`, `unit_flags`, `pool_id`, `patch_min`, `patch_max`) VALUES ('145563', '530', '1', NULL, '0', '3113', '3717.87', '151.199', '1.34645', '300', '0', '0', '42', '0', '0', '0', '0', '0', '10');
INSERT INTO game_event_creature (`event`, `guid`) VALUES ('1', '145563');
INSERT INTO creature_entry (`spawnID`, `entry`) VALUES ('145564', '17066');
-- Has LK modelid 11686 already in creature template, set to 0.
INSERT INTO creature (`spawnID`, `map`, `spawnMask`, `modelid`, `equipment_id`, `position_x`, `position_y`, `position_z`, `orientation`, `spawntimesecs`, `spawndist`, `currentwaypoint`, `curhealth`, `curmana`, `MovementType`, `unit_flags`, `pool_id`, `patch_min`, `patch_max`) VALUES ('145564', '530', '1', NULL, '0', '-2502.95', '7522.09', '4.0358', '2.29811', '300', '0', '0', '42', '0', '0', '0', '0', '0', '10');
INSERT INTO game_event_creature (`event`, `guid`) VALUES ('1', '145564');
INSERT INTO creature_entry (`spawnID`, `entry`) VALUES ('145565', '17066');
-- Has LK modelid 11686 already in creature template, set to 0.
INSERT INTO creature (`spawnID`, `map`, `spawnMask`, `modelid`, `equipment_id`, `position_x`, `position_y`, `position_z`, `orientation`, `spawntimesecs`, `spawndist`, `currentwaypoint`, `curhealth`, `curmana`, `MovementType`, `unit_flags`, `pool_id`, `patch_min`, `patch_max`) VALUES ('145565', '530', '1', NULL, '0', '-3965.24', '2039.3', '101.566', '1.35098', '300', '0', '0', '42', '0', '0', '0', '0', '0', '10');
INSERT INTO game_event_creature (`event`, `guid`) VALUES ('1', '145565');
INSERT INTO creature_entry (`spawnID`, `entry`) VALUES ('145566', '17066');
-- Has LK modelid 11686 already in creature template, set to 0.
INSERT INTO creature (`spawnID`, `map`, `spawnMask`, `modelid`, `equipment_id`, `position_x`, `position_y`, `position_z`, `orientation`, `spawntimesecs`, `spawndist`, `currentwaypoint`, `curhealth`, `curmana`, `MovementType`, `unit_flags`, `pool_id`, `patch_min`, `patch_max`) VALUES ('145566', '530', '1', NULL, '0', '188.262', '5991.39', '30.214', '3.08425', '300', '0', '0', '42', '0', '0', '0', '0', '0', '10');
INSERT INTO game_event_creature (`event`, `guid`) VALUES ('1', '145566');
INSERT INTO creature_entry (`spawnID`, `entry`) VALUES ('145567', '17066');
-- Has LK modelid 11686 already in creature template, set to 0.
INSERT INTO creature (`spawnID`, `map`, `spawnMask`, `modelid`, `equipment_id`, `position_x`, `position_y`, `position_z`, `orientation`, `spawntimesecs`, `spawndist`, `currentwaypoint`, `curhealth`, `curmana`, `MovementType`, `unit_flags`, `pool_id`, `patch_min`, `patch_max`) VALUES ('145567', '571', '1', NULL, '0', '4150.05', '5405.28', '34.3773', '5.08058', '300', '0', '0', '42', '0', '0', '0', '0', '5', '10');
INSERT INTO game_event_creature (`event`, `guid`) VALUES ('1', '145567');
INSERT INTO creature_entry (`spawnID`, `entry`) VALUES ('145568', '17066');
-- Has LK modelid 11686 already in creature template, set to 0.
INSERT INTO creature (`spawnID`, `map`, `spawnMask`, `modelid`, `equipment_id`, `position_x`, `position_y`, `position_z`, `orientation`, `spawntimesecs`, `spawndist`, `currentwaypoint`, `curhealth`, `curmana`, `MovementType`, `unit_flags`, `pool_id`, `patch_min`, `patch_max`) VALUES ('145568', '571', '1', NULL, '0', '3418.83', '-2879.6', '208.608', '2.79897', '300', '0', '0', '42', '0', '0', '0', '0', '5', '10');
INSERT INTO game_event_creature (`event`, `guid`) VALUES ('1', '145568');
INSERT INTO creature_entry (`spawnID`, `entry`) VALUES ('145569', '17066');
-- Has LK modelid 11686 already in creature template, set to 0.
INSERT INTO creature (`spawnID`, `map`, `spawnMask`, `modelid`, `equipment_id`, `position_x`, `position_y`, `position_z`, `orientation`, `spawntimesecs`, `spawndist`, `currentwaypoint`, `curhealth`, `curmana`, `MovementType`, `unit_flags`, `pool_id`, `patch_min`, `patch_max`) VALUES ('145569', '571', '1', NULL, '0', '5587.73', '-2625.06', '298.91', '0.0409415', '300', '0', '0', '42', '0', '0', '0', '0', '5', '10');
INSERT INTO game_event_creature (`event`, `guid`) VALUES ('1', '145569');
INSERT INTO creature_entry (`spawnID`, `entry`) VALUES ('145570', '17066');
-- Has LK modelid 11686 already in creature template, set to 0.
INSERT INTO creature (`spawnID`, `map`, `spawnMask`, `modelid`, `equipment_id`, `position_x`, `position_y`, `position_z`, `orientation`, `spawntimesecs`, `spawndist`, `currentwaypoint`, `curhealth`, `curmana`, `MovementType`, `unit_flags`, `pool_id`, `patch_min`, `patch_max`) VALUES ('145570', '571', '1', NULL, '0', '5357.67', '4855.99', '-187.327', '2.00813', '300', '0', '0', '42', '0', '0', '0', '0', '5', '10');
INSERT INTO game_event_creature (`event`, `guid`) VALUES ('1', '145570');
INSERT INTO creature_entry (`spawnID`, `entry`) VALUES ('145571', '17066');
-- Has LK modelid 11686 already in creature template, set to 0.
INSERT INTO creature (`spawnID`, `map`, `spawnMask`, `modelid`, `equipment_id`, `position_x`, `position_y`, `position_z`, `orientation`, `spawntimesecs`, `spawndist`, `currentwaypoint`, `curhealth`, `curmana`, `MovementType`, `unit_flags`, `pool_id`, `patch_min`, `patch_max`) VALUES ('145571', '571', '1', NULL, '0', '2477.58', '-4905.4', '271.555', '3.54262', '300', '0', '0', '42', '0', '0', '0', '0', '5', '10');
INSERT INTO game_event_creature (`event`, `guid`) VALUES ('1', '145571');
INSERT INTO creature_entry (`spawnID`, `entry`) VALUES ('145572', '17066');
-- Has LK modelid 11686 already in creature template, set to 0.
INSERT INTO creature (`spawnID`, `map`, `spawnMask`, `modelid`, `equipment_id`, `position_x`, `position_y`, `position_z`, `orientation`, `spawntimesecs`, `spawndist`, `currentwaypoint`, `curhealth`, `curmana`, `MovementType`, `unit_flags`, `pool_id`, `patch_min`, `patch_max`) VALUES ('145572', '571', '1', NULL, '0', '6061.69', '-1112.97', '427.271', '5.40099', '300', '0', '0', '42', '0', '0', '0', '0', '5', '10');
INSERT INTO game_event_creature (`event`, `guid`) VALUES ('1', '145572');


-- Importing creature spawn with guid 3893 with import type REPLACE_ALL
INSERT INTO creature_entry (`spawnID`, `entry`) VALUES ('3681', '5996');
INSERT INTO creature (`spawnID`, `map`, `spawnMask`, `modelid`, `equipment_id`, `position_x`, `position_y`, `position_z`, `orientation`, `spawntimesecs`, `spawndist`, `currentwaypoint`, `curhealth`, `curmana`, `MovementType`, `unit_flags`, `pool_id`, `patch_min`, `patch_max`) VALUES ('3681', '0', '1', '6720', '1', '-10893.2', '-3197.68', '49.4894', '1.22173', '450', '0', '0', '2488', '0', '0', '0', '0', '0', '10');
INSERT INTO creature_addon (`spawnID`, `path_id`, `mount`, `bytes0`, `bytes1`, `bytes2`, `emote`, `auras`) VALUES ('3681', NULL, '0', '0', '0', '4097', '233', NULL);


-- Importing creature spawn with guid 3892 with import type REPLACE_ALL


-- Importing creature spawn with guid 3891 with import type REPLACE_ALL


-- Importing creature spawn with guid 3888 with import type REPLACE_ALL


-- Importing creature spawn with guid 3887 with import type REPLACE_ALL


-- Importing creature spawn with guid 3882 with import type REPLACE_ALL


-- Importing creature spawn with guid 3881 with import type REPLACE_ALL


-- Importing creature spawn with guid 3877 with import type REPLACE_ALL


-- Importing creature spawn with guid 3875 with import type REPLACE_ALL


-- Importing creature spawn with guid 3869 with import type REPLACE_ALL


-- Importing creature spawn with guid 3868 with import type REPLACE_ALL


-- Importing creature spawn with guid 3867 with import type REPLACE_ALL


-- Importing creature spawn with guid 3866 with import type REPLACE_ALL


-- Importing creature spawn with guid 3865 with import type REPLACE_ALL


-- Importing creature spawn with guid 3864 with import type REPLACE_ALL


-- Importing creature spawn with guid 3803 with import type REPLACE_ALL


-- Importing creature spawn with guid 3802 with import type REPLACE_ALL


-- Importing creature spawn with guid 3801 with import type REPLACE_ALL


-- Importing creature spawn with guid 3800 with import type REPLACE_ALL


-- Importing creature spawn with guid 3799 with import type REPLACE_ALL


-- Importing creature spawn with guid 3798 with import type REPLACE_ALL


-- Importing creature spawn with guid 3797 with import type REPLACE_ALL


-- Importing creature spawn with guid 3796 with import type REPLACE_ALL


-- Importing creature spawn with guid 3795 with import type REPLACE_ALL


-- Importing creature spawn with guid 3794 with import type REPLACE_ALL


-- Importing creature spawn with guid 3793 with import type REPLACE_ALL


-- Importing creature spawn with guid 3792 with import type REPLACE_ALL


-- Importing creature spawn with guid 3791 with import type REPLACE_ALL


-- Importing creature spawn with guid 3790 with import type REPLACE_ALL


-- Importing creature spawn with guid 3789 with import type REPLACE_ALL


-- Importing creature spawn with guid 3787 with import type REPLACE_ALL


-- Importing creature spawn with guid 3785 with import type REPLACE_ALL


-- Importing creature spawn with guid 3784 with import type REPLACE_ALL


-- Importing creature spawn with guid 3782 with import type REPLACE_ALL


-- Importing creature spawn with guid 3780 with import type REPLACE_ALL


-- Importing creature spawn with guid 3779 with import type REPLACE_ALL


-- Importing creature spawn with guid 3778 with import type REPLACE_ALL


-- Importing creature spawn with guid 3777 with import type REPLACE_ALL


-- Importing creature spawn with guid 3776 with import type REPLACE_ALL


-- Importing creature spawn with guid 3773 with import type REPLACE_ALL


-- Importing creature spawn with guid 3770 with import type REPLACE_ALL


-- Importing creature spawn with guid 3769 with import type REPLACE_ALL


-- Importing creature spawn with guid 3768 with import type REPLACE_ALL


-- Importing creature spawn with guid 3767 with import type REPLACE_ALL


-- Importing creature spawn with guid 3765 with import type REPLACE_ALL


-- Importing creature spawn with guid 3764 with import type REPLACE_ALL


-- Importing creature spawn with guid 3763 with import type REPLACE_ALL


-- Importing creature spawn with guid 3762 with import type REPLACE_ALL


-- Importing creature spawn with guid 3761 with import type REPLACE_ALL


-- Importing creature spawn with guid 3759 with import type REPLACE_ALL


-- Importing creature spawn with guid 3758 with import type REPLACE_ALL


-- Importing creature spawn with guid 3745 with import type REPLACE_ALL


-- Importing creature spawn with guid 3744 with import type REPLACE_ALL


-- Importing creature spawn with guid 3743 with import type REPLACE_ALL


-- Importing creature spawn with guid 3742 with import type REPLACE_ALL


-- Importing creature spawn with guid 3741 with import type REPLACE_ALL


-- Importing creature spawn with guid 3740 with import type REPLACE_ALL


-- Importing creature spawn with guid 3739 with import type REPLACE_ALL


-- Importing creature spawn with guid 3738 with import type REPLACE_ALL


-- Importing creature spawn with guid 3737 with import type REPLACE_ALL


-- Importing creature spawn with guid 3736 with import type REPLACE_ALL


-- Importing creature spawn with guid 3735 with import type REPLACE_ALL


-- Importing creature spawn with guid 3734 with import type REPLACE_ALL


-- Importing creature spawn with guid 3733 with import type REPLACE_ALL


-- Importing creature spawn with guid 3732 with import type REPLACE_ALL


-- Importing creature spawn with guid 3731 with import type REPLACE_ALL


-- Importing creature spawn with guid 3730 with import type REPLACE_ALL


-- Importing creature spawn with guid 3729 with import type REPLACE_ALL


-- Importing creature spawn with guid 3728 with import type REPLACE_ALL


-- Importing creature spawn with guid 3726 with import type REPLACE_ALL


-- Importing creature spawn with guid 3725 with import type REPLACE_ALL


-- Importing creature spawn with guid 3724 with import type REPLACE_ALL


-- Importing creature spawn with guid 3723 with import type REPLACE_ALL


-- Importing creature spawn with guid 3722 with import type REPLACE_ALL


-- Importing creature spawn with guid 3721 with import type REPLACE_ALL


-- Importing creature spawn with guid 3720 with import type REPLACE_ALL


-- Importing creature spawn with guid 3719 with import type REPLACE_ALL


-- Importing creature spawn with guid 3718 with import type REPLACE_ALL


-- Importing creature spawn with guid 3717 with import type REPLACE_ALL


-- Importing creature spawn with guid 3715 with import type REPLACE_ALL


-- Importing creature spawn with guid 3714 with import type REPLACE_ALL


-- Importing creature spawn with guid 3711 with import type REPLACE_ALL


-- Importing creature spawn with guid 3710 with import type REPLACE_ALL


-- Importing creature spawn with guid 3709 with import type REPLACE_ALL


-- Importing creature spawn with guid 3708 with import type REPLACE_ALL


-- Importing creature spawn with guid 3706 with import type REPLACE_ALL


-- Importing creature spawn with guid 3705 with import type REPLACE_ALL


-- Importing creature spawn with guid 3704 with import type REPLACE_ALL


-- Importing creature spawn with guid 3703 with import type REPLACE_ALL


-- Importing creature spawn with guid 3702 with import type REPLACE_ALL


-- Importing creature spawn with guid 3699 with import type REPLACE_ALL


-- Importing creature spawn with guid 3698 with import type REPLACE_ALL


-- Importing creature spawn with guid 3697 with import type REPLACE_ALL


-- Importing creature spawn with guid 3696 with import type REPLACE_ALL


-- Importing creature spawn with guid 3695 with import type REPLACE_ALL


-- Importing creature spawn with guid 3694 with import type REPLACE_ALL


-- Importing creature spawn with guid 3692 with import type REPLACE_ALL


-- Importing creature spawn with guid 3682 with import type REPLACE_ALL


-- Importing creature spawn with guid 3681 with import type REPLACE_ALL


-- Importing creature spawn with guid 3679 with import type REPLACE_ALL


-- Importing creature spawn with guid 3677 with import type REPLACE_ALL


-- Importing creature spawn with guid 3676 with import type REPLACE_ALL


-- Importing creature spawn with guid 3675 with import type REPLACE_ALL


-- Importing creature spawn with guid 3674 with import type REPLACE_ALL


-- Importing creature spawn with guid 3673 with import type REPLACE_ALL


-- Importing creature spawn with guid 3656 with import type REPLACE_ALL


-- Importing creature spawn with guid 3655 with import type REPLACE_ALL


-- Importing creature spawn with guid 3654 with import type REPLACE_ALL


-- Importing creature spawn with guid 3653 with import type REPLACE_ALL


-- Importing creature spawn with guid 3652 with import type REPLACE_ALL


-- Importing creature spawn with guid 3651 with import type REPLACE_ALL


-- Importing creature spawn with guid 3631 with import type REPLACE_ALL


-- Importing creature spawn with guid 3077 with import type REPLACE_ALL


-- Importing creature spawn with guid 3076 with import type REPLACE_ALL


-- Importing creature spawn with guid 3075 with import type REPLACE_ALL


-- Importing creature spawn with guid 3073 with import type REPLACE_ALL


-- Importing creature spawn with guid 3071 with import type REPLACE_ALL


-- Importing creature spawn with guid 3069 with import type REPLACE_ALL


-- Importing creature spawn with guid 3066 with import type REPLACE_ALL


-- Importing creature spawn with guid 83243 with import type REPLACE_ALL


-- Importing creature spawn with guid 2986 with import type REPLACE_ALL


-- Importing creature spawn with guid 2984 with import type REPLACE_ALL


-- Importing creature spawn with guid 2983 with import type REPLACE_ALL


-- Importing creature spawn with guid 2982 with import type REPLACE_ALL


-- Importing creature spawn with guid 2981 with import type REPLACE_ALL


-- Importing creature spawn with guid 2980 with import type REPLACE_ALL


-- Importing creature spawn with guid 2978 with import type REPLACE_ALL


-- Importing creature spawn with guid 2877 with import type REPLACE_ALL


-- Importing creature spawn with guid 2876 with import type REPLACE_ALL


-- Importing creature spawn with guid 2875 with import type REPLACE_ALL


-- Importing creature spawn with guid 2873 with import type REPLACE_ALL


-- Importing creature spawn with guid 2872 with import type REPLACE_ALL


-- Importing creature spawn with guid 2871 with import type REPLACE_ALL


-- Importing creature spawn with guid 2870 with import type REPLACE_ALL


-- Importing creature spawn with guid 2869 with import type REPLACE_ALL


-- Importing creature spawn with guid 2868 with import type REPLACE_ALL


-- Importing creature spawn with guid 2834 with import type REPLACE_ALL


-- Importing creature spawn with guid 2832 with import type REPLACE_ALL


-- Importing creature spawn with guid 2830 with import type REPLACE_ALL


-- Importing creature spawn with guid 2829 with import type REPLACE_ALL


-- Importing creature spawn with guid 2828 with import type REPLACE_ALL


-- Importing creature spawn with guid 2827 with import type REPLACE_ALL


-- Importing creature spawn with guid 2826 with import type REPLACE_ALL


-- Importing creature spawn with guid 2825 with import type REPLACE_ALL


-- Importing creature spawn with guid 2772 with import type REPLACE_ALL


-- Importing creature spawn with guid 2770 with import type REPLACE_ALL


-- Importing creature spawn with guid 2769 with import type REPLACE_ALL


-- Importing creature spawn with guid 2766 with import type REPLACE_ALL


-- Importing creature spawn with guid 2765 with import type REPLACE_ALL


-- Importing creature spawn with guid 2699 with import type REPLACE_ALL


-- Importing creature spawn with guid 2698 with import type REPLACE_ALL


-- Importing creature spawn with guid 2697 with import type REPLACE_ALL


-- Importing creature spawn with guid 2696 with import type REPLACE_ALL


-- Importing creature spawn with guid 2695 with import type REPLACE_ALL


-- Importing creature spawn with guid 2694 with import type REPLACE_ALL


-- Importing creature spawn with guid 2693 with import type REPLACE_ALL


-- Importing creature spawn with guid 2507 with import type REPLACE_ALL
INSERT INTO creature_entry (`spawnID`, `entry`) VALUES ('1315', '1096');
-- Has LK modelid 7197 already in creature template, set to 0.
INSERT INTO creature (`spawnID`, `map`, `spawnMask`, `modelid`, `equipment_id`, `position_x`, `position_y`, `position_z`, `orientation`, `spawntimesecs`, `spawndist`, `currentwaypoint`, `curhealth`, `curmana`, `MovementType`, `unit_flags`, `pool_id`, `patch_min`, `patch_max`) VALUES ('1315', '0', '1', NULL, '1', '-11495.9', '391.412', '59.3004', '0', '300', '2', '0', '1160', '1067', '1', '0', '0', '0', '10');
INSERT INTO spawn_group (`groupId`, `spawnType`, `spawnId`) VALUES ('2', '0', '1315');
INSERT INTO creature_entry (`spawnID`, `entry`) VALUES ('1313', '1096');
-- Has LK modelid 7197 already in creature template, set to 0.
INSERT INTO creature (`spawnID`, `map`, `spawnMask`, `modelid`, `equipment_id`, `position_x`, `position_y`, `position_z`, `orientation`, `spawntimesecs`, `spawndist`, `currentwaypoint`, `curhealth`, `curmana`, `MovementType`, `unit_flags`, `pool_id`, `patch_min`, `patch_max`) VALUES ('1313', '0', '1', NULL, '1', '-11492.8', '386.522', '60.5504', '4.10152', '300', '2', '0', '1160', '1067', '1', '0', '0', '0', '10');
INSERT INTO spawn_group (`groupId`, `spawnType`, `spawnId`) VALUES ('2', '0', '1313');


-- Importing creature spawn with guid 2506 with import type REPLACE_ALL


-- Importing creature spawn with guid 2503 with import type REPLACE_ALL


-- Importing creature spawn with guid 2497 with import type REPLACE_ALL


-- Importing creature spawn with guid 2486 with import type REPLACE_ALL


-- Importing creature spawn with guid 2430 with import type REPLACE_ALL


-- Importing creature spawn with guid 2400 with import type REPLACE_ALL
INSERT INTO creature_entry (`spawnID`, `entry`) VALUES ('1200', '674');
-- Has LK modelid 7202 already in creature template, set to 0.
INSERT INTO creature (`spawnID`, `map`, `spawnMask`, `modelid`, `equipment_id`, `position_x`, `position_y`, `position_z`, `orientation`, `spawntimesecs`, `spawndist`, `currentwaypoint`, `curhealth`, `curmana`, `MovementType`, `unit_flags`, `pool_id`, `patch_min`, `patch_max`) VALUES ('1200', '0', '1', NULL, '1', '-13063', '-447.054', '45.3497', '2.51843', '300', '0', '0', '1829', '0', '0', '0', '0', '0', '10');
INSERT INTO creature_addon (`spawnID`, `path_id`, `mount`, `bytes0`, `bytes1`, `bytes2`, `emote`, `auras`) VALUES ('1200', NULL, '0', '0', '0', '4097', '0', NULL);
INSERT INTO spawn_group (`groupId`, `spawnType`, `spawnId`) VALUES ('2', '0', '1200');


-- Importing creature spawn with guid 2379 with import type REPLACE_ALL
INSERT INTO creature_entry (`spawnID`, `entry`) VALUES ('185', '1151');
-- Has LK modelid 2548 already in creature template, set to 0.
INSERT INTO creature (`spawnID`, `map`, `spawnMask`, `modelid`, `equipment_id`, `position_x`, `position_y`, `position_z`, `orientation`, `spawntimesecs`, `spawndist`, `currentwaypoint`, `curhealth`, `curmana`, `MovementType`, `unit_flags`, `pool_id`, `patch_min`, `patch_max`) VALUES ('185', '0', '1', NULL, '0', '-11595', '1265.73', '1.77801', '0.603209', '300', '5', '0', '1403', '0', '1', '0', '0', '0', '10');


-- Importing creature spawn with guid 4538 with import type REPLACE_ALL
INSERT INTO creature_entry (`spawnID`, `entry`) VALUES ('6333', '1689');
INSERT INTO creature (`spawnID`, `map`, `spawnMask`, `modelid`, `equipment_id`, `position_x`, `position_y`, `position_z`, `orientation`, `spawntimesecs`, `spawndist`, `currentwaypoint`, `curhealth`, `curmana`, `MovementType`, `unit_flags`, `pool_id`, `patch_min`, `patch_max`) VALUES ('6333', '0', '1', NULL, '0', '-5540.59', '-2378.91', '400.681', '3.91127', '180', '5', '0', '176', '0', '1', '0', '0', '0', '10');


-- Importing creature spawn with guid 14836 with import type REPLACE_ALL
INSERT INTO creature_entry (`spawnID`, `entry`) VALUES ('14793', '7070');
-- Has LK modelid 5824 already in creature template, set to 0.
INSERT INTO creature (`spawnID`, `map`, `spawnMask`, `modelid`, `equipment_id`, `position_x`, `position_y`, `position_z`, `orientation`, `spawntimesecs`, `spawndist`, `currentwaypoint`, `curhealth`, `curmana`, `MovementType`, `unit_flags`, `pool_id`, `patch_min`, `patch_max`) VALUES ('14793', '0', '1', NULL, '1', '-1326.72', '546.228', '100.942', '5.60251', '600', '0', '0', '7818', '7107', '0', '0', '0', '0', '10');
INSERT INTO spawn_group (`groupId`, `spawnType`, `spawnId`) VALUES ('2', '0', '14793');


-- Importing creature spawn with guid 14822 with import type REPLACE_ALL


-- Importing creature spawn with guid 14820 with import type REPLACE_ALL


-- Importing creature spawn with guid 14793 with import type REPLACE_ALL


-- Importing creature spawn with guid 2371 with import type REPLACE_ALL


-- Importing creature spawn with guid 4853 with import type REPLACE_ALL


-- Importing creature spawn with guid 2367 with import type REPLACE_ALL


-- Importing creature spawn with guid 2361 with import type REPLACE_ALL


-- Importing creature spawn with guid 2344 with import type REPLACE_ALL


-- Importing creature spawn with guid 4864 with import type REPLACE_ALL


-- Importing creature spawn with guid 2337 with import type REPLACE_ALL


-- Importing creature spawn with guid 2318 with import type REPLACE_ALL


-- Importing creature spawn with guid 4911 with import type REPLACE_ALL


-- Importing creature spawn with guid 2272 with import type REPLACE_ALL


-- Importing creature spawn with guid 4931 with import type REPLACE_ALL


-- Importing creature spawn with guid 4933 with import type REPLACE_ALL


-- Importing creature spawn with guid 2260 with import type REPLACE_ALL


-- Importing creature spawn with guid 2255 with import type REPLACE_ALL


-- Importing creature spawn with guid 4995 with import type REPLACE_ALL


-- Importing creature spawn with guid 2207 with import type REPLACE_ALL


-- Importing creature spawn with guid 2202 with import type REPLACE_ALL


-- Importing creature spawn with guid 2151 with import type REPLACE_ALL


-- Importing creature spawn with guid 2150 with import type REPLACE_ALL


-- Importing creature spawn with guid 2149 with import type REPLACE_ALL


-- Importing creature spawn with guid 5170 with import type REPLACE_ALL


-- Importing creature spawn with guid 2073 with import type REPLACE_ALL


-- Importing creature spawn with guid 2069 with import type REPLACE_ALL


-- Importing creature spawn with guid 14759 with import type REPLACE_ALL
INSERT INTO creature_entry (`spawnID`, `entry`) VALUES ('14618', '2585');
INSERT INTO creature (`spawnID`, `map`, `spawnMask`, `modelid`, `equipment_id`, `position_x`, `position_y`, `position_z`, `orientation`, `spawntimesecs`, `spawndist`, `currentwaypoint`, `curhealth`, `curmana`, `MovementType`, `unit_flags`, `pool_id`, `patch_min`, `patch_max`) VALUES ('14618', '0', '1', '4144', '1', '-1528.26', '-1689.72', '68.897', '4.81189', '400', '0', '0', '1604', '0', '0', '0', '0', '0', '10');
INSERT INTO spawn_group (`groupId`, `spawnType`, `spawnId`) VALUES ('2', '0', '14618');
INSERT INTO creature_entry (`spawnID`, `entry`) VALUES ('14611', '2585');
INSERT INTO creature (`spawnID`, `map`, `spawnMask`, `modelid`, `equipment_id`, `position_x`, `position_y`, `position_z`, `orientation`, `spawntimesecs`, `spawndist`, `currentwaypoint`, `curhealth`, `curmana`, `MovementType`, `unit_flags`, `pool_id`, `patch_min`, `patch_max`) VALUES ('14611', '0', '1', '4144', '1', '-1586.1', '-1628.74', '68.6193', '5.60115', '400', '0', '0', '1604', '0', '0', '0', '0', '0', '10');
INSERT INTO spawn_group (`groupId`, `spawnType`, `spawnId`) VALUES ('2', '0', '14611');
INSERT INTO creature_entry (`spawnID`, `entry`) VALUES ('11410', '2585');
-- Has LK modelid 4143 already in creature template, set to 0.
INSERT INTO creature (`spawnID`, `map`, `spawnMask`, `modelid`, `equipment_id`, `position_x`, `position_y`, `position_z`, `orientation`, `spawntimesecs`, `spawndist`, `currentwaypoint`, `curhealth`, `curmana`, `MovementType`, `unit_flags`, `pool_id`, `patch_min`, `patch_max`) VALUES ('11410', '0', '1', NULL, '1', '-1544.1', '-1660.66', '73.4835', '0.45344', '400', '5', '0', '1604', '0', '1', '0', '0', '0', '10');
INSERT INTO spawn_group (`groupId`, `spawnType`, `spawnId`) VALUES ('2', '0', '11410');
DELETE ce, c1, c2, sg FROM creature_entry ce LEFT JOIN conditions c1 ON c1.ConditionTypeOrReference = 31 AND c1.ConditionValue1 = 3 AND c1.ConditionValue3 = 1014513 LEFT JOIN conditions c2 ON c2.SourceTypeOrReferenceId = 22 AND c2.SourceId = 0 AND c1.SourceEntry = -1014513 LEFT JOIN spawn_group sg ON sg.spawnId = 1014513 AND spawnType = 0 WHERE ce.spawnID = 1014513;
DELETE ce, c1, c2, sg FROM creature_entry ce LEFT JOIN conditions c1 ON c1.ConditionTypeOrReference = 31 AND c1.ConditionValue1 = 3 AND c1.ConditionValue3 = 1014519 LEFT JOIN conditions c2 ON c2.SourceTypeOrReferenceId = 22 AND c2.SourceId = 0 AND c1.SourceEntry = -1014519 LEFT JOIN spawn_group sg ON sg.spawnId = 1014519 AND spawnType = 0 WHERE ce.spawnID = 1014519;


-- Importing creature spawn with guid 14757 with import type REPLACE_ALL
INSERT INTO creature_entry (`spawnID`, `entry`) VALUES ('14757', '2583');
-- Has LK modelid 4139 already in creature template, set to 0.
INSERT INTO creature (`spawnID`, `map`, `spawnMask`, `modelid`, `equipment_id`, `position_x`, `position_y`, `position_z`, `orientation`, `spawntimesecs`, `spawndist`, `currentwaypoint`, `curhealth`, `curmana`, `MovementType`, `unit_flags`, `pool_id`, `patch_min`, `patch_max`) VALUES ('14757', '0', '1', NULL, '1', '-1581.41', '-1693.47', '66.0647', '0.132868', '400', '10', '0', '1257', '1142', '1', '0', '0', '0', '10');
INSERT INTO spawn_group (`groupId`, `spawnType`, `spawnId`) VALUES ('2', '0', '14757');
INSERT INTO creature_entry (`spawnID`, `entry`) VALUES ('14620', '2583');
INSERT INTO creature (`spawnID`, `map`, `spawnMask`, `modelid`, `equipment_id`, `position_x`, `position_y`, `position_z`, `orientation`, `spawntimesecs`, `spawndist`, `currentwaypoint`, `curhealth`, `curmana`, `MovementType`, `unit_flags`, `pool_id`, `patch_min`, `patch_max`) VALUES ('14620', '0', '1', '4140', '1', '-1504.05', '-1722.82', '68.9775', '5.71604', '400', '0', '0', '1257', '1142', '0', '0', '0', '0', '10');
INSERT INTO spawn_group (`groupId`, `spawnType`, `spawnId`) VALUES ('2', '0', '14620');
INSERT INTO creature_entry (`spawnID`, `entry`) VALUES ('14608', '2583');
-- Has LK modelid 4139 already in creature template, set to 0.
INSERT INTO creature (`spawnID`, `map`, `spawnMask`, `modelid`, `equipment_id`, `position_x`, `position_y`, `position_z`, `orientation`, `spawntimesecs`, `spawndist`, `currentwaypoint`, `curhealth`, `curmana`, `MovementType`, `unit_flags`, `pool_id`, `patch_min`, `patch_max`) VALUES ('14608', '0', '1', NULL, '1', '-1645.01', '-1660.96', '69.0798', '4.98349', '400', '0', '0', '1257', '1142', '0', '0', '0', '0', '10');
INSERT INTO spawn_group (`groupId`, `spawnType`, `spawnId`) VALUES ('2', '0', '14608');
INSERT INTO creature_entry (`spawnID`, `entry`) VALUES ('11537', '2583');
INSERT INTO creature (`spawnID`, `map`, `spawnMask`, `modelid`, `equipment_id`, `position_x`, `position_y`, `position_z`, `orientation`, `spawntimesecs`, `spawndist`, `currentwaypoint`, `curhealth`, `curmana`, `MovementType`, `unit_flags`, `pool_id`, `patch_min`, `patch_max`) VALUES ('11537', '0', '1', '4140', '1', '-1563.95', '-1662.68', '68.7178', '4.04595', '400', '0', '0', '1257', '1142', '0', '0', '0', '0', '10');
INSERT INTO spawn_group (`groupId`, `spawnType`, `spawnId`) VALUES ('2', '0', '11537');
DELETE ce, c1, c2, sg FROM creature_entry ce LEFT JOIN conditions c1 ON c1.ConditionTypeOrReference = 31 AND c1.ConditionValue1 = 3 AND c1.ConditionValue3 = 1014510 LEFT JOIN conditions c2 ON c2.SourceTypeOrReferenceId = 22 AND c2.SourceId = 0 AND c1.SourceEntry = -1014510 LEFT JOIN spawn_group sg ON sg.spawnId = 1014510 AND spawnType = 0 WHERE ce.spawnID = 1014510;
DELETE ce, c1, c2, sg FROM creature_entry ce LEFT JOIN conditions c1 ON c1.ConditionTypeOrReference = 31 AND c1.ConditionValue1 = 3 AND c1.ConditionValue3 = 1014521 LEFT JOIN conditions c2 ON c2.SourceTypeOrReferenceId = 22 AND c2.SourceId = 0 AND c1.SourceEntry = -1014521 LEFT JOIN spawn_group sg ON sg.spawnId = 1014521 AND spawnType = 0 WHERE ce.spawnID = 1014521;
DELETE ce, c1, c2, sg FROM creature_entry ce LEFT JOIN conditions c1 ON c1.ConditionTypeOrReference = 31 AND c1.ConditionValue1 = 3 AND c1.ConditionValue3 = 1014651 LEFT JOIN conditions c2 ON c2.SourceTypeOrReferenceId = 22 AND c2.SourceId = 0 AND c1.SourceEntry = -1014651 LEFT JOIN spawn_group sg ON sg.spawnId = 1014651 AND spawnType = 0 WHERE ce.spawnID = 1014651;


-- Importing creature spawn with guid 14740 with import type REPLACE_ALL
INSERT INTO creature_entry (`spawnID`, `entry`) VALUES ('14740', '15351');
INSERT INTO creature (`spawnID`, `map`, `spawnMask`, `modelid`, `equipment_id`, `position_x`, `position_y`, `position_z`, `orientation`, `spawntimesecs`, `spawndist`, `currentwaypoint`, `curhealth`, `curmana`, `MovementType`, `unit_flags`, `pool_id`, `patch_min`, `patch_max`) VALUES ('14740', '0', '1', NULL, '0', '-8385.67', '272.605', '120.886', '2.20103', '300', '0', '0', '30520', '0', '0', '0', '0', '0', '10');
INSERT INTO creature_entry (`spawnID`, `entry`) VALUES ('86263', '15351');
INSERT INTO creature (`spawnID`, `map`, `spawnMask`, `modelid`, `equipment_id`, `position_x`, `position_y`, `position_z`, `orientation`, `spawntimesecs`, `spawndist`, `currentwaypoint`, `curhealth`, `curmana`, `MovementType`, `unit_flags`, `pool_id`, `patch_min`, `patch_max`) VALUES ('86263', '0', '1', NULL, '0', '-5050.1', '-1270.2', '510.325', '6.13428', '300', '0', '0', '30520', '0', '0', '0', '0', '0', '10');
INSERT INTO creature_entry (`spawnID`, `entry`) VALUES ('40534', '15351');
INSERT INTO creature (`spawnID`, `map`, `spawnMask`, `modelid`, `equipment_id`, `position_x`, `position_y`, `position_z`, `orientation`, `spawntimesecs`, `spawndist`, `currentwaypoint`, `curhealth`, `curmana`, `MovementType`, `unit_flags`, `pool_id`, `patch_min`, `patch_max`) VALUES ('40534', '530', '1', NULL, '0', '-1768.81', '5254.77', '-38.849', '5.17695', '120', '0', '0', '30520', '0', '0', '0', '0', '0', '10');
INSERT INTO creature_entry (`spawnID`, `entry`) VALUES ('12548', '15351');
-- Has LK modelid 15389 already in creature template, set to 0.
INSERT INTO creature (`spawnID`, `map`, `spawnMask`, `modelid`, `equipment_id`, `position_x`, `position_y`, `position_z`, `orientation`, `spawntimesecs`, `spawndist`, `currentwaypoint`, `curhealth`, `curmana`, `MovementType`, `unit_flags`, `pool_id`, `patch_min`, `patch_max`) VALUES ('12548', '571', '1', NULL, '0', '5467.59', '2841.06', '418.758', '1.39626', '180', '0', '0', '126000', '0', '0', '0', '0', '5', '10');
INSERT INTO creature_addon (`spawnID`, `path_id`, `mount`, `bytes0`, `bytes1`, `bytes2`, `emote`, `auras`) VALUES ('12548', NULL, '0', '0', '0', '257', '0', NULL);
INSERT INTO creature_entry (`spawnID`, `entry`) VALUES ('88247', '15351');
INSERT INTO creature (`spawnID`, `map`, `spawnMask`, `modelid`, `equipment_id`, `position_x`, `position_y`, `position_z`, `orientation`, `spawntimesecs`, `spawndist`, `currentwaypoint`, `curhealth`, `curmana`, `MovementType`, `unit_flags`, `pool_id`, `patch_min`, `patch_max`) VALUES ('88247', '530', '1', NULL, '0', '-3962.29', '-11347.3', '-120.65', '3.67721', '25', '0', '0', '68712', '0', '0', '0', '0', '0', '10');
INSERT INTO creature_entry (`spawnID`, `entry`) VALUES ('202732', '15351');
INSERT INTO creature (`spawnID`, `map`, `spawnMask`, `modelid`, `equipment_id`, `position_x`, `position_y`, `position_z`, `orientation`, `spawntimesecs`, `spawndist`, `currentwaypoint`, `curhealth`, `curmana`, `MovementType`, `unit_flags`, `pool_id`, `patch_min`, `patch_max`) VALUES ('202732', '0', '1', NULL, '0', '-8766.67', '408.102', '109.785', '2.22503', '120', '0', '0', '1', '0', '0', '0', '0', '0', '10');
DELETE ce, c1, c2, sg FROM creature_entry ce LEFT JOIN conditions c1 ON c1.ConditionTypeOrReference = 31 AND c1.ConditionValue1 = 3 AND c1.ConditionValue3 = 1085014 LEFT JOIN conditions c2 ON c2.SourceTypeOrReferenceId = 22 AND c2.SourceId = 0 AND c1.SourceEntry = -1085014 LEFT JOIN spawn_group sg ON sg.spawnId = 1085014 AND spawnType = 0 WHERE ce.spawnID = 1085014;
DELETE ce, c1, c2, sg FROM creature_entry ce LEFT JOIN conditions c1 ON c1.ConditionTypeOrReference = 31 AND c1.ConditionValue1 = 3 AND c1.ConditionValue3 = 1095303 LEFT JOIN conditions c2 ON c2.SourceTypeOrReferenceId = 22 AND c2.SourceId = 0 AND c1.SourceEntry = -1095303 LEFT JOIN spawn_group sg ON sg.spawnId = 1095303 AND spawnType = 0 WHERE ce.spawnID = 1095303;


-- Importing creature spawn with guid 14647 with import type REPLACE_ALL
INSERT INTO creature_entry (`spawnID`, `entry`) VALUES ('14578', '2588');
INSERT INTO creature (`spawnID`, `map`, `spawnMask`, `modelid`, `equipment_id`, `position_x`, `position_y`, `position_z`, `orientation`, `spawntimesecs`, `spawndist`, `currentwaypoint`, `curhealth`, `curmana`, `MovementType`, `unit_flags`, `pool_id`, `patch_min`, `patch_max`) VALUES ('14578', '0', '1', '4017', '1', '-1658.59', '-1820.37', '81.4324', '2.61343', '400', '5', '0', '1277', '0', '1', '0', '0', '0', '10');
INSERT INTO spawn_group (`groupId`, `spawnType`, `spawnId`) VALUES ('2', '0', '14578');
INSERT INTO creature_entry (`spawnID`, `entry`) VALUES ('14552', '2588');
-- Has LK modelid 4016 already in creature template, set to 0.
INSERT INTO creature (`spawnID`, `map`, `spawnMask`, `modelid`, `equipment_id`, `position_x`, `position_y`, `position_z`, `orientation`, `spawntimesecs`, `spawndist`, `currentwaypoint`, `curhealth`, `curmana`, `MovementType`, `unit_flags`, `pool_id`, `patch_min`, `patch_max`) VALUES ('14552', '0', '1', NULL, '1', '-1681.81', '-1780.65', '84.3108', '0.476071', '400', '5', '0', '1277', '0', '1', '0', '0', '0', '10');
INSERT INTO spawn_group (`groupId`, `spawnType`, `spawnId`) VALUES ('2', '0', '14552');
INSERT INTO creature_entry (`spawnID`, `entry`) VALUES ('14536', '2588');
-- Has LK modelid 4016 already in creature template, set to 0.
INSERT INTO creature (`spawnID`, `map`, `spawnMask`, `modelid`, `equipment_id`, `position_x`, `position_y`, `position_z`, `orientation`, `spawntimesecs`, `spawndist`, `currentwaypoint`, `curhealth`, `curmana`, `MovementType`, `unit_flags`, `pool_id`, `patch_min`, `patch_max`) VALUES ('14536', '0', '1', NULL, '1', '-1633.51', '-1794.7', '80.2895', '0.069125', '400', '3', '0', '1277', '0', '1', '0', '0', '0', '10');
INSERT INTO spawn_group (`groupId`, `spawnType`, `spawnId`) VALUES ('2', '0', '14536');
INSERT INTO creature_entry (`spawnID`, `entry`) VALUES ('11739', '2588');
-- Has LK modelid 4016 already in creature template, set to 0.
INSERT INTO creature (`spawnID`, `map`, `spawnMask`, `modelid`, `equipment_id`, `position_x`, `position_y`, `position_z`, `orientation`, `spawntimesecs`, `spawndist`, `currentwaypoint`, `curhealth`, `curmana`, `MovementType`, `unit_flags`, `pool_id`, `patch_min`, `patch_max`) VALUES ('11739', '0', '1', NULL, '1', '-1694.27', '-1926.13', '82.0507', '5.49661', '400', '5', '0', '1277', '0', '1', '0', '0', '0', '10');
INSERT INTO spawn_group (`groupId`, `spawnType`, `spawnId`) VALUES ('2', '0', '11739');
INSERT INTO creature_entry (`spawnID`, `entry`) VALUES ('11643', '2588');
INSERT INTO creature (`spawnID`, `map`, `spawnMask`, `modelid`, `equipment_id`, `position_x`, `position_y`, `position_z`, `orientation`, `spawntimesecs`, `spawndist`, `currentwaypoint`, `curhealth`, `curmana`, `MovementType`, `unit_flags`, `pool_id`, `patch_min`, `patch_max`) VALUES ('11643', '0', '1', '4017', '1', '-1654.92', '-1780.71', '80.1678', '2.22505', '400', '5', '0', '1277', '0', '1', '0', '0', '0', '10');
INSERT INTO spawn_group (`groupId`, `spawnType`, `spawnId`) VALUES ('2', '0', '11643');


-- Importing creature spawn with guid 14645 with import type REPLACE_ALL
INSERT INTO creature_entry (`spawnID`, `entry`) VALUES ('14564', '2591');
INSERT INTO creature (`spawnID`, `map`, `spawnMask`, `modelid`, `equipment_id`, `position_x`, `position_y`, `position_z`, `orientation`, `spawntimesecs`, `spawndist`, `currentwaypoint`, `curhealth`, `curmana`, `MovementType`, `unit_flags`, `pool_id`, `patch_min`, `patch_max`) VALUES ('14564', '0', '1', NULL, '1', '-1698.05', '-1818.78', '93.1325', '1.25581', '400', '0', '0', '1', '0', '0', '0', '0', '0', '10');
INSERT INTO spawn_group (`groupId`, `spawnType`, `spawnId`) VALUES ('2', '0', '14564');
INSERT INTO creature_entry (`spawnID`, `entry`) VALUES ('14535', '2591');
INSERT INTO creature (`spawnID`, `map`, `spawnMask`, `modelid`, `equipment_id`, `position_x`, `position_y`, `position_z`, `orientation`, `spawntimesecs`, `spawndist`, `currentwaypoint`, `curhealth`, `curmana`, `MovementType`, `unit_flags`, `pool_id`, `patch_min`, `patch_max`) VALUES ('14535', '0', '1', NULL, '1', '-1645.85', '-1919.64', '73.8104', '3.54302', '400', '0', '0', '1', '0', '0', '0', '0', '0', '10');
INSERT INTO spawn_group (`groupId`, `spawnType`, `spawnId`) VALUES ('2', '0', '14535');


-- Importing creature spawn with guid 14643 with import type REPLACE_ALL


-- Importing creature spawn with guid 14639 with import type REPLACE_ALL


-- Importing creature spawn with guid 14637 with import type REPLACE_ALL
INSERT INTO creature_entry (`spawnID`, `entry`) VALUES ('14637', '2590');
-- Has LK modelid 4014 already in creature template, set to 0.
INSERT INTO creature (`spawnID`, `map`, `spawnMask`, `modelid`, `equipment_id`, `position_x`, `position_y`, `position_z`, `orientation`, `spawntimesecs`, `spawndist`, `currentwaypoint`, `curhealth`, `curmana`, `MovementType`, `unit_flags`, `pool_id`, `patch_min`, `patch_max`) VALUES ('14637', '0', '1', NULL, '1', '-1594.04', '-1830.74', '68.44', '1.17384', '400', '0', '0', '992', '2680', '0', '0', '0', '0', '10');
INSERT INTO creature_addon (`spawnID`, `path_id`, `mount`, `bytes0`, `bytes1`, `bytes2`, `emote`, `auras`) VALUES ('14637', NULL, '0', '0', '0', '4097', '0', NULL);
INSERT INTO spawn_group (`groupId`, `spawnType`, `spawnId`) VALUES ('2', '0', '14637');
INSERT INTO creature_entry (`spawnID`, `entry`) VALUES ('14577', '2590');
-- Has LK modelid 4014 already in creature template, set to 0.
INSERT INTO creature (`spawnID`, `map`, `spawnMask`, `modelid`, `equipment_id`, `position_x`, `position_y`, `position_z`, `orientation`, `spawntimesecs`, `spawndist`, `currentwaypoint`, `curhealth`, `curmana`, `MovementType`, `unit_flags`, `pool_id`, `patch_min`, `patch_max`) VALUES ('14577', '0', '1', NULL, '1', '-1663.5', '-1803.53', '83.0723', '3.42668', '400', '0', '0', '992', '2680', '0', '0', '0', '0', '10');
INSERT INTO creature_addon (`spawnID`, `path_id`, `mount`, `bytes0`, `bytes1`, `bytes2`, `emote`, `auras`) VALUES ('14577', NULL, '0', '0', '0', '4097', '0', NULL);
INSERT INTO spawn_group (`groupId`, `spawnType`, `spawnId`) VALUES ('2', '0', '14577');
INSERT INTO creature_entry (`spawnID`, `entry`) VALUES ('14560', '2590');
INSERT INTO creature (`spawnID`, `map`, `spawnMask`, `modelid`, `equipment_id`, `position_x`, `position_y`, `position_z`, `orientation`, `spawntimesecs`, `spawndist`, `currentwaypoint`, `curhealth`, `curmana`, `MovementType`, `unit_flags`, `pool_id`, `patch_min`, `patch_max`) VALUES ('14560', '0', '1', '4015', '1', '-1696.67', '-1797.34', '84.3108', '4.73097', '400', '0', '0', '992', '2680', '0', '0', '0', '0', '10');
INSERT INTO creature_addon (`spawnID`, `path_id`, `mount`, `bytes0`, `bytes1`, `bytes2`, `emote`, `auras`) VALUES ('14560', NULL, '0', '0', '0', '4097', '0', NULL);
INSERT INTO spawn_group (`groupId`, `spawnType`, `spawnId`) VALUES ('2', '0', '14560');
INSERT INTO creature_entry (`spawnID`, `entry`) VALUES ('14557', '2590');
-- Has LK modelid 4014 already in creature template, set to 0.
INSERT INTO creature (`spawnID`, `map`, `spawnMask`, `modelid`, `equipment_id`, `position_x`, `position_y`, `position_z`, `orientation`, `spawntimesecs`, `spawndist`, `currentwaypoint`, `curhealth`, `curmana`, `MovementType`, `unit_flags`, `pool_id`, `patch_min`, `patch_max`) VALUES ('14557', '0', '1', NULL, '1', '-1713.94', '-1780.49', '83.4918', '4.97419', '400', '0', '0', '992', '2680', '0', '0', '0', '0', '10');
INSERT INTO creature_addon (`spawnID`, `path_id`, `mount`, `bytes0`, `bytes1`, `bytes2`, `emote`, `auras`) VALUES ('14557', NULL, '0', '0', '0', '4097', '0', NULL);
INSERT INTO spawn_group (`groupId`, `spawnType`, `spawnId`) VALUES ('2', '0', '14557');
INSERT INTO creature_entry (`spawnID`, `entry`) VALUES ('14546', '2590');
INSERT INTO creature (`spawnID`, `map`, `spawnMask`, `modelid`, `equipment_id`, `position_x`, `position_y`, `position_z`, `orientation`, `spawntimesecs`, `spawndist`, `currentwaypoint`, `curhealth`, `curmana`, `MovementType`, `unit_flags`, `pool_id`, `patch_min`, `patch_max`) VALUES ('14546', '0', '1', '4015', '1', '-1636.87', '-1894.07', '81.6696', '4.76974', '400', '3', '0', '992', '2680', '1', '0', '0', '0', '10');
INSERT INTO creature_addon (`spawnID`, `path_id`, `mount`, `bytes0`, `bytes1`, `bytes2`, `emote`, `auras`) VALUES ('14546', NULL, '0', '0', '8', '4097', '0', NULL);
INSERT INTO spawn_group (`groupId`, `spawnType`, `spawnId`) VALUES ('2', '0', '14546');
INSERT INTO creature_entry (`spawnID`, `entry`) VALUES ('14542', '2590');
-- Has LK modelid 4014 already in creature template, set to 0.
INSERT INTO creature (`spawnID`, `map`, `spawnMask`, `modelid`, `equipment_id`, `position_x`, `position_y`, `position_z`, `orientation`, `spawntimesecs`, `spawndist`, `currentwaypoint`, `curhealth`, `curmana`, `MovementType`, `unit_flags`, `pool_id`, `patch_min`, `patch_max`) VALUES ('14542', '0', '1', NULL, '1', '-1694.56', '-1910.39', '81.7269', '1.55334', '400', '0', '0', '992', '2680', '0', '0', '0', '0', '10');
INSERT INTO creature_addon (`spawnID`, `path_id`, `mount`, `bytes0`, `bytes1`, `bytes2`, `emote`, `auras`) VALUES ('14542', NULL, '0', '0', '0', '4097', '0', NULL);
INSERT INTO spawn_group (`groupId`, `spawnType`, `spawnId`) VALUES ('2', '0', '14542');
INSERT INTO creature_entry (`spawnID`, `entry`) VALUES ('14541', '2590');
-- Has LK modelid 4014 already in creature template, set to 0.
INSERT INTO creature (`spawnID`, `map`, `spawnMask`, `modelid`, `equipment_id`, `position_x`, `position_y`, `position_z`, `orientation`, `spawntimesecs`, `spawndist`, `currentwaypoint`, `curhealth`, `curmana`, `MovementType`, `unit_flags`, `pool_id`, `patch_min`, `patch_max`) VALUES ('14541', '0', '1', NULL, '1', '-1696.89', '-1926.68', '86.5763', '6.26573', '400', '0', '0', '992', '2680', '0', '0', '0', '0', '10');
INSERT INTO creature_addon (`spawnID`, `path_id`, `mount`, `bytes0`, `bytes1`, `bytes2`, `emote`, `auras`) VALUES ('14541', NULL, '0', '0', '0', '4097', '0', NULL);
INSERT INTO spawn_group (`groupId`, `spawnType`, `spawnId`) VALUES ('2', '0', '14541');
INSERT INTO creature_entry (`spawnID`, `entry`) VALUES ('11746', '2590');
INSERT INTO creature (`spawnID`, `map`, `spawnMask`, `modelid`, `equipment_id`, `position_x`, `position_y`, `position_z`, `orientation`, `spawntimesecs`, `spawndist`, `currentwaypoint`, `curhealth`, `curmana`, `MovementType`, `unit_flags`, `pool_id`, `patch_min`, `patch_max`) VALUES ('11746', '0', '1', '4015', '1', '-1625.24', '-1831.54', '81.0414', '5.01836', '400', '0', '0', '992', '2680', '0', '0', '0', '0', '10');
INSERT INTO creature_addon (`spawnID`, `path_id`, `mount`, `bytes0`, `bytes1`, `bytes2`, `emote`, `auras`) VALUES ('11746', NULL, '0', '0', '0', '4097', '0', NULL);
INSERT INTO spawn_group (`groupId`, `spawnType`, `spawnId`) VALUES ('2', '0', '11746');
INSERT INTO creature_entry (`spawnID`, `entry`) VALUES ('11656', '2590');
-- Has LK modelid 4014 already in creature template, set to 0.
INSERT INTO creature (`spawnID`, `map`, `spawnMask`, `modelid`, `equipment_id`, `position_x`, `position_y`, `position_z`, `orientation`, `spawntimesecs`, `spawndist`, `currentwaypoint`, `curhealth`, `curmana`, `MovementType`, `unit_flags`, `pool_id`, `patch_min`, `patch_max`) VALUES ('11656', '0', '1', NULL, '1', '-1634.63', '-1774.24', '81.3997', '2.92247', '400', '0', '0', '992', '2680', '0', '0', '0', '0', '10');
INSERT INTO creature_addon (`spawnID`, `path_id`, `mount`, `bytes0`, `bytes1`, `bytes2`, `emote`, `auras`) VALUES ('11656', NULL, '0', '0', '0', '4097', '0', NULL);
INSERT INTO spawn_group (`groupId`, `spawnType`, `spawnId`) VALUES ('2', '0', '11656');


-- Importing creature spawn with guid 14633 with import type REPLACE_ALL


-- Importing creature spawn with guid 14630 with import type REPLACE_ALL


-- Importing creature spawn with guid 14626 with import type REPLACE_ALL


-- Importing creature spawn with guid 14623 with import type REPLACE_ALL


-- Importing creature spawn with guid 14622 with import type REPLACE_ALL


-- Importing creature spawn with guid 14620 with import type REPLACE_ALL


-- Importing creature spawn with guid 14618 with import type REPLACE_ALL


-- Importing creature spawn with guid 14617 with import type REPLACE_ALL


-- Importing creature spawn with guid 14614 with import type REPLACE_ALL


-- Importing creature spawn with guid 14612 with import type REPLACE_ALL


-- Importing creature spawn with guid 14611 with import type REPLACE_ALL


-- Importing creature spawn with guid 14610 with import type REPLACE_ALL


-- Importing creature spawn with guid 14608 with import type REPLACE_ALL


-- Importing creature spawn with guid 14607 with import type REPLACE_ALL


-- Importing creature spawn with guid 14586 with import type REPLACE_ALL


-- Importing creature spawn with guid 14578 with import type REPLACE_ALL


-- Importing creature spawn with guid 14577 with import type REPLACE_ALL


-- Importing creature spawn with guid 14570 with import type REPLACE_ALL


-- Importing creature spawn with guid 14568 with import type REPLACE_ALL


-- Importing creature spawn with guid 14566 with import type REPLACE_ALL


-- Importing creature spawn with guid 14565 with import type REPLACE_ALL


-- Importing creature spawn with guid 14564 with import type REPLACE_ALL


-- Importing creature spawn with guid 14560 with import type REPLACE_ALL


-- Importing creature spawn with guid 14557 with import type REPLACE_ALL


-- Importing creature spawn with guid 14556 with import type REPLACE_ALL


-- Importing creature spawn with guid 14552 with import type REPLACE_ALL


-- Importing creature spawn with guid 14549 with import type REPLACE_ALL


-- Importing creature spawn with guid 14546 with import type REPLACE_ALL


-- Importing creature spawn with guid 14545 with import type REPLACE_ALL


-- Importing creature spawn with guid 14542 with import type REPLACE_ALL


-- Importing creature spawn with guid 14541 with import type REPLACE_ALL


-- Importing creature spawn with guid 14537 with import type REPLACE_ALL


-- Importing creature spawn with guid 14536 with import type REPLACE_ALL


-- Importing creature spawn with guid 14535 with import type REPLACE_ALL


-- Importing creature spawn with guid 14528 with import type REPLACE_ALL


-- Importing creature spawn with guid 2066 with import type REPLACE_ALL


-- Importing creature spawn with guid 12014 with import type REPLACE_ALL


-- Importing creature spawn with guid 12012 with import type REPLACE_ALL


-- Importing creature spawn with guid 12011 with import type REPLACE_ALL


-- Importing creature spawn with guid 2047 with import type REPLACE_ALL


-- Importing creature spawn with guid 1980 with import type REPLACE_ALL


-- Importing creature spawn with guid 12008 with import type REPLACE_ALL


-- Importing creature spawn with guid 1863 with import type REPLACE_ALL


-- Importing creature spawn with guid 1862 with import type REPLACE_ALL


-- Importing creature spawn with guid 1855 with import type REPLACE_ALL


-- Importing creature spawn with guid 1839 with import type REPLACE_ALL


-- Importing creature spawn with guid 1828 with import type REPLACE_ALL


-- Importing creature spawn with guid 1699 with import type REPLACE_ALL


-- Importing creature spawn with guid 1696 with import type REPLACE_ALL


-- Importing creature spawn with guid 1687 with import type REPLACE_ALL


-- Importing creature spawn with guid 1686 with import type REPLACE_ALL


-- Importing creature spawn with guid 6304 with import type REPLACE_ALL


-- Importing creature spawn with guid 6305 with import type REPLACE_ALL


-- Importing creature spawn with guid 6308 with import type REPLACE_ALL


-- Importing creature spawn with guid 6310 with import type REPLACE_ALL


-- Importing creature spawn with guid 6313 with import type REPLACE_ALL


-- Importing creature spawn with guid 6324 with import type REPLACE_ALL


-- Importing creature spawn with guid 6325 with import type REPLACE_ALL


-- Importing creature spawn with guid 6329 with import type REPLACE_ALL


-- Importing creature spawn with guid 6330 with import type REPLACE_ALL


-- Importing creature spawn with guid 6333 with import type REPLACE_ALL


-- Importing creature spawn with guid 6339 with import type REPLACE_ALL


-- Importing creature spawn with guid 6341 with import type REPLACE_ALL


-- Importing creature spawn with guid 6342 with import type REPLACE_ALL


-- Importing creature spawn with guid 6345 with import type REPLACE_ALL


-- Importing creature spawn with guid 6348 with import type REPLACE_ALL


-- Importing creature spawn with guid 6350 with import type REPLACE_ALL


-- Importing creature spawn with guid 6351 with import type REPLACE_ALL


-- Importing creature spawn with guid 6352 with import type REPLACE_ALL


-- Importing creature spawn with guid 6359 with import type REPLACE_ALL


-- Importing creature spawn with guid 6360 with import type REPLACE_ALL


-- Importing creature spawn with guid 6366 with import type REPLACE_ALL


-- Importing creature spawn with guid 6369 with import type REPLACE_ALL


-- Importing creature spawn with guid 6370 with import type REPLACE_ALL


-- Importing creature spawn with guid 6376 with import type REPLACE_ALL


-- Importing creature spawn with guid 1678 with import type REPLACE_ALL


-- Importing creature spawn with guid 1676 with import type REPLACE_ALL


-- Importing creature spawn with guid 11961 with import type REPLACE_ALL
INSERT INTO creature_entry (`spawnID`, `entry`) VALUES ('81148', '4062');
INSERT INTO creature (`spawnID`, `map`, `spawnMask`, `modelid`, `equipment_id`, `position_x`, `position_y`, `position_z`, `orientation`, `spawntimesecs`, `spawndist`, `currentwaypoint`, `curhealth`, `curmana`, `MovementType`, `unit_flags`, `pool_id`, `patch_min`, `patch_max`) VALUES ('81148', '0', '1', NULL, '1', '-2366.4', '-2513.93', '75.3443', '1.6262', '2', '0', '0', '1050', '0', '0', '0', '0', '0', '10');
INSERT INTO creature_entry (`spawnID`, `entry`) VALUES ('81149', '4062');
INSERT INTO creature (`spawnID`, `map`, `spawnMask`, `modelid`, `equipment_id`, `position_x`, `position_y`, `position_z`, `orientation`, `spawntimesecs`, `spawndist`, `currentwaypoint`, `curhealth`, `curmana`, `MovementType`, `unit_flags`, `pool_id`, `patch_min`, `patch_max`) VALUES ('81149', '0', '1', NULL, '1', '-2374.03', '-2496.13', '75.344', '5.3474', '2', '0', '0', '1050', '0', '0', '0', '0', '0', '10');


-- Importing creature spawn with guid 11959 with import type REPLACE_ALL


-- Importing creature spawn with guid 11746 with import type REPLACE_ALL


-- Importing creature spawn with guid 11744 with import type REPLACE_ALL


-- Importing creature spawn with guid 11742 with import type REPLACE_ALL


-- Importing creature spawn with guid 11739 with import type REPLACE_ALL


-- Importing creature spawn with guid 11692 with import type REPLACE_ALL


-- Importing creature spawn with guid 11656 with import type REPLACE_ALL


-- Importing creature spawn with guid 11643 with import type REPLACE_ALL


-- Importing creature spawn with guid 11537 with import type REPLACE_ALL


-- Importing creature spawn with guid 11497 with import type REPLACE_ALL


-- Importing creature spawn with guid 11410 with import type REPLACE_ALL


-- Importing creature spawn with guid 8025 with import type REPLACE_ALL
INSERT INTO creature_entry (`spawnID`, `entry`) VALUES ('107839', '1412');
-- Has LK modelid 134 already in creature template, set to 0.
INSERT INTO creature (`spawnID`, `map`, `spawnMask`, `modelid`, `equipment_id`, `position_x`, `position_y`, `position_z`, `orientation`, `spawntimesecs`, `spawndist`, `currentwaypoint`, `curhealth`, `curmana`, `MovementType`, `unit_flags`, `pool_id`, `patch_min`, `patch_max`) VALUES ('107839', '571', '1', NULL, '0', '1444.28', '-3807.28', '129.742', '0.338426', '300', '15', '0', '8', '0', '1', '0', '0', '5', '10');
INSERT INTO creature_entry (`spawnID`, `entry`) VALUES ('107840', '1412');
-- Has LK modelid 134 already in creature template, set to 0.
INSERT INTO creature (`spawnID`, `map`, `spawnMask`, `modelid`, `equipment_id`, `position_x`, `position_y`, `position_z`, `orientation`, `spawntimesecs`, `spawndist`, `currentwaypoint`, `curhealth`, `curmana`, `MovementType`, `unit_flags`, `pool_id`, `patch_min`, `patch_max`) VALUES ('107840', '571', '1', NULL, '0', '1257.51', '-4368.11', '152.263', '1.04927', '300', '15', '0', '8', '0', '1', '0', '0', '5', '10');
INSERT INTO creature_entry (`spawnID`, `entry`) VALUES ('107841', '1412');
-- Has LK modelid 134 already in creature template, set to 0.
INSERT INTO creature (`spawnID`, `map`, `spawnMask`, `modelid`, `equipment_id`, `position_x`, `position_y`, `position_z`, `orientation`, `spawntimesecs`, `spawndist`, `currentwaypoint`, `curhealth`, `curmana`, `MovementType`, `unit_flags`, `pool_id`, `patch_min`, `patch_max`) VALUES ('107841', '571', '1', NULL, '0', '794.266', '-3875.86', '216.712', '1.84896', '300', '15', '0', '8', '0', '1', '0', '0', '5', '10');
INSERT INTO creature_entry (`spawnID`, `entry`) VALUES ('107842', '1412');
-- Has LK modelid 134 already in creature template, set to 0.
INSERT INTO creature (`spawnID`, `map`, `spawnMask`, `modelid`, `equipment_id`, `position_x`, `position_y`, `position_z`, `orientation`, `spawntimesecs`, `spawndist`, `currentwaypoint`, `curhealth`, `curmana`, `MovementType`, `unit_flags`, `pool_id`, `patch_min`, `patch_max`) VALUES ('107842', '571', '1', NULL, '0', '6377.13', '4537.97', '-67.8288', '1.52781', '300', '15', '0', '8', '0', '1', '0', '0', '5', '10');
INSERT INTO creature_entry (`spawnID`, `entry`) VALUES ('107843', '1412');
-- Has LK modelid 134 already in creature template, set to 0.
INSERT INTO creature (`spawnID`, `map`, `spawnMask`, `modelid`, `equipment_id`, `position_x`, `position_y`, `position_z`, `orientation`, `spawntimesecs`, `spawndist`, `currentwaypoint`, `curhealth`, `curmana`, `MovementType`, `unit_flags`, `pool_id`, `patch_min`, `patch_max`) VALUES ('107843', '571', '1', NULL, '0', '6253.9', '4878.85', '-83.0448', '0.666272', '300', '15', '0', '8', '0', '1', '0', '0', '5', '10');
INSERT INTO creature_entry (`spawnID`, `entry`) VALUES ('107844', '1412');
-- Has LK modelid 134 already in creature template, set to 0.
INSERT INTO creature (`spawnID`, `map`, `spawnMask`, `modelid`, `equipment_id`, `position_x`, `position_y`, `position_z`, `orientation`, `spawntimesecs`, `spawndist`, `currentwaypoint`, `curhealth`, `curmana`, `MovementType`, `unit_flags`, `pool_id`, `patch_min`, `patch_max`) VALUES ('107844', '571', '1', NULL, '0', '4885.23', '4668.39', '-70.6386', '5.71551', '300', '15', '0', '8', '0', '1', '0', '0', '5', '10');
INSERT INTO creature_entry (`spawnID`, `entry`) VALUES ('107845', '1412');
-- Has LK modelid 134 already in creature template, set to 0.
INSERT INTO creature (`spawnID`, `map`, `spawnMask`, `modelid`, `equipment_id`, `position_x`, `position_y`, `position_z`, `orientation`, `spawntimesecs`, `spawndist`, `currentwaypoint`, `curhealth`, `curmana`, `MovementType`, `unit_flags`, `pool_id`, `patch_min`, `patch_max`) VALUES ('107845', '571', '1', NULL, '0', '6004.43', '4339.72', '-85.745', '3.84012', '300', '15', '0', '8', '0', '1', '0', '0', '5', '10');
INSERT INTO creature_entry (`spawnID`, `entry`) VALUES ('107846', '1412');
-- Has LK modelid 134 already in creature template, set to 0.
INSERT INTO creature (`spawnID`, `map`, `spawnMask`, `modelid`, `equipment_id`, `position_x`, `position_y`, `position_z`, `orientation`, `spawntimesecs`, `spawndist`, `currentwaypoint`, `curhealth`, `curmana`, `MovementType`, `unit_flags`, `pool_id`, `patch_min`, `patch_max`) VALUES ('107846', '571', '1', NULL, '0', '5260.21', '3958.09', '-65.0859', '1.46009', '300', '15', '0', '8', '0', '1', '0', '0', '5', '10');
INSERT INTO creature_entry (`spawnID`, `entry`) VALUES ('107847', '1412');
-- Has LK modelid 134 already in creature template, set to 0.
INSERT INTO creature (`spawnID`, `map`, `spawnMask`, `modelid`, `equipment_id`, `position_x`, `position_y`, `position_z`, `orientation`, `spawntimesecs`, `spawndist`, `currentwaypoint`, `curhealth`, `curmana`, `MovementType`, `unit_flags`, `pool_id`, `patch_min`, `patch_max`) VALUES ('107847', '571', '1', NULL, '0', '220.224', '-5613.36', '343.456', '3.85509', '300', '15', '0', '8', '0', '1', '0', '0', '5', '10');
INSERT INTO creature_entry (`spawnID`, `entry`) VALUES ('107848', '1412');
-- Has LK modelid 134 already in creature template, set to 0.
INSERT INTO creature (`spawnID`, `map`, `spawnMask`, `modelid`, `equipment_id`, `position_x`, `position_y`, `position_z`, `orientation`, `spawntimesecs`, `spawndist`, `currentwaypoint`, `curhealth`, `curmana`, `MovementType`, `unit_flags`, `pool_id`, `patch_min`, `patch_max`) VALUES ('107848', '571', '1', NULL, '0', '4972.22', '5122.84', '-92.6196', '0.767444', '300', '15', '0', '8', '0', '1', '0', '0', '5', '10');
INSERT INTO creature_entry (`spawnID`, `entry`) VALUES ('107849', '1412');
-- Has LK modelid 134 already in creature template, set to 0.
INSERT INTO creature (`spawnID`, `map`, `spawnMask`, `modelid`, `equipment_id`, `position_x`, `position_y`, `position_z`, `orientation`, `spawntimesecs`, `spawndist`, `currentwaypoint`, `curhealth`, `curmana`, `MovementType`, `unit_flags`, `pool_id`, `patch_min`, `patch_max`) VALUES ('107849', '571', '1', NULL, '0', '4869.24', '4481.49', '-67.0367', '2.37139', '300', '15', '0', '8', '0', '1', '0', '0', '5', '10');
INSERT INTO creature_entry (`spawnID`, `entry`) VALUES ('107851', '1412');
-- Has LK modelid 134 already in creature template, set to 0.
INSERT INTO creature (`spawnID`, `map`, `spawnMask`, `modelid`, `equipment_id`, `position_x`, `position_y`, `position_z`, `orientation`, `spawntimesecs`, `spawndist`, `currentwaypoint`, `curhealth`, `curmana`, `MovementType`, `unit_flags`, `pool_id`, `patch_min`, `patch_max`) VALUES ('107851', '571', '1', NULL, '0', '1254.42', '-6263.11', '268.028', '0.710108', '300', '15', '0', '8', '0', '1', '0', '0', '5', '10');
INSERT INTO creature_entry (`spawnID`, `entry`) VALUES ('107852', '1412');
-- Has LK modelid 134 already in creature template, set to 0.
INSERT INTO creature (`spawnID`, `map`, `spawnMask`, `modelid`, `equipment_id`, `position_x`, `position_y`, `position_z`, `orientation`, `spawntimesecs`, `spawndist`, `currentwaypoint`, `curhealth`, `curmana`, `MovementType`, `unit_flags`, `pool_id`, `patch_min`, `patch_max`) VALUES ('107852', '571', '1', NULL, '0', '1243.69', '-5965.44', '281.652', '2.51567', '300', '15', '0', '8', '0', '1', '0', '0', '5', '10');
INSERT INTO creature_entry (`spawnID`, `entry`) VALUES ('107853', '1412');
-- Has LK modelid 134 already in creature template, set to 0.
INSERT INTO creature (`spawnID`, `map`, `spawnMask`, `modelid`, `equipment_id`, `position_x`, `position_y`, `position_z`, `orientation`, `spawntimesecs`, `spawndist`, `currentwaypoint`, `curhealth`, `curmana`, `MovementType`, `unit_flags`, `pool_id`, `patch_min`, `patch_max`) VALUES ('107853', '571', '1', NULL, '0', '84.7733', '-4391.49', '232.239', '4.92894', '300', '15', '0', '8', '0', '1', '0', '0', '5', '10');
INSERT INTO creature_entry (`spawnID`, `entry`) VALUES ('107854', '1412');
-- Has LK modelid 134 already in creature template, set to 0.
INSERT INTO creature (`spawnID`, `map`, `spawnMask`, `modelid`, `equipment_id`, `position_x`, `position_y`, `position_z`, `orientation`, `spawntimesecs`, `spawndist`, `currentwaypoint`, `curhealth`, `curmana`, `MovementType`, `unit_flags`, `pool_id`, `patch_min`, `patch_max`) VALUES ('107854', '571', '1', NULL, '0', '6485.68', '4490.91', '-59.3546', '5.20355', '300', '15', '0', '8', '0', '1', '0', '0', '5', '10');
INSERT INTO creature_entry (`spawnID`, `entry`) VALUES ('107855', '1412');
-- Has LK modelid 134 already in creature template, set to 0.
INSERT INTO creature (`spawnID`, `map`, `spawnMask`, `modelid`, `equipment_id`, `position_x`, `position_y`, `position_z`, `orientation`, `spawntimesecs`, `spawndist`, `currentwaypoint`, `curhealth`, `curmana`, `MovementType`, `unit_flags`, `pool_id`, `patch_min`, `patch_max`) VALUES ('107855', '571', '1', NULL, '0', '5983.16', '4434.39', '-92.9946', '1.31719', '300', '15', '0', '8', '0', '1', '0', '0', '5', '10');
INSERT INTO creature_entry (`spawnID`, `entry`) VALUES ('107856', '1412');
-- Has LK modelid 134 already in creature template, set to 0.
INSERT INTO creature (`spawnID`, `map`, `spawnMask`, `modelid`, `equipment_id`, `position_x`, `position_y`, `position_z`, `orientation`, `spawntimesecs`, `spawndist`, `currentwaypoint`, `curhealth`, `curmana`, `MovementType`, `unit_flags`, `pool_id`, `patch_min`, `patch_max`) VALUES ('107856', '571', '1', NULL, '0', '5964.46', '4538.62', '-94.237', '4.33828', '300', '15', '0', '8', '0', '1', '0', '0', '5', '10');
INSERT INTO creature_entry (`spawnID`, `entry`) VALUES ('107857', '1412');
-- Has LK modelid 134 already in creature template, set to 0.
INSERT INTO creature (`spawnID`, `map`, `spawnMask`, `modelid`, `equipment_id`, `position_x`, `position_y`, `position_z`, `orientation`, `spawntimesecs`, `spawndist`, `currentwaypoint`, `curhealth`, `curmana`, `MovementType`, `unit_flags`, `pool_id`, `patch_min`, `patch_max`) VALUES ('107857', '571', '1', NULL, '0', '654.571', '-4629.17', '201.67', '3.14159', '300', '15', '0', '8', '0', '1', '0', '0', '5', '10');
INSERT INTO creature_entry (`spawnID`, `entry`) VALUES ('107858', '1412');
-- Has LK modelid 134 already in creature template, set to 0.
INSERT INTO creature (`spawnID`, `map`, `spawnMask`, `modelid`, `equipment_id`, `position_x`, `position_y`, `position_z`, `orientation`, `spawntimesecs`, `spawndist`, `currentwaypoint`, `curhealth`, `curmana`, `MovementType`, `unit_flags`, `pool_id`, `patch_min`, `patch_max`) VALUES ('107858', '571', '1', NULL, '0', '1807.62', '-5063.32', '175.965', '1.44963', '300', '15', '0', '8', '0', '1', '0', '0', '5', '10');
INSERT INTO creature_entry (`spawnID`, `entry`) VALUES ('107859', '1412');
-- Has LK modelid 134 already in creature template, set to 0.
INSERT INTO creature (`spawnID`, `map`, `spawnMask`, `modelid`, `equipment_id`, `position_x`, `position_y`, `position_z`, `orientation`, `spawntimesecs`, `spawndist`, `currentwaypoint`, `curhealth`, `curmana`, `MovementType`, `unit_flags`, `pool_id`, `patch_min`, `patch_max`) VALUES ('107859', '571', '1', NULL, '0', '4931.25', '5043.75', '-101.587', '3.03108', '300', '15', '0', '8', '0', '1', '0', '0', '5', '10');
INSERT INTO creature_entry (`spawnID`, `entry`) VALUES ('107860', '1412');
-- Has LK modelid 134 already in creature template, set to 0.
INSERT INTO creature (`spawnID`, `map`, `spawnMask`, `modelid`, `equipment_id`, `position_x`, `position_y`, `position_z`, `orientation`, `spawntimesecs`, `spawndist`, `currentwaypoint`, `curhealth`, `curmana`, `MovementType`, `unit_flags`, `pool_id`, `patch_min`, `patch_max`) VALUES ('107860', '571', '1', NULL, '0', '829.103', '-5737.61', '251.28', '5.27397', '300', '15', '0', '8', '0', '1', '0', '0', '5', '10');
INSERT INTO creature_entry (`spawnID`, `entry`) VALUES ('107861', '1412');
-- Has LK modelid 134 already in creature template, set to 0.
INSERT INTO creature (`spawnID`, `map`, `spawnMask`, `modelid`, `equipment_id`, `position_x`, `position_y`, `position_z`, `orientation`, `spawntimesecs`, `spawndist`, `currentwaypoint`, `curhealth`, `curmana`, `MovementType`, `unit_flags`, `pool_id`, `patch_min`, `patch_max`) VALUES ('107861', '571', '1', NULL, '0', '4803.38', '4931.36', '-73.9203', '0.94839', '300', '15', '0', '8', '0', '1', '0', '0', '5', '10');
INSERT INTO creature_entry (`spawnID`, `entry`) VALUES ('107862', '1412');
-- Has LK modelid 134 already in creature template, set to 0.
INSERT INTO creature (`spawnID`, `map`, `spawnMask`, `modelid`, `equipment_id`, `position_x`, `position_y`, `position_z`, `orientation`, `spawntimesecs`, `spawndist`, `currentwaypoint`, `curhealth`, `curmana`, `MovementType`, `unit_flags`, `pool_id`, `patch_min`, `patch_max`) VALUES ('107862', '571', '1', NULL, '0', '368.223', '-4765.73', '229.285', '1.08705', '300', '15', '0', '8', '0', '1', '0', '0', '5', '10');
INSERT INTO creature_entry (`spawnID`, `entry`) VALUES ('107863', '1412');
-- Has LK modelid 134 already in creature template, set to 0.
INSERT INTO creature (`spawnID`, `map`, `spawnMask`, `modelid`, `equipment_id`, `position_x`, `position_y`, `position_z`, `orientation`, `spawntimesecs`, `spawndist`, `currentwaypoint`, `curhealth`, `curmana`, `MovementType`, `unit_flags`, `pool_id`, `patch_min`, `patch_max`) VALUES ('107863', '571', '1', NULL, '0', '6650.14', '4594.89', '2.08123', '5.83352', '300', '15', '0', '8', '0', '1', '0', '0', '5', '10');
INSERT INTO creature_entry (`spawnID`, `entry`) VALUES ('107864', '1412');
-- Has LK modelid 134 already in creature template, set to 0.
INSERT INTO creature (`spawnID`, `map`, `spawnMask`, `modelid`, `equipment_id`, `position_x`, `position_y`, `position_z`, `orientation`, `spawntimesecs`, `spawndist`, `currentwaypoint`, `curhealth`, `curmana`, `MovementType`, `unit_flags`, `pool_id`, `patch_min`, `patch_max`) VALUES ('107864', '571', '1', NULL, '0', '5312.8', '4046.98', '-81.9966', '3.04829', '300', '15', '0', '8', '0', '1', '0', '0', '5', '10');
INSERT INTO creature_entry (`spawnID`, `entry`) VALUES ('107865', '1412');
-- Has LK modelid 134 already in creature template, set to 0.
INSERT INTO creature (`spawnID`, `map`, `spawnMask`, `modelid`, `equipment_id`, `position_x`, `position_y`, `position_z`, `orientation`, `spawntimesecs`, `spawndist`, `currentwaypoint`, `curhealth`, `curmana`, `MovementType`, `unit_flags`, `pool_id`, `patch_min`, `patch_max`) VALUES ('107865', '571', '1', NULL, '0', '5375.37', '4382.29', '-133.513', '0', '300', '15', '0', '8', '0', '1', '0', '0', '5', '10');
INSERT INTO creature_entry (`spawnID`, `entry`) VALUES ('107866', '1412');
-- Has LK modelid 134 already in creature template, set to 0.
INSERT INTO creature (`spawnID`, `map`, `spawnMask`, `modelid`, `equipment_id`, `position_x`, `position_y`, `position_z`, `orientation`, `spawntimesecs`, `spawndist`, `currentwaypoint`, `curhealth`, `curmana`, `MovementType`, `unit_flags`, `pool_id`, `patch_min`, `patch_max`) VALUES ('107866', '571', '1', NULL, '0', '215.646', '-4356.38', '249.316', '3.88205', '300', '15', '0', '8', '0', '1', '0', '0', '5', '10');
INSERT INTO creature_entry (`spawnID`, `entry`) VALUES ('107867', '1412');
-- Has LK modelid 134 already in creature template, set to 0.
INSERT INTO creature (`spawnID`, `map`, `spawnMask`, `modelid`, `equipment_id`, `position_x`, `position_y`, `position_z`, `orientation`, `spawntimesecs`, `spawndist`, `currentwaypoint`, `curhealth`, `curmana`, `MovementType`, `unit_flags`, `pool_id`, `patch_min`, `patch_max`) VALUES ('107867', '571', '1', NULL, '0', '4981.03', '4869.85', '-101.613', '3.68218', '300', '15', '0', '8', '0', '1', '0', '0', '5', '10');
INSERT INTO creature_entry (`spawnID`, `entry`) VALUES ('107868', '1412');
-- Has LK modelid 134 already in creature template, set to 0.
INSERT INTO creature (`spawnID`, `map`, `spawnMask`, `modelid`, `equipment_id`, `position_x`, `position_y`, `position_z`, `orientation`, `spawntimesecs`, `spawndist`, `currentwaypoint`, `curhealth`, `curmana`, `MovementType`, `unit_flags`, `pool_id`, `patch_min`, `patch_max`) VALUES ('107868', '571', '1', NULL, '0', '5239.54', '3930.54', '-55.1406', '4.08862', '300', '15', '0', '8', '0', '1', '0', '0', '5', '10');
INSERT INTO creature_entry (`spawnID`, `entry`) VALUES ('107869', '1412');
-- Has LK modelid 134 already in creature template, set to 0.
INSERT INTO creature (`spawnID`, `map`, `spawnMask`, `modelid`, `equipment_id`, `position_x`, `position_y`, `position_z`, `orientation`, `spawntimesecs`, `spawndist`, `currentwaypoint`, `curhealth`, `curmana`, `MovementType`, `unit_flags`, `pool_id`, `patch_min`, `patch_max`) VALUES ('107869', '571', '1', NULL, '0', '5901.9', '4215.12', '-81.7563', '3.5869', '300', '15', '0', '8', '0', '1', '0', '0', '5', '10');
INSERT INTO creature_entry (`spawnID`, `entry`) VALUES ('107870', '1412');
-- Has LK modelid 134 already in creature template, set to 0.
INSERT INTO creature (`spawnID`, `map`, `spawnMask`, `modelid`, `equipment_id`, `position_x`, `position_y`, `position_z`, `orientation`, `spawntimesecs`, `spawndist`, `currentwaypoint`, `curhealth`, `curmana`, `MovementType`, `unit_flags`, `pool_id`, `patch_min`, `patch_max`) VALUES ('107870', '571', '1', NULL, '0', '6094.68', '4380.39', '-80.4539', '3.24102', '300', '15', '0', '8', '0', '1', '0', '0', '5', '10');
INSERT INTO creature_entry (`spawnID`, `entry`) VALUES ('107871', '1412');
-- Has LK modelid 134 already in creature template, set to 0.
INSERT INTO creature (`spawnID`, `map`, `spawnMask`, `modelid`, `equipment_id`, `position_x`, `position_y`, `position_z`, `orientation`, `spawntimesecs`, `spawndist`, `currentwaypoint`, `curhealth`, `curmana`, `MovementType`, `unit_flags`, `pool_id`, `patch_min`, `patch_max`) VALUES ('107871', '571', '1', NULL, '0', '5243.69', '4007.82', '-68.7648', '3.78673', '300', '15', '0', '8', '0', '1', '0', '0', '5', '10');
INSERT INTO creature_entry (`spawnID`, `entry`) VALUES ('107872', '1412');
-- Has LK modelid 134 already in creature template, set to 0.
INSERT INTO creature (`spawnID`, `map`, `spawnMask`, `modelid`, `equipment_id`, `position_x`, `position_y`, `position_z`, `orientation`, `spawntimesecs`, `spawndist`, `currentwaypoint`, `curhealth`, `curmana`, `MovementType`, `unit_flags`, `pool_id`, `patch_min`, `patch_max`) VALUES ('107872', '571', '1', NULL, '0', '1693.57', '-6025.96', '5.66313', '4.69565', '300', '15', '0', '8', '0', '1', '0', '0', '5', '10');
INSERT INTO creature_entry (`spawnID`, `entry`) VALUES ('107873', '1412');
-- Has LK modelid 134 already in creature template, set to 0.
INSERT INTO creature (`spawnID`, `map`, `spawnMask`, `modelid`, `equipment_id`, `position_x`, `position_y`, `position_z`, `orientation`, `spawntimesecs`, `spawndist`, `currentwaypoint`, `curhealth`, `curmana`, `MovementType`, `unit_flags`, `pool_id`, `patch_min`, `patch_max`) VALUES ('107873', '571', '1', NULL, '0', '594.799', '-4346.47', '209.453', '0.600816', '300', '15', '0', '8', '0', '1', '0', '0', '5', '10');
INSERT INTO creature_entry (`spawnID`, `entry`) VALUES ('107874', '1412');
-- Has LK modelid 134 already in creature template, set to 0.
INSERT INTO creature (`spawnID`, `map`, `spawnMask`, `modelid`, `equipment_id`, `position_x`, `position_y`, `position_z`, `orientation`, `spawntimesecs`, `spawndist`, `currentwaypoint`, `curhealth`, `curmana`, `MovementType`, `unit_flags`, `pool_id`, `patch_min`, `patch_max`) VALUES ('107874', '571', '1', NULL, '0', '1790.91', '-4615.07', '177.582', '5.4667', '300', '15', '0', '8', '0', '1', '0', '0', '5', '10');
INSERT INTO creature_entry (`spawnID`, `entry`) VALUES ('107875', '1412');
-- Has LK modelid 134 already in creature template, set to 0.
INSERT INTO creature (`spawnID`, `map`, `spawnMask`, `modelid`, `equipment_id`, `position_x`, `position_y`, `position_z`, `orientation`, `spawntimesecs`, `spawndist`, `currentwaypoint`, `curhealth`, `curmana`, `MovementType`, `unit_flags`, `pool_id`, `patch_min`, `patch_max`) VALUES ('107875', '571', '1', NULL, '0', '4985', '4715.15', '-91.9496', '2.61773', '300', '15', '0', '8', '0', '1', '0', '0', '5', '10');
INSERT INTO creature_entry (`spawnID`, `entry`) VALUES ('107876', '1412');
-- Has LK modelid 134 already in creature template, set to 0.
INSERT INTO creature (`spawnID`, `map`, `spawnMask`, `modelid`, `equipment_id`, `position_x`, `position_y`, `position_z`, `orientation`, `spawntimesecs`, `spawndist`, `currentwaypoint`, `curhealth`, `curmana`, `MovementType`, `unit_flags`, `pool_id`, `patch_min`, `patch_max`) VALUES ('107876', '571', '1', NULL, '0', '4869.23', '5684.55', '-60.3574', '4.75049', '300', '15', '0', '8', '0', '1', '0', '0', '5', '10');
INSERT INTO creature_entry (`spawnID`, `entry`) VALUES ('107877', '1412');
-- Has LK modelid 134 already in creature template, set to 0.
INSERT INTO creature (`spawnID`, `map`, `spawnMask`, `modelid`, `equipment_id`, `position_x`, `position_y`, `position_z`, `orientation`, `spawntimesecs`, `spawndist`, `currentwaypoint`, `curhealth`, `curmana`, `MovementType`, `unit_flags`, `pool_id`, `patch_min`, `patch_max`) VALUES ('107877', '571', '1', NULL, '0', '6424.9', '4640.93', '-69.9219', '5.53317', '300', '15', '0', '8', '0', '1', '0', '0', '5', '10');
INSERT INTO creature_entry (`spawnID`, `entry`) VALUES ('107878', '1412');
-- Has LK modelid 134 already in creature template, set to 0.
INSERT INTO creature (`spawnID`, `map`, `spawnMask`, `modelid`, `equipment_id`, `position_x`, `position_y`, `position_z`, `orientation`, `spawntimesecs`, `spawndist`, `currentwaypoint`, `curhealth`, `curmana`, `MovementType`, `unit_flags`, `pool_id`, `patch_min`, `patch_max`) VALUES ('107878', '571', '1', NULL, '0', '4894.13', '4368.52', '-61.267', '0.82339', '300', '15', '0', '8', '0', '1', '0', '0', '5', '10');
INSERT INTO creature_entry (`spawnID`, `entry`) VALUES ('107879', '1412');
-- Has LK modelid 134 already in creature template, set to 0.
INSERT INTO creature (`spawnID`, `map`, `spawnMask`, `modelid`, `equipment_id`, `position_x`, `position_y`, `position_z`, `orientation`, `spawntimesecs`, `spawndist`, `currentwaypoint`, `curhealth`, `curmana`, `MovementType`, `unit_flags`, `pool_id`, `patch_min`, `patch_max`) VALUES ('107879', '571', '1', NULL, '0', '4876.42', '4189.23', '-37.2871', '5.94476', '300', '15', '0', '8', '0', '1', '0', '0', '5', '10');
INSERT INTO creature_entry (`spawnID`, `entry`) VALUES ('107880', '1412');
-- Has LK modelid 134 already in creature template, set to 0.
INSERT INTO creature (`spawnID`, `map`, `spawnMask`, `modelid`, `equipment_id`, `position_x`, `position_y`, `position_z`, `orientation`, `spawntimesecs`, `spawndist`, `currentwaypoint`, `curhealth`, `curmana`, `MovementType`, `unit_flags`, `pool_id`, `patch_min`, `patch_max`) VALUES ('107880', '571', '1', NULL, '0', '6074.91', '4908.7', '-96.7725', '4.64147', '300', '15', '0', '8', '0', '1', '0', '0', '5', '10');
INSERT INTO creature_entry (`spawnID`, `entry`) VALUES ('107881', '1412');
-- Has LK modelid 134 already in creature template, set to 0.
INSERT INTO creature (`spawnID`, `map`, `spawnMask`, `modelid`, `equipment_id`, `position_x`, `position_y`, `position_z`, `orientation`, `spawntimesecs`, `spawndist`, `currentwaypoint`, `curhealth`, `curmana`, `MovementType`, `unit_flags`, `pool_id`, `patch_min`, `patch_max`) VALUES ('107881', '571', '1', NULL, '0', '4849.18', '5251.28', '-92.7929', '3.15703', '300', '15', '0', '8', '0', '1', '0', '0', '5', '10');
INSERT INTO creature_entry (`spawnID`, `entry`) VALUES ('107882', '1412');
-- Has LK modelid 134 already in creature template, set to 0.
INSERT INTO creature (`spawnID`, `map`, `spawnMask`, `modelid`, `equipment_id`, `position_x`, `position_y`, `position_z`, `orientation`, `spawntimesecs`, `spawndist`, `currentwaypoint`, `curhealth`, `curmana`, `MovementType`, `unit_flags`, `pool_id`, `patch_min`, `patch_max`) VALUES ('107882', '571', '1', NULL, '0', '6260.54', '5035.31', '-94.5179', '2.29569', '300', '15', '0', '8', '0', '1', '0', '0', '5', '10');
INSERT INTO creature_entry (`spawnID`, `entry`) VALUES ('107883', '1412');
-- Has LK modelid 134 already in creature template, set to 0.
INSERT INTO creature (`spawnID`, `map`, `spawnMask`, `modelid`, `equipment_id`, `position_x`, `position_y`, `position_z`, `orientation`, `spawntimesecs`, `spawndist`, `currentwaypoint`, `curhealth`, `curmana`, `MovementType`, `unit_flags`, `pool_id`, `patch_min`, `patch_max`) VALUES ('107883', '571', '1', NULL, '0', '6184.11', '4446.8', '-80.6701', '4.87625', '300', '15', '0', '8', '0', '1', '0', '0', '5', '10');
INSERT INTO creature_entry (`spawnID`, `entry`) VALUES ('107884', '1412');
-- Has LK modelid 134 already in creature template, set to 0.
INSERT INTO creature (`spawnID`, `map`, `spawnMask`, `modelid`, `equipment_id`, `position_x`, `position_y`, `position_z`, `orientation`, `spawntimesecs`, `spawndist`, `currentwaypoint`, `curhealth`, `curmana`, `MovementType`, `unit_flags`, `pool_id`, `patch_min`, `patch_max`) VALUES ('107884', '571', '1', NULL, '0', '6505.5', '5210.83', '-54.6892', '2.21228', '300', '15', '0', '8', '0', '1', '0', '0', '5', '10');
INSERT INTO creature_entry (`spawnID`, `entry`) VALUES ('107885', '1412');
-- Has LK modelid 134 already in creature template, set to 0.
INSERT INTO creature (`spawnID`, `map`, `spawnMask`, `modelid`, `equipment_id`, `position_x`, `position_y`, `position_z`, `orientation`, `spawntimesecs`, `spawndist`, `currentwaypoint`, `curhealth`, `curmana`, `MovementType`, `unit_flags`, `pool_id`, `patch_min`, `patch_max`) VALUES ('107885', '571', '1', NULL, '0', '4986.29', '5503.63', '-87.3224', '5.15687', '300', '15', '0', '8', '0', '1', '0', '0', '5', '10');
INSERT INTO creature_entry (`spawnID`, `entry`) VALUES ('107886', '1412');
-- Has LK modelid 134 already in creature template, set to 0.
INSERT INTO creature (`spawnID`, `map`, `spawnMask`, `modelid`, `equipment_id`, `position_x`, `position_y`, `position_z`, `orientation`, `spawntimesecs`, `spawndist`, `currentwaypoint`, `curhealth`, `curmana`, `MovementType`, `unit_flags`, `pool_id`, `patch_min`, `patch_max`) VALUES ('107886', '571', '1', NULL, '0', '5998.11', '4736.46', '-98.2327', '0.574739', '300', '15', '0', '8', '0', '1', '0', '0', '5', '10');
INSERT INTO creature_entry (`spawnID`, `entry`) VALUES ('107887', '1412');
-- Has LK modelid 134 already in creature template, set to 0.
INSERT INTO creature (`spawnID`, `map`, `spawnMask`, `modelid`, `equipment_id`, `position_x`, `position_y`, `position_z`, `orientation`, `spawntimesecs`, `spawndist`, `currentwaypoint`, `curhealth`, `curmana`, `MovementType`, `unit_flags`, `pool_id`, `patch_min`, `patch_max`) VALUES ('107887', '571', '1', NULL, '0', '6404.79', '5161.83', '-67.7636', '1.63133', '300', '15', '0', '8', '0', '1', '0', '0', '5', '10');
INSERT INTO creature_entry (`spawnID`, `entry`) VALUES ('107888', '1412');
-- Has LK modelid 134 already in creature template, set to 0.
INSERT INTO creature (`spawnID`, `map`, `spawnMask`, `modelid`, `equipment_id`, `position_x`, `position_y`, `position_z`, `orientation`, `spawntimesecs`, `spawndist`, `currentwaypoint`, `curhealth`, `curmana`, `MovementType`, `unit_flags`, `pool_id`, `patch_min`, `patch_max`) VALUES ('107888', '571', '1', NULL, '0', '5572.54', '5981.91', '-41.1542', '3.95641', '300', '15', '0', '8', '0', '1', '0', '0', '5', '10');
INSERT INTO creature_entry (`spawnID`, `entry`) VALUES ('107889', '1412');
-- Has LK modelid 134 already in creature template, set to 0.
INSERT INTO creature (`spawnID`, `map`, `spawnMask`, `modelid`, `equipment_id`, `position_x`, `position_y`, `position_z`, `orientation`, `spawntimesecs`, `spawndist`, `currentwaypoint`, `curhealth`, `curmana`, `MovementType`, `unit_flags`, `pool_id`, `patch_min`, `patch_max`) VALUES ('107889', '571', '1', NULL, '0', '6322.15', '4190.94', '-43.3225', '1.45928', '300', '15', '0', '8', '0', '1', '0', '0', '5', '10');
INSERT INTO creature_entry (`spawnID`, `entry`) VALUES ('107890', '1412');
-- Has LK modelid 134 already in creature template, set to 0.
INSERT INTO creature (`spawnID`, `map`, `spawnMask`, `modelid`, `equipment_id`, `position_x`, `position_y`, `position_z`, `orientation`, `spawntimesecs`, `spawndist`, `currentwaypoint`, `curhealth`, `curmana`, `MovementType`, `unit_flags`, `pool_id`, `patch_min`, `patch_max`) VALUES ('107890', '571', '1', NULL, '0', '4861.4', '5469.88', '-62.3156', '0.477649', '300', '15', '0', '8', '0', '1', '0', '0', '5', '10');
INSERT INTO creature_entry (`spawnID`, `entry`) VALUES ('107891', '1412');
-- Has LK modelid 134 already in creature template, set to 0.
INSERT INTO creature (`spawnID`, `map`, `spawnMask`, `modelid`, `equipment_id`, `position_x`, `position_y`, `position_z`, `orientation`, `spawntimesecs`, `spawndist`, `currentwaypoint`, `curhealth`, `curmana`, `MovementType`, `unit_flags`, `pool_id`, `patch_min`, `patch_max`) VALUES ('107891', '571', '1', NULL, '0', '4950.64', '5331.23', '-90.3138', '3.7464', '300', '15', '0', '8', '0', '1', '0', '0', '5', '10');
INSERT INTO creature_entry (`spawnID`, `entry`) VALUES ('107892', '1412');
-- Has LK modelid 134 already in creature template, set to 0.
INSERT INTO creature (`spawnID`, `map`, `spawnMask`, `modelid`, `equipment_id`, `position_x`, `position_y`, `position_z`, `orientation`, `spawntimesecs`, `spawndist`, `currentwaypoint`, `curhealth`, `curmana`, `MovementType`, `unit_flags`, `pool_id`, `patch_min`, `patch_max`) VALUES ('107892', '571', '1', NULL, '0', '361.176', '-5369.54', '292.209', '0.723238', '300', '15', '0', '8', '0', '1', '0', '0', '5', '10');
INSERT INTO creature_entry (`spawnID`, `entry`) VALUES ('107893', '1412');
-- Has LK modelid 134 already in creature template, set to 0.
INSERT INTO creature (`spawnID`, `map`, `spawnMask`, `modelid`, `equipment_id`, `position_x`, `position_y`, `position_z`, `orientation`, `spawntimesecs`, `spawndist`, `currentwaypoint`, `curhealth`, `curmana`, `MovementType`, `unit_flags`, `pool_id`, `patch_min`, `patch_max`) VALUES ('107893', '571', '1', NULL, '0', '562.354', '-5504.36', '268.43', '3.06048', '300', '15', '0', '8', '0', '1', '0', '0', '5', '10');
INSERT INTO creature_entry (`spawnID`, `entry`) VALUES ('107894', '1412');
-- Has LK modelid 134 already in creature template, set to 0.
INSERT INTO creature (`spawnID`, `map`, `spawnMask`, `modelid`, `equipment_id`, `position_x`, `position_y`, `position_z`, `orientation`, `spawntimesecs`, `spawndist`, `currentwaypoint`, `curhealth`, `curmana`, `MovementType`, `unit_flags`, `pool_id`, `patch_min`, `patch_max`) VALUES ('107894', '571', '1', NULL, '0', '952.223', '-5789.32', '245.119', '2.69844', '300', '15', '0', '8', '0', '1', '0', '0', '5', '10');
INSERT INTO creature_entry (`spawnID`, `entry`) VALUES ('107895', '1412');
-- Has LK modelid 134 already in creature template, set to 0.
INSERT INTO creature (`spawnID`, `map`, `spawnMask`, `modelid`, `equipment_id`, `position_x`, `position_y`, `position_z`, `orientation`, `spawntimesecs`, `spawndist`, `currentwaypoint`, `curhealth`, `curmana`, `MovementType`, `unit_flags`, `pool_id`, `patch_min`, `patch_max`) VALUES ('107895', '571', '1', NULL, '0', '6510.07', '4367.42', '-48.0212', '4.61033', '300', '15', '0', '8', '0', '1', '0', '0', '5', '10');
INSERT INTO creature_entry (`spawnID`, `entry`) VALUES ('107896', '1412');
-- Has LK modelid 134 already in creature template, set to 0.
INSERT INTO creature (`spawnID`, `map`, `spawnMask`, `modelid`, `equipment_id`, `position_x`, `position_y`, `position_z`, `orientation`, `spawntimesecs`, `spawndist`, `currentwaypoint`, `curhealth`, `curmana`, `MovementType`, `unit_flags`, `pool_id`, `patch_min`, `patch_max`) VALUES ('107896', '571', '1', NULL, '0', '6381', '5313.57', '-52.0148', '3.23989', '300', '15', '0', '8', '0', '1', '0', '0', '5', '10');
INSERT INTO creature_entry (`spawnID`, `entry`) VALUES ('107897', '1412');
-- Has LK modelid 134 already in creature template, set to 0.
INSERT INTO creature (`spawnID`, `map`, `spawnMask`, `modelid`, `equipment_id`, `position_x`, `position_y`, `position_z`, `orientation`, `spawntimesecs`, `spawndist`, `currentwaypoint`, `curhealth`, `curmana`, `MovementType`, `unit_flags`, `pool_id`, `patch_min`, `patch_max`) VALUES ('107897', '571', '1', NULL, '0', '5111.62', '5601.59', '-90.9651', '4.91994', '300', '15', '0', '8', '0', '1', '0', '0', '5', '10');
INSERT INTO creature_entry (`spawnID`, `entry`) VALUES ('107898', '1412');
-- Has LK modelid 134 already in creature template, set to 0.
INSERT INTO creature (`spawnID`, `map`, `spawnMask`, `modelid`, `equipment_id`, `position_x`, `position_y`, `position_z`, `orientation`, `spawntimesecs`, `spawndist`, `currentwaypoint`, `curhealth`, `curmana`, `MovementType`, `unit_flags`, `pool_id`, `patch_min`, `patch_max`) VALUES ('107898', '571', '1', NULL, '0', '5376.62', '4528.65', '-129.103', '3.14159', '300', '15', '0', '8', '0', '1', '0', '0', '5', '10');
INSERT INTO creature_entry (`spawnID`, `entry`) VALUES ('107899', '1412');
-- Has LK modelid 134 already in creature template, set to 0.
INSERT INTO creature (`spawnID`, `map`, `spawnMask`, `modelid`, `equipment_id`, `position_x`, `position_y`, `position_z`, `orientation`, `spawntimesecs`, `spawndist`, `currentwaypoint`, `curhealth`, `curmana`, `MovementType`, `unit_flags`, `pool_id`, `patch_min`, `patch_max`) VALUES ('107899', '571', '1', NULL, '0', '6449.68', '5072.49', '-64.4957', '3.42365', '300', '15', '0', '8', '0', '1', '0', '0', '5', '10');
INSERT INTO creature_entry (`spawnID`, `entry`) VALUES ('107900', '1412');
-- Has LK modelid 134 already in creature template, set to 0.
INSERT INTO creature (`spawnID`, `map`, `spawnMask`, `modelid`, `equipment_id`, `position_x`, `position_y`, `position_z`, `orientation`, `spawntimesecs`, `spawndist`, `currentwaypoint`, `curhealth`, `curmana`, `MovementType`, `unit_flags`, `pool_id`, `patch_min`, `patch_max`) VALUES ('107900', '571', '1', NULL, '0', '4754.11', '5203.99', '-53.7084', '2.71732', '300', '15', '0', '8', '0', '1', '0', '0', '5', '10');
INSERT INTO creature_entry (`spawnID`, `entry`) VALUES ('107901', '1412');
-- Has LK modelid 134 already in creature template, set to 0.
INSERT INTO creature (`spawnID`, `map`, `spawnMask`, `modelid`, `equipment_id`, `position_x`, `position_y`, `position_z`, `orientation`, `spawntimesecs`, `spawndist`, `currentwaypoint`, `curhealth`, `curmana`, `MovementType`, `unit_flags`, `pool_id`, `patch_min`, `patch_max`) VALUES ('107901', '571', '1', NULL, '0', '5985.86', '4837.14', '-100.662', '6.07755', '300', '15', '0', '8', '0', '1', '0', '0', '5', '10');
INSERT INTO creature_entry (`spawnID`, `entry`) VALUES ('107903', '1412');
-- Has LK modelid 134 already in creature template, set to 0.
INSERT INTO creature (`spawnID`, `map`, `spawnMask`, `modelid`, `equipment_id`, `position_x`, `position_y`, `position_z`, `orientation`, `spawntimesecs`, `spawndist`, `currentwaypoint`, `curhealth`, `curmana`, `MovementType`, `unit_flags`, `pool_id`, `patch_min`, `patch_max`) VALUES ('107903', '571', '1', NULL, '0', '244.864', '-4870.59', '266.207', '2.85874', '300', '15', '0', '8', '0', '1', '0', '0', '5', '10');
INSERT INTO creature_entry (`spawnID`, `entry`) VALUES ('107904', '1412');
-- Has LK modelid 134 already in creature template, set to 0.
INSERT INTO creature (`spawnID`, `map`, `spawnMask`, `modelid`, `equipment_id`, `position_x`, `position_y`, `position_z`, `orientation`, `spawntimesecs`, `spawndist`, `currentwaypoint`, `curhealth`, `curmana`, `MovementType`, `unit_flags`, `pool_id`, `patch_min`, `patch_max`) VALUES ('107904', '571', '1', NULL, '0', '4887.25', '5779.06', '-60.6174', '1.7337', '300', '15', '0', '8', '0', '1', '0', '0', '5', '10');
INSERT INTO creature_entry (`spawnID`, `entry`) VALUES ('107905', '1412');
-- Has LK modelid 134 already in creature template, set to 0.
INSERT INTO creature (`spawnID`, `map`, `spawnMask`, `modelid`, `equipment_id`, `position_x`, `position_y`, `position_z`, `orientation`, `spawntimesecs`, `spawndist`, `currentwaypoint`, `curhealth`, `curmana`, `MovementType`, `unit_flags`, `pool_id`, `patch_min`, `patch_max`) VALUES ('107905', '571', '1', NULL, '0', '6567.47', '5060.94', '-47.8878', '1.7149', '300', '15', '0', '8', '0', '1', '0', '0', '5', '10');
INSERT INTO creature_entry (`spawnID`, `entry`) VALUES ('107906', '1412');
-- Has LK modelid 134 already in creature template, set to 0.
INSERT INTO creature (`spawnID`, `map`, `spawnMask`, `modelid`, `equipment_id`, `position_x`, `position_y`, `position_z`, `orientation`, `spawntimesecs`, `spawndist`, `currentwaypoint`, `curhealth`, `curmana`, `MovementType`, `unit_flags`, `pool_id`, `patch_min`, `patch_max`) VALUES ('107906', '571', '1', NULL, '0', '6288.61', '5118.99', '-83.3274', '0.618887', '300', '15', '0', '8', '0', '1', '0', '0', '5', '10');
INSERT INTO creature_entry (`spawnID`, `entry`) VALUES ('107907', '1412');
-- Has LK modelid 134 already in creature template, set to 0.
INSERT INTO creature (`spawnID`, `map`, `spawnMask`, `modelid`, `equipment_id`, `position_x`, `position_y`, `position_z`, `orientation`, `spawntimesecs`, `spawndist`, `currentwaypoint`, `curhealth`, `curmana`, `MovementType`, `unit_flags`, `pool_id`, `patch_min`, `patch_max`) VALUES ('107907', '571', '1', NULL, '0', '5261.04', '4414.7', '-95.9895', '0.652482', '300', '15', '0', '8', '0', '1', '0', '0', '5', '10');
INSERT INTO creature_entry (`spawnID`, `entry`) VALUES ('107908', '1412');
-- Has LK modelid 134 already in creature template, set to 0.
INSERT INTO creature (`spawnID`, `map`, `spawnMask`, `modelid`, `equipment_id`, `position_x`, `position_y`, `position_z`, `orientation`, `spawntimesecs`, `spawndist`, `currentwaypoint`, `curhealth`, `curmana`, `MovementType`, `unit_flags`, `pool_id`, `patch_min`, `patch_max`) VALUES ('107908', '571', '1', NULL, '0', '5404.69', '5958.85', '-44.6537', '2.28779', '300', '15', '0', '8', '0', '1', '0', '0', '5', '10');
INSERT INTO creature_entry (`spawnID`, `entry`) VALUES ('107909', '1412');
-- Has LK modelid 134 already in creature template, set to 0.
INSERT INTO creature (`spawnID`, `map`, `spawnMask`, `modelid`, `equipment_id`, `position_x`, `position_y`, `position_z`, `orientation`, `spawntimesecs`, `spawndist`, `currentwaypoint`, `curhealth`, `curmana`, `MovementType`, `unit_flags`, `pool_id`, `patch_min`, `patch_max`) VALUES ('107909', '571', '1', NULL, '0', '5393.27', '5796.96', '-77.2631', '2.57202', '300', '15', '0', '8', '0', '1', '0', '0', '5', '10');
INSERT INTO creature_entry (`spawnID`, `entry`) VALUES ('107910', '1412');
-- Has LK modelid 134 already in creature template, set to 0.
INSERT INTO creature (`spawnID`, `map`, `spawnMask`, `modelid`, `equipment_id`, `position_x`, `position_y`, `position_z`, `orientation`, `spawntimesecs`, `spawndist`, `currentwaypoint`, `curhealth`, `curmana`, `MovementType`, `unit_flags`, `pool_id`, `patch_min`, `patch_max`) VALUES ('107910', '571', '1', NULL, '0', '5430.89', '5778.54', '-75.5337', '5.49229', '300', '15', '0', '8', '0', '1', '0', '0', '5', '10');
INSERT INTO creature_entry (`spawnID`, `entry`) VALUES ('107911', '1412');
-- Has LK modelid 134 already in creature template, set to 0.
INSERT INTO creature (`spawnID`, `map`, `spawnMask`, `modelid`, `equipment_id`, `position_x`, `position_y`, `position_z`, `orientation`, `spawntimesecs`, `spawndist`, `currentwaypoint`, `curhealth`, `curmana`, `MovementType`, `unit_flags`, `pool_id`, `patch_min`, `patch_max`) VALUES ('107911', '571', '1', NULL, '0', '5977.21', '5697.86', '-55.7781', '2.56493', '300', '15', '0', '8', '0', '1', '0', '0', '5', '10');
INSERT INTO creature_entry (`spawnID`, `entry`) VALUES ('107912', '1412');
-- Has LK modelid 134 already in creature template, set to 0.
INSERT INTO creature (`spawnID`, `map`, `spawnMask`, `modelid`, `equipment_id`, `position_x`, `position_y`, `position_z`, `orientation`, `spawntimesecs`, `spawndist`, `currentwaypoint`, `curhealth`, `curmana`, `MovementType`, `unit_flags`, `pool_id`, `patch_min`, `patch_max`) VALUES ('107912', '571', '1', NULL, '0', '6203.16', '5537.84', '-46.3251', '5.08328', '300', '15', '0', '8', '0', '1', '0', '0', '5', '10');
INSERT INTO creature_entry (`spawnID`, `entry`) VALUES ('107913', '1412');
-- Has LK modelid 134 already in creature template, set to 0.
INSERT INTO creature (`spawnID`, `map`, `spawnMask`, `modelid`, `equipment_id`, `position_x`, `position_y`, `position_z`, `orientation`, `spawntimesecs`, `spawndist`, `currentwaypoint`, `curhealth`, `curmana`, `MovementType`, `unit_flags`, `pool_id`, `patch_min`, `patch_max`) VALUES ('107913', '571', '1', NULL, '0', '6115.83', '5595.41', '-52.5744', '0.546281', '300', '15', '0', '8', '0', '1', '0', '0', '5', '10');
INSERT INTO creature_entry (`spawnID`, `entry`) VALUES ('107914', '1412');
-- Has LK modelid 134 already in creature template, set to 0.
INSERT INTO creature (`spawnID`, `map`, `spawnMask`, `modelid`, `equipment_id`, `position_x`, `position_y`, `position_z`, `orientation`, `spawntimesecs`, `spawndist`, `currentwaypoint`, `curhealth`, `curmana`, `MovementType`, `unit_flags`, `pool_id`, `patch_min`, `patch_max`) VALUES ('107914', '571', '1', NULL, '0', '5791.67', '5908.33', '-44.9443', '2.69608', '300', '15', '0', '8', '0', '1', '0', '0', '5', '10');
INSERT INTO creature_entry (`spawnID`, `entry`) VALUES ('107915', '1412');
-- Has LK modelid 134 already in creature template, set to 0.
INSERT INTO creature (`spawnID`, `map`, `spawnMask`, `modelid`, `equipment_id`, `position_x`, `position_y`, `position_z`, `orientation`, `spawntimesecs`, `spawndist`, `currentwaypoint`, `curhealth`, `curmana`, `MovementType`, `unit_flags`, `pool_id`, `patch_min`, `patch_max`) VALUES ('107915', '571', '1', NULL, '0', '5651.97', '5536.65', '-82.5806', '5.34541', '300', '15', '0', '8', '0', '1', '0', '0', '5', '10');
INSERT INTO creature_entry (`spawnID`, `entry`) VALUES ('107916', '1412');
-- Has LK modelid 134 already in creature template, set to 0.
INSERT INTO creature (`spawnID`, `map`, `spawnMask`, `modelid`, `equipment_id`, `position_x`, `position_y`, `position_z`, `orientation`, `spawntimesecs`, `spawndist`, `currentwaypoint`, `curhealth`, `curmana`, `MovementType`, `unit_flags`, `pool_id`, `patch_min`, `patch_max`) VALUES ('107916', '571', '1', NULL, '0', '5982.6', '5685.16', '-59.1531', '0.539578', '300', '15', '0', '8', '0', '1', '0', '0', '5', '10');
INSERT INTO creature_entry (`spawnID`, `entry`) VALUES ('107917', '1412');
-- Has LK modelid 134 already in creature template, set to 0.
INSERT INTO creature (`spawnID`, `map`, `spawnMask`, `modelid`, `equipment_id`, `position_x`, `position_y`, `position_z`, `orientation`, `spawntimesecs`, `spawndist`, `currentwaypoint`, `curhealth`, `curmana`, `MovementType`, `unit_flags`, `pool_id`, `patch_min`, `patch_max`) VALUES ('107917', '571', '1', NULL, '0', '6209.28', '5533.06', '-47.7821', '4.40484', '300', '15', '0', '8', '0', '1', '0', '0', '5', '10');
INSERT INTO creature_entry (`spawnID`, `entry`) VALUES ('107918', '1412');
-- Has LK modelid 134 already in creature template, set to 0.
INSERT INTO creature (`spawnID`, `map`, `spawnMask`, `modelid`, `equipment_id`, `position_x`, `position_y`, `position_z`, `orientation`, `spawntimesecs`, `spawndist`, `currentwaypoint`, `curhealth`, `curmana`, `MovementType`, `unit_flags`, `pool_id`, `patch_min`, `patch_max`) VALUES ('107918', '571', '1', NULL, '0', '6044.1', '5237.95', '-96.6099', '1.29712', '300', '15', '0', '8', '0', '1', '0', '0', '5', '10');
INSERT INTO creature_entry (`spawnID`, `entry`) VALUES ('107920', '1412');
-- Has LK modelid 134 already in creature template, set to 0.
INSERT INTO creature (`spawnID`, `map`, `spawnMask`, `modelid`, `equipment_id`, `position_x`, `position_y`, `position_z`, `orientation`, `spawntimesecs`, `spawndist`, `currentwaypoint`, `curhealth`, `curmana`, `MovementType`, `unit_flags`, `pool_id`, `patch_min`, `patch_max`) VALUES ('107920', '571', '1', NULL, '0', '2375.36', '-4507.49', '214.434', '0.558185', '300', '15', '0', '8', '0', '1', '0', '0', '5', '10');
INSERT INTO creature_entry (`spawnID`, `entry`) VALUES ('107922', '1412');
-- Has LK modelid 134 already in creature template, set to 0.
INSERT INTO creature (`spawnID`, `map`, `spawnMask`, `modelid`, `equipment_id`, `position_x`, `position_y`, `position_z`, `orientation`, `spawntimesecs`, `spawndist`, `currentwaypoint`, `curhealth`, `curmana`, `MovementType`, `unit_flags`, `pool_id`, `patch_min`, `patch_max`) VALUES ('107922', '571', '1', NULL, '0', '2312.35', '-4305.71', '231.492', '6.08656', '300', '15', '0', '8', '0', '1', '0', '0', '5', '10');
INSERT INTO creature_entry (`spawnID`, `entry`) VALUES ('107927', '1412');
-- Has LK modelid 134 already in creature template, set to 0.
INSERT INTO creature (`spawnID`, `map`, `spawnMask`, `modelid`, `equipment_id`, `position_x`, `position_y`, `position_z`, `orientation`, `spawntimesecs`, `spawndist`, `currentwaypoint`, `curhealth`, `curmana`, `MovementType`, `unit_flags`, `pool_id`, `patch_min`, `patch_max`) VALUES ('107927', '571', '1', NULL, '0', '1364.42', '-4065.42', '132.569', '0.887059', '300', '15', '0', '8', '0', '1', '0', '0', '5', '10');
INSERT INTO creature_entry (`spawnID`, `entry`) VALUES ('107928', '1412');
-- Has LK modelid 134 already in creature template, set to 0.
INSERT INTO creature (`spawnID`, `map`, `spawnMask`, `modelid`, `equipment_id`, `position_x`, `position_y`, `position_z`, `orientation`, `spawntimesecs`, `spawndist`, `currentwaypoint`, `curhealth`, `curmana`, `MovementType`, `unit_flags`, `pool_id`, `patch_min`, `patch_max`) VALUES ('107928', '571', '1', NULL, '0', '243.765', '-5452.95', '329.635', '2.97099', '300', '15', '0', '8', '0', '1', '0', '0', '5', '10');
INSERT INTO creature_entry (`spawnID`, `entry`) VALUES ('107929', '1412');
-- Has LK modelid 134 already in creature template, set to 0.
INSERT INTO creature (`spawnID`, `map`, `spawnMask`, `modelid`, `equipment_id`, `position_x`, `position_y`, `position_z`, `orientation`, `spawntimesecs`, `spawndist`, `currentwaypoint`, `curhealth`, `curmana`, `MovementType`, `unit_flags`, `pool_id`, `patch_min`, `patch_max`) VALUES ('107929', '571', '1', NULL, '0', '1465.73', '-5742.43', '260.409', '1.98634', '300', '15', '0', '8', '0', '1', '0', '0', '5', '10');
INSERT INTO creature_entry (`spawnID`, `entry`) VALUES ('107933', '1412');
-- Has LK modelid 134 already in creature template, set to 0.
INSERT INTO creature (`spawnID`, `map`, `spawnMask`, `modelid`, `equipment_id`, `position_x`, `position_y`, `position_z`, `orientation`, `spawntimesecs`, `spawndist`, `currentwaypoint`, `curhealth`, `curmana`, `MovementType`, `unit_flags`, `pool_id`, `patch_min`, `patch_max`) VALUES ('107933', '571', '1', NULL, '0', '1399.09', '-4459.46', '153.531', '4.81261', '300', '15', '0', '8', '0', '1', '0', '0', '5', '10');
INSERT INTO creature_entry (`spawnID`, `entry`) VALUES ('107936', '1412');
-- Has LK modelid 134 already in creature template, set to 0.
INSERT INTO creature (`spawnID`, `map`, `spawnMask`, `modelid`, `equipment_id`, `position_x`, `position_y`, `position_z`, `orientation`, `spawntimesecs`, `spawndist`, `currentwaypoint`, `curhealth`, `curmana`, `MovementType`, `unit_flags`, `pool_id`, `patch_min`, `patch_max`) VALUES ('107936', '571', '1', NULL, '0', '463.928', '-5811.55', '305.601', '1.07256', '300', '15', '0', '8', '0', '1', '0', '0', '5', '10');
INSERT INTO creature_entry (`spawnID`, `entry`) VALUES ('107937', '1412');
-- Has LK modelid 134 already in creature template, set to 0.
INSERT INTO creature (`spawnID`, `map`, `spawnMask`, `modelid`, `equipment_id`, `position_x`, `position_y`, `position_z`, `orientation`, `spawntimesecs`, `spawndist`, `currentwaypoint`, `curhealth`, `curmana`, `MovementType`, `unit_flags`, `pool_id`, `patch_min`, `patch_max`) VALUES ('107937', '571', '1', NULL, '0', '518.491', '-4376.96', '209.587', '2.13277', '300', '15', '0', '8', '0', '1', '0', '0', '5', '10');
INSERT INTO creature_entry (`spawnID`, `entry`) VALUES ('107938', '1412');
-- Has LK modelid 134 already in creature template, set to 0.
INSERT INTO creature (`spawnID`, `map`, `spawnMask`, `modelid`, `equipment_id`, `position_x`, `position_y`, `position_z`, `orientation`, `spawntimesecs`, `spawndist`, `currentwaypoint`, `curhealth`, `curmana`, `MovementType`, `unit_flags`, `pool_id`, `patch_min`, `patch_max`) VALUES ('107938', '571', '1', NULL, '0', '1660.5', '-5399.16', '191.559', '5.76401', '300', '15', '0', '8', '0', '1', '0', '0', '5', '10');
INSERT INTO creature_entry (`spawnID`, `entry`) VALUES ('107939', '1412');
-- Has LK modelid 134 already in creature template, set to 0.
INSERT INTO creature (`spawnID`, `map`, `spawnMask`, `modelid`, `equipment_id`, `position_x`, `position_y`, `position_z`, `orientation`, `spawntimesecs`, `spawndist`, `currentwaypoint`, `curhealth`, `curmana`, `MovementType`, `unit_flags`, `pool_id`, `patch_min`, `patch_max`) VALUES ('107939', '571', '1', NULL, '0', '377.192', '-6020.39', '325.218', '1.19718', '300', '15', '0', '8', '0', '1', '0', '0', '5', '10');
INSERT INTO creature_entry (`spawnID`, `entry`) VALUES ('107943', '1412');
-- Has LK modelid 134 already in creature template, set to 0.
INSERT INTO creature (`spawnID`, `map`, `spawnMask`, `modelid`, `equipment_id`, `position_x`, `position_y`, `position_z`, `orientation`, `spawntimesecs`, `spawndist`, `currentwaypoint`, `curhealth`, `curmana`, `MovementType`, `unit_flags`, `pool_id`, `patch_min`, `patch_max`) VALUES ('107943', '571', '1', NULL, '0', '698.032', '-4413.06', '195.085', '3.23941', '300', '15', '0', '8', '0', '1', '0', '0', '5', '10');
INSERT INTO creature_entry (`spawnID`, `entry`) VALUES ('107970', '1412');
-- Has LK modelid 134 already in creature template, set to 0.
INSERT INTO creature (`spawnID`, `map`, `spawnMask`, `modelid`, `equipment_id`, `position_x`, `position_y`, `position_z`, `orientation`, `spawntimesecs`, `spawndist`, `currentwaypoint`, `curhealth`, `curmana`, `MovementType`, `unit_flags`, `pool_id`, `patch_min`, `patch_max`) VALUES ('107970', '571', '1', NULL, '0', '204.265', '-4476.02', '252.07', '2.58347', '300', '15', '0', '8', '0', '1', '0', '0', '5', '10');
INSERT INTO creature_entry (`spawnID`, `entry`) VALUES ('107973', '1412');
-- Has LK modelid 134 already in creature template, set to 0.
INSERT INTO creature (`spawnID`, `map`, `spawnMask`, `modelid`, `equipment_id`, `position_x`, `position_y`, `position_z`, `orientation`, `spawntimesecs`, `spawndist`, `currentwaypoint`, `curhealth`, `curmana`, `MovementType`, `unit_flags`, `pool_id`, `patch_min`, `patch_max`) VALUES ('107973', '571', '1', NULL, '0', '278.647', '-3214.14', '12.4081', '3.17088', '300', '15', '0', '8', '0', '1', '0', '0', '5', '10');
INSERT INTO creature_entry (`spawnID`, `entry`) VALUES ('107974', '1412');
-- Has LK modelid 134 already in creature template, set to 0.
INSERT INTO creature (`spawnID`, `map`, `spawnMask`, `modelid`, `equipment_id`, `position_x`, `position_y`, `position_z`, `orientation`, `spawntimesecs`, `spawndist`, `currentwaypoint`, `curhealth`, `curmana`, `MovementType`, `unit_flags`, `pool_id`, `patch_min`, `patch_max`) VALUES ('107974', '571', '1', NULL, '0', '679.629', '-3229.6', '25.5645', '3.10576', '300', '15', '0', '8', '0', '1', '0', '0', '5', '10');
INSERT INTO creature_entry (`spawnID`, `entry`) VALUES ('107982', '1412');
-- Has LK modelid 134 already in creature template, set to 0.
INSERT INTO creature (`spawnID`, `map`, `spawnMask`, `modelid`, `equipment_id`, `position_x`, `position_y`, `position_z`, `orientation`, `spawntimesecs`, `spawndist`, `currentwaypoint`, `curhealth`, `curmana`, `MovementType`, `unit_flags`, `pool_id`, `patch_min`, `patch_max`) VALUES ('107982', '571', '1', NULL, '0', '582.839', '-5999.09', '310.792', '2.53073', '300', '15', '0', '8', '0', '1', '0', '0', '5', '10');
INSERT INTO creature_entry (`spawnID`, `entry`) VALUES ('107997', '1412');
-- Has LK modelid 134 already in creature template, set to 0.
INSERT INTO creature (`spawnID`, `map`, `spawnMask`, `modelid`, `equipment_id`, `position_x`, `position_y`, `position_z`, `orientation`, `spawntimesecs`, `spawndist`, `currentwaypoint`, `curhealth`, `curmana`, `MovementType`, `unit_flags`, `pool_id`, `patch_min`, `patch_max`) VALUES ('107997', '571', '1', NULL, '0', '5826.76', '417.184', '657.602', '0.499381', '300', '15', '0', '8', '0', '1', '0', '0', '5', '10');
INSERT INTO creature_entry (`spawnID`, `entry`) VALUES ('108012', '1412');
-- Has LK modelid 134 already in creature template, set to 0.
INSERT INTO creature (`spawnID`, `map`, `spawnMask`, `modelid`, `equipment_id`, `position_x`, `position_y`, `position_z`, `orientation`, `spawntimesecs`, `spawndist`, `currentwaypoint`, `curhealth`, `curmana`, `MovementType`, `unit_flags`, `pool_id`, `patch_min`, `patch_max`) VALUES ('108012', '571', '1', NULL, '0', '5664.81', '709.912', '641.56', '5.38002', '300', '15', '0', '8', '0', '1', '0', '0', '5', '10');
INSERT INTO creature_entry (`spawnID`, `entry`) VALUES ('108013', '1412');
-- Has LK modelid 134 already in creature template, set to 0.
INSERT INTO creature (`spawnID`, `map`, `spawnMask`, `modelid`, `equipment_id`, `position_x`, `position_y`, `position_z`, `orientation`, `spawntimesecs`, `spawndist`, `currentwaypoint`, `curhealth`, `curmana`, `MovementType`, `unit_flags`, `pool_id`, `patch_min`, `patch_max`) VALUES ('108013', '571', '1', NULL, '0', '5879.15', '785.132', '641.492', '3.18013', '300', '15', '0', '8', '0', '1', '0', '0', '5', '10');
INSERT INTO creature_entry (`spawnID`, `entry`) VALUES ('108014', '1412');
-- Has LK modelid 134 already in creature template, set to 0.
INSERT INTO creature (`spawnID`, `map`, `spawnMask`, `modelid`, `equipment_id`, `position_x`, `position_y`, `position_z`, `orientation`, `spawntimesecs`, `spawndist`, `currentwaypoint`, `curhealth`, `curmana`, `MovementType`, `unit_flags`, `pool_id`, `patch_min`, `patch_max`) VALUES ('108014', '571', '1', NULL, '0', '5817.43', '417.058', '657.648', '3.10329', '300', '15', '0', '8', '0', '1', '0', '0', '5', '10');
INSERT INTO creature_entry (`spawnID`, `entry`) VALUES ('108015', '1412');
-- Has LK modelid 134 already in creature template, set to 0.
INSERT INTO creature (`spawnID`, `map`, `spawnMask`, `modelid`, `equipment_id`, `position_x`, `position_y`, `position_z`, `orientation`, `spawntimesecs`, `spawndist`, `currentwaypoint`, `curhealth`, `curmana`, `MovementType`, `unit_flags`, `pool_id`, `patch_min`, `patch_max`) VALUES ('108015', '571', '1', NULL, '0', '5915.49', '558.723', '639.569', '1.94112', '300', '15', '0', '8', '0', '1', '0', '0', '5', '10');
INSERT INTO creature_entry (`spawnID`, `entry`) VALUES ('108016', '1412');
-- Has LK modelid 134 already in creature template, set to 0.
INSERT INTO creature (`spawnID`, `map`, `spawnMask`, `modelid`, `equipment_id`, `position_x`, `position_y`, `position_z`, `orientation`, `spawntimesecs`, `spawndist`, `currentwaypoint`, `curhealth`, `curmana`, `MovementType`, `unit_flags`, `pool_id`, `patch_min`, `patch_max`) VALUES ('108016', '571', '1', NULL, '0', '5883.12', '648.64', '645.862', '2.74182', '300', '15', '0', '8', '0', '1', '0', '0', '5', '10');
INSERT INTO creature_entry (`spawnID`, `entry`) VALUES ('108017', '1412');
-- Has LK modelid 134 already in creature template, set to 0.
INSERT INTO creature (`spawnID`, `map`, `spawnMask`, `modelid`, `equipment_id`, `position_x`, `position_y`, `position_z`, `orientation`, `spawntimesecs`, `spawndist`, `currentwaypoint`, `curhealth`, `curmana`, `MovementType`, `unit_flags`, `pool_id`, `patch_min`, `patch_max`) VALUES ('108017', '571', '1', NULL, '0', '5786.22', '636.25', '648.027', '3.92356', '300', '15', '0', '8', '0', '1', '0', '0', '5', '10');
INSERT INTO creature_entry (`spawnID`, `entry`) VALUES ('108018', '1412');
-- Has LK modelid 134 already in creature template, set to 0.
INSERT INTO creature (`spawnID`, `map`, `spawnMask`, `modelid`, `equipment_id`, `position_x`, `position_y`, `position_z`, `orientation`, `spawntimesecs`, `spawndist`, `currentwaypoint`, `curhealth`, `curmana`, `MovementType`, `unit_flags`, `pool_id`, `patch_min`, `patch_max`) VALUES ('108018', '571', '1', NULL, '0', '5713.17', '643.534', '648.968', '3.51133', '300', '15', '0', '8', '0', '1', '0', '0', '5', '10');
INSERT INTO creature_entry (`spawnID`, `entry`) VALUES ('120766', '1412');
-- Has LK modelid 134 already in creature template, set to 0.
INSERT INTO creature (`spawnID`, `map`, `spawnMask`, `modelid`, `equipment_id`, `position_x`, `position_y`, `position_z`, `orientation`, `spawntimesecs`, `spawndist`, `currentwaypoint`, `curhealth`, `curmana`, `MovementType`, `unit_flags`, `pool_id`, `patch_min`, `patch_max`) VALUES ('120766', '0', '1', NULL, '0', '-8923.97', '945.107', '117.27', '5.82104', '180', '15', '0', '8', '0', '1', '0', '0', '0', '10');
INSERT INTO creature_entry (`spawnID`, `entry`) VALUES ('120767', '1412');
-- Has LK modelid 134 already in creature template, set to 0.
INSERT INTO creature (`spawnID`, `map`, `spawnMask`, `modelid`, `equipment_id`, `position_x`, `position_y`, `position_z`, `orientation`, `spawntimesecs`, `spawndist`, `currentwaypoint`, `curhealth`, `curmana`, `MovementType`, `unit_flags`, `pool_id`, `patch_min`, `patch_max`) VALUES ('120767', '0', '1', NULL, '0', '-8890.07', '909.182', '110.516', '4.83021', '180', '15', '0', '8', '0', '1', '0', '0', '0', '10');
INSERT INTO creature_entry (`spawnID`, `entry`) VALUES ('132774', '1412');
-- Has LK modelid 134 already in creature template, set to 0.
INSERT INTO creature (`spawnID`, `map`, `spawnMask`, `modelid`, `equipment_id`, `position_x`, `position_y`, `position_z`, `orientation`, `spawntimesecs`, `spawndist`, `currentwaypoint`, `curhealth`, `curmana`, `MovementType`, `unit_flags`, `pool_id`, `patch_min`, `patch_max`) VALUES ('132774', '530', '1', NULL, '0', '-4181.73', '3364.32', '265.726', '1.20334', '180', '15', '0', '8', '0', '1', '0', '0', '0', '10');
INSERT INTO creature_addon (`spawnID`, `path_id`, `mount`, `bytes0`, `bytes1`, `bytes2`, `emote`, `auras`) VALUES ('132774', NULL, '0', '0', '0', '1', '0', NULL);
INSERT INTO creature_entry (`spawnID`, `entry`) VALUES ('132775', '1412');
-- Has LK modelid 134 already in creature template, set to 0.
INSERT INTO creature (`spawnID`, `map`, `spawnMask`, `modelid`, `equipment_id`, `position_x`, `position_y`, `position_z`, `orientation`, `spawntimesecs`, `spawndist`, `currentwaypoint`, `curhealth`, `curmana`, `MovementType`, `unit_flags`, `pool_id`, `patch_min`, `patch_max`) VALUES ('132775', '530', '1', NULL, '0', '-3872.89', '3744.11', '291.661', '0.203721', '180', '15', '0', '8', '0', '1', '0', '0', '0', '10');
INSERT INTO creature_addon (`spawnID`, `path_id`, `mount`, `bytes0`, `bytes1`, `bytes2`, `emote`, `auras`) VALUES ('132775', NULL, '0', '0', '0', '1', '0', NULL);
INSERT INTO creature_entry (`spawnID`, `entry`) VALUES ('132776', '1412');
-- Has LK modelid 134 already in creature template, set to 0.
INSERT INTO creature (`spawnID`, `map`, `spawnMask`, `modelid`, `equipment_id`, `position_x`, `position_y`, `position_z`, `orientation`, `spawntimesecs`, `spawndist`, `currentwaypoint`, `curhealth`, `curmana`, `MovementType`, `unit_flags`, `pool_id`, `patch_min`, `patch_max`) VALUES ('132776', '571', '1', NULL, '0', '5841.77', '5608.69', '-70.0033', '5.50709', '180', '15', '0', '8', '0', '1', '0', '0', '5', '10');
INSERT INTO creature_addon (`spawnID`, `path_id`, `mount`, `bytes0`, `bytes1`, `bytes2`, `emote`, `auras`) VALUES ('132776', NULL, '0', '0', '0', '1', '0', NULL);
INSERT INTO creature_entry (`spawnID`, `entry`) VALUES ('52357', '1412');
INSERT INTO creature (`spawnID`, `map`, `spawnMask`, `modelid`, `equipment_id`, `position_x`, `position_y`, `position_z`, `orientation`, `spawntimesecs`, `spawndist`, `currentwaypoint`, `curhealth`, `curmana`, `MovementType`, `unit_flags`, `pool_id`, `patch_min`, `patch_max`) VALUES ('52357', '429', '1', NULL, '0', '-145.678', '-188.004', '-4.06495', '5.41052', '86400', '15', '0', '1', '0', '1', '0', '0', '0', '10');
INSERT INTO creature_entry (`spawnID`, `entry`) VALUES ('52360', '1412');
INSERT INTO creature (`spawnID`, `map`, `spawnMask`, `modelid`, `equipment_id`, `position_x`, `position_y`, `position_z`, `orientation`, `spawntimesecs`, `spawndist`, `currentwaypoint`, `curhealth`, `curmana`, `MovementType`, `unit_flags`, `pool_id`, `patch_min`, `patch_max`) VALUES ('52360', '429', '1', NULL, '0', '-89.9229', '-327.969', '-56.6587', '1.09956', '86400', '15', '0', '1', '0', '1', '0', '0', '0', '10');
INSERT INTO creature_entry (`spawnID`, `entry`) VALUES ('52369', '1412');
INSERT INTO creature (`spawnID`, `map`, `spawnMask`, `modelid`, `equipment_id`, `position_x`, `position_y`, `position_z`, `orientation`, `spawntimesecs`, `spawndist`, `currentwaypoint`, `curhealth`, `curmana`, `MovementType`, `unit_flags`, `pool_id`, `patch_min`, `patch_max`) VALUES ('52369', '429', '1', NULL, '0', '98.2445', '-271.798', '-2.7377', '1.68363', '86400', '15', '0', '1', '0', '1', '0', '0', '0', '10');
INSERT INTO creature_entry (`spawnID`, `entry`) VALUES ('52383', '1412');
INSERT INTO creature (`spawnID`, `map`, `spawnMask`, `modelid`, `equipment_id`, `position_x`, `position_y`, `position_z`, `orientation`, `spawntimesecs`, `spawndist`, `currentwaypoint`, `curhealth`, `curmana`, `MovementType`, `unit_flags`, `pool_id`, `patch_min`, `patch_max`) VALUES ('52383', '429', '1', NULL, '0', '-18.9724', '-338.297', '-2.73597', '0.008798', '86400', '15', '0', '1', '0', '1', '0', '0', '0', '10');
INSERT INTO creature_entry (`spawnID`, `entry`) VALUES ('52386', '1412');
INSERT INTO creature (`spawnID`, `map`, `spawnMask`, `modelid`, `equipment_id`, `position_x`, `position_y`, `position_z`, `orientation`, `spawntimesecs`, `spawndist`, `currentwaypoint`, `curhealth`, `curmana`, `MovementType`, `unit_flags`, `pool_id`, `patch_min`, `patch_max`) VALUES ('52386', '429', '1', NULL, '0', '43.4498', '-249.524', '-52.8565', '5.25344', '86400', '15', '0', '1', '0', '1', '0', '0', '0', '10');
INSERT INTO creature_entry (`spawnID`, `entry`) VALUES ('52388', '1412');
INSERT INTO creature (`spawnID`, `map`, `spawnMask`, `modelid`, `equipment_id`, `position_x`, `position_y`, `position_z`, `orientation`, `spawntimesecs`, `spawndist`, `currentwaypoint`, `curhealth`, `curmana`, `MovementType`, `unit_flags`, `pool_id`, `patch_min`, `patch_max`) VALUES ('52388', '429', '1', NULL, '0', '136.458', '-320.317', '7.60497', '0.162894', '86400', '15', '0', '1', '0', '1', '0', '0', '0', '10');
INSERT INTO creature_entry (`spawnID`, `entry`) VALUES ('52392', '1412');
INSERT INTO creature (`spawnID`, `map`, `spawnMask`, `modelid`, `equipment_id`, `position_x`, `position_y`, `position_z`, `orientation`, `spawntimesecs`, `spawndist`, `currentwaypoint`, `curhealth`, `curmana`, `MovementType`, `unit_flags`, `pool_id`, `patch_min`, `patch_max`) VALUES ('52392', '429', '1', NULL, '0', '-52.7927', '-318.739', '-53.0088', '5.95829', '86400', '15', '0', '1', '0', '1', '0', '0', '0', '10');
INSERT INTO creature_entry (`spawnID`, `entry`) VALUES ('52466', '1412');
INSERT INTO creature (`spawnID`, `map`, `spawnMask`, `modelid`, `equipment_id`, `position_x`, `position_y`, `position_z`, `orientation`, `spawntimesecs`, `spawndist`, `currentwaypoint`, `curhealth`, `curmana`, `MovementType`, `unit_flags`, `pool_id`, `patch_min`, `patch_max`) VALUES ('52466', '429', '1', NULL, '0', '-166.892', '-237.24', '7.60565', '4.45071', '86400', '15', '0', '1', '0', '1', '0', '0', '0', '10');
INSERT INTO creature_entry (`spawnID`, `entry`) VALUES ('52467', '1412');
INSERT INTO creature (`spawnID`, `map`, `spawnMask`, `modelid`, `equipment_id`, `position_x`, `position_y`, `position_z`, `orientation`, `spawntimesecs`, `spawndist`, `currentwaypoint`, `curhealth`, `curmana`, `MovementType`, `unit_flags`, `pool_id`, `patch_min`, `patch_max`) VALUES ('52467', '429', '1', NULL, '0', '-1.47589', '-247.514', '-53.6291', '2.16226', '86400', '15', '0', '1', '0', '1', '0', '0', '0', '10');
INSERT INTO creature_entry (`spawnID`, `entry`) VALUES ('52468', '1412');
INSERT INTO creature (`spawnID`, `map`, `spawnMask`, `modelid`, `equipment_id`, `position_x`, `position_y`, `position_z`, `orientation`, `spawntimesecs`, `spawndist`, `currentwaypoint`, `curhealth`, `curmana`, `MovementType`, `unit_flags`, `pool_id`, `patch_min`, `patch_max`) VALUES ('52468', '429', '1', NULL, '0', '-45.4898', '-275.688', '-57.3578', '3.96245', '86400', '15', '0', '1', '0', '1', '0', '0', '0', '10');
INSERT INTO creature_entry (`spawnID`, `entry`) VALUES ('52469', '1412');
INSERT INTO creature (`spawnID`, `map`, `spawnMask`, `modelid`, `equipment_id`, `position_x`, `position_y`, `position_z`, `orientation`, `spawntimesecs`, `spawndist`, `currentwaypoint`, `curhealth`, `curmana`, `MovementType`, `unit_flags`, `pool_id`, `patch_min`, `patch_max`) VALUES ('52469', '429', '1', NULL, '0', '-166.15', '-319.039', '7.6047', '1.77892', '86400', '15', '0', '1', '0', '1', '0', '0', '0', '10');
INSERT INTO creature_entry (`spawnID`, `entry`) VALUES ('52470', '1412');
INSERT INTO creature (`spawnID`, `map`, `spawnMask`, `modelid`, `equipment_id`, `position_x`, `position_y`, `position_z`, `orientation`, `spawntimesecs`, `spawndist`, `currentwaypoint`, `curhealth`, `curmana`, `MovementType`, `unit_flags`, `pool_id`, `patch_min`, `patch_max`) VALUES ('52470', '429', '1', NULL, '0', '-151.769', '-358.922', '-4.23659', '5.48243', '86400', '15', '0', '1', '0', '1', '0', '0', '0', '10');
INSERT INTO creature_entry (`spawnID`, `entry`) VALUES ('52478', '1412');
INSERT INTO creature (`spawnID`, `map`, `spawnMask`, `modelid`, `equipment_id`, `position_x`, `position_y`, `position_z`, `orientation`, `spawntimesecs`, `spawndist`, `currentwaypoint`, `curhealth`, `curmana`, `MovementType`, `unit_flags`, `pool_id`, `patch_min`, `patch_max`) VALUES ('52478', '429', '1', NULL, '0', '-158.804', '-339.269', '-4.19303', '4.28925', '86400', '15', '0', '1', '0', '1', '0', '0', '0', '10');
INSERT INTO creature_entry (`spawnID`, `entry`) VALUES ('52633', '1412');
INSERT INTO creature (`spawnID`, `map`, `spawnMask`, `modelid`, `equipment_id`, `position_x`, `position_y`, `position_z`, `orientation`, `spawntimesecs`, `spawndist`, `currentwaypoint`, `curhealth`, `curmana`, `MovementType`, `unit_flags`, `pool_id`, `patch_min`, `patch_max`) VALUES ('52633', '429', '1', NULL, '0', '-72.0005', '-345.3', '-4.03359', '2.98672', '86400', '15', '0', '1', '0', '1', '0', '0', '0', '10');
INSERT INTO creature_entry (`spawnID`, `entry`) VALUES ('52634', '1412');
INSERT INTO creature (`spawnID`, `map`, `spawnMask`, `modelid`, `equipment_id`, `position_x`, `position_y`, `position_z`, `orientation`, `spawntimesecs`, `spawndist`, `currentwaypoint`, `curhealth`, `curmana`, `MovementType`, `unit_flags`, `pool_id`, `patch_min`, `patch_max`) VALUES ('52634', '429', '1', NULL, '0', '-166.79', '-236.859', '7.68885', '5.86431', '86400', '15', '0', '1', '0', '1', '0', '0', '0', '10');
INSERT INTO creature_entry (`spawnID`, `entry`) VALUES ('52635', '1412');
INSERT INTO creature (`spawnID`, `map`, `spawnMask`, `modelid`, `equipment_id`, `position_x`, `position_y`, `position_z`, `orientation`, `spawntimesecs`, `spawndist`, `currentwaypoint`, `curhealth`, `curmana`, `MovementType`, `unit_flags`, `pool_id`, `patch_min`, `patch_max`) VALUES ('52635', '429', '1', NULL, '0', '43.8834', '-249.347', '-52.9414', '0.38733', '86400', '15', '0', '1', '0', '1', '0', '0', '0', '10');
INSERT INTO creature_entry (`spawnID`, `entry`) VALUES ('52637', '1412');
INSERT INTO creature (`spawnID`, `map`, `spawnMask`, `modelid`, `equipment_id`, `position_x`, `position_y`, `position_z`, `orientation`, `spawntimesecs`, `spawndist`, `currentwaypoint`, `curhealth`, `curmana`, `MovementType`, `unit_flags`, `pool_id`, `patch_min`, `patch_max`) VALUES ('52637', '429', '1', NULL, '0', '-45.176', '-275.351', '-57.2373', '3.89208', '86400', '15', '0', '1', '0', '1', '0', '0', '0', '10');
INSERT INTO creature_entry (`spawnID`, `entry`) VALUES ('52641', '1412');
INSERT INTO creature (`spawnID`, `map`, `spawnMask`, `modelid`, `equipment_id`, `position_x`, `position_y`, `position_z`, `orientation`, `spawntimesecs`, `spawndist`, `currentwaypoint`, `curhealth`, `curmana`, `MovementType`, `unit_flags`, `pool_id`, `patch_min`, `patch_max`) VALUES ('52641', '429', '1', NULL, '0', '-104.761', '-356.167', '-4.0997', '2.69766', '86400', '15', '0', '1', '0', '1', '0', '0', '0', '10');
INSERT INTO creature_entry (`spawnID`, `entry`) VALUES ('52662', '1412');
INSERT INTO creature (`spawnID`, `map`, `spawnMask`, `modelid`, `equipment_id`, `position_x`, `position_y`, `position_z`, `orientation`, `spawntimesecs`, `spawndist`, `currentwaypoint`, `curhealth`, `curmana`, `MovementType`, `unit_flags`, `pool_id`, `patch_min`, `patch_max`) VALUES ('52662', '429', '1', NULL, '0', '-166.038', '-319.342', '7.60455', '1.67389', '86400', '15', '0', '1', '0', '1', '0', '0', '0', '10');
INSERT INTO creature_entry (`spawnID`, `entry`) VALUES ('53882', '1412');
INSERT INTO creature (`spawnID`, `map`, `spawnMask`, `modelid`, `equipment_id`, `position_x`, `position_y`, `position_z`, `orientation`, `spawntimesecs`, `spawndist`, `currentwaypoint`, `curhealth`, `curmana`, `MovementType`, `unit_flags`, `pool_id`, `patch_min`, `patch_max`) VALUES ('53882', '429', '1', NULL, '0', '13.8706', '-270.362', '-52.6382', '3.53614', '86400', '15', '0', '1', '0', '1', '0', '0', '0', '10');
INSERT INTO creature_entry (`spawnID`, `entry`) VALUES ('53929', '1412');
INSERT INTO creature (`spawnID`, `map`, `spawnMask`, `modelid`, `equipment_id`, `position_x`, `position_y`, `position_z`, `orientation`, `spawntimesecs`, `spawndist`, `currentwaypoint`, `curhealth`, `curmana`, `MovementType`, `unit_flags`, `pool_id`, `patch_min`, `patch_max`) VALUES ('53929', '429', '1', NULL, '0', '-97.5659', '-330.237', '-57.1258', '1.28208', '86400', '15', '0', '1', '0', '1', '0', '0', '0', '10');
INSERT INTO creature_entry (`spawnID`, `entry`) VALUES ('53930', '1412');
INSERT INTO creature (`spawnID`, `map`, `spawnMask`, `modelid`, `equipment_id`, `position_x`, `position_y`, `position_z`, `orientation`, `spawntimesecs`, `spawndist`, `currentwaypoint`, `curhealth`, `curmana`, `MovementType`, `unit_flags`, `pool_id`, `patch_min`, `patch_max`) VALUES ('53930', '429', '1', NULL, '0', '-19.6245', '-338.303', '-2.65313', '3.61283', '86400', '15', '0', '1', '0', '1', '0', '0', '0', '10');
INSERT INTO creature_entry (`spawnID`, `entry`) VALUES ('53931', '1412');
INSERT INTO creature (`spawnID`, `map`, `spawnMask`, `modelid`, `equipment_id`, `position_x`, `position_y`, `position_z`, `orientation`, `spawntimesecs`, `spawndist`, `currentwaypoint`, `curhealth`, `curmana`, `MovementType`, `unit_flags`, `pool_id`, `patch_min`, `patch_max`) VALUES ('53931', '429', '1', NULL, '0', '-158.406', '-338.387', '-4.06629', '2.74017', '86400', '15', '0', '1', '0', '1', '0', '0', '0', '10');
INSERT INTO creature_entry (`spawnID`, `entry`) VALUES ('54255', '1412');
INSERT INTO creature (`spawnID`, `map`, `spawnMask`, `modelid`, `equipment_id`, `position_x`, `position_y`, `position_z`, `orientation`, `spawntimesecs`, `spawndist`, `currentwaypoint`, `curhealth`, `curmana`, `MovementType`, `unit_flags`, `pool_id`, `patch_min`, `patch_max`) VALUES ('54255', '429', '1', NULL, '0', '-89.9518', '-327.218', '-56.7094', '1.60916', '86400', '15', '0', '1', '0', '1', '0', '0', '0', '10');
INSERT INTO creature_entry (`spawnID`, `entry`) VALUES ('54257', '1412');
INSERT INTO creature (`spawnID`, `map`, `spawnMask`, `modelid`, `equipment_id`, `position_x`, `position_y`, `position_z`, `orientation`, `spawntimesecs`, `spawndist`, `currentwaypoint`, `curhealth`, `curmana`, `MovementType`, `unit_flags`, `pool_id`, `patch_min`, `patch_max`) VALUES ('54257', '429', '1', NULL, '0', '47.3439', '-345.485', '-4.03754', '2.97946', '86400', '15', '0', '1', '0', '1', '0', '0', '0', '10');
INSERT INTO creature_entry (`spawnID`, `entry`) VALUES ('54258', '1412');
INSERT INTO creature (`spawnID`, `map`, `spawnMask`, `modelid`, `equipment_id`, `position_x`, `position_y`, `position_z`, `orientation`, `spawntimesecs`, `spawndist`, `currentwaypoint`, `curhealth`, `curmana`, `MovementType`, `unit_flags`, `pool_id`, `patch_min`, `patch_max`) VALUES ('54258', '429', '1', NULL, '0', '136.124', '-320.346', '7.60491', '0.223598', '86400', '15', '0', '1', '0', '1', '0', '0', '0', '10');
INSERT INTO creature_entry (`spawnID`, `entry`) VALUES ('54260', '1412');
INSERT INTO creature (`spawnID`, `map`, `spawnMask`, `modelid`, `equipment_id`, `position_x`, `position_y`, `position_z`, `orientation`, `spawntimesecs`, `spawndist`, `currentwaypoint`, `curhealth`, `curmana`, `MovementType`, `unit_flags`, `pool_id`, `patch_min`, `patch_max`) VALUES ('54260', '429', '1', NULL, '0', '98.3382', '-271.294', '-2.73781', '1.53207', '86400', '15', '0', '1', '0', '1', '0', '0', '0', '10');
INSERT INTO creature_entry (`spawnID`, `entry`) VALUES ('54261', '1412');
INSERT INTO creature (`spawnID`, `map`, `spawnMask`, `modelid`, `equipment_id`, `position_x`, `position_y`, `position_z`, `orientation`, `spawntimesecs`, `spawndist`, `currentwaypoint`, `curhealth`, `curmana`, `MovementType`, `unit_flags`, `pool_id`, `patch_min`, `patch_max`) VALUES ('54261', '429', '1', NULL, '0', '-146.211', '-187.845', '-4.12055', '2.85043', '86400', '15', '0', '1', '0', '1', '0', '0', '0', '10');
DELETE ce, c1, c2, sg FROM creature_entry ce LEFT JOIN conditions c1 ON c1.ConditionTypeOrReference = 31 AND c1.ConditionValue1 = 3 AND c1.ConditionValue3 = 1096942 LEFT JOIN conditions c2 ON c2.SourceTypeOrReferenceId = 22 AND c2.SourceId = 0 AND c1.SourceEntry = -1096942 LEFT JOIN spawn_group sg ON sg.spawnId = 1096942 AND spawnType = 0 WHERE ce.spawnID = 1096942;
DELETE ce, c1, c2, sg FROM creature_entry ce LEFT JOIN conditions c1 ON c1.ConditionTypeOrReference = 31 AND c1.ConditionValue1 = 3 AND c1.ConditionValue3 = 1097122 LEFT JOIN conditions c2 ON c2.SourceTypeOrReferenceId = 22 AND c2.SourceId = 0 AND c1.SourceEntry = -1097122 LEFT JOIN spawn_group sg ON sg.spawnId = 1097122 AND spawnType = 0 WHERE ce.spawnID = 1097122;
DELETE ce, c1, c2, sg FROM creature_entry ce LEFT JOIN conditions c1 ON c1.ConditionTypeOrReference = 31 AND c1.ConditionValue1 = 3 AND c1.ConditionValue3 = 1097123 LEFT JOIN conditions c2 ON c2.SourceTypeOrReferenceId = 22 AND c2.SourceId = 0 AND c1.SourceEntry = -1097123 LEFT JOIN spawn_group sg ON sg.spawnId = 1097123 AND spawnType = 0 WHERE ce.spawnID = 1097123;
DELETE ce, c1, c2, sg FROM creature_entry ce LEFT JOIN conditions c1 ON c1.ConditionTypeOrReference = 31 AND c1.ConditionValue1 = 3 AND c1.ConditionValue3 = 1097124 LEFT JOIN conditions c2 ON c2.SourceTypeOrReferenceId = 22 AND c2.SourceId = 0 AND c1.SourceEntry = -1097124 LEFT JOIN spawn_group sg ON sg.spawnId = 1097124 AND spawnType = 0 WHERE ce.spawnID = 1097124;


-- Importing creature spawn with guid 8026 with import type REPLACE_ALL


-- Importing creature spawn with guid 8027 with import type REPLACE_ALL


-- Importing creature spawn with guid 8028 with import type REPLACE_ALL


-- Importing creature spawn with guid 8029 with import type REPLACE_ALL


-- Importing creature spawn with guid 8030 with import type REPLACE_ALL


-- Importing creature spawn with guid 8031 with import type REPLACE_ALL


-- Importing creature spawn with guid 8032 with import type REPLACE_ALL


-- Importing creature spawn with guid 8033 with import type REPLACE_ALL


-- Importing creature spawn with guid 8034 with import type REPLACE_ALL


-- Importing creature spawn with guid 8035 with import type REPLACE_ALL


-- Importing creature spawn with guid 8036 with import type REPLACE_ALL


-- Importing creature spawn with guid 8037 with import type REPLACE_ALL


-- Importing creature spawn with guid 8038 with import type REPLACE_ALL


-- Importing creature spawn with guid 8039 with import type REPLACE_ALL


-- Importing creature spawn with guid 8040 with import type REPLACE_ALL


-- Importing creature spawn with guid 8041 with import type REPLACE_ALL


-- Importing creature spawn with guid 8042 with import type REPLACE_ALL


-- Importing creature spawn with guid 8043 with import type REPLACE_ALL


-- Importing creature spawn with guid 8044 with import type REPLACE_ALL


-- Importing creature spawn with guid 8045 with import type REPLACE_ALL


-- Importing creature spawn with guid 8046 with import type REPLACE_ALL


-- Importing creature spawn with guid 8047 with import type REPLACE_ALL


-- Importing creature spawn with guid 8048 with import type REPLACE_ALL


-- Importing creature spawn with guid 8049 with import type REPLACE_ALL


-- Importing creature spawn with guid 8050 with import type REPLACE_ALL


-- Importing creature spawn with guid 8051 with import type REPLACE_ALL


-- Importing creature spawn with guid 8052 with import type REPLACE_ALL


-- Importing creature spawn with guid 8053 with import type REPLACE_ALL


-- Importing creature spawn with guid 8054 with import type REPLACE_ALL


-- Importing creature spawn with guid 8055 with import type REPLACE_ALL


-- Importing creature spawn with guid 8056 with import type REPLACE_ALL


-- Importing creature spawn with guid 8057 with import type REPLACE_ALL


-- Importing creature spawn with guid 8058 with import type REPLACE_ALL


-- Importing creature spawn with guid 8059 with import type REPLACE_ALL


-- Importing creature spawn with guid 8060 with import type REPLACE_ALL


-- Importing creature spawn with guid 8061 with import type REPLACE_ALL


-- Importing creature spawn with guid 8062 with import type REPLACE_ALL


-- Importing creature spawn with guid 8063 with import type REPLACE_ALL


-- Importing creature spawn with guid 8064 with import type REPLACE_ALL


-- Importing creature spawn with guid 8065 with import type REPLACE_ALL


-- Importing creature spawn with guid 8066 with import type REPLACE_ALL


-- Importing creature spawn with guid 8067 with import type REPLACE_ALL


-- Importing creature spawn with guid 8068 with import type REPLACE_ALL


-- Importing creature spawn with guid 8069 with import type REPLACE_ALL


-- Importing creature spawn with guid 8070 with import type REPLACE_ALL


-- Importing creature spawn with guid 8071 with import type REPLACE_ALL


-- Importing creature spawn with guid 8072 with import type REPLACE_ALL


-- Importing creature spawn with guid 8073 with import type REPLACE_ALL


-- Importing creature spawn with guid 8074 with import type REPLACE_ALL


-- Importing creature spawn with guid 8075 with import type REPLACE_ALL


-- Importing creature spawn with guid 8076 with import type REPLACE_ALL


-- Importing creature spawn with guid 8077 with import type REPLACE_ALL


-- Importing creature spawn with guid 8078 with import type REPLACE_ALL


-- Importing creature spawn with guid 8079 with import type REPLACE_ALL


-- Importing creature spawn with guid 8080 with import type REPLACE_ALL


-- Importing creature spawn with guid 8081 with import type REPLACE_ALL


-- Importing creature spawn with guid 8082 with import type REPLACE_ALL


-- Importing creature spawn with guid 8083 with import type REPLACE_ALL


-- Importing creature spawn with guid 8084 with import type REPLACE_ALL


-- Importing creature spawn with guid 8085 with import type REPLACE_ALL


-- Importing creature spawn with guid 8086 with import type REPLACE_ALL


-- Importing creature spawn with guid 8087 with import type REPLACE_ALL


-- Importing creature spawn with guid 8088 with import type REPLACE_ALL


-- Importing creature spawn with guid 8089 with import type REPLACE_ALL


-- Importing creature spawn with guid 8090 with import type REPLACE_ALL


-- Importing creature spawn with guid 8091 with import type REPLACE_ALL


-- Importing creature spawn with guid 8092 with import type REPLACE_ALL


-- Importing creature spawn with guid 8093 with import type REPLACE_ALL


-- Importing creature spawn with guid 8094 with import type REPLACE_ALL


-- Importing creature spawn with guid 8095 with import type REPLACE_ALL


-- Importing creature spawn with guid 8096 with import type REPLACE_ALL


-- Importing creature spawn with guid 8097 with import type REPLACE_ALL


-- Importing creature spawn with guid 8098 with import type REPLACE_ALL


-- Importing creature spawn with guid 8099 with import type REPLACE_ALL


-- Importing creature spawn with guid 8100 with import type REPLACE_ALL


-- Importing creature spawn with guid 8101 with import type REPLACE_ALL


-- Importing creature spawn with guid 8102 with import type REPLACE_ALL


-- Importing creature spawn with guid 8103 with import type REPLACE_ALL


-- Importing creature spawn with guid 8104 with import type REPLACE_ALL


-- Importing creature spawn with guid 8105 with import type REPLACE_ALL


-- Importing creature spawn with guid 8106 with import type REPLACE_ALL


-- Importing creature spawn with guid 8107 with import type REPLACE_ALL


-- Importing creature spawn with guid 8108 with import type REPLACE_ALL


-- Importing creature spawn with guid 8109 with import type REPLACE_ALL


-- Importing creature spawn with guid 8110 with import type REPLACE_ALL


-- Importing creature spawn with guid 8111 with import type REPLACE_ALL


-- Importing creature spawn with guid 8112 with import type REPLACE_ALL


-- Importing creature spawn with guid 8113 with import type REPLACE_ALL


-- Importing creature spawn with guid 8114 with import type REPLACE_ALL


-- Importing creature spawn with guid 8115 with import type REPLACE_ALL


-- Importing creature spawn with guid 8116 with import type REPLACE_ALL


-- Importing creature spawn with guid 8117 with import type REPLACE_ALL


-- Importing creature spawn with guid 8118 with import type REPLACE_ALL


-- Importing creature spawn with guid 8119 with import type REPLACE_ALL


-- Importing creature spawn with guid 8120 with import type REPLACE_ALL


-- Importing creature spawn with guid 8121 with import type REPLACE_ALL


-- Importing creature spawn with guid 8122 with import type REPLACE_ALL


-- Importing creature spawn with guid 8123 with import type REPLACE_ALL


-- Importing creature spawn with guid 8124 with import type REPLACE_ALL


-- Importing creature spawn with guid 8125 with import type REPLACE_ALL


-- Importing creature spawn with guid 8126 with import type REPLACE_ALL


-- Importing creature spawn with guid 8127 with import type REPLACE_ALL


-- Importing creature spawn with guid 8128 with import type REPLACE_ALL


-- Importing creature spawn with guid 8129 with import type REPLACE_ALL


-- Importing creature spawn with guid 8130 with import type REPLACE_ALL


-- Importing creature spawn with guid 8131 with import type REPLACE_ALL


-- Importing creature spawn with guid 8132 with import type REPLACE_ALL


-- Importing creature spawn with guid 8133 with import type REPLACE_ALL


-- Importing creature spawn with guid 8134 with import type REPLACE_ALL


-- Importing creature spawn with guid 8135 with import type REPLACE_ALL


-- Importing creature spawn with guid 8136 with import type REPLACE_ALL


-- Importing creature spawn with guid 8137 with import type REPLACE_ALL


-- Importing creature spawn with guid 8138 with import type REPLACE_ALL


-- Importing creature spawn with guid 8139 with import type REPLACE_ALL


-- Importing creature spawn with guid 8140 with import type REPLACE_ALL


-- Importing creature spawn with guid 8141 with import type REPLACE_ALL


-- Importing creature spawn with guid 8142 with import type REPLACE_ALL


-- Importing creature spawn with guid 8149 with import type REPLACE_ALL


-- Importing creature spawn with guid 8150 with import type REPLACE_ALL


-- Importing creature spawn with guid 8151 with import type REPLACE_ALL


-- Importing creature spawn with guid 8152 with import type REPLACE_ALL


-- Importing creature spawn with guid 8153 with import type REPLACE_ALL


-- Importing creature spawn with guid 8154 with import type REPLACE_ALL


-- Importing creature spawn with guid 8155 with import type REPLACE_ALL


-- Importing creature spawn with guid 8156 with import type REPLACE_ALL


-- Importing creature spawn with guid 8157 with import type REPLACE_ALL


-- Importing creature spawn with guid 8158 with import type REPLACE_ALL


-- Importing creature spawn with guid 8159 with import type REPLACE_ALL


-- Importing creature spawn with guid 8160 with import type REPLACE_ALL


-- Importing creature spawn with guid 8161 with import type REPLACE_ALL


-- Importing creature spawn with guid 8162 with import type REPLACE_ALL


-- Importing creature spawn with guid 8163 with import type REPLACE_ALL


-- Importing creature spawn with guid 8164 with import type REPLACE_ALL


-- Importing creature spawn with guid 8165 with import type REPLACE_ALL


-- Importing creature spawn with guid 1456 with import type REPLACE_ALL


-- Importing creature spawn with guid 1442 with import type REPLACE_ALL


-- Importing creature spawn with guid 1440 with import type REPLACE_ALL


-- Importing creature spawn with guid 1437 with import type REPLACE_ALL


-- Importing creature spawn with guid 1436 with import type REPLACE_ALL


-- Importing creature spawn with guid 1435 with import type REPLACE_ALL


-- Importing creature spawn with guid 1433 with import type REPLACE_ALL


-- Importing creature spawn with guid 1432 with import type REPLACE_ALL


-- Importing creature spawn with guid 1431 with import type REPLACE_ALL


-- Importing creature spawn with guid 1425 with import type REPLACE_ALL


-- Importing creature spawn with guid 1421 with import type REPLACE_ALL


-- Importing creature spawn with guid 1419 with import type REPLACE_ALL


-- Importing creature spawn with guid 1417 with import type REPLACE_ALL


-- Importing creature spawn with guid 1415 with import type REPLACE_ALL


-- Importing creature spawn with guid 1414 with import type REPLACE_ALL


-- Importing creature spawn with guid 1413 with import type REPLACE_ALL


-- Importing creature spawn with guid 1410 with import type REPLACE_ALL


-- Importing creature spawn with guid 1400 with import type REPLACE_ALL


-- Importing creature spawn with guid 12088 with import type REPLACE_ALL
INSERT INTO creature_entry (`spawnID`, `entry`) VALUES ('12093', '1976');
INSERT INTO creature (`spawnID`, `map`, `spawnMask`, `modelid`, `equipment_id`, `position_x`, `position_y`, `position_z`, `orientation`, `spawntimesecs`, `spawndist`, `currentwaypoint`, `curhealth`, `curmana`, `MovementType`, `unit_flags`, `pool_id`, `patch_min`, `patch_max`) VALUES ('12093', '0', '1', NULL, '1', '-8605.83', '862.834', '96.6586', '0.770742', '350', '0', '0', '11828', '0', '2', '0', '0', '0', '10');
INSERT INTO waypoint_data (`id`, `point`, `position_x`, `position_y`, `position_z`, `orientation`, `delay`, `move_type`, `action`, `action_chance`, `wpguid`) VALUES ('120930', '1', '-8605.83', '862.834', '96.6586', '0', '0', '0', NULL, '100', '0');
INSERT INTO waypoint_data (`id`, `point`, `position_x`, `position_y`, `position_z`, `orientation`, `delay`, `move_type`, `action`, `action_chance`, `wpguid`) VALUES ('120930', '2', '-8599.8', '853.902', '96.665', '0', '0', '0', NULL, '100', '0');
INSERT INTO waypoint_data (`id`, `point`, `position_x`, `position_y`, `position_z`, `orientation`, `delay`, `move_type`, `action`, `action_chance`, `wpguid`) VALUES ('120930', '3', '-8603.11', '844.497', '96.6747', '0', '0', '0', NULL, '100', '0');
INSERT INTO waypoint_data (`id`, `point`, `position_x`, `position_y`, `position_z`, `orientation`, `delay`, `move_type`, `action`, `action_chance`, `wpguid`) VALUES ('120930', '4', '-8617.15', '833.898', '96.6831', '0', '0', '0', NULL, '100', '0');
INSERT INTO waypoint_data (`id`, `point`, `position_x`, `position_y`, `position_z`, `orientation`, `delay`, `move_type`, `action`, `action_chance`, `wpguid`) VALUES ('120930', '5', '-8629.39', '820.812', '96.6346', '0', '0', '0', NULL, '100', '0');
INSERT INTO waypoint_data (`id`, `point`, `position_x`, `position_y`, `position_z`, `orientation`, `delay`, `move_type`, `action`, `action_chance`, `wpguid`) VALUES ('120930', '6', '-8632.85', '802.876', '96.6507', '0', '0', '0', NULL, '100', '0');
INSERT INTO waypoint_data (`id`, `point`, `position_x`, `position_y`, `position_z`, `orientation`, `delay`, `move_type`, `action`, `action_chance`, `wpguid`) VALUES ('120930', '7', '-8626.79', '786.868', '96.6508', '0', '0', '0', NULL, '100', '0');
INSERT INTO waypoint_data (`id`, `point`, `position_x`, `position_y`, `position_z`, `orientation`, `delay`, `move_type`, `action`, `action_chance`, `wpguid`) VALUES ('120930', '8', '-8620.31', '777.935', '96.6514', '0', '0', '0', NULL, '100', '0');
INSERT INTO waypoint_data (`id`, `point`, `position_x`, `position_y`, `position_z`, `orientation`, `delay`, `move_type`, `action`, `action_chance`, `wpguid`) VALUES ('120930', '9', '-8613.85', '769.791', '96.6664', '0', '0', '0', NULL, '100', '0');
INSERT INTO waypoint_data (`id`, `point`, `position_x`, `position_y`, `position_z`, `orientation`, `delay`, `move_type`, `action`, `action_chance`, `wpguid`) VALUES ('120930', '10', '-8597.16', '759.914', '96.6976', '0', '0', '0', NULL, '100', '0');
INSERT INTO waypoint_data (`id`, `point`, `position_x`, `position_y`, `position_z`, `orientation`, `delay`, `move_type`, `action`, `action_chance`, `wpguid`) VALUES ('120930', '11', '-8579.49', '759.545', '96.6508', '0', '0', '0', NULL, '100', '0');
INSERT INTO waypoint_data (`id`, `point`, `position_x`, `position_y`, `position_z`, `orientation`, `delay`, `move_type`, `action`, `action_chance`, `wpguid`) VALUES ('120930', '12', '-8564.23', '766.071', '96.6508', '0', '0', '0', NULL, '100', '0');
INSERT INTO waypoint_data (`id`, `point`, `position_x`, `position_y`, `position_z`, `orientation`, `delay`, `move_type`, `action`, `action_chance`, `wpguid`) VALUES ('120930', '13', '-8555.42', '771.34', '96.6508', '0', '0', '0', NULL, '100', '0');
INSERT INTO waypoint_data (`id`, `point`, `position_x`, `position_y`, `position_z`, `orientation`, `delay`, `move_type`, `action`, `action_chance`, `wpguid`) VALUES ('120930', '14', '-8548.49', '763.971', '96.6508', '0', '0', '0', NULL, '100', '0');
INSERT INTO waypoint_data (`id`, `point`, `position_x`, `position_y`, `position_z`, `orientation`, `delay`, `move_type`, `action`, `action_chance`, `wpguid`) VALUES ('120930', '15', '-8565.58', '751.791', '96.6508', '0', '0', '0', NULL, '100', '0');
INSERT INTO waypoint_data (`id`, `point`, `position_x`, `position_y`, `position_z`, `orientation`, `delay`, `move_type`, `action`, `action_chance`, `wpguid`) VALUES ('120930', '16', '-8579.82', '737.429', '96.7251', '0', '0', '0', NULL, '100', '0');
INSERT INTO waypoint_data (`id`, `point`, `position_x`, `position_y`, `position_z`, `orientation`, `delay`, `move_type`, `action`, `action_chance`, `wpguid`) VALUES ('120930', '17', '-8589.8', '722.603', '96.6959', '0', '0', '0', NULL, '100', '0');
INSERT INTO waypoint_data (`id`, `point`, `position_x`, `position_y`, `position_z`, `orientation`, `delay`, `move_type`, `action`, `action_chance`, `wpguid`) VALUES ('120930', '18', '-8606.21', '707.994', '96.7104', '0', '0', '0', NULL, '100', '0');
INSERT INTO waypoint_data (`id`, `point`, `position_x`, `position_y`, `position_z`, `orientation`, `delay`, `move_type`, `action`, `action_chance`, `wpguid`) VALUES ('120930', '19', '-8617.09', '707.393', '96.7001', '0', '0', '0', NULL, '100', '0');
INSERT INTO waypoint_data (`id`, `point`, `position_x`, `position_y`, `position_z`, `orientation`, `delay`, `move_type`, `action`, `action_chance`, `wpguid`) VALUES ('120930', '20', '-8630.57', '725.86', '96.7332', '0', '0', '0', NULL, '100', '0');
INSERT INTO waypoint_data (`id`, `point`, `position_x`, `position_y`, `position_z`, `orientation`, `delay`, `move_type`, `action`, `action_chance`, `wpguid`) VALUES ('120930', '21', '-8652.92', '751.752', '96.7461', '0', '0', '0', NULL, '100', '0');
INSERT INTO waypoint_data (`id`, `point`, `position_x`, `position_y`, `position_z`, `orientation`, `delay`, `move_type`, `action`, `action_chance`, `wpguid`) VALUES ('120930', '22', '-8659.88', '761.337', '96.7141', '0', '0', '0', NULL, '100', '0');
INSERT INTO waypoint_data (`id`, `point`, `position_x`, `position_y`, `position_z`, `orientation`, `delay`, `move_type`, `action`, `action_chance`, `wpguid`) VALUES ('120930', '23', '-8660.32', '768.763', '96.676', '0', '0', '0', NULL, '100', '0');
INSERT INTO waypoint_data (`id`, `point`, `position_x`, `position_y`, `position_z`, `orientation`, `delay`, `move_type`, `action`, `action_chance`, `wpguid`) VALUES ('120930', '24', '-8647.83', '778.591', '96.6542', '0', '0', '0', NULL, '100', '0');
INSERT INTO waypoint_data (`id`, `point`, `position_x`, `position_y`, `position_z`, `orientation`, `delay`, `move_type`, `action`, `action_chance`, `wpguid`) VALUES ('120930', '25', '-8637.34', '786.907', '96.6525', '0', '0', '0', NULL, '100', '0');
INSERT INTO waypoint_data (`id`, `point`, `position_x`, `position_y`, `position_z`, `orientation`, `delay`, `move_type`, `action`, `action_chance`, `wpguid`) VALUES ('120930', '26', '-8637.52', '792.751', '96.651', '0', '0', '0', NULL, '100', '0');
INSERT INTO waypoint_data (`id`, `point`, `position_x`, `position_y`, `position_z`, `orientation`, `delay`, `move_type`, `action`, `action_chance`, `wpguid`) VALUES ('120930', '27', '-8649.83', '807.055', '96.6837', '0', '0', '0', NULL, '100', '0');
INSERT INTO waypoint_data (`id`, `point`, `position_x`, `position_y`, `position_z`, `orientation`, `delay`, `move_type`, `action`, `action_chance`, `wpguid`) VALUES ('120930', '28', '-8659.17', '818.085', '96.6391', '0', '0', '0', NULL, '100', '0');
INSERT INTO waypoint_data (`id`, `point`, `position_x`, `position_y`, `position_z`, `orientation`, `delay`, `move_type`, `action`, `action_chance`, `wpguid`) VALUES ('120930', '29', '-8659.54', '824.828', '96.6013', '0', '0', '0', NULL, '100', '0');
INSERT INTO waypoint_data (`id`, `point`, `position_x`, `position_y`, `position_z`, `orientation`, `delay`, `move_type`, `action`, `action_chance`, `wpguid`) VALUES ('120930', '30', '-8645.22', '836.563', '96.6403', '0', '0', '0', NULL, '100', '0');
INSERT INTO waypoint_data (`id`, `point`, `position_x`, `position_y`, `position_z`, `orientation`, `delay`, `move_type`, `action`, `action_chance`, `wpguid`) VALUES ('120930', '31', '-8626.39', '852.159', '96.6628', '0', '0', '0', NULL, '100', '0');
INSERT INTO waypoint_data (`id`, `point`, `position_x`, `position_y`, `position_z`, `orientation`, `delay`, `move_type`, `action`, `action_chance`, `wpguid`) VALUES ('120930', '32', '-8614.11', '862.019', '96.6634', '0', '0', '0', NULL, '100', '0');
INSERT INTO creature_addon (`spawnID`, `path_id`, `mount`, `bytes0`, `bytes1`, `bytes2`, `emote`, `auras`) VALUES ('12093', '120930', '0', '0', '0', '1', '0', NULL);
INSERT INTO creature_entry (`spawnID`, `entry`) VALUES ('79670', '1976');
INSERT INTO creature (`spawnID`, `map`, `spawnMask`, `modelid`, `equipment_id`, `position_x`, `position_y`, `position_z`, `orientation`, `spawntimesecs`, `spawndist`, `currentwaypoint`, `curhealth`, `curmana`, `MovementType`, `unit_flags`, `pool_id`, `patch_min`, `patch_max`) VALUES ('79670', '0', '1', NULL, '1', '-8918.67', '495.736', '93.8756', '6.14151', '900', '0', '0', '11828', '0', '2', '0', '0', '0', '10');
INSERT INTO waypoint_data (`id`, `point`, `position_x`, `position_y`, `position_z`, `orientation`, `delay`, `move_type`, `action`, `action_chance`, `wpguid`) VALUES ('796700', '17', '-8961.37', '518.628', '96.3566', '0', '0', '0', NULL, '100', '0');
INSERT INTO waypoint_data (`id`, `point`, `position_x`, `position_y`, `position_z`, `orientation`, `delay`, `move_type`, `action`, `action_chance`, `wpguid`) VALUES ('796700', '16', '-8956.6', '532.394', '96.363', '0', '0', '0', NULL, '100', '0');
INSERT INTO waypoint_data (`id`, `point`, `position_x`, `position_y`, `position_z`, `orientation`, `delay`, `move_type`, `action`, `action_chance`, `wpguid`) VALUES ('796700', '15', '-8967.72', '542.75', '94.21', '0', '0', '0', NULL, '100', '0');
INSERT INTO waypoint_data (`id`, `point`, `position_x`, `position_y`, `position_z`, `orientation`, `delay`, `move_type`, `action`, `action_chance`, `wpguid`) VALUES ('796700', '14', '-8966.16', '561.733', '93.9142', '0', '0', '0', NULL, '100', '0');
INSERT INTO waypoint_data (`id`, `point`, `position_x`, `position_y`, `position_z`, `orientation`, `delay`, `move_type`, `action`, `action_chance`, `wpguid`) VALUES ('796700', '13', '-8946.54', '557.984', '93.8731', '0', '0', '0', NULL, '100', '0');
INSERT INTO waypoint_data (`id`, `point`, `position_x`, `position_y`, `position_z`, `orientation`, `delay`, `move_type`, `action`, `action_chance`, `wpguid`) VALUES ('796700', '12', '-8934.75', '543.784', '94.287', '0', '0', '0', NULL, '100', '0');
INSERT INTO waypoint_data (`id`, `point`, `position_x`, `position_y`, `position_z`, `orientation`, `delay`, `move_type`, `action`, `action_chance`, `wpguid`) VALUES ('796700', '11', '-8923.19', '544.469', '94.2436', '0', '0', '0', NULL, '100', '0');
INSERT INTO waypoint_data (`id`, `point`, `position_x`, `position_y`, `position_z`, `orientation`, `delay`, `move_type`, `action`, `action_chance`, `wpguid`) VALUES ('796700', '10', '-8910.97', '554.733', '93.6861', '0', '0', '0', NULL, '100', '0');
INSERT INTO waypoint_data (`id`, `point`, `position_x`, `position_y`, `position_z`, `orientation`, `delay`, `move_type`, `action`, `action_chance`, `wpguid`) VALUES ('796700', '9', '-8895.69', '566.934', '92.6653', '0', '0', '0', NULL, '100', '0');
INSERT INTO waypoint_data (`id`, `point`, `position_x`, `position_y`, `position_z`, `orientation`, `delay`, `move_type`, `action`, `action_chance`, `wpguid`) VALUES ('796700', '8', '-8893.2', '563.904', '92.6624', '0', '0', '0', NULL, '100', '0');
INSERT INTO waypoint_data (`id`, `point`, `position_x`, `position_y`, `position_z`, `orientation`, `delay`, `move_type`, `action`, `action_chance`, `wpguid`) VALUES ('796700', '7', '-8908.75', '551.825', '93.6908', '0', '0', '0', NULL, '100', '0');
INSERT INTO waypoint_data (`id`, `point`, `position_x`, `position_y`, `position_z`, `orientation`, `delay`, `move_type`, `action`, `action_chance`, `wpguid`) VALUES ('796700', '6', '-8921.25', '541.581', '94.2483', '0', '0', '0', NULL, '100', '0');
INSERT INTO waypoint_data (`id`, `point`, `position_x`, `position_y`, `position_z`, `orientation`, `delay`, `move_type`, `action`, `action_chance`, `wpguid`) VALUES ('796700', '5', '-8923.79', '536.169', '94.6363', '0', '0', '0', NULL, '100', '0');
INSERT INTO waypoint_data (`id`, `point`, `position_x`, `position_y`, `position_z`, `orientation`, `delay`, `move_type`, `action`, `action_chance`, `wpguid`) VALUES ('796700', '4', '-8912.72', '523.949', '93.8637', '0', '0', '0', NULL, '100', '0');
INSERT INTO waypoint_data (`id`, `point`, `position_x`, `position_y`, `position_z`, `orientation`, `delay`, `move_type`, `action`, `action_chance`, `wpguid`) VALUES ('796700', '3', '-8909.7', '514.503', '93.8409', '0', '0', '0', NULL, '100', '0');
INSERT INTO waypoint_data (`id`, `point`, `position_x`, `position_y`, `position_z`, `orientation`, `delay`, `move_type`, `action`, `action_chance`, `wpguid`) VALUES ('796700', '2', '-8908.82', '507.932', '93.8434', '0', '0', '0', NULL, '100', '0');
INSERT INTO waypoint_data (`id`, `point`, `position_x`, `position_y`, `position_z`, `orientation`, `delay`, `move_type`, `action`, `action_chance`, `wpguid`) VALUES ('796700', '1', '-8912.29', '501.352', '93.8598', '0', '0', '0', NULL, '100', '0');
INSERT INTO waypoint_data (`id`, `point`, `position_x`, `position_y`, `position_z`, `orientation`, `delay`, `move_type`, `action`, `action_chance`, `wpguid`) VALUES ('796700', '18', '-8947.43', '510.664', '96.3563', '0', '0', '0', NULL, '100', '0');
INSERT INTO waypoint_data (`id`, `point`, `position_x`, `position_y`, `position_z`, `orientation`, `delay`, `move_type`, `action`, `action_chance`, `wpguid`) VALUES ('796700', '19', '-8935.82', '494.465', '93.8338', '0', '0', '0', NULL, '100', '0');
INSERT INTO waypoint_data (`id`, `point`, `position_x`, `position_y`, `position_z`, `orientation`, `delay`, `move_type`, `action`, `action_chance`, `wpguid`) VALUES ('796700', '20', '-8926.8', '490.172', '93.8556', '0', '0', '0', NULL, '100', '0');
INSERT INTO waypoint_data (`id`, `point`, `position_x`, `position_y`, `position_z`, `orientation`, `delay`, `move_type`, `action`, `action_chance`, `wpguid`) VALUES ('796700', '21', '-8918.67', '495.736', '93.8756', '0', '0', '0', NULL, '100', '0');
INSERT INTO creature_addon (`spawnID`, `path_id`, `mount`, `bytes0`, `bytes1`, `bytes2`, `emote`, `auras`) VALUES ('79670', '796700', '0', '0', '0', '257', '0', NULL);
INSERT INTO creature_entry (`spawnID`, `entry`) VALUES ('79675', '1976');
INSERT INTO creature (`spawnID`, `map`, `spawnMask`, `modelid`, `equipment_id`, `position_x`, `position_y`, `position_z`, `orientation`, `spawntimesecs`, `spawndist`, `currentwaypoint`, `curhealth`, `curmana`, `MovementType`, `unit_flags`, `pool_id`, `patch_min`, `patch_max`) VALUES ('79675', '0', '1', NULL, '1', '-8916.15', '501.64', '93.8719', '0', '900', '0', '0', '11828', '0', '2', '0', '0', '0', '10');
INSERT INTO waypoint_data (`id`, `point`, `position_x`, `position_y`, `position_z`, `orientation`, `delay`, `move_type`, `action`, `action_chance`, `wpguid`) VALUES ('796750', '16', '-8898.33', '572.241', '92.7579', '0', '0', '0', NULL, '100', '0');
INSERT INTO waypoint_data (`id`, `point`, `position_x`, `position_y`, `position_z`, `orientation`, `delay`, `move_type`, `action`, `action_chance`, `wpguid`) VALUES ('796750', '15', '-8904.5', '566.957', '93.1157', '0', '0', '0', NULL, '100', '0');
INSERT INTO waypoint_data (`id`, `point`, `position_x`, `position_y`, `position_z`, `orientation`, `delay`, `move_type`, `action`, `action_chance`, `wpguid`) VALUES ('796750', '14', '-8912.5', '560.546', '93.5884', '0', '0', '0', NULL, '100', '0');
INSERT INTO waypoint_data (`id`, `point`, `position_x`, `position_y`, `position_z`, `orientation`, `delay`, `move_type`, `action`, `action_chance`, `wpguid`) VALUES ('796750', '13', '-8926.5', '547.912', '94.2457', '0', '0', '0', NULL, '100', '0');
INSERT INTO waypoint_data (`id`, `point`, `position_x`, `position_y`, `position_z`, `orientation`, `delay`, `move_type`, `action`, `action_chance`, `wpguid`) VALUES ('796750', '12', '-8932.93', '546.864', '94.3441', '0', '0', '0', NULL, '100', '0');
INSERT INTO waypoint_data (`id`, `point`, `position_x`, `position_y`, `position_z`, `orientation`, `delay`, `move_type`, `action`, `action_chance`, `wpguid`) VALUES ('796750', '11', '-8943.24', '558.257', '93.8253', '0', '0', '0', NULL, '100', '0');
INSERT INTO waypoint_data (`id`, `point`, `position_x`, `position_y`, `position_z`, `orientation`, `delay`, `move_type`, `action`, `action_chance`, `wpguid`) VALUES ('796750', '10', '-8953.92', '570.095', '93.7877', '0', '0', '0', NULL, '100', '0');
INSERT INTO waypoint_data (`id`, `point`, `position_x`, `position_y`, `position_z`, `orientation`, `delay`, `move_type`, `action`, `action_chance`, `wpguid`) VALUES ('796750', '9', '-8960.39', '571.901', '93.8156', '0', '0', '0', NULL, '100', '0');
INSERT INTO waypoint_data (`id`, `point`, `position_x`, `position_y`, `position_z`, `orientation`, `delay`, `move_type`, `action`, `action_chance`, `wpguid`) VALUES ('796750', '8', '-8970.03', '564.714', '93.8766', '0', '0', '0', NULL, '100', '0');
INSERT INTO waypoint_data (`id`, `point`, `position_x`, `position_y`, `position_z`, `orientation`, `delay`, `move_type`, `action`, `action_chance`, `wpguid`) VALUES ('796750', '7', '-8981.91', '554.188', '93.8545', '0', '0', '0', NULL, '100', '0');
INSERT INTO waypoint_data (`id`, `point`, `position_x`, `position_y`, `position_z`, `orientation`, `delay`, `move_type`, `action`, `action_chance`, `wpguid`) VALUES ('796750', '6', '-8974.15', '544.015', '93.8441', '0', '0', '0', NULL, '100', '0');
INSERT INTO waypoint_data (`id`, `point`, `position_x`, `position_y`, `position_z`, `orientation`, `delay`, `move_type`, `action`, `action_chance`, `wpguid`) VALUES ('796750', '5', '-8960.28', '529.708', '96.361', '0', '0', '0', NULL, '100', '0');
INSERT INTO waypoint_data (`id`, `point`, `position_x`, `position_y`, `position_z`, `orientation`, `delay`, `move_type`, `action`, `action_chance`, `wpguid`) VALUES ('796750', '4', '-8961.03', '516.09', '96.3566', '0', '0', '0', NULL, '100', '0');
INSERT INTO waypoint_data (`id`, `point`, `position_x`, `position_y`, `position_z`, `orientation`, `delay`, `move_type`, `action`, `action_chance`, `wpguid`) VALUES ('796750', '3', '-8947.67', '515.825', '96.3566', '0', '0', '0', NULL, '100', '0');
INSERT INTO waypoint_data (`id`, `point`, `position_x`, `position_y`, `position_z`, `orientation`, `delay`, `move_type`, `action`, `action_chance`, `wpguid`) VALUES ('796750', '2', '-8940.81', '511.409', '95.872', '0', '0', '0', NULL, '100', '0');
INSERT INTO waypoint_data (`id`, `point`, `position_x`, `position_y`, `position_z`, `orientation`, `delay`, `move_type`, `action`, `action_chance`, `wpguid`) VALUES ('796750', '1', '-8934.22', '502.031', '93.8714', '0', '0', '0', NULL, '100', '0');
INSERT INTO waypoint_data (`id`, `point`, `position_x`, `position_y`, `position_z`, `orientation`, `delay`, `move_type`, `action`, `action_chance`, `wpguid`) VALUES ('796750', '17', '-8896.33', '569.839', '92.6233', '0', '0', '0', NULL, '100', '0');
INSERT INTO waypoint_data (`id`, `point`, `position_x`, `position_y`, `position_z`, `orientation`, `delay`, `move_type`, `action`, `action_chance`, `wpguid`) VALUES ('796750', '18', '-8910.7', '557.909', '93.5571', '0', '0', '0', NULL, '100', '0');
INSERT INTO waypoint_data (`id`, `point`, `position_x`, `position_y`, `position_z`, `orientation`, `delay`, `move_type`, `action`, `action_chance`, `wpguid`) VALUES ('796750', '19', '-8929', '544.508', '94.2892', '0', '0', '0', NULL, '100', '0');
INSERT INTO waypoint_data (`id`, `point`, `position_x`, `position_y`, `position_z`, `orientation`, `delay`, `move_type`, `action`, `action_chance`, `wpguid`) VALUES ('796750', '20', '-8929', '544.508', '94.2892', '0', '0', '0', NULL, '100', '0');
INSERT INTO waypoint_data (`id`, `point`, `position_x`, `position_y`, `position_z`, `orientation`, `delay`, `move_type`, `action`, `action_chance`, `wpguid`) VALUES ('796750', '21', '-8927.14', '534.453', '94.5345', '0', '0', '0', NULL, '100', '0');
INSERT INTO waypoint_data (`id`, `point`, `position_x`, `position_y`, `position_z`, `orientation`, `delay`, `move_type`, `action`, `action_chance`, `wpguid`) VALUES ('796750', '22', '-8915.32', '517.575', '93.8875', '0', '0', '0', NULL, '100', '0');
INSERT INTO waypoint_data (`id`, `point`, `position_x`, `position_y`, `position_z`, `orientation`, `delay`, `move_type`, `action`, `action_chance`, `wpguid`) VALUES ('796750', '23', '-8916.15', '501.64', '93.8719', '0', '0', '0', NULL, '100', '0');
INSERT INTO creature_addon (`spawnID`, `path_id`, `mount`, `bytes0`, `bytes1`, `bytes2`, `emote`, `auras`) VALUES ('79675', '796750', '0', '0', '0', '257', '0', NULL);
INSERT INTO creature_entry (`spawnID`, `entry`) VALUES ('79807', '1976');
INSERT INTO creature (`spawnID`, `map`, `spawnMask`, `modelid`, `equipment_id`, `position_x`, `position_y`, `position_z`, `orientation`, `spawntimesecs`, `spawndist`, `currentwaypoint`, `curhealth`, `curmana`, `MovementType`, `unit_flags`, `pool_id`, `patch_min`, `patch_max`) VALUES ('79807', '0', '1', NULL, '1', '-8614.9', '707.248', '96.7702', '3.19968', '900', '0', '0', '11828', '0', '2', '0', '0', '0', '10');
INSERT INTO waypoint_data (`id`, `point`, `position_x`, `position_y`, `position_z`, `orientation`, `delay`, `move_type`, `action`, `action_chance`, `wpguid`) VALUES ('798070', '1', '-8552.45', '767.143', '96.6512', '0', '0', '0', NULL, '100', '0');
INSERT INTO waypoint_data (`id`, `point`, `position_x`, `position_y`, `position_z`, `orientation`, `delay`, `move_type`, `action`, `action_chance`, `wpguid`) VALUES ('798070', '2', '-8560', '768.697', '96.6512', '0', '0', '0', NULL, '100', '0');
INSERT INTO waypoint_data (`id`, `point`, `position_x`, `position_y`, `position_z`, `orientation`, `delay`, `move_type`, `action`, `action_chance`, `wpguid`) VALUES ('798070', '3', '-8570.28', '762.691', '96.6512', '0', '0', '0', NULL, '100', '0');
INSERT INTO waypoint_data (`id`, `point`, `position_x`, `position_y`, `position_z`, `orientation`, `delay`, `move_type`, `action`, `action_chance`, `wpguid`) VALUES ('798070', '4', '-8579.13', '758.821', '96.6512', '0', '0', '0', NULL, '100', '0');
INSERT INTO waypoint_data (`id`, `point`, `position_x`, `position_y`, `position_z`, `orientation`, `delay`, `move_type`, `action`, `action_chance`, `wpguid`) VALUES ('798070', '5', '-8597.06', '760.187', '96.688', '0', '0', '0', NULL, '100', '0');
INSERT INTO waypoint_data (`id`, `point`, `position_x`, `position_y`, `position_z`, `orientation`, `delay`, `move_type`, `action`, `action_chance`, `wpguid`) VALUES ('798070', '6', '-8613.5', '769.742', '96.6657', '0', '0', '0', NULL, '100', '0');
INSERT INTO waypoint_data (`id`, `point`, `position_x`, `position_y`, `position_z`, `orientation`, `delay`, `move_type`, `action`, `action_chance`, `wpguid`) VALUES ('798070', '7', '-8620.24', '777.911', '96.6508', '0', '0', '0', NULL, '100', '0');
INSERT INTO waypoint_data (`id`, `point`, `position_x`, `position_y`, `position_z`, `orientation`, `delay`, `move_type`, `action`, `action_chance`, `wpguid`) VALUES ('798070', '8', '-8627.45', '787.469', '96.6508', '0', '0', '0', NULL, '100', '0');
INSERT INTO waypoint_data (`id`, `point`, `position_x`, `position_y`, `position_z`, `orientation`, `delay`, `move_type`, `action`, `action_chance`, `wpguid`) VALUES ('798070', '9', '-8631.28', '803.614', '96.6508', '0', '0', '0', NULL, '100', '0');
INSERT INTO waypoint_data (`id`, `point`, `position_x`, `position_y`, `position_z`, `orientation`, `delay`, `move_type`, `action`, `action_chance`, `wpguid`) VALUES ('798070', '10', '-8628.3', '820.772', '96.6423', '0', '0', '0', NULL, '100', '0');
INSERT INTO waypoint_data (`id`, `point`, `position_x`, `position_y`, `position_z`, `orientation`, `delay`, `move_type`, `action`, `action_chance`, `wpguid`) VALUES ('798070', '11', '-8616.79', '833.839', '96.6776', '0', '0', '0', NULL, '100', '0');
INSERT INTO waypoint_data (`id`, `point`, `position_x`, `position_y`, `position_z`, `orientation`, `delay`, `move_type`, `action`, `action_chance`, `wpguid`) VALUES ('798070', '12', '-8601.9', '846.283', '96.6893', '0', '0', '0', NULL, '100', '0');
INSERT INTO waypoint_data (`id`, `point`, `position_x`, `position_y`, `position_z`, `orientation`, `delay`, `move_type`, `action`, `action_chance`, `wpguid`) VALUES ('798070', '13', '-8600.86', '853.752', '96.6716', '0', '0', '0', NULL, '100', '0');
INSERT INTO waypoint_data (`id`, `point`, `position_x`, `position_y`, `position_z`, `orientation`, `delay`, `move_type`, `action`, `action_chance`, `wpguid`) VALUES ('798070', '14', '-8606.87', '860.19', '96.677', '0', '0', '0', NULL, '100', '0');
INSERT INTO waypoint_data (`id`, `point`, `position_x`, `position_y`, `position_z`, `orientation`, `delay`, `move_type`, `action`, `action_chance`, `wpguid`) VALUES ('798070', '15', '-8616.98', '859.975', '96.6589', '0', '0', '0', NULL, '100', '0');
INSERT INTO waypoint_data (`id`, `point`, `position_x`, `position_y`, `position_z`, `orientation`, `delay`, `move_type`, `action`, `action_chance`, `wpguid`) VALUES ('798070', '16', '-8633.81', '845.938', '96.6412', '0', '0', '0', NULL, '100', '0');
INSERT INTO waypoint_data (`id`, `point`, `position_x`, `position_y`, `position_z`, `orientation`, `delay`, `move_type`, `action`, `action_chance`, `wpguid`) VALUES ('798070', '17', '-8653.2', '830.331', '96.6115', '0', '0', '0', NULL, '100', '0');
INSERT INTO waypoint_data (`id`, `point`, `position_x`, `position_y`, `position_z`, `orientation`, `delay`, `move_type`, `action`, `action_chance`, `wpguid`) VALUES ('798070', '18', '-8659.66', '825.426', '96.617', '0', '0', '0', NULL, '100', '0');
INSERT INTO waypoint_data (`id`, `point`, `position_x`, `position_y`, `position_z`, `orientation`, `delay`, `move_type`, `action`, `action_chance`, `wpguid`) VALUES ('798070', '19', '-8661.81', '816.362', '96.6508', '0', '0', '0', NULL, '100', '0');
INSERT INTO waypoint_data (`id`, `point`, `position_x`, `position_y`, `position_z`, `orientation`, `delay`, `move_type`, `action`, `action_chance`, `wpguid`) VALUES ('798070', '20', '-8635.52', '785.599', '96.6517', '0', '0', '0', NULL, '100', '0');
INSERT INTO waypoint_data (`id`, `point`, `position_x`, `position_y`, `position_z`, `orientation`, `delay`, `move_type`, `action`, `action_chance`, `wpguid`) VALUES ('798070', '21', '-8639.81', '779.445', '96.6653', '0', '0', '0', NULL, '100', '0');
INSERT INTO waypoint_data (`id`, `point`, `position_x`, `position_y`, `position_z`, `orientation`, `delay`, `move_type`, `action`, `action_chance`, `wpguid`) VALUES ('798070', '22', '-8658.53', '764.426', '96.7245', '0', '0', '0', NULL, '100', '0');
INSERT INTO waypoint_data (`id`, `point`, `position_x`, `position_y`, `position_z`, `orientation`, `delay`, `move_type`, `action`, `action_chance`, `wpguid`) VALUES ('798070', '23', '-8659.1', '759.975', '96.7142', '0', '0', '0', NULL, '100', '0');
INSERT INTO waypoint_data (`id`, `point`, `position_x`, `position_y`, `position_z`, `orientation`, `delay`, `move_type`, `action`, `action_chance`, `wpguid`) VALUES ('798070', '24', '-8642.78', '737.322', '96.7241', '0', '0', '0', NULL, '100', '0');
INSERT INTO waypoint_data (`id`, `point`, `position_x`, `position_y`, `position_z`, `orientation`, `delay`, `move_type`, `action`, `action_chance`, `wpguid`) VALUES ('798070', '25', '-8626.18', '726.628', '96.7423', '0', '0', '0', NULL, '100', '0');
INSERT INTO waypoint_data (`id`, `point`, `position_x`, `position_y`, `position_z`, `orientation`, `delay`, `move_type`, `action`, `action_chance`, `wpguid`) VALUES ('798070', '26', '-8615.97', '714.056', '96.7479', '0', '0', '0', NULL, '100', '0');
INSERT INTO waypoint_data (`id`, `point`, `position_x`, `position_y`, `position_z`, `orientation`, `delay`, `move_type`, `action`, `action_chance`, `wpguid`) VALUES ('798070', '27', '-8609.64', '713.411', '96.7792', '0', '0', '0', NULL, '100', '0');
INSERT INTO waypoint_data (`id`, `point`, `position_x`, `position_y`, `position_z`, `orientation`, `delay`, `move_type`, `action`, `action_chance`, `wpguid`) VALUES ('798070', '28', '-8605.96', '715.858', '96.7761', '0', '0', '0', NULL, '100', '0');
INSERT INTO waypoint_data (`id`, `point`, `position_x`, `position_y`, `position_z`, `orientation`, `delay`, `move_type`, `action`, `action_chance`, `wpguid`) VALUES ('798070', '29', '-8600.67', '721.512', '96.7291', '0', '0', '0', NULL, '100', '0');
INSERT INTO waypoint_data (`id`, `point`, `position_x`, `position_y`, `position_z`, `orientation`, `delay`, `move_type`, `action`, `action_chance`, `wpguid`) VALUES ('798070', '30', '-8590.52', '731.32', '96.7819', '0', '0', '0', NULL, '100', '0');
INSERT INTO waypoint_data (`id`, `point`, `position_x`, `position_y`, `position_z`, `orientation`, `delay`, `move_type`, `action`, `action_chance`, `wpguid`) VALUES ('798070', '31', '-8573.42', '744.148', '96.6512', '0', '0', '0', NULL, '100', '0');
INSERT INTO waypoint_data (`id`, `point`, `position_x`, `position_y`, `position_z`, `orientation`, `delay`, `move_type`, `action`, `action_chance`, `wpguid`) VALUES ('798070', '32', '-8558.53', '755.476', '96.6512', '0', '0', '0', NULL, '100', '0');
INSERT INTO waypoint_data (`id`, `point`, `position_x`, `position_y`, `position_z`, `orientation`, `delay`, `move_type`, `action`, `action_chance`, `wpguid`) VALUES ('798070', '33', '-8553.41', '761.038', '96.6512', '0', '0', '0', NULL, '100', '0');
INSERT INTO creature_addon (`spawnID`, `path_id`, `mount`, `bytes0`, `bytes1`, `bytes2`, `emote`, `auras`) VALUES ('79807', '798070', '0', '0', '0', '1', '0', NULL);


-- Importing creature spawn with guid 12093 with import type REPLACE_ALL


-- Importing creature spawn with guid 1334 with import type REPLACE_ALL


-- Importing creature spawn with guid 1333 with import type REPLACE_ALL


-- Importing creature spawn with guid 33207 with import type REPLACE_ALL
INSERT INTO creature_entry (`spawnID`, `entry`) VALUES ('20082', '6073');
-- Has LK modelid 10905 already in creature template, set to 0.
INSERT INTO creature (`spawnID`, `map`, `spawnMask`, `modelid`, `equipment_id`, `position_x`, `position_y`, `position_z`, `orientation`, `spawntimesecs`, `spawndist`, `currentwaypoint`, `curhealth`, `curmana`, `MovementType`, `unit_flags`, `pool_id`, `patch_min`, `patch_max`) VALUES ('20082', '1', '1', NULL, '0', '1553.05', '-2844.76', '129.7', '0.6726', '275', '0', '0', '950', '0', '0', '0', '0', '0', '10');
INSERT INTO spawn_group (`groupId`, `spawnType`, `spawnId`) VALUES ('2', '0', '20082');
INSERT INTO creature_entry (`spawnID`, `entry`) VALUES ('108872', '6073');
INSERT INTO creature (`spawnID`, `map`, `spawnMask`, `modelid`, `equipment_id`, `position_x`, `position_y`, `position_z`, `orientation`, `spawntimesecs`, `spawndist`, `currentwaypoint`, `curhealth`, `curmana`, `MovementType`, `unit_flags`, `pool_id`, `patch_min`, `patch_max`) VALUES ('108872', '1', '1', NULL, '0', '1420.36', '-2797', '153.297', '4.15846', '120', '0', '0', '1', '0', '0', '0', '0', '0', '10');
INSERT INTO spawn_group (`groupId`, `spawnType`, `spawnId`) VALUES ('2', '0', '108872');
INSERT INTO creature_entry (`spawnID`, `entry`) VALUES ('108873', '6073');
INSERT INTO creature (`spawnID`, `map`, `spawnMask`, `modelid`, `equipment_id`, `position_x`, `position_y`, `position_z`, `orientation`, `spawntimesecs`, `spawndist`, `currentwaypoint`, `curhealth`, `curmana`, `MovementType`, `unit_flags`, `pool_id`, `patch_min`, `patch_max`) VALUES ('108873', '1', '1', NULL, '0', '1451.37', '-2815.77', '154.216', '4.38523', '120', '0', '0', '1', '0', '0', '0', '0', '0', '10');
INSERT INTO spawn_group (`groupId`, `spawnType`, `spawnId`) VALUES ('2', '0', '108873');
INSERT INTO creature_entry (`spawnID`, `entry`) VALUES ('108874', '6073');
INSERT INTO creature (`spawnID`, `map`, `spawnMask`, `modelid`, `equipment_id`, `position_x`, `position_y`, `position_z`, `orientation`, `spawntimesecs`, `spawndist`, `currentwaypoint`, `curhealth`, `curmana`, `MovementType`, `unit_flags`, `pool_id`, `patch_min`, `patch_max`) VALUES ('108874', '1', '1', NULL, '0', '1500.76', '-2835.74', '111.587', '5.95405', '120', '0', '0', '1', '0', '0', '0', '0', '0', '10');
INSERT INTO spawn_group (`groupId`, `spawnType`, `spawnId`) VALUES ('2', '0', '108874');
INSERT INTO creature_entry (`spawnID`, `entry`) VALUES ('108876', '6073');
INSERT INTO creature (`spawnID`, `map`, `spawnMask`, `modelid`, `equipment_id`, `position_x`, `position_y`, `position_z`, `orientation`, `spawntimesecs`, `spawndist`, `currentwaypoint`, `curhealth`, `curmana`, `MovementType`, `unit_flags`, `pool_id`, `patch_min`, `patch_max`) VALUES ('108876', '1', '1', NULL, '0', '1550.41', '-2885.67', '132.955', '4.35423', '120', '0', '0', '1', '0', '0', '0', '0', '0', '10');
INSERT INTO spawn_group (`groupId`, `spawnType`, `spawnId`) VALUES ('2', '0', '108876');
INSERT INTO creature_entry (`spawnID`, `entry`) VALUES ('108877', '6073');
INSERT INTO creature (`spawnID`, `map`, `spawnMask`, `modelid`, `equipment_id`, `position_x`, `position_y`, `position_z`, `orientation`, `spawntimesecs`, `spawndist`, `currentwaypoint`, `curhealth`, `curmana`, `MovementType`, `unit_flags`, `pool_id`, `patch_min`, `patch_max`) VALUES ('108877', '1', '1', NULL, '0', '1555.71', '-2901.45', '182.44', '3.85718', '120', '10', '0', '1', '0', '1', '0', '0', '0', '10');
INSERT INTO spawn_group (`groupId`, `spawnType`, `spawnId`) VALUES ('2', '0', '108877');
INSERT INTO creature_entry (`spawnID`, `entry`) VALUES ('108878', '6073');
INSERT INTO creature (`spawnID`, `map`, `spawnMask`, `modelid`, `equipment_id`, `position_x`, `position_y`, `position_z`, `orientation`, `spawntimesecs`, `spawndist`, `currentwaypoint`, `curhealth`, `curmana`, `MovementType`, `unit_flags`, `pool_id`, `patch_min`, `patch_max`) VALUES ('108878', '1', '1', NULL, '0', '1566.78', '-2894.13', '132.596', '0.195648', '120', '0', '0', '1', '0', '0', '0', '0', '0', '10');
INSERT INTO spawn_group (`groupId`, `spawnType`, `spawnId`) VALUES ('2', '0', '108878');
INSERT INTO creature_entry (`spawnID`, `entry`) VALUES ('108879', '6073');
INSERT INTO creature (`spawnID`, `map`, `spawnMask`, `modelid`, `equipment_id`, `position_x`, `position_y`, `position_z`, `orientation`, `spawntimesecs`, `spawndist`, `currentwaypoint`, `curhealth`, `curmana`, `MovementType`, `unit_flags`, `pool_id`, `patch_min`, `patch_max`) VALUES ('108879', '1', '1', NULL, '0', '1537.93', '-2823.11', '181.607', '5.28222', '120', '0', '0', '1', '0', '0', '0', '0', '0', '10');
INSERT INTO spawn_group (`groupId`, `spawnType`, `spawnId`) VALUES ('2', '0', '108879');
INSERT INTO creature_entry (`spawnID`, `entry`) VALUES ('108880', '6073');
INSERT INTO creature (`spawnID`, `map`, `spawnMask`, `modelid`, `equipment_id`, `position_x`, `position_y`, `position_z`, `orientation`, `spawntimesecs`, `spawndist`, `currentwaypoint`, `curhealth`, `curmana`, `MovementType`, `unit_flags`, `pool_id`, `patch_min`, `patch_max`) VALUES ('108880', '1', '1', NULL, '0', '1583.34', '-2959.56', '182.253', '5.41046', '120', '0', '0', '1', '0', '0', '0', '0', '0', '10');
INSERT INTO spawn_group (`groupId`, `spawnType`, `spawnId`) VALUES ('2', '0', '108880');


-- Importing creature spawn with guid 33206 with import type REPLACE_ALL


-- Importing creature spawn with guid 33205 with import type REPLACE_ALL


-- Importing creature spawn with guid 33204 with import type REPLACE_ALL


-- Importing creature spawn with guid 33203 with import type REPLACE_ALL


-- Importing creature spawn with guid 33202 with import type REPLACE_ALL


-- Importing creature spawn with guid 33201 with import type REPLACE_ALL


-- Importing creature spawn with guid 33200 with import type REPLACE_ALL


-- Importing creature spawn with guid 33199 with import type REPLACE_ALL


-- Importing creature spawn with guid 33198 with import type REPLACE_ALL


-- Importing creature spawn with guid 33197 with import type REPLACE_ALL


-- Importing creature spawn with guid 33196 with import type REPLACE_ALL


-- Importing creature spawn with guid 33195 with import type REPLACE_ALL


-- Importing creature spawn with guid 33194 with import type REPLACE_ALL


-- Importing creature spawn with guid 33193 with import type REPLACE_ALL


-- Importing creature spawn with guid 33192 with import type REPLACE_ALL


-- Importing creature spawn with guid 33191 with import type REPLACE_ALL


-- Importing creature spawn with guid 33190 with import type REPLACE_ALL


-- Importing creature spawn with guid 33189 with import type REPLACE_ALL


-- Importing creature spawn with guid 32788 with import type REPLACE_ALL


-- Importing creature spawn with guid 32786 with import type REPLACE_ALL


-- Importing creature spawn with guid 32785 with import type REPLACE_ALL


-- Importing creature spawn with guid 32784 with import type REPLACE_ALL


-- Importing creature spawn with guid 32782 with import type REPLACE_ALL


-- Importing creature spawn with guid 32781 with import type REPLACE_ALL


-- Importing creature spawn with guid 32780 with import type REPLACE_ALL


-- Importing creature spawn with guid 32779 with import type REPLACE_ALL


-- Importing creature spawn with guid 32778 with import type REPLACE_ALL


-- Importing creature spawn with guid 32777 with import type REPLACE_ALL


-- Importing creature spawn with guid 32776 with import type REPLACE_ALL


-- Importing creature spawn with guid 32775 with import type REPLACE_ALL


-- Importing creature spawn with guid 32774 with import type REPLACE_ALL


-- Importing creature spawn with guid 1315 with import type REPLACE_ALL


-- Importing creature spawn with guid 1313 with import type REPLACE_ALL


-- Importing creature spawn with guid 1307 with import type REPLACE_ALL


-- Importing creature spawn with guid 1293 with import type REPLACE_ALL


-- Importing creature spawn with guid 1291 with import type REPLACE_ALL


-- Importing creature spawn with guid 1287 with import type REPLACE_ALL


-- Importing creature spawn with guid 68452 with import type REPLACE_ALL


-- Importing creature spawn with guid 9355 with import type REPLACE_ALL


-- Importing creature spawn with guid 9342 with import type REPLACE_ALL


-- Importing creature spawn with guid 9271 with import type REPLACE_ALL


-- Importing creature spawn with guid 9270 with import type REPLACE_ALL


-- Importing creature spawn with guid 9236 with import type REPLACE_ALL


-- Importing creature spawn with guid 9183 with import type REPLACE_ALL


-- Importing creature spawn with guid 9182 with import type REPLACE_ALL


-- Importing creature spawn with guid 9157 with import type REPLACE_ALL


-- Importing creature spawn with guid 9146 with import type REPLACE_ALL


-- Importing creature spawn with guid 9046 with import type REPLACE_ALL


-- Importing creature spawn with guid 9045 with import type REPLACE_ALL


-- Importing creature spawn with guid 9036 with import type REPLACE_ALL


-- Importing creature spawn with guid 9027 with import type REPLACE_ALL


-- Importing creature spawn with guid 8976 with import type REPLACE_ALL


-- Importing creature spawn with guid 8967 with import type REPLACE_ALL


-- Importing creature spawn with guid 8952 with import type REPLACE_ALL


-- Importing creature spawn with guid 8938 with import type REPLACE_ALL


-- Importing creature spawn with guid 8936 with import type REPLACE_ALL


-- Importing creature spawn with guid 8871 with import type REPLACE_ALL


-- Importing creature spawn with guid 8869 with import type REPLACE_ALL


-- Importing creature spawn with guid 8868 with import type REPLACE_ALL


-- Importing creature spawn with guid 8842 with import type REPLACE_ALL


-- Importing creature spawn with guid 8814 with import type REPLACE_ALL


-- Importing creature spawn with guid 8797 with import type REPLACE_ALL


-- Importing creature spawn with guid 8744 with import type REPLACE_ALL


-- Importing creature spawn with guid 8722 with import type REPLACE_ALL


-- Importing creature spawn with guid 8693 with import type REPLACE_ALL


-- Importing creature spawn with guid 8684 with import type REPLACE_ALL


-- Importing creature spawn with guid 8682 with import type REPLACE_ALL


-- Importing creature spawn with guid 8368 with import type REPLACE_ALL


-- Importing creature spawn with guid 8361 with import type REPLACE_ALL


-- Importing creature spawn with guid 8360 with import type REPLACE_ALL


-- Importing creature spawn with guid 8359 with import type REPLACE_ALL


-- Importing creature spawn with guid 8358 with import type REPLACE_ALL


-- Importing creature spawn with guid 8347 with import type REPLACE_ALL


-- Importing creature spawn with guid 42566 with import type REPLACE_ALL
INSERT INTO creature_entry (`spawnID`, `entry`) VALUES ('42566', '23309');
INSERT INTO creature (`spawnID`, `map`, `spawnMask`, `modelid`, `equipment_id`, `position_x`, `position_y`, `position_z`, `orientation`, `spawntimesecs`, `spawndist`, `currentwaypoint`, `curhealth`, `curmana`, `MovementType`, `unit_flags`, `pool_id`, `patch_min`, `patch_max`) VALUES ('42566', '530', '1', NULL, '0', '-4961.05', '211.625', '-10.9787', '4.03171', '250', '0', '0', '6986', '0', '0', '0', '0', '0', '10');
INSERT INTO creature_entry (`spawnID`, `entry`) VALUES ('40742', '23309');
INSERT INTO creature (`spawnID`, `map`, `spawnMask`, `modelid`, `equipment_id`, `position_x`, `position_y`, `position_z`, `orientation`, `spawntimesecs`, `spawndist`, `currentwaypoint`, `curhealth`, `curmana`, `MovementType`, `unit_flags`, `pool_id`, `patch_min`, `patch_max`) VALUES ('40742', '530', '1', NULL, '0', '-4907.27', '314.558', '-12.1715', '1.51844', '250', '0', '0', '6986', '0', '0', '0', '0', '0', '10');
INSERT INTO creature_entry (`spawnID`, `entry`) VALUES ('43919', '23309');
INSERT INTO creature (`spawnID`, `map`, `spawnMask`, `modelid`, `equipment_id`, `position_x`, `position_y`, `position_z`, `orientation`, `spawntimesecs`, `spawndist`, `currentwaypoint`, `curhealth`, `curmana`, `MovementType`, `unit_flags`, `pool_id`, `patch_min`, `patch_max`) VALUES ('43919', '530', '1', NULL, '0', '-4898.18', '411.931', '-5.81041', '3.36848', '250', '0', '0', '6986', '0', '0', '0', '0', '0', '10');
INSERT INTO creature_entry (`spawnID`, `entry`) VALUES ('143881', '23309');
INSERT INTO creature (`spawnID`, `map`, `spawnMask`, `modelid`, `equipment_id`, `position_x`, `position_y`, `position_z`, `orientation`, `spawntimesecs`, `spawndist`, `currentwaypoint`, `curhealth`, `curmana`, `MovementType`, `unit_flags`, `pool_id`, `patch_min`, `patch_max`) VALUES ('143881', '530', '1', NULL, '0', '-4860.77', '468.779', '-5.74204', '4.24115', '300', '0', '0', '4299', '0', '0', '0', '0', '0', '10');
DELETE ce, c1, c2, sg FROM creature_entry ce LEFT JOIN conditions c1 ON c1.ConditionTypeOrReference = 31 AND c1.ConditionValue1 = 3 AND c1.ConditionValue3 = 1040556 LEFT JOIN conditions c2 ON c2.SourceTypeOrReferenceId = 22 AND c2.SourceId = 0 AND c1.SourceEntry = -1040556 LEFT JOIN spawn_group sg ON sg.spawnId = 1040556 AND spawnType = 0 WHERE ce.spawnID = 1040556;
DELETE ce, c1, c2, sg FROM creature_entry ce LEFT JOIN conditions c1 ON c1.ConditionTypeOrReference = 31 AND c1.ConditionValue1 = 3 AND c1.ConditionValue3 = 1042379 LEFT JOIN conditions c2 ON c2.SourceTypeOrReferenceId = 22 AND c2.SourceId = 0 AND c1.SourceEntry = -1042379 LEFT JOIN spawn_group sg ON sg.spawnId = 1042379 AND spawnType = 0 WHERE ce.spawnID = 1042379;
DELETE ce, c1, c2, sg FROM creature_entry ce LEFT JOIN conditions c1 ON c1.ConditionTypeOrReference = 31 AND c1.ConditionValue1 = 3 AND c1.ConditionValue3 = 1048005 LEFT JOIN conditions c2 ON c2.SourceTypeOrReferenceId = 22 AND c2.SourceId = 0 AND c1.SourceEntry = -1048005 LEFT JOIN spawn_group sg ON sg.spawnId = 1048005 AND spawnType = 0 WHERE ce.spawnID = 1048005;


-- Importing creature spawn with guid 40742 with import type REPLACE_ALL


-- Importing creature spawn with guid 8334 with import type REPLACE_ALL


-- Importing creature spawn with guid 8333 with import type REPLACE_ALL


-- Importing creature spawn with guid 8301 with import type REPLACE_ALL


-- Importing creature spawn with guid 8300 with import type REPLACE_ALL


-- Importing creature spawn with guid 8299 with import type REPLACE_ALL


-- Importing creature spawn with guid 8232 with import type REPLACE_ALL


-- Importing creature spawn with guid 8231 with import type REPLACE_ALL


-- Importing creature spawn with guid 8230 with import type REPLACE_ALL


-- Importing creature spawn with guid 8229 with import type REPLACE_ALL


-- Importing creature spawn with guid 8228 with import type REPLACE_ALL


-- Importing creature spawn with guid 8226 with import type REPLACE_ALL


-- Importing creature spawn with guid 43919 with import type REPLACE_ALL


-- Importing creature spawn with guid 29295 with import type REPLACE_ALL


-- Importing creature spawn with guid 29294 with import type REPLACE_ALL


-- Importing creature spawn with guid 29293 with import type REPLACE_ALL


-- Importing creature spawn with guid 29292 with import type REPLACE_ALL


-- Importing creature spawn with guid 29291 with import type REPLACE_ALL


-- Importing creature spawn with guid 29290 with import type REPLACE_ALL


-- Importing creature spawn with guid 29289 with import type REPLACE_ALL


-- Importing creature spawn with guid 29288 with import type REPLACE_ALL


-- Importing creature spawn with guid 29287 with import type REPLACE_ALL


-- Importing creature spawn with guid 29286 with import type REPLACE_ALL


-- Importing creature spawn with guid 29285 with import type REPLACE_ALL


-- Importing creature spawn with guid 29284 with import type REPLACE_ALL


-- Importing creature spawn with guid 29283 with import type REPLACE_ALL


-- Importing creature spawn with guid 29282 with import type REPLACE_ALL


-- Importing creature spawn with guid 29281 with import type REPLACE_ALL


-- Importing creature spawn with guid 29280 with import type REPLACE_ALL


-- Importing creature spawn with guid 29279 with import type REPLACE_ALL


-- Importing creature spawn with guid 29275 with import type REPLACE_ALL


-- Importing creature spawn with guid 29274 with import type REPLACE_ALL


-- Importing creature spawn with guid 29273 with import type REPLACE_ALL


-- Importing creature spawn with guid 29272 with import type REPLACE_ALL


-- Importing creature spawn with guid 29271 with import type REPLACE_ALL


-- Importing creature spawn with guid 29270 with import type REPLACE_ALL


-- Importing creature spawn with guid 29269 with import type REPLACE_ALL


-- Importing creature spawn with guid 29268 with import type REPLACE_ALL


-- Importing creature spawn with guid 29267 with import type REPLACE_ALL


-- Importing creature spawn with guid 29266 with import type REPLACE_ALL


-- Importing creature spawn with guid 29265 with import type REPLACE_ALL


-- Importing creature spawn with guid 29264 with import type REPLACE_ALL


-- Importing creature spawn with guid 29263 with import type REPLACE_ALL


-- Importing creature spawn with guid 29262 with import type REPLACE_ALL


-- Importing creature spawn with guid 29259 with import type REPLACE_ALL


-- Importing creature spawn with guid 29258 with import type REPLACE_ALL


-- Importing creature spawn with guid 1217 with import type REPLACE_ALL


-- Importing creature spawn with guid 26901 with import type REPLACE_ALL
INSERT INTO creature_entry (`spawnID`, `entry`) VALUES ('26901', '15350');
-- Has LK modelid 15387 already in creature template, set to 0.
INSERT INTO creature (`spawnID`, `map`, `spawnMask`, `modelid`, `equipment_id`, `position_x`, `position_y`, `position_z`, `orientation`, `spawntimesecs`, `spawndist`, `currentwaypoint`, `curhealth`, `curmana`, `MovementType`, `unit_flags`, `pool_id`, `patch_min`, `patch_max`) VALUES ('26901', '1', '1', NULL, '1', '-1385.16', '-91.2934', '159.055', '3.12414', '250', '0', '0', '126000', '0', '0', '0', '0', '0', '10');
INSERT INTO creature_addon (`spawnID`, `path_id`, `mount`, `bytes0`, `bytes1`, `bytes2`, `emote`, `auras`) VALUES ('26901', NULL, '0', '0', '0', '4097', '0', NULL);
INSERT INTO creature_entry (`spawnID`, `entry`) VALUES ('16472', '15350');
INSERT INTO creature (`spawnID`, `map`, `spawnMask`, `modelid`, `equipment_id`, `position_x`, `position_y`, `position_z`, `orientation`, `spawntimesecs`, `spawndist`, `currentwaypoint`, `curhealth`, `curmana`, `MovementType`, `unit_flags`, `pool_id`, `patch_min`, `patch_max`) VALUES ('16472', '530', '1', NULL, '1', '-1966.88', '5260.62', '-38.8442', '4.10239', '120', '0', '0', '126000', '0', '0', '0', '0', '0', '10');
INSERT INTO creature_entry (`spawnID`, `entry`) VALUES ('119054', '15350');
-- Has LK modelid 15387 already in creature template, set to 0.
INSERT INTO creature (`spawnID`, `map`, `spawnMask`, `modelid`, `equipment_id`, `position_x`, `position_y`, `position_z`, `orientation`, `spawntimesecs`, `spawndist`, `currentwaypoint`, `curhealth`, `curmana`, `MovementType`, `unit_flags`, `pool_id`, `patch_min`, `patch_max`) VALUES ('119054', '571', '1', NULL, '1', '5952.73', '569.548', '660.57', '4.57276', '300', '0', '0', '126000', '0', '0', '0', '0', '5', '10');
INSERT INTO creature_entry (`spawnID`, `entry`) VALUES ('131839', '15350');
INSERT INTO creature (`spawnID`, `map`, `spawnMask`, `modelid`, `equipment_id`, `position_x`, `position_y`, `position_z`, `orientation`, `spawntimesecs`, `spawndist`, `currentwaypoint`, `curhealth`, `curmana`, `MovementType`, `unit_flags`, `pool_id`, `patch_min`, `patch_max`) VALUES ('131839', '571', '1', NULL, '1', '5467.59', '2841.06', '418.758', '1.39626', '180', '0', '0', '126000', '0', '0', '0', '0', '5', '10');
INSERT INTO creature_addon (`spawnID`, `path_id`, `mount`, `bytes0`, `bytes1`, `bytes2`, `emote`, `auras`) VALUES ('131839', NULL, '0', '0', '0', '257', '0', NULL);
INSERT INTO creature_entry (`spawnID`, `entry`) VALUES ('202720', '15350');
INSERT INTO creature (`spawnID`, `map`, `spawnMask`, `modelid`, `equipment_id`, `position_x`, `position_y`, `position_z`, `orientation`, `spawntimesecs`, `spawndist`, `currentwaypoint`, `curhealth`, `curmana`, `MovementType`, `unit_flags`, `pool_id`, `patch_min`, `patch_max`) VALUES ('202720', '1', '1', NULL, '1', '1663.62', '-4196.58', '56.4659', '4.19403', '120', '0', '0', '1', '0', '0', '0', '0', '0', '10');
DELETE ce, c1, c2, sg FROM creature_entry ce LEFT JOIN conditions c1 ON c1.ConditionTypeOrReference = 31 AND c1.ConditionValue1 = 3 AND c1.ConditionValue3 = 1026767 LEFT JOIN conditions c2 ON c2.SourceTypeOrReferenceId = 22 AND c2.SourceId = 0 AND c1.SourceEntry = -1026767 LEFT JOIN spawn_group sg ON sg.spawnId = 1026767 AND spawnType = 0 WHERE ce.spawnID = 1026767;


-- Importing creature spawn with guid 1216 with import type REPLACE_ALL


-- Importing creature spawn with guid 66971 with import type REPLACE_ALL


-- Importing creature spawn with guid 1214 with import type REPLACE_ALL


-- Importing creature spawn with guid 1211 with import type REPLACE_ALL


-- Importing creature spawn with guid 1209 with import type REPLACE_ALL


-- Importing creature spawn with guid 1205 with import type REPLACE_ALL


-- Importing creature spawn with guid 1201 with import type REPLACE_ALL


-- Importing creature spawn with guid 1200 with import type REPLACE_ALL


-- Importing creature spawn with guid 68451 with import type REPLACE_ALL


-- Importing creature spawn with guid 30881 with import type REPLACE_ALL


-- Importing creature spawn with guid 30868 with import type REPLACE_ALL
INSERT INTO creature_entry (`spawnID`, `entry`) VALUES ('30849', '4371');
-- Has LK modelid 6750 already in creature template, set to 0.
INSERT INTO creature (`spawnID`, `map`, `spawnMask`, `modelid`, `equipment_id`, `position_x`, `position_y`, `position_z`, `orientation`, `spawntimesecs`, `spawndist`, `currentwaypoint`, `curhealth`, `curmana`, `MovementType`, `unit_flags`, `pool_id`, `patch_min`, `patch_max`) VALUES ('30849', '1', '1', NULL, '1', '-2681.92', '-4815.98', '18.4512', '5.91081', '1200', '5', '0', '7107', '4738', '1', '0', '0', '0', '10');
INSERT INTO spawn_group (`groupId`, `spawnType`, `spawnId`) VALUES ('2', '0', '30849');


-- Importing creature spawn with guid 30861 with import type REPLACE_ALL


-- Importing creature spawn with guid 30849 with import type REPLACE_ALL


-- Importing creature spawn with guid 30802 with import type REPLACE_ALL


-- Importing creature spawn with guid 30755 with import type REPLACE_ALL


-- Importing creature spawn with guid 30672 with import type REPLACE_ALL


-- Importing creature spawn with guid 30448 with import type REPLACE_ALL


-- Importing creature spawn with guid 30447 with import type REPLACE_ALL


-- Importing creature spawn with guid 28823 with import type REPLACE_ALL


-- Importing creature spawn with guid 25895 with import type REPLACE_ALL


-- Importing creature spawn with guid 25815 with import type REPLACE_ALL


-- Importing creature spawn with guid 24049 with import type REPLACE_ALL


-- Importing creature spawn with guid 24016 with import type REPLACE_ALL


-- Importing creature spawn with guid 23068 with import type REPLACE_ALL
INSERT INTO creature_entry (`spawnID`, `entry`) VALUES ('23063', '5459');
-- Has LK modelid 11108 already in creature template, set to 0.
INSERT INTO creature (`spawnID`, `map`, `spawnMask`, `modelid`, `equipment_id`, `position_x`, `position_y`, `position_z`, `orientation`, `spawntimesecs`, `spawndist`, `currentwaypoint`, `curhealth`, `curmana`, `MovementType`, `unit_flags`, `pool_id`, `patch_min`, `patch_max`) VALUES ('23063', '1', '1', NULL, '0', '-8078.13', '-2508.61', '-52.12', '3.16002', '300', '10', '0', '2488', '0', '1', '0', '0', '0', '10');
INSERT INTO spawn_group (`groupId`, `spawnType`, `spawnId`) VALUES ('2', '0', '23063');


-- Importing creature spawn with guid 23067 with import type REPLACE_ALL


-- Importing creature spawn with guid 23066 with import type REPLACE_ALL


-- Importing creature spawn with guid 23065 with import type REPLACE_ALL


-- Importing creature spawn with guid 23064 with import type REPLACE_ALL


-- Importing creature spawn with guid 23063 with import type REPLACE_ALL


-- Importing creature spawn with guid 23062 with import type REPLACE_ALL


-- Importing creature spawn with guid 23061 with import type REPLACE_ALL


-- Importing creature spawn with guid 23060 with import type REPLACE_ALL


-- Importing creature spawn with guid 23059 with import type REPLACE_ALL


-- Importing creature spawn with guid 23058 with import type REPLACE_ALL


-- Importing creature spawn with guid 23057 with import type REPLACE_ALL


-- Importing creature spawn with guid 23055 with import type REPLACE_ALL


-- Importing creature spawn with guid 55414 with import type REPLACE_ALL


-- Importing creature spawn with guid 22159 with import type REPLACE_ALL
INSERT INTO creature_entry (`spawnID`, `entry`) VALUES ('22129', '5422');
-- Has LK modelid 2414 already in creature template, set to 0.
INSERT INTO creature (`spawnID`, `map`, `spawnMask`, `modelid`, `equipment_id`, `position_x`, `position_y`, `position_z`, `orientation`, `spawntimesecs`, `spawndist`, `currentwaypoint`, `curhealth`, `curmana`, `MovementType`, `unit_flags`, `pool_id`, `patch_min`, `patch_max`) VALUES ('22129', '1', '1', NULL, '0', '-6949.82', '-3949.57', '34.2626', '1.96797', '300', '25', '0', '1829', '0', '1', '0', '0', '0', '10');
INSERT INTO spawn_group (`groupId`, `spawnType`, `spawnId`) VALUES ('2', '0', '22129');


-- Importing creature spawn with guid 22158 with import type REPLACE_ALL


-- Importing creature spawn with guid 22157 with import type REPLACE_ALL


-- Importing creature spawn with guid 22156 with import type REPLACE_ALL


-- Importing creature spawn with guid 22155 with import type REPLACE_ALL


-- Importing creature spawn with guid 22154 with import type REPLACE_ALL


-- Importing creature spawn with guid 22153 with import type REPLACE_ALL


-- Importing creature spawn with guid 22152 with import type REPLACE_ALL


-- Importing creature spawn with guid 22151 with import type REPLACE_ALL


-- Importing creature spawn with guid 22150 with import type REPLACE_ALL


-- Importing creature spawn with guid 22149 with import type REPLACE_ALL


-- Importing creature spawn with guid 22148 with import type REPLACE_ALL


-- Importing creature spawn with guid 22147 with import type REPLACE_ALL


-- Importing creature spawn with guid 22146 with import type REPLACE_ALL


-- Importing creature spawn with guid 22145 with import type REPLACE_ALL


-- Importing creature spawn with guid 22144 with import type REPLACE_ALL


-- Importing creature spawn with guid 22143 with import type REPLACE_ALL


-- Importing creature spawn with guid 22142 with import type REPLACE_ALL


-- Importing creature spawn with guid 22141 with import type REPLACE_ALL


-- Importing creature spawn with guid 22140 with import type REPLACE_ALL


-- Importing creature spawn with guid 22139 with import type REPLACE_ALL


-- Importing creature spawn with guid 22138 with import type REPLACE_ALL


-- Importing creature spawn with guid 22137 with import type REPLACE_ALL


-- Importing creature spawn with guid 22136 with import type REPLACE_ALL


-- Importing creature spawn with guid 22135 with import type REPLACE_ALL


-- Importing creature spawn with guid 22134 with import type REPLACE_ALL


-- Importing creature spawn with guid 22133 with import type REPLACE_ALL


-- Importing creature spawn with guid 22132 with import type REPLACE_ALL


-- Importing creature spawn with guid 22131 with import type REPLACE_ALL


-- Importing creature spawn with guid 22130 with import type REPLACE_ALL


-- Importing creature spawn with guid 22129 with import type REPLACE_ALL


-- Importing creature spawn with guid 22128 with import type REPLACE_ALL


-- Importing creature spawn with guid 22127 with import type REPLACE_ALL


-- Importing creature spawn with guid 22126 with import type REPLACE_ALL


-- Importing creature spawn with guid 22125 with import type REPLACE_ALL


-- Importing creature spawn with guid 22124 with import type REPLACE_ALL


-- Importing creature spawn with guid 22123 with import type REPLACE_ALL


-- Importing creature spawn with guid 22122 with import type REPLACE_ALL


-- Importing creature spawn with guid 22121 with import type REPLACE_ALL


-- Importing creature spawn with guid 22120 with import type REPLACE_ALL


-- Importing creature spawn with guid 22119 with import type REPLACE_ALL


-- Importing creature spawn with guid 22118 with import type REPLACE_ALL


-- Importing creature spawn with guid 22117 with import type REPLACE_ALL


-- Importing creature spawn with guid 21940 with import type REPLACE_ALL
INSERT INTO creature_entry (`spawnID`, `entry`) VALUES ('21927', '5419');
-- Has LK modelid 141 already in creature template, set to 0.
INSERT INTO creature (`spawnID`, `map`, `spawnMask`, `modelid`, `equipment_id`, `position_x`, `position_y`, `position_z`, `orientation`, `spawntimesecs`, `spawndist`, `currentwaypoint`, `curhealth`, `curmana`, `MovementType`, `unit_flags`, `pool_id`, `patch_min`, `patch_max`) VALUES ('21927', '1', '1', NULL, '0', '-7711.28', '-3023.93', '34.8943', '6.09994', '300', '25', '0', '1981', '0', '1', '0', '0', '0', '10');
INSERT INTO spawn_group (`groupId`, `spawnType`, `spawnId`) VALUES ('2', '0', '21927');


-- Importing creature spawn with guid 21939 with import type REPLACE_ALL


-- Importing creature spawn with guid 21938 with import type REPLACE_ALL


-- Importing creature spawn with guid 21937 with import type REPLACE_ALL


-- Importing creature spawn with guid 21936 with import type REPLACE_ALL


-- Importing creature spawn with guid 21935 with import type REPLACE_ALL


-- Importing creature spawn with guid 21934 with import type REPLACE_ALL


-- Importing creature spawn with guid 21933 with import type REPLACE_ALL


-- Importing creature spawn with guid 21932 with import type REPLACE_ALL


-- Importing creature spawn with guid 21931 with import type REPLACE_ALL


-- Importing creature spawn with guid 21930 with import type REPLACE_ALL


-- Importing creature spawn with guid 21929 with import type REPLACE_ALL


-- Importing creature spawn with guid 21928 with import type REPLACE_ALL


-- Importing creature spawn with guid 21927 with import type REPLACE_ALL


-- Importing creature spawn with guid 21926 with import type REPLACE_ALL


-- Importing creature spawn with guid 21925 with import type REPLACE_ALL


-- Importing creature spawn with guid 21924 with import type REPLACE_ALL


-- Importing creature spawn with guid 21923 with import type REPLACE_ALL


-- Importing creature spawn with guid 21922 with import type REPLACE_ALL


-- Importing creature spawn with guid 21921 with import type REPLACE_ALL


-- Importing creature spawn with guid 21920 with import type REPLACE_ALL


-- Importing creature spawn with guid 21919 with import type REPLACE_ALL


-- Importing creature spawn with guid 21918 with import type REPLACE_ALL


-- Importing creature spawn with guid 21917 with import type REPLACE_ALL


-- Importing creature spawn with guid 21916 with import type REPLACE_ALL


-- Importing creature spawn with guid 21915 with import type REPLACE_ALL


-- Importing creature spawn with guid 21914 with import type REPLACE_ALL


-- Importing creature spawn with guid 21913 with import type REPLACE_ALL


-- Importing creature spawn with guid 21912 with import type REPLACE_ALL


-- Importing creature spawn with guid 21911 with import type REPLACE_ALL


-- Importing creature spawn with guid 21910 with import type REPLACE_ALL


-- Importing creature spawn with guid 21906 with import type REPLACE_ALL


-- Importing creature spawn with guid 21905 with import type REPLACE_ALL


-- Importing creature spawn with guid 21904 with import type REPLACE_ALL


-- Importing creature spawn with guid 21903 with import type REPLACE_ALL


-- Importing creature spawn with guid 21902 with import type REPLACE_ALL


-- Importing creature spawn with guid 21901 with import type REPLACE_ALL


-- Importing creature spawn with guid 21900 with import type REPLACE_ALL


-- Importing creature spawn with guid 21899 with import type REPLACE_ALL


-- Importing creature spawn with guid 21888 with import type REPLACE_ALL


-- Importing creature spawn with guid 21887 with import type REPLACE_ALL


-- Importing creature spawn with guid 21886 with import type REPLACE_ALL


-- Importing creature spawn with guid 21885 with import type REPLACE_ALL


-- Importing creature spawn with guid 21884 with import type REPLACE_ALL


-- Importing creature spawn with guid 21883 with import type REPLACE_ALL


-- Importing creature spawn with guid 21882 with import type REPLACE_ALL


-- Importing creature spawn with guid 21881 with import type REPLACE_ALL


-- Importing creature spawn with guid 21880 with import type REPLACE_ALL


-- Importing creature spawn with guid 21869 with import type REPLACE_ALL


-- Importing creature spawn with guid 21868 with import type REPLACE_ALL


-- Importing creature spawn with guid 21867 with import type REPLACE_ALL


-- Importing creature spawn with guid 21866 with import type REPLACE_ALL


-- Importing creature spawn with guid 21865 with import type REPLACE_ALL


-- Importing creature spawn with guid 21864 with import type REPLACE_ALL


-- Importing creature spawn with guid 21863 with import type REPLACE_ALL


-- Importing creature spawn with guid 21852 with import type REPLACE_ALL


-- Importing creature spawn with guid 21851 with import type REPLACE_ALL


-- Importing creature spawn with guid 21850 with import type REPLACE_ALL


-- Importing creature spawn with guid 21849 with import type REPLACE_ALL


-- Importing creature spawn with guid 21848 with import type REPLACE_ALL


-- Importing creature spawn with guid 21847 with import type REPLACE_ALL


-- Importing creature spawn with guid 21846 with import type REPLACE_ALL


-- Importing creature spawn with guid 21845 with import type REPLACE_ALL


-- Importing creature spawn with guid 21844 with import type REPLACE_ALL


-- Importing creature spawn with guid 21843 with import type REPLACE_ALL


-- Importing creature spawn with guid 21832 with import type REPLACE_ALL


-- Importing creature spawn with guid 21831 with import type REPLACE_ALL


-- Importing creature spawn with guid 21830 with import type REPLACE_ALL


-- Importing creature spawn with guid 21829 with import type REPLACE_ALL


-- Importing creature spawn with guid 21828 with import type REPLACE_ALL


-- Importing creature spawn with guid 21827 with import type REPLACE_ALL


-- Importing creature spawn with guid 21826 with import type REPLACE_ALL


-- Importing creature spawn with guid 21825 with import type REPLACE_ALL


-- Importing creature spawn with guid 21824 with import type REPLACE_ALL


-- Importing creature spawn with guid 21338 with import type REPLACE_ALL


-- Importing creature spawn with guid 1100 with import type REPLACE_ALL


-- Importing creature spawn with guid 848 with import type REPLACE_ALL


-- Importing creature spawn with guid 795 with import type REPLACE_ALL


-- Importing creature spawn with guid 20082 with import type REPLACE_ALL


-- Importing creature spawn with guid 20081 with import type REPLACE_ALL


-- Importing creature spawn with guid 20080 with import type REPLACE_ALL


-- Importing creature spawn with guid 20079 with import type REPLACE_ALL


-- Importing creature spawn with guid 20078 with import type REPLACE_ALL


-- Importing creature spawn with guid 728 with import type REPLACE_ALL


-- Importing creature spawn with guid 727 with import type REPLACE_ALL
INSERT INTO creature_entry (`spawnID`, `entry`) VALUES ('134848', '20102');
INSERT INTO creature (`spawnID`, `map`, `spawnMask`, `modelid`, `equipment_id`, `position_x`, `position_y`, `position_z`, `orientation`, `spawntimesecs`, `spawndist`, `currentwaypoint`, `curhealth`, `curmana`, `MovementType`, `unit_flags`, `pool_id`, `patch_min`, `patch_max`) VALUES ('134848', '530', '1', NULL, '0', '3038.56', '3635.53', '144.012', '3.32713', '300', '0', '0', '42', '0', '0', '0', '0', '0', '10');
INSERT INTO game_event_creature (`event`, `guid`) VALUES ('51', '134848');
INSERT INTO creature_entry (`spawnID`, `entry`) VALUES ('134984', '20102');
INSERT INTO creature (`spawnID`, `map`, `spawnMask`, `modelid`, `equipment_id`, `position_x`, `position_y`, `position_z`, `orientation`, `spawntimesecs`, `spawndist`, `currentwaypoint`, `curhealth`, `curmana`, `MovementType`, `unit_flags`, `pool_id`, `patch_min`, `patch_max`) VALUES ('134984', '1', '1', NULL, '0', '6747.03', '-4664.43', '724.551', '3.61009', '300', '0', '0', '42', '0', '0', '0', '0', '0', '10');
INSERT INTO game_event_creature (`event`, `guid`) VALUES ('51', '134984');
INSERT INTO creature_entry (`spawnID`, `entry`) VALUES ('134985', '20102');
INSERT INTO creature (`spawnID`, `map`, `spawnMask`, `modelid`, `equipment_id`, `position_x`, `position_y`, `position_z`, `orientation`, `spawntimesecs`, `spawndist`, `currentwaypoint`, `curhealth`, `curmana`, `MovementType`, `unit_flags`, `pool_id`, `patch_min`, `patch_max`) VALUES ('134985', '1', '1', NULL, '0', '-938.792', '-3735.2', '8.57162', '3.66385', '300', '0', '0', '42', '0', '0', '0', '0', '0', '10');
INSERT INTO game_event_creature (`event`, `guid`) VALUES ('51', '134985');
INSERT INTO creature_entry (`spawnID`, `entry`) VALUES ('134986', '20102');
INSERT INTO creature (`spawnID`, `map`, `spawnMask`, `modelid`, `equipment_id`, `position_x`, `position_y`, `position_z`, `orientation`, `spawntimesecs`, `spawndist`, `currentwaypoint`, `curhealth`, `curmana`, `MovementType`, `unit_flags`, `pool_id`, `patch_min`, `patch_max`) VALUES ('134986', '1', '1', NULL, '0', '-7177.24', '-3810.02', '8.3753', '0.711558', '300', '0', '0', '42', '0', '0', '0', '0', '0', '10');
INSERT INTO game_event_creature (`event`, `guid`) VALUES ('51', '134986');
INSERT INTO creature_entry (`spawnID`, `entry`) VALUES ('134987', '20102');
INSERT INTO creature (`spawnID`, `map`, `spawnMask`, `modelid`, `equipment_id`, `position_x`, `position_y`, `position_z`, `orientation`, `spawntimesecs`, `spawndist`, `currentwaypoint`, `curhealth`, `curmana`, `MovementType`, `unit_flags`, `pool_id`, `patch_min`, `patch_max`) VALUES ('134987', '0', '1', NULL, '0', '-14464.9', '470.287', '15.0369', '5.96098', '300', '0', '0', '42', '0', '0', '0', '0', '0', '10');
INSERT INTO game_event_creature (`event`, `guid`) VALUES ('51', '134987');
INSERT INTO creature_entry (`spawnID`, `entry`) VALUES ('134988', '20102');
INSERT INTO creature (`spawnID`, `map`, `spawnMask`, `modelid`, `equipment_id`, `position_x`, `position_y`, `position_z`, `orientation`, `spawntimesecs`, `spawndist`, `currentwaypoint`, `curhealth`, `curmana`, `MovementType`, `unit_flags`, `pool_id`, `patch_min`, `patch_max`) VALUES ('134988', '530', '1', NULL, '0', '-1888.02', '5400.44', '-12.4278', '5.97919', '300', '0', '0', '42', '0', '0', '0', '0', '0', '10');
INSERT INTO game_event_creature (`event`, `guid`) VALUES ('51', '134988');
INSERT INTO creature_entry (`spawnID`, `entry`) VALUES ('134989', '20102');
INSERT INTO creature (`spawnID`, `map`, `spawnMask`, `modelid`, `equipment_id`, `position_x`, `position_y`, `position_z`, `orientation`, `spawntimesecs`, `spawndist`, `currentwaypoint`, `curhealth`, `curmana`, `MovementType`, `unit_flags`, `pool_id`, `patch_min`, `patch_max`) VALUES ('134989', '530', '1', NULL, '0', '3035.51', '3635.08', '144.47', '0.901821', '300', '0', '0', '42', '0', '0', '0', '0', '0', '10');
INSERT INTO game_event_creature (`event`, `guid`) VALUES ('51', '134989');
INSERT INTO creature_entry (`spawnID`, `entry`) VALUES ('134990', '20102');
INSERT INTO creature (`spawnID`, `map`, `spawnMask`, `modelid`, `equipment_id`, `position_x`, `position_y`, `position_z`, `orientation`, `spawntimesecs`, `spawndist`, `currentwaypoint`, `curhealth`, `curmana`, `MovementType`, `unit_flags`, `pool_id`, `patch_min`, `patch_max`) VALUES ('134990', '1', '1', NULL, '0', '6745.48', '-4667.44', '723.103', '1.03712', '300', '0', '0', '42', '0', '0', '0', '0', '0', '10');
INSERT INTO game_event_creature (`event`, `guid`) VALUES ('51', '134990');
INSERT INTO creature_entry (`spawnID`, `entry`) VALUES ('134991', '20102');
INSERT INTO creature (`spawnID`, `map`, `spawnMask`, `modelid`, `equipment_id`, `position_x`, `position_y`, `position_z`, `orientation`, `spawntimesecs`, `spawndist`, `currentwaypoint`, `curhealth`, `curmana`, `MovementType`, `unit_flags`, `pool_id`, `patch_min`, `patch_max`) VALUES ('134991', '1', '1', NULL, '0', '-936.306', '-3738.3', '8.96324', '3.35283', '300', '0', '0', '42', '0', '0', '0', '0', '0', '10');
INSERT INTO game_event_creature (`event`, `guid`) VALUES ('51', '134991');
INSERT INTO creature_entry (`spawnID`, `entry`) VALUES ('134992', '20102');
INSERT INTO creature (`spawnID`, `map`, `spawnMask`, `modelid`, `equipment_id`, `position_x`, `position_y`, `position_z`, `orientation`, `spawntimesecs`, `spawndist`, `currentwaypoint`, `curhealth`, `curmana`, `MovementType`, `unit_flags`, `pool_id`, `patch_min`, `patch_max`) VALUES ('134992', '1', '1', NULL, '0', '-7173.14', '-3808.58', '8.37043', '3.3285', '300', '0', '0', '42', '0', '0', '0', '0', '0', '10');
INSERT INTO game_event_creature (`event`, `guid`) VALUES ('51', '134992');
INSERT INTO creature_entry (`spawnID`, `entry`) VALUES ('134993', '20102');
INSERT INTO creature (`spawnID`, `map`, `spawnMask`, `modelid`, `equipment_id`, `position_x`, `position_y`, `position_z`, `orientation`, `spawntimesecs`, `spawndist`, `currentwaypoint`, `curhealth`, `curmana`, `MovementType`, `unit_flags`, `pool_id`, `patch_min`, `patch_max`) VALUES ('134993', '0', '1', NULL, '0', '-14461.4', '468.507', '15.1232', '2.66545', '300', '0', '0', '42', '0', '0', '0', '0', '0', '10');
INSERT INTO game_event_creature (`event`, `guid`) VALUES ('51', '134993');
INSERT INTO creature_entry (`spawnID`, `entry`) VALUES ('134994', '20102');
INSERT INTO creature (`spawnID`, `map`, `spawnMask`, `modelid`, `equipment_id`, `position_x`, `position_y`, `position_z`, `orientation`, `spawntimesecs`, `spawndist`, `currentwaypoint`, `curhealth`, `curmana`, `MovementType`, `unit_flags`, `pool_id`, `patch_min`, `patch_max`) VALUES ('134994', '530', '1', NULL, '0', '-1884.63', '5397.52', '-12.4278', '2.51637', '300', '0', '0', '42', '0', '0', '0', '0', '0', '10');
INSERT INTO game_event_creature (`event`, `guid`) VALUES ('51', '134994');
DELETE ce, c1, c2, sg FROM creature_entry ce LEFT JOIN conditions c1 ON c1.ConditionTypeOrReference = 31 AND c1.ConditionValue1 = 3 AND c1.ConditionValue3 = 1089735 LEFT JOIN conditions c2 ON c2.SourceTypeOrReferenceId = 22 AND c2.SourceId = 0 AND c1.SourceEntry = -1089735 LEFT JOIN spawn_group sg ON sg.spawnId = 1089735 AND spawnType = 0 WHERE ce.spawnID = 1089735;
DELETE ce, c1, c2, sg FROM creature_entry ce LEFT JOIN conditions c1 ON c1.ConditionTypeOrReference = 31 AND c1.ConditionValue1 = 3 AND c1.ConditionValue3 = 1089736 LEFT JOIN conditions c2 ON c2.SourceTypeOrReferenceId = 22 AND c2.SourceId = 0 AND c1.SourceEntry = -1089736 LEFT JOIN spawn_group sg ON sg.spawnId = 1089736 AND spawnType = 0 WHERE ce.spawnID = 1089736;
DELETE ce, c1, c2, sg FROM creature_entry ce LEFT JOIN conditions c1 ON c1.ConditionTypeOrReference = 31 AND c1.ConditionValue1 = 3 AND c1.ConditionValue3 = 1090372 LEFT JOIN conditions c2 ON c2.SourceTypeOrReferenceId = 22 AND c2.SourceId = 0 AND c1.SourceEntry = -1090372 LEFT JOIN spawn_group sg ON sg.spawnId = 1090372 AND spawnType = 0 WHERE ce.spawnID = 1090372;
DELETE ce, c1, c2, sg FROM creature_entry ce LEFT JOIN conditions c1 ON c1.ConditionTypeOrReference = 31 AND c1.ConditionValue1 = 3 AND c1.ConditionValue3 = 1090373 LEFT JOIN conditions c2 ON c2.SourceTypeOrReferenceId = 22 AND c2.SourceId = 0 AND c1.SourceEntry = -1090373 LEFT JOIN spawn_group sg ON sg.spawnId = 1090373 AND spawnType = 0 WHERE ce.spawnID = 1090373;


-- Importing creature spawn with guid 63519 with import type REPLACE_ALL


-- Importing creature spawn with guid 726 with import type REPLACE_ALL


-- Importing creature spawn with guid 725 with import type REPLACE_ALL


-- Importing creature spawn with guid 724 with import type REPLACE_ALL


-- Importing creature spawn with guid 14364 with import type REPLACE_ALL
INSERT INTO creature_entry (`spawnID`, `entry`) VALUES ('14364', '6249');
-- Has LK modelid 4963 already in creature template, set to 0.
INSERT INTO creature (`spawnID`, `map`, `spawnMask`, `modelid`, `equipment_id`, `position_x`, `position_y`, `position_z`, `orientation`, `spawntimesecs`, `spawndist`, `currentwaypoint`, `curhealth`, `curmana`, `MovementType`, `unit_flags`, `pool_id`, `patch_min`, `patch_max`) VALUES ('14364', '1', '1', NULL, '0', '-1674.11', '-4330.47', '2.83819', '3.1309', '275', '0', '0', '1651', '0', '0', '0', '0', '0', '10');
INSERT INTO creature_entry (`spawnID`, `entry`) VALUES ('14363', '6249');
-- Has LK modelid 4967 already in creature template, set to 0.
INSERT INTO creature (`spawnID`, `map`, `spawnMask`, `modelid`, `equipment_id`, `position_x`, `position_y`, `position_z`, `orientation`, `spawntimesecs`, `spawndist`, `currentwaypoint`, `curhealth`, `curmana`, `MovementType`, `unit_flags`, `pool_id`, `patch_min`, `patch_max`) VALUES ('14363', '1', '1', NULL, '0', '-1676.47', '-4334.46', '2.79803', '2.58242', '275', '0', '0', '1651', '0', '0', '0', '0', '0', '10');
INSERT INTO creature_entry (`spawnID`, `entry`) VALUES ('14360', '6249');
-- Has LK modelid 4967 already in creature template, set to 0.
INSERT INTO creature (`spawnID`, `map`, `spawnMask`, `modelid`, `equipment_id`, `position_x`, `position_y`, `position_z`, `orientation`, `spawntimesecs`, `spawndist`, `currentwaypoint`, `curhealth`, `curmana`, `MovementType`, `unit_flags`, `pool_id`, `patch_min`, `patch_max`) VALUES ('14360', '1', '1', NULL, '0', '-1682.45', '-4334.78', '2.88185', '0.05322', '275', '0', '0', '1651', '0', '0', '0', '0', '0', '10');
INSERT INTO creature_entry (`spawnID`, `entry`) VALUES ('14359', '6249');
-- Has LK modelid 4962 already in creature template, set to 0.
INSERT INTO creature (`spawnID`, `map`, `spawnMask`, `modelid`, `equipment_id`, `position_x`, `position_y`, `position_z`, `orientation`, `spawntimesecs`, `spawndist`, `currentwaypoint`, `curhealth`, `curmana`, `MovementType`, `unit_flags`, `pool_id`, `patch_min`, `patch_max`) VALUES ('14359', '1', '1', NULL, '0', '-1683.83', '-4323.44', '2.8478', '3.80685', '275', '0', '0', '1651', '0', '0', '0', '0', '0', '10');
INSERT INTO creature_entry (`spawnID`, `entry`) VALUES ('14358', '6249');
-- Has LK modelid 4967 already in creature template, set to 0.
INSERT INTO creature (`spawnID`, `map`, `spawnMask`, `modelid`, `equipment_id`, `position_x`, `position_y`, `position_z`, `orientation`, `spawntimesecs`, `spawndist`, `currentwaypoint`, `curhealth`, `curmana`, `MovementType`, `unit_flags`, `pool_id`, `patch_min`, `patch_max`) VALUES ('14358', '1', '1', NULL, '0', '-1686.72', '-4326.52', '3.89036', '0.359438', '275', '0', '0', '1651', '0', '0', '0', '0', '0', '10');
INSERT INTO creature_entry (`spawnID`, `entry`) VALUES ('14357', '6249');
-- Has LK modelid 4962 already in creature template, set to 0.
INSERT INTO creature (`spawnID`, `map`, `spawnMask`, `modelid`, `equipment_id`, `position_x`, `position_y`, `position_z`, `orientation`, `spawntimesecs`, `spawndist`, `currentwaypoint`, `curhealth`, `curmana`, `MovementType`, `unit_flags`, `pool_id`, `patch_min`, `patch_max`) VALUES ('14357', '1', '1', NULL, '0', '-1681.5', '-4323.53', '2.83051', '4.81817', '275', '0', '0', '1651', '0', '0', '0', '0', '0', '10');
INSERT INTO creature_entry (`spawnID`, `entry`) VALUES ('14356', '6249');
-- Has LK modelid 4967 already in creature template, set to 0.
INSERT INTO creature (`spawnID`, `map`, `spawnMask`, `modelid`, `equipment_id`, `position_x`, `position_y`, `position_z`, `orientation`, `spawntimesecs`, `spawndist`, `currentwaypoint`, `curhealth`, `curmana`, `MovementType`, `unit_flags`, `pool_id`, `patch_min`, `patch_max`) VALUES ('14356', '1', '1', NULL, '0', '-1679.41', '-4323.77', '2.72724', '3.02319', '275', '0', '0', '1651', '0', '0', '0', '0', '0', '10');
INSERT INTO creature_entry (`spawnID`, `entry`) VALUES ('14355', '6249');
-- Has LK modelid 4967 already in creature template, set to 0.
INSERT INTO creature (`spawnID`, `map`, `spawnMask`, `modelid`, `equipment_id`, `position_x`, `position_y`, `position_z`, `orientation`, `spawntimesecs`, `spawndist`, `currentwaypoint`, `curhealth`, `curmana`, `MovementType`, `unit_flags`, `pool_id`, `patch_min`, `patch_max`) VALUES ('14355', '1', '1', NULL, '0', '-1685.71', '-4324.92', '3.38441', '4.33625', '275', '0', '0', '1651', '0', '0', '0', '0', '0', '10');
INSERT INTO creature_entry (`spawnID`, `entry`) VALUES ('14354', '6249');
-- Has LK modelid 4966 already in creature template, set to 0.
INSERT INTO creature (`spawnID`, `map`, `spawnMask`, `modelid`, `equipment_id`, `position_x`, `position_y`, `position_z`, `orientation`, `spawntimesecs`, `spawndist`, `currentwaypoint`, `curhealth`, `curmana`, `MovementType`, `unit_flags`, `pool_id`, `patch_min`, `patch_max`) VALUES ('14354', '1', '1', NULL, '0', '-1682.46', '-4321.78', '3.43824', '4.90589', '275', '0', '0', '1651', '0', '0', '0', '0', '0', '10');
INSERT INTO creature_entry (`spawnID`, `entry`) VALUES ('14353', '6249');
-- Has LK modelid 4966 already in creature template, set to 0.
INSERT INTO creature (`spawnID`, `map`, `spawnMask`, `modelid`, `equipment_id`, `position_x`, `position_y`, `position_z`, `orientation`, `spawntimesecs`, `spawndist`, `currentwaypoint`, `curhealth`, `curmana`, `MovementType`, `unit_flags`, `pool_id`, `patch_min`, `patch_max`) VALUES ('14353', '1', '1', NULL, '0', '-1687.6', '-4329.71', '4.64065', '1.04224', '275', '0', '0', '1651', '0', '0', '0', '0', '0', '10');
INSERT INTO creature_entry (`spawnID`, `entry`) VALUES ('14352', '6249');
-- Has LK modelid 4966 already in creature template, set to 0.
INSERT INTO creature (`spawnID`, `map`, `spawnMask`, `modelid`, `equipment_id`, `position_x`, `position_y`, `position_z`, `orientation`, `spawntimesecs`, `spawndist`, `currentwaypoint`, `curhealth`, `curmana`, `MovementType`, `unit_flags`, `pool_id`, `patch_min`, `patch_max`) VALUES ('14352', '1', '1', NULL, '0', '-1674.48', '-4332.89', '2.8208', '2.7649', '275', '0', '0', '1651', '0', '0', '0', '0', '0', '10');
INSERT INTO creature_entry (`spawnID`, `entry`) VALUES ('14351', '6249');
-- Has LK modelid 4962 already in creature template, set to 0.
INSERT INTO creature (`spawnID`, `map`, `spawnMask`, `modelid`, `equipment_id`, `position_x`, `position_y`, `position_z`, `orientation`, `spawntimesecs`, `spawndist`, `currentwaypoint`, `curhealth`, `curmana`, `MovementType`, `unit_flags`, `pool_id`, `patch_min`, `patch_max`) VALUES ('14351', '1', '1', NULL, '0', '-1679.18', '-4334.65', '2.82848', '1.92945', '275', '0', '0', '1651', '0', '0', '0', '0', '0', '10');


-- Importing creature spawn with guid 14363 with import type REPLACE_ALL


-- Importing creature spawn with guid 14362 with import type REPLACE_ALL


-- Importing creature spawn with guid 14361 with import type REPLACE_ALL


-- Importing creature spawn with guid 14360 with import type REPLACE_ALL


-- Importing creature spawn with guid 14359 with import type REPLACE_ALL


-- Importing creature spawn with guid 14358 with import type REPLACE_ALL


-- Importing creature spawn with guid 14357 with import type REPLACE_ALL


-- Importing creature spawn with guid 14356 with import type REPLACE_ALL


-- Importing creature spawn with guid 14355 with import type REPLACE_ALL


-- Importing creature spawn with guid 14354 with import type REPLACE_ALL


-- Importing creature spawn with guid 14353 with import type REPLACE_ALL


-- Importing creature spawn with guid 14352 with import type REPLACE_ALL


-- Importing creature spawn with guid 14351 with import type REPLACE_ALL


-- Importing creature spawn with guid 27600 with import type REPLACE_ALL
INSERT INTO creature_entry (`spawnID`, `entry`) VALUES ('27600', '21846');
INSERT INTO creature (`spawnID`, `map`, `spawnMask`, `modelid`, `equipment_id`, `position_x`, `position_y`, `position_z`, `orientation`, `spawntimesecs`, `spawndist`, `currentwaypoint`, `curhealth`, `curmana`, `MovementType`, `unit_flags`, `pool_id`, `patch_min`, `patch_max`) VALUES ('27600', '530', '1', NULL, '1', '-3692.8', '5344.53', '-13.85', '4.8579', '150', '0', '0', '6986', '0', '0', '0', '0', '0', '10');
INSERT INTO creature_entry (`spawnID`, `entry`) VALUES ('27599', '21846');
INSERT INTO creature (`spawnID`, `map`, `spawnMask`, `modelid`, `equipment_id`, `position_x`, `position_y`, `position_z`, `orientation`, `spawntimesecs`, `spawndist`, `currentwaypoint`, `curhealth`, `curmana`, `MovementType`, `unit_flags`, `pool_id`, `patch_min`, `patch_max`) VALUES ('27599', '530', '1', NULL, '1', '-3714.4', '5225.73', '-22.6', '4.8247', '150', '0', '0', '6986', '0', '0', '0', '0', '0', '10');
INSERT INTO creature_entry (`spawnID`, `entry`) VALUES ('27598', '21846');
INSERT INTO creature (`spawnID`, `map`, `spawnMask`, `modelid`, `equipment_id`, `position_x`, `position_y`, `position_z`, `orientation`, `spawntimesecs`, `spawndist`, `currentwaypoint`, `curhealth`, `curmana`, `MovementType`, `unit_flags`, `pool_id`, `patch_min`, `patch_max`) VALUES ('27598', '530', '1', NULL, '1', '-3714.4', '5290.53', '-18.75', '3.3858', '150', '0', '0', '6986', '0', '0', '0', '0', '0', '10');
INSERT INTO creature_entry (`spawnID`, `entry`) VALUES ('36904', '21846');
INSERT INTO creature (`spawnID`, `map`, `spawnMask`, `modelid`, `equipment_id`, `position_x`, `position_y`, `position_z`, `orientation`, `spawntimesecs`, `spawndist`, `currentwaypoint`, `curhealth`, `curmana`, `MovementType`, `unit_flags`, `pool_id`, `patch_min`, `patch_max`) VALUES ('36904', '530', '1', NULL, '1', '-3642.4', '5290.53', '-21.35', '1.1159', '150', '0', '0', '6986', '0', '0', '0', '0', '0', '10');
INSERT INTO spawn_group (`groupId`, `spawnType`, `spawnId`) VALUES ('2', '0', '36904');
INSERT INTO creature_entry (`spawnID`, `entry`) VALUES ('36907', '21846');
INSERT INTO creature (`spawnID`, `map`, `spawnMask`, `modelid`, `equipment_id`, `position_x`, `position_y`, `position_z`, `orientation`, `spawntimesecs`, `spawndist`, `currentwaypoint`, `curhealth`, `curmana`, `MovementType`, `unit_flags`, `pool_id`, `patch_min`, `patch_max`) VALUES ('36907', '530', '1', NULL, '1', '-3750.4', '5268.93', '-15.3', '0.4874', '150', '0', '0', '6986', '0', '0', '0', '0', '0', '10');
INSERT INTO spawn_group (`groupId`, `spawnType`, `spawnId`) VALUES ('2', '0', '36907');
INSERT INTO creature_entry (`spawnID`, `entry`) VALUES ('36924', '21846');
INSERT INTO creature (`spawnID`, `map`, `spawnMask`, `modelid`, `equipment_id`, `position_x`, `position_y`, `position_z`, `orientation`, `spawntimesecs`, `spawndist`, `currentwaypoint`, `curhealth`, `curmana`, `MovementType`, `unit_flags`, `pool_id`, `patch_min`, `patch_max`) VALUES ('36924', '530', '1', NULL, '1', '-3772', '5214.93', '-22.7', '2.7571', '150', '0', '0', '6986', '0', '0', '0', '0', '0', '10');
INSERT INTO spawn_group (`groupId`, `spawnType`, `spawnId`) VALUES ('2', '0', '36924');
INSERT INTO creature_entry (`spawnID`, `entry`) VALUES ('36938', '21846');
INSERT INTO creature (`spawnID`, `map`, `spawnMask`, `modelid`, `equipment_id`, `position_x`, `position_y`, `position_z`, `orientation`, `spawntimesecs`, `spawndist`, `currentwaypoint`, `curhealth`, `curmana`, `MovementType`, `unit_flags`, `pool_id`, `patch_min`, `patch_max`) VALUES ('36938', '530', '1', NULL, '1', '-3736', '5160.93', '-22.25', '2.7343', '150', '0', '0', '6986', '0', '0', '0', '0', '0', '10');
INSERT INTO spawn_group (`groupId`, `spawnType`, `spawnId`) VALUES ('2', '0', '36938');
INSERT INTO creature_entry (`spawnID`, `entry`) VALUES ('36942', '21846');
INSERT INTO creature (`spawnID`, `map`, `spawnMask`, `modelid`, `equipment_id`, `position_x`, `position_y`, `position_z`, `orientation`, `spawntimesecs`, `spawndist`, `currentwaypoint`, `curhealth`, `curmana`, `MovementType`, `unit_flags`, `pool_id`, `patch_min`, `patch_max`) VALUES ('36942', '530', '1', NULL, '1', '-3764.8', '5106.93', '-19.8', '0.6078', '150', '0', '0', '6986', '0', '0', '0', '0', '0', '10');
INSERT INTO spawn_group (`groupId`, `spawnType`, `spawnId`) VALUES ('2', '0', '36942');
DELETE ce, c1, c2, sg FROM creature_entry ce LEFT JOIN conditions c1 ON c1.ConditionTypeOrReference = 31 AND c1.ConditionValue1 = 3 AND c1.ConditionValue3 = 1068955 LEFT JOIN conditions c2 ON c2.SourceTypeOrReferenceId = 22 AND c2.SourceId = 0 AND c1.SourceEntry = -1068955 LEFT JOIN spawn_group sg ON sg.spawnId = 1068955 AND spawnType = 0 WHERE ce.spawnID = 1068955;
DELETE ce, c1, c2, sg FROM creature_entry ce LEFT JOIN conditions c1 ON c1.ConditionTypeOrReference = 31 AND c1.ConditionValue1 = 3 AND c1.ConditionValue3 = 1068957 LEFT JOIN conditions c2 ON c2.SourceTypeOrReferenceId = 22 AND c2.SourceId = 0 AND c1.SourceEntry = -1068957 LEFT JOIN spawn_group sg ON sg.spawnId = 1068957 AND spawnType = 0 WHERE ce.spawnID = 1068957;
DELETE ce, c1, c2, sg FROM creature_entry ce LEFT JOIN conditions c1 ON c1.ConditionTypeOrReference = 31 AND c1.ConditionValue1 = 3 AND c1.ConditionValue3 = 1069559 LEFT JOIN conditions c2 ON c2.SourceTypeOrReferenceId = 22 AND c2.SourceId = 0 AND c1.SourceEntry = -1069559 LEFT JOIN spawn_group sg ON sg.spawnId = 1069559 AND spawnType = 0 WHERE ce.spawnID = 1069559;
DELETE ce, c1, c2, sg FROM creature_entry ce LEFT JOIN conditions c1 ON c1.ConditionTypeOrReference = 31 AND c1.ConditionValue1 = 3 AND c1.ConditionValue3 = 1075589 LEFT JOIN conditions c2 ON c2.SourceTypeOrReferenceId = 22 AND c2.SourceId = 0 AND c1.SourceEntry = -1075589 LEFT JOIN spawn_group sg ON sg.spawnId = 1075589 AND spawnType = 0 WHERE ce.spawnID = 1075589;


-- Importing creature spawn with guid 27596 with import type REPLACE_ALL
INSERT INTO creature_entry (`spawnID`, `entry`) VALUES ('27596', '21859');
INSERT INTO creature (`spawnID`, `map`, `spawnMask`, `modelid`, `equipment_id`, `position_x`, `position_y`, `position_z`, `orientation`, `spawntimesecs`, `spawndist`, `currentwaypoint`, `curhealth`, `curmana`, `MovementType`, `unit_flags`, `pool_id`, `patch_min`, `patch_max`) VALUES ('27596', '530', '1', NULL, '1', '-3764.8', '5128.53', '-22.3', '3.0938', '150', '0', '0', '6986', '0', '0', '0', '0', '0', '10');
INSERT INTO creature_entry (`spawnID`, `entry`) VALUES ('27595', '21859');
INSERT INTO creature (`spawnID`, `map`, `spawnMask`, `modelid`, `equipment_id`, `position_x`, `position_y`, `position_z`, `orientation`, `spawntimesecs`, `spawndist`, `currentwaypoint`, `curhealth`, `curmana`, `MovementType`, `unit_flags`, `pool_id`, `patch_min`, `patch_max`) VALUES ('27595', '530', '1', NULL, '1', '-3750.4', '5171.73', '-22.15', '2.0036', '150', '0', '0', '6986', '0', '0', '0', '0', '0', '10');
INSERT INTO creature_entry (`spawnID`, `entry`) VALUES ('27594', '21859');
INSERT INTO creature (`spawnID`, `map`, `spawnMask`, `modelid`, `equipment_id`, `position_x`, `position_y`, `position_z`, `orientation`, `spawntimesecs`, `spawndist`, `currentwaypoint`, `curhealth`, `curmana`, `MovementType`, `unit_flags`, `pool_id`, `patch_min`, `patch_max`) VALUES ('27594', '530', '1', NULL, '1', '-3714.4', '5214.93', '-21', '4.2144', '150', '0', '0', '6986', '0', '0', '0', '0', '0', '10');
INSERT INTO creature_entry (`spawnID`, `entry`) VALUES ('27593', '21859');
INSERT INTO creature (`spawnID`, `map`, `spawnMask`, `modelid`, `equipment_id`, `position_x`, `position_y`, `position_z`, `orientation`, `spawntimesecs`, `spawndist`, `currentwaypoint`, `curhealth`, `curmana`, `MovementType`, `unit_flags`, `pool_id`, `patch_min`, `patch_max`) VALUES ('27593', '530', '1', NULL, '1', '-3779.2', '5225.73', '-22.75', '2.7725', '150', '0', '0', '6986', '0', '0', '0', '0', '0', '10');
INSERT INTO creature_entry (`spawnID`, `entry`) VALUES ('27592', '21859');
INSERT INTO creature (`spawnID`, `map`, `spawnMask`, `modelid`, `equipment_id`, `position_x`, `position_y`, `position_z`, `orientation`, `spawntimesecs`, `spawndist`, `currentwaypoint`, `curhealth`, `curmana`, `MovementType`, `unit_flags`, `pool_id`, `patch_min`, `patch_max`) VALUES ('27592', '530', '1', NULL, '1', '-3649.6', '5322.93', '-18.15', '5.343', '150', '0', '0', '6986', '0', '0', '0', '0', '0', '10');
INSERT INTO creature_entry (`spawnID`, `entry`) VALUES ('27591', '21859');
INSERT INTO creature (`spawnID`, `map`, `spawnMask`, `modelid`, `equipment_id`, `position_x`, `position_y`, `position_z`, `orientation`, `spawntimesecs`, `spawndist`, `currentwaypoint`, `curhealth`, `curmana`, `MovementType`, `unit_flags`, `pool_id`, `patch_min`, `patch_max`) VALUES ('27591', '530', '1', NULL, '1', '-3750.4', '5301.33', '-17.1', '3.665', '150', '0', '0', '6986', '0', '0', '0', '0', '0', '10');
INSERT INTO creature_entry (`spawnID`, `entry`) VALUES ('27590', '21859');
INSERT INTO creature (`spawnID`, `map`, `spawnMask`, `modelid`, `equipment_id`, `position_x`, `position_y`, `position_z`, `orientation`, `spawntimesecs`, `spawndist`, `currentwaypoint`, `curhealth`, `curmana`, `MovementType`, `unit_flags`, `pool_id`, `patch_min`, `patch_max`) VALUES ('27590', '530', '1', NULL, '1', '-3736', '5333.73', '-12.5', '2.1171', '150', '0', '0', '6986', '0', '0', '0', '0', '0', '10');
INSERT INTO creature_entry (`spawnID`, `entry`) VALUES ('27597', '21859');
INSERT INTO creature (`spawnID`, `map`, `spawnMask`, `modelid`, `equipment_id`, `position_x`, `position_y`, `position_z`, `orientation`, `spawntimesecs`, `spawndist`, `currentwaypoint`, `curhealth`, `curmana`, `MovementType`, `unit_flags`, `pool_id`, `patch_min`, `patch_max`) VALUES ('27597', '530', '1', NULL, '1', '-3750.4', '5085.33', '-18.4', '0.6098', '150', '0', '0', '6986', '0', '0', '0', '0', '0', '10');
DELETE ce, c1, c2, sg FROM creature_entry ce LEFT JOIN conditions c1 ON c1.ConditionTypeOrReference = 31 AND c1.ConditionValue1 = 3 AND c1.ConditionValue3 = 1031795 LEFT JOIN conditions c2 ON c2.SourceTypeOrReferenceId = 22 AND c2.SourceId = 0 AND c1.SourceEntry = -1031795 LEFT JOIN spawn_group sg ON sg.spawnId = 1031795 AND spawnType = 0 WHERE ce.spawnID = 1031795;
DELETE ce, c1, c2, sg FROM creature_entry ce LEFT JOIN conditions c1 ON c1.ConditionTypeOrReference = 31 AND c1.ConditionValue1 = 3 AND c1.ConditionValue3 = 1047975 LEFT JOIN conditions c2 ON c2.SourceTypeOrReferenceId = 22 AND c2.SourceId = 0 AND c1.SourceEntry = -1047975 LEFT JOIN spawn_group sg ON sg.spawnId = 1047975 AND spawnType = 0 WHERE ce.spawnID = 1047975;
DELETE ce, c1, c2, sg FROM creature_entry ce LEFT JOIN conditions c1 ON c1.ConditionTypeOrReference = 31 AND c1.ConditionValue1 = 3 AND c1.ConditionValue3 = 1066022 LEFT JOIN conditions c2 ON c2.SourceTypeOrReferenceId = 22 AND c2.SourceId = 0 AND c1.SourceEntry = -1066022 LEFT JOIN spawn_group sg ON sg.spawnId = 1066022 AND spawnType = 0 WHERE ce.spawnID = 1066022;
DELETE ce, c1, c2, sg FROM creature_entry ce LEFT JOIN conditions c1 ON c1.ConditionTypeOrReference = 31 AND c1.ConditionValue1 = 3 AND c1.ConditionValue3 = 1066024 LEFT JOIN conditions c2 ON c2.SourceTypeOrReferenceId = 22 AND c2.SourceId = 0 AND c1.SourceEntry = -1066024 LEFT JOIN spawn_group sg ON sg.spawnId = 1066024 AND spawnType = 0 WHERE ce.spawnID = 1066024;
DELETE ce, c1, c2, sg FROM creature_entry ce LEFT JOIN conditions c1 ON c1.ConditionTypeOrReference = 31 AND c1.ConditionValue1 = 3 AND c1.ConditionValue3 = 1075651 LEFT JOIN conditions c2 ON c2.SourceTypeOrReferenceId = 22 AND c2.SourceId = 0 AND c1.SourceEntry = -1075651 LEFT JOIN spawn_group sg ON sg.spawnId = 1075651 AND spawnType = 0 WHERE ce.spawnID = 1075651;
DELETE ce, c1, c2, sg FROM creature_entry ce LEFT JOIN conditions c1 ON c1.ConditionTypeOrReference = 31 AND c1.ConditionValue1 = 3 AND c1.ConditionValue3 = 1075652 LEFT JOIN conditions c2 ON c2.SourceTypeOrReferenceId = 22 AND c2.SourceId = 0 AND c1.SourceEntry = -1075652 LEFT JOIN spawn_group sg ON sg.spawnId = 1075652 AND spawnType = 0 WHERE ce.spawnID = 1075652;
DELETE ce, c1, c2, sg FROM creature_entry ce LEFT JOIN conditions c1 ON c1.ConditionTypeOrReference = 31 AND c1.ConditionValue1 = 3 AND c1.ConditionValue3 = 1075653 LEFT JOIN conditions c2 ON c2.SourceTypeOrReferenceId = 22 AND c2.SourceId = 0 AND c1.SourceEntry = -1075653 LEFT JOIN spawn_group sg ON sg.spawnId = 1075653 AND spawnType = 0 WHERE ce.spawnID = 1075653;


-- Importing creature spawn with guid 27595 with import type REPLACE_ALL


-- Importing creature spawn with guid 27594 with import type REPLACE_ALL


-- Importing creature spawn with guid 27593 with import type REPLACE_ALL


-- Importing creature spawn with guid 63521 with import type REPLACE_ALL


-- Importing creature spawn with guid 68513 with import type REPLACE_ALL


-- Importing creature spawn with guid 5535 with import type REPLACE_ALL
INSERT INTO creature_entry (`spawnID`, `entry`) VALUES ('5535', '9698');
-- Has LK modelid 10985 already in creature template, set to 0.
INSERT INTO creature (`spawnID`, `map`, `spawnMask`, `modelid`, `equipment_id`, `position_x`, `position_y`, `position_z`, `orientation`, `spawntimesecs`, `spawndist`, `currentwaypoint`, `curhealth`, `curmana`, `MovementType`, `unit_flags`, `pool_id`, `patch_min`, `patch_max`) VALUES ('5535', '0', '1', NULL, '0', '-8210.74', '-1048.11', '143.117', '0.384131', '500', '10', '0', '3644', '0', '1', '0', '0', '0', '10');
INSERT INTO creature_entry (`spawnID`, `entry`) VALUES ('5208', '9698');
-- Has LK modelid 10985 already in creature template, set to 0.
INSERT INTO creature (`spawnID`, `map`, `spawnMask`, `modelid`, `equipment_id`, `position_x`, `position_y`, `position_z`, `orientation`, `spawntimesecs`, `spawndist`, `currentwaypoint`, `curhealth`, `curmana`, `MovementType`, `unit_flags`, `pool_id`, `patch_min`, `patch_max`) VALUES ('5208', '0', '1', NULL, '0', '-8220.08', '-1015.91', '145.968', '1.22371', '500', '10', '0', '3644', '0', '1', '0', '0', '0', '10');


-- Importing creature spawn with guid 63522 with import type REPLACE_ALL


-- Importing creature spawn with guid 5466 with import type REPLACE_ALL


-- Importing creature spawn with guid 84084 with import type REPLACE_ALL
INSERT INTO creature_entry (`spawnID`, `entry`) VALUES ('137662', '15303');
INSERT INTO creature (`spawnID`, `map`, `spawnMask`, `modelid`, `equipment_id`, `position_x`, `position_y`, `position_z`, `orientation`, `spawntimesecs`, `spawndist`, `currentwaypoint`, `curhealth`, `curmana`, `MovementType`, `unit_flags`, `pool_id`, `patch_min`, `patch_max`) VALUES ('137662', '1', '1', NULL, '1', '-1319.51', '86.0894', '129.79', '6.14356', '120', '0', '0', '1', '0', '0', '0', '0', '0', '10');
INSERT INTO game_event_creature (`event`, `guid`) VALUES ('5', '137662');


-- Importing creature spawn with guid 43680 with import type REPLACE_ALL
INSERT INTO creature_entry (`spawnID`, `entry`) VALUES ('137661', '14869');
INSERT INTO creature (`spawnID`, `map`, `spawnMask`, `modelid`, `equipment_id`, `position_x`, `position_y`, `position_z`, `orientation`, `spawntimesecs`, `spawndist`, `currentwaypoint`, `curhealth`, `curmana`, `MovementType`, `unit_flags`, `pool_id`, `patch_min`, `patch_max`) VALUES ('137661', '1', '1', NULL, '0', '-1636.59', '106.192', '-17.8232', '5.16561', '120', '5', '0', '1', '0', '1', '0', '0', '0', '10');
INSERT INTO game_event_creature (`event`, `guid`) VALUES ('5', '137661');
INSERT INTO creature_entry (`spawnID`, `entry`) VALUES ('137659', '14869');
INSERT INTO creature (`spawnID`, `map`, `spawnMask`, `modelid`, `equipment_id`, `position_x`, `position_y`, `position_z`, `orientation`, `spawntimesecs`, `spawndist`, `currentwaypoint`, `curhealth`, `curmana`, `MovementType`, `unit_flags`, `pool_id`, `patch_min`, `patch_max`) VALUES ('137659', '1', '1', NULL, '0', '-1623.69', '111.386', '-17.8232', '1.23863', '120', '5', '0', '1', '0', '1', '0', '0', '0', '10');
INSERT INTO game_event_creature (`event`, `guid`) VALUES ('5', '137659');
INSERT INTO creature_entry (`spawnID`, `entry`) VALUES ('137658', '14869');
INSERT INTO creature (`spawnID`, `map`, `spawnMask`, `modelid`, `equipment_id`, `position_x`, `position_y`, `position_z`, `orientation`, `spawntimesecs`, `spawndist`, `currentwaypoint`, `curhealth`, `curmana`, `MovementType`, `unit_flags`, `pool_id`, `patch_min`, `patch_max`) VALUES ('137658', '1', '1', NULL, '0', '-1623.37', '92.5416', '-17.8232', '5.51952', '120', '5', '0', '1', '0', '1', '0', '0', '0', '10');
INSERT INTO game_event_creature (`event`, `guid`) VALUES ('5', '137658');
DELETE ce, c1, c2, sg FROM creature_entry ce LEFT JOIN conditions c1 ON c1.ConditionTypeOrReference = 31 AND c1.ConditionValue1 = 3 AND c1.ConditionValue3 = 1053866 LEFT JOIN conditions c2 ON c2.SourceTypeOrReferenceId = 22 AND c2.SourceId = 0 AND c1.SourceEntry = -1053866 LEFT JOIN spawn_group sg ON sg.spawnId = 1053866 AND spawnType = 0 WHERE ce.spawnID = 1053866;


-- Importing creature spawn with guid 43675 with import type REPLACE_ALL
INSERT INTO creature_entry (`spawnID`, `entry`) VALUES ('137664', '10445');
INSERT INTO creature (`spawnID`, `map`, `spawnMask`, `modelid`, `equipment_id`, `position_x`, `position_y`, `position_z`, `orientation`, `spawntimesecs`, `spawndist`, `currentwaypoint`, `curhealth`, `curmana`, `MovementType`, `unit_flags`, `pool_id`, `patch_min`, `patch_max`) VALUES ('137664', '1', '1', NULL, '0', '-1562.91', '152.304', '-7.70948', '4.03171', '120', '0', '0', '1', '0', '0', '0', '0', '0', '10');
INSERT INTO game_event_creature (`event`, `guid`) VALUES ('5', '137664');


-- Importing creature spawn with guid 43674 with import type REPLACE_ALL


-- Importing creature spawn with guid 19350 with import type REPLACE_ALL
INSERT INTO creature_entry (`spawnID`, `entry`) VALUES ('94122', '23971');
INSERT INTO creature (`spawnID`, `map`, `spawnMask`, `modelid`, `equipment_id`, `position_x`, `position_y`, `position_z`, `orientation`, `spawntimesecs`, `spawndist`, `currentwaypoint`, `curhealth`, `curmana`, `MovementType`, `unit_flags`, `pool_id`, `patch_min`, `patch_max`) VALUES ('94122', '1', '1', NULL, '0', '356.938', '-4739.97', '9.74088', '4.39618', '300', '0', '0', '42', '0', '0', '0', '0', '0', '10');
INSERT INTO game_event_creature (`event`, `guid`) VALUES ('12', '94122');
INSERT INTO creature_entry (`spawnID`, `entry`) VALUES ('94167', '23971');
INSERT INTO creature (`spawnID`, `map`, `spawnMask`, `modelid`, `equipment_id`, `position_x`, `position_y`, `position_z`, `orientation`, `spawntimesecs`, `spawndist`, `currentwaypoint`, `curhealth`, `curmana`, `MovementType`, `unit_flags`, `pool_id`, `patch_min`, `patch_max`) VALUES ('94167', '1', '1', NULL, '0', '358.325', '-4741.16', '9.68917', '3.57544', '300', '0', '0', '71', '0', '0', '0', '0', '0', '10');
INSERT INTO game_event_creature (`event`, `guid`) VALUES ('12', '94167');
INSERT INTO creature_entry (`spawnID`, `entry`) VALUES ('94168', '23971');
INSERT INTO creature (`spawnID`, `map`, `spawnMask`, `modelid`, `equipment_id`, `position_x`, `position_y`, `position_z`, `orientation`, `spawntimesecs`, `spawndist`, `currentwaypoint`, `curhealth`, `curmana`, `MovementType`, `unit_flags`, `pool_id`, `patch_min`, `patch_max`) VALUES ('94168', '1', '1', NULL, '0', '355.094', '-4740.15', '9.83298', '5.26763', '300', '0', '0', '42', '0', '0', '0', '0', '0', '10');
INSERT INTO game_event_creature (`event`, `guid`) VALUES ('12', '94168');
INSERT INTO creature_entry (`spawnID`, `entry`) VALUES ('94178', '23971');
INSERT INTO creature (`spawnID`, `map`, `spawnMask`, `modelid`, `equipment_id`, `position_x`, `position_y`, `position_z`, `orientation`, `spawntimesecs`, `spawndist`, `currentwaypoint`, `curhealth`, `curmana`, `MovementType`, `unit_flags`, `pool_id`, `patch_min`, `patch_max`) VALUES ('94178', '1', '1', NULL, '0', '358.327', '-4742.84', '9.64674', '3.05708', '300', '0', '0', '55', '0', '0', '0', '0', '0', '10');
INSERT INTO game_event_creature (`event`, `guid`) VALUES ('12', '94178');


-- Importing creature spawn with guid 5213 with import type REPLACE_ALL


-- Importing creature spawn with guid 5210 with import type REPLACE_ALL


-- Importing creature spawn with guid 5209 with import type REPLACE_ALL


-- Importing creature spawn with guid 5208 with import type REPLACE_ALL


-- Importing creature spawn with guid 5207 with import type REPLACE_ALL
INSERT INTO creature_entry (`spawnID`, `entry`) VALUES ('3322', '9697');
-- Has LK modelid 9370 already in creature template, set to 0.
INSERT INTO creature (`spawnID`, `map`, `spawnMask`, `modelid`, `equipment_id`, `position_x`, `position_y`, `position_z`, `orientation`, `spawntimesecs`, `spawndist`, `currentwaypoint`, `curhealth`, `curmana`, `MovementType`, `unit_flags`, `pool_id`, `patch_min`, `patch_max`) VALUES ('3322', '0', '1', NULL, '0', '-8256.4', '-1042.67', '147.307', '2.0834', '500', '5', '0', '3529', '0', '1', '0', '0', '0', '10');
INSERT INTO spawn_group (`groupId`, `spawnType`, `spawnId`) VALUES ('2', '0', '3322');


-- Importing creature spawn with guid 145182 with import type REPLACE_ALL
INSERT INTO creature_entry (`spawnID`, `entry`) VALUES ('145182', '21795');
INSERT INTO creature (`spawnID`, `map`, `spawnMask`, `modelid`, `equipment_id`, `position_x`, `position_y`, `position_z`, `orientation`, `spawntimesecs`, `spawndist`, `currentwaypoint`, `curhealth`, `curmana`, `MovementType`, `unit_flags`, `pool_id`, `patch_min`, `patch_max`) VALUES ('145182', '530', '1', NULL, '0', '-4092.31', '2185.57', '100.281', '0.102741', '120', '5', '0', '0', '0', '1', '0', '0', '0', '10');
INSERT INTO spawn_group (`groupId`, `spawnType`, `spawnId`) VALUES ('2', '0', '145182');
INSERT INTO creature_entry (`spawnID`, `entry`) VALUES ('145181', '21795');
INSERT INTO creature (`spawnID`, `map`, `spawnMask`, `modelid`, `equipment_id`, `position_x`, `position_y`, `position_z`, `orientation`, `spawntimesecs`, `spawndist`, `currentwaypoint`, `curhealth`, `curmana`, `MovementType`, `unit_flags`, `pool_id`, `patch_min`, `patch_max`) VALUES ('145181', '530', '1', NULL, '0', '-4080.44', '2179.82', '100.28', '5.45074', '120', '5', '0', '0', '0', '1', '0', '0', '0', '10');
INSERT INTO spawn_group (`groupId`, `spawnType`, `spawnId`) VALUES ('2', '0', '145181');
INSERT INTO creature_entry (`spawnID`, `entry`) VALUES ('145180', '21795');
INSERT INTO creature (`spawnID`, `map`, `spawnMask`, `modelid`, `equipment_id`, `position_x`, `position_y`, `position_z`, `orientation`, `spawntimesecs`, `spawndist`, `currentwaypoint`, `curhealth`, `curmana`, `MovementType`, `unit_flags`, `pool_id`, `patch_min`, `patch_max`) VALUES ('145180', '530', '1', NULL, '0', '-4089.12', '2203.61', '97.2245', '5.80531', '120', '5', '0', '0', '0', '1', '0', '0', '0', '10');
INSERT INTO spawn_group (`groupId`, `spawnType`, `spawnId`) VALUES ('2', '0', '145180');
INSERT INTO creature_entry (`spawnID`, `entry`) VALUES ('145179', '21795');
INSERT INTO creature (`spawnID`, `map`, `spawnMask`, `modelid`, `equipment_id`, `position_x`, `position_y`, `position_z`, `orientation`, `spawntimesecs`, `spawndist`, `currentwaypoint`, `curhealth`, `curmana`, `MovementType`, `unit_flags`, `pool_id`, `patch_min`, `patch_max`) VALUES ('145179', '530', '1', NULL, '0', '-4087.52', '2167.49', '111.391', '5.24186', '120', '5', '0', '0', '0', '1', '0', '0', '0', '10');
INSERT INTO spawn_group (`groupId`, `spawnType`, `spawnId`) VALUES ('2', '0', '145179');
INSERT INTO creature_entry (`spawnID`, `entry`) VALUES ('145178', '21795');
INSERT INTO creature (`spawnID`, `map`, `spawnMask`, `modelid`, `equipment_id`, `position_x`, `position_y`, `position_z`, `orientation`, `spawntimesecs`, `spawndist`, `currentwaypoint`, `curhealth`, `curmana`, `MovementType`, `unit_flags`, `pool_id`, `patch_min`, `patch_max`) VALUES ('145178', '530', '1', NULL, '0', '-4054.95', '2124.54', '137.258', '2.75094', '120', '5', '0', '0', '0', '1', '0', '0', '0', '10');
INSERT INTO spawn_group (`groupId`, `spawnType`, `spawnId`) VALUES ('2', '0', '145178');
INSERT INTO creature_entry (`spawnID`, `entry`) VALUES ('145177', '21795');
INSERT INTO creature (`spawnID`, `map`, `spawnMask`, `modelid`, `equipment_id`, `position_x`, `position_y`, `position_z`, `orientation`, `spawntimesecs`, `spawndist`, `currentwaypoint`, `curhealth`, `curmana`, `MovementType`, `unit_flags`, `pool_id`, `patch_min`, `patch_max`) VALUES ('145177', '530', '1', NULL, '0', '-4075.33', '2180.25', '107.507', '3.18323', '120', '5', '0', '0', '0', '1', '0', '0', '0', '10');
INSERT INTO spawn_group (`groupId`, `spawnType`, `spawnId`) VALUES ('2', '0', '145177');
INSERT INTO creature_entry (`spawnID`, `entry`) VALUES ('145176', '21795');
INSERT INTO creature (`spawnID`, `map`, `spawnMask`, `modelid`, `equipment_id`, `position_x`, `position_y`, `position_z`, `orientation`, `spawntimesecs`, `spawndist`, `currentwaypoint`, `curhealth`, `curmana`, `MovementType`, `unit_flags`, `pool_id`, `patch_min`, `patch_max`) VALUES ('145176', '530', '1', NULL, '0', '-4070.06', '2227.37', '113.436', '3.75957', '120', '5', '0', '0', '0', '1', '0', '0', '0', '10');
INSERT INTO spawn_group (`groupId`, `spawnType`, `spawnId`) VALUES ('2', '0', '145176');
INSERT INTO creature_entry (`spawnID`, `entry`) VALUES ('145175', '21795');
INSERT INTO creature (`spawnID`, `map`, `spawnMask`, `modelid`, `equipment_id`, `position_x`, `position_y`, `position_z`, `orientation`, `spawntimesecs`, `spawndist`, `currentwaypoint`, `curhealth`, `curmana`, `MovementType`, `unit_flags`, `pool_id`, `patch_min`, `patch_max`) VALUES ('145175', '530', '1', NULL, '0', '-3988.52', '2153.72', '104.368', '6.00188', '120', '5', '0', '0', '0', '1', '0', '0', '0', '10');
INSERT INTO spawn_group (`groupId`, `spawnType`, `spawnId`) VALUES ('2', '0', '145175');
INSERT INTO creature_entry (`spawnID`, `entry`) VALUES ('145174', '21795');
INSERT INTO creature (`spawnID`, `map`, `spawnMask`, `modelid`, `equipment_id`, `position_x`, `position_y`, `position_z`, `orientation`, `spawntimesecs`, `spawndist`, `currentwaypoint`, `curhealth`, `curmana`, `MovementType`, `unit_flags`, `pool_id`, `patch_min`, `patch_max`) VALUES ('145174', '530', '1', NULL, '0', '-3973.46', '2119.74', '103.786', '2.86664', '120', '5', '0', '0', '0', '1', '0', '0', '0', '10');
INSERT INTO spawn_group (`groupId`, `spawnType`, `spawnId`) VALUES ('2', '0', '145174');
INSERT INTO creature_entry (`spawnID`, `entry`) VALUES ('145173', '21795');
INSERT INTO creature (`spawnID`, `map`, `spawnMask`, `modelid`, `equipment_id`, `position_x`, `position_y`, `position_z`, `orientation`, `spawntimesecs`, `spawndist`, `currentwaypoint`, `curhealth`, `curmana`, `MovementType`, `unit_flags`, `pool_id`, `patch_min`, `patch_max`) VALUES ('145173', '530', '1', NULL, '0', '-3939.61', '2223.24', '101.916', '3.89104', '120', '5', '0', '0', '0', '1', '0', '0', '0', '10');
INSERT INTO spawn_group (`groupId`, `spawnType`, `spawnId`) VALUES ('2', '0', '145173');
INSERT INTO creature_entry (`spawnID`, `entry`) VALUES ('145170', '21795');
INSERT INTO creature (`spawnID`, `map`, `spawnMask`, `modelid`, `equipment_id`, `position_x`, `position_y`, `position_z`, `orientation`, `spawntimesecs`, `spawndist`, `currentwaypoint`, `curhealth`, `curmana`, `MovementType`, `unit_flags`, `pool_id`, `patch_min`, `patch_max`) VALUES ('145170', '530', '1', NULL, '0', '-4006.48', '2120.42', '115.642', '1.27439', '120', '5', '0', '0', '0', '1', '0', '0', '0', '10');
INSERT INTO spawn_group (`groupId`, `spawnType`, `spawnId`) VALUES ('2', '0', '145170');
INSERT INTO creature_entry (`spawnID`, `entry`) VALUES ('145169', '21795');
INSERT INTO creature (`spawnID`, `map`, `spawnMask`, `modelid`, `equipment_id`, `position_x`, `position_y`, `position_z`, `orientation`, `spawntimesecs`, `spawndist`, `currentwaypoint`, `curhealth`, `curmana`, `MovementType`, `unit_flags`, `pool_id`, `patch_min`, `patch_max`) VALUES ('145169', '530', '1', NULL, '0', '-4019.45', '2140.29', '104.274', '0.12887', '120', '5', '0', '0', '0', '1', '0', '0', '0', '10');
INSERT INTO spawn_group (`groupId`, `spawnType`, `spawnId`) VALUES ('2', '0', '145169');
INSERT INTO creature_entry (`spawnID`, `entry`) VALUES ('145167', '21795');
INSERT INTO creature (`spawnID`, `map`, `spawnMask`, `modelid`, `equipment_id`, `position_x`, `position_y`, `position_z`, `orientation`, `spawntimesecs`, `spawndist`, `currentwaypoint`, `curhealth`, `curmana`, `MovementType`, `unit_flags`, `pool_id`, `patch_min`, `patch_max`) VALUES ('145167', '530', '1', NULL, '0', '-3984.74', '2197.15', '102.021', '4.5442', '120', '5', '0', '0', '0', '1', '0', '0', '0', '10');
INSERT INTO spawn_group (`groupId`, `spawnType`, `spawnId`) VALUES ('2', '0', '145167');
INSERT INTO creature_entry (`spawnID`, `entry`) VALUES ('145166', '21795');
INSERT INTO creature (`spawnID`, `map`, `spawnMask`, `modelid`, `equipment_id`, `position_x`, `position_y`, `position_z`, `orientation`, `spawntimesecs`, `spawndist`, `currentwaypoint`, `curhealth`, `curmana`, `MovementType`, `unit_flags`, `pool_id`, `patch_min`, `patch_max`) VALUES ('145166', '530', '1', NULL, '0', '-4042.55', '2183.73', '109.324', '3.00956', '120', '5', '0', '0', '0', '1', '0', '0', '0', '10');
INSERT INTO spawn_group (`groupId`, `spawnType`, `spawnId`) VALUES ('2', '0', '145166');
INSERT INTO creature_entry (`spawnID`, `entry`) VALUES ('145164', '21795');
INSERT INTO creature (`spawnID`, `map`, `spawnMask`, `modelid`, `equipment_id`, `position_x`, `position_y`, `position_z`, `orientation`, `spawntimesecs`, `spawndist`, `currentwaypoint`, `curhealth`, `curmana`, `MovementType`, `unit_flags`, `pool_id`, `patch_min`, `patch_max`) VALUES ('145164', '530', '1', NULL, '0', '-4030.97', '2168.76', '107.498', '2.48021', '120', '5', '0', '0', '0', '1', '0', '0', '0', '10');
INSERT INTO spawn_group (`groupId`, `spawnType`, `spawnId`) VALUES ('2', '0', '145164');
INSERT INTO creature_entry (`spawnID`, `entry`) VALUES ('145163', '21795');
INSERT INTO creature (`spawnID`, `map`, `spawnMask`, `modelid`, `equipment_id`, `position_x`, `position_y`, `position_z`, `orientation`, `spawntimesecs`, `spawndist`, `currentwaypoint`, `curhealth`, `curmana`, `MovementType`, `unit_flags`, `pool_id`, `patch_min`, `patch_max`) VALUES ('145163', '530', '1', NULL, '0', '-4023.83', '2206.56', '109.613', '4.89511', '120', '5', '0', '0', '0', '1', '0', '0', '0', '10');
INSERT INTO spawn_group (`groupId`, `spawnType`, `spawnId`) VALUES ('2', '0', '145163');
INSERT INTO creature_entry (`spawnID`, `entry`) VALUES ('145162', '21795');
INSERT INTO creature (`spawnID`, `map`, `spawnMask`, `modelid`, `equipment_id`, `position_x`, `position_y`, `position_z`, `orientation`, `spawntimesecs`, `spawndist`, `currentwaypoint`, `curhealth`, `curmana`, `MovementType`, `unit_flags`, `pool_id`, `patch_min`, `patch_max`) VALUES ('145162', '530', '1', NULL, '0', '-4037.24', '2260.58', '113.436', '3.5118', '120', '5', '0', '0', '0', '1', '0', '0', '0', '10');
INSERT INTO spawn_group (`groupId`, `spawnType`, `spawnId`) VALUES ('2', '0', '145162');
INSERT INTO creature_entry (`spawnID`, `entry`) VALUES ('145161', '21795');
INSERT INTO creature (`spawnID`, `map`, `spawnMask`, `modelid`, `equipment_id`, `position_x`, `position_y`, `position_z`, `orientation`, `spawntimesecs`, `spawndist`, `currentwaypoint`, `curhealth`, `curmana`, `MovementType`, `unit_flags`, `pool_id`, `patch_min`, `patch_max`) VALUES ('145161', '530', '1', NULL, '0', '-3943.11', '2193.9', '102.129', '3.36857', '120', '5', '0', '0', '0', '1', '0', '0', '0', '10');
INSERT INTO spawn_group (`groupId`, `spawnType`, `spawnId`) VALUES ('2', '0', '145161');
INSERT INTO creature_entry (`spawnID`, `entry`) VALUES ('145160', '21795');
INSERT INTO creature (`spawnID`, `map`, `spawnMask`, `modelid`, `equipment_id`, `position_x`, `position_y`, `position_z`, `orientation`, `spawntimesecs`, `spawndist`, `currentwaypoint`, `curhealth`, `curmana`, `MovementType`, `unit_flags`, `pool_id`, `patch_min`, `patch_max`) VALUES ('145160', '530', '1', NULL, '0', '-3942.65', '2125.49', '96.9663', '5.35796', '120', '5', '0', '0', '0', '1', '0', '0', '0', '10');
INSERT INTO spawn_group (`groupId`, `spawnType`, `spawnId`) VALUES ('2', '0', '145160');
INSERT INTO creature_entry (`spawnID`, `entry`) VALUES ('145183', '21795');
INSERT INTO creature (`spawnID`, `map`, `spawnMask`, `modelid`, `equipment_id`, `position_x`, `position_y`, `position_z`, `orientation`, `spawntimesecs`, `spawndist`, `currentwaypoint`, `curhealth`, `curmana`, `MovementType`, `unit_flags`, `pool_id`, `patch_min`, `patch_max`) VALUES ('145183', '530', '1', NULL, '0', '-4092.91', '2184.13', '106.947', '5.60627', '120', '5', '0', '0', '0', '1', '0', '0', '0', '10');
INSERT INTO spawn_group (`groupId`, `spawnType`, `spawnId`) VALUES ('2', '0', '145183');
INSERT INTO creature_entry (`spawnID`, `entry`) VALUES ('145184', '21795');
INSERT INTO creature (`spawnID`, `map`, `spawnMask`, `modelid`, `equipment_id`, `position_x`, `position_y`, `position_z`, `orientation`, `spawntimesecs`, `spawndist`, `currentwaypoint`, `curhealth`, `curmana`, `MovementType`, `unit_flags`, `pool_id`, `patch_min`, `patch_max`) VALUES ('145184', '530', '1', NULL, '0', '-3918.48', '2046.92', '95.2848', '6.05165', '120', '5', '0', '0', '0', '1', '0', '0', '0', '10');
INSERT INTO spawn_group (`groupId`, `spawnType`, `spawnId`) VALUES ('2', '0', '145184');
INSERT INTO creature_entry (`spawnID`, `entry`) VALUES ('145185', '21795');
INSERT INTO creature (`spawnID`, `map`, `spawnMask`, `modelid`, `equipment_id`, `position_x`, `position_y`, `position_z`, `orientation`, `spawntimesecs`, `spawndist`, `currentwaypoint`, `curhealth`, `curmana`, `MovementType`, `unit_flags`, `pool_id`, `patch_min`, `patch_max`) VALUES ('145185', '530', '1', NULL, '0', '-3913.85', '2107.11', '96.7288', '4.46708', '120', '5', '0', '0', '0', '1', '0', '0', '0', '10');
INSERT INTO spawn_group (`groupId`, `spawnType`, `spawnId`) VALUES ('2', '0', '145185');
INSERT INTO creature_entry (`spawnID`, `entry`) VALUES ('145186', '21795');
INSERT INTO creature (`spawnID`, `map`, `spawnMask`, `modelid`, `equipment_id`, `position_x`, `position_y`, `position_z`, `orientation`, `spawntimesecs`, `spawndist`, `currentwaypoint`, `curhealth`, `curmana`, `MovementType`, `unit_flags`, `pool_id`, `patch_min`, `patch_max`) VALUES ('145186', '530', '1', NULL, '0', '-3947.83', '2040.74', '95.1048', '1.19922', '120', '5', '0', '0', '0', '1', '0', '0', '0', '10');
INSERT INTO spawn_group (`groupId`, `spawnType`, `spawnId`) VALUES ('2', '0', '145186');
INSERT INTO creature_entry (`spawnID`, `entry`) VALUES ('145187', '21795');
INSERT INTO creature (`spawnID`, `map`, `spawnMask`, `modelid`, `equipment_id`, `position_x`, `position_y`, `position_z`, `orientation`, `spawntimesecs`, `spawndist`, `currentwaypoint`, `curhealth`, `curmana`, `MovementType`, `unit_flags`, `pool_id`, `patch_min`, `patch_max`) VALUES ('145187', '530', '1', NULL, '0', '-3915.87', '2102.72', '96.1286', '1.25811', '120', '5', '0', '0', '0', '1', '0', '0', '0', '10');
INSERT INTO spawn_group (`groupId`, `spawnType`, `spawnId`) VALUES ('2', '0', '145187');
INSERT INTO creature_entry (`spawnID`, `entry`) VALUES ('145188', '21795');
INSERT INTO creature (`spawnID`, `map`, `spawnMask`, `modelid`, `equipment_id`, `position_x`, `position_y`, `position_z`, `orientation`, `spawntimesecs`, `spawndist`, `currentwaypoint`, `curhealth`, `curmana`, `MovementType`, `unit_flags`, `pool_id`, `patch_min`, `patch_max`) VALUES ('145188', '530', '1', NULL, '0', '-3839.46', '2121.8', '94.5319', '4.8594', '120', '5', '0', '0', '0', '1', '0', '0', '0', '10');
INSERT INTO spawn_group (`groupId`, `spawnType`, `spawnId`) VALUES ('2', '0', '145188');
INSERT INTO creature_entry (`spawnID`, `entry`) VALUES ('145189', '21795');
INSERT INTO creature (`spawnID`, `map`, `spawnMask`, `modelid`, `equipment_id`, `position_x`, `position_y`, `position_z`, `orientation`, `spawntimesecs`, `spawndist`, `currentwaypoint`, `curhealth`, `curmana`, `MovementType`, `unit_flags`, `pool_id`, `patch_min`, `patch_max`) VALUES ('145189', '530', '1', NULL, '0', '-3862.72', '2217.16', '95.1391', '3.99911', '120', '5', '0', '0', '0', '1', '0', '0', '0', '10');
INSERT INTO spawn_group (`groupId`, `spawnType`, `spawnId`) VALUES ('2', '0', '145189');
INSERT INTO creature_entry (`spawnID`, `entry`) VALUES ('145190', '21795');
INSERT INTO creature (`spawnID`, `map`, `spawnMask`, `modelid`, `equipment_id`, `position_x`, `position_y`, `position_z`, `orientation`, `spawntimesecs`, `spawndist`, `currentwaypoint`, `curhealth`, `curmana`, `MovementType`, `unit_flags`, `pool_id`, `patch_min`, `patch_max`) VALUES ('145190', '530', '1', NULL, '0', '-3849.67', '2175.31', '95.5862', '3.91376', '120', '5', '0', '0', '0', '1', '0', '0', '0', '10');
INSERT INTO spawn_group (`groupId`, `spawnType`, `spawnId`) VALUES ('2', '0', '145190');
INSERT INTO creature_entry (`spawnID`, `entry`) VALUES ('145192', '21795');
INSERT INTO creature (`spawnID`, `map`, `spawnMask`, `modelid`, `equipment_id`, `position_x`, `position_y`, `position_z`, `orientation`, `spawntimesecs`, `spawndist`, `currentwaypoint`, `curhealth`, `curmana`, `MovementType`, `unit_flags`, `pool_id`, `patch_min`, `patch_max`) VALUES ('145192', '530', '1', NULL, '0', '-4066.03', '2258.55', '94.8257', '1.57114', '120', '5', '0', '0', '0', '1', '0', '0', '0', '10');
INSERT INTO spawn_group (`groupId`, `spawnType`, `spawnId`) VALUES ('2', '0', '145192');
INSERT INTO creature_entry (`spawnID`, `entry`) VALUES ('145193', '21795');
INSERT INTO creature (`spawnID`, `map`, `spawnMask`, `modelid`, `equipment_id`, `position_x`, `position_y`, `position_z`, `orientation`, `spawntimesecs`, `spawndist`, `currentwaypoint`, `curhealth`, `curmana`, `MovementType`, `unit_flags`, `pool_id`, `patch_min`, `patch_max`) VALUES ('145193', '530', '1', NULL, '0', '-4054.63', '2277.05', '121.772', '4.63417', '120', '5', '0', '0', '0', '1', '0', '0', '0', '10');
INSERT INTO spawn_group (`groupId`, `spawnType`, `spawnId`) VALUES ('2', '0', '145193');
INSERT INTO creature_entry (`spawnID`, `entry`) VALUES ('145194', '21795');
INSERT INTO creature (`spawnID`, `map`, `spawnMask`, `modelid`, `equipment_id`, `position_x`, `position_y`, `position_z`, `orientation`, `spawntimesecs`, `spawndist`, `currentwaypoint`, `curhealth`, `curmana`, `MovementType`, `unit_flags`, `pool_id`, `patch_min`, `patch_max`) VALUES ('145194', '530', '1', NULL, '0', '-4070.1', '2263.35', '112.047', '5.73957', '120', '5', '0', '0', '0', '1', '0', '0', '0', '10');
INSERT INTO spawn_group (`groupId`, `spawnType`, `spawnId`) VALUES ('2', '0', '145194');
INSERT INTO creature_entry (`spawnID`, `entry`) VALUES ('145195', '21795');
INSERT INTO creature (`spawnID`, `map`, `spawnMask`, `modelid`, `equipment_id`, `position_x`, `position_y`, `position_z`, `orientation`, `spawntimesecs`, `spawndist`, `currentwaypoint`, `curhealth`, `curmana`, `MovementType`, `unit_flags`, `pool_id`, `patch_min`, `patch_max`) VALUES ('145195', '530', '1', NULL, '0', '-4085', '2245.3', '121.772', '5.48013', '120', '5', '0', '0', '0', '1', '0', '0', '0', '10');
INSERT INTO spawn_group (`groupId`, `spawnType`, `spawnId`) VALUES ('2', '0', '145195');
INSERT INTO creature_entry (`spawnID`, `entry`) VALUES ('145196', '21795');
INSERT INTO creature (`spawnID`, `map`, `spawnMask`, `modelid`, `equipment_id`, `position_x`, `position_y`, `position_z`, `orientation`, `spawntimesecs`, `spawndist`, `currentwaypoint`, `curhealth`, `curmana`, `MovementType`, `unit_flags`, `pool_id`, `patch_min`, `patch_max`) VALUES ('145196', '530', '1', NULL, '0', '-4087.49', '2244.98', '112.047', '2.10937', '120', '5', '0', '0', '0', '1', '0', '0', '0', '10');
INSERT INTO spawn_group (`groupId`, `spawnType`, `spawnId`) VALUES ('2', '0', '145196');
INSERT INTO creature_entry (`spawnID`, `entry`) VALUES ('145197', '21795');
INSERT INTO creature (`spawnID`, `map`, `spawnMask`, `modelid`, `equipment_id`, `position_x`, `position_y`, `position_z`, `orientation`, `spawntimesecs`, `spawndist`, `currentwaypoint`, `curhealth`, `curmana`, `MovementType`, `unit_flags`, `pool_id`, `patch_min`, `patch_max`) VALUES ('145197', '530', '1', NULL, '0', '-4073.19', '2267.94', '94.8258', '1.50432', '120', '5', '0', '0', '0', '1', '0', '0', '0', '10');
INSERT INTO spawn_group (`groupId`, `spawnType`, `spawnId`) VALUES ('2', '0', '145197');
INSERT INTO creature_entry (`spawnID`, `entry`) VALUES ('145200', '21795');
INSERT INTO creature (`spawnID`, `map`, `spawnMask`, `modelid`, `equipment_id`, `position_x`, `position_y`, `position_z`, `orientation`, `spawntimesecs`, `spawndist`, `currentwaypoint`, `curhealth`, `curmana`, `MovementType`, `unit_flags`, `pool_id`, `patch_min`, `patch_max`) VALUES ('145200', '530', '1', NULL, '0', '-4075.11', '2296.34', '121.773', '2.60921', '120', '5', '0', '0', '0', '1', '0', '0', '0', '10');
INSERT INTO spawn_group (`groupId`, `spawnType`, `spawnId`) VALUES ('2', '0', '145200');
INSERT INTO creature_entry (`spawnID`, `entry`) VALUES ('145201', '21795');
INSERT INTO creature (`spawnID`, `map`, `spawnMask`, `modelid`, `equipment_id`, `position_x`, `position_y`, `position_z`, `orientation`, `spawntimesecs`, `spawndist`, `currentwaypoint`, `curhealth`, `curmana`, `MovementType`, `unit_flags`, `pool_id`, `patch_min`, `patch_max`) VALUES ('145201', '530', '1', NULL, '0', '-4094.75', '2260.98', '103.993', '0.0229529', '120', '5', '0', '0', '0', '1', '0', '0', '0', '10');
INSERT INTO spawn_group (`groupId`, `spawnType`, `spawnId`) VALUES ('2', '0', '145201');
INSERT INTO creature_entry (`spawnID`, `entry`) VALUES ('145202', '21795');
INSERT INTO creature (`spawnID`, `map`, `spawnMask`, `modelid`, `equipment_id`, `position_x`, `position_y`, `position_z`, `orientation`, `spawntimesecs`, `spawndist`, `currentwaypoint`, `curhealth`, `curmana`, `MovementType`, `unit_flags`, `pool_id`, `patch_min`, `patch_max`) VALUES ('145202', '530', '1', NULL, '0', '-4088.14', '2265.59', '103.992', '3.30351', '120', '5', '0', '0', '0', '1', '0', '0', '0', '10');
INSERT INTO spawn_group (`groupId`, `spawnType`, `spawnId`) VALUES ('2', '0', '145202');
INSERT INTO creature_entry (`spawnID`, `entry`) VALUES ('145203', '21795');
INSERT INTO creature (`spawnID`, `map`, `spawnMask`, `modelid`, `equipment_id`, `position_x`, `position_y`, `position_z`, `orientation`, `spawntimesecs`, `spawndist`, `currentwaypoint`, `curhealth`, `curmana`, `MovementType`, `unit_flags`, `pool_id`, `patch_min`, `patch_max`) VALUES ('145203', '530', '1', NULL, '0', '-4087.79', '2283.7', '103.993', '1.22664', '120', '5', '0', '0', '0', '1', '0', '0', '0', '10');
INSERT INTO spawn_group (`groupId`, `spawnType`, `spawnId`) VALUES ('2', '0', '145203');
INSERT INTO creature_entry (`spawnID`, `entry`) VALUES ('145204', '21795');
INSERT INTO creature (`spawnID`, `map`, `spawnMask`, `modelid`, `equipment_id`, `position_x`, `position_y`, `position_z`, `orientation`, `spawntimesecs`, `spawndist`, `currentwaypoint`, `curhealth`, `curmana`, `MovementType`, `unit_flags`, `pool_id`, `patch_min`, `patch_max`) VALUES ('145204', '530', '1', NULL, '0', '-4094.4', '2277.2', '112.048', '1.09602', '120', '5', '0', '0', '0', '1', '0', '0', '0', '10');
INSERT INTO spawn_group (`groupId`, `spawnType`, `spawnId`) VALUES ('2', '0', '145204');
INSERT INTO creature_entry (`spawnID`, `entry`) VALUES ('145205', '21795');
INSERT INTO creature (`spawnID`, `map`, `spawnMask`, `modelid`, `equipment_id`, `position_x`, `position_y`, `position_z`, `orientation`, `spawntimesecs`, `spawndist`, `currentwaypoint`, `curhealth`, `curmana`, `MovementType`, `unit_flags`, `pool_id`, `patch_min`, `patch_max`) VALUES ('145205', '530', '1', NULL, '0', '-4071.22', '2290.1', '103.993', '0.974121', '120', '5', '0', '0', '0', '1', '0', '0', '0', '10');
INSERT INTO spawn_group (`groupId`, `spawnType`, `spawnId`) VALUES ('2', '0', '145205');
INSERT INTO creature_entry (`spawnID`, `entry`) VALUES ('145206', '21795');
INSERT INTO creature (`spawnID`, `map`, `spawnMask`, `modelid`, `equipment_id`, `position_x`, `position_y`, `position_z`, `orientation`, `spawntimesecs`, `spawndist`, `currentwaypoint`, `curhealth`, `curmana`, `MovementType`, `unit_flags`, `pool_id`, `patch_min`, `patch_max`) VALUES ('145206', '530', '1', NULL, '0', '-3823.3', '2124.58', '93.3121', '5.4736', '120', '5', '0', '0', '0', '1', '0', '0', '0', '10');
INSERT INTO spawn_group (`groupId`, `spawnType`, `spawnId`) VALUES ('2', '0', '145206');
INSERT INTO creature_entry (`spawnID`, `entry`) VALUES ('145207', '21795');
INSERT INTO creature (`spawnID`, `map`, `spawnMask`, `modelid`, `equipment_id`, `position_x`, `position_y`, `position_z`, `orientation`, `spawntimesecs`, `spawndist`, `currentwaypoint`, `curhealth`, `curmana`, `MovementType`, `unit_flags`, `pool_id`, `patch_min`, `patch_max`) VALUES ('145207', '530', '1', NULL, '0', '-3982.05', '1996.92', '95.267', '6.06773', '120', '5', '0', '0', '0', '1', '0', '0', '0', '10');
INSERT INTO spawn_group (`groupId`, `spawnType`, `spawnId`) VALUES ('2', '0', '145207');
INSERT INTO creature_entry (`spawnID`, `entry`) VALUES ('145208', '21795');
INSERT INTO creature (`spawnID`, `map`, `spawnMask`, `modelid`, `equipment_id`, `position_x`, `position_y`, `position_z`, `orientation`, `spawntimesecs`, `spawndist`, `currentwaypoint`, `curhealth`, `curmana`, `MovementType`, `unit_flags`, `pool_id`, `patch_min`, `patch_max`) VALUES ('145208', '530', '1', NULL, '0', '-3830.08', '2177.76', '93.647', '5.58145', '120', '5', '0', '0', '0', '1', '0', '0', '0', '10');
INSERT INTO spawn_group (`groupId`, `spawnType`, `spawnId`) VALUES ('2', '0', '145208');
INSERT INTO creature_entry (`spawnID`, `entry`) VALUES ('145209', '21795');
INSERT INTO creature (`spawnID`, `map`, `spawnMask`, `modelid`, `equipment_id`, `position_x`, `position_y`, `position_z`, `orientation`, `spawntimesecs`, `spawndist`, `currentwaypoint`, `curhealth`, `curmana`, `MovementType`, `unit_flags`, `pool_id`, `patch_min`, `patch_max`) VALUES ('145209', '530', '1', NULL, '0', '-3821.95', '2218.49', '92.7454', '2.95149', '120', '5', '0', '0', '0', '1', '0', '0', '0', '10');
INSERT INTO spawn_group (`groupId`, `spawnType`, `spawnId`) VALUES ('2', '0', '145209');
INSERT INTO creature_entry (`spawnID`, `entry`) VALUES ('145210', '21795');
INSERT INTO creature (`spawnID`, `map`, `spawnMask`, `modelid`, `equipment_id`, `position_x`, `position_y`, `position_z`, `orientation`, `spawntimesecs`, `spawndist`, `currentwaypoint`, `curhealth`, `curmana`, `MovementType`, `unit_flags`, `pool_id`, `patch_min`, `patch_max`) VALUES ('145210', '530', '1', NULL, '0', '-3856.97', '2241.92', '97.2412', '0.314156', '120', '5', '0', '0', '0', '1', '0', '0', '0', '10');
INSERT INTO spawn_group (`groupId`, `spawnType`, `spawnId`) VALUES ('2', '0', '145210');
DELETE ce, c1, c2, sg FROM creature_entry ce LEFT JOIN conditions c1 ON c1.ConditionTypeOrReference = 31 AND c1.ConditionValue1 = 3 AND c1.ConditionValue3 = 1083727 LEFT JOIN conditions c2 ON c2.SourceTypeOrReferenceId = 22 AND c2.SourceId = 0 AND c1.SourceEntry = -1083727 LEFT JOIN spawn_group sg ON sg.spawnId = 1083727 AND spawnType = 0 WHERE ce.spawnID = 1083727;
DELETE ce, c1, c2, sg FROM creature_entry ce LEFT JOIN conditions c1 ON c1.ConditionTypeOrReference = 31 AND c1.ConditionValue1 = 3 AND c1.ConditionValue3 = 1083728 LEFT JOIN conditions c2 ON c2.SourceTypeOrReferenceId = 22 AND c2.SourceId = 0 AND c1.SourceEntry = -1083728 LEFT JOIN spawn_group sg ON sg.spawnId = 1083728 AND spawnType = 0 WHERE ce.spawnID = 1083728;
DELETE ce, c1, c2, sg FROM creature_entry ce LEFT JOIN conditions c1 ON c1.ConditionTypeOrReference = 31 AND c1.ConditionValue1 = 3 AND c1.ConditionValue3 = 1083729 LEFT JOIN conditions c2 ON c2.SourceTypeOrReferenceId = 22 AND c2.SourceId = 0 AND c1.SourceEntry = -1083729 LEFT JOIN spawn_group sg ON sg.spawnId = 1083729 AND spawnType = 0 WHERE ce.spawnID = 1083729;
DELETE ce, c1, c2, sg FROM creature_entry ce LEFT JOIN conditions c1 ON c1.ConditionTypeOrReference = 31 AND c1.ConditionValue1 = 3 AND c1.ConditionValue3 = 1083732 LEFT JOIN conditions c2 ON c2.SourceTypeOrReferenceId = 22 AND c2.SourceId = 0 AND c1.SourceEntry = -1083732 LEFT JOIN spawn_group sg ON sg.spawnId = 1083732 AND spawnType = 0 WHERE ce.spawnID = 1083732;
DELETE ce, c1, c2, sg FROM creature_entry ce LEFT JOIN conditions c1 ON c1.ConditionTypeOrReference = 31 AND c1.ConditionValue1 = 3 AND c1.ConditionValue3 = 1083735 LEFT JOIN conditions c2 ON c2.SourceTypeOrReferenceId = 22 AND c2.SourceId = 0 AND c1.SourceEntry = -1083735 LEFT JOIN spawn_group sg ON sg.spawnId = 1083735 AND spawnType = 0 WHERE ce.spawnID = 1083735;
DELETE ce, c1, c2, sg FROM creature_entry ce LEFT JOIN conditions c1 ON c1.ConditionTypeOrReference = 31 AND c1.ConditionValue1 = 3 AND c1.ConditionValue3 = 1083736 LEFT JOIN conditions c2 ON c2.SourceTypeOrReferenceId = 22 AND c2.SourceId = 0 AND c1.SourceEntry = -1083736 LEFT JOIN spawn_group sg ON sg.spawnId = 1083736 AND spawnType = 0 WHERE ce.spawnID = 1083736;
DELETE ce, c1, c2, sg FROM creature_entry ce LEFT JOIN conditions c1 ON c1.ConditionTypeOrReference = 31 AND c1.ConditionValue1 = 3 AND c1.ConditionValue3 = 1083737 LEFT JOIN conditions c2 ON c2.SourceTypeOrReferenceId = 22 AND c2.SourceId = 0 AND c1.SourceEntry = -1083737 LEFT JOIN spawn_group sg ON sg.spawnId = 1083737 AND spawnType = 0 WHERE ce.spawnID = 1083737;
DELETE ce, c1, c2, sg FROM creature_entry ce LEFT JOIN conditions c1 ON c1.ConditionTypeOrReference = 31 AND c1.ConditionValue1 = 3 AND c1.ConditionValue3 = 1083738 LEFT JOIN conditions c2 ON c2.SourceTypeOrReferenceId = 22 AND c2.SourceId = 0 AND c1.SourceEntry = -1083738 LEFT JOIN spawn_group sg ON sg.spawnId = 1083738 AND spawnType = 0 WHERE ce.spawnID = 1083738;
DELETE ce, c1, c2, sg FROM creature_entry ce LEFT JOIN conditions c1 ON c1.ConditionTypeOrReference = 31 AND c1.ConditionValue1 = 3 AND c1.ConditionValue3 = 1083739 LEFT JOIN conditions c2 ON c2.SourceTypeOrReferenceId = 22 AND c2.SourceId = 0 AND c1.SourceEntry = -1083739 LEFT JOIN spawn_group sg ON sg.spawnId = 1083739 AND spawnType = 0 WHERE ce.spawnID = 1083739;
DELETE ce, c1, c2, sg FROM creature_entry ce LEFT JOIN conditions c1 ON c1.ConditionTypeOrReference = 31 AND c1.ConditionValue1 = 3 AND c1.ConditionValue3 = 1083740 LEFT JOIN conditions c2 ON c2.SourceTypeOrReferenceId = 22 AND c2.SourceId = 0 AND c1.SourceEntry = -1083740 LEFT JOIN spawn_group sg ON sg.spawnId = 1083740 AND spawnType = 0 WHERE ce.spawnID = 1083740;
DELETE ce, c1, c2, sg FROM creature_entry ce LEFT JOIN conditions c1 ON c1.ConditionTypeOrReference = 31 AND c1.ConditionValue1 = 3 AND c1.ConditionValue3 = 1083742 LEFT JOIN conditions c2 ON c2.SourceTypeOrReferenceId = 22 AND c2.SourceId = 0 AND c1.SourceEntry = -1083742 LEFT JOIN spawn_group sg ON sg.spawnId = 1083742 AND spawnType = 0 WHERE ce.spawnID = 1083742;
DELETE ce, c1, c2, sg FROM creature_entry ce LEFT JOIN conditions c1 ON c1.ConditionTypeOrReference = 31 AND c1.ConditionValue1 = 3 AND c1.ConditionValue3 = 1083744 LEFT JOIN conditions c2 ON c2.SourceTypeOrReferenceId = 22 AND c2.SourceId = 0 AND c1.SourceEntry = -1083744 LEFT JOIN spawn_group sg ON sg.spawnId = 1083744 AND spawnType = 0 WHERE ce.spawnID = 1083744;
DELETE ce, c1, c2, sg FROM creature_entry ce LEFT JOIN conditions c1 ON c1.ConditionTypeOrReference = 31 AND c1.ConditionValue1 = 3 AND c1.ConditionValue3 = 1083745 LEFT JOIN conditions c2 ON c2.SourceTypeOrReferenceId = 22 AND c2.SourceId = 0 AND c1.SourceEntry = -1083745 LEFT JOIN spawn_group sg ON sg.spawnId = 1083745 AND spawnType = 0 WHERE ce.spawnID = 1083745;
DELETE ce, c1, c2, sg FROM creature_entry ce LEFT JOIN conditions c1 ON c1.ConditionTypeOrReference = 31 AND c1.ConditionValue1 = 3 AND c1.ConditionValue3 = 1083746 LEFT JOIN conditions c2 ON c2.SourceTypeOrReferenceId = 22 AND c2.SourceId = 0 AND c1.SourceEntry = -1083746 LEFT JOIN spawn_group sg ON sg.spawnId = 1083746 AND spawnType = 0 WHERE ce.spawnID = 1083746;
DELETE ce, c1, c2, sg FROM creature_entry ce LEFT JOIN conditions c1 ON c1.ConditionTypeOrReference = 31 AND c1.ConditionValue1 = 3 AND c1.ConditionValue3 = 1083747 LEFT JOIN conditions c2 ON c2.SourceTypeOrReferenceId = 22 AND c2.SourceId = 0 AND c1.SourceEntry = -1083747 LEFT JOIN spawn_group sg ON sg.spawnId = 1083747 AND spawnType = 0 WHERE ce.spawnID = 1083747;
DELETE ce, c1, c2, sg FROM creature_entry ce LEFT JOIN conditions c1 ON c1.ConditionTypeOrReference = 31 AND c1.ConditionValue1 = 3 AND c1.ConditionValue3 = 1083748 LEFT JOIN conditions c2 ON c2.SourceTypeOrReferenceId = 22 AND c2.SourceId = 0 AND c1.SourceEntry = -1083748 LEFT JOIN spawn_group sg ON sg.spawnId = 1083748 AND spawnType = 0 WHERE ce.spawnID = 1083748;


-- Importing creature spawn with guid 6505 with import type REPLACE_ALL


-- Importing creature spawn with guid 63504 with import type REPLACE_ALL


-- Importing creature spawn with guid 51854 with import type REPLACE_ALL


-- Importing creature spawn with guid 59471 with import type REPLACE_ALL


-- Importing creature spawn with guid 67863 with import type REPLACE_ALL


-- Importing creature spawn with guid 63520 with import type REPLACE_ALL


-- Importing creature spawn with guid 3326 with import type REPLACE_ALL


-- Importing creature spawn with guid 3324 with import type REPLACE_ALL


-- Importing creature spawn with guid 3322 with import type REPLACE_ALL


-- Importing creature spawn with guid 3320 with import type REPLACE_ALL


-- Importing creature spawn with guid 63518 with import type REPLACE_ALL


-- Importing creature spawn with guid 137664 with import type REPLACE_ALL


-- Importing creature spawn with guid 137662 with import type REPLACE_ALL


-- Importing creature spawn with guid 137661 with import type REPLACE_ALL


-- Importing creature spawn with guid 137660 with import type REPLACE_ALL


-- Importing creature spawn with guid 137659 with import type REPLACE_ALL


-- Importing creature spawn with guid 137658 with import type REPLACE_ALL


-- Importing creature spawn with guid 54861 with import type REPLACE_ALL
INSERT INTO creature_entry (`spawnID`, `entry`) VALUES ('85647', '15271');
INSERT INTO creature (`spawnID`, `map`, `spawnMask`, `modelid`, `equipment_id`, `position_x`, `position_y`, `position_z`, `orientation`, `spawntimesecs`, `spawndist`, `currentwaypoint`, `curhealth`, `curmana`, `MovementType`, `unit_flags`, `pool_id`, `patch_min`, `patch_max`) VALUES ('85647', '530', '1', NULL, '0', '10270.9', '-6519.52', '63.4511', '0.647896', '120', '5', '0', '0', '0', '1', '0', '0', '0', '10');
INSERT INTO spawn_group (`groupId`, `spawnType`, `spawnId`) VALUES ('2', '0', '85647');


-- Importing creature spawn with guid 54862 with import type REPLACE_ALL


-- Importing creature spawn with guid 54863 with import type REPLACE_ALL


-- Importing creature spawn with guid 54864 with import type REPLACE_ALL


-- Importing creature spawn with guid 54865 with import type REPLACE_ALL


-- Importing creature spawn with guid 54866 with import type REPLACE_ALL


-- Importing creature spawn with guid 54867 with import type REPLACE_ALL


-- Importing creature spawn with guid 54868 with import type REPLACE_ALL


-- Importing creature spawn with guid 54869 with import type REPLACE_ALL


-- Importing creature spawn with guid 54870 with import type REPLACE_ALL


-- Importing creature spawn with guid 54871 with import type REPLACE_ALL


-- Importing creature spawn with guid 54872 with import type REPLACE_ALL


-- Importing creature spawn with guid 54873 with import type REPLACE_ALL


-- Importing creature spawn with guid 54874 with import type REPLACE_ALL


-- Importing creature spawn with guid 54875 with import type REPLACE_ALL


-- Importing creature spawn with guid 54876 with import type REPLACE_ALL


-- Importing creature spawn with guid 54877 with import type REPLACE_ALL


-- Importing creature spawn with guid 54878 with import type REPLACE_ALL


-- Importing creature spawn with guid 54879 with import type REPLACE_ALL


-- Importing creature spawn with guid 54880 with import type REPLACE_ALL


-- Importing creature spawn with guid 54881 with import type REPLACE_ALL


-- Importing creature spawn with guid 54882 with import type REPLACE_ALL


-- Importing creature spawn with guid 54883 with import type REPLACE_ALL


-- Importing creature spawn with guid 54884 with import type REPLACE_ALL


-- Importing creature spawn with guid 54885 with import type REPLACE_ALL


-- Importing creature spawn with guid 54886 with import type REPLACE_ALL


-- Importing creature spawn with guid 54887 with import type REPLACE_ALL


-- Importing creature spawn with guid 54888 with import type REPLACE_ALL


-- Importing creature spawn with guid 54889 with import type REPLACE_ALL


-- Importing creature spawn with guid 54890 with import type REPLACE_ALL


-- Importing creature spawn with guid 54891 with import type REPLACE_ALL


-- Importing creature spawn with guid 54892 with import type REPLACE_ALL


-- Importing creature spawn with guid 54893 with import type REPLACE_ALL


-- Importing creature spawn with guid 54894 with import type REPLACE_ALL


-- Importing creature spawn with guid 54895 with import type REPLACE_ALL


-- Importing creature spawn with guid 54896 with import type REPLACE_ALL


-- Importing creature spawn with guid 54897 with import type REPLACE_ALL


-- Importing creature spawn with guid 54898 with import type REPLACE_ALL


-- Importing creature spawn with guid 54899 with import type REPLACE_ALL


-- Importing creature spawn with guid 54900 with import type REPLACE_ALL


-- Importing creature spawn with guid 54901 with import type REPLACE_ALL


-- Importing creature spawn with guid 54902 with import type REPLACE_ALL


-- Importing creature spawn with guid 54903 with import type REPLACE_ALL


-- Importing creature spawn with guid 54904 with import type REPLACE_ALL


-- Importing creature spawn with guid 54905 with import type REPLACE_ALL


-- Importing creature spawn with guid 54906 with import type REPLACE_ALL


-- Importing creature spawn with guid 54907 with import type REPLACE_ALL


-- Importing creature spawn with guid 54908 with import type REPLACE_ALL


-- Importing creature spawn with guid 54909 with import type REPLACE_ALL


-- Importing creature spawn with guid 32075 with import type REPLACE_ALL


-- Importing creature spawn with guid 55746 with import type REPLACE_ALL
INSERT INTO creature_entry (`spawnID`, `entry`) VALUES ('55747', '15649');
INSERT INTO creature (`spawnID`, `map`, `spawnMask`, `modelid`, `equipment_id`, `position_x`, `position_y`, `position_z`, `orientation`, `spawntimesecs`, `spawndist`, `currentwaypoint`, `curhealth`, `curmana`, `MovementType`, `unit_flags`, `pool_id`, `patch_min`, `patch_max`) VALUES ('55747', '530', '1', NULL, '0', '9286.71', '-7275.85', '17.2983', '0.152946', '120', '10', '0', '98', '115', '1', '0', '0', '0', '10');
INSERT INTO creature_entry (`spawnID`, `entry`) VALUES ('55750', '15649');
INSERT INTO creature (`spawnID`, `map`, `spawnMask`, `modelid`, `equipment_id`, `position_x`, `position_y`, `position_z`, `orientation`, `spawntimesecs`, `spawndist`, `currentwaypoint`, `curhealth`, `curmana`, `MovementType`, `unit_flags`, `pool_id`, `patch_min`, `patch_max`) VALUES ('55750', '530', '1', NULL, '0', '9335.41', '-7095.56', '15.9554', '5.90176', '120', '10', '0', '98', '115', '1', '0', '0', '0', '10');
INSERT INTO creature_entry (`spawnID`, `entry`) VALUES ('55751', '15649');
INSERT INTO creature (`spawnID`, `map`, `spawnMask`, `modelid`, `equipment_id`, `position_x`, `position_y`, `position_z`, `orientation`, `spawntimesecs`, `spawndist`, `currentwaypoint`, `curhealth`, `curmana`, `MovementType`, `unit_flags`, `pool_id`, `patch_min`, `patch_max`) VALUES ('55751', '530', '1', NULL, '0', '9313.29', '-7065.54', '13.5515', '2.4254', '120', '10', '0', '98', '115', '1', '0', '0', '0', '10');
INSERT INTO creature_entry (`spawnID`, `entry`) VALUES ('55763', '15649');
INSERT INTO creature (`spawnID`, `map`, `spawnMask`, `modelid`, `equipment_id`, `position_x`, `position_y`, `position_z`, `orientation`, `spawntimesecs`, `spawndist`, `currentwaypoint`, `curhealth`, `curmana`, `MovementType`, `unit_flags`, `pool_id`, `patch_min`, `patch_max`) VALUES ('55763', '530', '1', NULL, '0', '9144.13', '-6652.94', '31.7363', '4.90806', '120', '10', '0', '98', '115', '1', '0', '0', '0', '10');
INSERT INTO creature_entry (`spawnID`, `entry`) VALUES ('55778', '15649');
INSERT INTO creature (`spawnID`, `map`, `spawnMask`, `modelid`, `equipment_id`, `position_x`, `position_y`, `position_z`, `orientation`, `spawntimesecs`, `spawndist`, `currentwaypoint`, `curhealth`, `curmana`, `MovementType`, `unit_flags`, `pool_id`, `patch_min`, `patch_max`) VALUES ('55778', '530', '1', NULL, '0', '9273.76', '-6798.62', '22.5055', '2.87343', '120', '10', '0', '98', '115', '1', '0', '0', '0', '10');
INSERT INTO creature_entry (`spawnID`, `entry`) VALUES ('55781', '15649');
INSERT INTO creature (`spawnID`, `map`, `spawnMask`, `modelid`, `equipment_id`, `position_x`, `position_y`, `position_z`, `orientation`, `spawntimesecs`, `spawndist`, `currentwaypoint`, `curhealth`, `curmana`, `MovementType`, `unit_flags`, `pool_id`, `patch_min`, `patch_max`) VALUES ('55781', '530', '1', NULL, '0', '9241.48', '-7053.13', '11.7858', '2.27247', '120', '10', '0', '98', '115', '1', '0', '0', '0', '10');
INSERT INTO creature_entry (`spawnID`, `entry`) VALUES ('55799', '15649');
INSERT INTO creature (`spawnID`, `map`, `spawnMask`, `modelid`, `equipment_id`, `position_x`, `position_y`, `position_z`, `orientation`, `spawntimesecs`, `spawndist`, `currentwaypoint`, `curhealth`, `curmana`, `MovementType`, `unit_flags`, `pool_id`, `patch_min`, `patch_max`) VALUES ('55799', '530', '1', NULL, '0', '9195.08', '-6625.64', '34.5853', '6.01955', '120', '10', '0', '98', '115', '1', '0', '0', '0', '10');
INSERT INTO creature_entry (`spawnID`, `entry`) VALUES ('55804', '15649');
INSERT INTO creature (`spawnID`, `map`, `spawnMask`, `modelid`, `equipment_id`, `position_x`, `position_y`, `position_z`, `orientation`, `spawntimesecs`, `spawndist`, `currentwaypoint`, `curhealth`, `curmana`, `MovementType`, `unit_flags`, `pool_id`, `patch_min`, `patch_max`) VALUES ('55804', '530', '1', NULL, '0', '9193.91', '-7090.96', '19.8123', '0.095878', '120', '10', '0', '98', '115', '1', '0', '0', '0', '10');
INSERT INTO creature_entry (`spawnID`, `entry`) VALUES ('55806', '15649');
INSERT INTO creature (`spawnID`, `map`, `spawnMask`, `modelid`, `equipment_id`, `position_x`, `position_y`, `position_z`, `orientation`, `spawntimesecs`, `spawndist`, `currentwaypoint`, `curhealth`, `curmana`, `MovementType`, `unit_flags`, `pool_id`, `patch_min`, `patch_max`) VALUES ('55806', '530', '1', NULL, '0', '9280.13', '-7136.92', '18.426', '4.22076', '120', '10', '0', '98', '115', '1', '0', '0', '0', '10');
INSERT INTO creature_entry (`spawnID`, `entry`) VALUES ('85649', '15649');
INSERT INTO creature (`spawnID`, `map`, `spawnMask`, `modelid`, `equipment_id`, `position_x`, `position_y`, `position_z`, `orientation`, `spawntimesecs`, `spawndist`, `currentwaypoint`, `curhealth`, `curmana`, `MovementType`, `unit_flags`, `pool_id`, `patch_min`, `patch_max`) VALUES ('85649', '530', '1', NULL, '0', '9324.59', '-6823.18', '18.9366', '2.39027', '120', '5', '0', '0', '0', '1', '0', '0', '0', '10');
INSERT INTO creature_entry (`spawnID`, `entry`) VALUES ('85648', '15649');
INSERT INTO creature (`spawnID`, `map`, `spawnMask`, `modelid`, `equipment_id`, `position_x`, `position_y`, `position_z`, `orientation`, `spawntimesecs`, `spawndist`, `currentwaypoint`, `curhealth`, `curmana`, `MovementType`, `unit_flags`, `pool_id`, `patch_min`, `patch_max`) VALUES ('85648', '530', '1', NULL, '0', '9320.62', '-7323.15', '15.5084', '5.89452', '120', '5', '0', '0', '0', '1', '0', '0', '0', '10');
INSERT INTO creature_entry (`spawnID`, `entry`) VALUES ('145381', '15649');
INSERT INTO creature (`spawnID`, `map`, `spawnMask`, `modelid`, `equipment_id`, `position_x`, `position_y`, `position_z`, `orientation`, `spawntimesecs`, `spawndist`, `currentwaypoint`, `curhealth`, `curmana`, `MovementType`, `unit_flags`, `pool_id`, `patch_min`, `patch_max`) VALUES ('145381', '530', '1', NULL, '0', '10060.8', '-6872.71', '24.2943', '4.28536', '120', '15', '0', '0', '0', '1', '0', '0', '0', '10');
INSERT INTO creature_entry (`spawnID`, `entry`) VALUES ('85650', '15649');
INSERT INTO creature (`spawnID`, `map`, `spawnMask`, `modelid`, `equipment_id`, `position_x`, `position_y`, `position_z`, `orientation`, `spawntimesecs`, `spawndist`, `currentwaypoint`, `curhealth`, `curmana`, `MovementType`, `unit_flags`, `pool_id`, `patch_min`, `patch_max`) VALUES ('85650', '530', '1', NULL, '0', '9356', '-7347.08', '12.2037', '1.3481', '120', '5', '0', '0', '0', '1', '0', '0', '0', '10');
DELETE ce, c1, c2, sg FROM creature_entry ce LEFT JOIN conditions c1 ON c1.ConditionTypeOrReference = 31 AND c1.ConditionValue1 = 3 AND c1.ConditionValue3 = 1055175 LEFT JOIN conditions c2 ON c2.SourceTypeOrReferenceId = 22 AND c2.SourceId = 0 AND c1.SourceEntry = -1055175 LEFT JOIN spawn_group sg ON sg.spawnId = 1055175 AND spawnType = 0 WHERE ce.spawnID = 1055175;
DELETE ce, c1, c2, sg FROM creature_entry ce LEFT JOIN conditions c1 ON c1.ConditionTypeOrReference = 31 AND c1.ConditionValue1 = 3 AND c1.ConditionValue3 = 1055178 LEFT JOIN conditions c2 ON c2.SourceTypeOrReferenceId = 22 AND c2.SourceId = 0 AND c1.SourceEntry = -1055178 LEFT JOIN spawn_group sg ON sg.spawnId = 1055178 AND spawnType = 0 WHERE ce.spawnID = 1055178;
DELETE ce, c1, c2, sg FROM creature_entry ce LEFT JOIN conditions c1 ON c1.ConditionTypeOrReference = 31 AND c1.ConditionValue1 = 3 AND c1.ConditionValue3 = 1055179 LEFT JOIN conditions c2 ON c2.SourceTypeOrReferenceId = 22 AND c2.SourceId = 0 AND c1.SourceEntry = -1055179 LEFT JOIN spawn_group sg ON sg.spawnId = 1055179 AND spawnType = 0 WHERE ce.spawnID = 1055179;
DELETE ce, c1, c2, sg FROM creature_entry ce LEFT JOIN conditions c1 ON c1.ConditionTypeOrReference = 31 AND c1.ConditionValue1 = 3 AND c1.ConditionValue3 = 1055191 LEFT JOIN conditions c2 ON c2.SourceTypeOrReferenceId = 22 AND c2.SourceId = 0 AND c1.SourceEntry = -1055191 LEFT JOIN spawn_group sg ON sg.spawnId = 1055191 AND spawnType = 0 WHERE ce.spawnID = 1055191;
DELETE ce, c1, c2, sg FROM creature_entry ce LEFT JOIN conditions c1 ON c1.ConditionTypeOrReference = 31 AND c1.ConditionValue1 = 3 AND c1.ConditionValue3 = 1055206 LEFT JOIN conditions c2 ON c2.SourceTypeOrReferenceId = 22 AND c2.SourceId = 0 AND c1.SourceEntry = -1055206 LEFT JOIN spawn_group sg ON sg.spawnId = 1055206 AND spawnType = 0 WHERE ce.spawnID = 1055206;
DELETE ce, c1, c2, sg FROM creature_entry ce LEFT JOIN conditions c1 ON c1.ConditionTypeOrReference = 31 AND c1.ConditionValue1 = 3 AND c1.ConditionValue3 = 1055209 LEFT JOIN conditions c2 ON c2.SourceTypeOrReferenceId = 22 AND c2.SourceId = 0 AND c1.SourceEntry = -1055209 LEFT JOIN spawn_group sg ON sg.spawnId = 1055209 AND spawnType = 0 WHERE ce.spawnID = 1055209;
DELETE ce, c1, c2, sg FROM creature_entry ce LEFT JOIN conditions c1 ON c1.ConditionTypeOrReference = 31 AND c1.ConditionValue1 = 3 AND c1.ConditionValue3 = 1055227 LEFT JOIN conditions c2 ON c2.SourceTypeOrReferenceId = 22 AND c2.SourceId = 0 AND c1.SourceEntry = -1055227 LEFT JOIN spawn_group sg ON sg.spawnId = 1055227 AND spawnType = 0 WHERE ce.spawnID = 1055227;
DELETE ce, c1, c2, sg FROM creature_entry ce LEFT JOIN conditions c1 ON c1.ConditionTypeOrReference = 31 AND c1.ConditionValue1 = 3 AND c1.ConditionValue3 = 1055232 LEFT JOIN conditions c2 ON c2.SourceTypeOrReferenceId = 22 AND c2.SourceId = 0 AND c1.SourceEntry = -1055232 LEFT JOIN spawn_group sg ON sg.spawnId = 1055232 AND spawnType = 0 WHERE ce.spawnID = 1055232;
DELETE ce, c1, c2, sg FROM creature_entry ce LEFT JOIN conditions c1 ON c1.ConditionTypeOrReference = 31 AND c1.ConditionValue1 = 3 AND c1.ConditionValue3 = 1055234 LEFT JOIN conditions c2 ON c2.SourceTypeOrReferenceId = 22 AND c2.SourceId = 0 AND c1.SourceEntry = -1055234 LEFT JOIN spawn_group sg ON sg.spawnId = 1055234 AND spawnType = 0 WHERE ce.spawnID = 1055234;


-- Importing creature spawn with guid 55747 with import type REPLACE_ALL


-- Importing creature spawn with guid 55748 with import type REPLACE_ALL


-- Importing creature spawn with guid 55749 with import type REPLACE_ALL


-- Importing creature spawn with guid 55750 with import type REPLACE_ALL


-- Importing creature spawn with guid 55751 with import type REPLACE_ALL


-- Importing creature spawn with guid 55752 with import type REPLACE_ALL


-- Importing creature spawn with guid 55753 with import type REPLACE_ALL


-- Importing creature spawn with guid 55754 with import type REPLACE_ALL


-- Importing creature spawn with guid 55755 with import type REPLACE_ALL


-- Importing creature spawn with guid 55756 with import type REPLACE_ALL


-- Importing creature spawn with guid 55757 with import type REPLACE_ALL


-- Importing creature spawn with guid 55758 with import type REPLACE_ALL


-- Importing creature spawn with guid 55759 with import type REPLACE_ALL


-- Importing creature spawn with guid 55760 with import type REPLACE_ALL


-- Importing creature spawn with guid 55761 with import type REPLACE_ALL


-- Importing creature spawn with guid 55762 with import type REPLACE_ALL


-- Importing creature spawn with guid 55763 with import type REPLACE_ALL


-- Importing creature spawn with guid 55764 with import type REPLACE_ALL


-- Importing creature spawn with guid 55765 with import type REPLACE_ALL


-- Importing creature spawn with guid 55766 with import type REPLACE_ALL


-- Importing creature spawn with guid 55767 with import type REPLACE_ALL


-- Importing creature spawn with guid 55768 with import type REPLACE_ALL


-- Importing creature spawn with guid 55769 with import type REPLACE_ALL


-- Importing creature spawn with guid 55770 with import type REPLACE_ALL


-- Importing creature spawn with guid 55771 with import type REPLACE_ALL


-- Importing creature spawn with guid 55772 with import type REPLACE_ALL


-- Importing creature spawn with guid 55773 with import type REPLACE_ALL


-- Importing creature spawn with guid 55774 with import type REPLACE_ALL


-- Importing creature spawn with guid 55775 with import type REPLACE_ALL


-- Importing creature spawn with guid 55776 with import type REPLACE_ALL


-- Importing creature spawn with guid 55777 with import type REPLACE_ALL


-- Importing creature spawn with guid 55778 with import type REPLACE_ALL


-- Importing creature spawn with guid 55779 with import type REPLACE_ALL


-- Importing creature spawn with guid 55780 with import type REPLACE_ALL


-- Importing creature spawn with guid 55781 with import type REPLACE_ALL


-- Importing creature spawn with guid 55782 with import type REPLACE_ALL


-- Importing creature spawn with guid 55783 with import type REPLACE_ALL


-- Importing creature spawn with guid 55784 with import type REPLACE_ALL


-- Importing creature spawn with guid 55785 with import type REPLACE_ALL


-- Importing creature spawn with guid 55786 with import type REPLACE_ALL


-- Importing creature spawn with guid 55787 with import type REPLACE_ALL


-- Importing creature spawn with guid 55788 with import type REPLACE_ALL


-- Importing creature spawn with guid 55789 with import type REPLACE_ALL


-- Importing creature spawn with guid 55790 with import type REPLACE_ALL


-- Importing creature spawn with guid 55791 with import type REPLACE_ALL


-- Importing creature spawn with guid 55792 with import type REPLACE_ALL


-- Importing creature spawn with guid 55793 with import type REPLACE_ALL


-- Importing creature spawn with guid 55794 with import type REPLACE_ALL


-- Importing creature spawn with guid 55795 with import type REPLACE_ALL


-- Importing creature spawn with guid 55796 with import type REPLACE_ALL


-- Importing creature spawn with guid 55797 with import type REPLACE_ALL


-- Importing creature spawn with guid 55798 with import type REPLACE_ALL


-- Importing creature spawn with guid 55799 with import type REPLACE_ALL


-- Importing creature spawn with guid 55800 with import type REPLACE_ALL


-- Importing creature spawn with guid 55801 with import type REPLACE_ALL


-- Importing creature spawn with guid 55802 with import type REPLACE_ALL


-- Importing creature spawn with guid 55803 with import type REPLACE_ALL


-- Importing creature spawn with guid 55804 with import type REPLACE_ALL


-- Importing creature spawn with guid 55805 with import type REPLACE_ALL


-- Importing creature spawn with guid 55806 with import type REPLACE_ALL


-- Importing creature spawn with guid 55807 with import type REPLACE_ALL


-- Importing creature spawn with guid 55808 with import type REPLACE_ALL
INSERT INTO creature_entry (`spawnID`, `entry`) VALUES ('145396', '15650');
INSERT INTO creature (`spawnID`, `map`, `spawnMask`, `modelid`, `equipment_id`, `position_x`, `position_y`, `position_z`, `orientation`, `spawntimesecs`, `spawndist`, `currentwaypoint`, `curhealth`, `curmana`, `MovementType`, `unit_flags`, `pool_id`, `patch_min`, `patch_max`) VALUES ('145396', '530', '1', NULL, '0', '10279.3', '-7324.25', '33.4933', '4.19599', '120', '15', '0', '0', '0', '1', '0', '0', '0', '10');
INSERT INTO creature_entry (`spawnID`, `entry`) VALUES ('145397', '15650');
INSERT INTO creature (`spawnID`, `map`, `spawnMask`, `modelid`, `equipment_id`, `position_x`, `position_y`, `position_z`, `orientation`, `spawntimesecs`, `spawndist`, `currentwaypoint`, `curhealth`, `curmana`, `MovementType`, `unit_flags`, `pool_id`, `patch_min`, `patch_max`) VALUES ('145397', '530', '1', NULL, '0', '10192.3', '-7320.83', '45.9265', '5.88201', '120', '15', '0', '0', '0', '1', '0', '0', '0', '10');
INSERT INTO creature_entry (`spawnID`, `entry`) VALUES ('145398', '15650');
INSERT INTO creature (`spawnID`, `map`, `spawnMask`, `modelid`, `equipment_id`, `position_x`, `position_y`, `position_z`, `orientation`, `spawntimesecs`, `spawndist`, `currentwaypoint`, `curhealth`, `curmana`, `MovementType`, `unit_flags`, `pool_id`, `patch_min`, `patch_max`) VALUES ('145398', '530', '1', NULL, '0', '10171.5', '-7404.47', '48.1747', '5.12563', '120', '15', '0', '0', '0', '1', '0', '0', '0', '10');
INSERT INTO creature_entry (`spawnID`, `entry`) VALUES ('145399', '15650');
INSERT INTO creature (`spawnID`, `map`, `spawnMask`, `modelid`, `equipment_id`, `position_x`, `position_y`, `position_z`, `orientation`, `spawntimesecs`, `spawndist`, `currentwaypoint`, `curhealth`, `curmana`, `MovementType`, `unit_flags`, `pool_id`, `patch_min`, `patch_max`) VALUES ('145399', '530', '1', NULL, '0', '10225.5', '-7453.73', '75.0725', '4.821', '120', '15', '0', '0', '0', '1', '0', '0', '0', '10');
INSERT INTO creature_entry (`spawnID`, `entry`) VALUES ('145400', '15650');
INSERT INTO creature (`spawnID`, `map`, `spawnMask`, `modelid`, `equipment_id`, `position_x`, `position_y`, `position_z`, `orientation`, `spawntimesecs`, `spawndist`, `currentwaypoint`, `curhealth`, `curmana`, `MovementType`, `unit_flags`, `pool_id`, `patch_min`, `patch_max`) VALUES ('145400', '530', '1', NULL, '0', '10095.2', '-7399.66', '33.8582', '1.98233', '120', '15', '0', '0', '0', '1', '0', '0', '0', '10');
INSERT INTO creature_entry (`spawnID`, `entry`) VALUES ('145401', '15650');
INSERT INTO creature (`spawnID`, `map`, `spawnMask`, `modelid`, `equipment_id`, `position_x`, `position_y`, `position_z`, `orientation`, `spawntimesecs`, `spawndist`, `currentwaypoint`, `curhealth`, `curmana`, `MovementType`, `unit_flags`, `pool_id`, `patch_min`, `patch_max`) VALUES ('145401', '530', '1', NULL, '0', '10089.9', '-7352.99', '24.4808', '3.47384', '120', '15', '0', '0', '0', '1', '0', '0', '0', '10');
INSERT INTO creature_entry (`spawnID`, `entry`) VALUES ('145402', '15650');
INSERT INTO creature (`spawnID`, `map`, `spawnMask`, `modelid`, `equipment_id`, `position_x`, `position_y`, `position_z`, `orientation`, `spawntimesecs`, `spawndist`, `currentwaypoint`, `curhealth`, `curmana`, `MovementType`, `unit_flags`, `pool_id`, `patch_min`, `patch_max`) VALUES ('145402', '530', '1', NULL, '0', '10304.5', '-7592.88', '23.9333', '4.03841', '120', '15', '0', '0', '0', '1', '0', '0', '0', '10');
INSERT INTO creature_entry (`spawnID`, `entry`) VALUES ('145403', '15650');
INSERT INTO creature (`spawnID`, `map`, `spawnMask`, `modelid`, `equipment_id`, `position_x`, `position_y`, `position_z`, `orientation`, `spawntimesecs`, `spawndist`, `currentwaypoint`, `curhealth`, `curmana`, `MovementType`, `unit_flags`, `pool_id`, `patch_min`, `patch_max`) VALUES ('145403', '530', '1', NULL, '0', '9840.9', '-7878.33', '39.4288', '0.111438', '120', '15', '0', '0', '0', '1', '0', '0', '0', '10');
INSERT INTO creature_entry (`spawnID`, `entry`) VALUES ('145404', '15650');
INSERT INTO creature (`spawnID`, `map`, `spawnMask`, `modelid`, `equipment_id`, `position_x`, `position_y`, `position_z`, `orientation`, `spawntimesecs`, `spawndist`, `currentwaypoint`, `curhealth`, `curmana`, `MovementType`, `unit_flags`, `pool_id`, `patch_min`, `patch_max`) VALUES ('145404', '530', '1', NULL, '0', '9008.5', '-8056.9', '185.969', '1.12549', '120', '15', '0', '0', '0', '1', '0', '0', '0', '10');
INSERT INTO creature_entry (`spawnID`, `entry`) VALUES ('145405', '15650');
INSERT INTO creature (`spawnID`, `map`, `spawnMask`, `modelid`, `equipment_id`, `position_x`, `position_y`, `position_z`, `orientation`, `spawntimesecs`, `spawndist`, `currentwaypoint`, `curhealth`, `curmana`, `MovementType`, `unit_flags`, `pool_id`, `patch_min`, `patch_max`) VALUES ('145405', '530', '1', NULL, '0', '9009.82', '-7833.29', '159.557', '4.88718', '120', '15', '0', '0', '0', '1', '0', '0', '0', '10');
INSERT INTO creature_entry (`spawnID`, `entry`) VALUES ('145406', '15650');
INSERT INTO creature (`spawnID`, `map`, `spawnMask`, `modelid`, `equipment_id`, `position_x`, `position_y`, `position_z`, `orientation`, `spawntimesecs`, `spawndist`, `currentwaypoint`, `curhealth`, `curmana`, `MovementType`, `unit_flags`, `pool_id`, `patch_min`, `patch_max`) VALUES ('145406', '530', '1', NULL, '0', '9015.15', '-7667.34', '140.847', '4.70555', '120', '15', '0', '0', '0', '1', '0', '0', '0', '10');
INSERT INTO creature_entry (`spawnID`, `entry`) VALUES ('145407', '15650');
INSERT INTO creature (`spawnID`, `map`, `spawnMask`, `modelid`, `equipment_id`, `position_x`, `position_y`, `position_z`, `orientation`, `spawntimesecs`, `spawndist`, `currentwaypoint`, `curhealth`, `curmana`, `MovementType`, `unit_flags`, `pool_id`, `patch_min`, `patch_max`) VALUES ('145407', '530', '1', NULL, '0', '8824.38', '-7819.19', '175.333', '3.44483', '120', '15', '0', '0', '0', '1', '0', '0', '0', '10');
INSERT INTO creature_entry (`spawnID`, `entry`) VALUES ('145408', '15650');
INSERT INTO creature (`spawnID`, `map`, `spawnMask`, `modelid`, `equipment_id`, `position_x`, `position_y`, `position_z`, `orientation`, `spawntimesecs`, `spawndist`, `currentwaypoint`, `curhealth`, `curmana`, `MovementType`, `unit_flags`, `pool_id`, `patch_min`, `patch_max`) VALUES ('145408', '530', '1', NULL, '0', '8785.42', '-7913.55', '175.967', '0.757781', '120', '15', '0', '0', '0', '1', '0', '0', '0', '10');
INSERT INTO creature_entry (`spawnID`, `entry`) VALUES ('145409', '15650');
INSERT INTO creature (`spawnID`, `map`, `spawnMask`, `modelid`, `equipment_id`, `position_x`, `position_y`, `position_z`, `orientation`, `spawntimesecs`, `spawndist`, `currentwaypoint`, `curhealth`, `curmana`, `MovementType`, `unit_flags`, `pool_id`, `patch_min`, `patch_max`) VALUES ('145409', '530', '1', NULL, '0', '8848.31', '-7942.78', '220.488', '5.06499', '120', '15', '0', '0', '0', '1', '0', '0', '0', '10');
INSERT INTO creature_entry (`spawnID`, `entry`) VALUES ('145410', '15650');
INSERT INTO creature (`spawnID`, `map`, `spawnMask`, `modelid`, `equipment_id`, `position_x`, `position_y`, `position_z`, `orientation`, `spawntimesecs`, `spawndist`, `currentwaypoint`, `curhealth`, `curmana`, `MovementType`, `unit_flags`, `pool_id`, `patch_min`, `patch_max`) VALUES ('145410', '530', '1', NULL, '0', '8333.77', '-8008.46', '206.404', '2.31334', '120', '15', '0', '0', '0', '1', '0', '0', '0', '10');
INSERT INTO creature_entry (`spawnID`, `entry`) VALUES ('145411', '15650');
INSERT INTO creature (`spawnID`, `map`, `spawnMask`, `modelid`, `equipment_id`, `position_x`, `position_y`, `position_z`, `orientation`, `spawntimesecs`, `spawndist`, `currentwaypoint`, `curhealth`, `curmana`, `MovementType`, `unit_flags`, `pool_id`, `patch_min`, `patch_max`) VALUES ('145411', '530', '1', NULL, '0', '8269.03', '-8019.36', '224.738', '5.5116', '120', '15', '0', '0', '0', '1', '0', '0', '0', '10');
INSERT INTO creature_entry (`spawnID`, `entry`) VALUES ('145412', '15650');
INSERT INTO creature (`spawnID`, `map`, `spawnMask`, `modelid`, `equipment_id`, `position_x`, `position_y`, `position_z`, `orientation`, `spawntimesecs`, `spawndist`, `currentwaypoint`, `curhealth`, `curmana`, `MovementType`, `unit_flags`, `pool_id`, `patch_min`, `patch_max`) VALUES ('145412', '530', '1', NULL, '0', '8213.84', '-7896.64', '190.653', '2.801', '120', '15', '0', '0', '0', '1', '0', '0', '0', '10');
INSERT INTO creature_entry (`spawnID`, `entry`) VALUES ('145413', '15650');
INSERT INTO creature (`spawnID`, `map`, `spawnMask`, `modelid`, `equipment_id`, `position_x`, `position_y`, `position_z`, `orientation`, `spawntimesecs`, `spawndist`, `currentwaypoint`, `curhealth`, `curmana`, `MovementType`, `unit_flags`, `pool_id`, `patch_min`, `patch_max`) VALUES ('145413', '530', '1', NULL, '0', '8216.28', '-7952.17', '209.498', '1.65485', '120', '15', '0', '0', '0', '1', '0', '0', '0', '10');


-- Importing creature spawn with guid 55809 with import type REPLACE_ALL


-- Importing creature spawn with guid 55810 with import type REPLACE_ALL


-- Importing creature spawn with guid 55811 with import type REPLACE_ALL


-- Importing creature spawn with guid 55812 with import type REPLACE_ALL


-- Importing creature spawn with guid 55813 with import type REPLACE_ALL


-- Importing creature spawn with guid 55814 with import type REPLACE_ALL


-- Importing creature spawn with guid 55815 with import type REPLACE_ALL


-- Importing creature spawn with guid 55816 with import type REPLACE_ALL


-- Importing creature spawn with guid 55817 with import type REPLACE_ALL


-- Importing creature spawn with guid 55818 with import type REPLACE_ALL


-- Importing creature spawn with guid 55819 with import type REPLACE_ALL


-- Importing creature spawn with guid 55820 with import type REPLACE_ALL


-- Importing creature spawn with guid 55821 with import type REPLACE_ALL


-- Importing creature spawn with guid 55822 with import type REPLACE_ALL


-- Importing creature spawn with guid 55823 with import type REPLACE_ALL


-- Importing creature spawn with guid 55824 with import type REPLACE_ALL


-- Importing creature spawn with guid 55825 with import type REPLACE_ALL


-- Importing creature spawn with guid 55826 with import type REPLACE_ALL


-- Importing creature spawn with guid 55827 with import type REPLACE_ALL


-- Importing creature spawn with guid 55828 with import type REPLACE_ALL


-- Importing creature spawn with guid 55829 with import type REPLACE_ALL


-- Importing creature spawn with guid 55830 with import type REPLACE_ALL


-- Importing creature spawn with guid 55831 with import type REPLACE_ALL


-- Importing creature spawn with guid 55832 with import type REPLACE_ALL


-- Importing creature spawn with guid 55833 with import type REPLACE_ALL


-- Importing creature spawn with guid 55834 with import type REPLACE_ALL


-- Importing creature spawn with guid 55835 with import type REPLACE_ALL


-- Importing creature spawn with guid 55836 with import type REPLACE_ALL


-- Importing creature spawn with guid 55837 with import type REPLACE_ALL


-- Importing creature spawn with guid 55838 with import type REPLACE_ALL


-- Importing creature spawn with guid 55839 with import type REPLACE_ALL


-- Importing creature spawn with guid 55840 with import type REPLACE_ALL


-- Importing creature spawn with guid 55841 with import type REPLACE_ALL


-- Importing creature spawn with guid 55842 with import type REPLACE_ALL


-- Importing creature spawn with guid 55843 with import type REPLACE_ALL


-- Importing creature spawn with guid 55844 with import type REPLACE_ALL


-- Importing creature spawn with guid 55845 with import type REPLACE_ALL


-- Importing creature spawn with guid 55846 with import type REPLACE_ALL


-- Importing creature spawn with guid 55847 with import type REPLACE_ALL


-- Importing creature spawn with guid 55848 with import type REPLACE_ALL


-- Importing creature spawn with guid 55849 with import type REPLACE_ALL


-- Importing creature spawn with guid 55850 with import type REPLACE_ALL


-- Importing creature spawn with guid 55851 with import type REPLACE_ALL


-- Importing creature spawn with guid 55852 with import type REPLACE_ALL


-- Importing creature spawn with guid 55853 with import type REPLACE_ALL


-- Importing creature spawn with guid 55854 with import type REPLACE_ALL


-- Importing creature spawn with guid 55855 with import type REPLACE_ALL


-- Importing creature spawn with guid 55856 with import type REPLACE_ALL


-- Importing creature spawn with guid 55857 with import type REPLACE_ALL


-- Importing creature spawn with guid 55858 with import type REPLACE_ALL


-- Importing creature spawn with guid 55859 with import type REPLACE_ALL


-- Importing creature spawn with guid 55860 with import type REPLACE_ALL


-- Importing creature spawn with guid 55861 with import type REPLACE_ALL


-- Importing creature spawn with guid 55862 with import type REPLACE_ALL


-- Importing creature spawn with guid 55863 with import type REPLACE_ALL


-- Importing creature spawn with guid 55864 with import type REPLACE_ALL


-- Importing creature spawn with guid 55865 with import type REPLACE_ALL


-- Importing creature spawn with guid 55866 with import type REPLACE_ALL


-- Importing creature spawn with guid 55867 with import type REPLACE_ALL


-- Importing creature spawn with guid 55868 with import type REPLACE_ALL


-- Importing creature spawn with guid 55869 with import type REPLACE_ALL


-- Importing creature spawn with guid 55870 with import type REPLACE_ALL


-- Importing creature spawn with guid 55871 with import type REPLACE_ALL


-- Importing creature spawn with guid 55872 with import type REPLACE_ALL


-- Importing creature spawn with guid 55873 with import type REPLACE_ALL


-- Importing creature spawn with guid 55874 with import type REPLACE_ALL


-- Importing creature spawn with guid 55875 with import type REPLACE_ALL


-- Importing creature spawn with guid 55876 with import type REPLACE_ALL


-- Importing creature spawn with guid 55877 with import type REPLACE_ALL


-- Importing creature spawn with guid 55878 with import type REPLACE_ALL


-- Importing creature spawn with guid 55879 with import type REPLACE_ALL


-- Importing creature spawn with guid 55880 with import type REPLACE_ALL


-- Importing creature spawn with guid 55881 with import type REPLACE_ALL


-- Importing creature spawn with guid 55882 with import type REPLACE_ALL


-- Importing creature spawn with guid 55883 with import type REPLACE_ALL


-- Importing creature spawn with guid 55884 with import type REPLACE_ALL


-- Importing creature spawn with guid 55885 with import type REPLACE_ALL


-- Importing creature spawn with guid 55886 with import type REPLACE_ALL


-- Importing creature spawn with guid 55887 with import type REPLACE_ALL


-- Importing creature spawn with guid 55888 with import type REPLACE_ALL


-- Importing creature spawn with guid 55889 with import type REPLACE_ALL


-- Importing creature spawn with guid 55890 with import type REPLACE_ALL


-- Importing creature spawn with guid 55891 with import type REPLACE_ALL


-- Importing creature spawn with guid 55892 with import type REPLACE_ALL


-- Importing creature spawn with guid 55893 with import type REPLACE_ALL


-- Importing creature spawn with guid 55894 with import type REPLACE_ALL


-- Importing creature spawn with guid 55895 with import type REPLACE_ALL


-- Importing creature spawn with guid 55896 with import type REPLACE_ALL


-- Importing creature spawn with guid 55897 with import type REPLACE_ALL


-- Importing creature spawn with guid 55898 with import type REPLACE_ALL


-- Importing creature spawn with guid 55899 with import type REPLACE_ALL


-- Importing creature spawn with guid 55900 with import type REPLACE_ALL


-- Importing creature spawn with guid 55901 with import type REPLACE_ALL


-- Importing creature spawn with guid 55902 with import type REPLACE_ALL


-- Importing creature spawn with guid 55904 with import type REPLACE_ALL


-- Importing creature spawn with guid 55905 with import type REPLACE_ALL


-- Importing creature spawn with guid 55906 with import type REPLACE_ALL


-- Importing creature spawn with guid 55907 with import type REPLACE_ALL


-- Importing creature spawn with guid 55908 with import type REPLACE_ALL


-- Importing creature spawn with guid 55909 with import type REPLACE_ALL


-- Importing creature spawn with guid 55910 with import type REPLACE_ALL


-- Importing creature spawn with guid 55911 with import type REPLACE_ALL


-- Importing creature spawn with guid 55912 with import type REPLACE_ALL


-- Importing creature spawn with guid 55913 with import type REPLACE_ALL


-- Importing creature spawn with guid 55914 with import type REPLACE_ALL


-- Importing creature spawn with guid 55915 with import type REPLACE_ALL


-- Importing creature spawn with guid 55916 with import type REPLACE_ALL


-- Importing creature spawn with guid 55917 with import type REPLACE_ALL


-- Importing creature spawn with guid 55918 with import type REPLACE_ALL


-- Importing creature spawn with guid 55919 with import type REPLACE_ALL
INSERT INTO creature_entry (`spawnID`, `entry`) VALUES ('55923', '15651');
INSERT INTO creature (`spawnID`, `map`, `spawnMask`, `modelid`, `equipment_id`, `position_x`, `position_y`, `position_z`, `orientation`, `spawntimesecs`, `spawndist`, `currentwaypoint`, `curhealth`, `curmana`, `MovementType`, `unit_flags`, `pool_id`, `patch_min`, `patch_max`) VALUES ('55923', '530', '1', NULL, '0', '9337.78', '-6581.5', '40.0598', '3.76973', '300', '10', '0', '120', '0', '1', '0', '0', '0', '10');
INSERT INTO spawn_group (`groupId`, `spawnType`, `spawnId`) VALUES ('2', '0', '55923');
INSERT INTO creature_entry (`spawnID`, `entry`) VALUES ('145382', '15651');
INSERT INTO creature (`spawnID`, `map`, `spawnMask`, `modelid`, `equipment_id`, `position_x`, `position_y`, `position_z`, `orientation`, `spawntimesecs`, `spawndist`, `currentwaypoint`, `curhealth`, `curmana`, `MovementType`, `unit_flags`, `pool_id`, `patch_min`, `patch_max`) VALUES ('145382', '530', '1', NULL, '0', '8653.92', '-5784.07', '18.1505', '3.12011', '120', '15', '0', '0', '0', '1', '0', '0', '0', '10');
INSERT INTO spawn_group (`groupId`, `spawnType`, `spawnId`) VALUES ('2', '0', '145382');
INSERT INTO creature_entry (`spawnID`, `entry`) VALUES ('145383', '15651');
INSERT INTO creature (`spawnID`, `map`, `spawnMask`, `modelid`, `equipment_id`, `position_x`, `position_y`, `position_z`, `orientation`, `spawntimesecs`, `spawndist`, `currentwaypoint`, `curhealth`, `curmana`, `MovementType`, `unit_flags`, `pool_id`, `patch_min`, `patch_max`) VALUES ('145383', '530', '1', NULL, '0', '10048', '-6717.27', '31.0337', '4.65147', '120', '15', '0', '0', '0', '1', '0', '0', '0', '10');
INSERT INTO spawn_group (`groupId`, `spawnType`, `spawnId`) VALUES ('2', '0', '145383');
INSERT INTO creature_entry (`spawnID`, `entry`) VALUES ('145384', '15651');
INSERT INTO creature (`spawnID`, `map`, `spawnMask`, `modelid`, `equipment_id`, `position_x`, `position_y`, `position_z`, `orientation`, `spawntimesecs`, `spawndist`, `currentwaypoint`, `curhealth`, `curmana`, `MovementType`, `unit_flags`, `pool_id`, `patch_min`, `patch_max`) VALUES ('145384', '530', '1', NULL, '0', '10116.2', '-7079.96', '11.6508', '5.20246', '120', '15', '0', '0', '0', '1', '0', '0', '0', '10');
INSERT INTO spawn_group (`groupId`, `spawnType`, `spawnId`) VALUES ('2', '0', '145384');
INSERT INTO creature_entry (`spawnID`, `entry`) VALUES ('145385', '15651');
INSERT INTO creature (`spawnID`, `map`, `spawnMask`, `modelid`, `equipment_id`, `position_x`, `position_y`, `position_z`, `orientation`, `spawntimesecs`, `spawndist`, `currentwaypoint`, `curhealth`, `curmana`, `MovementType`, `unit_flags`, `pool_id`, `patch_min`, `patch_max`) VALUES ('145385', '530', '1', NULL, '0', '10119.6', '-7117.23', '11.1362', '5.61038', '120', '15', '0', '0', '0', '1', '0', '0', '0', '10');
INSERT INTO spawn_group (`groupId`, `spawnType`, `spawnId`) VALUES ('2', '0', '145385');
INSERT INTO creature_entry (`spawnID`, `entry`) VALUES ('145386', '15651');
INSERT INTO creature (`spawnID`, `map`, `spawnMask`, `modelid`, `equipment_id`, `position_x`, `position_y`, `position_z`, `orientation`, `spawntimesecs`, `spawndist`, `currentwaypoint`, `curhealth`, `curmana`, `MovementType`, `unit_flags`, `pool_id`, `patch_min`, `patch_max`) VALUES ('145386', '530', '1', NULL, '0', '10245.1', '-7154.26', '5.37935', '3.82457', '120', '15', '0', '0', '0', '1', '0', '0', '0', '10');
INSERT INTO spawn_group (`groupId`, `spawnType`, `spawnId`) VALUES ('2', '0', '145386');
INSERT INTO creature_entry (`spawnID`, `entry`) VALUES ('145387', '15651');
INSERT INTO creature (`spawnID`, `map`, `spawnMask`, `modelid`, `equipment_id`, `position_x`, `position_y`, `position_z`, `orientation`, `spawntimesecs`, `spawndist`, `currentwaypoint`, `curhealth`, `curmana`, `MovementType`, `unit_flags`, `pool_id`, `patch_min`, `patch_max`) VALUES ('145387', '530', '1', NULL, '0', '10312.5', '-7285.69', '10.4436', '3.959', '120', '15', '0', '0', '0', '1', '0', '0', '0', '10');
INSERT INTO spawn_group (`groupId`, `spawnType`, `spawnId`) VALUES ('2', '0', '145387');
INSERT INTO creature_entry (`spawnID`, `entry`) VALUES ('145388', '15651');
INSERT INTO creature (`spawnID`, `map`, `spawnMask`, `modelid`, `equipment_id`, `position_x`, `position_y`, `position_z`, `orientation`, `spawntimesecs`, `spawndist`, `currentwaypoint`, `curhealth`, `curmana`, `MovementType`, `unit_flags`, `pool_id`, `patch_min`, `patch_max`) VALUES ('145388', '530', '1', NULL, '0', '155.74', '-7315.17', '46.8927', '1.7475', '120', '15', '0', '0', '0', '1', '0', '0', '0', '10');
INSERT INTO spawn_group (`groupId`, `spawnType`, `spawnId`) VALUES ('2', '0', '145388');
INSERT INTO creature_entry (`spawnID`, `entry`) VALUES ('145389', '15651');
INSERT INTO creature (`spawnID`, `map`, `spawnMask`, `modelid`, `equipment_id`, `position_x`, `position_y`, `position_z`, `orientation`, `spawntimesecs`, `spawndist`, `currentwaypoint`, `curhealth`, `curmana`, `MovementType`, `unit_flags`, `pool_id`, `patch_min`, `patch_max`) VALUES ('145389', '530', '1', NULL, '0', '10212.8', '-7312.3', '43.83', '2.297', '120', '15', '0', '0', '0', '1', '0', '0', '0', '10');
INSERT INTO spawn_group (`groupId`, `spawnType`, `spawnId`) VALUES ('2', '0', '145389');
INSERT INTO creature_entry (`spawnID`, `entry`) VALUES ('145390', '15651');
INSERT INTO creature (`spawnID`, `map`, `spawnMask`, `modelid`, `equipment_id`, `position_x`, `position_y`, `position_z`, `orientation`, `spawntimesecs`, `spawndist`, `currentwaypoint`, `curhealth`, `curmana`, `MovementType`, `unit_flags`, `pool_id`, `patch_min`, `patch_max`) VALUES ('145390', '530', '1', NULL, '0', '10120.5', '-7380.65', '41.2555', '3.73935', '120', '15', '0', '0', '0', '1', '0', '0', '0', '10');
INSERT INTO spawn_group (`groupId`, `spawnType`, `spawnId`) VALUES ('2', '0', '145390');
INSERT INTO creature_entry (`spawnID`, `entry`) VALUES ('145391', '15651');
INSERT INTO creature (`spawnID`, `map`, `spawnMask`, `modelid`, `equipment_id`, `position_x`, `position_y`, `position_z`, `orientation`, `spawntimesecs`, `spawndist`, `currentwaypoint`, `curhealth`, `curmana`, `MovementType`, `unit_flags`, `pool_id`, `patch_min`, `patch_max`) VALUES ('145391', '530', '1', NULL, '0', '10222.1', '-7377.51', '42.6799', '6.21672', '120', '15', '0', '0', '0', '1', '0', '0', '0', '10');
INSERT INTO spawn_group (`groupId`, `spawnType`, `spawnId`) VALUES ('2', '0', '145391');
INSERT INTO creature_entry (`spawnID`, `entry`) VALUES ('145392', '15651');
INSERT INTO creature (`spawnID`, `map`, `spawnMask`, `modelid`, `equipment_id`, `position_x`, `position_y`, `position_z`, `orientation`, `spawntimesecs`, `spawndist`, `currentwaypoint`, `curhealth`, `curmana`, `MovementType`, `unit_flags`, `pool_id`, `patch_min`, `patch_max`) VALUES ('145392', '530', '1', NULL, '0', '10287.6', '-7510.91', '45.4785', '4.32842', '120', '15', '0', '0', '0', '1', '0', '0', '0', '10');
INSERT INTO spawn_group (`groupId`, `spawnType`, `spawnId`) VALUES ('2', '0', '145392');
INSERT INTO creature_entry (`spawnID`, `entry`) VALUES ('145393', '15651');
INSERT INTO creature (`spawnID`, `map`, `spawnMask`, `modelid`, `equipment_id`, `position_x`, `position_y`, `position_z`, `orientation`, `spawntimesecs`, `spawndist`, `currentwaypoint`, `curhealth`, `curmana`, `MovementType`, `unit_flags`, `pool_id`, `patch_min`, `patch_max`) VALUES ('145393', '530', '1', NULL, '0', '10307.2', '-7600.33', '27.6702', '1.3225', '120', '15', '0', '0', '0', '1', '0', '0', '0', '10');
INSERT INTO spawn_group (`groupId`, `spawnType`, `spawnId`) VALUES ('2', '0', '145393');
INSERT INTO creature_entry (`spawnID`, `entry`) VALUES ('145394', '15651');
INSERT INTO creature (`spawnID`, `map`, `spawnMask`, `modelid`, `equipment_id`, `position_x`, `position_y`, `position_z`, `orientation`, `spawntimesecs`, `spawndist`, `currentwaypoint`, `curhealth`, `curmana`, `MovementType`, `unit_flags`, `pool_id`, `patch_min`, `patch_max`) VALUES ('145394', '530', '1', NULL, '0', '10261.3', '-7483.15', '64.0185', '4.31096', '120', '15', '0', '0', '0', '1', '0', '0', '0', '10');
INSERT INTO spawn_group (`groupId`, `spawnType`, `spawnId`) VALUES ('2', '0', '145394');
INSERT INTO creature_entry (`spawnID`, `entry`) VALUES ('145395', '15651');
INSERT INTO creature (`spawnID`, `map`, `spawnMask`, `modelid`, `equipment_id`, `position_x`, `position_y`, `position_z`, `orientation`, `spawntimesecs`, `spawndist`, `currentwaypoint`, `curhealth`, `curmana`, `MovementType`, `unit_flags`, `pool_id`, `patch_min`, `patch_max`) VALUES ('145395', '530', '1', NULL, '0', '10222.9', '-7613.92', '61.7016', '2.48255', '120', '15', '0', '0', '0', '1', '0', '0', '0', '10');
INSERT INTO spawn_group (`groupId`, `spawnType`, `spawnId`) VALUES ('2', '0', '145395');
DELETE ce, c1, c2, sg FROM creature_entry ce LEFT JOIN conditions c1 ON c1.ConditionTypeOrReference = 31 AND c1.ConditionValue1 = 3 AND c1.ConditionValue3 = 1055351 LEFT JOIN conditions c2 ON c2.SourceTypeOrReferenceId = 22 AND c2.SourceId = 0 AND c1.SourceEntry = -1055351 LEFT JOIN spawn_group sg ON sg.spawnId = 1055351 AND spawnType = 0 WHERE ce.spawnID = 1055351;
DELETE ce, c1, c2, sg FROM creature_entry ce LEFT JOIN conditions c1 ON c1.ConditionTypeOrReference = 31 AND c1.ConditionValue1 = 3 AND c1.ConditionValue3 = 1055374 LEFT JOIN conditions c2 ON c2.SourceTypeOrReferenceId = 22 AND c2.SourceId = 0 AND c1.SourceEntry = -1055374 LEFT JOIN spawn_group sg ON sg.spawnId = 1055374 AND spawnType = 0 WHERE ce.spawnID = 1055374;


-- Importing creature spawn with guid 55920 with import type REPLACE_ALL


-- Importing creature spawn with guid 55921 with import type REPLACE_ALL


-- Importing creature spawn with guid 55922 with import type REPLACE_ALL


-- Importing creature spawn with guid 55923 with import type REPLACE_ALL


-- Importing creature spawn with guid 55924 with import type REPLACE_ALL


-- Importing creature spawn with guid 55925 with import type REPLACE_ALL


-- Importing creature spawn with guid 55926 with import type REPLACE_ALL


-- Importing creature spawn with guid 55927 with import type REPLACE_ALL


-- Importing creature spawn with guid 55928 with import type REPLACE_ALL


-- Importing creature spawn with guid 55929 with import type REPLACE_ALL


-- Importing creature spawn with guid 55930 with import type REPLACE_ALL


-- Importing creature spawn with guid 55931 with import type REPLACE_ALL


-- Importing creature spawn with guid 55932 with import type REPLACE_ALL


-- Importing creature spawn with guid 55933 with import type REPLACE_ALL


-- Importing creature spawn with guid 55934 with import type REPLACE_ALL


-- Importing creature spawn with guid 55935 with import type REPLACE_ALL


-- Importing creature spawn with guid 55936 with import type REPLACE_ALL


-- Importing creature spawn with guid 55937 with import type REPLACE_ALL


-- Importing creature spawn with guid 55938 with import type REPLACE_ALL


-- Importing creature spawn with guid 55939 with import type REPLACE_ALL


-- Importing creature spawn with guid 55940 with import type REPLACE_ALL


-- Importing creature spawn with guid 55941 with import type REPLACE_ALL


-- Importing creature spawn with guid 55942 with import type REPLACE_ALL


-- Importing creature spawn with guid 55943 with import type REPLACE_ALL


-- Importing creature spawn with guid 55944 with import type REPLACE_ALL


-- Importing creature spawn with guid 55945 with import type REPLACE_ALL


-- Importing creature spawn with guid 55947 with import type REPLACE_ALL


-- Importing creature spawn with guid 55948 with import type REPLACE_ALL


-- Importing creature spawn with guid 55949 with import type REPLACE_ALL


-- Importing creature spawn with guid 55950 with import type REPLACE_ALL


-- Importing creature spawn with guid 55951 with import type REPLACE_ALL


-- Importing creature spawn with guid 55952 with import type REPLACE_ALL


-- Importing creature spawn with guid 55953 with import type REPLACE_ALL


-- Importing creature spawn with guid 55954 with import type REPLACE_ALL


-- Importing creature spawn with guid 55955 with import type REPLACE_ALL


-- Importing creature spawn with guid 55956 with import type REPLACE_ALL


-- Importing creature spawn with guid 55957 with import type REPLACE_ALL


-- Importing creature spawn with guid 55958 with import type REPLACE_ALL


-- Importing creature spawn with guid 55959 with import type REPLACE_ALL


-- Importing creature spawn with guid 55960 with import type REPLACE_ALL


-- Importing creature spawn with guid 55961 with import type REPLACE_ALL


-- Importing creature spawn with guid 55962 with import type REPLACE_ALL


-- Importing creature spawn with guid 55963 with import type REPLACE_ALL


-- Importing creature spawn with guid 55964 with import type REPLACE_ALL


-- Importing creature spawn with guid 55965 with import type REPLACE_ALL


-- Importing creature spawn with guid 55966 with import type REPLACE_ALL


-- Importing creature spawn with guid 55967 with import type REPLACE_ALL


-- Importing creature spawn with guid 55968 with import type REPLACE_ALL


-- Importing creature spawn with guid 55969 with import type REPLACE_ALL


-- Importing creature spawn with guid 55970 with import type REPLACE_ALL


-- Importing creature spawn with guid 55971 with import type REPLACE_ALL


-- Importing creature spawn with guid 55972 with import type REPLACE_ALL


-- Importing creature spawn with guid 55973 with import type REPLACE_ALL


-- Importing creature spawn with guid 55974 with import type REPLACE_ALL


-- Importing creature spawn with guid 55975 with import type REPLACE_ALL


-- Importing creature spawn with guid 55976 with import type REPLACE_ALL


-- Importing creature spawn with guid 55977 with import type REPLACE_ALL


-- Importing creature spawn with guid 55978 with import type REPLACE_ALL


-- Importing creature spawn with guid 55979 with import type REPLACE_ALL


-- Importing creature spawn with guid 55980 with import type REPLACE_ALL


-- Importing creature spawn with guid 55981 with import type REPLACE_ALL


-- Importing creature spawn with guid 55982 with import type REPLACE_ALL


-- Importing creature spawn with guid 55983 with import type REPLACE_ALL


-- Importing creature spawn with guid 55984 with import type REPLACE_ALL


-- Importing creature spawn with guid 55986 with import type REPLACE_ALL


-- Importing creature spawn with guid 56020 with import type REPLACE_ALL
INSERT INTO creature_entry (`spawnID`, `entry`) VALUES ('56043', '15654');
INSERT INTO creature (`spawnID`, `map`, `spawnMask`, `modelid`, `equipment_id`, `position_x`, `position_y`, `position_z`, `orientation`, `spawntimesecs`, `spawndist`, `currentwaypoint`, `curhealth`, `curmana`, `MovementType`, `unit_flags`, `pool_id`, `patch_min`, `patch_max`) VALUES ('56043', '530', '1', NULL, '1', '9028.84', '-6913.8', '16.7695', '6.14966', '120', '0', '0', '102', '0', '0', '0', '0', '0', '10');
INSERT INTO creature_addon (`spawnID`, `path_id`, `mount`, `bytes0`, `bytes1`, `bytes2`, `emote`, `auras`) VALUES ('56043', NULL, '0', '0', '0', '0', '0', NULL);
INSERT INTO spawn_group (`groupId`, `spawnType`, `spawnId`) VALUES ('2', '0', '56043');
INSERT INTO creature_entry (`spawnID`, `entry`) VALUES ('85651', '15654');
INSERT INTO creature (`spawnID`, `map`, `spawnMask`, `modelid`, `equipment_id`, `position_x`, `position_y`, `position_z`, `orientation`, `spawntimesecs`, `spawndist`, `currentwaypoint`, `curhealth`, `curmana`, `MovementType`, `unit_flags`, `pool_id`, `patch_min`, `patch_max`) VALUES ('85651', '530', '1', NULL, '0', '9280.22', '-7007.69', '6.44821', '5.97162', '120', '5', '0', '0', '0', '1', '0', '0', '0', '10');
INSERT INTO spawn_group (`groupId`, `spawnType`, `spawnId`) VALUES ('2', '0', '85651');
DELETE ce, c1, c2, sg FROM creature_entry ce LEFT JOIN conditions c1 ON c1.ConditionTypeOrReference = 31 AND c1.ConditionValue1 = 3 AND c1.ConditionValue3 = 1055470 LEFT JOIN conditions c2 ON c2.SourceTypeOrReferenceId = 22 AND c2.SourceId = 0 AND c1.SourceEntry = -1055470 LEFT JOIN spawn_group sg ON sg.spawnId = 1055470 AND spawnType = 0 WHERE ce.spawnID = 1055470;


-- Importing creature spawn with guid 56021 with import type REPLACE_ALL


-- Importing creature spawn with guid 56022 with import type REPLACE_ALL


-- Importing creature spawn with guid 56023 with import type REPLACE_ALL


-- Importing creature spawn with guid 56024 with import type REPLACE_ALL


-- Importing creature spawn with guid 56025 with import type REPLACE_ALL


-- Importing creature spawn with guid 56026 with import type REPLACE_ALL


-- Importing creature spawn with guid 56027 with import type REPLACE_ALL


-- Importing creature spawn with guid 56028 with import type REPLACE_ALL


-- Importing creature spawn with guid 56029 with import type REPLACE_ALL


-- Importing creature spawn with guid 56030 with import type REPLACE_ALL


-- Importing creature spawn with guid 56031 with import type REPLACE_ALL


-- Importing creature spawn with guid 56032 with import type REPLACE_ALL


-- Importing creature spawn with guid 56033 with import type REPLACE_ALL


-- Importing creature spawn with guid 56034 with import type REPLACE_ALL


-- Importing creature spawn with guid 56035 with import type REPLACE_ALL


-- Importing creature spawn with guid 56036 with import type REPLACE_ALL


-- Importing creature spawn with guid 56037 with import type REPLACE_ALL


-- Importing creature spawn with guid 56038 with import type REPLACE_ALL


-- Importing creature spawn with guid 56039 with import type REPLACE_ALL


-- Importing creature spawn with guid 56040 with import type REPLACE_ALL


-- Importing creature spawn with guid 56041 with import type REPLACE_ALL


-- Importing creature spawn with guid 56042 with import type REPLACE_ALL


-- Importing creature spawn with guid 56043 with import type REPLACE_ALL


-- Importing creature spawn with guid 56044 with import type REPLACE_ALL


-- Importing creature spawn with guid 56045 with import type REPLACE_ALL


-- Importing creature spawn with guid 56046 with import type REPLACE_ALL


-- Importing creature spawn with guid 56047 with import type REPLACE_ALL


-- Importing creature spawn with guid 56048 with import type REPLACE_ALL


-- Importing creature spawn with guid 56049 with import type REPLACE_ALL


-- Importing creature spawn with guid 56050 with import type REPLACE_ALL


-- Importing creature spawn with guid 56051 with import type REPLACE_ALL


-- Importing creature spawn with guid 56052 with import type REPLACE_ALL


-- Importing creature spawn with guid 56053 with import type REPLACE_ALL


-- Importing creature spawn with guid 56054 with import type REPLACE_ALL


-- Importing creature spawn with guid 56055 with import type REPLACE_ALL


-- Importing creature spawn with guid 56056 with import type REPLACE_ALL


-- Importing creature spawn with guid 56057 with import type REPLACE_ALL


-- Importing creature spawn with guid 56058 with import type REPLACE_ALL


-- Importing creature spawn with guid 56059 with import type REPLACE_ALL


-- Importing creature spawn with guid 56060 with import type REPLACE_ALL


-- Importing creature spawn with guid 56061 with import type REPLACE_ALL


-- Importing creature spawn with guid 56062 with import type REPLACE_ALL


-- Importing creature spawn with guid 56063 with import type REPLACE_ALL


-- Importing creature spawn with guid 56064 with import type REPLACE_ALL


-- Importing creature spawn with guid 56065 with import type REPLACE_ALL


-- Importing creature spawn with guid 56066 with import type REPLACE_ALL


-- Importing creature spawn with guid 68540 with import type REPLACE_ALL


-- Importing creature spawn with guid 85649 with import type REPLACE_ALL


-- Importing creature spawn with guid 85648 with import type REPLACE_ALL


-- Importing creature spawn with guid 85647 with import type REPLACE_ALL


-- Importing creature spawn with guid 57753 with import type REPLACE_ALL
INSERT INTO creature_entry (`spawnID`, `entry`) VALUES ('57759', '16769');
INSERT INTO creature (`spawnID`, `map`, `spawnMask`, `modelid`, `equipment_id`, `position_x`, `position_y`, `position_z`, `orientation`, `spawntimesecs`, `spawndist`, `currentwaypoint`, `curhealth`, `curmana`, `MovementType`, `unit_flags`, `pool_id`, `patch_min`, `patch_max`) VALUES ('57759', '530', '1', NULL, '1', '-2357.14', '3249.92', '-3.13053', '0.980627', '300', '0', '0', '4422', '2620', '0', '0', '0', '0', '10');
INSERT INTO creature_addon (`spawnID`, `path_id`, `mount`, `bytes0`, `bytes1`, `bytes2`, `emote`, `auras`) VALUES ('57759', NULL, '0', '0', '0', '4097', '0', NULL);
INSERT INTO spawn_group (`groupId`, `spawnType`, `spawnId`) VALUES ('2', '0', '57759');
INSERT INTO creature_entry (`spawnID`, `entry`) VALUES ('57769', '16769');
INSERT INTO creature (`spawnID`, `map`, `spawnMask`, `modelid`, `equipment_id`, `position_x`, `position_y`, `position_z`, `orientation`, `spawntimesecs`, `spawndist`, `currentwaypoint`, `curhealth`, `curmana`, `MovementType`, `unit_flags`, `pool_id`, `patch_min`, `patch_max`) VALUES ('57769', '530', '1', NULL, '1', '-2290.05', '3247.82', '-1.02317', '1.53562', '300', '0', '0', '4422', '2620', '0', '0', '0', '0', '10');
INSERT INTO creature_addon (`spawnID`, `path_id`, `mount`, `bytes0`, `bytes1`, `bytes2`, `emote`, `auras`) VALUES ('57769', NULL, '0', '0', '0', '4097', '0', NULL);
INSERT INTO spawn_group (`groupId`, `spawnType`, `spawnId`) VALUES ('2', '0', '57769');
INSERT INTO creature_entry (`spawnID`, `entry`) VALUES ('57772', '16769');
INSERT INTO creature (`spawnID`, `map`, `spawnMask`, `modelid`, `equipment_id`, `position_x`, `position_y`, `position_z`, `orientation`, `spawntimesecs`, `spawndist`, `currentwaypoint`, `curhealth`, `curmana`, `MovementType`, `unit_flags`, `pool_id`, `patch_min`, `patch_max`) VALUES ('57772', '530', '1', NULL, '1', '-2329.17', '3276.49', '-0.365191', '1.14127', '300', '0', '0', '4422', '2620', '0', '0', '0', '0', '10');
INSERT INTO creature_addon (`spawnID`, `path_id`, `mount`, `bytes0`, `bytes1`, `bytes2`, `emote`, `auras`) VALUES ('57772', NULL, '0', '0', '0', '4097', '0', NULL);
INSERT INTO spawn_group (`groupId`, `spawnType`, `spawnId`) VALUES ('2', '0', '57772');
DELETE ce, c1, c2, sg FROM creature_entry ce LEFT JOIN conditions c1 ON c1.ConditionTypeOrReference = 31 AND c1.ConditionValue1 = 3 AND c1.ConditionValue3 = 1310728 LEFT JOIN conditions c2 ON c2.SourceTypeOrReferenceId = 22 AND c2.SourceId = 0 AND c1.SourceEntry = -1310728 LEFT JOIN spawn_group sg ON sg.spawnId = 1310728 AND spawnType = 0 WHERE ce.spawnID = 1310728;
DELETE ce, c1, c2, sg FROM creature_entry ce LEFT JOIN conditions c1 ON c1.ConditionTypeOrReference = 31 AND c1.ConditionValue1 = 3 AND c1.ConditionValue3 = 1310811 LEFT JOIN conditions c2 ON c2.SourceTypeOrReferenceId = 22 AND c2.SourceId = 0 AND c1.SourceEntry = -1310811 LEFT JOIN spawn_group sg ON sg.spawnId = 1310811 AND spawnType = 0 WHERE ce.spawnID = 1310811;


-- Importing creature spawn with guid 57754 with import type REPLACE_ALL


-- Importing creature spawn with guid 57755 with import type REPLACE_ALL


-- Importing creature spawn with guid 57756 with import type REPLACE_ALL


-- Importing creature spawn with guid 57757 with import type REPLACE_ALL


-- Importing creature spawn with guid 57758 with import type REPLACE_ALL


-- Importing creature spawn with guid 57759 with import type REPLACE_ALL


-- Importing creature spawn with guid 57760 with import type REPLACE_ALL


-- Importing creature spawn with guid 57761 with import type REPLACE_ALL


-- Importing creature spawn with guid 57762 with import type REPLACE_ALL


-- Importing creature spawn with guid 57763 with import type REPLACE_ALL


-- Importing creature spawn with guid 57764 with import type REPLACE_ALL


-- Importing creature spawn with guid 57765 with import type REPLACE_ALL


-- Importing creature spawn with guid 57766 with import type REPLACE_ALL


-- Importing creature spawn with guid 57767 with import type REPLACE_ALL


-- Importing creature spawn with guid 57768 with import type REPLACE_ALL


-- Importing creature spawn with guid 57769 with import type REPLACE_ALL


-- Importing creature spawn with guid 57770 with import type REPLACE_ALL


-- Importing creature spawn with guid 57771 with import type REPLACE_ALL


-- Importing creature spawn with guid 57772 with import type REPLACE_ALL


-- Importing creature spawn with guid 57773 with import type REPLACE_ALL


-- Importing creature spawn with guid 57774 with import type REPLACE_ALL


-- Importing creature spawn with guid 57775 with import type REPLACE_ALL


-- Importing creature spawn with guid 57889 with import type REPLACE_ALL
INSERT INTO creature_entry (`spawnID`, `entry`) VALUES ('57889', '16831');
INSERT INTO creature (`spawnID`, `map`, `spawnMask`, `modelid`, `equipment_id`, `position_x`, `position_y`, `position_z`, `orientation`, `spawntimesecs`, `spawndist`, `currentwaypoint`, `curhealth`, `curmana`, `MovementType`, `unit_flags`, `pool_id`, `patch_min`, `patch_max`) VALUES ('57889', '530', '1', NULL, '1', '-785.971', '2655.97', '109.172', '0.331712', '300', '5', '0', '2871', '0', '1', '0', '0', '0', '10');
INSERT INTO creature_addon (`spawnID`, `path_id`, `mount`, `bytes0`, `bytes1`, `bytes2`, `emote`, `auras`) VALUES ('57889', NULL, '0', '0', '0', '4097', '69', NULL);
INSERT INTO creature_entry (`spawnID`, `entry`) VALUES ('57894', '16831');
INSERT INTO creature (`spawnID`, `map`, `spawnMask`, `modelid`, `equipment_id`, `position_x`, `position_y`, `position_z`, `orientation`, `spawntimesecs`, `spawndist`, `currentwaypoint`, `curhealth`, `curmana`, `MovementType`, `unit_flags`, `pool_id`, `patch_min`, `patch_max`) VALUES ('57894', '530', '1', NULL, '1', '-315.071', '2189.21', '68.7515', '5.93517', '300', '5', '0', '2871', '0', '1', '0', '0', '0', '10');
INSERT INTO creature_addon (`spawnID`, `path_id`, `mount`, `bytes0`, `bytes1`, `bytes2`, `emote`, `auras`) VALUES ('57894', NULL, '14583', '0', '0', '4097', '0', NULL);


-- Importing creature spawn with guid 57890 with import type REPLACE_ALL


-- Importing creature spawn with guid 57891 with import type REPLACE_ALL


-- Importing creature spawn with guid 57892 with import type REPLACE_ALL


-- Importing creature spawn with guid 57893 with import type REPLACE_ALL


-- Importing creature spawn with guid 57894 with import type REPLACE_ALL


-- Importing creature spawn with guid 57895 with import type REPLACE_ALL


-- Importing creature spawn with guid 57896 with import type REPLACE_ALL


-- Importing creature spawn with guid 57897 with import type REPLACE_ALL


-- Importing creature spawn with guid 57898 with import type REPLACE_ALL


-- Importing creature spawn with guid 57899 with import type REPLACE_ALL


-- Importing creature spawn with guid 57900 with import type REPLACE_ALL


-- Importing creature spawn with guid 57901 with import type REPLACE_ALL


-- Importing creature spawn with guid 57902 with import type REPLACE_ALL


-- Importing creature spawn with guid 57903 with import type REPLACE_ALL


-- Importing creature spawn with guid 57904 with import type REPLACE_ALL


-- Importing creature spawn with guid 58565 with import type REPLACE_ALL
INSERT INTO creature_entry (`spawnID`, `entry`) VALUES ('78634', '16904');
INSERT INTO creature (`spawnID`, `map`, `spawnMask`, `modelid`, `equipment_id`, `position_x`, `position_y`, `position_z`, `orientation`, `spawntimesecs`, `spawndist`, `currentwaypoint`, `curhealth`, `curmana`, `MovementType`, `unit_flags`, `pool_id`, `patch_min`, `patch_max`) VALUES ('78634', '530', '1', NULL, '0', '-1157.93', '2530.1', '50.0946', '4.86947', '120', '0', '0', '1', '0', '0', '0', '0', '0', '10');
INSERT INTO creature_addon (`spawnID`, `path_id`, `mount`, `bytes0`, `bytes1`, `bytes2`, `emote`, `auras`) VALUES ('78634', NULL, '0', '0', '0', '1', '333', NULL);
INSERT INTO spawn_group (`groupId`, `spawnType`, `spawnId`) VALUES ('2', '0', '78634');
INSERT INTO creature_entry (`spawnID`, `entry`) VALUES ('78635', '16904');
INSERT INTO creature (`spawnID`, `map`, `spawnMask`, `modelid`, `equipment_id`, `position_x`, `position_y`, `position_z`, `orientation`, `spawntimesecs`, `spawndist`, `currentwaypoint`, `curhealth`, `curmana`, `MovementType`, `unit_flags`, `pool_id`, `patch_min`, `patch_max`) VALUES ('78635', '530', '1', NULL, '0', '-1169.86', '2523.52', '51.3683', '4.90438', '120', '0', '0', '1', '0', '0', '0', '0', '0', '10');
INSERT INTO creature_addon (`spawnID`, `path_id`, `mount`, `bytes0`, `bytes1`, `bytes2`, `emote`, `auras`) VALUES ('78635', NULL, '0', '0', '0', '1', '333', NULL);
INSERT INTO spawn_group (`groupId`, `spawnType`, `spawnId`) VALUES ('2', '0', '78635');
INSERT INTO creature_entry (`spawnID`, `entry`) VALUES ('78636', '16904');
INSERT INTO creature (`spawnID`, `map`, `spawnMask`, `modelid`, `equipment_id`, `position_x`, `position_y`, `position_z`, `orientation`, `spawntimesecs`, `spawndist`, `currentwaypoint`, `curhealth`, `curmana`, `MovementType`, `unit_flags`, `pool_id`, `patch_min`, `patch_max`) VALUES ('78636', '530', '1', NULL, '0', '-1181.17', '2518.09', '52.1998', '4.93928', '120', '0', '0', '1', '0', '0', '0', '0', '0', '10');
INSERT INTO creature_addon (`spawnID`, `path_id`, `mount`, `bytes0`, `bytes1`, `bytes2`, `emote`, `auras`) VALUES ('78636', NULL, '0', '0', '0', '1', '333', NULL);
INSERT INTO spawn_group (`groupId`, `spawnType`, `spawnId`) VALUES ('2', '0', '78636');
INSERT INTO creature_entry (`spawnID`, `entry`) VALUES ('78637', '16904');
INSERT INTO creature (`spawnID`, `map`, `spawnMask`, `modelid`, `equipment_id`, `position_x`, `position_y`, `position_z`, `orientation`, `spawntimesecs`, `spawndist`, `currentwaypoint`, `curhealth`, `curmana`, `MovementType`, `unit_flags`, `pool_id`, `patch_min`, `patch_max`) VALUES ('78637', '530', '1', NULL, '0', '-1204.25', '2513.91', '50.6247', '4.99164', '120', '0', '0', '1', '0', '0', '0', '0', '0', '10');
INSERT INTO creature_addon (`spawnID`, `path_id`, `mount`, `bytes0`, `bytes1`, `bytes2`, `emote`, `auras`) VALUES ('78637', NULL, '0', '0', '0', '1', '333', NULL);
INSERT INTO spawn_group (`groupId`, `spawnType`, `spawnId`) VALUES ('2', '0', '78637');
INSERT INTO creature_entry (`spawnID`, `entry`) VALUES ('78638', '16904');
INSERT INTO creature (`spawnID`, `map`, `spawnMask`, `modelid`, `equipment_id`, `position_x`, `position_y`, `position_z`, `orientation`, `spawntimesecs`, `spawndist`, `currentwaypoint`, `curhealth`, `curmana`, `MovementType`, `unit_flags`, `pool_id`, `patch_min`, `patch_max`) VALUES ('78638', '530', '1', NULL, '0', '-1214.58', '2514.44', '48.68', '5.02655', '120', '0', '0', '1', '0', '0', '0', '0', '0', '10');
INSERT INTO creature_addon (`spawnID`, `path_id`, `mount`, `bytes0`, `bytes1`, `bytes2`, `emote`, `auras`) VALUES ('78638', NULL, '0', '0', '0', '1', '333', NULL);
INSERT INTO spawn_group (`groupId`, `spawnType`, `spawnId`) VALUES ('2', '0', '78638');
INSERT INTO creature_entry (`spawnID`, `entry`) VALUES ('78639', '16904');
INSERT INTO creature (`spawnID`, `map`, `spawnMask`, `modelid`, `equipment_id`, `position_x`, `position_y`, `position_z`, `orientation`, `spawntimesecs`, `spawndist`, `currentwaypoint`, `curhealth`, `curmana`, `MovementType`, `unit_flags`, `pool_id`, `patch_min`, `patch_max`) VALUES ('78639', '530', '1', NULL, '0', '-1226.81', '2517.43', '45.6957', '5.06145', '120', '0', '0', '1', '0', '0', '0', '0', '0', '10');
INSERT INTO creature_addon (`spawnID`, `path_id`, `mount`, `bytes0`, `bytes1`, `bytes2`, `emote`, `auras`) VALUES ('78639', NULL, '0', '0', '0', '1', '333', NULL);
INSERT INTO spawn_group (`groupId`, `spawnType`, `spawnId`) VALUES ('2', '0', '78639');
INSERT INTO creature_entry (`spawnID`, `entry`) VALUES ('78640', '16904');
INSERT INTO creature (`spawnID`, `map`, `spawnMask`, `modelid`, `equipment_id`, `position_x`, `position_y`, `position_z`, `orientation`, `spawntimesecs`, `spawndist`, `currentwaypoint`, `curhealth`, `curmana`, `MovementType`, `unit_flags`, `pool_id`, `patch_min`, `patch_max`) VALUES ('78640', '530', '1', NULL, '0', '-1240.97', '2518.02', '42.8905', '5.09636', '120', '0', '0', '1', '0', '0', '0', '0', '0', '10');
INSERT INTO creature_addon (`spawnID`, `path_id`, `mount`, `bytes0`, `bytes1`, `bytes2`, `emote`, `auras`) VALUES ('78640', NULL, '0', '0', '0', '1', '333', NULL);
INSERT INTO spawn_group (`groupId`, `spawnType`, `spawnId`) VALUES ('2', '0', '78640');
INSERT INTO creature_entry (`spawnID`, `entry`) VALUES ('78641', '16904');
INSERT INTO creature (`spawnID`, `map`, `spawnMask`, `modelid`, `equipment_id`, `position_x`, `position_y`, `position_z`, `orientation`, `spawntimesecs`, `spawndist`, `currentwaypoint`, `curhealth`, `curmana`, `MovementType`, `unit_flags`, `pool_id`, `patch_min`, `patch_max`) VALUES ('78641', '530', '1', NULL, '0', '-1242.19', '2666.12', '5.16697', '0.851782', '120', '5', '0', '1', '0', '1', '0', '0', '0', '10');
INSERT INTO spawn_group (`groupId`, `spawnType`, `spawnId`) VALUES ('2', '0', '78641');


-- Importing creature spawn with guid 58566 with import type REPLACE_ALL


-- Importing creature spawn with guid 58567 with import type REPLACE_ALL


-- Importing creature spawn with guid 58568 with import type REPLACE_ALL


-- Importing creature spawn with guid 58569 with import type REPLACE_ALL


-- Importing creature spawn with guid 58570 with import type REPLACE_ALL


-- Importing creature spawn with guid 58571 with import type REPLACE_ALL


-- Importing creature spawn with guid 58572 with import type REPLACE_ALL


-- Importing creature spawn with guid 58573 with import type REPLACE_ALL


-- Importing creature spawn with guid 58574 with import type REPLACE_ALL


-- Importing creature spawn with guid 58575 with import type REPLACE_ALL


-- Importing creature spawn with guid 58576 with import type REPLACE_ALL


-- Importing creature spawn with guid 58577 with import type REPLACE_ALL


-- Importing creature spawn with guid 58578 with import type REPLACE_ALL


-- Importing creature spawn with guid 58579 with import type REPLACE_ALL


-- Importing creature spawn with guid 58580 with import type REPLACE_ALL


-- Importing creature spawn with guid 58581 with import type REPLACE_ALL


-- Importing creature spawn with guid 58582 with import type REPLACE_ALL


-- Importing creature spawn with guid 58583 with import type REPLACE_ALL


-- Importing creature spawn with guid 58584 with import type REPLACE_ALL


-- Importing creature spawn with guid 58585 with import type REPLACE_ALL


-- Importing creature spawn with guid 58586 with import type REPLACE_ALL


-- Importing creature spawn with guid 58587 with import type REPLACE_ALL


-- Importing creature spawn with guid 58588 with import type REPLACE_ALL


-- Importing creature spawn with guid 58589 with import type REPLACE_ALL


-- Importing creature spawn with guid 58590 with import type REPLACE_ALL


-- Importing creature spawn with guid 58591 with import type REPLACE_ALL


-- Importing creature spawn with guid 58592 with import type REPLACE_ALL


-- Importing creature spawn with guid 58593 with import type REPLACE_ALL


-- Importing creature spawn with guid 59241 with import type REPLACE_ALL
INSERT INTO creature_entry (`spawnID`, `entry`) VALUES ('59261', '16972');
INSERT INTO creature (`spawnID`, `map`, `spawnMask`, `modelid`, `equipment_id`, `position_x`, `position_y`, `position_z`, `orientation`, `spawntimesecs`, `spawndist`, `currentwaypoint`, `curhealth`, `curmana`, `MovementType`, `unit_flags`, `pool_id`, `patch_min`, `patch_max`) VALUES ('59261', '530', '1', NULL, '0', '-850.551', '2282.81', '0.97745', '5.4895', '300', '5', '0', '3989', '0', '1', '0', '0', '0', '10');
INSERT INTO spawn_group (`groupId`, `spawnType`, `spawnId`) VALUES ('2', '0', '59261');


-- Importing creature spawn with guid 59242 with import type REPLACE_ALL


-- Importing creature spawn with guid 59243 with import type REPLACE_ALL


-- Importing creature spawn with guid 59244 with import type REPLACE_ALL


-- Importing creature spawn with guid 59245 with import type REPLACE_ALL


-- Importing creature spawn with guid 59246 with import type REPLACE_ALL


-- Importing creature spawn with guid 59247 with import type REPLACE_ALL


-- Importing creature spawn with guid 59248 with import type REPLACE_ALL


-- Importing creature spawn with guid 59249 with import type REPLACE_ALL


-- Importing creature spawn with guid 59250 with import type REPLACE_ALL


-- Importing creature spawn with guid 59251 with import type REPLACE_ALL


-- Importing creature spawn with guid 59252 with import type REPLACE_ALL


-- Importing creature spawn with guid 59253 with import type REPLACE_ALL


-- Importing creature spawn with guid 59254 with import type REPLACE_ALL


-- Importing creature spawn with guid 59255 with import type REPLACE_ALL


-- Importing creature spawn with guid 59256 with import type REPLACE_ALL


-- Importing creature spawn with guid 59257 with import type REPLACE_ALL


-- Importing creature spawn with guid 59258 with import type REPLACE_ALL


-- Importing creature spawn with guid 59259 with import type REPLACE_ALL


-- Importing creature spawn with guid 59260 with import type REPLACE_ALL


-- Importing creature spawn with guid 59261 with import type REPLACE_ALL


-- Importing creature spawn with guid 59262 with import type REPLACE_ALL


-- Importing creature spawn with guid 59263 with import type REPLACE_ALL


-- Importing creature spawn with guid 59264 with import type REPLACE_ALL


-- Importing creature spawn with guid 59265 with import type REPLACE_ALL


-- Importing creature spawn with guid 59266 with import type REPLACE_ALL


-- Importing creature spawn with guid 59267 with import type REPLACE_ALL


-- Importing creature spawn with guid 59268 with import type REPLACE_ALL


-- Importing creature spawn with guid 59269 with import type REPLACE_ALL


-- Importing creature spawn with guid 59270 with import type REPLACE_ALL


-- Importing creature spawn with guid 59271 with import type REPLACE_ALL


-- Importing creature spawn with guid 59272 with import type REPLACE_ALL


-- Importing creature spawn with guid 59273 with import type REPLACE_ALL


-- Importing creature spawn with guid 59274 with import type REPLACE_ALL


-- Importing creature spawn with guid 59275 with import type REPLACE_ALL


-- Importing creature spawn with guid 59276 with import type REPLACE_ALL


-- Importing creature spawn with guid 59277 with import type REPLACE_ALL


-- Importing creature spawn with guid 59278 with import type REPLACE_ALL


-- Importing creature spawn with guid 59279 with import type REPLACE_ALL


-- Importing creature spawn with guid 59280 with import type REPLACE_ALL


-- Importing creature spawn with guid 59281 with import type REPLACE_ALL


-- Importing creature spawn with guid 59282 with import type REPLACE_ALL


-- Importing creature spawn with guid 59283 with import type REPLACE_ALL


-- Importing creature spawn with guid 59284 with import type REPLACE_ALL


-- Importing creature spawn with guid 59285 with import type REPLACE_ALL


-- Importing creature spawn with guid 59286 with import type REPLACE_ALL


-- Importing creature spawn with guid 59287 with import type REPLACE_ALL


-- Importing creature spawn with guid 59288 with import type REPLACE_ALL


-- Importing creature spawn with guid 59289 with import type REPLACE_ALL


-- Importing creature spawn with guid 59290 with import type REPLACE_ALL


-- Importing creature spawn with guid 59291 with import type REPLACE_ALL


-- Importing creature spawn with guid 59292 with import type REPLACE_ALL


-- Importing creature spawn with guid 59293 with import type REPLACE_ALL


-- Importing creature spawn with guid 59294 with import type REPLACE_ALL


-- Importing creature spawn with guid 60069 with import type REPLACE_ALL
INSERT INTO creature_entry (`spawnID`, `entry`) VALUES ('60069', '17135');
INSERT INTO creature (`spawnID`, `map`, `spawnMask`, `modelid`, `equipment_id`, `position_x`, `position_y`, `position_z`, `orientation`, `spawntimesecs`, `spawndist`, `currentwaypoint`, `curhealth`, `curmana`, `MovementType`, `unit_flags`, `pool_id`, `patch_min`, `patch_max`) VALUES ('60069', '530', '1', NULL, '0', '-2353.58', '6196.41', '49.0969', '0', '300', '0', '0', '5715', '0', '0', '0', '0', '0', '10');
INSERT INTO spawn_group (`groupId`, `spawnType`, `spawnId`) VALUES ('2', '0', '60069');


-- Importing creature spawn with guid 60070 with import type REPLACE_ALL


-- Importing creature spawn with guid 60071 with import type REPLACE_ALL


-- Importing creature spawn with guid 60072 with import type REPLACE_ALL


-- Importing creature spawn with guid 60073 with import type REPLACE_ALL


-- Importing creature spawn with guid 60074 with import type REPLACE_ALL


-- Importing creature spawn with guid 60075 with import type REPLACE_ALL


-- Importing creature spawn with guid 60076 with import type REPLACE_ALL


-- Importing creature spawn with guid 60077 with import type REPLACE_ALL


-- Importing creature spawn with guid 60078 with import type REPLACE_ALL


-- Importing creature spawn with guid 60079 with import type REPLACE_ALL


-- Importing creature spawn with guid 60080 with import type REPLACE_ALL


-- Importing creature spawn with guid 60081 with import type REPLACE_ALL


-- Importing creature spawn with guid 60082 with import type REPLACE_ALL


-- Importing creature spawn with guid 60083 with import type REPLACE_ALL


-- Importing creature spawn with guid 60084 with import type REPLACE_ALL


-- Importing creature spawn with guid 60085 with import type REPLACE_ALL


-- Importing creature spawn with guid 60086 with import type REPLACE_ALL


-- Importing creature spawn with guid 60087 with import type REPLACE_ALL


-- Importing creature spawn with guid 60088 with import type REPLACE_ALL


-- Importing creature spawn with guid 60089 with import type REPLACE_ALL


-- Importing creature spawn with guid 60222 with import type REPLACE_ALL
INSERT INTO creature_entry (`spawnID`, `entry`) VALUES ('28657', '17147');
INSERT INTO creature (`spawnID`, `map`, `spawnMask`, `modelid`, `equipment_id`, `position_x`, `position_y`, `position_z`, `orientation`, `spawntimesecs`, `spawndist`, `currentwaypoint`, `curhealth`, `curmana`, `MovementType`, `unit_flags`, `pool_id`, `patch_min`, `patch_max`) VALUES ('28657', '530', '1', NULL, '1', '-2902.6', '6395.39', '81.9079', '0.705869', '300', '0', '0', '4731', '2790', '0', '0', '0', '0', '10');
INSERT INTO creature_entry (`spawnID`, `entry`) VALUES ('28656', '17147');
INSERT INTO creature (`spawnID`, `map`, `spawnMask`, `modelid`, `equipment_id`, `position_x`, `position_y`, `position_z`, `orientation`, `spawntimesecs`, `spawndist`, `currentwaypoint`, `curhealth`, `curmana`, `MovementType`, `unit_flags`, `pool_id`, `patch_min`, `patch_max`) VALUES ('28656', '530', '1', NULL, '1', '-2902.1', '6405.04', '81.9079', '5.46145', '300', '0', '0', '4731', '2790', '0', '0', '0', '0', '10');
INSERT INTO creature_entry (`spawnID`, `entry`) VALUES ('28655', '17147');
INSERT INTO creature (`spawnID`, `map`, `spawnMask`, `modelid`, `equipment_id`, `position_x`, `position_y`, `position_z`, `orientation`, `spawntimesecs`, `spawndist`, `currentwaypoint`, `curhealth`, `curmana`, `MovementType`, `unit_flags`, `pool_id`, `patch_min`, `patch_max`) VALUES ('28655', '530', '1', NULL, '1', '-2892.44', '6405.05', '81.9117', '3.88674', '300', '0', '0', '4731', '2790', '0', '0', '0', '0', '10');
INSERT INTO creature_entry (`spawnID`, `entry`) VALUES ('28654', '17147');
INSERT INTO creature (`spawnID`, `map`, `spawnMask`, `modelid`, `equipment_id`, `position_x`, `position_y`, `position_z`, `orientation`, `spawntimesecs`, `spawndist`, `currentwaypoint`, `curhealth`, `curmana`, `MovementType`, `unit_flags`, `pool_id`, `patch_min`, `patch_max`) VALUES ('28654', '530', '1', NULL, '1', '-2892.94', '6395.3', '81.9097', '2.35308', '300', '0', '0', '4731', '2790', '0', '0', '0', '0', '10');


-- Importing creature spawn with guid 60221 with import type REPLACE_ALL


-- Importing creature spawn with guid 60220 with import type REPLACE_ALL


-- Importing creature spawn with guid 60219 with import type REPLACE_ALL


-- Importing creature spawn with guid 60218 with import type REPLACE_ALL


-- Importing creature spawn with guid 60217 with import type REPLACE_ALL


-- Importing creature spawn with guid 60216 with import type REPLACE_ALL


-- Importing creature spawn with guid 60215 with import type REPLACE_ALL


-- Importing creature spawn with guid 60214 with import type REPLACE_ALL


-- Importing creature spawn with guid 60213 with import type REPLACE_ALL


-- Importing creature spawn with guid 60212 with import type REPLACE_ALL


-- Importing creature spawn with guid 60211 with import type REPLACE_ALL


-- Importing creature spawn with guid 60210 with import type REPLACE_ALL


-- Importing creature spawn with guid 60255 with import type REPLACE_ALL
INSERT INTO creature_entry (`spawnID`, `entry`) VALUES ('60237', '17148');
INSERT INTO creature (`spawnID`, `map`, `spawnMask`, `modelid`, `equipment_id`, `position_x`, `position_y`, `position_z`, `orientation`, `spawntimesecs`, `spawndist`, `currentwaypoint`, `curhealth`, `curmana`, `MovementType`, `unit_flags`, `pool_id`, `patch_min`, `patch_max`) VALUES ('60237', '530', '1', NULL, '1', '-2771.53', '6434.06', '58.5206', '6.13477', '300', '0', '0', '5914', '0', '0', '0', '0', '0', '10');
INSERT INTO creature_entry (`spawnID`, `entry`) VALUES ('60236', '17148');
INSERT INTO creature (`spawnID`, `map`, `spawnMask`, `modelid`, `equipment_id`, `position_x`, `position_y`, `position_z`, `orientation`, `spawntimesecs`, `spawndist`, `currentwaypoint`, `curhealth`, `curmana`, `MovementType`, `unit_flags`, `pool_id`, `patch_min`, `patch_max`) VALUES ('60236', '530', '1', NULL, '1', '-2773.41', '6425.3', '59.0218', '5.8324', '300', '0', '0', '5914', '0', '0', '0', '0', '0', '10');
INSERT INTO creature_entry (`spawnID`, `entry`) VALUES ('60229', '17148');
INSERT INTO creature (`spawnID`, `map`, `spawnMask`, `modelid`, `equipment_id`, `position_x`, `position_y`, `position_z`, `orientation`, `spawntimesecs`, `spawndist`, `currentwaypoint`, `curhealth`, `curmana`, `MovementType`, `unit_flags`, `pool_id`, `patch_min`, `patch_max`) VALUES ('60229', '530', '1', NULL, '1', '-2865.39', '6399.41', '80.6548', '0.117942', '300', '0', '0', '5914', '0', '0', '0', '0', '0', '10');
INSERT INTO creature_addon (`spawnID`, `path_id`, `mount`, `bytes0`, `bytes1`, `bytes2`, `emote`, `auras`) VALUES ('60229', NULL, '0', '0', '0', '4097', '0', NULL);
INSERT INTO creature_entry (`spawnID`, `entry`) VALUES ('60226', '17148');
INSERT INTO creature (`spawnID`, `map`, `spawnMask`, `modelid`, `equipment_id`, `position_x`, `position_y`, `position_z`, `orientation`, `spawntimesecs`, `spawndist`, `currentwaypoint`, `curhealth`, `curmana`, `MovementType`, `unit_flags`, `pool_id`, `patch_min`, `patch_max`) VALUES ('60226', '530', '1', NULL, '1', '-2897.67', '6438.67', '82.4528', '4.5993', '300', '0', '0', '5914', '0', '0', '0', '0', '0', '10');
INSERT INTO creature_entry (`spawnID`, `entry`) VALUES ('28653', '17148');
INSERT INTO creature (`spawnID`, `map`, `spawnMask`, `modelid`, `equipment_id`, `position_x`, `position_y`, `position_z`, `orientation`, `spawntimesecs`, `spawndist`, `currentwaypoint`, `curhealth`, `curmana`, `MovementType`, `unit_flags`, `pool_id`, `patch_min`, `patch_max`) VALUES ('28653', '530', '1', NULL, '1', '-2797.13', '6442.84', '63.4026', '5.72848', '300', '0', '0', '5914', '0', '0', '0', '0', '0', '10');
INSERT INTO creature_entry (`spawnID`, `entry`) VALUES ('28652', '17148');
INSERT INTO creature (`spawnID`, `map`, `spawnMask`, `modelid`, `equipment_id`, `position_x`, `position_y`, `position_z`, `orientation`, `spawntimesecs`, `spawndist`, `currentwaypoint`, `curhealth`, `curmana`, `MovementType`, `unit_flags`, `pool_id`, `patch_min`, `patch_max`) VALUES ('28652', '530', '1', NULL, '1', '-2848.85', '6509.37', '60.8635', '2.4573', '300', '0', '0', '5914', '0', '0', '0', '0', '0', '10');
INSERT INTO creature_entry (`spawnID`, `entry`) VALUES ('28651', '17148');
INSERT INTO creature (`spawnID`, `map`, `spawnMask`, `modelid`, `equipment_id`, `position_x`, `position_y`, `position_z`, `orientation`, `spawntimesecs`, `spawndist`, `currentwaypoint`, `curhealth`, `curmana`, `MovementType`, `unit_flags`, `pool_id`, `patch_min`, `patch_max`) VALUES ('28651', '530', '1', NULL, '1', '-2811.58', '6452.9', '63.4576', '2.79895', '300', '0', '0', '5914', '0', '0', '0', '0', '0', '10');
INSERT INTO creature_entry (`spawnID`, `entry`) VALUES ('28650', '17148');
INSERT INTO creature (`spawnID`, `map`, `spawnMask`, `modelid`, `equipment_id`, `position_x`, `position_y`, `position_z`, `orientation`, `spawntimesecs`, `spawndist`, `currentwaypoint`, `curhealth`, `curmana`, `MovementType`, `unit_flags`, `pool_id`, `patch_min`, `patch_max`) VALUES ('28650', '530', '1', NULL, '1', '-2874.23', '6467.19', '82.6466', '0.305419', '300', '0', '0', '5914', '0', '0', '0', '0', '0', '10');
INSERT INTO creature_entry (`spawnID`, `entry`) VALUES ('28647', '17148');
INSERT INTO creature (`spawnID`, `map`, `spawnMask`, `modelid`, `equipment_id`, `position_x`, `position_y`, `position_z`, `orientation`, `spawntimesecs`, `spawndist`, `currentwaypoint`, `curhealth`, `curmana`, `MovementType`, `unit_flags`, `pool_id`, `patch_min`, `patch_max`) VALUES ('28647', '530', '1', NULL, '1', '-2866.34', '6403.19', '80.44', '0.044664', '300', '0', '0', '5914', '0', '0', '0', '0', '0', '10');
INSERT INTO creature_entry (`spawnID`, `entry`) VALUES ('28648', '17148');
INSERT INTO creature (`spawnID`, `map`, `spawnMask`, `modelid`, `equipment_id`, `position_x`, `position_y`, `position_z`, `orientation`, `spawntimesecs`, `spawndist`, `currentwaypoint`, `curhealth`, `curmana`, `MovementType`, `unit_flags`, `pool_id`, `patch_min`, `patch_max`) VALUES ('28648', '530', '1', NULL, '1', '-2910.22', '6473.03', '82.4898', '2.49669', '300', '0', '0', '5914', '0', '0', '0', '0', '0', '10');
DELETE ce, c1, c2, sg FROM creature_entry ce LEFT JOIN conditions c1 ON c1.ConditionTypeOrReference = 31 AND c1.ConditionValue1 = 3 AND c1.ConditionValue3 = 1059636 LEFT JOIN conditions c2 ON c2.SourceTypeOrReferenceId = 22 AND c2.SourceId = 0 AND c1.SourceEntry = -1059636 LEFT JOIN spawn_group sg ON sg.spawnId = 1059636 AND spawnType = 0 WHERE ce.spawnID = 1059636;
DELETE ce, c1, c2, sg FROM creature_entry ce LEFT JOIN conditions c1 ON c1.ConditionTypeOrReference = 31 AND c1.ConditionValue1 = 3 AND c1.ConditionValue3 = 1059639 LEFT JOIN conditions c2 ON c2.SourceTypeOrReferenceId = 22 AND c2.SourceId = 0 AND c1.SourceEntry = -1059639 LEFT JOIN spawn_group sg ON sg.spawnId = 1059639 AND spawnType = 0 WHERE ce.spawnID = 1059639;
DELETE ce, c1, c2, sg FROM creature_entry ce LEFT JOIN conditions c1 ON c1.ConditionTypeOrReference = 31 AND c1.ConditionValue1 = 3 AND c1.ConditionValue3 = 1059646 LEFT JOIN conditions c2 ON c2.SourceTypeOrReferenceId = 22 AND c2.SourceId = 0 AND c1.SourceEntry = -1059646 LEFT JOIN spawn_group sg ON sg.spawnId = 1059646 AND spawnType = 0 WHERE ce.spawnID = 1059646;
DELETE ce, c1, c2, sg FROM creature_entry ce LEFT JOIN conditions c1 ON c1.ConditionTypeOrReference = 31 AND c1.ConditionValue1 = 3 AND c1.ConditionValue3 = 1059647 LEFT JOIN conditions c2 ON c2.SourceTypeOrReferenceId = 22 AND c2.SourceId = 0 AND c1.SourceEntry = -1059647 LEFT JOIN spawn_group sg ON sg.spawnId = 1059647 AND spawnType = 0 WHERE ce.spawnID = 1059647;


-- Importing creature spawn with guid 60254 with import type REPLACE_ALL


-- Importing creature spawn with guid 60253 with import type REPLACE_ALL


-- Importing creature spawn with guid 60252 with import type REPLACE_ALL


-- Importing creature spawn with guid 60251 with import type REPLACE_ALL


-- Importing creature spawn with guid 60250 with import type REPLACE_ALL


-- Importing creature spawn with guid 60249 with import type REPLACE_ALL


-- Importing creature spawn with guid 60248 with import type REPLACE_ALL


-- Importing creature spawn with guid 60247 with import type REPLACE_ALL


-- Importing creature spawn with guid 60246 with import type REPLACE_ALL


-- Importing creature spawn with guid 60245 with import type REPLACE_ALL


-- Importing creature spawn with guid 60244 with import type REPLACE_ALL


-- Importing creature spawn with guid 60243 with import type REPLACE_ALL


-- Importing creature spawn with guid 60242 with import type REPLACE_ALL


-- Importing creature spawn with guid 60241 with import type REPLACE_ALL


-- Importing creature spawn with guid 60240 with import type REPLACE_ALL


-- Importing creature spawn with guid 60239 with import type REPLACE_ALL


-- Importing creature spawn with guid 60238 with import type REPLACE_ALL


-- Importing creature spawn with guid 60237 with import type REPLACE_ALL


-- Importing creature spawn with guid 60236 with import type REPLACE_ALL


-- Importing creature spawn with guid 60235 with import type REPLACE_ALL


-- Importing creature spawn with guid 60234 with import type REPLACE_ALL


-- Importing creature spawn with guid 60233 with import type REPLACE_ALL


-- Importing creature spawn with guid 60232 with import type REPLACE_ALL


-- Importing creature spawn with guid 60231 with import type REPLACE_ALL


-- Importing creature spawn with guid 60230 with import type REPLACE_ALL


-- Importing creature spawn with guid 60229 with import type REPLACE_ALL


-- Importing creature spawn with guid 60228 with import type REPLACE_ALL


-- Importing creature spawn with guid 60227 with import type REPLACE_ALL


-- Importing creature spawn with guid 60226 with import type REPLACE_ALL


-- Importing creature spawn with guid 60225 with import type REPLACE_ALL


-- Importing creature spawn with guid 60224 with import type REPLACE_ALL


-- Importing creature spawn with guid 60223 with import type REPLACE_ALL


-- Importing creature spawn with guid 132616 with import type REPLACE_ALL
INSERT INTO creature_entry (`spawnID`, `entry`) VALUES ('132616', '21791');
-- Has LK modelid 15880 already in creature template, set to 0.
INSERT INTO creature (`spawnID`, `map`, `spawnMask`, `modelid`, `equipment_id`, `position_x`, `position_y`, `position_z`, `orientation`, `spawntimesecs`, `spawndist`, `currentwaypoint`, `curhealth`, `curmana`, `MovementType`, `unit_flags`, `pool_id`, `patch_min`, `patch_max`) VALUES ('132616', '530', '1', NULL, '0', '-3814.51', '3771.36', '275.908', '0.261799', '180', '5', '0', '42', '0', '1', '0', '0', '0', '10');
INSERT INTO creature_addon (`spawnID`, `path_id`, `mount`, `bytes0`, `bytes1`, `bytes2`, `emote`, `auras`) VALUES ('132616', NULL, '0', '0', '0', '1', '0', NULL);


-- Importing creature spawn with guid 132621 with import type REPLACE_ALL
INSERT INTO creature_entry (`spawnID`, `entry`) VALUES ('132621', '21792');
-- Has LK modelid 15880 already in creature template, set to 0.
INSERT INTO creature (`spawnID`, `map`, `spawnMask`, `modelid`, `equipment_id`, `position_x`, `position_y`, `position_z`, `orientation`, `spawntimesecs`, `spawndist`, `currentwaypoint`, `curhealth`, `curmana`, `MovementType`, `unit_flags`, `pool_id`, `patch_min`, `patch_max`) VALUES ('132621', '530', '1', NULL, '0', '-3812.85', '3764.83', '275.908', '2.16421', '180', '5', '0', '42', '0', '1', '0', '0', '0', '10');
INSERT INTO creature_addon (`spawnID`, `path_id`, `mount`, `bytes0`, `bytes1`, `bytes2`, `emote`, `auras`) VALUES ('132621', NULL, '0', '0', '0', '1', '0', NULL);


-- Importing creature spawn with guid 61983 with import type REPLACE_ALL
INSERT INTO creature_entry (`spawnID`, `entry`) VALUES ('61982', '17247');
INSERT INTO creature (`spawnID`, `map`, `spawnMask`, `modelid`, `equipment_id`, `position_x`, `position_y`, `position_z`, `orientation`, `spawntimesecs`, `spawndist`, `currentwaypoint`, `curhealth`, `curmana`, `MovementType`, `unit_flags`, `pool_id`, `patch_min`, `patch_max`) VALUES ('61982', '530', '1', NULL, '1', '-4638.96', '-12418.1', '12.7927', '5.10766', '300', '5', '0', '176', '0', '1', '0', '0', '0', '10');
INSERT INTO creature_entry (`spawnID`, `entry`) VALUES ('61981', '17247');
INSERT INTO creature (`spawnID`, `map`, `spawnMask`, `modelid`, `equipment_id`, `position_x`, `position_y`, `position_z`, `orientation`, `spawntimesecs`, `spawndist`, `currentwaypoint`, `curhealth`, `curmana`, `MovementType`, `unit_flags`, `pool_id`, `patch_min`, `patch_max`) VALUES ('61981', '530', '1', NULL, '1', '-4647.27', '-12322.7', '14.4685', '3.05289', '300', '5', '0', '176', '0', '1', '0', '0', '0', '10');
INSERT INTO creature_entry (`spawnID`, `entry`) VALUES ('61979', '17247');
INSERT INTO creature (`spawnID`, `map`, `spawnMask`, `modelid`, `equipment_id`, `position_x`, `position_y`, `position_z`, `orientation`, `spawntimesecs`, `spawndist`, `currentwaypoint`, `curhealth`, `curmana`, `MovementType`, `unit_flags`, `pool_id`, `patch_min`, `patch_max`) VALUES ('61979', '530', '1', NULL, '1', '-4724.99', '-12396.7', '11.5594', '3.23441', '300', '5', '0', '176', '0', '1', '0', '0', '0', '10');
/* HAND REMOVED
DELETE ce, c1, c2, sg FROM creature_entry ce LEFT JOIN conditions c1 ON c1.ConditionTypeOrReference = 31 AND c1.ConditionValue1 = 3 AND c1.ConditionValue3 = 1311288 LEFT JOIN conditions c2 ON c2.SourceTypeOrReferenceId = 22 AND c2.SourceId = 0 AND c1.SourceEntry = -1311288 LEFT JOIN spawn_group sg ON sg.spawnId = 1311288 AND spawnType = 0 WHERE ce.spawnID = 1311288;
*/

-- Importing creature spawn with guid 61982 with import type REPLACE_ALL


-- Importing creature spawn with guid 61981 with import type REPLACE_ALL


-- Importing creature spawn with guid 61980 with import type REPLACE_ALL


-- Importing creature spawn with guid 61979 with import type REPLACE_ALL


-- Importing creature spawn with guid 61978 with import type REPLACE_ALL


-- Importing creature spawn with guid 61977 with import type REPLACE_ALL


-- Importing creature spawn with guid 62898 with import type REPLACE_ALL
INSERT INTO creature_entry (`spawnID`, `entry`) VALUES ('36957', '17437');
INSERT INTO creature (`spawnID`, `map`, `spawnMask`, `modelid`, `equipment_id`, `position_x`, `position_y`, `position_z`, `orientation`, `spawntimesecs`, `spawndist`, `currentwaypoint`, `curhealth`, `curmana`, `MovementType`, `unit_flags`, `pool_id`, `patch_min`, `patch_max`) VALUES ('36957', '530', '1', NULL, '1', '-3339.58', '-12352.2', '22.844', '5.8677', '300', '0', '0', '176', '0', '0', '0', '0', '0', '10');
INSERT INTO spawn_group (`groupId`, `spawnType`, `spawnId`) VALUES ('2', '0', '36957');


-- Importing creature spawn with guid 62899 with import type REPLACE_ALL


-- Importing creature spawn with guid 62900 with import type REPLACE_ALL


-- Importing creature spawn with guid 62901 with import type REPLACE_ALL


-- Importing creature spawn with guid 62902 with import type REPLACE_ALL


-- Importing creature spawn with guid 62903 with import type REPLACE_ALL


-- Importing creature spawn with guid 62904 with import type REPLACE_ALL


-- Importing creature spawn with guid 62905 with import type REPLACE_ALL


-- Importing creature spawn with guid 62906 with import type REPLACE_ALL


-- Importing creature spawn with guid 62907 with import type REPLACE_ALL
INSERT INTO creature_entry (`spawnID`, `entry`) VALUES ('36958', '17438');
INSERT INTO creature (`spawnID`, `map`, `spawnMask`, `modelid`, `equipment_id`, `position_x`, `position_y`, `position_z`, `orientation`, `spawntimesecs`, `spawndist`, `currentwaypoint`, `curhealth`, `curmana`, `MovementType`, `unit_flags`, `pool_id`, `patch_min`, `patch_max`) VALUES ('36958', '530', '1', NULL, '0', '-3336.31', '-12352.5', '23.182', '3.6591', '300', '0', '0', '176', '0', '0', '0', '0', '0', '10');
INSERT INTO spawn_group (`groupId`, `spawnType`, `spawnId`) VALUES ('2', '0', '36958');


-- Importing creature spawn with guid 62908 with import type REPLACE_ALL


-- Importing creature spawn with guid 62909 with import type REPLACE_ALL


-- Importing creature spawn with guid 62910 with import type REPLACE_ALL


-- Importing creature spawn with guid 63131 with import type REPLACE_ALL
INSERT INTO creature_entry (`spawnID`, `entry`) VALUES ('203435', '17530');
INSERT INTO creature (`spawnID`, `map`, `spawnMask`, `modelid`, `equipment_id`, `position_x`, `position_y`, `position_z`, `orientation`, `spawntimesecs`, `spawndist`, `currentwaypoint`, `curhealth`, `curmana`, `MovementType`, `unit_flags`, `pool_id`, `patch_min`, `patch_max`) VALUES ('203435', '530', '1', NULL, '0', '-3927.86', '-11922.4', '1.37048', '4.03171', '120', '0', '0', '1', '0', '0', '0', '0', '0', '10');
INSERT INTO creature_addon (`spawnID`, `path_id`, `mount`, `bytes0`, `bytes1`, `bytes2`, `emote`, `auras`) VALUES ('203435', NULL, '0', '0', '0', '1', '0', NULL);


-- Importing creature spawn with guid 63132 with import type REPLACE_ALL


-- Importing creature spawn with guid 63133 with import type REPLACE_ALL


-- Importing creature spawn with guid 63134 with import type REPLACE_ALL


-- Importing creature spawn with guid 63135 with import type REPLACE_ALL


-- Importing creature spawn with guid 63136 with import type REPLACE_ALL


-- Importing creature spawn with guid 63137 with import type REPLACE_ALL


-- Importing creature spawn with guid 203434 with import type REPLACE_ALL
INSERT INTO creature_entry (`spawnID`, `entry`) VALUES ('203434', '18800');
INSERT INTO creature (`spawnID`, `map`, `spawnMask`, `modelid`, `equipment_id`, `position_x`, `position_y`, `position_z`, `orientation`, `spawntimesecs`, `spawndist`, `currentwaypoint`, `curhealth`, `curmana`, `MovementType`, `unit_flags`, `pool_id`, `patch_min`, `patch_max`) VALUES ('203434', '530', '1', NULL, '1', '-4192.63', '-11837.5', '-132.612', '5.23599', '120', '0', '0', '1', '0', '0', '0', '0', '0', '10');
INSERT INTO creature_addon (`spawnID`, `path_id`, `mount`, `bytes0`, `bytes1`, `bytes2`, `emote`, `auras`) VALUES ('203434', NULL, '0', '0', '0', '257', '233', NULL);
INSERT INTO creature_entry (`spawnID`, `entry`) VALUES ('203433', '18800');
INSERT INTO creature (`spawnID`, `map`, `spawnMask`, `modelid`, `equipment_id`, `position_x`, `position_y`, `position_z`, `orientation`, `spawntimesecs`, `spawndist`, `currentwaypoint`, `curhealth`, `curmana`, `MovementType`, `unit_flags`, `pool_id`, `patch_min`, `patch_max`) VALUES ('203433', '530', '1', NULL, '1', '-4106.37', '-11757.8', '-139.708', '4.53786', '120', '0', '0', '1', '0', '0', '0', '0', '0', '10');
INSERT INTO creature_addon (`spawnID`, `path_id`, `mount`, `bytes0`, `bytes1`, `bytes2`, `emote`, `auras`) VALUES ('203433', NULL, '0', '0', '0', '257', '233', NULL);
INSERT INTO creature_entry (`spawnID`, `entry`) VALUES ('203432', '18800');
INSERT INTO creature (`spawnID`, `map`, `spawnMask`, `modelid`, `equipment_id`, `position_x`, `position_y`, `position_z`, `orientation`, `spawntimesecs`, `spawndist`, `currentwaypoint`, `curhealth`, `curmana`, `MovementType`, `unit_flags`, `pool_id`, `patch_min`, `patch_max`) VALUES ('203432', '530', '1', NULL, '1', '-3946.41', '-11857.7', '1.10961', '0.436332', '120', '0', '0', '1', '0', '0', '0', '0', '0', '10');
INSERT INTO creature_addon (`spawnID`, `path_id`, `mount`, `bytes0`, `bytes1`, `bytes2`, `emote`, `auras`) VALUES ('203432', NULL, '0', '0', '0', '257', '233', NULL);


-- Importing creature spawn with guid 203433 with import type REPLACE_ALL


-- Importing creature spawn with guid 203432 with import type REPLACE_ALL


-- Importing creature spawn with guid 63499 with import type REPLACE_ALL
INSERT INTO creature_entry (`spawnID`, `entry`) VALUES ('75068', '17714');
INSERT INTO creature (`spawnID`, `map`, `spawnMask`, `modelid`, `equipment_id`, `position_x`, `position_y`, `position_z`, `orientation`, `spawntimesecs`, `spawndist`, `currentwaypoint`, `curhealth`, `curmana`, `MovementType`, `unit_flags`, `pool_id`, `patch_min`, `patch_max`) VALUES ('75068', '530', '1', NULL, '0', '-981.083', '-12847.7', '-78.3502', '2.45272', '120', '5', '0', '1', '0', '1', '0', '0', '0', '10');
INSERT INTO spawn_group (`groupId`, `spawnType`, `spawnId`) VALUES ('2', '0', '75068');
INSERT INTO creature_entry (`spawnID`, `entry`) VALUES ('75069', '17714');
INSERT INTO creature (`spawnID`, `map`, `spawnMask`, `modelid`, `equipment_id`, `position_x`, `position_y`, `position_z`, `orientation`, `spawntimesecs`, `spawndist`, `currentwaypoint`, `curhealth`, `curmana`, `MovementType`, `unit_flags`, `pool_id`, `patch_min`, `patch_max`) VALUES ('75069', '530', '1', NULL, '0', '-981.314', '-12813.6', '-51.9604', '0.810614', '120', '5', '0', '1', '0', '1', '0', '0', '0', '10');
INSERT INTO spawn_group (`groupId`, `spawnType`, `spawnId`) VALUES ('2', '0', '75069');
INSERT INTO creature_entry (`spawnID`, `entry`) VALUES ('75070', '17714');
INSERT INTO creature (`spawnID`, `map`, `spawnMask`, `modelid`, `equipment_id`, `position_x`, `position_y`, `position_z`, `orientation`, `spawntimesecs`, `spawndist`, `currentwaypoint`, `curhealth`, `curmana`, `MovementType`, `unit_flags`, `pool_id`, `patch_min`, `patch_max`) VALUES ('75070', '530', '1', NULL, '0', '-1135.07', '-12931.6', '-98.4871', '2.43533', '120', '5', '0', '1', '0', '1', '0', '0', '0', '10');
INSERT INTO spawn_group (`groupId`, `spawnType`, `spawnId`) VALUES ('2', '0', '75070');
INSERT INTO creature_entry (`spawnID`, `entry`) VALUES ('75071', '17714');
INSERT INTO creature (`spawnID`, `map`, `spawnMask`, `modelid`, `equipment_id`, `position_x`, `position_y`, `position_z`, `orientation`, `spawntimesecs`, `spawndist`, `currentwaypoint`, `curhealth`, `curmana`, `MovementType`, `unit_flags`, `pool_id`, `patch_min`, `patch_max`) VALUES ('75071', '530', '1', NULL, '0', '-1119.17', '-12949.7', '-99.689', '2.53529', '120', '5', '0', '1', '0', '1', '0', '0', '0', '10');
INSERT INTO spawn_group (`groupId`, `spawnType`, `spawnId`) VALUES ('2', '0', '75071');
INSERT INTO creature_entry (`spawnID`, `entry`) VALUES ('75072', '17714');
INSERT INTO creature (`spawnID`, `map`, `spawnMask`, `modelid`, `equipment_id`, `position_x`, `position_y`, `position_z`, `orientation`, `spawntimesecs`, `spawndist`, `currentwaypoint`, `curhealth`, `curmana`, `MovementType`, `unit_flags`, `pool_id`, `patch_min`, `patch_max`) VALUES ('75072', '530', '1', NULL, '0', '-1151.62', '-12952.3', '-101.069', '2.9852', '120', '5', '0', '1', '0', '1', '0', '0', '0', '10');
INSERT INTO spawn_group (`groupId`, `spawnType`, `spawnId`) VALUES ('2', '0', '75072');
INSERT INTO creature_entry (`spawnID`, `entry`) VALUES ('75073', '17714');
INSERT INTO creature (`spawnID`, `map`, `spawnMask`, `modelid`, `equipment_id`, `position_x`, `position_y`, `position_z`, `orientation`, `spawntimesecs`, `spawndist`, `currentwaypoint`, `curhealth`, `curmana`, `MovementType`, `unit_flags`, `pool_id`, `patch_min`, `patch_max`) VALUES ('75073', '530', '1', NULL, '0', '-1150.57', '-12917.9', '-101.545', '3.95037', '120', '5', '0', '1', '0', '1', '0', '0', '0', '10');
INSERT INTO spawn_group (`groupId`, `spawnType`, `spawnId`) VALUES ('2', '0', '75073');
INSERT INTO creature_entry (`spawnID`, `entry`) VALUES ('75074', '17714');
INSERT INTO creature (`spawnID`, `map`, `spawnMask`, `modelid`, `equipment_id`, `position_x`, `position_y`, `position_z`, `orientation`, `spawntimesecs`, `spawndist`, `currentwaypoint`, `curhealth`, `curmana`, `MovementType`, `unit_flags`, `pool_id`, `patch_min`, `patch_max`) VALUES ('75074', '530', '1', NULL, '0', '-1201.32', '-12933.4', '-102.708', '1.19337', '120', '5', '0', '1', '0', '1', '0', '0', '0', '10');
INSERT INTO spawn_group (`groupId`, `spawnType`, `spawnId`) VALUES ('2', '0', '75074');
INSERT INTO creature_entry (`spawnID`, `entry`) VALUES ('75075', '17714');
INSERT INTO creature (`spawnID`, `map`, `spawnMask`, `modelid`, `equipment_id`, `position_x`, `position_y`, `position_z`, `orientation`, `spawntimesecs`, `spawndist`, `currentwaypoint`, `curhealth`, `curmana`, `MovementType`, `unit_flags`, `pool_id`, `patch_min`, `patch_max`) VALUES ('75075', '530', '1', NULL, '0', '-1183.29', '-12912.6', '-102.463', '3.73105', '120', '5', '0', '1', '0', '1', '0', '0', '0', '10');
INSERT INTO spawn_group (`groupId`, `spawnType`, `spawnId`) VALUES ('2', '0', '75075');
INSERT INTO creature_entry (`spawnID`, `entry`) VALUES ('75076', '17714');
INSERT INTO creature (`spawnID`, `map`, `spawnMask`, `modelid`, `equipment_id`, `position_x`, `position_y`, `position_z`, `orientation`, `spawntimesecs`, `spawndist`, `currentwaypoint`, `curhealth`, `curmana`, `MovementType`, `unit_flags`, `pool_id`, `patch_min`, `patch_max`) VALUES ('75076', '530', '1', NULL, '0', '-1221.54', '-12954.4', '-104.158', '4.28428', '120', '5', '0', '1', '0', '1', '0', '0', '0', '10');
INSERT INTO spawn_group (`groupId`, `spawnType`, `spawnId`) VALUES ('2', '0', '75076');
INSERT INTO creature_entry (`spawnID`, `entry`) VALUES ('75077', '17714');
INSERT INTO creature (`spawnID`, `map`, `spawnMask`, `modelid`, `equipment_id`, `position_x`, `position_y`, `position_z`, `orientation`, `spawntimesecs`, `spawndist`, `currentwaypoint`, `curhealth`, `curmana`, `MovementType`, `unit_flags`, `pool_id`, `patch_min`, `patch_max`) VALUES ('75077', '530', '1', NULL, '0', '-1252.93', '-12952.8', '-104.744', '3.63331', '120', '5', '0', '1', '0', '1', '0', '0', '0', '10');
INSERT INTO spawn_group (`groupId`, `spawnType`, `spawnId`) VALUES ('2', '0', '75077');
INSERT INTO creature_entry (`spawnID`, `entry`) VALUES ('75078', '17714');
INSERT INTO creature (`spawnID`, `map`, `spawnMask`, `modelid`, `equipment_id`, `position_x`, `position_y`, `position_z`, `orientation`, `spawntimesecs`, `spawndist`, `currentwaypoint`, `curhealth`, `curmana`, `MovementType`, `unit_flags`, `pool_id`, `patch_min`, `patch_max`) VALUES ('75078', '530', '1', NULL, '0', '-1134.56', '-12897.9', '-102.611', '2.9341', '120', '5', '0', '1', '0', '1', '0', '0', '0', '10');
INSERT INTO spawn_group (`groupId`, `spawnType`, `spawnId`) VALUES ('2', '0', '75078');
INSERT INTO creature_entry (`spawnID`, `entry`) VALUES ('75079', '17714');
INSERT INTO creature (`spawnID`, `map`, `spawnMask`, `modelid`, `equipment_id`, `position_x`, `position_y`, `position_z`, `orientation`, `spawntimesecs`, `spawndist`, `currentwaypoint`, `curhealth`, `curmana`, `MovementType`, `unit_flags`, `pool_id`, `patch_min`, `patch_max`) VALUES ('75079', '530', '1', NULL, '0', '-1147.65', '-12879.5', '-102.42', '4.14375', '120', '5', '0', '1', '0', '1', '0', '0', '0', '10');
INSERT INTO spawn_group (`groupId`, `spawnType`, `spawnId`) VALUES ('2', '0', '75079');
INSERT INTO creature_entry (`spawnID`, `entry`) VALUES ('75080', '17714');
INSERT INTO creature (`spawnID`, `map`, `spawnMask`, `modelid`, `equipment_id`, `position_x`, `position_y`, `position_z`, `orientation`, `spawntimesecs`, `spawndist`, `currentwaypoint`, `curhealth`, `curmana`, `MovementType`, `unit_flags`, `pool_id`, `patch_min`, `patch_max`) VALUES ('75080', '530', '1', NULL, '0', '-1411.56', '-12765.2', '-16.1739', '1.5953', '120', '5', '0', '1', '0', '1', '0', '0', '0', '10');
INSERT INTO spawn_group (`groupId`, `spawnType`, `spawnId`) VALUES ('2', '0', '75080');
INSERT INTO creature_entry (`spawnID`, `entry`) VALUES ('75081', '17714');
INSERT INTO creature (`spawnID`, `map`, `spawnMask`, `modelid`, `equipment_id`, `position_x`, `position_y`, `position_z`, `orientation`, `spawntimesecs`, `spawndist`, `currentwaypoint`, `curhealth`, `curmana`, `MovementType`, `unit_flags`, `pool_id`, `patch_min`, `patch_max`) VALUES ('75081', '530', '1', NULL, '0', '-1415.73', '-12795.1', '-15.7665', '1.83091', '120', '5', '0', '1', '0', '1', '0', '0', '0', '10');
INSERT INTO spawn_group (`groupId`, `spawnType`, `spawnId`) VALUES ('2', '0', '75081');


-- Importing creature spawn with guid 63500 with import type REPLACE_ALL


-- Importing creature spawn with guid 63501 with import type REPLACE_ALL


-- Importing creature spawn with guid 63502 with import type REPLACE_ALL


-- Importing creature spawn with guid 63769 with import type REPLACE_ALL
INSERT INTO creature_entry (`spawnID`, `entry`) VALUES ('63769', '18038');
INSERT INTO creature (`spawnID`, `map`, `spawnMask`, `modelid`, `equipment_id`, `position_x`, `position_y`, `position_z`, `orientation`, `spawntimesecs`, `spawndist`, `currentwaypoint`, `curhealth`, `curmana`, `MovementType`, `unit_flags`, `pool_id`, `patch_min`, `patch_max`) VALUES ('63769', '530', '1', NULL, '1', '-4135.06', '-12187.2', '-0.981324', '1.83782', '300', '0', '0', '1124', '0', '2', '0', '0', '0', '10');
INSERT INTO waypoint_data (`id`, `point`, `position_x`, `position_y`, `position_z`, `orientation`, `delay`, `move_type`, `action`, `action_chance`, `wpguid`) VALUES ('637690', '1', '-4148.6', '-12222.1', '-0.872179', '0', '0', '0', NULL, '100', '0');
INSERT INTO waypoint_data (`id`, `point`, `position_x`, `position_y`, `position_z`, `orientation`, `delay`, `move_type`, `action`, `action_chance`, `wpguid`) VALUES ('637690', '2', '-4164.46', '-12254.3', '-0.673545', '0', '0', '0', NULL, '100', '0');
INSERT INTO waypoint_data (`id`, `point`, `position_x`, `position_y`, `position_z`, `orientation`, `delay`, `move_type`, `action`, `action_chance`, `wpguid`) VALUES ('637690', '3', '-4195.83', '-12289.7', '0.402842', '0', '0', '0', NULL, '100', '0');
INSERT INTO waypoint_data (`id`, `point`, `position_x`, `position_y`, `position_z`, `orientation`, `delay`, `move_type`, `action`, `action_chance`, `wpguid`) VALUES ('637690', '4', '-4221.83', '-12330.3', '3.34528', '0', '0', '0', NULL, '100', '0');
INSERT INTO waypoint_data (`id`, `point`, `position_x`, `position_y`, `position_z`, `orientation`, `delay`, `move_type`, `action`, `action_chance`, `wpguid`) VALUES ('637690', '5', '-4239.15', '-12362.9', '9.51365', '0', '0', '0', NULL, '100', '0');
INSERT INTO waypoint_data (`id`, `point`, `position_x`, `position_y`, `position_z`, `orientation`, `delay`, `move_type`, `action`, `action_chance`, `wpguid`) VALUES ('637690', '6', '-4257.51', '-12400.2', '15.6902', '0', '0', '0', NULL, '100', '0');
INSERT INTO waypoint_data (`id`, `point`, `position_x`, `position_y`, `position_z`, `orientation`, `delay`, `move_type`, `action`, `action_chance`, `wpguid`) VALUES ('637690', '7', '-4276.94', '-12434', '20.1226', '0', '0', '0', NULL, '100', '0');
INSERT INTO waypoint_data (`id`, `point`, `position_x`, `position_y`, `position_z`, `orientation`, `delay`, `move_type`, `action`, `action_chance`, `wpguid`) VALUES ('637690', '8', '-4286.56', '-12446.3', '21.9976', '0', '0', '0', NULL, '100', '0');
INSERT INTO waypoint_data (`id`, `point`, `position_x`, `position_y`, `position_z`, `orientation`, `delay`, `move_type`, `action`, `action_chance`, `wpguid`) VALUES ('637690', '9', '-4289.01', '-12467.8', '24.1026', '0', '0', '0', NULL, '100', '0');
INSERT INTO waypoint_data (`id`, `point`, `position_x`, `position_y`, `position_z`, `orientation`, `delay`, `move_type`, `action`, `action_chance`, `wpguid`) VALUES ('637690', '10', '-4270.64', '-12478.2', '28.7276', '0', '0', '0', NULL, '100', '0');
INSERT INTO waypoint_data (`id`, `point`, `position_x`, `position_y`, `position_z`, `orientation`, `delay`, `move_type`, `action`, `action_chance`, `wpguid`) VALUES ('637690', '11', '-4233.72', '-12490.1', '41.6381', '0', '0', '0', NULL, '100', '0');
INSERT INTO waypoint_data (`id`, `point`, `position_x`, `position_y`, `position_z`, `orientation`, `delay`, `move_type`, `action`, `action_chance`, `wpguid`) VALUES ('637690', '12', '-4270.64', '-12478.2', '28.7276', '0', '0', '0', NULL, '100', '0');
INSERT INTO waypoint_data (`id`, `point`, `position_x`, `position_y`, `position_z`, `orientation`, `delay`, `move_type`, `action`, `action_chance`, `wpguid`) VALUES ('637690', '13', '-4289.01', '-12467.8', '24.1026', '0', '0', '0', NULL, '100', '0');
INSERT INTO waypoint_data (`id`, `point`, `position_x`, `position_y`, `position_z`, `orientation`, `delay`, `move_type`, `action`, `action_chance`, `wpguid`) VALUES ('637690', '14', '-4286.56', '-12446.3', '21.9976', '0', '0', '0', NULL, '100', '0');
INSERT INTO waypoint_data (`id`, `point`, `position_x`, `position_y`, `position_z`, `orientation`, `delay`, `move_type`, `action`, `action_chance`, `wpguid`) VALUES ('637690', '15', '-4276.94', '-12434', '20.1226', '0', '0', '0', NULL, '100', '0');
INSERT INTO waypoint_data (`id`, `point`, `position_x`, `position_y`, `position_z`, `orientation`, `delay`, `move_type`, `action`, `action_chance`, `wpguid`) VALUES ('637690', '16', '-4257.52', '-12400.2', '15.6902', '0', '0', '0', NULL, '100', '0');
INSERT INTO waypoint_data (`id`, `point`, `position_x`, `position_y`, `position_z`, `orientation`, `delay`, `move_type`, `action`, `action_chance`, `wpguid`) VALUES ('637690', '17', '-4239.15', '-12362.9', '9.51365', '0', '0', '0', NULL, '100', '0');
INSERT INTO waypoint_data (`id`, `point`, `position_x`, `position_y`, `position_z`, `orientation`, `delay`, `move_type`, `action`, `action_chance`, `wpguid`) VALUES ('637690', '18', '-4221.83', '-12330.3', '3.34528', '0', '0', '0', NULL, '100', '0');
INSERT INTO waypoint_data (`id`, `point`, `position_x`, `position_y`, `position_z`, `orientation`, `delay`, `move_type`, `action`, `action_chance`, `wpguid`) VALUES ('637690', '19', '-4195.83', '-12289.7', '0.402842', '0', '0', '0', NULL, '100', '0');
INSERT INTO waypoint_data (`id`, `point`, `position_x`, `position_y`, `position_z`, `orientation`, `delay`, `move_type`, `action`, `action_chance`, `wpguid`) VALUES ('637690', '20', '-4164.46', '-12254.3', '-0.673545', '0', '0', '0', NULL, '100', '0');
INSERT INTO waypoint_data (`id`, `point`, `position_x`, `position_y`, `position_z`, `orientation`, `delay`, `move_type`, `action`, `action_chance`, `wpguid`) VALUES ('637690', '21', '-4148.6', '-12222.1', '-0.872179', '0', '0', '0', NULL, '100', '0');
INSERT INTO waypoint_data (`id`, `point`, `position_x`, `position_y`, `position_z`, `orientation`, `delay`, `move_type`, `action`, `action_chance`, `wpguid`) VALUES ('637690', '22', '-4135.06', '-12187.2', '-0.981324', '0', '0', '0', NULL, '100', '0');
INSERT INTO waypoint_data (`id`, `point`, `position_x`, `position_y`, `position_z`, `orientation`, `delay`, `move_type`, `action`, `action_chance`, `wpguid`) VALUES ('637690', '23', '-4112.98', '-12146.2', '-1.5634', '0', '0', '0', NULL, '100', '0');
INSERT INTO waypoint_data (`id`, `point`, `position_x`, `position_y`, `position_z`, `orientation`, `delay`, `move_type`, `action`, `action_chance`, `wpguid`) VALUES ('637690', '24', '-4094.71', '-12115.8', '-1.22465', '0', '0', '0', NULL, '100', '0');
INSERT INTO waypoint_data (`id`, `point`, `position_x`, `position_y`, `position_z`, `orientation`, `delay`, `move_type`, `action`, `action_chance`, `wpguid`) VALUES ('637690', '25', '-4081.09', '-12100.7', '-0.534426', '0', '0', '0', NULL, '100', '0');
INSERT INTO waypoint_data (`id`, `point`, `position_x`, `position_y`, `position_z`, `orientation`, `delay`, `move_type`, `action`, `action_chance`, `wpguid`) VALUES ('637690', '26', '-4077.16', '-12081.8', '-0.282261', '0', '0', '0', NULL, '100', '0');
INSERT INTO waypoint_data (`id`, `point`, `position_x`, `position_y`, `position_z`, `orientation`, `delay`, `move_type`, `action`, `action_chance`, `wpguid`) VALUES ('637690', '27', '-4067.84', '-12049.9', '-1.20914', '0', '0', '0', NULL, '100', '0');
INSERT INTO waypoint_data (`id`, `point`, `position_x`, `position_y`, `position_z`, `orientation`, `delay`, `move_type`, `action`, `action_chance`, `wpguid`) VALUES ('637690', '28', '-4075.01', '-12023.7', '-1.48347', '0', '0', '0', NULL, '100', '0');
INSERT INTO waypoint_data (`id`, `point`, `position_x`, `position_y`, `position_z`, `orientation`, `delay`, `move_type`, `action`, `action_chance`, `wpguid`) VALUES ('637690', '29', '-4070.56', '-12002.4', '-0.983474', '0', '0', '0', NULL, '100', '0');
INSERT INTO waypoint_data (`id`, `point`, `position_x`, `position_y`, `position_z`, `orientation`, `delay`, `move_type`, `action`, `action_chance`, `wpguid`) VALUES ('637690', '30', '-4075.01', '-12023.7', '-1.48347', '0', '0', '0', NULL, '100', '0');
INSERT INTO waypoint_data (`id`, `point`, `position_x`, `position_y`, `position_z`, `orientation`, `delay`, `move_type`, `action`, `action_chance`, `wpguid`) VALUES ('637690', '31', '-4067.84', '-12049.9', '-1.20914', '0', '0', '0', NULL, '100', '0');
INSERT INTO waypoint_data (`id`, `point`, `position_x`, `position_y`, `position_z`, `orientation`, `delay`, `move_type`, `action`, `action_chance`, `wpguid`) VALUES ('637690', '32', '-4077.16', '-12081.8', '-0.282261', '0', '0', '0', NULL, '100', '0');
INSERT INTO waypoint_data (`id`, `point`, `position_x`, `position_y`, `position_z`, `orientation`, `delay`, `move_type`, `action`, `action_chance`, `wpguid`) VALUES ('637690', '33', '-4081.09', '-12100.7', '-0.534426', '0', '0', '0', NULL, '100', '0');
INSERT INTO waypoint_data (`id`, `point`, `position_x`, `position_y`, `position_z`, `orientation`, `delay`, `move_type`, `action`, `action_chance`, `wpguid`) VALUES ('637690', '34', '-4094.39', '-12115.3', '-1.03443', '0', '0', '0', NULL, '100', '0');
INSERT INTO waypoint_data (`id`, `point`, `position_x`, `position_y`, `position_z`, `orientation`, `delay`, `move_type`, `action`, `action_chance`, `wpguid`) VALUES ('637690', '35', '-4112.98', '-12146.2', '-1.5634', '0', '0', '0', NULL, '100', '0');
INSERT INTO waypoint_data (`id`, `point`, `position_x`, `position_y`, `position_z`, `orientation`, `delay`, `move_type`, `action`, `action_chance`, `wpguid`) VALUES ('637690', '36', '-4135.06', '-12187.2', '-0.981324', '0', '0', '0', NULL, '100', '0');
INSERT INTO creature_addon (`spawnID`, `path_id`, `mount`, `bytes0`, `bytes1`, `bytes2`, `emote`, `auras`) VALUES ('63769', '637690', '0', '0', '0', '257', '0', NULL);
INSERT INTO creature_entry (`spawnID`, `entry`) VALUES ('63771', '18038');
INSERT INTO creature (`spawnID`, `map`, `spawnMask`, `modelid`, `equipment_id`, `position_x`, `position_y`, `position_z`, `orientation`, `spawntimesecs`, `spawndist`, `currentwaypoint`, `curhealth`, `curmana`, `MovementType`, `unit_flags`, `pool_id`, `patch_min`, `patch_max`) VALUES ('63771', '530', '1', NULL, '1', '-4191.94', '-12478.2', '45.7694', '3.56504', '300', '0', '0', '1124', '0', '2', '0', '0', '0', '10');
INSERT INTO waypoint_data (`id`, `point`, `position_x`, `position_y`, `position_z`, `orientation`, `delay`, `move_type`, `action`, `action_chance`, `wpguid`) VALUES ('637710', '1', '-4205.66', '-12485.6', '44.6914', '0', '0', '0', NULL, '100', '0');
INSERT INTO waypoint_data (`id`, `point`, `position_x`, `position_y`, `position_z`, `orientation`, `delay`, `move_type`, `action`, `action_chance`, `wpguid`) VALUES ('637710', '2', '-4208.53', '-12498.6', '44.4324', '0', '0', '0', NULL, '100', '0');
INSERT INTO waypoint_data (`id`, `point`, `position_x`, `position_y`, `position_z`, `orientation`, `delay`, `move_type`, `action`, `action_chance`, `wpguid`) VALUES ('637710', '3', '-4204.51', '-12510.6', '44.8193', '0', '0', '0', NULL, '100', '0');
INSERT INTO waypoint_data (`id`, `point`, `position_x`, `position_y`, `position_z`, `orientation`, `delay`, `move_type`, `action`, `action_chance`, `wpguid`) VALUES ('637710', '4', '-4193.44', '-12522.6', '44.6915', '0', '0', '0', NULL, '100', '0');
INSERT INTO waypoint_data (`id`, `point`, `position_x`, `position_y`, `position_z`, `orientation`, `delay`, `move_type`, `action`, `action_chance`, `wpguid`) VALUES ('637710', '5', '-4176.15', '-12527.4', '44.6961', '0', '0', '0', NULL, '100', '0');
INSERT INTO waypoint_data (`id`, `point`, `position_x`, `position_y`, `position_z`, `orientation`, `delay`, `move_type`, `action`, `action_chance`, `wpguid`) VALUES ('637710', '6', '-4163.38', '-12521.9', '44.6597', '0', '0', '0', NULL, '100', '0');
INSERT INTO waypoint_data (`id`, `point`, `position_x`, `position_y`, `position_z`, `orientation`, `delay`, `move_type`, `action`, `action_chance`, `wpguid`) VALUES ('637710', '7', '-4155.31', '-12511.3', '44.8935', '0', '0', '0', NULL, '100', '0');
INSERT INTO waypoint_data (`id`, `point`, `position_x`, `position_y`, `position_z`, `orientation`, `delay`, `move_type`, `action`, `action_chance`, `wpguid`) VALUES ('637710', '8', '-4153.65', '-12498', '44.3924', '0', '0', '0', NULL, '100', '0');
INSERT INTO waypoint_data (`id`, `point`, `position_x`, `position_y`, `position_z`, `orientation`, `delay`, `move_type`, `action`, `action_chance`, `wpguid`) VALUES ('637710', '9', '-4156.06', '-12489.1', '44.4723', '0', '0', '0', NULL, '100', '0');
INSERT INTO waypoint_data (`id`, `point`, `position_x`, `position_y`, `position_z`, `orientation`, `delay`, `move_type`, `action`, `action_chance`, `wpguid`) VALUES ('637710', '10', '-4169.8', '-12465.3', '44.482', '0', '0', '0', NULL, '100', '0');
INSERT INTO waypoint_data (`id`, `point`, `position_x`, `position_y`, `position_z`, `orientation`, `delay`, `move_type`, `action`, `action_chance`, `wpguid`) VALUES ('637710', '11', '-4172.35', '-12441.4', '43.6913', '0', '0', '0', NULL, '100', '0');
INSERT INTO waypoint_data (`id`, `point`, `position_x`, `position_y`, `position_z`, `orientation`, `delay`, `move_type`, `action`, `action_chance`, `wpguid`) VALUES ('637710', '12', '-4183.24', '-12464.9', '44.8085', '0', '0', '0', NULL, '100', '0');
INSERT INTO waypoint_data (`id`, `point`, `position_x`, `position_y`, `position_z`, `orientation`, `delay`, `move_type`, `action`, `action_chance`, `wpguid`) VALUES ('637710', '13', '-4193.13', '-12477.9', '45.7905', '0', '0', '0', NULL, '100', '0');
INSERT INTO creature_addon (`spawnID`, `path_id`, `mount`, `bytes0`, `bytes1`, `bytes2`, `emote`, `auras`) VALUES ('63771', '637710', '0', '0', '0', '4097', '0', NULL);
INSERT INTO creature_entry (`spawnID`, `entry`) VALUES ('63772', '18038');
INSERT INTO creature (`spawnID`, `map`, `spawnMask`, `modelid`, `equipment_id`, `position_x`, `position_y`, `position_z`, `orientation`, `spawntimesecs`, `spawndist`, `currentwaypoint`, `curhealth`, `curmana`, `MovementType`, `unit_flags`, `pool_id`, `patch_min`, `patch_max`) VALUES ('63772', '530', '1', NULL, '1', '-4171.39', '-12464.3', '44.4007', '2.1149', '300', '0', '0', '1124', '0', '2', '0', '0', '0', '10');
INSERT INTO waypoint_data (`id`, `point`, `position_x`, `position_y`, `position_z`, `orientation`, `delay`, `move_type`, `action`, `action_chance`, `wpguid`) VALUES ('637720', '11', '-4155.87', '-12490', '44.4803', '0', '0', '0', NULL, '100', '0');
INSERT INTO waypoint_data (`id`, `point`, `position_x`, `position_y`, `position_z`, `orientation`, `delay`, `move_type`, `action`, `action_chance`, `wpguid`) VALUES ('637720', '10', '-4153.93', '-12500.2', '44.0713', '0', '0', '0', NULL, '100', '0');
INSERT INTO waypoint_data (`id`, `point`, `position_x`, `position_y`, `position_z`, `orientation`, `delay`, `move_type`, `action`, `action_chance`, `wpguid`) VALUES ('637720', '9', '-4159.12', '-12517', '44.6988', '0', '0', '0', NULL, '100', '0');
INSERT INTO waypoint_data (`id`, `point`, `position_x`, `position_y`, `position_z`, `orientation`, `delay`, `move_type`, `action`, `action_chance`, `wpguid`) VALUES ('637720', '8', '-4175.12', '-12527.9', '44.7594', '0', '0', '0', NULL, '100', '0');
INSERT INTO waypoint_data (`id`, `point`, `position_x`, `position_y`, `position_z`, `orientation`, `delay`, `move_type`, `action`, `action_chance`, `wpguid`) VALUES ('637720', '7', '-4195.89', '-12522.1', '45.1876', '0', '0', '0', NULL, '100', '0');
INSERT INTO waypoint_data (`id`, `point`, `position_x`, `position_y`, `position_z`, `orientation`, `delay`, `move_type`, `action`, `action_chance`, `wpguid`) VALUES ('637720', '6', '-4206.41', '-12507.6', '45.0747', '0', '0', '0', NULL, '100', '0');
INSERT INTO waypoint_data (`id`, `point`, `position_x`, `position_y`, `position_z`, `orientation`, `delay`, `move_type`, `action`, `action_chance`, `wpguid`) VALUES ('637720', '5', '-4208.53', '-12485.6', '44.765', '0', '0', '0', NULL, '100', '0');
INSERT INTO waypoint_data (`id`, `point`, `position_x`, `position_y`, `position_z`, `orientation`, `delay`, `move_type`, `action`, `action_chance`, `wpguid`) VALUES ('637720', '4', '-4191.69', '-12478.2', '45.8875', '0', '0', '0', NULL, '100', '0');
INSERT INTO waypoint_data (`id`, `point`, `position_x`, `position_y`, `position_z`, `orientation`, `delay`, `move_type`, `action`, `action_chance`, `wpguid`) VALUES ('637720', '3', '-4183.27', '-12464.7', '44.8651', '0', '0', '0', NULL, '100', '0');
INSERT INTO waypoint_data (`id`, `point`, `position_x`, `position_y`, `position_z`, `orientation`, `delay`, `move_type`, `action`, `action_chance`, `wpguid`) VALUES ('637720', '2', '-4172.63', '-12441.6', '43.7357', '0', '0', '0', NULL, '100', '0');
INSERT INTO waypoint_data (`id`, `point`, `position_x`, `position_y`, `position_z`, `orientation`, `delay`, `move_type`, `action`, `action_chance`, `wpguid`) VALUES ('637720', '1', '-4171.39', '-12464.3', '44.4007', '0', '0', '0', NULL, '100', '0');
INSERT INTO creature_addon (`spawnID`, `path_id`, `mount`, `bytes0`, `bytes1`, `bytes2`, `emote`, `auras`) VALUES ('63772', '637720', '0', '0', '0', '4097', '0', NULL);
INSERT INTO creature_entry (`spawnID`, `entry`) VALUES ('63774', '18038');
INSERT INTO creature (`spawnID`, `map`, `spawnMask`, `modelid`, `equipment_id`, `position_x`, `position_y`, `position_z`, `orientation`, `spawntimesecs`, `spawndist`, `currentwaypoint`, `curhealth`, `curmana`, `MovementType`, `unit_flags`, `pool_id`, `patch_min`, `patch_max`) VALUES ('63774', '530', '1', NULL, '1', '-4200.61', '-12494.6', '44.6251', '0.45375', '300', '0', '0', '1124', '0', '2', '0', '0', '0', '10');
INSERT INTO waypoint_data (`id`, `point`, `position_x`, `position_y`, `position_z`, `orientation`, `delay`, `move_type`, `action`, `action_chance`, `wpguid`) VALUES ('637740', '9', '-3967.38', '-12442.7', '18.437', '0', '0', '0', NULL, '100', '0');
INSERT INTO waypoint_data (`id`, `point`, `position_x`, `position_y`, `position_z`, `orientation`, `delay`, `move_type`, `action`, `action_chance`, `wpguid`) VALUES ('637740', '8', '-4000.53', '-12450.3', '25.0485', '0', '0', '0', NULL, '100', '0');
INSERT INTO waypoint_data (`id`, `point`, `position_x`, `position_y`, `position_z`, `orientation`, `delay`, `move_type`, `action`, `action_chance`, `wpguid`) VALUES ('637740', '7', '-4034.04', '-12460.5', '31.0104', '0', '0', '0', NULL, '100', '0');
INSERT INTO waypoint_data (`id`, `point`, `position_x`, `position_y`, `position_z`, `orientation`, `delay`, `move_type`, `action`, `action_chance`, `wpguid`) VALUES ('637740', '6', '-4067.27', '-12473.9', '35.7093', '0', '0', '0', NULL, '100', '0');
INSERT INTO waypoint_data (`id`, `point`, `position_x`, `position_y`, `position_z`, `orientation`, `delay`, `move_type`, `action`, `action_chance`, `wpguid`) VALUES ('637740', '5', '-4100.41', '-12490.2', '40.9945', '0', '0', '0', NULL, '100', '0');
INSERT INTO waypoint_data (`id`, `point`, `position_x`, `position_y`, `position_z`, `orientation`, `delay`, `move_type`, `action`, `action_chance`, `wpguid`) VALUES ('637740', '4', '-4134.25', '-12503.8', '43.625', '0', '0', '0', NULL, '100', '0');
INSERT INTO waypoint_data (`id`, `point`, `position_x`, `position_y`, `position_z`, `orientation`, `delay`, `move_type`, `action`, `action_chance`, `wpguid`) VALUES ('637740', '3', '-4164.71', '-12500.8', '44.4031', '0', '0', '0', NULL, '100', '0');
INSERT INTO waypoint_data (`id`, `point`, `position_x`, `position_y`, `position_z`, `orientation`, `delay`, `move_type`, `action`, `action_chance`, `wpguid`) VALUES ('637740', '2', '-4177.41', '-12486.1', '44.2625', '0', '0', '0', NULL, '100', '0');
INSERT INTO waypoint_data (`id`, `point`, `position_x`, `position_y`, `position_z`, `orientation`, `delay`, `move_type`, `action`, `action_chance`, `wpguid`) VALUES ('637740', '1', '-4200.61', '-12494.6', '44.6251', '0', '0', '0', NULL, '100', '0');
INSERT INTO waypoint_data (`id`, `point`, `position_x`, `position_y`, `position_z`, `orientation`, `delay`, `move_type`, `action`, `action_chance`, `wpguid`) VALUES ('637740', '10', '-3951.83', '-12430.2', '14.6243', '0', '0', '0', NULL, '100', '0');
INSERT INTO waypoint_data (`id`, `point`, `position_x`, `position_y`, `position_z`, `orientation`, `delay`, `move_type`, `action`, `action_chance`, `wpguid`) VALUES ('637740', '11', '-3923.01', '-12427.8', '9.2598', '0', '0', '0', NULL, '100', '0');
INSERT INTO waypoint_data (`id`, `point`, `position_x`, `position_y`, `position_z`, `orientation`, `delay`, `move_type`, `action`, `action_chance`, `wpguid`) VALUES ('637740', '12', '-3890.98', '-12420.3', '3.11022', '0', '0', '0', NULL, '100', '0');
INSERT INTO waypoint_data (`id`, `point`, `position_x`, `position_y`, `position_z`, `orientation`, `delay`, `move_type`, `action`, `action_chance`, `wpguid`) VALUES ('637740', '13', '-3845.61', '-12400.2', '-0.507615', '0', '0', '0', NULL, '100', '0');
INSERT INTO waypoint_data (`id`, `point`, `position_x`, `position_y`, `position_z`, `orientation`, `delay`, `move_type`, `action`, `action_chance`, `wpguid`) VALUES ('637740', '14', '-3799.79', '-12396.9', '-1.57003', '0', '0', '0', NULL, '100', '0');
INSERT INTO waypoint_data (`id`, `point`, `position_x`, `position_y`, `position_z`, `orientation`, `delay`, `move_type`, `action`, `action_chance`, `wpguid`) VALUES ('637740', '15', '-3767.79', '-12389.9', '-1.61202', '0', '0', '0', NULL, '100', '0');
INSERT INTO waypoint_data (`id`, `point`, `position_x`, `position_y`, `position_z`, `orientation`, `delay`, `move_type`, `action`, `action_chance`, `wpguid`) VALUES ('637740', '16', '-3733.88', '-12386', '-2.56379', '0', '0', '0', NULL, '100', '0');
INSERT INTO waypoint_data (`id`, `point`, `position_x`, `position_y`, `position_z`, `orientation`, `delay`, `move_type`, `action`, `action_chance`, `wpguid`) VALUES ('637740', '17', '-3699.68', '-12379.4', '-3.25336', '0', '0', '0', NULL, '100', '0');
INSERT INTO waypoint_data (`id`, `point`, `position_x`, `position_y`, `position_z`, `orientation`, `delay`, `move_type`, `action`, `action_chance`, `wpguid`) VALUES ('637740', '18', '-3676.9', '-12366.1', '-3.00509', '0', '0', '0', NULL, '100', '0');
INSERT INTO waypoint_data (`id`, `point`, `position_x`, `position_y`, `position_z`, `orientation`, `delay`, `move_type`, `action`, `action_chance`, `wpguid`) VALUES ('637740', '19', '-3634.2', '-12353.7', '-1.51753', '0', '0', '0', NULL, '100', '0');
INSERT INTO waypoint_data (`id`, `point`, `position_x`, `position_y`, `position_z`, `orientation`, `delay`, `move_type`, `action`, `action_chance`, `wpguid`) VALUES ('637740', '20', '-3600.2', '-12362.6', '0.956135', '0', '0', '0', NULL, '100', '0');
INSERT INTO waypoint_data (`id`, `point`, `position_x`, `position_y`, `position_z`, `orientation`, `delay`, `move_type`, `action`, `action_chance`, `wpguid`) VALUES ('637740', '21', '-3566.17', '-12360.3', '3.72394', '0', '0', '0', NULL, '100', '0');
INSERT INTO waypoint_data (`id`, `point`, `position_x`, `position_y`, `position_z`, `orientation`, `delay`, `move_type`, `action`, `action_chance`, `wpguid`) VALUES ('637740', '22', '-3533.76', '-12360.7', '6.88605', '0', '0', '0', NULL, '100', '0');
INSERT INTO waypoint_data (`id`, `point`, `position_x`, `position_y`, `position_z`, `orientation`, `delay`, `move_type`, `action`, `action_chance`, `wpguid`) VALUES ('637740', '23', '-3500.22', '-12359.6', '9.17144', '0', '0', '0', NULL, '100', '0');
INSERT INTO waypoint_data (`id`, `point`, `position_x`, `position_y`, `position_z`, `orientation`, `delay`, `move_type`, `action`, `action_chance`, `wpguid`) VALUES ('637740', '24', '-3533.76', '-12360.7', '6.88605', '0', '0', '0', NULL, '100', '0');
INSERT INTO waypoint_data (`id`, `point`, `position_x`, `position_y`, `position_z`, `orientation`, `delay`, `move_type`, `action`, `action_chance`, `wpguid`) VALUES ('637740', '25', '-3566.17', '-12360.3', '3.72394', '0', '0', '0', NULL, '100', '0');
INSERT INTO waypoint_data (`id`, `point`, `position_x`, `position_y`, `position_z`, `orientation`, `delay`, `move_type`, `action`, `action_chance`, `wpguid`) VALUES ('637740', '26', '-3600.2', '-12362.6', '0.956135', '0', '0', '0', NULL, '100', '0');
INSERT INTO waypoint_data (`id`, `point`, `position_x`, `position_y`, `position_z`, `orientation`, `delay`, `move_type`, `action`, `action_chance`, `wpguid`) VALUES ('637740', '27', '-3634.03', '-12353.8', '-1.46529', '0', '0', '0', NULL, '100', '0');
INSERT INTO waypoint_data (`id`, `point`, `position_x`, `position_y`, `position_z`, `orientation`, `delay`, `move_type`, `action`, `action_chance`, `wpguid`) VALUES ('637740', '28', '-3676.9', '-12366.1', '-3.00509', '0', '0', '0', NULL, '100', '0');
INSERT INTO waypoint_data (`id`, `point`, `position_x`, `position_y`, `position_z`, `orientation`, `delay`, `move_type`, `action`, `action_chance`, `wpguid`) VALUES ('637740', '29', '-3699.68', '-12379.4', '-3.25336', '0', '0', '0', NULL, '100', '0');
INSERT INTO waypoint_data (`id`, `point`, `position_x`, `position_y`, `position_z`, `orientation`, `delay`, `move_type`, `action`, `action_chance`, `wpguid`) VALUES ('637740', '30', '-3733.88', '-12386', '-2.56379', '0', '0', '0', NULL, '100', '0');
INSERT INTO waypoint_data (`id`, `point`, `position_x`, `position_y`, `position_z`, `orientation`, `delay`, `move_type`, `action`, `action_chance`, `wpguid`) VALUES ('637740', '31', '-3767.79', '-12389.9', '-1.61202', '0', '0', '0', NULL, '100', '0');
INSERT INTO waypoint_data (`id`, `point`, `position_x`, `position_y`, `position_z`, `orientation`, `delay`, `move_type`, `action`, `action_chance`, `wpguid`) VALUES ('637740', '32', '-3799.79', '-12396.9', '-1.57003', '0', '0', '0', NULL, '100', '0');
INSERT INTO waypoint_data (`id`, `point`, `position_x`, `position_y`, `position_z`, `orientation`, `delay`, `move_type`, `action`, `action_chance`, `wpguid`) VALUES ('637740', '33', '-3845.61', '-12400.2', '-0.507615', '0', '0', '0', NULL, '100', '0');
INSERT INTO waypoint_data (`id`, `point`, `position_x`, `position_y`, `position_z`, `orientation`, `delay`, `move_type`, `action`, `action_chance`, `wpguid`) VALUES ('637740', '34', '-3890.98', '-12420.3', '3.11022', '0', '0', '0', NULL, '100', '0');
INSERT INTO waypoint_data (`id`, `point`, `position_x`, `position_y`, `position_z`, `orientation`, `delay`, `move_type`, `action`, `action_chance`, `wpguid`) VALUES ('637740', '35', '-3923.01', '-12427.8', '9.2598', '0', '0', '0', NULL, '100', '0');
INSERT INTO waypoint_data (`id`, `point`, `position_x`, `position_y`, `position_z`, `orientation`, `delay`, `move_type`, `action`, `action_chance`, `wpguid`) VALUES ('637740', '36', '-3951.68', '-12430.1', '14.6527', '0', '0', '0', NULL, '100', '0');
INSERT INTO waypoint_data (`id`, `point`, `position_x`, `position_y`, `position_z`, `orientation`, `delay`, `move_type`, `action`, `action_chance`, `wpguid`) VALUES ('637740', '37', '-3967.38', '-12442.7', '18.437', '0', '0', '0', NULL, '100', '0');
INSERT INTO waypoint_data (`id`, `point`, `position_x`, `position_y`, `position_z`, `orientation`, `delay`, `move_type`, `action`, `action_chance`, `wpguid`) VALUES ('637740', '38', '-4000.53', '-12450.3', '25.0485', '0', '0', '0', NULL, '100', '0');
INSERT INTO waypoint_data (`id`, `point`, `position_x`, `position_y`, `position_z`, `orientation`, `delay`, `move_type`, `action`, `action_chance`, `wpguid`) VALUES ('637740', '39', '-4034.02', '-12460.5', '30.9877', '0', '0', '0', NULL, '100', '0');
INSERT INTO waypoint_data (`id`, `point`, `position_x`, `position_y`, `position_z`, `orientation`, `delay`, `move_type`, `action`, `action_chance`, `wpguid`) VALUES ('637740', '40', '-4067.27', '-12473.9', '35.7093', '0', '0', '0', NULL, '100', '0');
INSERT INTO waypoint_data (`id`, `point`, `position_x`, `position_y`, `position_z`, `orientation`, `delay`, `move_type`, `action`, `action_chance`, `wpguid`) VALUES ('637740', '41', '-4100.41', '-12490.2', '40.9945', '0', '0', '0', NULL, '100', '0');
INSERT INTO waypoint_data (`id`, `point`, `position_x`, `position_y`, `position_z`, `orientation`, `delay`, `move_type`, `action`, `action_chance`, `wpguid`) VALUES ('637740', '42', '-4134.25', '-12503.8', '43.625', '0', '0', '0', NULL, '100', '0');
INSERT INTO waypoint_data (`id`, `point`, `position_x`, `position_y`, `position_z`, `orientation`, `delay`, `move_type`, `action`, `action_chance`, `wpguid`) VALUES ('637740', '43', '-4164.71', '-12500.8', '44.4031', '0', '0', '0', NULL, '100', '0');
INSERT INTO waypoint_data (`id`, `point`, `position_x`, `position_y`, `position_z`, `orientation`, `delay`, `move_type`, `action`, `action_chance`, `wpguid`) VALUES ('637740', '44', '-4177.41', '-12486.1', '44.2625', '0', '0', '0', NULL, '100', '0');
INSERT INTO creature_addon (`spawnID`, `path_id`, `mount`, `bytes0`, `bytes1`, `bytes2`, `emote`, `auras`) VALUES ('63774', '637740', '0', '0', '0', '4097', '0', NULL);
DELETE ce, c1, c2, sg FROM creature_entry ce LEFT JOIN conditions c1 ON c1.ConditionTypeOrReference = 31 AND c1.ConditionValue1 = 3 AND c1.ConditionValue3 = 1063116 LEFT JOIN conditions c2 ON c2.SourceTypeOrReferenceId = 22 AND c2.SourceId = 0 AND c1.SourceEntry = -1063116 LEFT JOIN spawn_group sg ON sg.spawnId = 1063116 AND spawnType = 0 WHERE ce.spawnID = 1063116;
DELETE ce, c1, c2, sg FROM creature_entry ce LEFT JOIN conditions c1 ON c1.ConditionTypeOrReference = 31 AND c1.ConditionValue1 = 3 AND c1.ConditionValue3 = 1063119 LEFT JOIN conditions c2 ON c2.SourceTypeOrReferenceId = 22 AND c2.SourceId = 0 AND c1.SourceEntry = -1063119 LEFT JOIN spawn_group sg ON sg.spawnId = 1063119 AND spawnType = 0 WHERE ce.spawnID = 1063119;
DELETE ce, c1, c2, sg FROM creature_entry ce LEFT JOIN conditions c1 ON c1.ConditionTypeOrReference = 31 AND c1.ConditionValue1 = 3 AND c1.ConditionValue3 = 1063121 LEFT JOIN conditions c2 ON c2.SourceTypeOrReferenceId = 22 AND c2.SourceId = 0 AND c1.SourceEntry = -1063121 LEFT JOIN spawn_group sg ON sg.spawnId = 1063121 AND spawnType = 0 WHERE ce.spawnID = 1063121;


-- Importing creature spawn with guid 63771 with import type REPLACE_ALL


-- Importing creature spawn with guid 63772 with import type REPLACE_ALL


-- Importing creature spawn with guid 63773 with import type REPLACE_ALL


-- Importing creature spawn with guid 63774 with import type REPLACE_ALL


-- Importing creature spawn with guid 64139 with import type REPLACE_ALL
DELETE ce, c1, c2, sg FROM creature_entry ce LEFT JOIN conditions c1 ON c1.ConditionTypeOrReference = 31 AND c1.ConditionValue1 = 3 AND c1.ConditionValue3 = 64203 LEFT JOIN conditions c2 ON c2.SourceTypeOrReferenceId = 22 AND c2.SourceId = 0 AND c1.SourceEntry = -64203 LEFT JOIN spawn_group sg ON sg.spawnId = 64203 AND spawnType = 0 WHERE ce.spawnID = 64203;
DELETE ce, c1, c2, sg FROM creature_entry ce LEFT JOIN conditions c1 ON c1.ConditionTypeOrReference = 31 AND c1.ConditionValue1 = 3 AND c1.ConditionValue3 = 1063542 LEFT JOIN conditions c2 ON c2.SourceTypeOrReferenceId = 22 AND c2.SourceId = 0 AND c1.SourceEntry = -1063542 LEFT JOIN spawn_group sg ON sg.spawnId = 1063542 AND spawnType = 0 WHERE ce.spawnID = 1063542;


-- Importing creature spawn with guid 64140 with import type REPLACE_ALL


-- Importing creature spawn with guid 64141 with import type REPLACE_ALL


-- Importing creature spawn with guid 64142 with import type REPLACE_ALL


-- Importing creature spawn with guid 64143 with import type REPLACE_ALL


-- Importing creature spawn with guid 64144 with import type REPLACE_ALL


-- Importing creature spawn with guid 64145 with import type REPLACE_ALL


-- Importing creature spawn with guid 64146 with import type REPLACE_ALL


-- Importing creature spawn with guid 64147 with import type REPLACE_ALL


-- Importing creature spawn with guid 64148 with import type REPLACE_ALL


-- Importing creature spawn with guid 64149 with import type REPLACE_ALL


-- Importing creature spawn with guid 64150 with import type REPLACE_ALL


-- Importing creature spawn with guid 64151 with import type REPLACE_ALL


-- Importing creature spawn with guid 64152 with import type REPLACE_ALL


-- Importing creature spawn with guid 64153 with import type REPLACE_ALL


-- Importing creature spawn with guid 64154 with import type REPLACE_ALL


-- Importing creature spawn with guid 64155 with import type REPLACE_ALL


-- Importing creature spawn with guid 64156 with import type REPLACE_ALL


-- Importing creature spawn with guid 64157 with import type REPLACE_ALL


-- Importing creature spawn with guid 64158 with import type REPLACE_ALL


-- Importing creature spawn with guid 64159 with import type REPLACE_ALL


-- Importing creature spawn with guid 64160 with import type REPLACE_ALL


-- Importing creature spawn with guid 64161 with import type REPLACE_ALL


-- Importing creature spawn with guid 64162 with import type REPLACE_ALL


-- Importing creature spawn with guid 64163 with import type REPLACE_ALL


-- Importing creature spawn with guid 64164 with import type REPLACE_ALL


-- Importing creature spawn with guid 64165 with import type REPLACE_ALL


-- Importing creature spawn with guid 64166 with import type REPLACE_ALL


-- Importing creature spawn with guid 64167 with import type REPLACE_ALL


-- Importing creature spawn with guid 64168 with import type REPLACE_ALL


-- Importing creature spawn with guid 64169 with import type REPLACE_ALL


-- Importing creature spawn with guid 64170 with import type REPLACE_ALL


-- Importing creature spawn with guid 64171 with import type REPLACE_ALL


-- Importing creature spawn with guid 64172 with import type REPLACE_ALL


-- Importing creature spawn with guid 64173 with import type REPLACE_ALL


-- Importing creature spawn with guid 64174 with import type REPLACE_ALL


-- Importing creature spawn with guid 64175 with import type REPLACE_ALL


-- Importing creature spawn with guid 64176 with import type REPLACE_ALL


-- Importing creature spawn with guid 64177 with import type REPLACE_ALL


-- Importing creature spawn with guid 64178 with import type REPLACE_ALL


-- Importing creature spawn with guid 64179 with import type REPLACE_ALL


-- Importing creature spawn with guid 64180 with import type REPLACE_ALL


-- Importing creature spawn with guid 64181 with import type REPLACE_ALL


-- Importing creature spawn with guid 64182 with import type REPLACE_ALL


-- Importing creature spawn with guid 64183 with import type REPLACE_ALL


-- Importing creature spawn with guid 64184 with import type REPLACE_ALL


-- Importing creature spawn with guid 64185 with import type REPLACE_ALL


-- Importing creature spawn with guid 64186 with import type REPLACE_ALL


-- Importing creature spawn with guid 64187 with import type REPLACE_ALL


-- Importing creature spawn with guid 64188 with import type REPLACE_ALL


-- Importing creature spawn with guid 64189 with import type REPLACE_ALL


-- Importing creature spawn with guid 64190 with import type REPLACE_ALL


-- Importing creature spawn with guid 64191 with import type REPLACE_ALL


-- Importing creature spawn with guid 64192 with import type REPLACE_ALL


-- Importing creature spawn with guid 64193 with import type REPLACE_ALL


-- Importing creature spawn with guid 64194 with import type REPLACE_ALL


-- Importing creature spawn with guid 64195 with import type REPLACE_ALL
/* HAND REMOVED
INSERT INTO creature_entry (`spawnID`, `entry`) VALUES ('64209', '18118');
INSERT INTO creature (`spawnID`, `map`, `spawnMask`, `modelid`, `equipment_id`, `position_x`, `position_y`, `position_z`, `orientation`, `spawntimesecs`, `spawndist`, `currentwaypoint`, `curhealth`, `curmana`, `MovementType`, `unit_flags`, `pool_id`, `patch_min`, `patch_max`) VALUES ('64209', '530', '1', NULL, '1', '1033.8', '7923.98', '20.4459', '1.29385', '300', '5', '0', '4274', '2568', '1', '0', '0', '0', '10');
INSERT INTO spawn_group (`groupId`, `spawnType`, `spawnId`) VALUES ('2', '0', '64209');
DELETE ce, c1, c2, sg FROM creature_entry ce LEFT JOIN conditions c1 ON c1.ConditionTypeOrReference = 31 AND c1.ConditionValue1 = 3 AND c1.ConditionValue3 = 64159 LEFT JOIN conditions c2 ON c2.SourceTypeOrReferenceId = 22 AND c2.SourceId = 0 AND c1.SourceEntry = -64159 LEFT JOIN spawn_group sg ON sg.spawnId = 64159 AND spawnType = 0 WHERE ce.spawnID = 64159;
DELETE ce, c1, c2, sg FROM creature_entry ce LEFT JOIN conditions c1 ON c1.ConditionTypeOrReference = 31 AND c1.ConditionValue1 = 3 AND c1.ConditionValue3 = 64163 LEFT JOIN conditions c2 ON c2.SourceTypeOrReferenceId = 22 AND c2.SourceId = 0 AND c1.SourceEntry = -64163 LEFT JOIN spawn_group sg ON sg.spawnId = 64163 AND spawnType = 0 WHERE ce.spawnID = 64163;
DELETE ce, c1, c2, sg FROM creature_entry ce LEFT JOIN conditions c1 ON c1.ConditionTypeOrReference = 31 AND c1.ConditionValue1 = 3 AND c1.ConditionValue3 = 1311732 LEFT JOIN conditions c2 ON c2.SourceTypeOrReferenceId = 22 AND c2.SourceId = 0 AND c1.SourceEntry = -1311732 LEFT JOIN spawn_group sg ON sg.spawnId = 1311732 AND spawnType = 0 WHERE ce.spawnID = 1311732;
*/
-- HAND ADDED
DELETE FROM spawn_group WHERE spawnType = 0 AND spawnId = 64209;

-- Importing creature spawn with guid 64196 with import type REPLACE_ALL


-- Importing creature spawn with guid 64197 with import type REPLACE_ALL


-- Importing creature spawn with guid 64198 with import type REPLACE_ALL


-- Importing creature spawn with guid 64199 with import type REPLACE_ALL


-- Importing creature spawn with guid 64200 with import type REPLACE_ALL


-- Importing creature spawn with guid 64201 with import type REPLACE_ALL


-- Importing creature spawn with guid 64202 with import type REPLACE_ALL


-- Importing creature spawn with guid 64203 with import type REPLACE_ALL


-- Importing creature spawn with guid 64204 with import type REPLACE_ALL


-- Importing creature spawn with guid 64205 with import type REPLACE_ALL


-- Importing creature spawn with guid 64206 with import type REPLACE_ALL


-- Importing creature spawn with guid 64207 with import type REPLACE_ALL


-- Importing creature spawn with guid 64208 with import type REPLACE_ALL


-- Importing creature spawn with guid 64209 with import type REPLACE_ALL


-- Importing creature spawn with guid 64210 with import type REPLACE_ALL


-- Importing creature spawn with guid 64211 with import type REPLACE_ALL


-- Importing creature spawn with guid 64212 with import type REPLACE_ALL


-- Importing creature spawn with guid 64213 with import type REPLACE_ALL


-- Importing creature spawn with guid 64996 with import type REPLACE_ALL
INSERT INTO creature_entry (`spawnID`, `entry`) VALUES ('64995', '18202');
INSERT INTO creature (`spawnID`, `map`, `spawnMask`, `modelid`, `equipment_id`, `position_x`, `position_y`, `position_z`, `orientation`, `spawntimesecs`, `spawndist`, `currentwaypoint`, `curhealth`, `curmana`, `MovementType`, `unit_flags`, `pool_id`, `patch_min`, `patch_max`) VALUES ('64995', '530', '1', NULL, '1', '-1659.5', '8565.8', '-17.151', '5.58319', '300', '0', '0', '4731', '2790', '0', '0', '0', '0', '10');
INSERT INTO spawn_group (`groupId`, `spawnType`, `spawnId`) VALUES ('2', '0', '64995');
INSERT INTO creature_entry (`spawnID`, `entry`) VALUES ('28683', '18202');
INSERT INTO creature (`spawnID`, `map`, `spawnMask`, `modelid`, `equipment_id`, `position_x`, `position_y`, `position_z`, `orientation`, `spawntimesecs`, `spawndist`, `currentwaypoint`, `curhealth`, `curmana`, `MovementType`, `unit_flags`, `pool_id`, `patch_min`, `patch_max`) VALUES ('28683', '530', '1', NULL, '1', '-1678.58', '8496.61', '-19.6745', '3.87301', '300', '5', '0', '4731', '2790', '1', '0', '0', '0', '10');
INSERT INTO spawn_group (`groupId`, `spawnType`, `spawnId`) VALUES ('2', '0', '28683');
INSERT INTO creature_entry (`spawnID`, `entry`) VALUES ('28684', '18202');
INSERT INTO creature (`spawnID`, `map`, `spawnMask`, `modelid`, `equipment_id`, `position_x`, `position_y`, `position_z`, `orientation`, `spawntimesecs`, `spawndist`, `currentwaypoint`, `curhealth`, `curmana`, `MovementType`, `unit_flags`, `pool_id`, `patch_min`, `patch_max`) VALUES ('28684', '530', '1', NULL, '1', '-1641.91', '8445.84', '-17.8104', '0.641091', '300', '5', '0', '4731', '2790', '1', '0', '0', '0', '10');
INSERT INTO spawn_group (`groupId`, `spawnType`, `spawnId`) VALUES ('2', '0', '28684');
INSERT INTO creature_entry (`spawnID`, `entry`) VALUES ('28685', '18202');
INSERT INTO creature (`spawnID`, `map`, `spawnMask`, `modelid`, `equipment_id`, `position_x`, `position_y`, `position_z`, `orientation`, `spawntimesecs`, `spawndist`, `currentwaypoint`, `curhealth`, `curmana`, `MovementType`, `unit_flags`, `pool_id`, `patch_min`, `patch_max`) VALUES ('28685', '530', '1', NULL, '1', '-1625.15', '8419.38', '-20.4938', '1.01808', '300', '5', '0', '4731', '2790', '1', '0', '0', '0', '10');
INSERT INTO spawn_group (`groupId`, `spawnType`, `spawnId`) VALUES ('2', '0', '28685');
DELETE ce, c1, c2, sg FROM creature_entry ce LEFT JOIN conditions c1 ON c1.ConditionTypeOrReference = 31 AND c1.ConditionValue1 = 3 AND c1.ConditionValue3 = 1064342 LEFT JOIN conditions c2 ON c2.SourceTypeOrReferenceId = 22 AND c2.SourceId = 0 AND c1.SourceEntry = -1064342 LEFT JOIN spawn_group sg ON sg.spawnId = 1064342 AND spawnType = 0 WHERE ce.spawnID = 1064342;


-- Importing creature spawn with guid 64995 with import type REPLACE_ALL


-- Importing creature spawn with guid 64994 with import type REPLACE_ALL


-- Importing creature spawn with guid 65001 with import type REPLACE_ALL
INSERT INTO creature_entry (`spawnID`, `entry`) VALUES ('28667', '18203');
INSERT INTO creature (`spawnID`, `map`, `spawnMask`, `modelid`, `equipment_id`, `position_x`, `position_y`, `position_z`, `orientation`, `spawntimesecs`, `spawndist`, `currentwaypoint`, `curhealth`, `curmana`, `MovementType`, `unit_flags`, `pool_id`, `patch_min`, `patch_max`) VALUES ('28667', '530', '1', NULL, '1', '-1547.23', '8621.04', '7.26015', '2.25114', '300', '0', '0', '5504', '0', '0', '0', '0', '0', '10');
INSERT INTO spawn_group (`groupId`, `spawnType`, `spawnId`) VALUES ('2', '0', '28667');
INSERT INTO creature_entry (`spawnID`, `entry`) VALUES ('28666', '18203');
INSERT INTO creature (`spawnID`, `map`, `spawnMask`, `modelid`, `equipment_id`, `position_x`, `position_y`, `position_z`, `orientation`, `spawntimesecs`, `spawndist`, `currentwaypoint`, `curhealth`, `curmana`, `MovementType`, `unit_flags`, `pool_id`, `patch_min`, `patch_max`) VALUES ('28666', '530', '1', NULL, '1', '-1550.52', '8614.9', '7.26015', '2.92659', '300', '0', '0', '5504', '0', '0', '0', '0', '0', '10');
INSERT INTO spawn_group (`groupId`, `spawnType`, `spawnId`) VALUES ('2', '0', '28666');
INSERT INTO creature_entry (`spawnID`, `entry`) VALUES ('28665', '18203');
INSERT INTO creature (`spawnID`, `map`, `spawnMask`, `modelid`, `equipment_id`, `position_x`, `position_y`, `position_z`, `orientation`, `spawntimesecs`, `spawndist`, `currentwaypoint`, `curhealth`, `curmana`, `MovementType`, `unit_flags`, `pool_id`, `patch_min`, `patch_max`) VALUES ('28665', '530', '1', NULL, '1', '-1532.52', '8459.64', '-4.10237', '3.44104', '300', '0', '0', '5504', '0', '0', '0', '0', '0', '10');
INSERT INTO spawn_group (`groupId`, `spawnType`, `spawnId`) VALUES ('2', '0', '28665');
INSERT INTO creature_entry (`spawnID`, `entry`) VALUES ('28664', '18203');
INSERT INTO creature (`spawnID`, `map`, `spawnMask`, `modelid`, `equipment_id`, `position_x`, `position_y`, `position_z`, `orientation`, `spawntimesecs`, `spawndist`, `currentwaypoint`, `curhealth`, `curmana`, `MovementType`, `unit_flags`, `pool_id`, `patch_min`, `patch_max`) VALUES ('28664', '530', '1', NULL, '1', '-1516.01', '8465.96', '-4.10237', '2.60731', '300', '0', '0', '5504', '0', '0', '0', '0', '0', '10');
INSERT INTO spawn_group (`groupId`, `spawnType`, `spawnId`) VALUES ('2', '0', '28664');
INSERT INTO creature_entry (`spawnID`, `entry`) VALUES ('28663', '18203');
INSERT INTO creature (`spawnID`, `map`, `spawnMask`, `modelid`, `equipment_id`, `position_x`, `position_y`, `position_z`, `orientation`, `spawntimesecs`, `spawndist`, `currentwaypoint`, `curhealth`, `curmana`, `MovementType`, `unit_flags`, `pool_id`, `patch_min`, `patch_max`) VALUES ('28663', '530', '1', NULL, '1', '-1519.91', '8462.62', '-4.10237', '2.60731', '300', '0', '0', '5504', '0', '0', '0', '0', '0', '10');
INSERT INTO spawn_group (`groupId`, `spawnType`, `spawnId`) VALUES ('2', '0', '28663');
INSERT INTO creature_entry (`spawnID`, `entry`) VALUES ('28662', '18203');
INSERT INTO creature (`spawnID`, `map`, `spawnMask`, `modelid`, `equipment_id`, `position_x`, `position_y`, `position_z`, `orientation`, `spawntimesecs`, `spawndist`, `currentwaypoint`, `curhealth`, `curmana`, `MovementType`, `unit_flags`, `pool_id`, `patch_min`, `patch_max`) VALUES ('28662', '530', '1', NULL, '1', '-1530.12', '8555.45', '7.26013', '4.77209', '300', '0', '0', '5504', '0', '0', '0', '0', '0', '10');
INSERT INTO spawn_group (`groupId`, `spawnType`, `spawnId`) VALUES ('2', '0', '28662');
INSERT INTO creature_entry (`spawnID`, `entry`) VALUES ('28661', '18203');
INSERT INTO creature (`spawnID`, `map`, `spawnMask`, `modelid`, `equipment_id`, `position_x`, `position_y`, `position_z`, `orientation`, `spawntimesecs`, `spawndist`, `currentwaypoint`, `curhealth`, `curmana`, `MovementType`, `unit_flags`, `pool_id`, `patch_min`, `patch_max`) VALUES ('28661', '530', '1', NULL, '1', '-1514.32', '8555.2', '7.26013', '4.56789', '300', '0', '0', '5504', '0', '0', '0', '0', '0', '10');
INSERT INTO spawn_group (`groupId`, `spawnType`, `spawnId`) VALUES ('2', '0', '28661');
INSERT INTO creature_entry (`spawnID`, `entry`) VALUES ('28660', '18203');
INSERT INTO creature (`spawnID`, `map`, `spawnMask`, `modelid`, `equipment_id`, `position_x`, `position_y`, `position_z`, `orientation`, `spawntimesecs`, `spawndist`, `currentwaypoint`, `curhealth`, `curmana`, `MovementType`, `unit_flags`, `pool_id`, `patch_min`, `patch_max`) VALUES ('28660', '530', '1', NULL, '1', '-1522.72', '8592.33', '7.26011', '4.58359', '300', '0', '0', '5504', '0', '0', '0', '0', '0', '10');
INSERT INTO spawn_group (`groupId`, `spawnType`, `spawnId`) VALUES ('2', '0', '28660');
INSERT INTO creature_entry (`spawnID`, `entry`) VALUES ('28659', '18203');
INSERT INTO creature (`spawnID`, `map`, `spawnMask`, `modelid`, `equipment_id`, `position_x`, `position_y`, `position_z`, `orientation`, `spawntimesecs`, `spawndist`, `currentwaypoint`, `curhealth`, `curmana`, `MovementType`, `unit_flags`, `pool_id`, `patch_min`, `patch_max`) VALUES ('28659', '530', '1', NULL, '1', '-1515.94', '8590.04', '7.26011', '4.48542', '300', '0', '0', '5504', '0', '0', '0', '0', '0', '10');
INSERT INTO spawn_group (`groupId`, `spawnType`, `spawnId`) VALUES ('2', '0', '28659');
INSERT INTO creature_entry (`spawnID`, `entry`) VALUES ('28658', '18203');
INSERT INTO creature (`spawnID`, `map`, `spawnMask`, `modelid`, `equipment_id`, `position_x`, `position_y`, `position_z`, `orientation`, `spawntimesecs`, `spawndist`, `currentwaypoint`, `curhealth`, `curmana`, `MovementType`, `unit_flags`, `pool_id`, `patch_min`, `patch_max`) VALUES ('28658', '530', '1', NULL, '1', '-1481.64', '8607.28', '7.26011', '0.248205', '300', '0', '0', '5504', '0', '0', '0', '0', '0', '10');
INSERT INTO spawn_group (`groupId`, `spawnType`, `spawnId`) VALUES ('2', '0', '28658');


-- Importing creature spawn with guid 65000 with import type REPLACE_ALL


-- Importing creature spawn with guid 64999 with import type REPLACE_ALL


-- Importing creature spawn with guid 64998 with import type REPLACE_ALL


-- Importing creature spawn with guid 64997 with import type REPLACE_ALL


-- Importing creature spawn with guid 65107 with import type REPLACE_ALL
INSERT INTO creature_entry (`spawnID`, `entry`) VALUES ('65105', '18207');
INSERT INTO creature (`spawnID`, `map`, `spawnMask`, `modelid`, `equipment_id`, `position_x`, `position_y`, `position_z`, `orientation`, `spawntimesecs`, `spawndist`, `currentwaypoint`, `curhealth`, `curmana`, `MovementType`, `unit_flags`, `pool_id`, `patch_min`, `patch_max`) VALUES ('65105', '530', '1', NULL, '1', '-1628.85', '8505.92', '-13.3941', '1.10055', '300', '0', '0', '1000', '6229', '0', '0', '0', '0', '10');
INSERT INTO spawn_group (`groupId`, `spawnType`, `spawnId`) VALUES ('2', '0', '65105');
INSERT INTO creature_entry (`spawnID`, `entry`) VALUES ('65103', '18207');
INSERT INTO creature (`spawnID`, `map`, `spawnMask`, `modelid`, `equipment_id`, `position_x`, `position_y`, `position_z`, `orientation`, `spawntimesecs`, `spawndist`, `currentwaypoint`, `curhealth`, `curmana`, `MovementType`, `unit_flags`, `pool_id`, `patch_min`, `patch_max`) VALUES ('65103', '530', '1', NULL, '1', '-1634.98', '8513.87', '-13.3941', '0.0167007', '300', '0', '0', '1000', '6229', '0', '0', '0', '0', '10');
INSERT INTO spawn_group (`groupId`, `spawnType`, `spawnId`) VALUES ('2', '0', '65103');
INSERT INTO creature_entry (`spawnID`, `entry`) VALUES ('65101', '18207');
INSERT INTO creature (`spawnID`, `map`, `spawnMask`, `modelid`, `equipment_id`, `position_x`, `position_y`, `position_z`, `orientation`, `spawntimesecs`, `spawndist`, `currentwaypoint`, `curhealth`, `curmana`, `MovementType`, `unit_flags`, `pool_id`, `patch_min`, `patch_max`) VALUES ('65101', '530', '1', NULL, '1', '-1627.78', '8518.52', '-13.3941', '5.26975', '300', '0', '0', '1000', '6229', '0', '0', '0', '0', '10');
INSERT INTO spawn_group (`groupId`, `spawnType`, `spawnId`) VALUES ('2', '0', '65101');
INSERT INTO creature_entry (`spawnID`, `entry`) VALUES ('28673', '18207');
INSERT INTO creature (`spawnID`, `map`, `spawnMask`, `modelid`, `equipment_id`, `position_x`, `position_y`, `position_z`, `orientation`, `spawntimesecs`, `spawndist`, `currentwaypoint`, `curhealth`, `curmana`, `MovementType`, `unit_flags`, `pool_id`, `patch_min`, `patch_max`) VALUES ('28673', '530', '1', NULL, '1', '-1550.63', '8577.96', '7.25886', '4.30497', '300', '0', '0', '1000', '6229', '0', '0', '0', '0', '10');
INSERT INTO spawn_group (`groupId`, `spawnType`, `spawnId`) VALUES ('2', '0', '28673');
INSERT INTO creature_entry (`spawnID`, `entry`) VALUES ('28672', '18207');
INSERT INTO creature (`spawnID`, `map`, `spawnMask`, `modelid`, `equipment_id`, `position_x`, `position_y`, `position_z`, `orientation`, `spawntimesecs`, `spawndist`, `currentwaypoint`, `curhealth`, `curmana`, `MovementType`, `unit_flags`, `pool_id`, `patch_min`, `patch_max`) VALUES ('28672', '530', '1', NULL, '1', '-1553.08', '8579.5', '7.25886', '3.79446', '300', '0', '0', '1000', '6229', '0', '0', '0', '0', '10');
INSERT INTO spawn_group (`groupId`, `spawnType`, `spawnId`) VALUES ('2', '0', '28672');
INSERT INTO creature_entry (`spawnID`, `entry`) VALUES ('28671', '18207');
INSERT INTO creature (`spawnID`, `map`, `spawnMask`, `modelid`, `equipment_id`, `position_x`, `position_y`, `position_z`, `orientation`, `spawntimesecs`, `spawndist`, `currentwaypoint`, `curhealth`, `curmana`, `MovementType`, `unit_flags`, `pool_id`, `patch_min`, `patch_max`) VALUES ('28671', '530', '1', NULL, '1', '-1470.51', '8410.75', '0.17227', '1.64227', '300', '0', '0', '1000', '6229', '0', '0', '0', '0', '10');
INSERT INTO spawn_group (`groupId`, `spawnType`, `spawnId`) VALUES ('2', '0', '28671');
INSERT INTO creature_entry (`spawnID`, `entry`) VALUES ('28670', '18207');
INSERT INTO creature (`spawnID`, `map`, `spawnMask`, `modelid`, `equipment_id`, `position_x`, `position_y`, `position_z`, `orientation`, `spawntimesecs`, `spawndist`, `currentwaypoint`, `curhealth`, `curmana`, `MovementType`, `unit_flags`, `pool_id`, `patch_min`, `patch_max`) VALUES ('28670', '530', '1', NULL, '1', '-1590', '8459.27', '-10.1017', '0.0441875', '300', '0', '0', '1000', '6229', '0', '0', '0', '0', '10');
INSERT INTO spawn_group (`groupId`, `spawnType`, `spawnId`) VALUES ('2', '0', '28670');
INSERT INTO creature_entry (`spawnID`, `entry`) VALUES ('28669', '18207');
INSERT INTO creature (`spawnID`, `map`, `spawnMask`, `modelid`, `equipment_id`, `position_x`, `position_y`, `position_z`, `orientation`, `spawntimesecs`, `spawndist`, `currentwaypoint`, `curhealth`, `curmana`, `MovementType`, `unit_flags`, `pool_id`, `patch_min`, `patch_max`) VALUES ('28669', '530', '1', NULL, '1', '-1589.34', '8463.08', '-10.3989', '6.15851', '300', '0', '0', '1000', '6229', '0', '0', '0', '0', '10');
INSERT INTO spawn_group (`groupId`, `spawnType`, `spawnId`) VALUES ('2', '0', '28669');
INSERT INTO creature_entry (`spawnID`, `entry`) VALUES ('28668', '18207');
INSERT INTO creature (`spawnID`, `map`, `spawnMask`, `modelid`, `equipment_id`, `position_x`, `position_y`, `position_z`, `orientation`, `spawntimesecs`, `spawndist`, `currentwaypoint`, `curhealth`, `curmana`, `MovementType`, `unit_flags`, `pool_id`, `patch_min`, `patch_max`) VALUES ('28668', '530', '1', NULL, '1', '-1588.43', '8465.31', '-10.5951', '5.62052', '300', '0', '0', '1000', '6229', '0', '0', '0', '0', '10');
INSERT INTO spawn_group (`groupId`, `spawnType`, `spawnId`) VALUES ('2', '0', '28668');
INSERT INTO creature_entry (`spawnID`, `entry`) VALUES ('28674', '18207');
INSERT INTO creature (`spawnID`, `map`, `spawnMask`, `modelid`, `equipment_id`, `position_x`, `position_y`, `position_z`, `orientation`, `spawntimesecs`, `spawndist`, `currentwaypoint`, `curhealth`, `curmana`, `MovementType`, `unit_flags`, `pool_id`, `patch_min`, `patch_max`) VALUES ('28674', '530', '1', NULL, '1', '-1549.31', '8575.98', '7.25886', '3.28789', '300', '0', '0', '1000', '6229', '0', '0', '0', '0', '10');
INSERT INTO spawn_group (`groupId`, `spawnType`, `spawnId`) VALUES ('2', '0', '28674');
INSERT INTO creature_entry (`spawnID`, `entry`) VALUES ('28675', '18207');
INSERT INTO creature (`spawnID`, `map`, `spawnMask`, `modelid`, `equipment_id`, `position_x`, `position_y`, `position_z`, `orientation`, `spawntimesecs`, `spawndist`, `currentwaypoint`, `curhealth`, `curmana`, `MovementType`, `unit_flags`, `pool_id`, `patch_min`, `patch_max`) VALUES ('28675', '530', '1', NULL, '1', '-1533.62', '8481.93', '-4.10242', '5.71476', '300', '0', '0', '1000', '6229', '0', '0', '0', '0', '10');
INSERT INTO spawn_group (`groupId`, `spawnType`, `spawnId`) VALUES ('2', '0', '28675');
INSERT INTO creature_entry (`spawnID`, `entry`) VALUES ('28676', '18207');
INSERT INTO creature (`spawnID`, `map`, `spawnMask`, `modelid`, `equipment_id`, `position_x`, `position_y`, `position_z`, `orientation`, `spawntimesecs`, `spawndist`, `currentwaypoint`, `curhealth`, `curmana`, `MovementType`, `unit_flags`, `pool_id`, `patch_min`, `patch_max`) VALUES ('28676', '530', '1', NULL, '1', '-1530.73', '8484.16', '-4.10242', '5.20819', '300', '0', '0', '1000', '6229', '0', '0', '0', '0', '10');
INSERT INTO spawn_group (`groupId`, `spawnType`, `spawnId`) VALUES ('2', '0', '28676');
INSERT INTO creature_entry (`spawnID`, `entry`) VALUES ('28678', '18207');
INSERT INTO creature (`spawnID`, `map`, `spawnMask`, `modelid`, `equipment_id`, `position_x`, `position_y`, `position_z`, `orientation`, `spawntimesecs`, `spawndist`, `currentwaypoint`, `curhealth`, `curmana`, `MovementType`, `unit_flags`, `pool_id`, `patch_min`, `patch_max`) VALUES ('28678', '530', '1', NULL, '1', '-1496.64', '8565.37', '7.26011', '5.34956', '300', '0', '0', '1000', '6229', '0', '0', '0', '0', '10');
INSERT INTO spawn_group (`groupId`, `spawnType`, `spawnId`) VALUES ('2', '0', '28678');
INSERT INTO creature_entry (`spawnID`, `entry`) VALUES ('28679', '18207');
INSERT INTO creature (`spawnID`, `map`, `spawnMask`, `modelid`, `equipment_id`, `position_x`, `position_y`, `position_z`, `orientation`, `spawntimesecs`, `spawndist`, `currentwaypoint`, `curhealth`, `curmana`, `MovementType`, `unit_flags`, `pool_id`, `patch_min`, `patch_max`) VALUES ('28679', '530', '1', NULL, '1', '-1489.77', '8566.64', '7.26014', '6.26062', '300', '0', '0', '1000', '6229', '0', '0', '0', '0', '10');
INSERT INTO spawn_group (`groupId`, `spawnType`, `spawnId`) VALUES ('2', '0', '28679');
INSERT INTO creature_entry (`spawnID`, `entry`) VALUES ('28680', '18207');
INSERT INTO creature (`spawnID`, `map`, `spawnMask`, `modelid`, `equipment_id`, `position_x`, `position_y`, `position_z`, `orientation`, `spawntimesecs`, `spawndist`, `currentwaypoint`, `curhealth`, `curmana`, `MovementType`, `unit_flags`, `pool_id`, `patch_min`, `patch_max`) VALUES ('28680', '530', '1', NULL, '1', '-1492.31', '8573', '7.2602', '5.35349', '300', '0', '0', '1000', '6229', '0', '0', '0', '0', '10');
INSERT INTO spawn_group (`groupId`, `spawnType`, `spawnId`) VALUES ('2', '0', '28680');
INSERT INTO creature_entry (`spawnID`, `entry`) VALUES ('28681', '18207');
INSERT INTO creature (`spawnID`, `map`, `spawnMask`, `modelid`, `equipment_id`, `position_x`, `position_y`, `position_z`, `orientation`, `spawntimesecs`, `spawndist`, `currentwaypoint`, `curhealth`, `curmana`, `MovementType`, `unit_flags`, `pool_id`, `patch_min`, `patch_max`) VALUES ('28681', '530', '1', NULL, '1', '-1463.05', '8405.77', '-0.0208871', '2.07424', '300', '0', '0', '1000', '6229', '0', '0', '0', '0', '10');
INSERT INTO spawn_group (`groupId`, `spawnType`, `spawnId`) VALUES ('2', '0', '28681');
INSERT INTO creature_entry (`spawnID`, `entry`) VALUES ('28682', '18207');
INSERT INTO creature (`spawnID`, `map`, `spawnMask`, `modelid`, `equipment_id`, `position_x`, `position_y`, `position_z`, `orientation`, `spawntimesecs`, `spawndist`, `currentwaypoint`, `curhealth`, `curmana`, `MovementType`, `unit_flags`, `pool_id`, `patch_min`, `patch_max`) VALUES ('28682', '530', '1', NULL, '1', '-1476.8', '8417.78', '0.972544', '3.73824', '300', '0', '0', '1000', '6229', '0', '0', '0', '0', '10');
INSERT INTO spawn_group (`groupId`, `spawnType`, `spawnId`) VALUES ('2', '0', '28682');
DELETE ce, c1, c2, sg FROM creature_entry ce LEFT JOIN conditions c1 ON c1.ConditionTypeOrReference = 31 AND c1.ConditionValue1 = 3 AND c1.ConditionValue3 = 1064448 LEFT JOIN conditions c2 ON c2.SourceTypeOrReferenceId = 22 AND c2.SourceId = 0 AND c1.SourceEntry = -1064448 LEFT JOIN spawn_group sg ON sg.spawnId = 1064448 AND spawnType = 0 WHERE ce.spawnID = 1064448;
DELETE ce, c1, c2, sg FROM creature_entry ce LEFT JOIN conditions c1 ON c1.ConditionTypeOrReference = 31 AND c1.ConditionValue1 = 3 AND c1.ConditionValue3 = 1064450 LEFT JOIN conditions c2 ON c2.SourceTypeOrReferenceId = 22 AND c2.SourceId = 0 AND c1.SourceEntry = -1064450 LEFT JOIN spawn_group sg ON sg.spawnId = 1064450 AND spawnType = 0 WHERE ce.spawnID = 1064450;
DELETE ce, c1, c2, sg FROM creature_entry ce LEFT JOIN conditions c1 ON c1.ConditionTypeOrReference = 31 AND c1.ConditionValue1 = 3 AND c1.ConditionValue3 = 1064452 LEFT JOIN conditions c2 ON c2.SourceTypeOrReferenceId = 22 AND c2.SourceId = 0 AND c1.SourceEntry = -1064452 LEFT JOIN spawn_group sg ON sg.spawnId = 1064452 AND spawnType = 0 WHERE ce.spawnID = 1064452;


-- Importing creature spawn with guid 65106 with import type REPLACE_ALL


-- Importing creature spawn with guid 65105 with import type REPLACE_ALL


-- Importing creature spawn with guid 65104 with import type REPLACE_ALL


-- Importing creature spawn with guid 65103 with import type REPLACE_ALL


-- Importing creature spawn with guid 65102 with import type REPLACE_ALL


-- Importing creature spawn with guid 65101 with import type REPLACE_ALL


-- Importing creature spawn with guid 67030 with import type REPLACE_ALL
INSERT INTO creature_entry (`spawnID`, `entry`) VALUES ('67032', '18758');
INSERT INTO creature (`spawnID`, `map`, `spawnMask`, `modelid`, `equipment_id`, `position_x`, `position_y`, `position_z`, `orientation`, `spawntimesecs`, `spawndist`, `currentwaypoint`, `curhealth`, `curmana`, `MovementType`, `unit_flags`, `pool_id`, `patch_min`, `patch_max`) VALUES ('67032', '530', '1', NULL, '1', '105.117', '4338.26', '101.59', '5.16889', '300', '0', '0', '5922', '0', '0', '0', '0', '0', '10');


-- Importing creature spawn with guid 67031 with import type REPLACE_ALL


-- Importing creature spawn with guid 67032 with import type REPLACE_ALL


-- Importing creature spawn with guid 67033 with import type REPLACE_ALL


-- Importing creature spawn with guid 67034 with import type REPLACE_ALL


-- Importing creature spawn with guid 67035 with import type REPLACE_ALL


-- Importing creature spawn with guid 67036 with import type REPLACE_ALL


-- Importing creature spawn with guid 67155 with import type REPLACE_ALL


-- Importing creature spawn with guid 67156 with import type REPLACE_ALL


-- Importing creature spawn with guid 67157 with import type REPLACE_ALL


-- Importing creature spawn with guid 67158 with import type REPLACE_ALL


-- Importing creature spawn with guid 67865 with import type REPLACE_ALL
INSERT INTO creature_entry (`spawnID`, `entry`) VALUES ('45221', '18896');
INSERT INTO creature (`spawnID`, `map`, `spawnMask`, `modelid`, `equipment_id`, `position_x`, `position_y`, `position_z`, `orientation`, `spawntimesecs`, `spawndist`, `currentwaypoint`, `curhealth`, `curmana`, `MovementType`, `unit_flags`, `pool_id`, `patch_min`, `patch_max`) VALUES ('45221', '530', '1', NULL, '0', '-4119.59', '-11467.8', '-129.183', '6.05629', '120', '0', '0', '1', '0', '0', '0', '0', '0', '10');
INSERT INTO creature_entry (`spawnID`, `entry`) VALUES ('45224', '18896');
INSERT INTO creature (`spawnID`, `map`, `spawnMask`, `modelid`, `equipment_id`, `position_x`, `position_y`, `position_z`, `orientation`, `spawntimesecs`, `spawndist`, `currentwaypoint`, `curhealth`, `curmana`, `MovementType`, `unit_flags`, `pool_id`, `patch_min`, `patch_max`) VALUES ('45224', '530', '1', NULL, '0', '-4103.18', '-11406.1', '-138.748', '0.820305', '120', '0', '0', '1', '0', '0', '0', '0', '0', '10');
INSERT INTO creature_entry (`spawnID`, `entry`) VALUES ('45223', '18896');
INSERT INTO creature (`spawnID`, `map`, `spawnMask`, `modelid`, `equipment_id`, `position_x`, `position_y`, `position_z`, `orientation`, `spawntimesecs`, `spawndist`, `currentwaypoint`, `curhealth`, `curmana`, `MovementType`, `unit_flags`, `pool_id`, `patch_min`, `patch_max`) VALUES ('45223', '530', '1', NULL, '0', '-4088.29', '-11393.9', '-139.503', '4.04916', '120', '0', '0', '1', '0', '0', '0', '0', '0', '10');
INSERT INTO creature_entry (`spawnID`, `entry`) VALUES ('45222', '18896');
INSERT INTO creature (`spawnID`, `map`, `spawnMask`, `modelid`, `equipment_id`, `position_x`, `position_y`, `position_z`, `orientation`, `spawntimesecs`, `spawndist`, `currentwaypoint`, `curhealth`, `curmana`, `MovementType`, `unit_flags`, `pool_id`, `patch_min`, `patch_max`) VALUES ('45222', '530', '1', NULL, '0', '-4018.09', '-11417', '-136.033', '5.67232', '120', '0', '0', '1', '0', '0', '0', '0', '0', '10');


-- Importing creature spawn with guid 67866 with import type REPLACE_ALL


-- Importing creature spawn with guid 67867 with import type REPLACE_ALL


-- Importing creature spawn with guid 67868 with import type REPLACE_ALL


-- Importing creature spawn with guid 67869 with import type REPLACE_ALL


-- Importing creature spawn with guid 67870 with import type REPLACE_ALL


-- Importing creature spawn with guid 96608 with import type REPLACE_ALL
INSERT INTO creature_entry (`spawnID`, `entry`) VALUES ('96605', '25136');
-- Has LK modelid 22942 already in creature template, set to 0.
INSERT INTO creature (`spawnID`, `map`, `spawnMask`, `modelid`, `equipment_id`, `position_x`, `position_y`, `position_z`, `orientation`, `spawntimesecs`, `spawndist`, `currentwaypoint`, `curhealth`, `curmana`, `MovementType`, `unit_flags`, `pool_id`, `patch_min`, `patch_max`) VALUES ('96605', '530', '1', NULL, '1', '-1787.73', '5337.6', '-12.4282', '5.49779', '180', '0', '0', '6542', '0', '0', '0', '0', '0', '10');
INSERT INTO creature_entry (`spawnID`, `entry`) VALUES ('96606', '25136');
-- Has LK modelid 22943 already in creature template, set to 0.
INSERT INTO creature (`spawnID`, `map`, `spawnMask`, `modelid`, `equipment_id`, `position_x`, `position_y`, `position_z`, `orientation`, `spawntimesecs`, `spawndist`, `currentwaypoint`, `curhealth`, `curmana`, `MovementType`, `unit_flags`, `pool_id`, `patch_min`, `patch_max`) VALUES ('96606', '530', '1', NULL, '1', '-1785.66', '5335.26', '-12.4282', '5.49779', '180', '0', '0', '6542', '0', '0', '0', '0', '0', '10');
DELETE ce, c1, c2, sg FROM creature_entry ce LEFT JOIN conditions c1 ON c1.ConditionTypeOrReference = 31 AND c1.ConditionValue1 = 3 AND c1.ConditionValue3 = 1094816 LEFT JOIN conditions c2 ON c2.SourceTypeOrReferenceId = 22 AND c2.SourceId = 0 AND c1.SourceEntry = -1094816 LEFT JOIN spawn_group sg ON sg.spawnId = 1094816 AND spawnType = 0 WHERE ce.spawnID = 1094816;
DELETE ce, c1, c2, sg FROM creature_entry ce LEFT JOIN conditions c1 ON c1.ConditionTypeOrReference = 31 AND c1.ConditionValue1 = 3 AND c1.ConditionValue3 = 1094817 LEFT JOIN conditions c2 ON c2.SourceTypeOrReferenceId = 22 AND c2.SourceId = 0 AND c1.SourceEntry = -1094817 LEFT JOIN spawn_group sg ON sg.spawnId = 1094817 AND spawnType = 0 WHERE ce.spawnID = 1094817;


-- Importing creature spawn with guid 96609 with import type REPLACE_ALL


-- Importing creature spawn with guid 96603 with import type REPLACE_ALL


-- Importing creature spawn with guid 96604 with import type REPLACE_ALL


-- Importing creature spawn with guid 96605 with import type REPLACE_ALL


-- Importing creature spawn with guid 96606 with import type REPLACE_ALL


-- Importing creature spawn with guid 96607 with import type REPLACE_ALL


-- Importing creature spawn with guid 69810 with import type REPLACE_ALL
INSERT INTO creature_entry (`spawnID`, `entry`) VALUES ('69821', '19484');
INSERT INTO creature (`spawnID`, `map`, `spawnMask`, `modelid`, `equipment_id`, `position_x`, `position_y`, `position_z`, `orientation`, `spawntimesecs`, `spawndist`, `currentwaypoint`, `curhealth`, `curmana`, `MovementType`, `unit_flags`, `pool_id`, `patch_min`, `patch_max`) VALUES ('69821', '530', '1', NULL, '0', '2944.03', '4174.88', '166.81', '3.54302', '300', '0', '0', '42', '0', '0', '0', '0', '0', '10');
INSERT INTO creature_entry (`spawnID`, `entry`) VALUES ('69822', '19484');
INSERT INTO creature (`spawnID`, `map`, `spawnMask`, `modelid`, `equipment_id`, `position_x`, `position_y`, `position_z`, `orientation`, `spawntimesecs`, `spawndist`, `currentwaypoint`, `curhealth`, `curmana`, `MovementType`, `unit_flags`, `pool_id`, `patch_min`, `patch_max`) VALUES ('69822', '530', '1', NULL, '0', '2907.43', '4183.55', '169.282', '1.78024', '300', '0', '0', '42', '0', '0', '0', '0', '0', '10');
INSERT INTO creature_entry (`spawnID`, `entry`) VALUES ('69823', '19484');
INSERT INTO creature (`spawnID`, `map`, `spawnMask`, `modelid`, `equipment_id`, `position_x`, `position_y`, `position_z`, `orientation`, `spawntimesecs`, `spawndist`, `currentwaypoint`, `curhealth`, `curmana`, `MovementType`, `unit_flags`, `pool_id`, `patch_min`, `patch_max`) VALUES ('69823', '530', '1', NULL, '0', '2904.52', '4186.9', '168.884', '3.05433', '300', '0', '0', '42', '0', '0', '0', '0', '0', '10');
INSERT INTO creature_entry (`spawnID`, `entry`) VALUES ('69824', '19484');
INSERT INTO creature (`spawnID`, `map`, `spawnMask`, `modelid`, `equipment_id`, `position_x`, `position_y`, `position_z`, `orientation`, `spawntimesecs`, `spawndist`, `currentwaypoint`, `curhealth`, `curmana`, `MovementType`, `unit_flags`, `pool_id`, `patch_min`, `patch_max`) VALUES ('69824', '530', '1', NULL, '0', '2904.54', '4180.54', '168.168', '0.15708', '300', '0', '0', '42', '0', '0', '0', '0', '0', '10');
INSERT INTO creature_entry (`spawnID`, `entry`) VALUES ('69825', '19484');
INSERT INTO creature (`spawnID`, `map`, `spawnMask`, `modelid`, `equipment_id`, `position_x`, `position_y`, `position_z`, `orientation`, `spawntimesecs`, `spawndist`, `currentwaypoint`, `curhealth`, `curmana`, `MovementType`, `unit_flags`, `pool_id`, `patch_min`, `patch_max`) VALUES ('69825', '530', '1', NULL, '0', '2901.2', '4183.96', '168.385', '5.48033', '300', '0', '0', '42', '0', '0', '0', '0', '0', '10');
INSERT INTO creature_entry (`spawnID`, `entry`) VALUES ('69829', '19484');
INSERT INTO creature (`spawnID`, `map`, `spawnMask`, `modelid`, `equipment_id`, `position_x`, `position_y`, `position_z`, `orientation`, `spawntimesecs`, `spawndist`, `currentwaypoint`, `curhealth`, `curmana`, `MovementType`, `unit_flags`, `pool_id`, `patch_min`, `patch_max`) VALUES ('69829', '530', '1', NULL, '0', '2908.08', '4224.77', '169.314', '5.48033', '300', '0', '0', '42', '0', '0', '0', '0', '0', '10');
INSERT INTO creature_entry (`spawnID`, `entry`) VALUES ('69846', '19484');
INSERT INTO creature (`spawnID`, `map`, `spawnMask`, `modelid`, `equipment_id`, `position_x`, `position_y`, `position_z`, `orientation`, `spawntimesecs`, `spawndist`, `currentwaypoint`, `curhealth`, `curmana`, `MovementType`, `unit_flags`, `pool_id`, `patch_min`, `patch_max`) VALUES ('69846', '530', '1', NULL, '0', '2407.98', '2763.57', '141.655', '5.75959', '300', '0', '0', '42', '0', '0', '0', '0', '0', '10');
INSERT INTO creature_entry (`spawnID`, `entry`) VALUES ('69849', '19484');
INSERT INTO creature (`spawnID`, `map`, `spawnMask`, `modelid`, `equipment_id`, `position_x`, `position_y`, `position_z`, `orientation`, `spawntimesecs`, `spawndist`, `currentwaypoint`, `curhealth`, `curmana`, `MovementType`, `unit_flags`, `pool_id`, `patch_min`, `patch_max`) VALUES ('69849', '530', '1', NULL, '0', '4014.65', '4017.73', '198.055', '0.523599', '300', '0', '0', '42', '0', '0', '0', '0', '0', '10');
INSERT INTO creature_entry (`spawnID`, `entry`) VALUES ('69850', '19484');
INSERT INTO creature (`spawnID`, `map`, `spawnMask`, `modelid`, `equipment_id`, `position_x`, `position_y`, `position_z`, `orientation`, `spawntimesecs`, `spawndist`, `currentwaypoint`, `curhealth`, `curmana`, `MovementType`, `unit_flags`, `pool_id`, `patch_min`, `patch_max`) VALUES ('69850', '530', '1', NULL, '0', '4013.29', '4009.45', '197.173', '4.29351', '300', '0', '0', '42', '0', '0', '0', '0', '0', '10');
INSERT INTO creature_entry (`spawnID`, `entry`) VALUES ('69851', '19484');
INSERT INTO creature (`spawnID`, `map`, `spawnMask`, `modelid`, `equipment_id`, `position_x`, `position_y`, `position_z`, `orientation`, `spawntimesecs`, `spawndist`, `currentwaypoint`, `curhealth`, `curmana`, `MovementType`, `unit_flags`, `pool_id`, `patch_min`, `patch_max`) VALUES ('69851', '530', '1', NULL, '0', '4005.87', '4012', '197.145', '2.54818', '300', '0', '0', '42', '0', '0', '0', '0', '0', '10');
DELETE ce, c1, c2, sg FROM creature_entry ce LEFT JOIN conditions c1 ON c1.ConditionTypeOrReference = 31 AND c1.ConditionValue1 = 3 AND c1.ConditionValue3 = 1310818 LEFT JOIN conditions c2 ON c2.SourceTypeOrReferenceId = 22 AND c2.SourceId = 0 AND c1.SourceEntry = -1310818 LEFT JOIN spawn_group sg ON sg.spawnId = 1310818 AND spawnType = 0 WHERE ce.spawnID = 1310818;
DELETE ce, c1, c2, sg FROM creature_entry ce LEFT JOIN conditions c1 ON c1.ConditionTypeOrReference = 31 AND c1.ConditionValue1 = 3 AND c1.ConditionValue3 = 1310970 LEFT JOIN conditions c2 ON c2.SourceTypeOrReferenceId = 22 AND c2.SourceId = 0 AND c1.SourceEntry = -1310970 LEFT JOIN spawn_group sg ON sg.spawnId = 1310970 AND spawnType = 0 WHERE ce.spawnID = 1310970;


-- Importing creature spawn with guid 69811 with import type REPLACE_ALL


-- Importing creature spawn with guid 69812 with import type REPLACE_ALL


-- Importing creature spawn with guid 69813 with import type REPLACE_ALL


-- Importing creature spawn with guid 69814 with import type REPLACE_ALL


-- Importing creature spawn with guid 69815 with import type REPLACE_ALL


-- Importing creature spawn with guid 69816 with import type REPLACE_ALL


-- Importing creature spawn with guid 69817 with import type REPLACE_ALL


-- Importing creature spawn with guid 69818 with import type REPLACE_ALL


-- Importing creature spawn with guid 69819 with import type REPLACE_ALL


-- Importing creature spawn with guid 69820 with import type REPLACE_ALL


-- Importing creature spawn with guid 69821 with import type REPLACE_ALL


-- Importing creature spawn with guid 69822 with import type REPLACE_ALL


-- Importing creature spawn with guid 69823 with import type REPLACE_ALL


-- Importing creature spawn with guid 69824 with import type REPLACE_ALL


-- Importing creature spawn with guid 69825 with import type REPLACE_ALL


-- Importing creature spawn with guid 69826 with import type REPLACE_ALL


-- Importing creature spawn with guid 69827 with import type REPLACE_ALL


-- Importing creature spawn with guid 69828 with import type REPLACE_ALL


-- Importing creature spawn with guid 69829 with import type REPLACE_ALL


-- Importing creature spawn with guid 69830 with import type REPLACE_ALL


-- Importing creature spawn with guid 69831 with import type REPLACE_ALL


-- Importing creature spawn with guid 69832 with import type REPLACE_ALL


-- Importing creature spawn with guid 69833 with import type REPLACE_ALL


-- Importing creature spawn with guid 69834 with import type REPLACE_ALL


-- Importing creature spawn with guid 69835 with import type REPLACE_ALL


-- Importing creature spawn with guid 69836 with import type REPLACE_ALL


-- Importing creature spawn with guid 69837 with import type REPLACE_ALL


-- Importing creature spawn with guid 69838 with import type REPLACE_ALL


-- Importing creature spawn with guid 69839 with import type REPLACE_ALL


-- Importing creature spawn with guid 69840 with import type REPLACE_ALL


-- Importing creature spawn with guid 69841 with import type REPLACE_ALL


-- Importing creature spawn with guid 69842 with import type REPLACE_ALL


-- Importing creature spawn with guid 69843 with import type REPLACE_ALL


-- Importing creature spawn with guid 69844 with import type REPLACE_ALL


-- Importing creature spawn with guid 69845 with import type REPLACE_ALL


-- Importing creature spawn with guid 69846 with import type REPLACE_ALL


-- Importing creature spawn with guid 69847 with import type REPLACE_ALL


-- Importing creature spawn with guid 69848 with import type REPLACE_ALL


-- Importing creature spawn with guid 69849 with import type REPLACE_ALL


-- Importing creature spawn with guid 69850 with import type REPLACE_ALL


-- Importing creature spawn with guid 69851 with import type REPLACE_ALL


-- Importing creature spawn with guid 12767 with import type REPLACE_ALL


-- Importing creature spawn with guid 203099 with import type REPLACE_ALL
INSERT INTO creature_entry (`spawnID`, `entry`) VALUES ('203099', '15214');
INSERT INTO creature (`spawnID`, `map`, `spawnMask`, `modelid`, `equipment_id`, `position_x`, `position_y`, `position_z`, `orientation`, `spawntimesecs`, `spawndist`, `currentwaypoint`, `curhealth`, `curmana`, `MovementType`, `unit_flags`, `pool_id`, `patch_min`, `patch_max`) VALUES ('203099', '571', '1', NULL, '0', '2686.11', '4641.65', '-20.6708', '0.628319', '120', '0', '0', '1', '0', '0', '0', '0', '5', '10');
INSERT INTO creature_entry (`spawnID`, `entry`) VALUES ('76053', '15214');
INSERT INTO creature (`spawnID`, `map`, `spawnMask`, `modelid`, `equipment_id`, `position_x`, `position_y`, `position_z`, `orientation`, `spawntimesecs`, `spawndist`, `currentwaypoint`, `curhealth`, `curmana`, `MovementType`, `unit_flags`, `pool_id`, `patch_min`, `patch_max`) VALUES ('76053', '571', '1', NULL, '0', '2842.76', '-3599.55', '247.256', '1.65806', '120', '0', '0', '1', '0', '0', '0', '0', '5', '10');
INSERT INTO creature_entry (`spawnID`, `entry`) VALUES ('203102', '15214');
INSERT INTO creature (`spawnID`, `map`, `spawnMask`, `modelid`, `equipment_id`, `position_x`, `position_y`, `position_z`, `orientation`, `spawntimesecs`, `spawndist`, `currentwaypoint`, `curhealth`, `curmana`, `MovementType`, `unit_flags`, `pool_id`, `patch_min`, `patch_max`) VALUES ('203102', '571', '1', NULL, '0', '2694.74', '4664.85', '2.26701', '0.0872665', '120', '0', '0', '1', '0', '0', '0', '0', '5', '10');
INSERT INTO creature_entry (`spawnID`, `entry`) VALUES ('203103', '15214');
INSERT INTO creature (`spawnID`, `map`, `spawnMask`, `modelid`, `equipment_id`, `position_x`, `position_y`, `position_z`, `orientation`, `spawntimesecs`, `spawndist`, `currentwaypoint`, `curhealth`, `curmana`, `MovementType`, `unit_flags`, `pool_id`, `patch_min`, `patch_max`) VALUES ('203103', '571', '1', NULL, '0', '2708.97', '4675.87', '3.03195', '5.23599', '120', '0', '0', '1', '0', '0', '0', '0', '5', '10');
INSERT INTO creature_entry (`spawnID`, `entry`) VALUES ('203100', '15214');
INSERT INTO creature (`spawnID`, `map`, `spawnMask`, `modelid`, `equipment_id`, `position_x`, `position_y`, `position_z`, `orientation`, `spawntimesecs`, `spawndist`, `currentwaypoint`, `curhealth`, `curmana`, `MovementType`, `unit_flags`, `pool_id`, `patch_min`, `patch_max`) VALUES ('203100', '571', '1', NULL, '0', '2686.67', '4653.5', '-10.1406', '0.349066', '120', '0', '0', '1', '0', '0', '0', '0', '5', '10');
INSERT INTO creature_entry (`spawnID`, `entry`) VALUES ('203101', '15214');
INSERT INTO creature (`spawnID`, `map`, `spawnMask`, `modelid`, `equipment_id`, `position_x`, `position_y`, `position_z`, `orientation`, `spawntimesecs`, `spawndist`, `currentwaypoint`, `curhealth`, `curmana`, `MovementType`, `unit_flags`, `pool_id`, `patch_min`, `patch_max`) VALUES ('203101', '571', '1', NULL, '0', '2693.68', '4650.24', '0.728477', '0.383972', '120', '0', '0', '1', '0', '0', '0', '0', '5', '10');
INSERT INTO creature_entry (`spawnID`, `entry`) VALUES ('36898', '15214');
INSERT INTO creature (`spawnID`, `map`, `spawnMask`, `modelid`, `equipment_id`, `position_x`, `position_y`, `position_z`, `orientation`, `spawntimesecs`, `spawndist`, `currentwaypoint`, `curhealth`, `curmana`, `MovementType`, `unit_flags`, `pool_id`, `patch_min`, `patch_max`) VALUES ('36898', '585', '3', NULL, '0', '233.964', '0.211427', '-2.97703', '6.21302', '300', '0', '0', '0', '0', '0', '0', '0', '5', '10');
INSERT INTO creature_addon (`spawnID`, `path_id`, `mount`, `bytes0`, `bytes1`, `bytes2`, `emote`, `auras`) VALUES ('36898', NULL, '0', '0', '0', '0', '0', '32567 45801');
INSERT INTO spawn_group (`groupId`, `spawnType`, `spawnId`) VALUES ('2', '0', '36898');
INSERT INTO creature_entry (`spawnID`, `entry`) VALUES ('146630', '15214');
INSERT INTO creature (`spawnID`, `map`, `spawnMask`, `modelid`, `equipment_id`, `position_x`, `position_y`, `position_z`, `orientation`, `spawntimesecs`, `spawndist`, `currentwaypoint`, `curhealth`, `curmana`, `MovementType`, `unit_flags`, `pool_id`, `patch_min`, `patch_max`) VALUES ('146630', '571', '1', NULL, '0', '3889.84', '3771.97', '51.535', '1.23677', '300', '0', '0', '0', '0', '0', '0', '0', '5', '10');
INSERT INTO creature_entry (`spawnID`, `entry`) VALUES ('203098', '15214');
INSERT INTO creature (`spawnID`, `map`, `spawnMask`, `modelid`, `equipment_id`, `position_x`, `position_y`, `position_z`, `orientation`, `spawntimesecs`, `spawndist`, `currentwaypoint`, `curhealth`, `curmana`, `MovementType`, `unit_flags`, `pool_id`, `patch_min`, `patch_max`) VALUES ('203098', '571', '1', NULL, '0', '2684.86', '4670.8', '-4.7964', '0.0523599', '120', '0', '0', '1', '0', '0', '0', '0', '5', '10');
INSERT INTO creature_entry (`spawnID`, `entry`) VALUES ('105994', '15214');
INSERT INTO creature (`spawnID`, `map`, `spawnMask`, `modelid`, `equipment_id`, `position_x`, `position_y`, `position_z`, `orientation`, `spawntimesecs`, `spawndist`, `currentwaypoint`, `curhealth`, `curmana`, `MovementType`, `unit_flags`, `pool_id`, `patch_min`, `patch_max`) VALUES ('105994', '571', '1', NULL, '0', '3511.95', '4248.33', '18.1383', '2.25148', '300', '0', '0', '42', '0', '0', '0', '0', '5', '10');
INSERT INTO creature_addon (`spawnID`, `path_id`, `mount`, `bytes0`, `bytes1`, `bytes2`, `emote`, `auras`) VALUES ('105994', NULL, '0', '0', '0', '1', '0', NULL);
INSERT INTO creature_entry (`spawnID`, `entry`) VALUES ('105997', '15214');
INSERT INTO creature (`spawnID`, `map`, `spawnMask`, `modelid`, `equipment_id`, `position_x`, `position_y`, `position_z`, `orientation`, `spawntimesecs`, `spawndist`, `currentwaypoint`, `curhealth`, `curmana`, `MovementType`, `unit_flags`, `pool_id`, `patch_min`, `patch_max`) VALUES ('105997', '571', '1', NULL, '0', '1997.26', '-3256.64', '149.723', '6.116', '300', '0', '0', '42', '0', '0', '0', '0', '5', '10');
INSERT INTO creature_addon (`spawnID`, `path_id`, `mount`, `bytes0`, `bytes1`, `bytes2`, `emote`, `auras`) VALUES ('105997', NULL, '0', '0', '0', '1', '0', NULL);
INSERT INTO creature_entry (`spawnID`, `entry`) VALUES ('105998', '15214');
INSERT INTO creature (`spawnID`, `map`, `spawnMask`, `modelid`, `equipment_id`, `position_x`, `position_y`, `position_z`, `orientation`, `spawntimesecs`, `spawndist`, `currentwaypoint`, `curhealth`, `curmana`, `MovementType`, `unit_flags`, `pool_id`, `patch_min`, `patch_max`) VALUES ('105998', '571', '1', NULL, '0', '2091.72', '-3245.16', '161.245', '3.312', '300', '0', '0', '42', '0', '0', '0', '0', '5', '10');
INSERT INTO creature_addon (`spawnID`, `path_id`, `mount`, `bytes0`, `bytes1`, `bytes2`, `emote`, `auras`) VALUES ('105998', NULL, '0', '0', '0', '1', '0', NULL);
INSERT INTO creature_entry (`spawnID`, `entry`) VALUES ('105999', '15214');
INSERT INTO creature (`spawnID`, `map`, `spawnMask`, `modelid`, `equipment_id`, `position_x`, `position_y`, `position_z`, `orientation`, `spawntimesecs`, `spawndist`, `currentwaypoint`, `curhealth`, `curmana`, `MovementType`, `unit_flags`, `pool_id`, `patch_min`, `patch_max`) VALUES ('105999', '571', '1', NULL, '0', '6060.09', '4517.35', '-85.4709', '3.92699', '300', '0', '0', '42', '0', '0', '0', '0', '5', '10');
INSERT INTO creature_addon (`spawnID`, `path_id`, `mount`, `bytes0`, `bytes1`, `bytes2`, `emote`, `auras`) VALUES ('105999', NULL, '0', '0', '0', '1', '0', NULL);
INSERT INTO creature_entry (`spawnID`, `entry`) VALUES ('106000', '15214');
INSERT INTO creature (`spawnID`, `map`, `spawnMask`, `modelid`, `equipment_id`, `position_x`, `position_y`, `position_z`, `orientation`, `spawntimesecs`, `spawndist`, `currentwaypoint`, `curhealth`, `curmana`, `MovementType`, `unit_flags`, `pool_id`, `patch_min`, `patch_max`) VALUES ('106000', '571', '1', NULL, '0', '5996.39', '4508.29', '-86.4563', '1.27409', '300', '0', '0', '42', '0', '0', '0', '0', '5', '10');
INSERT INTO creature_addon (`spawnID`, `path_id`, `mount`, `bytes0`, `bytes1`, `bytes2`, `emote`, `auras`) VALUES ('106000', NULL, '0', '0', '0', '1', '0', NULL);
INSERT INTO creature_entry (`spawnID`, `entry`) VALUES ('106001', '15214');
INSERT INTO creature (`spawnID`, `map`, `spawnMask`, `modelid`, `equipment_id`, `position_x`, `position_y`, `position_z`, `orientation`, `spawntimesecs`, `spawndist`, `currentwaypoint`, `curhealth`, `curmana`, `MovementType`, `unit_flags`, `pool_id`, `patch_min`, `patch_max`) VALUES ('106001', '571', '1', NULL, '0', '5989.74', '4479.3', '-86.3112', '3.36848', '300', '0', '0', '42', '0', '0', '0', '0', '5', '10');
INSERT INTO creature_addon (`spawnID`, `path_id`, `mount`, `bytes0`, `bytes1`, `bytes2`, `emote`, `auras`) VALUES ('106001', NULL, '0', '0', '0', '1', '0', NULL);
INSERT INTO creature_entry (`spawnID`, `entry`) VALUES ('106002', '15214');
INSERT INTO creature (`spawnID`, `map`, `spawnMask`, `modelid`, `equipment_id`, `position_x`, `position_y`, `position_z`, `orientation`, `spawntimesecs`, `spawndist`, `currentwaypoint`, `curhealth`, `curmana`, `MovementType`, `unit_flags`, `pool_id`, `patch_min`, `patch_max`) VALUES ('106002', '571', '1', NULL, '0', '6133.53', '4455.38', '-81.7514', '5.93412', '300', '0', '0', '42', '0', '0', '0', '0', '5', '10');
INSERT INTO creature_addon (`spawnID`, `path_id`, `mount`, `bytes0`, `bytes1`, `bytes2`, `emote`, `auras`) VALUES ('106002', NULL, '0', '0', '0', '1', '0', NULL);
INSERT INTO creature_entry (`spawnID`, `entry`) VALUES ('106003', '15214');
INSERT INTO creature (`spawnID`, `map`, `spawnMask`, `modelid`, `equipment_id`, `position_x`, `position_y`, `position_z`, `orientation`, `spawntimesecs`, `spawndist`, `currentwaypoint`, `curhealth`, `curmana`, `MovementType`, `unit_flags`, `pool_id`, `patch_min`, `patch_max`) VALUES ('106003', '571', '1', NULL, '0', '6061.79', '4453.47', '-79.178', '0.785398', '300', '0', '0', '42', '0', '0', '0', '0', '5', '10');
INSERT INTO creature_addon (`spawnID`, `path_id`, `mount`, `bytes0`, `bytes1`, `bytes2`, `emote`, `auras`) VALUES ('106003', NULL, '0', '0', '0', '1', '0', NULL);
INSERT INTO creature_entry (`spawnID`, `entry`) VALUES ('106004', '15214');
INSERT INTO creature (`spawnID`, `map`, `spawnMask`, `modelid`, `equipment_id`, `position_x`, `position_y`, `position_z`, `orientation`, `spawntimesecs`, `spawndist`, `currentwaypoint`, `curhealth`, `curmana`, `MovementType`, `unit_flags`, `pool_id`, `patch_min`, `patch_max`) VALUES ('106004', '571', '1', NULL, '0', '6050.86', '4448.61', '-79.2894', '0.680678', '300', '0', '0', '42', '0', '0', '0', '0', '5', '10');
INSERT INTO creature_addon (`spawnID`, `path_id`, `mount`, `bytes0`, `bytes1`, `bytes2`, `emote`, `auras`) VALUES ('106004', NULL, '0', '0', '0', '1', '0', NULL);
INSERT INTO creature_entry (`spawnID`, `entry`) VALUES ('106005', '15214');
INSERT INTO creature (`spawnID`, `map`, `spawnMask`, `modelid`, `equipment_id`, `position_x`, `position_y`, `position_z`, `orientation`, `spawntimesecs`, `spawndist`, `currentwaypoint`, `curhealth`, `curmana`, `MovementType`, `unit_flags`, `pool_id`, `patch_min`, `patch_max`) VALUES ('106005', '571', '1', NULL, '0', '5534.17', '-920.213', '172.251', '3.14159', '300', '0', '0', '42', '0', '0', '0', '0', '5', '10');
INSERT INTO creature_addon (`spawnID`, `path_id`, `mount`, `bytes0`, `bytes1`, `bytes2`, `emote`, `auras`) VALUES ('106005', NULL, '0', '0', '0', '1', '0', NULL);
INSERT INTO creature_entry (`spawnID`, `entry`) VALUES ('106006', '15214');
INSERT INTO creature (`spawnID`, `map`, `spawnMask`, `modelid`, `equipment_id`, `position_x`, `position_y`, `position_z`, `orientation`, `spawntimesecs`, `spawndist`, `currentwaypoint`, `curhealth`, `curmana`, `MovementType`, `unit_flags`, `pool_id`, `patch_min`, `patch_max`) VALUES ('106006', '571', '1', NULL, '0', '5451.42', '-828.683', '151.984', '6.0912', '300', '0', '0', '42', '0', '0', '0', '0', '5', '10');
INSERT INTO creature_addon (`spawnID`, `path_id`, `mount`, `bytes0`, `bytes1`, `bytes2`, `emote`, `auras`) VALUES ('106006', NULL, '0', '0', '0', '1', '0', NULL);
INSERT INTO creature_entry (`spawnID`, `entry`) VALUES ('106007', '15214');
INSERT INTO creature (`spawnID`, `map`, `spawnMask`, `modelid`, `equipment_id`, `position_x`, `position_y`, `position_z`, `orientation`, `spawntimesecs`, `spawndist`, `currentwaypoint`, `curhealth`, `curmana`, `MovementType`, `unit_flags`, `pool_id`, `patch_min`, `patch_max`) VALUES ('106007', '571', '1', NULL, '0', '5341.5', '-916.224', '167.673', '3.14159', '300', '0', '0', '42', '0', '0', '0', '0', '5', '10');
INSERT INTO creature_addon (`spawnID`, `path_id`, `mount`, `bytes0`, `bytes1`, `bytes2`, `emote`, `auras`) VALUES ('106007', NULL, '0', '0', '0', '1', '0', NULL);
INSERT INTO creature_entry (`spawnID`, `entry`) VALUES ('106008', '15214');
INSERT INTO creature (`spawnID`, `map`, `spawnMask`, `modelid`, `equipment_id`, `position_x`, `position_y`, `position_z`, `orientation`, `spawntimesecs`, `spawndist`, `currentwaypoint`, `curhealth`, `curmana`, `MovementType`, `unit_flags`, `pool_id`, `patch_min`, `patch_max`) VALUES ('106008', '571', '1', NULL, '0', '5414.81', '-721.52', '157.842', '3.61283', '300', '0', '0', '42', '0', '0', '0', '0', '5', '10');
INSERT INTO creature_addon (`spawnID`, `path_id`, `mount`, `bytes0`, `bytes1`, `bytes2`, `emote`, `auras`) VALUES ('106008', NULL, '0', '0', '0', '1', '0', NULL);
INSERT INTO creature_entry (`spawnID`, `entry`) VALUES ('106009', '15214');
INSERT INTO creature (`spawnID`, `map`, `spawnMask`, `modelid`, `equipment_id`, `position_x`, `position_y`, `position_z`, `orientation`, `spawntimesecs`, `spawndist`, `currentwaypoint`, `curhealth`, `curmana`, `MovementType`, `unit_flags`, `pool_id`, `patch_min`, `patch_max`) VALUES ('106009', '571', '1', NULL, '0', '5333.06', '-890.609', '168.81', '2.23402', '300', '0', '0', '42', '0', '0', '0', '0', '5', '10');
INSERT INTO creature_addon (`spawnID`, `path_id`, `mount`, `bytes0`, `bytes1`, `bytes2`, `emote`, `auras`) VALUES ('106009', NULL, '0', '0', '0', '1', '0', NULL);
INSERT INTO creature_entry (`spawnID`, `entry`) VALUES ('106010', '15214');
INSERT INTO creature (`spawnID`, `map`, `spawnMask`, `modelid`, `equipment_id`, `position_x`, `position_y`, `position_z`, `orientation`, `spawntimesecs`, `spawndist`, `currentwaypoint`, `curhealth`, `curmana`, `MovementType`, `unit_flags`, `pool_id`, `patch_min`, `patch_max`) VALUES ('106010', '571', '1', NULL, '0', '5594.91', '-924.915', '176.11', '6.03884', '300', '0', '0', '42', '0', '0', '0', '0', '5', '10');
INSERT INTO creature_addon (`spawnID`, `path_id`, `mount`, `bytes0`, `bytes1`, `bytes2`, `emote`, `auras`) VALUES ('106010', NULL, '0', '0', '0', '1', '0', NULL);
INSERT INTO creature_entry (`spawnID`, `entry`) VALUES ('106011', '15214');
INSERT INTO creature (`spawnID`, `map`, `spawnMask`, `modelid`, `equipment_id`, `position_x`, `position_y`, `position_z`, `orientation`, `spawntimesecs`, `spawndist`, `currentwaypoint`, `curhealth`, `curmana`, `MovementType`, `unit_flags`, `pool_id`, `patch_min`, `patch_max`) VALUES ('106011', '571', '1', NULL, '0', '5464.23', '-728.858', '148.673', '5.39307', '300', '0', '0', '42', '0', '0', '0', '0', '5', '10');
INSERT INTO creature_addon (`spawnID`, `path_id`, `mount`, `bytes0`, `bytes1`, `bytes2`, `emote`, `auras`) VALUES ('106011', NULL, '0', '0', '0', '1', '0', NULL);
INSERT INTO creature_entry (`spawnID`, `entry`) VALUES ('106012', '15214');
INSERT INTO creature (`spawnID`, `map`, `spawnMask`, `modelid`, `equipment_id`, `position_x`, `position_y`, `position_z`, `orientation`, `spawntimesecs`, `spawndist`, `currentwaypoint`, `curhealth`, `curmana`, `MovementType`, `unit_flags`, `pool_id`, `patch_min`, `patch_max`) VALUES ('106012', '571', '1', NULL, '0', '5437.68', '-766.894', '154.743', '0.226893', '300', '0', '0', '42', '0', '0', '0', '0', '5', '10');
INSERT INTO creature_addon (`spawnID`, `path_id`, `mount`, `bytes0`, `bytes1`, `bytes2`, `emote`, `auras`) VALUES ('106012', NULL, '0', '0', '0', '1', '0', NULL);
INSERT INTO creature_entry (`spawnID`, `entry`) VALUES ('106013', '15214');
INSERT INTO creature (`spawnID`, `map`, `spawnMask`, `modelid`, `equipment_id`, `position_x`, `position_y`, `position_z`, `orientation`, `spawntimesecs`, `spawndist`, `currentwaypoint`, `curhealth`, `curmana`, `MovementType`, `unit_flags`, `pool_id`, `patch_min`, `patch_max`) VALUES ('106013', '571', '1', NULL, '0', '5301.85', '-882.853', '169.348', '5.41052', '300', '0', '0', '42', '0', '0', '0', '0', '5', '10');
INSERT INTO creature_addon (`spawnID`, `path_id`, `mount`, `bytes0`, `bytes1`, `bytes2`, `emote`, `auras`) VALUES ('106013', NULL, '0', '0', '0', '1', '0', NULL);
INSERT INTO creature_entry (`spawnID`, `entry`) VALUES ('106014', '15214');
INSERT INTO creature (`spawnID`, `map`, `spawnMask`, `modelid`, `equipment_id`, `position_x`, `position_y`, `position_z`, `orientation`, `spawntimesecs`, `spawndist`, `currentwaypoint`, `curhealth`, `curmana`, `MovementType`, `unit_flags`, `pool_id`, `patch_min`, `patch_max`) VALUES ('106014', '571', '1', NULL, '0', '2233.64', '5156.24', '5.45496', '4.4855', '300', '0', '0', '42', '0', '0', '0', '0', '5', '10');
INSERT INTO creature_addon (`spawnID`, `path_id`, `mount`, `bytes0`, `bytes1`, `bytes2`, `emote`, `auras`) VALUES ('106014', NULL, '0', '0', '0', '1', '0', NULL);
INSERT INTO creature_entry (`spawnID`, `entry`) VALUES ('106015', '15214');
INSERT INTO creature (`spawnID`, `map`, `spawnMask`, `modelid`, `equipment_id`, `position_x`, `position_y`, `position_z`, `orientation`, `spawntimesecs`, `spawndist`, `currentwaypoint`, `curhealth`, `curmana`, `MovementType`, `unit_flags`, `pool_id`, `patch_min`, `patch_max`) VALUES ('106015', '571', '1', NULL, '0', '5451.35', '-2610.28', '328.496', '2.58309', '300', '0', '0', '42', '0', '0', '0', '0', '5', '10');
INSERT INTO creature_addon (`spawnID`, `path_id`, `mount`, `bytes0`, `bytes1`, `bytes2`, `emote`, `auras`) VALUES ('106015', NULL, '0', '0', '0', '1', '0', NULL);
INSERT INTO creature_entry (`spawnID`, `entry`) VALUES ('106016', '15214');
INSERT INTO creature (`spawnID`, `map`, `spawnMask`, `modelid`, `equipment_id`, `position_x`, `position_y`, `position_z`, `orientation`, `spawntimesecs`, `spawndist`, `currentwaypoint`, `curhealth`, `curmana`, `MovementType`, `unit_flags`, `pool_id`, `patch_min`, `patch_max`) VALUES ('106016', '571', '1', NULL, '0', '6038.57', '-2636.95', '310.837', '0.872665', '300', '0', '0', '42', '0', '0', '0', '0', '5', '10');
INSERT INTO creature_addon (`spawnID`, `path_id`, `mount`, `bytes0`, `bytes1`, `bytes2`, `emote`, `auras`) VALUES ('106016', NULL, '0', '0', '0', '1', '0', NULL);
INSERT INTO creature_entry (`spawnID`, `entry`) VALUES ('106017', '15214');
INSERT INTO creature (`spawnID`, `map`, `spawnMask`, `modelid`, `equipment_id`, `position_x`, `position_y`, `position_z`, `orientation`, `spawntimesecs`, `spawndist`, `currentwaypoint`, `curhealth`, `curmana`, `MovementType`, `unit_flags`, `pool_id`, `patch_min`, `patch_max`) VALUES ('106017', '571', '1', NULL, '0', '4804.79', '1294.72', '171.944', '3.07992', '300', '0', '0', '42', '0', '0', '0', '0', '5', '10');
INSERT INTO creature_addon (`spawnID`, `path_id`, `mount`, `bytes0`, `bytes1`, `bytes2`, `emote`, `auras`) VALUES ('106017', NULL, '0', '0', '0', '1', '0', NULL);
INSERT INTO creature_entry (`spawnID`, `entry`) VALUES ('106018', '15214');
INSERT INTO creature (`spawnID`, `map`, `spawnMask`, `modelid`, `equipment_id`, `position_x`, `position_y`, `position_z`, `orientation`, `spawntimesecs`, `spawndist`, `currentwaypoint`, `curhealth`, `curmana`, `MovementType`, `unit_flags`, `pool_id`, `patch_min`, `patch_max`) VALUES ('106018', '571', '1', NULL, '0', '4721.86', '1354.18', '166.385', '5.20599', '300', '0', '0', '42', '0', '0', '0', '0', '5', '10');
INSERT INTO creature_addon (`spawnID`, `path_id`, `mount`, `bytes0`, `bytes1`, `bytes2`, `emote`, `auras`) VALUES ('106018', NULL, '0', '0', '0', '1', '0', NULL);
INSERT INTO creature_entry (`spawnID`, `entry`) VALUES ('106019', '15214');
INSERT INTO creature (`spawnID`, `map`, `spawnMask`, `modelid`, `equipment_id`, `position_x`, `position_y`, `position_z`, `orientation`, `spawntimesecs`, `spawndist`, `currentwaypoint`, `curhealth`, `curmana`, `MovementType`, `unit_flags`, `pool_id`, `patch_min`, `patch_max`) VALUES ('106019', '571', '1', NULL, '0', '4798.03', '1438.35', '193.263', '3.24072', '300', '0', '0', '42', '0', '0', '0', '0', '5', '10');
INSERT INTO creature_addon (`spawnID`, `path_id`, `mount`, `bytes0`, `bytes1`, `bytes2`, `emote`, `auras`) VALUES ('106019', NULL, '0', '0', '0', '1', '0', NULL);
INSERT INTO creature_entry (`spawnID`, `entry`) VALUES ('106020', '15214');
INSERT INTO creature (`spawnID`, `map`, `spawnMask`, `modelid`, `equipment_id`, `position_x`, `position_y`, `position_z`, `orientation`, `spawntimesecs`, `spawndist`, `currentwaypoint`, `curhealth`, `curmana`, `MovementType`, `unit_flags`, `pool_id`, `patch_min`, `patch_max`) VALUES ('106020', '571', '1', NULL, '0', '4765.03', '1394.41', '183.216', '1.6057', '300', '0', '0', '42', '0', '0', '0', '0', '5', '10');
INSERT INTO creature_addon (`spawnID`, `path_id`, `mount`, `bytes0`, `bytes1`, `bytes2`, `emote`, `auras`) VALUES ('106020', NULL, '0', '0', '0', '1', '0', NULL);
INSERT INTO creature_entry (`spawnID`, `entry`) VALUES ('106021', '15214');
INSERT INTO creature (`spawnID`, `map`, `spawnMask`, `modelid`, `equipment_id`, `position_x`, `position_y`, `position_z`, `orientation`, `spawntimesecs`, `spawndist`, `currentwaypoint`, `curhealth`, `curmana`, `MovementType`, `unit_flags`, `pool_id`, `patch_min`, `patch_max`) VALUES ('106021', '571', '1', NULL, '0', '4868.74', '1558.43', '225.174', '0.920459', '300', '0', '0', '42', '0', '0', '0', '0', '5', '10');
INSERT INTO creature_addon (`spawnID`, `path_id`, `mount`, `bytes0`, `bytes1`, `bytes2`, `emote`, `auras`) VALUES ('106021', NULL, '0', '0', '0', '1', '0', NULL);
INSERT INTO creature_entry (`spawnID`, `entry`) VALUES ('106022', '15214');
INSERT INTO creature (`spawnID`, `map`, `spawnMask`, `modelid`, `equipment_id`, `position_x`, `position_y`, `position_z`, `orientation`, `spawntimesecs`, `spawndist`, `currentwaypoint`, `curhealth`, `curmana`, `MovementType`, `unit_flags`, `pool_id`, `patch_min`, `patch_max`) VALUES ('106022', '571', '1', NULL, '0', '4802.61', '1335.02', '173.248', '5.16874', '300', '0', '0', '42', '0', '0', '0', '0', '5', '10');
INSERT INTO creature_addon (`spawnID`, `path_id`, `mount`, `bytes0`, `bytes1`, `bytes2`, `emote`, `auras`) VALUES ('106022', NULL, '0', '0', '0', '1', '0', NULL);
INSERT INTO creature_entry (`spawnID`, `entry`) VALUES ('106023', '15214');
INSERT INTO creature (`spawnID`, `map`, `spawnMask`, `modelid`, `equipment_id`, `position_x`, `position_y`, `position_z`, `orientation`, `spawntimesecs`, `spawndist`, `currentwaypoint`, `curhealth`, `curmana`, `MovementType`, `unit_flags`, `pool_id`, `patch_min`, `patch_max`) VALUES ('106023', '571', '1', NULL, '0', '4824.3', '1417.69', '194.201', '0.81374', '300', '0', '0', '42', '0', '0', '0', '0', '5', '10');
INSERT INTO creature_addon (`spawnID`, `path_id`, `mount`, `bytes0`, `bytes1`, `bytes2`, `emote`, `auras`) VALUES ('106023', NULL, '0', '0', '0', '1', '0', NULL);
INSERT INTO creature_entry (`spawnID`, `entry`) VALUES ('106024', '15214');
INSERT INTO creature (`spawnID`, `map`, `spawnMask`, `modelid`, `equipment_id`, `position_x`, `position_y`, `position_z`, `orientation`, `spawntimesecs`, `spawndist`, `currentwaypoint`, `curhealth`, `curmana`, `MovementType`, `unit_flags`, `pool_id`, `patch_min`, `patch_max`) VALUES ('106024', '571', '1', NULL, '0', '4926.65', '1474', '223.358', '0.023177', '300', '0', '0', '42', '0', '0', '0', '0', '5', '10');
INSERT INTO creature_addon (`spawnID`, `path_id`, `mount`, `bytes0`, `bytes1`, `bytes2`, `emote`, `auras`) VALUES ('106024', NULL, '0', '0', '0', '1', '0', NULL);
INSERT INTO creature_entry (`spawnID`, `entry`) VALUES ('106025', '15214');
INSERT INTO creature (`spawnID`, `map`, `spawnMask`, `modelid`, `equipment_id`, `position_x`, `position_y`, `position_z`, `orientation`, `spawntimesecs`, `spawndist`, `currentwaypoint`, `curhealth`, `curmana`, `MovementType`, `unit_flags`, `pool_id`, `patch_min`, `patch_max`) VALUES ('106025', '571', '1', NULL, '0', '4756.25', '1307.29', '163.356', '0', '300', '0', '0', '42', '0', '0', '0', '0', '5', '10');
INSERT INTO creature_addon (`spawnID`, `path_id`, `mount`, `bytes0`, `bytes1`, `bytes2`, `emote`, `auras`) VALUES ('106025', NULL, '0', '0', '0', '1', '0', NULL);
INSERT INTO creature_entry (`spawnID`, `entry`) VALUES ('106026', '15214');
INSERT INTO creature (`spawnID`, `map`, `spawnMask`, `modelid`, `equipment_id`, `position_x`, `position_y`, `position_z`, `orientation`, `spawntimesecs`, `spawndist`, `currentwaypoint`, `curhealth`, `curmana`, `MovementType`, `unit_flags`, `pool_id`, `patch_min`, `patch_max`) VALUES ('106026', '571', '1', NULL, '0', '4841.8', '1500.53', '209.669', '4.03171', '300', '0', '0', '42', '0', '0', '0', '0', '5', '10');
INSERT INTO creature_addon (`spawnID`, `path_id`, `mount`, `bytes0`, `bytes1`, `bytes2`, `emote`, `auras`) VALUES ('106026', NULL, '0', '0', '0', '1', '0', NULL);
INSERT INTO creature_entry (`spawnID`, `entry`) VALUES ('106027', '15214');
INSERT INTO creature (`spawnID`, `map`, `spawnMask`, `modelid`, `equipment_id`, `position_x`, `position_y`, `position_z`, `orientation`, `spawntimesecs`, `spawndist`, `currentwaypoint`, `curhealth`, `curmana`, `MovementType`, `unit_flags`, `pool_id`, `patch_min`, `patch_max`) VALUES ('106027', '571', '1', NULL, '0', '4814.55', '1421.51', '194.158', '4.2586', '300', '0', '0', '42', '0', '0', '0', '0', '5', '10');
INSERT INTO creature_addon (`spawnID`, `path_id`, `mount`, `bytes0`, `bytes1`, `bytes2`, `emote`, `auras`) VALUES ('106027', NULL, '0', '0', '0', '1', '0', NULL);
INSERT INTO creature_entry (`spawnID`, `entry`) VALUES ('106028', '15214');
INSERT INTO creature (`spawnID`, `map`, `spawnMask`, `modelid`, `equipment_id`, `position_x`, `position_y`, `position_z`, `orientation`, `spawntimesecs`, `spawndist`, `currentwaypoint`, `curhealth`, `curmana`, `MovementType`, `unit_flags`, `pool_id`, `patch_min`, `patch_max`) VALUES ('106028', '571', '1', NULL, '0', '4885.88', '1445.53', '209.657', '3.33358', '300', '0', '0', '42', '0', '0', '0', '0', '5', '10');
INSERT INTO creature_addon (`spawnID`, `path_id`, `mount`, `bytes0`, `bytes1`, `bytes2`, `emote`, `auras`) VALUES ('106028', NULL, '0', '0', '0', '1', '0', NULL);
INSERT INTO creature_entry (`spawnID`, `entry`) VALUES ('106029', '15214');
INSERT INTO creature (`spawnID`, `map`, `spawnMask`, `modelid`, `equipment_id`, `position_x`, `position_y`, `position_z`, `orientation`, `spawntimesecs`, `spawndist`, `currentwaypoint`, `curhealth`, `curmana`, `MovementType`, `unit_flags`, `pool_id`, `patch_min`, `patch_max`) VALUES ('106029', '571', '1', NULL, '0', '3858.78', '-4347.16', '195.403', '2.93215', '300', '0', '0', '42', '0', '0', '0', '0', '5', '10');
INSERT INTO creature_addon (`spawnID`, `path_id`, `mount`, `bytes0`, `bytes1`, `bytes2`, `emote`, `auras`) VALUES ('106029', NULL, '0', '0', '0', '1', '0', NULL);
INSERT INTO creature_entry (`spawnID`, `entry`) VALUES ('106030', '15214');
INSERT INTO creature (`spawnID`, `map`, `spawnMask`, `modelid`, `equipment_id`, `position_x`, `position_y`, `position_z`, `orientation`, `spawntimesecs`, `spawndist`, `currentwaypoint`, `curhealth`, `curmana`, `MovementType`, `unit_flags`, `pool_id`, `patch_min`, `patch_max`) VALUES ('106030', '571', '1', NULL, '0', '2735.73', '-4364.54', '278.018', '2.93215', '300', '0', '0', '42', '0', '0', '0', '0', '5', '10');
INSERT INTO creature_addon (`spawnID`, `path_id`, `mount`, `bytes0`, `bytes1`, `bytes2`, `emote`, `auras`) VALUES ('106030', NULL, '0', '0', '0', '1', '0', NULL);
INSERT INTO creature_entry (`spawnID`, `entry`) VALUES ('106031', '15214');
INSERT INTO creature (`spawnID`, `map`, `spawnMask`, `modelid`, `equipment_id`, `position_x`, `position_y`, `position_z`, `orientation`, `spawntimesecs`, `spawndist`, `currentwaypoint`, `curhealth`, `curmana`, `MovementType`, `unit_flags`, `pool_id`, `patch_min`, `patch_max`) VALUES ('106031', '571', '1', NULL, '0', '2808.47', '-3619.03', '247.324', '2.72271', '300', '0', '0', '42', '0', '0', '0', '0', '5', '10');
INSERT INTO creature_addon (`spawnID`, `path_id`, `mount`, `bytes0`, `bytes1`, `bytes2`, `emote`, `auras`) VALUES ('106031', NULL, '0', '0', '0', '1', '0', NULL);
INSERT INTO creature_entry (`spawnID`, `entry`) VALUES ('106032', '15214');
INSERT INTO creature (`spawnID`, `map`, `spawnMask`, `modelid`, `equipment_id`, `position_x`, `position_y`, `position_z`, `orientation`, `spawntimesecs`, `spawndist`, `currentwaypoint`, `curhealth`, `curmana`, `MovementType`, `unit_flags`, `pool_id`, `patch_min`, `patch_max`) VALUES ('106032', '571', '1', NULL, '0', '3022.28', '4586.69', '2.24844', '0.959931', '300', '0', '0', '42', '0', '0', '0', '0', '5', '10');
INSERT INTO creature_addon (`spawnID`, `path_id`, `mount`, `bytes0`, `bytes1`, `bytes2`, `emote`, `auras`) VALUES ('106032', NULL, '0', '0', '0', '1', '0', NULL);
INSERT INTO creature_entry (`spawnID`, `entry`) VALUES ('106033', '15214');
INSERT INTO creature (`spawnID`, `map`, `spawnMask`, `modelid`, `equipment_id`, `position_x`, `position_y`, `position_z`, `orientation`, `spawntimesecs`, `spawndist`, `currentwaypoint`, `curhealth`, `curmana`, `MovementType`, `unit_flags`, `pool_id`, `patch_min`, `patch_max`) VALUES ('106033', '571', '1', NULL, '0', '2938.7', '4875.49', '2.0749', '0.785398', '300', '0', '0', '42', '0', '0', '0', '0', '5', '10');
INSERT INTO creature_addon (`spawnID`, `path_id`, `mount`, `bytes0`, `bytes1`, `bytes2`, `emote`, `auras`) VALUES ('106033', NULL, '0', '0', '0', '1', '0', NULL);
INSERT INTO creature_entry (`spawnID`, `entry`) VALUES ('106034', '15214');
INSERT INTO creature (`spawnID`, `map`, `spawnMask`, `modelid`, `equipment_id`, `position_x`, `position_y`, `position_z`, `orientation`, `spawntimesecs`, `spawndist`, `currentwaypoint`, `curhealth`, `curmana`, `MovementType`, `unit_flags`, `pool_id`, `patch_min`, `patch_max`) VALUES ('106034', '571', '1', NULL, '0', '3056.26', '4714.89', '1.9893', '0.017453', '300', '0', '0', '42', '0', '0', '0', '0', '5', '10');
INSERT INTO creature_addon (`spawnID`, `path_id`, `mount`, `bytes0`, `bytes1`, `bytes2`, `emote`, `auras`) VALUES ('106034', NULL, '0', '0', '0', '1', '0', NULL);
INSERT INTO creature_entry (`spawnID`, `entry`) VALUES ('106041', '15214');
INSERT INTO creature (`spawnID`, `map`, `spawnMask`, `modelid`, `equipment_id`, `position_x`, `position_y`, `position_z`, `orientation`, `spawntimesecs`, `spawndist`, `currentwaypoint`, `curhealth`, `curmana`, `MovementType`, `unit_flags`, `pool_id`, `patch_min`, `patch_max`) VALUES ('106041', '571', '1', NULL, '0', '3877.7', '3726.03', '48.3402', '0.576363', '300', '0', '0', '42', '0', '0', '0', '0', '5', '10');
INSERT INTO creature_addon (`spawnID`, `path_id`, `mount`, `bytes0`, `bytes1`, `bytes2`, `emote`, `auras`) VALUES ('106041', NULL, '0', '0', '0', '1', '0', NULL);
INSERT INTO creature_entry (`spawnID`, `entry`) VALUES ('106046', '15214');
INSERT INTO creature (`spawnID`, `map`, `spawnMask`, `modelid`, `equipment_id`, `position_x`, `position_y`, `position_z`, `orientation`, `spawntimesecs`, `spawndist`, `currentwaypoint`, `curhealth`, `curmana`, `MovementType`, `unit_flags`, `pool_id`, `patch_min`, `patch_max`) VALUES ('106046', '571', '1', NULL, '0', '4115.42', '5324.4', '28.7579', '0.785398', '300', '0', '0', '42', '0', '0', '0', '0', '5', '10');
INSERT INTO creature_addon (`spawnID`, `path_id`, `mount`, `bytes0`, `bytes1`, `bytes2`, `emote`, `auras`) VALUES ('106046', NULL, '0', '0', '0', '1', '0', NULL);
INSERT INTO creature_entry (`spawnID`, `entry`) VALUES ('106047', '15214');
INSERT INTO creature (`spawnID`, `map`, `spawnMask`, `modelid`, `equipment_id`, `position_x`, `position_y`, `position_z`, `orientation`, `spawntimesecs`, `spawndist`, `currentwaypoint`, `curhealth`, `curmana`, `MovementType`, `unit_flags`, `pool_id`, `patch_min`, `patch_max`) VALUES ('106047', '571', '1', NULL, '0', '5422.39', '-818.808', '155.995', '1.13446', '300', '0', '0', '42', '0', '0', '0', '0', '5', '10');
INSERT INTO creature_addon (`spawnID`, `path_id`, `mount`, `bytes0`, `bytes1`, `bytes2`, `emote`, `auras`) VALUES ('106047', NULL, '0', '0', '0', '1', '0', NULL);
INSERT INTO creature_entry (`spawnID`, `entry`) VALUES ('106048', '15214');
INSERT INTO creature (`spawnID`, `map`, `spawnMask`, `modelid`, `equipment_id`, `position_x`, `position_y`, `position_z`, `orientation`, `spawntimesecs`, `spawndist`, `currentwaypoint`, `curhealth`, `curmana`, `MovementType`, `unit_flags`, `pool_id`, `patch_min`, `patch_max`) VALUES ('106048', '571', '1', NULL, '0', '5371.92', '-657.404', '128.977', '1.309', '300', '0', '0', '42', '0', '0', '0', '0', '5', '10');
INSERT INTO creature_addon (`spawnID`, `path_id`, `mount`, `bytes0`, `bytes1`, `bytes2`, `emote`, `auras`) VALUES ('106048', NULL, '0', '0', '0', '1', '0', NULL);
INSERT INTO creature_entry (`spawnID`, `entry`) VALUES ('106049', '15214');
INSERT INTO creature (`spawnID`, `map`, `spawnMask`, `modelid`, `equipment_id`, `position_x`, `position_y`, `position_z`, `orientation`, `spawntimesecs`, `spawndist`, `currentwaypoint`, `curhealth`, `curmana`, `MovementType`, `unit_flags`, `pool_id`, `patch_min`, `patch_max`) VALUES ('106049', '571', '1', NULL, '0', '5394.1', '-823.707', '153.318', '0.366519', '300', '0', '0', '42', '0', '0', '0', '0', '5', '10');
INSERT INTO creature_addon (`spawnID`, `path_id`, `mount`, `bytes0`, `bytes1`, `bytes2`, `emote`, `auras`) VALUES ('106049', NULL, '0', '0', '0', '1', '0', NULL);
INSERT INTO creature_entry (`spawnID`, `entry`) VALUES ('106050', '15214');
INSERT INTO creature (`spawnID`, `map`, `spawnMask`, `modelid`, `equipment_id`, `position_x`, `position_y`, `position_z`, `orientation`, `spawntimesecs`, `spawndist`, `currentwaypoint`, `curhealth`, `curmana`, `MovementType`, `unit_flags`, `pool_id`, `patch_min`, `patch_max`) VALUES ('106050', '571', '1', NULL, '0', '5373.67', '-848.331', '158.423', '5.61996', '300', '0', '0', '42', '0', '0', '0', '0', '5', '10');
INSERT INTO creature_addon (`spawnID`, `path_id`, `mount`, `bytes0`, `bytes1`, `bytes2`, `emote`, `auras`) VALUES ('106050', NULL, '0', '0', '0', '1', '0', NULL);
INSERT INTO creature_entry (`spawnID`, `entry`) VALUES ('106051', '15214');
INSERT INTO creature (`spawnID`, `map`, `spawnMask`, `modelid`, `equipment_id`, `position_x`, `position_y`, `position_z`, `orientation`, `spawntimesecs`, `spawndist`, `currentwaypoint`, `curhealth`, `curmana`, `MovementType`, `unit_flags`, `pool_id`, `patch_min`, `patch_max`) VALUES ('106051', '571', '1', NULL, '0', '5391.96', '-702.777', '150.326', '1.55334', '300', '0', '0', '42', '0', '0', '0', '0', '5', '10');
INSERT INTO creature_addon (`spawnID`, `path_id`, `mount`, `bytes0`, `bytes1`, `bytes2`, `emote`, `auras`) VALUES ('106051', NULL, '0', '0', '0', '1', '0', NULL);
INSERT INTO creature_entry (`spawnID`, `entry`) VALUES ('106052', '15214');
INSERT INTO creature (`spawnID`, `map`, `spawnMask`, `modelid`, `equipment_id`, `position_x`, `position_y`, `position_z`, `orientation`, `spawntimesecs`, `spawndist`, `currentwaypoint`, `curhealth`, `curmana`, `MovementType`, `unit_flags`, `pool_id`, `patch_min`, `patch_max`) VALUES ('106052', '571', '1', NULL, '0', '4875.7', '1456.42', '209.601', '3.65239', '300', '0', '0', '42', '0', '0', '0', '0', '5', '10');
INSERT INTO creature_addon (`spawnID`, `path_id`, `mount`, `bytes0`, `bytes1`, `bytes2`, `emote`, `auras`) VALUES ('106052', NULL, '0', '0', '0', '1', '0', NULL);
INSERT INTO creature_entry (`spawnID`, `entry`) VALUES ('106053', '15214');
INSERT INTO creature (`spawnID`, `map`, `spawnMask`, `modelid`, `equipment_id`, `position_x`, `position_y`, `position_z`, `orientation`, `spawntimesecs`, `spawndist`, `currentwaypoint`, `curhealth`, `curmana`, `MovementType`, `unit_flags`, `pool_id`, `patch_min`, `patch_max`) VALUES ('106053', '571', '1', NULL, '0', '4845.62', '1495.98', '209.576', '3.04471', '300', '0', '0', '42', '0', '0', '0', '0', '5', '10');
INSERT INTO creature_addon (`spawnID`, `path_id`, `mount`, `bytes0`, `bytes1`, `bytes2`, `emote`, `auras`) VALUES ('106053', NULL, '0', '0', '0', '1', '0', NULL);
INSERT INTO creature_entry (`spawnID`, `entry`) VALUES ('106054', '15214');
INSERT INTO creature (`spawnID`, `map`, `spawnMask`, `modelid`, `equipment_id`, `position_x`, `position_y`, `position_z`, `orientation`, `spawntimesecs`, `spawndist`, `currentwaypoint`, `curhealth`, `curmana`, `MovementType`, `unit_flags`, `pool_id`, `patch_min`, `patch_max`) VALUES ('106054', '571', '1', NULL, '0', '4804.82', '1292.85', '172.323', '4.17789', '300', '0', '0', '42', '0', '0', '0', '0', '5', '10');
INSERT INTO creature_addon (`spawnID`, `path_id`, `mount`, `bytes0`, `bytes1`, `bytes2`, `emote`, `auras`) VALUES ('106054', NULL, '0', '0', '0', '1', '0', NULL);
INSERT INTO creature_entry (`spawnID`, `entry`) VALUES ('106055', '15214');
INSERT INTO creature (`spawnID`, `map`, `spawnMask`, `modelid`, `equipment_id`, `position_x`, `position_y`, `position_z`, `orientation`, `spawntimesecs`, `spawndist`, `currentwaypoint`, `curhealth`, `curmana`, `MovementType`, `unit_flags`, `pool_id`, `patch_min`, `patch_max`) VALUES ('106055', '571', '1', NULL, '0', '4878.56', '1393.96', '196.388', '5.36761', '300', '0', '0', '42', '0', '0', '0', '0', '5', '10');
INSERT INTO creature_addon (`spawnID`, `path_id`, `mount`, `bytes0`, `bytes1`, `bytes2`, `emote`, `auras`) VALUES ('106055', NULL, '0', '0', '0', '1', '0', NULL);
INSERT INTO creature_entry (`spawnID`, `entry`) VALUES ('106056', '15214');
INSERT INTO creature (`spawnID`, `map`, `spawnMask`, `modelid`, `equipment_id`, `position_x`, `position_y`, `position_z`, `orientation`, `spawntimesecs`, `spawndist`, `currentwaypoint`, `curhealth`, `curmana`, `MovementType`, `unit_flags`, `pool_id`, `patch_min`, `patch_max`) VALUES ('106056', '571', '1', NULL, '0', '4714.02', '1437.06', '174.805', '4.73514', '300', '0', '0', '42', '0', '0', '0', '0', '5', '10');
INSERT INTO creature_addon (`spawnID`, `path_id`, `mount`, `bytes0`, `bytes1`, `bytes2`, `emote`, `auras`) VALUES ('106056', NULL, '0', '0', '0', '1', '0', NULL);
INSERT INTO creature_entry (`spawnID`, `entry`) VALUES ('106057', '15214');
INSERT INTO creature (`spawnID`, `map`, `spawnMask`, `modelid`, `equipment_id`, `position_x`, `position_y`, `position_z`, `orientation`, `spawntimesecs`, `spawndist`, `currentwaypoint`, `curhealth`, `curmana`, `MovementType`, `unit_flags`, `pool_id`, `patch_min`, `patch_max`) VALUES ('106057', '571', '1', NULL, '0', '4771.85', '1499.02', '197.263', '4.13712', '300', '0', '0', '42', '0', '0', '0', '0', '5', '10');
INSERT INTO creature_addon (`spawnID`, `path_id`, `mount`, `bytes0`, `bytes1`, `bytes2`, `emote`, `auras`) VALUES ('106057', NULL, '0', '0', '0', '1', '0', NULL);
INSERT INTO creature_entry (`spawnID`, `entry`) VALUES ('106058', '15214');
INSERT INTO creature (`spawnID`, `map`, `spawnMask`, `modelid`, `equipment_id`, `position_x`, `position_y`, `position_z`, `orientation`, `spawntimesecs`, `spawndist`, `currentwaypoint`, `curhealth`, `curmana`, `MovementType`, `unit_flags`, `pool_id`, `patch_min`, `patch_max`) VALUES ('106058', '571', '1', NULL, '0', '4784.46', '1376.53', '181.986', '1.48353', '300', '0', '0', '42', '0', '0', '0', '0', '5', '10');
INSERT INTO creature_addon (`spawnID`, `path_id`, `mount`, `bytes0`, `bytes1`, `bytes2`, `emote`, `auras`) VALUES ('106058', NULL, '0', '0', '0', '1', '0', NULL);
INSERT INTO creature_entry (`spawnID`, `entry`) VALUES ('106059', '15214');
INSERT INTO creature (`spawnID`, `map`, `spawnMask`, `modelid`, `equipment_id`, `position_x`, `position_y`, `position_z`, `orientation`, `spawntimesecs`, `spawndist`, `currentwaypoint`, `curhealth`, `curmana`, `MovementType`, `unit_flags`, `pool_id`, `patch_min`, `patch_max`) VALUES ('106059', '571', '1', NULL, '0', '4806.8', '1337.3', '173.248', '5.02844', '300', '0', '0', '42', '0', '0', '0', '0', '5', '10');
INSERT INTO creature_addon (`spawnID`, `path_id`, `mount`, `bytes0`, `bytes1`, `bytes2`, `emote`, `auras`) VALUES ('106059', NULL, '0', '0', '0', '1', '0', NULL);
INSERT INTO creature_entry (`spawnID`, `entry`) VALUES ('106060', '15214');
INSERT INTO creature (`spawnID`, `map`, `spawnMask`, `modelid`, `equipment_id`, `position_x`, `position_y`, `position_z`, `orientation`, `spawntimesecs`, `spawndist`, `currentwaypoint`, `curhealth`, `curmana`, `MovementType`, `unit_flags`, `pool_id`, `patch_min`, `patch_max`) VALUES ('106060', '571', '1', NULL, '0', '2929.03', '4882.35', '2.06907', '0.558505', '300', '0', '0', '42', '0', '0', '0', '0', '5', '10');
INSERT INTO creature_addon (`spawnID`, `path_id`, `mount`, `bytes0`, `bytes1`, `bytes2`, `emote`, `auras`) VALUES ('106060', NULL, '0', '0', '0', '1', '0', NULL);
INSERT INTO creature_entry (`spawnID`, `entry`) VALUES ('106061', '15214');
INSERT INTO creature (`spawnID`, `map`, `spawnMask`, `modelid`, `equipment_id`, `position_x`, `position_y`, `position_z`, `orientation`, `spawntimesecs`, `spawndist`, `currentwaypoint`, `curhealth`, `curmana`, `MovementType`, `unit_flags`, `pool_id`, `patch_min`, `patch_max`) VALUES ('106061', '571', '1', NULL, '0', '3018.31', '4574.9', '1.77603', '1.01229', '300', '0', '0', '42', '0', '0', '0', '0', '5', '10');
INSERT INTO creature_addon (`spawnID`, `path_id`, `mount`, `bytes0`, `bytes1`, `bytes2`, `emote`, `auras`) VALUES ('106061', NULL, '0', '0', '0', '1', '0', NULL);
INSERT INTO creature_entry (`spawnID`, `entry`) VALUES ('106062', '15214');
INSERT INTO creature (`spawnID`, `map`, `spawnMask`, `modelid`, `equipment_id`, `position_x`, `position_y`, `position_z`, `orientation`, `spawntimesecs`, `spawndist`, `currentwaypoint`, `curhealth`, `curmana`, `MovementType`, `unit_flags`, `pool_id`, `patch_min`, `patch_max`) VALUES ('106062', '571', '1', NULL, '0', '2832.21', '4899.84', '2.15636', '2.04204', '300', '0', '0', '42', '0', '0', '0', '0', '5', '10');
INSERT INTO creature_addon (`spawnID`, `path_id`, `mount`, `bytes0`, `bytes1`, `bytes2`, `emote`, `auras`) VALUES ('106062', NULL, '0', '0', '0', '1', '0', NULL);
INSERT INTO creature_entry (`spawnID`, `entry`) VALUES ('106063', '15214');
INSERT INTO creature (`spawnID`, `map`, `spawnMask`, `modelid`, `equipment_id`, `position_x`, `position_y`, `position_z`, `orientation`, `spawntimesecs`, `spawndist`, `currentwaypoint`, `curhealth`, `curmana`, `MovementType`, `unit_flags`, `pool_id`, `patch_min`, `patch_max`) VALUES ('106063', '571', '1', NULL, '0', '3043.04', '4675.32', '2.18489', '0.279253', '300', '0', '0', '42', '0', '0', '0', '0', '5', '10');
INSERT INTO creature_addon (`spawnID`, `path_id`, `mount`, `bytes0`, `bytes1`, `bytes2`, `emote`, `auras`) VALUES ('106063', NULL, '0', '0', '0', '1', '0', NULL);
INSERT INTO creature_entry (`spawnID`, `entry`) VALUES ('106064', '15214');
INSERT INTO creature (`spawnID`, `map`, `spawnMask`, `modelid`, `equipment_id`, `position_x`, `position_y`, `position_z`, `orientation`, `spawntimesecs`, `spawndist`, `currentwaypoint`, `curhealth`, `curmana`, `MovementType`, `unit_flags`, `pool_id`, `patch_min`, `patch_max`) VALUES ('106064', '571', '1', NULL, '0', '2817.89', '4889.4', '2.19258', '0.680678', '300', '0', '0', '42', '0', '0', '0', '0', '5', '10');
INSERT INTO creature_addon (`spawnID`, `path_id`, `mount`, `bytes0`, `bytes1`, `bytes2`, `emote`, `auras`) VALUES ('106064', NULL, '0', '0', '0', '1', '0', NULL);
INSERT INTO creature_entry (`spawnID`, `entry`) VALUES ('106066', '15214');
INSERT INTO creature (`spawnID`, `map`, `spawnMask`, `modelid`, `equipment_id`, `position_x`, `position_y`, `position_z`, `orientation`, `spawntimesecs`, `spawndist`, `currentwaypoint`, `curhealth`, `curmana`, `MovementType`, `unit_flags`, `pool_id`, `patch_min`, `patch_max`) VALUES ('106066', '571', '1', NULL, '0', '3827.1', '3743.9', '52.5611', '4.19525', '300', '0', '0', '42', '0', '0', '0', '0', '5', '10');
INSERT INTO creature_addon (`spawnID`, `path_id`, `mount`, `bytes0`, `bytes1`, `bytes2`, `emote`, `auras`) VALUES ('106066', NULL, '0', '0', '0', '1', '0', NULL);
INSERT INTO creature_entry (`spawnID`, `entry`) VALUES ('106067', '15214');
INSERT INTO creature (`spawnID`, `map`, `spawnMask`, `modelid`, `equipment_id`, `position_x`, `position_y`, `position_z`, `orientation`, `spawntimesecs`, `spawndist`, `currentwaypoint`, `curhealth`, `curmana`, `MovementType`, `unit_flags`, `pool_id`, `patch_min`, `patch_max`) VALUES ('106067', '571', '1', NULL, '0', '4077.08', '4807.15', '0.464354', '0.390918', '300', '0', '0', '42', '0', '0', '0', '0', '5', '10');
INSERT INTO creature_addon (`spawnID`, `path_id`, `mount`, `bytes0`, `bytes1`, `bytes2`, `emote`, `auras`) VALUES ('106067', NULL, '0', '0', '0', '1', '0', NULL);
INSERT INTO creature_entry (`spawnID`, `entry`) VALUES ('106068', '15214');
INSERT INTO creature (`spawnID`, `map`, `spawnMask`, `modelid`, `equipment_id`, `position_x`, `position_y`, `position_z`, `orientation`, `spawntimesecs`, `spawndist`, `currentwaypoint`, `curhealth`, `curmana`, `MovementType`, `unit_flags`, `pool_id`, `patch_min`, `patch_max`) VALUES ('106068', '571', '1', NULL, '0', '4158.66', '4924.79', '-12.8706', '6.28006', '300', '0', '0', '42', '0', '0', '0', '0', '5', '10');
INSERT INTO creature_addon (`spawnID`, `path_id`, `mount`, `bytes0`, `bytes1`, `bytes2`, `emote`, `auras`) VALUES ('106068', NULL, '0', '0', '0', '1', '0', NULL);
INSERT INTO creature_entry (`spawnID`, `entry`) VALUES ('106069', '15214');
INSERT INTO creature (`spawnID`, `map`, `spawnMask`, `modelid`, `equipment_id`, `position_x`, `position_y`, `position_z`, `orientation`, `spawntimesecs`, `spawndist`, `currentwaypoint`, `curhealth`, `curmana`, `MovementType`, `unit_flags`, `pool_id`, `patch_min`, `patch_max`) VALUES ('106069', '571', '1', NULL, '0', '4178.35', '5279.95', '26.7764', '3.14159', '300', '0', '0', '42', '0', '0', '0', '0', '5', '10');
INSERT INTO creature_addon (`spawnID`, `path_id`, `mount`, `bytes0`, `bytes1`, `bytes2`, `emote`, `auras`) VALUES ('106069', NULL, '0', '0', '0', '1', '0', NULL);
INSERT INTO creature_entry (`spawnID`, `entry`) VALUES ('106070', '15214');
INSERT INTO creature (`spawnID`, `map`, `spawnMask`, `modelid`, `equipment_id`, `position_x`, `position_y`, `position_z`, `orientation`, `spawntimesecs`, `spawndist`, `currentwaypoint`, `curhealth`, `curmana`, `MovementType`, `unit_flags`, `pool_id`, `patch_min`, `patch_max`) VALUES ('106070', '571', '1', NULL, '0', '3008.94', '4599.62', '2.13065', '2.89725', '300', '0', '0', '42', '0', '0', '0', '0', '5', '10');
INSERT INTO creature_addon (`spawnID`, `path_id`, `mount`, `bytes0`, `bytes1`, `bytes2`, `emote`, `auras`) VALUES ('106070', NULL, '0', '0', '0', '1', '0', NULL);
INSERT INTO creature_entry (`spawnID`, `entry`) VALUES ('106074', '15214');
INSERT INTO creature (`spawnID`, `map`, `spawnMask`, `modelid`, `equipment_id`, `position_x`, `position_y`, `position_z`, `orientation`, `spawntimesecs`, `spawndist`, `currentwaypoint`, `curhealth`, `curmana`, `MovementType`, `unit_flags`, `pool_id`, `patch_min`, `patch_max`) VALUES ('106074', '571', '1', NULL, '0', '1899.91', '6027.15', '6.35304', '4.64258', '300', '0', '0', '42', '0', '0', '0', '0', '5', '10');
INSERT INTO creature_addon (`spawnID`, `path_id`, `mount`, `bytes0`, `bytes1`, `bytes2`, `emote`, `auras`) VALUES ('106074', NULL, '0', '0', '0', '1', '0', NULL);
INSERT INTO creature_entry (`spawnID`, `entry`) VALUES ('106075', '15214');
INSERT INTO creature (`spawnID`, `map`, `spawnMask`, `modelid`, `equipment_id`, `position_x`, `position_y`, `position_z`, `orientation`, `spawntimesecs`, `spawndist`, `currentwaypoint`, `curhealth`, `curmana`, `MovementType`, `unit_flags`, `pool_id`, `patch_min`, `patch_max`) VALUES ('106075', '571', '1', NULL, '0', '3034.59', '4593.65', '3.35875', '0.261799', '300', '0', '0', '42', '0', '0', '0', '0', '5', '10');
INSERT INTO creature_addon (`spawnID`, `path_id`, `mount`, `bytes0`, `bytes1`, `bytes2`, `emote`, `auras`) VALUES ('106075', NULL, '0', '0', '0', '1', '0', NULL);
INSERT INTO creature_entry (`spawnID`, `entry`) VALUES ('106076', '15214');
INSERT INTO creature (`spawnID`, `map`, `spawnMask`, `modelid`, `equipment_id`, `position_x`, `position_y`, `position_z`, `orientation`, `spawntimesecs`, `spawndist`, `currentwaypoint`, `curhealth`, `curmana`, `MovementType`, `unit_flags`, `pool_id`, `patch_min`, `patch_max`) VALUES ('106076', '571', '1', NULL, '0', '3047.92', '4703.31', '2.24788', '6.10865', '300', '0', '0', '42', '0', '0', '0', '0', '5', '10');
INSERT INTO creature_addon (`spawnID`, `path_id`, `mount`, `bytes0`, `bytes1`, `bytes2`, `emote`, `auras`) VALUES ('106076', NULL, '0', '0', '0', '1', '0', NULL);
INSERT INTO creature_entry (`spawnID`, `entry`) VALUES ('106077', '15214');
INSERT INTO creature (`spawnID`, `map`, `spawnMask`, `modelid`, `equipment_id`, `position_x`, `position_y`, `position_z`, `orientation`, `spawntimesecs`, `spawndist`, `currentwaypoint`, `curhealth`, `curmana`, `MovementType`, `unit_flags`, `pool_id`, `patch_min`, `patch_max`) VALUES ('106077', '571', '1', NULL, '0', '3050.38', '4686.49', '1.31817', '0.15708', '300', '0', '0', '42', '0', '0', '0', '0', '5', '10');
INSERT INTO creature_addon (`spawnID`, `path_id`, `mount`, `bytes0`, `bytes1`, `bytes2`, `emote`, `auras`) VALUES ('106077', NULL, '0', '0', '0', '1', '0', NULL);
INSERT INTO creature_entry (`spawnID`, `entry`) VALUES ('106078', '15214');
INSERT INTO creature (`spawnID`, `map`, `spawnMask`, `modelid`, `equipment_id`, `position_x`, `position_y`, `position_z`, `orientation`, `spawntimesecs`, `spawndist`, `currentwaypoint`, `curhealth`, `curmana`, `MovementType`, `unit_flags`, `pool_id`, `patch_min`, `patch_max`) VALUES ('106078', '571', '1', NULL, '0', '3060.87', '4685.51', '1.60206', '1.8326', '300', '0', '0', '42', '0', '0', '0', '0', '5', '10');
INSERT INTO creature_addon (`spawnID`, `path_id`, `mount`, `bytes0`, `bytes1`, `bytes2`, `emote`, `auras`) VALUES ('106078', NULL, '0', '0', '0', '1', '0', NULL);
INSERT INTO creature_entry (`spawnID`, `entry`) VALUES ('106081', '15214');
INSERT INTO creature (`spawnID`, `map`, `spawnMask`, `modelid`, `equipment_id`, `position_x`, `position_y`, `position_z`, `orientation`, `spawntimesecs`, `spawndist`, `currentwaypoint`, `curhealth`, `curmana`, `MovementType`, `unit_flags`, `pool_id`, `patch_min`, `patch_max`) VALUES ('106081', '571', '1', NULL, '0', '3042.32', '4709.43', '1.71945', '6.05629', '300', '0', '0', '42', '0', '0', '0', '0', '5', '10');
INSERT INTO creature_addon (`spawnID`, `path_id`, `mount`, `bytes0`, `bytes1`, `bytes2`, `emote`, `auras`) VALUES ('106081', NULL, '0', '0', '0', '1', '0', NULL);
INSERT INTO creature_entry (`spawnID`, `entry`) VALUES ('106082', '15214');
INSERT INTO creature (`spawnID`, `map`, `spawnMask`, `modelid`, `equipment_id`, `position_x`, `position_y`, `position_z`, `orientation`, `spawntimesecs`, `spawndist`, `currentwaypoint`, `curhealth`, `curmana`, `MovementType`, `unit_flags`, `pool_id`, `patch_min`, `patch_max`) VALUES ('106082', '571', '1', NULL, '0', '3042.03', '4695.16', '2.22452', '0.034907', '300', '0', '0', '42', '0', '0', '0', '0', '5', '10');
INSERT INTO creature_addon (`spawnID`, `path_id`, `mount`, `bytes0`, `bytes1`, `bytes2`, `emote`, `auras`) VALUES ('106082', NULL, '0', '0', '0', '1', '0', NULL);
INSERT INTO creature_entry (`spawnID`, `entry`) VALUES ('106083', '15214');
INSERT INTO creature (`spawnID`, `map`, `spawnMask`, `modelid`, `equipment_id`, `position_x`, `position_y`, `position_z`, `orientation`, `spawntimesecs`, `spawndist`, `currentwaypoint`, `curhealth`, `curmana`, `MovementType`, `unit_flags`, `pool_id`, `patch_min`, `patch_max`) VALUES ('106083', '571', '1', NULL, '0', '1389.29', '-3227.86', '160.628', '4.97419', '300', '0', '0', '42', '0', '0', '0', '0', '5', '10');
INSERT INTO creature_addon (`spawnID`, `path_id`, `mount`, `bytes0`, `bytes1`, `bytes2`, `emote`, `auras`) VALUES ('106083', NULL, '0', '0', '0', '1', '0', NULL);
INSERT INTO creature_entry (`spawnID`, `entry`) VALUES ('106084', '15214');
INSERT INTO creature (`spawnID`, `map`, `spawnMask`, `modelid`, `equipment_id`, `position_x`, `position_y`, `position_z`, `orientation`, `spawntimesecs`, `spawndist`, `currentwaypoint`, `curhealth`, `curmana`, `MovementType`, `unit_flags`, `pool_id`, `patch_min`, `patch_max`) VALUES ('106084', '571', '1', NULL, '0', '4090.29', '4879.05', '-12.8706', '4.22916', '300', '0', '0', '42', '0', '0', '0', '0', '5', '10');
INSERT INTO creature_addon (`spawnID`, `path_id`, `mount`, `bytes0`, `bytes1`, `bytes2`, `emote`, `auras`) VALUES ('106084', NULL, '0', '0', '0', '1', '0', NULL);
INSERT INTO creature_entry (`spawnID`, `entry`) VALUES ('106085', '15214');
INSERT INTO creature (`spawnID`, `map`, `spawnMask`, `modelid`, `equipment_id`, `position_x`, `position_y`, `position_z`, `orientation`, `spawntimesecs`, `spawndist`, `currentwaypoint`, `curhealth`, `curmana`, `MovementType`, `unit_flags`, `pool_id`, `patch_min`, `patch_max`) VALUES ('106085', '571', '1', NULL, '0', '2956.3', '4886.69', '-2.03902', '0.767945', '300', '0', '0', '42', '0', '0', '0', '0', '5', '10');
INSERT INTO creature_addon (`spawnID`, `path_id`, `mount`, `bytes0`, `bytes1`, `bytes2`, `emote`, `auras`) VALUES ('106085', NULL, '0', '0', '0', '1', '0', NULL);
INSERT INTO creature_entry (`spawnID`, `entry`) VALUES ('106086', '15214');
INSERT INTO creature (`spawnID`, `map`, `spawnMask`, `modelid`, `equipment_id`, `position_x`, `position_y`, `position_z`, `orientation`, `spawntimesecs`, `spawndist`, `currentwaypoint`, `curhealth`, `curmana`, `MovementType`, `unit_flags`, `pool_id`, `patch_min`, `patch_max`) VALUES ('106086', '571', '1', NULL, '0', '2821.17', '4926.5', '4.68399', '0.174533', '300', '0', '0', '42', '0', '0', '0', '0', '5', '10');
INSERT INTO creature_addon (`spawnID`, `path_id`, `mount`, `bytes0`, `bytes1`, `bytes2`, `emote`, `auras`) VALUES ('106086', NULL, '0', '0', '0', '1', '0', NULL);
INSERT INTO creature_entry (`spawnID`, `entry`) VALUES ('106087', '15214');
INSERT INTO creature (`spawnID`, `map`, `spawnMask`, `modelid`, `equipment_id`, `position_x`, `position_y`, `position_z`, `orientation`, `spawntimesecs`, `spawndist`, `currentwaypoint`, `curhealth`, `curmana`, `MovementType`, `unit_flags`, `pool_id`, `patch_min`, `patch_max`) VALUES ('106087', '571', '1', NULL, '0', '3038.44', '4581.77', '3.4079', '5.68977', '300', '0', '0', '42', '0', '0', '0', '0', '5', '10');
INSERT INTO creature_addon (`spawnID`, `path_id`, `mount`, `bytes0`, `bytes1`, `bytes2`, `emote`, `auras`) VALUES ('106087', NULL, '0', '0', '0', '1', '0', NULL);
INSERT INTO creature_entry (`spawnID`, `entry`) VALUES ('106088', '15214');
INSERT INTO creature (`spawnID`, `map`, `spawnMask`, `modelid`, `equipment_id`, `position_x`, `position_y`, `position_z`, `orientation`, `spawntimesecs`, `spawndist`, `currentwaypoint`, `curhealth`, `curmana`, `MovementType`, `unit_flags`, `pool_id`, `patch_min`, `patch_max`) VALUES ('106088', '571', '1', NULL, '0', '3023.54', '4606.25', '1.75106', '1.74533', '300', '0', '0', '42', '0', '0', '0', '0', '5', '10');
INSERT INTO creature_addon (`spawnID`, `path_id`, `mount`, `bytes0`, `bytes1`, `bytes2`, `emote`, `auras`) VALUES ('106088', NULL, '0', '0', '0', '1', '0', NULL);
INSERT INTO creature_entry (`spawnID`, `entry`) VALUES ('106089', '15214');
INSERT INTO creature (`spawnID`, `map`, `spawnMask`, `modelid`, `equipment_id`, `position_x`, `position_y`, `position_z`, `orientation`, `spawntimesecs`, `spawndist`, `currentwaypoint`, `curhealth`, `curmana`, `MovementType`, `unit_flags`, `pool_id`, `patch_min`, `patch_max`) VALUES ('106089', '571', '1', NULL, '0', '2948.33', '4866.54', '12.7583', '0.994838', '300', '0', '0', '42', '0', '0', '0', '0', '5', '10');
INSERT INTO creature_addon (`spawnID`, `path_id`, `mount`, `bytes0`, `bytes1`, `bytes2`, `emote`, `auras`) VALUES ('106089', NULL, '0', '0', '0', '1', '0', NULL);
INSERT INTO creature_entry (`spawnID`, `entry`) VALUES ('106090', '15214');
INSERT INTO creature (`spawnID`, `map`, `spawnMask`, `modelid`, `equipment_id`, `position_x`, `position_y`, `position_z`, `orientation`, `spawntimesecs`, `spawndist`, `currentwaypoint`, `curhealth`, `curmana`, `MovementType`, `unit_flags`, `pool_id`, `patch_min`, `patch_max`) VALUES ('106090', '571', '1', NULL, '0', '3060.56', '4663.61', '2.25845', '2.89725', '300', '0', '0', '42', '0', '0', '0', '0', '5', '10');
INSERT INTO creature_addon (`spawnID`, `path_id`, `mount`, `bytes0`, `bytes1`, `bytes2`, `emote`, `auras`) VALUES ('106090', NULL, '0', '0', '0', '1', '0', NULL);
INSERT INTO creature_entry (`spawnID`, `entry`) VALUES ('106091', '15214');
INSERT INTO creature (`spawnID`, `map`, `spawnMask`, `modelid`, `equipment_id`, `position_x`, `position_y`, `position_z`, `orientation`, `spawntimesecs`, `spawndist`, `currentwaypoint`, `curhealth`, `curmana`, `MovementType`, `unit_flags`, `pool_id`, `patch_min`, `patch_max`) VALUES ('106091', '571', '1', NULL, '0', '2826.99', '4913.14', '3.19645', '1.85005', '300', '0', '0', '42', '0', '0', '0', '0', '5', '10');
INSERT INTO creature_addon (`spawnID`, `path_id`, `mount`, `bytes0`, `bytes1`, `bytes2`, `emote`, `auras`) VALUES ('106091', NULL, '0', '0', '0', '1', '0', NULL);
INSERT INTO creature_entry (`spawnID`, `entry`) VALUES ('106092', '15214');
INSERT INTO creature (`spawnID`, `map`, `spawnMask`, `modelid`, `equipment_id`, `position_x`, `position_y`, `position_z`, `orientation`, `spawntimesecs`, `spawndist`, `currentwaypoint`, `curhealth`, `curmana`, `MovementType`, `unit_flags`, `pool_id`, `patch_min`, `patch_max`) VALUES ('106092', '571', '1', NULL, '0', '2804.9', '4906.14', '2.30817', '0.191986', '300', '0', '0', '42', '0', '0', '0', '0', '5', '10');
INSERT INTO creature_addon (`spawnID`, `path_id`, `mount`, `bytes0`, `bytes1`, `bytes2`, `emote`, `auras`) VALUES ('106092', NULL, '0', '0', '0', '1', '0', NULL);
INSERT INTO creature_entry (`spawnID`, `entry`) VALUES ('106093', '15214');
INSERT INTO creature (`spawnID`, `map`, `spawnMask`, `modelid`, `equipment_id`, `position_x`, `position_y`, `position_z`, `orientation`, `spawntimesecs`, `spawndist`, `currentwaypoint`, `curhealth`, `curmana`, `MovementType`, `unit_flags`, `pool_id`, `patch_min`, `patch_max`) VALUES ('106093', '571', '1', NULL, '0', '2810.57', '4897.59', '2.65995', '0.418879', '300', '0', '0', '42', '0', '0', '0', '0', '5', '10');
INSERT INTO creature_addon (`spawnID`, `path_id`, `mount`, `bytes0`, `bytes1`, `bytes2`, `emote`, `auras`) VALUES ('106093', NULL, '0', '0', '0', '1', '0', NULL);
INSERT INTO creature_entry (`spawnID`, `entry`) VALUES ('106094', '15214');
INSERT INTO creature (`spawnID`, `map`, `spawnMask`, `modelid`, `equipment_id`, `position_x`, `position_y`, `position_z`, `orientation`, `spawntimesecs`, `spawndist`, `currentwaypoint`, `curhealth`, `curmana`, `MovementType`, `unit_flags`, `pool_id`, `patch_min`, `patch_max`) VALUES ('106094', '571', '1', NULL, '0', '2949.21', '4876.73', '-8.52945', '0.942478', '300', '0', '0', '42', '0', '0', '0', '0', '5', '10');
INSERT INTO creature_addon (`spawnID`, `path_id`, `mount`, `bytes0`, `bytes1`, `bytes2`, `emote`, `auras`) VALUES ('106094', NULL, '0', '0', '0', '1', '0', NULL);
INSERT INTO creature_entry (`spawnID`, `entry`) VALUES ('106095', '15214');
INSERT INTO creature (`spawnID`, `map`, `spawnMask`, `modelid`, `equipment_id`, `position_x`, `position_y`, `position_z`, `orientation`, `spawntimesecs`, `spawndist`, `currentwaypoint`, `curhealth`, `curmana`, `MovementType`, `unit_flags`, `pool_id`, `patch_min`, `patch_max`) VALUES ('106095', '571', '1', NULL, '0', '3016.38', '4597.21', '2.24844', '0.680678', '300', '0', '0', '42', '0', '0', '0', '0', '5', '10');
INSERT INTO creature_addon (`spawnID`, `path_id`, `mount`, `bytes0`, `bytes1`, `bytes2`, `emote`, `auras`) VALUES ('106095', NULL, '0', '0', '0', '1', '0', NULL);
INSERT INTO creature_entry (`spawnID`, `entry`) VALUES ('106096', '15214');
INSERT INTO creature (`spawnID`, `map`, `spawnMask`, `modelid`, `equipment_id`, `position_x`, `position_y`, `position_z`, `orientation`, `spawntimesecs`, `spawndist`, `currentwaypoint`, `curhealth`, `curmana`, `MovementType`, `unit_flags`, `pool_id`, `patch_min`, `patch_max`) VALUES ('106096', '571', '1', NULL, '0', '2814.58', '4907.92', '2.24608', '0.122173', '300', '0', '0', '42', '0', '0', '0', '0', '5', '10');
INSERT INTO creature_addon (`spawnID`, `path_id`, `mount`, `bytes0`, `bytes1`, `bytes2`, `emote`, `auras`) VALUES ('106096', NULL, '0', '0', '0', '1', '0', NULL);
INSERT INTO creature_entry (`spawnID`, `entry`) VALUES ('106097', '15214');
INSERT INTO creature (`spawnID`, `map`, `spawnMask`, `modelid`, `equipment_id`, `position_x`, `position_y`, `position_z`, `orientation`, `spawntimesecs`, `spawndist`, `currentwaypoint`, `curhealth`, `curmana`, `MovementType`, `unit_flags`, `pool_id`, `patch_min`, `patch_max`) VALUES ('106097', '571', '1', NULL, '0', '2819.72', '4897.25', '2.64219', '0.436332', '300', '0', '0', '42', '0', '0', '0', '0', '5', '10');
INSERT INTO creature_addon (`spawnID`, `path_id`, `mount`, `bytes0`, `bytes1`, `bytes2`, `emote`, `auras`) VALUES ('106097', NULL, '0', '0', '0', '1', '0', NULL);
INSERT INTO creature_entry (`spawnID`, `entry`) VALUES ('106098', '15214');
INSERT INTO creature (`spawnID`, `map`, `spawnMask`, `modelid`, `equipment_id`, `position_x`, `position_y`, `position_z`, `orientation`, `spawntimesecs`, `spawndist`, `currentwaypoint`, `curhealth`, `curmana`, `MovementType`, `unit_flags`, `pool_id`, `patch_min`, `patch_max`) VALUES ('106098', '571', '1', NULL, '0', '3014.98', '4585.75', '2.15385', '0.767945', '300', '0', '0', '42', '0', '0', '0', '0', '5', '10');
INSERT INTO creature_addon (`spawnID`, `path_id`, `mount`, `bytes0`, `bytes1`, `bytes2`, `emote`, `auras`) VALUES ('106098', NULL, '0', '0', '0', '1', '0', NULL);
INSERT INTO creature_entry (`spawnID`, `entry`) VALUES ('106099', '15214');
INSERT INTO creature (`spawnID`, `map`, `spawnMask`, `modelid`, `equipment_id`, `position_x`, `position_y`, `position_z`, `orientation`, `spawntimesecs`, `spawndist`, `currentwaypoint`, `curhealth`, `curmana`, `MovementType`, `unit_flags`, `pool_id`, `patch_min`, `patch_max`) VALUES ('106099', '571', '1', NULL, '0', '2939.21', '4883.59', '2.58265', '0.645772', '300', '0', '0', '42', '0', '0', '0', '0', '5', '10');
INSERT INTO creature_addon (`spawnID`, `path_id`, `mount`, `bytes0`, `bytes1`, `bytes2`, `emote`, `auras`) VALUES ('106099', NULL, '0', '0', '0', '1', '0', NULL);
INSERT INTO creature_entry (`spawnID`, `entry`) VALUES ('106181', '15214');
INSERT INTO creature (`spawnID`, `map`, `spawnMask`, `modelid`, `equipment_id`, `position_x`, `position_y`, `position_z`, `orientation`, `spawntimesecs`, `spawndist`, `currentwaypoint`, `curhealth`, `curmana`, `MovementType`, `unit_flags`, `pool_id`, `patch_min`, `patch_max`) VALUES ('106181', '571', '1', NULL, '0', '8243.5', '-1251.78', '980.643', '4.39823', '300', '0', '0', '42', '0', '0', '0', '0', '5', '10');
INSERT INTO creature_addon (`spawnID`, `path_id`, `mount`, `bytes0`, `bytes1`, `bytes2`, `emote`, `auras`) VALUES ('106181', NULL, '0', '0', '0', '1', '0', NULL);
INSERT INTO creature_entry (`spawnID`, `entry`) VALUES ('106182', '15214');
INSERT INTO creature (`spawnID`, `map`, `spawnMask`, `modelid`, `equipment_id`, `position_x`, `position_y`, `position_z`, `orientation`, `spawntimesecs`, `spawndist`, `currentwaypoint`, `curhealth`, `curmana`, `MovementType`, `unit_flags`, `pool_id`, `patch_min`, `patch_max`) VALUES ('106182', '571', '1', NULL, '0', '8254.2', '-1264.81', '980.64', '4.29351', '300', '0', '0', '42', '0', '0', '0', '0', '5', '10');
INSERT INTO creature_addon (`spawnID`, `path_id`, `mount`, `bytes0`, `bytes1`, `bytes2`, `emote`, `auras`) VALUES ('106182', NULL, '0', '0', '0', '1', '0', NULL);
INSERT INTO creature_entry (`spawnID`, `entry`) VALUES ('106183', '15214');
INSERT INTO creature (`spawnID`, `map`, `spawnMask`, `modelid`, `equipment_id`, `position_x`, `position_y`, `position_z`, `orientation`, `spawntimesecs`, `spawndist`, `currentwaypoint`, `curhealth`, `curmana`, `MovementType`, `unit_flags`, `pool_id`, `patch_min`, `patch_max`) VALUES ('106183', '571', '1', NULL, '0', '8445.33', '-1491.51', '982.466', '1.93731', '300', '0', '0', '42', '0', '0', '0', '0', '5', '10');
INSERT INTO creature_addon (`spawnID`, `path_id`, `mount`, `bytes0`, `bytes1`, `bytes2`, `emote`, `auras`) VALUES ('106183', NULL, '0', '0', '0', '1', '0', NULL);
INSERT INTO creature_entry (`spawnID`, `entry`) VALUES ('106184', '15214');
INSERT INTO creature (`spawnID`, `map`, `spawnMask`, `modelid`, `equipment_id`, `position_x`, `position_y`, `position_z`, `orientation`, `spawntimesecs`, `spawndist`, `currentwaypoint`, `curhealth`, `curmana`, `MovementType`, `unit_flags`, `pool_id`, `patch_min`, `patch_max`) VALUES ('106184', '571', '1', NULL, '0', '8368.52', '-1389.27', '980.642', '2.42601', '300', '0', '0', '42', '0', '0', '0', '0', '5', '10');
INSERT INTO creature_addon (`spawnID`, `path_id`, `mount`, `bytes0`, `bytes1`, `bytes2`, `emote`, `auras`) VALUES ('106184', NULL, '0', '0', '0', '1', '0', NULL);
INSERT INTO creature_entry (`spawnID`, `entry`) VALUES ('106185', '15214');
INSERT INTO creature (`spawnID`, `map`, `spawnMask`, `modelid`, `equipment_id`, `position_x`, `position_y`, `position_z`, `orientation`, `spawntimesecs`, `spawndist`, `currentwaypoint`, `curhealth`, `curmana`, `MovementType`, `unit_flags`, `pool_id`, `patch_min`, `patch_max`) VALUES ('106185', '571', '1', NULL, '0', '8465.93', '-1507.97', '980.809', '2.82743', '300', '0', '0', '42', '0', '0', '0', '0', '5', '10');
INSERT INTO creature_addon (`spawnID`, `path_id`, `mount`, `bytes0`, `bytes1`, `bytes2`, `emote`, `auras`) VALUES ('106185', NULL, '0', '0', '0', '1', '0', NULL);
INSERT INTO creature_entry (`spawnID`, `entry`) VALUES ('125608', '15214');
INSERT INTO creature (`spawnID`, `map`, `spawnMask`, `modelid`, `equipment_id`, `position_x`, `position_y`, `position_z`, `orientation`, `spawntimesecs`, `spawndist`, `currentwaypoint`, `curhealth`, `curmana`, `MovementType`, `unit_flags`, `pool_id`, `patch_min`, `patch_max`) VALUES ('125608', '571', '1', NULL, '0', '5824.51', '-2955.57', '296.551', '0.994838', '120', '0', '0', '1', '0', '0', '0', '0', '5', '10');
INSERT INTO creature_entry (`spawnID`, `entry`) VALUES ('125607', '15214');
INSERT INTO creature (`spawnID`, `map`, `spawnMask`, `modelid`, `equipment_id`, `position_x`, `position_y`, `position_z`, `orientation`, `spawntimesecs`, `spawndist`, `currentwaypoint`, `curhealth`, `curmana`, `MovementType`, `unit_flags`, `pool_id`, `patch_min`, `patch_max`) VALUES ('125607', '571', '1', NULL, '0', '5796.06', '-3015.99', '286.615', '4.97419', '120', '0', '0', '1', '0', '0', '0', '0', '5', '10');
INSERT INTO creature_entry (`spawnID`, `entry`) VALUES ('125606', '15214');
INSERT INTO creature (`spawnID`, `map`, `spawnMask`, `modelid`, `equipment_id`, `position_x`, `position_y`, `position_z`, `orientation`, `spawntimesecs`, `spawndist`, `currentwaypoint`, `curhealth`, `curmana`, `MovementType`, `unit_flags`, `pool_id`, `patch_min`, `patch_max`) VALUES ('125606', '571', '1', NULL, '0', '5816.96', '-2972.93', '290.276', '3.33358', '120', '0', '0', '1', '0', '0', '0', '0', '5', '10');
INSERT INTO creature_entry (`spawnID`, `entry`) VALUES ('125605', '15214');
INSERT INTO creature (`spawnID`, `map`, `spawnMask`, `modelid`, `equipment_id`, `position_x`, `position_y`, `position_z`, `orientation`, `spawntimesecs`, `spawndist`, `currentwaypoint`, `curhealth`, `curmana`, `MovementType`, `unit_flags`, `pool_id`, `patch_min`, `patch_max`) VALUES ('125605', '571', '1', NULL, '0', '5791.74', '-3015.99', '286.571', '1.6057', '120', '0', '0', '1', '0', '0', '0', '0', '5', '10');
INSERT INTO creature_entry (`spawnID`, `entry`) VALUES ('125604', '15214');
INSERT INTO creature (`spawnID`, `map`, `spawnMask`, `modelid`, `equipment_id`, `position_x`, `position_y`, `position_z`, `orientation`, `spawntimesecs`, `spawndist`, `currentwaypoint`, `curhealth`, `curmana`, `MovementType`, `unit_flags`, `pool_id`, `patch_min`, `patch_max`) VALUES ('125604', '571', '1', NULL, '0', '5740.55', '-3009.18', '290.276', '0.296706', '120', '0', '0', '1', '0', '0', '0', '0', '5', '10');
INSERT INTO creature_entry (`spawnID`, `entry`) VALUES ('125603', '15214');
INSERT INTO creature (`spawnID`, `map`, `spawnMask`, `modelid`, `equipment_id`, `position_x`, `position_y`, `position_z`, `orientation`, `spawntimesecs`, `spawndist`, `currentwaypoint`, `curhealth`, `curmana`, `MovementType`, `unit_flags`, `pool_id`, `patch_min`, `patch_max`) VALUES ('125603', '571', '1', NULL, '0', '5743.46', '-3012.19', '290.767', '2.56563', '120', '0', '0', '1', '0', '0', '0', '0', '5', '10');
INSERT INTO creature_entry (`spawnID`, `entry`) VALUES ('125602', '15214');
INSERT INTO creature (`spawnID`, `map`, `spawnMask`, `modelid`, `equipment_id`, `position_x`, `position_y`, `position_z`, `orientation`, `spawntimesecs`, `spawndist`, `currentwaypoint`, `curhealth`, `curmana`, `MovementType`, `unit_flags`, `pool_id`, `patch_min`, `patch_max`) VALUES ('125602', '571', '1', NULL, '0', '5818.87', '-2976.99', '290.276', '2.49582', '120', '0', '0', '1', '0', '0', '0', '0', '5', '10');
INSERT INTO creature_entry (`spawnID`, `entry`) VALUES ('125601', '15214');
INSERT INTO creature (`spawnID`, `map`, `spawnMask`, `modelid`, `equipment_id`, `position_x`, `position_y`, `position_z`, `orientation`, `spawntimesecs`, `spawndist`, `currentwaypoint`, `curhealth`, `curmana`, `MovementType`, `unit_flags`, `pool_id`, `patch_min`, `patch_max`) VALUES ('125601', '571', '1', NULL, '0', '5729.15', '-3015.37', '296.551', '4.60767', '120', '0', '0', '1', '0', '0', '0', '0', '5', '10');
INSERT INTO creature_entry (`spawnID`, `entry`) VALUES ('120733', '15214');
INSERT INTO creature (`spawnID`, `map`, `spawnMask`, `modelid`, `equipment_id`, `position_x`, `position_y`, `position_z`, `orientation`, `spawntimesecs`, `spawndist`, `currentwaypoint`, `curhealth`, `curmana`, `MovementType`, `unit_flags`, `pool_id`, `patch_min`, `patch_max`) VALUES ('120733', '0', '1', NULL, '0', '-8304.43', '1220.38', '5.69576', '1.69297', '180', '0', '0', '42', '0', '0', '0', '0', '0', '10');
INSERT INTO creature_addon (`spawnID`, `path_id`, `mount`, `bytes0`, `bytes1`, `bytes2`, `emote`, `auras`) VALUES ('120733', NULL, '0', '0', '0', '1', '0', NULL);
INSERT INTO creature_entry (`spawnID`, `entry`) VALUES ('120734', '15214');
INSERT INTO creature (`spawnID`, `map`, `spawnMask`, `modelid`, `equipment_id`, `position_x`, `position_y`, `position_z`, `orientation`, `spawntimesecs`, `spawndist`, `currentwaypoint`, `curhealth`, `curmana`, `MovementType`, `unit_flags`, `pool_id`, `patch_min`, `patch_max`) VALUES ('120734', '0', '1', NULL, '0', '-8381.13', '1315.49', '5.43625', '0.558505', '180', '0', '0', '42', '0', '0', '0', '0', '0', '10');
INSERT INTO creature_addon (`spawnID`, `path_id`, `mount`, `bytes0`, `bytes1`, `bytes2`, `emote`, `auras`) VALUES ('120734', NULL, '0', '0', '0', '1', '0', NULL);
INSERT INTO creature_entry (`spawnID`, `entry`) VALUES ('120735', '15214');
INSERT INTO creature (`spawnID`, `map`, `spawnMask`, `modelid`, `equipment_id`, `position_x`, `position_y`, `position_z`, `orientation`, `spawntimesecs`, `spawndist`, `currentwaypoint`, `curhealth`, `curmana`, `MovementType`, `unit_flags`, `pool_id`, `patch_min`, `patch_max`) VALUES ('120735', '0', '1', NULL, '0', '-8323.81', '1058.91', '57.3455', '1.72788', '180', '0', '0', '42', '0', '0', '0', '0', '0', '10');
INSERT INTO creature_addon (`spawnID`, `path_id`, `mount`, `bytes0`, `bytes1`, `bytes2`, `emote`, `auras`) VALUES ('120735', NULL, '0', '0', '0', '1', '0', NULL);
INSERT INTO creature_entry (`spawnID`, `entry`) VALUES ('120736', '15214');
INSERT INTO creature (`spawnID`, `map`, `spawnMask`, `modelid`, `equipment_id`, `position_x`, `position_y`, `position_z`, `orientation`, `spawntimesecs`, `spawndist`, `currentwaypoint`, `curhealth`, `curmana`, `MovementType`, `unit_flags`, `pool_id`, `patch_min`, `patch_max`) VALUES ('120736', '0', '1', NULL, '0', '-8310.6', '1078.71', '57.3455', '5.06145', '180', '0', '0', '42', '0', '0', '0', '0', '0', '10');
INSERT INTO creature_addon (`spawnID`, `path_id`, `mount`, `bytes0`, `bytes1`, `bytes2`, `emote`, `auras`) VALUES ('120736', NULL, '0', '0', '0', '1', '0', NULL);
INSERT INTO creature_entry (`spawnID`, `entry`) VALUES ('120737', '15214');
INSERT INTO creature (`spawnID`, `map`, `spawnMask`, `modelid`, `equipment_id`, `position_x`, `position_y`, `position_z`, `orientation`, `spawntimesecs`, `spawndist`, `currentwaypoint`, `curhealth`, `curmana`, `MovementType`, `unit_flags`, `pool_id`, `patch_min`, `patch_max`) VALUES ('120737', '0', '1', NULL, '0', '-8451.51', '992.064', '96.8943', '4.97419', '180', '0', '0', '42', '0', '0', '0', '0', '0', '10');
INSERT INTO creature_addon (`spawnID`, `path_id`, `mount`, `bytes0`, `bytes1`, `bytes2`, `emote`, `auras`) VALUES ('120737', NULL, '0', '0', '0', '1', '0', NULL);
INSERT INTO creature_entry (`spawnID`, `entry`) VALUES ('120738', '15214');
INSERT INTO creature (`spawnID`, `map`, `spawnMask`, `modelid`, `equipment_id`, `position_x`, `position_y`, `position_z`, `orientation`, `spawntimesecs`, `spawndist`, `currentwaypoint`, `curhealth`, `curmana`, `MovementType`, `unit_flags`, `pool_id`, `patch_min`, `patch_max`) VALUES ('120738', '0', '1', NULL, '0', '-8624.02', '933.816', '127.996', '1.81514', '180', '0', '0', '42', '0', '0', '0', '0', '0', '10');
INSERT INTO creature_addon (`spawnID`, `path_id`, `mount`, `bytes0`, `bytes1`, `bytes2`, `emote`, `auras`) VALUES ('120738', NULL, '0', '0', '0', '1', '0', NULL);
INSERT INTO creature_entry (`spawnID`, `entry`) VALUES ('120739', '15214');
INSERT INTO creature (`spawnID`, `map`, `spawnMask`, `modelid`, `equipment_id`, `position_x`, `position_y`, `position_z`, `orientation`, `spawntimesecs`, `spawndist`, `currentwaypoint`, `curhealth`, `curmana`, `MovementType`, `unit_flags`, `pool_id`, `patch_min`, `patch_max`) VALUES ('120739', '0', '1', NULL, '0', '-8449.77', '1056.67', '19.5612', '5.58505', '180', '0', '0', '42', '0', '0', '0', '0', '0', '10');
INSERT INTO creature_addon (`spawnID`, `path_id`, `mount`, `bytes0`, `bytes1`, `bytes2`, `emote`, `auras`) VALUES ('120739', NULL, '0', '0', '0', '1', '0', NULL);
INSERT INTO creature_entry (`spawnID`, `entry`) VALUES ('120740', '15214');
INSERT INTO creature (`spawnID`, `map`, `spawnMask`, `modelid`, `equipment_id`, `position_x`, `position_y`, `position_z`, `orientation`, `spawntimesecs`, `spawndist`, `currentwaypoint`, `curhealth`, `curmana`, `MovementType`, `unit_flags`, `pool_id`, `patch_min`, `patch_max`) VALUES ('120740', '0', '1', NULL, '0', '-8323.1', '1184.45', '6.36315', '0', '180', '0', '0', '42', '0', '0', '0', '0', '0', '10');
INSERT INTO creature_addon (`spawnID`, `path_id`, `mount`, `bytes0`, `bytes1`, `bytes2`, `emote`, `auras`) VALUES ('120740', NULL, '0', '0', '0', '1', '0', NULL);
INSERT INTO creature_entry (`spawnID`, `entry`) VALUES ('120741', '15214');
INSERT INTO creature (`spawnID`, `map`, `spawnMask`, `modelid`, `equipment_id`, `position_x`, `position_y`, `position_z`, `orientation`, `spawntimesecs`, `spawndist`, `currentwaypoint`, `curhealth`, `curmana`, `MovementType`, `unit_flags`, `pool_id`, `patch_min`, `patch_max`) VALUES ('120741', '0', '1', NULL, '0', '-8584.38', '1080.1', '40.8409', '0.401426', '180', '0', '0', '42', '0', '0', '0', '0', '0', '10');
INSERT INTO creature_addon (`spawnID`, `path_id`, `mount`, `bytes0`, `bytes1`, `bytes2`, `emote`, `auras`) VALUES ('120741', NULL, '0', '0', '0', '1', '0', NULL);
INSERT INTO creature_entry (`spawnID`, `entry`) VALUES ('120742', '15214');
INSERT INTO creature (`spawnID`, `map`, `spawnMask`, `modelid`, `equipment_id`, `position_x`, `position_y`, `position_z`, `orientation`, `spawntimesecs`, `spawndist`, `currentwaypoint`, `curhealth`, `curmana`, `MovementType`, `unit_flags`, `pool_id`, `patch_min`, `patch_max`) VALUES ('120742', '0', '1', NULL, '0', '-8562.71', '974.264', '97.1631', '3.64774', '180', '0', '0', '42', '0', '0', '0', '0', '0', '10');
INSERT INTO creature_addon (`spawnID`, `path_id`, `mount`, `bytes0`, `bytes1`, `bytes2`, `emote`, `auras`) VALUES ('120742', NULL, '0', '0', '0', '1', '0', NULL);
INSERT INTO creature_entry (`spawnID`, `entry`) VALUES ('120743', '15214');
INSERT INTO creature (`spawnID`, `map`, `spawnMask`, `modelid`, `equipment_id`, `position_x`, `position_y`, `position_z`, `orientation`, `spawntimesecs`, `spawndist`, `currentwaypoint`, `curhealth`, `curmana`, `MovementType`, `unit_flags`, `pool_id`, `patch_min`, `patch_max`) VALUES ('120743', '0', '1', NULL, '0', '-8305.86', '1349.39', '6.20248', '4.01426', '180', '0', '0', '42', '0', '0', '0', '0', '0', '10');
INSERT INTO creature_addon (`spawnID`, `path_id`, `mount`, `bytes0`, `bytes1`, `bytes2`, `emote`, `auras`) VALUES ('120743', NULL, '0', '0', '0', '1', '0', NULL);
INSERT INTO creature_entry (`spawnID`, `entry`) VALUES ('120744', '15214');
INSERT INTO creature (`spawnID`, `map`, `spawnMask`, `modelid`, `equipment_id`, `position_x`, `position_y`, `position_z`, `orientation`, `spawntimesecs`, `spawndist`, `currentwaypoint`, `curhealth`, `curmana`, `MovementType`, `unit_flags`, `pool_id`, `patch_min`, `patch_max`) VALUES ('120744', '0', '1', NULL, '0', '-8640.16', '954.362', '128.143', '0.191986', '180', '0', '0', '42', '0', '0', '0', '0', '0', '10');
INSERT INTO creature_addon (`spawnID`, `path_id`, `mount`, `bytes0`, `bytes1`, `bytes2`, `emote`, `auras`) VALUES ('120744', NULL, '0', '0', '0', '1', '0', NULL);
INSERT INTO creature_entry (`spawnID`, `entry`) VALUES ('120745', '15214');
INSERT INTO creature (`spawnID`, `map`, `spawnMask`, `modelid`, `equipment_id`, `position_x`, `position_y`, `position_z`, `orientation`, `spawntimesecs`, `spawndist`, `currentwaypoint`, `curhealth`, `curmana`, `MovementType`, `unit_flags`, `pool_id`, `patch_min`, `patch_max`) VALUES ('120745', '0', '1', NULL, '0', '-8436.08', '979.877', '97.011', '1.16937', '180', '0', '0', '42', '0', '0', '0', '0', '0', '10');
INSERT INTO creature_addon (`spawnID`, `path_id`, `mount`, `bytes0`, `bytes1`, `bytes2`, `emote`, `auras`) VALUES ('120745', NULL, '0', '0', '0', '1', '0', NULL);
INSERT INTO creature_entry (`spawnID`, `entry`) VALUES ('120746', '15214');
INSERT INTO creature (`spawnID`, `map`, `spawnMask`, `modelid`, `equipment_id`, `position_x`, `position_y`, `position_z`, `orientation`, `spawntimesecs`, `spawndist`, `currentwaypoint`, `curhealth`, `curmana`, `MovementType`, `unit_flags`, `pool_id`, `patch_min`, `patch_max`) VALUES ('120746', '0', '1', NULL, '0', '-8448.76', '1081.41', '19.1352', '5.41052', '180', '0', '0', '42', '0', '0', '0', '0', '0', '10');
INSERT INTO creature_addon (`spawnID`, `path_id`, `mount`, `bytes0`, `bytes1`, `bytes2`, `emote`, `auras`) VALUES ('120746', NULL, '0', '0', '0', '1', '0', NULL);
INSERT INTO creature_entry (`spawnID`, `entry`) VALUES ('120747', '15214');
INSERT INTO creature (`spawnID`, `map`, `spawnMask`, `modelid`, `equipment_id`, `position_x`, `position_y`, `position_z`, `orientation`, `spawntimesecs`, `spawndist`, `currentwaypoint`, `curhealth`, `curmana`, `MovementType`, `unit_flags`, `pool_id`, `patch_min`, `patch_max`) VALUES ('120747', '0', '1', NULL, '0', '-8586.65', '1002.6', '97.0282', '2.68781', '180', '0', '0', '42', '0', '0', '0', '0', '0', '10');
INSERT INTO creature_addon (`spawnID`, `path_id`, `mount`, `bytes0`, `bytes1`, `bytes2`, `emote`, `auras`) VALUES ('120747', NULL, '0', '0', '0', '1', '0', NULL);
INSERT INTO creature_entry (`spawnID`, `entry`) VALUES ('120748', '15214');
INSERT INTO creature (`spawnID`, `map`, `spawnMask`, `modelid`, `equipment_id`, `position_x`, `position_y`, `position_z`, `orientation`, `spawntimesecs`, `spawndist`, `currentwaypoint`, `curhealth`, `curmana`, `MovementType`, `unit_flags`, `pool_id`, `patch_min`, `patch_max`) VALUES ('120748', '0', '1', NULL, '0', '-8594.81', '1063.5', '41.6544', '2.9147', '180', '0', '0', '42', '0', '0', '0', '0', '0', '10');
INSERT INTO creature_addon (`spawnID`, `path_id`, `mount`, `bytes0`, `bytes1`, `bytes2`, `emote`, `auras`) VALUES ('120748', NULL, '0', '0', '0', '1', '0', NULL);
INSERT INTO creature_entry (`spawnID`, `entry`) VALUES ('126866', '15214');
INSERT INTO creature (`spawnID`, `map`, `spawnMask`, `modelid`, `equipment_id`, `position_x`, `position_y`, `position_z`, `orientation`, `spawntimesecs`, `spawndist`, `currentwaypoint`, `curhealth`, `curmana`, `MovementType`, `unit_flags`, `pool_id`, `patch_min`, `patch_max`) VALUES ('126866', '602', '3', NULL, '0', '1234.78', '-162.17', '52.8146', '3.40339', '3600', '0', '0', '42', '0', '0', '0', '0', '5', '10');
INSERT INTO creature_addon (`spawnID`, `path_id`, `mount`, `bytes0`, `bytes1`, `bytes2`, `emote`, `auras`) VALUES ('126866', NULL, '0', '0', '0', '1', '0', NULL);
INSERT INTO creature_entry (`spawnID`, `entry`) VALUES ('131385', '15214');
INSERT INTO creature (`spawnID`, `map`, `spawnMask`, `modelid`, `equipment_id`, `position_x`, `position_y`, `position_z`, `orientation`, `spawntimesecs`, `spawndist`, `currentwaypoint`, `curhealth`, `curmana`, `MovementType`, `unit_flags`, `pool_id`, `patch_min`, `patch_max`) VALUES ('131385', '571', '1', NULL, '0', '4893.34', '2769.74', '557.021', '4.90438', '180', '0', '0', '42', '0', '0', '0', '0', '5', '10');
INSERT INTO creature_addon (`spawnID`, `path_id`, `mount`, `bytes0`, `bytes1`, `bytes2`, `emote`, `auras`) VALUES ('131385', NULL, '0', '0', '0', '1', '0', NULL);
INSERT INTO creature_entry (`spawnID`, `entry`) VALUES ('131386', '15214');
INSERT INTO creature (`spawnID`, `map`, `spawnMask`, `modelid`, `equipment_id`, `position_x`, `position_y`, `position_z`, `orientation`, `spawntimesecs`, `spawndist`, `currentwaypoint`, `curhealth`, `curmana`, `MovementType`, `unit_flags`, `pool_id`, `patch_min`, `patch_max`) VALUES ('131386', '571', '1', NULL, '0', '4306.3', '3138.64', '469.401', '0.942478', '180', '0', '0', '42', '0', '0', '0', '0', '5', '10');
INSERT INTO creature_addon (`spawnID`, `path_id`, `mount`, `bytes0`, `bytes1`, `bytes2`, `emote`, `auras`) VALUES ('131386', NULL, '0', '0', '0', '1', '0', NULL);
INSERT INTO creature_entry (`spawnID`, `entry`) VALUES ('131387', '15214');
INSERT INTO creature (`spawnID`, `map`, `spawnMask`, `modelid`, `equipment_id`, `position_x`, `position_y`, `position_z`, `orientation`, `spawntimesecs`, `spawndist`, `currentwaypoint`, `curhealth`, `curmana`, `MovementType`, `unit_flags`, `pool_id`, `patch_min`, `patch_max`) VALUES ('131387', '571', '1', NULL, '0', '4948.99', '2937.79', '550.517', '1.81514', '180', '0', '0', '42', '0', '0', '0', '0', '5', '10');
INSERT INTO creature_addon (`spawnID`, `path_id`, `mount`, `bytes0`, `bytes1`, `bytes2`, `emote`, `auras`) VALUES ('131387', NULL, '0', '0', '0', '1', '0', NULL);
INSERT INTO creature_entry (`spawnID`, `entry`) VALUES ('131388', '15214');
INSERT INTO creature (`spawnID`, `map`, `spawnMask`, `modelid`, `equipment_id`, `position_x`, `position_y`, `position_z`, `orientation`, `spawntimesecs`, `spawndist`, `currentwaypoint`, `curhealth`, `curmana`, `MovementType`, `unit_flags`, `pool_id`, `patch_min`, `patch_max`) VALUES ('131388', '571', '1', NULL, '0', '4827.75', '2523.19', '360.309', '2.04204', '180', '0', '0', '42', '0', '0', '0', '0', '5', '10');
INSERT INTO creature_addon (`spawnID`, `path_id`, `mount`, `bytes0`, `bytes1`, `bytes2`, `emote`, `auras`) VALUES ('131388', NULL, '0', '0', '0', '1', '0', NULL);
INSERT INTO creature_entry (`spawnID`, `entry`) VALUES ('131389', '15214');
INSERT INTO creature (`spawnID`, `map`, `spawnMask`, `modelid`, `equipment_id`, `position_x`, `position_y`, `position_z`, `orientation`, `spawntimesecs`, `spawndist`, `currentwaypoint`, `curhealth`, `curmana`, `MovementType`, `unit_flags`, `pool_id`, `patch_min`, `patch_max`) VALUES ('131389', '571', '1', NULL, '0', '5003.95', '3390.82', '373.363', '4.13643', '180', '0', '0', '42', '0', '0', '0', '0', '5', '10');
INSERT INTO creature_addon (`spawnID`, `path_id`, `mount`, `bytes0`, `bytes1`, `bytes2`, `emote`, `auras`) VALUES ('131389', NULL, '0', '0', '0', '1', '0', NULL);
INSERT INTO creature_entry (`spawnID`, `entry`) VALUES ('133308', '15214');
INSERT INTO creature (`spawnID`, `map`, `spawnMask`, `modelid`, `equipment_id`, `position_x`, `position_y`, `position_z`, `orientation`, `spawntimesecs`, `spawndist`, `currentwaypoint`, `curhealth`, `curmana`, `MovementType`, `unit_flags`, `pool_id`, `patch_min`, `patch_max`) VALUES ('133308', '571', '1', NULL, '0', '4827.6', '1414.46', '193.826', '5.0311', '180', '0', '0', '42', '0', '0', '0', '0', '5', '10');
INSERT INTO creature_addon (`spawnID`, `path_id`, `mount`, `bytes0`, `bytes1`, `bytes2`, `emote`, `auras`) VALUES ('133308', NULL, '0', '0', '0', '1', '0', NULL);
INSERT INTO creature_entry (`spawnID`, `entry`) VALUES ('133309', '15214');
INSERT INTO creature (`spawnID`, `map`, `spawnMask`, `modelid`, `equipment_id`, `position_x`, `position_y`, `position_z`, `orientation`, `spawntimesecs`, `spawndist`, `currentwaypoint`, `curhealth`, `curmana`, `MovementType`, `unit_flags`, `pool_id`, `patch_min`, `patch_max`) VALUES ('133309', '571', '1', NULL, '0', '4673.96', '1451.04', '170.746', '6.1879', '180', '0', '0', '42', '0', '0', '0', '0', '5', '10');
INSERT INTO creature_addon (`spawnID`, `path_id`, `mount`, `bytes0`, `bytes1`, `bytes2`, `emote`, `auras`) VALUES ('133309', NULL, '0', '0', '0', '1', '0', NULL);
INSERT INTO creature_entry (`spawnID`, `entry`) VALUES ('133310', '15214');
INSERT INTO creature (`spawnID`, `map`, `spawnMask`, `modelid`, `equipment_id`, `position_x`, `position_y`, `position_z`, `orientation`, `spawntimesecs`, `spawndist`, `currentwaypoint`, `curhealth`, `curmana`, `MovementType`, `unit_flags`, `pool_id`, `patch_min`, `patch_max`) VALUES ('133310', '571', '1', NULL, '0', '4884.12', '1387', '200.8', '6.2068', '180', '0', '0', '42', '0', '0', '0', '0', '5', '10');
INSERT INTO creature_addon (`spawnID`, `path_id`, `mount`, `bytes0`, `bytes1`, `bytes2`, `emote`, `auras`) VALUES ('133310', NULL, '0', '0', '0', '1', '0', '49099');
INSERT INTO creature_entry (`spawnID`, `entry`) VALUES ('133311', '15214');
INSERT INTO creature (`spawnID`, `map`, `spawnMask`, `modelid`, `equipment_id`, `position_x`, `position_y`, `position_z`, `orientation`, `spawntimesecs`, `spawndist`, `currentwaypoint`, `curhealth`, `curmana`, `MovementType`, `unit_flags`, `pool_id`, `patch_min`, `patch_max`) VALUES ('133311', '571', '1', NULL, '0', '4877.25', '1458.62', '209.601', '1.2607', '180', '0', '0', '42', '0', '0', '0', '0', '5', '10');
INSERT INTO creature_addon (`spawnID`, `path_id`, `mount`, `bytes0`, `bytes1`, `bytes2`, `emote`, `auras`) VALUES ('133311', NULL, '0', '0', '0', '1', '0', NULL);
INSERT INTO creature_entry (`spawnID`, `entry`) VALUES ('133312', '15214');
INSERT INTO creature (`spawnID`, `map`, `spawnMask`, `modelid`, `equipment_id`, `position_x`, `position_y`, `position_z`, `orientation`, `spawntimesecs`, `spawndist`, `currentwaypoint`, `curhealth`, `curmana`, `MovementType`, `unit_flags`, `pool_id`, `patch_min`, `patch_max`) VALUES ('133312', '571', '1', NULL, '0', '4809.42', '1297.84', '173.198', '1.12173', '180', '0', '0', '42', '0', '0', '0', '0', '5', '10');
INSERT INTO creature_addon (`spawnID`, `path_id`, `mount`, `bytes0`, `bytes1`, `bytes2`, `emote`, `auras`) VALUES ('133312', NULL, '0', '0', '0', '1', '0', NULL);
INSERT INTO creature_entry (`spawnID`, `entry`) VALUES ('133313', '15214');
INSERT INTO creature (`spawnID`, `map`, `spawnMask`, `modelid`, `equipment_id`, `position_x`, `position_y`, `position_z`, `orientation`, `spawntimesecs`, `spawndist`, `currentwaypoint`, `curhealth`, `curmana`, `MovementType`, `unit_flags`, `pool_id`, `patch_min`, `patch_max`) VALUES ('133313', '571', '1', NULL, '0', '4790.43', '1509.2', '199.451', '0.493639', '180', '0', '0', '42', '0', '0', '0', '0', '5', '10');
INSERT INTO creature_addon (`spawnID`, `path_id`, `mount`, `bytes0`, `bytes1`, `bytes2`, `emote`, `auras`) VALUES ('133313', NULL, '0', '0', '0', '1', '0', '49099');
INSERT INTO creature_entry (`spawnID`, `entry`) VALUES ('133314', '15214');
INSERT INTO creature (`spawnID`, `map`, `spawnMask`, `modelid`, `equipment_id`, `position_x`, `position_y`, `position_z`, `orientation`, `spawntimesecs`, `spawndist`, `currentwaypoint`, `curhealth`, `curmana`, `MovementType`, `unit_flags`, `pool_id`, `patch_min`, `patch_max`) VALUES ('133314', '571', '1', NULL, '0', '4718.25', '1347.84', '165.885', '2.47264', '180', '0', '0', '42', '0', '0', '0', '0', '5', '10');
INSERT INTO creature_addon (`spawnID`, `path_id`, `mount`, `bytes0`, `bytes1`, `bytes2`, `emote`, `auras`) VALUES ('133314', NULL, '0', '0', '0', '1', '0', NULL);
INSERT INTO creature_entry (`spawnID`, `entry`) VALUES ('133318', '15214');
INSERT INTO creature (`spawnID`, `map`, `spawnMask`, `modelid`, `equipment_id`, `position_x`, `position_y`, `position_z`, `orientation`, `spawntimesecs`, `spawndist`, `currentwaypoint`, `curhealth`, `curmana`, `MovementType`, `unit_flags`, `pool_id`, `patch_min`, `patch_max`) VALUES ('133318', '571', '1', NULL, '0', '4840.56', '1496.25', '209.576', '3.84351', '180', '0', '0', '42', '0', '0', '0', '0', '5', '10');
INSERT INTO creature_addon (`spawnID`, `path_id`, `mount`, `bytes0`, `bytes1`, `bytes2`, `emote`, `auras`) VALUES ('133318', NULL, '0', '0', '0', '1', '0', NULL);
INSERT INTO creature_entry (`spawnID`, `entry`) VALUES ('133319', '15214');
INSERT INTO creature (`spawnID`, `map`, `spawnMask`, `modelid`, `equipment_id`, `position_x`, `position_y`, `position_z`, `orientation`, `spawntimesecs`, `spawndist`, `currentwaypoint`, `curhealth`, `curmana`, `MovementType`, `unit_flags`, `pool_id`, `patch_min`, `patch_max`) VALUES ('133319', '571', '1', NULL, '0', '4714.02', '1445.62', '175.43', '0.723409', '180', '0', '0', '42', '0', '0', '0', '0', '5', '10');
INSERT INTO creature_addon (`spawnID`, `path_id`, `mount`, `bytes0`, `bytes1`, `bytes2`, `emote`, `auras`) VALUES ('133319', NULL, '0', '0', '0', '1', '0', NULL);
INSERT INTO creature_entry (`spawnID`, `entry`) VALUES ('133321', '15214');
INSERT INTO creature (`spawnID`, `map`, `spawnMask`, `modelid`, `equipment_id`, `position_x`, `position_y`, `position_z`, `orientation`, `spawntimesecs`, `spawndist`, `currentwaypoint`, `curhealth`, `curmana`, `MovementType`, `unit_flags`, `pool_id`, `patch_min`, `patch_max`) VALUES ('133321', '571', '1', NULL, '0', '4861.42', '1554.49', '223.642', '5.77817', '180', '0', '0', '42', '0', '0', '0', '0', '5', '10');
INSERT INTO creature_addon (`spawnID`, `path_id`, `mount`, `bytes0`, `bytes1`, `bytes2`, `emote`, `auras`) VALUES ('133321', NULL, '0', '0', '0', '1', '0', '49099');
INSERT INTO creature_entry (`spawnID`, `entry`) VALUES ('133322', '15214');
INSERT INTO creature (`spawnID`, `map`, `spawnMask`, `modelid`, `equipment_id`, `position_x`, `position_y`, `position_z`, `orientation`, `spawntimesecs`, `spawndist`, `currentwaypoint`, `curhealth`, `curmana`, `MovementType`, `unit_flags`, `pool_id`, `patch_min`, `patch_max`) VALUES ('133322', '571', '1', NULL, '0', '4800.61', '1433.65', '193.451', '5.00019', '180', '0', '0', '42', '0', '0', '0', '0', '5', '10');
INSERT INTO creature_addon (`spawnID`, `path_id`, `mount`, `bytes0`, `bytes1`, `bytes2`, `emote`, `auras`) VALUES ('133322', NULL, '0', '0', '0', '1', '0', NULL);
INSERT INTO creature_entry (`spawnID`, `entry`) VALUES ('133323', '15214');
INSERT INTO creature (`spawnID`, `map`, `spawnMask`, `modelid`, `equipment_id`, `position_x`, `position_y`, `position_z`, `orientation`, `spawntimesecs`, `spawndist`, `currentwaypoint`, `curhealth`, `curmana`, `MovementType`, `unit_flags`, `pool_id`, `patch_min`, `patch_max`) VALUES ('133323', '571', '1', NULL, '0', '4911.54', '1488.2', '217.446', '2.39689', '180', '0', '0', '42', '0', '0', '0', '0', '5', '10');
INSERT INTO creature_addon (`spawnID`, `path_id`, `mount`, `bytes0`, `bytes1`, `bytes2`, `emote`, `auras`) VALUES ('133323', NULL, '0', '0', '0', '1', '0', '49099');
INSERT INTO creature_entry (`spawnID`, `entry`) VALUES ('202363', '15214');
INSERT INTO creature (`spawnID`, `map`, `spawnMask`, `modelid`, `equipment_id`, `position_x`, `position_y`, `position_z`, `orientation`, `spawntimesecs`, `spawndist`, `currentwaypoint`, `curhealth`, `curmana`, `MovementType`, `unit_flags`, `pool_id`, `patch_min`, `patch_max`) VALUES ('202363', '571', '1', NULL, '0', '8530.69', '647.221', '558.731', '1.62316', '300', '0', '0', '42', '0', '0', '0', '0', '5', '10');
INSERT INTO creature_addon (`spawnID`, `path_id`, `mount`, `bytes0`, `bytes1`, `bytes2`, `emote`, `auras`) VALUES ('202363', NULL, '0', '0', '0', '0', '0', '57836');
INSERT INTO creature_entry (`spawnID`, `entry`) VALUES ('202369', '15214');
INSERT INTO creature (`spawnID`, `map`, `spawnMask`, `modelid`, `equipment_id`, `position_x`, `position_y`, `position_z`, `orientation`, `spawntimesecs`, `spawndist`, `currentwaypoint`, `curhealth`, `curmana`, `MovementType`, `unit_flags`, `pool_id`, `patch_min`, `patch_max`) VALUES ('202369', '571', '1', NULL, '0', '8519.62', '1004.91', '547.554', '0', '300', '0', '0', '42', '0', '0', '0', '0', '5', '10');
INSERT INTO creature_entry (`spawnID`, `entry`) VALUES ('202370', '15214');
INSERT INTO creature (`spawnID`, `map`, `spawnMask`, `modelid`, `equipment_id`, `position_x`, `position_y`, `position_z`, `orientation`, `spawntimesecs`, `spawndist`, `currentwaypoint`, `curhealth`, `curmana`, `MovementType`, `unit_flags`, `pool_id`, `patch_min`, `patch_max`) VALUES ('202370', '571', '1', NULL, '0', '8468.8', '806.354', '590.124', '0', '300', '0', '0', '42', '0', '0', '0', '0', '5', '10');
INSERT INTO creature_entry (`spawnID`, `entry`) VALUES ('202371', '15214');
INSERT INTO creature (`spawnID`, `map`, `spawnMask`, `modelid`, `equipment_id`, `position_x`, `position_y`, `position_z`, `orientation`, `spawntimesecs`, `spawndist`, `currentwaypoint`, `curhealth`, `curmana`, `MovementType`, `unit_flags`, `pool_id`, `patch_min`, `patch_max`) VALUES ('202371', '571', '1', NULL, '0', '8424.51', '746.587', '548.227', '0', '300', '0', '0', '42', '0', '0', '0', '0', '5', '10');
INSERT INTO creature_entry (`spawnID`, `entry`) VALUES ('202372', '15214');
INSERT INTO creature (`spawnID`, `map`, `spawnMask`, `modelid`, `equipment_id`, `position_x`, `position_y`, `position_z`, `orientation`, `spawntimesecs`, `spawndist`, `currentwaypoint`, `curhealth`, `curmana`, `MovementType`, `unit_flags`, `pool_id`, `patch_min`, `patch_max`) VALUES ('202372', '571', '1', NULL, '0', '8469.54', '775.457', '590.298', '0', '300', '0', '0', '42', '0', '0', '0', '0', '5', '10');
INSERT INTO creature_entry (`spawnID`, `entry`) VALUES ('202373', '15214');
INSERT INTO creature (`spawnID`, `map`, `spawnMask`, `modelid`, `equipment_id`, `position_x`, `position_y`, `position_z`, `orientation`, `spawntimesecs`, `spawndist`, `currentwaypoint`, `curhealth`, `curmana`, `MovementType`, `unit_flags`, `pool_id`, `patch_min`, `patch_max`) VALUES ('202373', '571', '1', NULL, '0', '8607.98', '763.137', '547.81', '0', '300', '0', '0', '42', '0', '0', '0', '0', '5', '10');
INSERT INTO creature_entry (`spawnID`, `entry`) VALUES ('203104', '15214');
INSERT INTO creature (`spawnID`, `map`, `spawnMask`, `modelid`, `equipment_id`, `position_x`, `position_y`, `position_z`, `orientation`, `spawntimesecs`, `spawndist`, `currentwaypoint`, `curhealth`, `curmana`, `MovementType`, `unit_flags`, `pool_id`, `patch_min`, `patch_max`) VALUES ('203104', '571', '1', NULL, '0', '2709.88', '4637.53', '2.74161', '0.20944', '120', '0', '0', '1', '0', '0', '0', '0', '5', '10');
INSERT INTO creature_entry (`spawnID`, `entry`) VALUES ('203105', '15214');
INSERT INTO creature (`spawnID`, `map`, `spawnMask`, `modelid`, `equipment_id`, `position_x`, `position_y`, `position_z`, `orientation`, `spawntimesecs`, `spawndist`, `currentwaypoint`, `curhealth`, `curmana`, `MovementType`, `unit_flags`, `pool_id`, `patch_min`, `patch_max`) VALUES ('203105', '571', '1', NULL, '0', '2714.16', '4657.1', '2.49413', '6.21337', '120', '0', '0', '1', '0', '0', '0', '0', '5', '10');
INSERT INTO creature_entry (`spawnID`, `entry`) VALUES ('203106', '15214');
INSERT INTO creature (`spawnID`, `map`, `spawnMask`, `modelid`, `equipment_id`, `position_x`, `position_y`, `position_z`, `orientation`, `spawntimesecs`, `spawndist`, `currentwaypoint`, `curhealth`, `curmana`, `MovementType`, `unit_flags`, `pool_id`, `patch_min`, `patch_max`) VALUES ('203106', '571', '1', NULL, '0', '2723.72', '4718.17', '1.08845', '6.19592', '120', '0', '0', '1', '0', '0', '0', '0', '5', '10');
INSERT INTO creature_entry (`spawnID`, `entry`) VALUES ('203107', '15214');
INSERT INTO creature (`spawnID`, `map`, `spawnMask`, `modelid`, `equipment_id`, `position_x`, `position_y`, `position_z`, `orientation`, `spawntimesecs`, `spawndist`, `currentwaypoint`, `curhealth`, `curmana`, `MovementType`, `unit_flags`, `pool_id`, `patch_min`, `patch_max`) VALUES ('203107', '571', '1', NULL, '0', '2733.25', '4750.84', '2.24105', '6.02139', '120', '0', '0', '1', '0', '0', '0', '0', '5', '10');
INSERT INTO creature_entry (`spawnID`, `entry`) VALUES ('203108', '15214');
INSERT INTO creature (`spawnID`, `map`, `spawnMask`, `modelid`, `equipment_id`, `position_x`, `position_y`, `position_z`, `orientation`, `spawntimesecs`, `spawndist`, `currentwaypoint`, `curhealth`, `curmana`, `MovementType`, `unit_flags`, `pool_id`, `patch_min`, `patch_max`) VALUES ('203108', '571', '1', NULL, '0', '2736.53', '4774.13', '-28.2652', '5.84685', '120', '0', '0', '1', '0', '0', '0', '0', '5', '10');
INSERT INTO creature_entry (`spawnID`, `entry`) VALUES ('203109', '15214');
INSERT INTO creature (`spawnID`, `map`, `spawnMask`, `modelid`, `equipment_id`, `position_x`, `position_y`, `position_z`, `orientation`, `spawntimesecs`, `spawndist`, `currentwaypoint`, `curhealth`, `curmana`, `MovementType`, `unit_flags`, `pool_id`, `patch_min`, `patch_max`) VALUES ('203109', '571', '1', NULL, '0', '2738.4', '4738.86', '2.42033', '6.05629', '120', '0', '0', '1', '0', '0', '0', '0', '5', '10');
INSERT INTO creature_entry (`spawnID`, `entry`) VALUES ('203110', '15214');
INSERT INTO creature (`spawnID`, `map`, `spawnMask`, `modelid`, `equipment_id`, `position_x`, `position_y`, `position_z`, `orientation`, `spawntimesecs`, `spawndist`, `currentwaypoint`, `curhealth`, `curmana`, `MovementType`, `unit_flags`, `pool_id`, `patch_min`, `patch_max`) VALUES ('203110', '571', '1', NULL, '0', '2739.73', '4755.51', '1.91392', '5.81195', '120', '0', '0', '1', '0', '0', '0', '0', '5', '10');
INSERT INTO creature_entry (`spawnID`, `entry`) VALUES ('203111', '15214');
INSERT INTO creature (`spawnID`, `map`, `spawnMask`, `modelid`, `equipment_id`, `position_x`, `position_y`, `position_z`, `orientation`, `spawntimesecs`, `spawndist`, `currentwaypoint`, `curhealth`, `curmana`, `MovementType`, `unit_flags`, `pool_id`, `patch_min`, `patch_max`) VALUES ('203111', '571', '1', NULL, '0', '2744.47', '4719.54', '2.25975', '1.25664', '120', '0', '0', '1', '0', '0', '0', '0', '5', '10');
INSERT INTO creature_entry (`spawnID`, `entry`) VALUES ('203112', '15214');
INSERT INTO creature (`spawnID`, `map`, `spawnMask`, `modelid`, `equipment_id`, `position_x`, `position_y`, `position_z`, `orientation`, `spawntimesecs`, `spawndist`, `currentwaypoint`, `curhealth`, `curmana`, `MovementType`, `unit_flags`, `pool_id`, `patch_min`, `patch_max`) VALUES ('203112', '571', '1', NULL, '0', '2755.09', '4742.6', '2.32128', '0.191986', '120', '0', '0', '1', '0', '0', '0', '0', '5', '10');
INSERT INTO creature_entry (`spawnID`, `entry`) VALUES ('203113', '15214');
INSERT INTO creature (`spawnID`, `map`, `spawnMask`, `modelid`, `equipment_id`, `position_x`, `position_y`, `position_z`, `orientation`, `spawntimesecs`, `spawndist`, `currentwaypoint`, `curhealth`, `curmana`, `MovementType`, `unit_flags`, `pool_id`, `patch_min`, `patch_max`) VALUES ('203113', '571', '1', NULL, '0', '2755.3', '4761.35', '-3.41402', '1.74533', '120', '0', '0', '1', '0', '0', '0', '0', '5', '10');
INSERT INTO creature_entry (`spawnID`, `entry`) VALUES ('203114', '15214');
INSERT INTO creature (`spawnID`, `map`, `spawnMask`, `modelid`, `equipment_id`, `position_x`, `position_y`, `position_z`, `orientation`, `spawntimesecs`, `spawndist`, `currentwaypoint`, `curhealth`, `curmana`, `MovementType`, `unit_flags`, `pool_id`, `patch_min`, `patch_max`) VALUES ('203114', '571', '1', NULL, '0', '2817.41', '4620.8', '2.63206', '5.3058', '120', '0', '0', '1', '0', '0', '0', '0', '5', '10');
INSERT INTO creature_entry (`spawnID`, `entry`) VALUES ('203115', '15214');
INSERT INTO creature (`spawnID`, `map`, `spawnMask`, `modelid`, `equipment_id`, `position_x`, `position_y`, `position_z`, `orientation`, `spawntimesecs`, `spawndist`, `currentwaypoint`, `curhealth`, `curmana`, `MovementType`, `unit_flags`, `pool_id`, `patch_min`, `patch_max`) VALUES ('203115', '571', '1', NULL, '0', '2821.14', '4596.57', '1.54092', '1.53589', '120', '0', '0', '1', '0', '0', '0', '0', '5', '10');
INSERT INTO creature_entry (`spawnID`, `entry`) VALUES ('203116', '15214');
INSERT INTO creature (`spawnID`, `map`, `spawnMask`, `modelid`, `equipment_id`, `position_x`, `position_y`, `position_z`, `orientation`, `spawntimesecs`, `spawndist`, `currentwaypoint`, `curhealth`, `curmana`, `MovementType`, `unit_flags`, `pool_id`, `patch_min`, `patch_max`) VALUES ('203116', '571', '1', NULL, '0', '2826.94', '4603.79', '2.28875', '1.74533', '120', '0', '0', '1', '0', '0', '0', '0', '5', '10');
INSERT INTO creature_entry (`spawnID`, `entry`) VALUES ('203117', '15214');
INSERT INTO creature (`spawnID`, `map`, `spawnMask`, `modelid`, `equipment_id`, `position_x`, `position_y`, `position_z`, `orientation`, `spawntimesecs`, `spawndist`, `currentwaypoint`, `curhealth`, `curmana`, `MovementType`, `unit_flags`, `pool_id`, `patch_min`, `patch_max`) VALUES ('203117', '571', '1', NULL, '0', '2831.13', '4626.38', '2.6451', '2.96706', '120', '0', '0', '1', '0', '0', '0', '0', '5', '10');
INSERT INTO creature_entry (`spawnID`, `entry`) VALUES ('203118', '15214');
INSERT INTO creature (`spawnID`, `map`, `spawnMask`, `modelid`, `equipment_id`, `position_x`, `position_y`, `position_z`, `orientation`, `spawntimesecs`, `spawndist`, `currentwaypoint`, `curhealth`, `curmana`, `MovementType`, `unit_flags`, `pool_id`, `patch_min`, `patch_max`) VALUES ('203118', '571', '1', NULL, '0', '2835.26', '4597.12', '0.875751', '1.81514', '120', '0', '0', '1', '0', '0', '0', '0', '5', '10');
INSERT INTO creature_entry (`spawnID`, `entry`) VALUES ('203119', '15214');
INSERT INTO creature (`spawnID`, `map`, `spawnMask`, `modelid`, `equipment_id`, `position_x`, `position_y`, `position_z`, `orientation`, `spawntimesecs`, `spawndist`, `currentwaypoint`, `curhealth`, `curmana`, `MovementType`, `unit_flags`, `pool_id`, `patch_min`, `patch_max`) VALUES ('203119', '571', '1', NULL, '0', '2844.3', '4603.97', '2.13911', '2.00713', '120', '0', '0', '1', '0', '0', '0', '0', '5', '10');
INSERT INTO creature_entry (`spawnID`, `entry`) VALUES ('203120', '15214');
INSERT INTO creature (`spawnID`, `map`, `spawnMask`, `modelid`, `equipment_id`, `position_x`, `position_y`, `position_z`, `orientation`, `spawntimesecs`, `spawndist`, `currentwaypoint`, `curhealth`, `curmana`, `MovementType`, `unit_flags`, `pool_id`, `patch_min`, `patch_max`) VALUES ('203120', '571', '1', NULL, '0', '2849.21', '4621.67', '2.12507', '5.51524', '120', '0', '0', '1', '0', '0', '0', '0', '5', '10');
INSERT INTO creature_entry (`spawnID`, `entry`) VALUES ('203121', '15214');
INSERT INTO creature (`spawnID`, `map`, `spawnMask`, `modelid`, `equipment_id`, `position_x`, `position_y`, `position_z`, `orientation`, `spawntimesecs`, `spawndist`, `currentwaypoint`, `curhealth`, `curmana`, `MovementType`, `unit_flags`, `pool_id`, `patch_min`, `patch_max`) VALUES ('203121', '571', '1', NULL, '0', '2851.32', '4594.52', '-16.7718', '2.02458', '120', '0', '0', '1', '0', '0', '0', '0', '5', '10');
INSERT INTO creature_entry (`spawnID`, `entry`) VALUES ('76266', '15214');
INSERT INTO creature (`spawnID`, `map`, `spawnMask`, `modelid`, `equipment_id`, `position_x`, `position_y`, `position_z`, `orientation`, `spawntimesecs`, `spawndist`, `currentwaypoint`, `curhealth`, `curmana`, `MovementType`, `unit_flags`, `pool_id`, `patch_min`, `patch_max`) VALUES ('76266', '607', '3', NULL, '0', '1230.2', '-67.941', '83.7716', '4.08407', '7200', '0', '0', '1', '0', '0', '0', '0', '5', '10');
INSERT INTO creature_entry (`spawnID`, `entry`) VALUES ('76267', '15214');
INSERT INTO creature (`spawnID`, `map`, `spawnMask`, `modelid`, `equipment_id`, `position_x`, `position_y`, `position_z`, `orientation`, `spawntimesecs`, `spawndist`, `currentwaypoint`, `curhealth`, `curmana`, `MovementType`, `unit_flags`, `pool_id`, `patch_min`, `patch_max`) VALUES ('76267', '607', '3', NULL, '0', '1611.57', '73.0032', '8.14356', '2.05949', '7200', '0', '0', '1', '0', '0', '0', '0', '5', '10');
INSERT INTO creature_entry (`spawnID`, `entry`) VALUES ('76268', '15214');
INSERT INTO creature (`spawnID`, `map`, `spawnMask`, `modelid`, `equipment_id`, `position_x`, `position_y`, `position_z`, `orientation`, `spawntimesecs`, `spawndist`, `currentwaypoint`, `curhealth`, `curmana`, `MovementType`, `unit_flags`, `pool_id`, `patch_min`, `patch_max`) VALUES ('76268', '607', '3', NULL, '0', '1623.94', '-96.5658', '12.5011', '4.4855', '7200', '0', '0', '1', '0', '0', '0', '0', '5', '10');
INSERT INTO creature_entry (`spawnID`, `entry`) VALUES ('76054', '15214');
INSERT INTO creature (`spawnID`, `map`, `spawnMask`, `modelid`, `equipment_id`, `position_x`, `position_y`, `position_z`, `orientation`, `spawntimesecs`, `spawndist`, `currentwaypoint`, `curhealth`, `curmana`, `MovementType`, `unit_flags`, `pool_id`, `patch_min`, `patch_max`) VALUES ('76054', '571', '1', NULL, '0', '2807.39', '-3586.93', '247.692', '3.45575', '120', '0', '0', '1', '0', '0', '0', '0', '5', '10');
INSERT INTO creature_entry (`spawnID`, `entry`) VALUES ('76055', '15214');
INSERT INTO creature (`spawnID`, `map`, `spawnMask`, `modelid`, `equipment_id`, `position_x`, `position_y`, `position_z`, `orientation`, `spawntimesecs`, `spawndist`, `currentwaypoint`, `curhealth`, `curmana`, `MovementType`, `unit_flags`, `pool_id`, `patch_min`, `patch_max`) VALUES ('76055', '571', '1', NULL, '0', '2833.02', '-3621.02', '247.373', '1.85005', '120', '0', '0', '1', '0', '0', '0', '0', '5', '10');
INSERT INTO creature_entry (`spawnID`, `entry`) VALUES ('146654', '15214');
INSERT INTO creature (`spawnID`, `map`, `spawnMask`, `modelid`, `equipment_id`, `position_x`, `position_y`, `position_z`, `orientation`, `spawntimesecs`, `spawndist`, `currentwaypoint`, `curhealth`, `curmana`, `MovementType`, `unit_flags`, `pool_id`, `patch_min`, `patch_max`) VALUES ('146654', '571', '1', NULL, '0', '3942.18', '3756.03', '65.025', '4.62827', '300', '0', '0', '0', '0', '0', '0', '0', '5', '10');
INSERT INTO creature_entry (`spawnID`, `entry`) VALUES ('146760', '15214');
INSERT INTO creature (`spawnID`, `map`, `spawnMask`, `modelid`, `equipment_id`, `position_x`, `position_y`, `position_z`, `orientation`, `spawntimesecs`, `spawndist`, `currentwaypoint`, `curhealth`, `curmana`, `MovementType`, `unit_flags`, `pool_id`, `patch_min`, `patch_max`) VALUES ('146760', '571', '1', NULL, '0', '4015.45', '3812.16', '69.756', '4.06342', '300', '0', '0', '0', '0', '0', '0', '0', '5', '10');
INSERT INTO creature_entry (`spawnID`, `entry`) VALUES ('146776', '15214');
INSERT INTO creature (`spawnID`, `map`, `spawnMask`, `modelid`, `equipment_id`, `position_x`, `position_y`, `position_z`, `orientation`, `spawntimesecs`, `spawndist`, `currentwaypoint`, `curhealth`, `curmana`, `MovementType`, `unit_flags`, `pool_id`, `patch_min`, `patch_max`) VALUES ('146776', '571', '1', NULL, '0', '4111.58', '3735.07', '91.764', '3.47321', '300', '0', '0', '0', '0', '0', '0', '0', '5', '10');
INSERT INTO creature_entry (`spawnID`, `entry`) VALUES ('146824', '15214');
INSERT INTO creature (`spawnID`, `map`, `spawnMask`, `modelid`, `equipment_id`, `position_x`, `position_y`, `position_z`, `orientation`, `spawntimesecs`, `spawndist`, `currentwaypoint`, `curhealth`, `curmana`, `MovementType`, `unit_flags`, `pool_id`, `patch_min`, `patch_max`) VALUES ('146824', '571', '1', NULL, '0', '3907.23', '3491.58', '51.694', '3.17482', '300', '0', '0', '0', '0', '0', '0', '0', '5', '10');
DELETE ce, c1, c2, sg FROM creature_entry ce LEFT JOIN conditions c1 ON c1.ConditionTypeOrReference = 31 AND c1.ConditionValue1 = 3 AND c1.ConditionValue3 = 1012357 LEFT JOIN conditions c2 ON c2.SourceTypeOrReferenceId = 22 AND c2.SourceId = 0 AND c1.SourceEntry = -1012357 LEFT JOIN spawn_group sg ON sg.spawnId = 1012357 AND spawnType = 0 WHERE ce.spawnID = 1012357;
DELETE ce, c1, c2, sg FROM creature_entry ce LEFT JOIN conditions c1 ON c1.ConditionTypeOrReference = 31 AND c1.ConditionValue1 = 3 AND c1.ConditionValue3 = 1012869 LEFT JOIN conditions c2 ON c2.SourceTypeOrReferenceId = 22 AND c2.SourceId = 0 AND c1.SourceEntry = -1012869 LEFT JOIN spawn_group sg ON sg.spawnId = 1012869 AND spawnType = 0 WHERE ce.spawnID = 1012869;
DELETE ce, c1, c2, sg FROM creature_entry ce LEFT JOIN conditions c1 ON c1.ConditionTypeOrReference = 31 AND c1.ConditionValue1 = 3 AND c1.ConditionValue3 = 1044874 LEFT JOIN conditions c2 ON c2.SourceTypeOrReferenceId = 22 AND c2.SourceId = 0 AND c1.SourceEntry = -1044874 LEFT JOIN spawn_group sg ON sg.spawnId = 1044874 AND spawnType = 0 WHERE ce.spawnID = 1044874;
DELETE ce, c1, c2, sg FROM creature_entry ce LEFT JOIN conditions c1 ON c1.ConditionTypeOrReference = 31 AND c1.ConditionValue1 = 3 AND c1.ConditionValue3 = 1044898 LEFT JOIN conditions c2 ON c2.SourceTypeOrReferenceId = 22 AND c2.SourceId = 0 AND c1.SourceEntry = -1044898 LEFT JOIN spawn_group sg ON sg.spawnId = 1044898 AND spawnType = 0 WHERE ce.spawnID = 1044898;
DELETE ce, c1, c2, sg FROM creature_entry ce LEFT JOIN conditions c1 ON c1.ConditionTypeOrReference = 31 AND c1.ConditionValue1 = 3 AND c1.ConditionValue3 = 1044935 LEFT JOIN conditions c2 ON c2.SourceTypeOrReferenceId = 22 AND c2.SourceId = 0 AND c1.SourceEntry = -1044935 LEFT JOIN spawn_group sg ON sg.spawnId = 1044935 AND spawnType = 0 WHERE ce.spawnID = 1044935;
DELETE ce, c1, c2, sg FROM creature_entry ce LEFT JOIN conditions c1 ON c1.ConditionTypeOrReference = 31 AND c1.ConditionValue1 = 3 AND c1.ConditionValue3 = 1045005 LEFT JOIN conditions c2 ON c2.SourceTypeOrReferenceId = 22 AND c2.SourceId = 0 AND c1.SourceEntry = -1045005 LEFT JOIN spawn_group sg ON sg.spawnId = 1045005 AND spawnType = 0 WHERE ce.spawnID = 1045005;


-- Importing creature spawn with guid 70662 with import type REPLACE_ALL
INSERT INTO creature_entry (`spawnID`, `entry`) VALUES ('70648', '19740');
INSERT INTO creature (`spawnID`, `map`, `spawnMask`, `modelid`, `equipment_id`, `position_x`, `position_y`, `position_z`, `orientation`, `spawntimesecs`, `spawndist`, `currentwaypoint`, `curhealth`, `curmana`, `MovementType`, `unit_flags`, `pool_id`, `patch_min`, `patch_max`) VALUES ('70648', '530', '1', NULL, '1', '-3285.13', '2887.47', '130.435', '0.0872665', '300', '0', '0', '5233', '2991', '0', '0', '0', '0', '10');
INSERT INTO creature_entry (`spawnID`, `entry`) VALUES ('70618', '19740');
INSERT INTO creature (`spawnID`, `map`, `spawnMask`, `modelid`, `equipment_id`, `position_x`, `position_y`, `position_z`, `orientation`, `spawntimesecs`, `spawndist`, `currentwaypoint`, `curhealth`, `curmana`, `MovementType`, `unit_flags`, `pool_id`, `patch_min`, `patch_max`) VALUES ('70618', '530', '1', NULL, '1', '-3015.63', '2826.67', '77.2012', '0.523684', '300', '6', '0', '5233', '2991', '1', '0', '0', '0', '10');
DELETE ce, c1, c2, sg FROM creature_entry ce LEFT JOIN conditions c1 ON c1.ConditionTypeOrReference = 31 AND c1.ConditionValue1 = 3 AND c1.ConditionValue3 = 1310772 LEFT JOIN conditions c2 ON c2.SourceTypeOrReferenceId = 22 AND c2.SourceId = 0 AND c1.SourceEntry = -1310772 LEFT JOIN spawn_group sg ON sg.spawnId = 1310772 AND spawnType = 0 WHERE ce.spawnID = 1310772;


-- Importing creature spawn with guid 70661 with import type REPLACE_ALL


-- Importing creature spawn with guid 70660 with import type REPLACE_ALL


-- Importing creature spawn with guid 70659 with import type REPLACE_ALL


-- Importing creature spawn with guid 70658 with import type REPLACE_ALL


-- Importing creature spawn with guid 70657 with import type REPLACE_ALL


-- Importing creature spawn with guid 70656 with import type REPLACE_ALL


-- Importing creature spawn with guid 70655 with import type REPLACE_ALL


-- Importing creature spawn with guid 70654 with import type REPLACE_ALL


-- Importing creature spawn with guid 70653 with import type REPLACE_ALL


-- Importing creature spawn with guid 70652 with import type REPLACE_ALL


-- Importing creature spawn with guid 70651 with import type REPLACE_ALL


-- Importing creature spawn with guid 70650 with import type REPLACE_ALL


-- Importing creature spawn with guid 70649 with import type REPLACE_ALL


-- Importing creature spawn with guid 70648 with import type REPLACE_ALL


-- Importing creature spawn with guid 70647 with import type REPLACE_ALL


-- Importing creature spawn with guid 70646 with import type REPLACE_ALL


-- Importing creature spawn with guid 70645 with import type REPLACE_ALL


-- Importing creature spawn with guid 70644 with import type REPLACE_ALL


-- Importing creature spawn with guid 70643 with import type REPLACE_ALL


-- Importing creature spawn with guid 70642 with import type REPLACE_ALL


-- Importing creature spawn with guid 70641 with import type REPLACE_ALL


-- Importing creature spawn with guid 70640 with import type REPLACE_ALL


-- Importing creature spawn with guid 70639 with import type REPLACE_ALL


-- Importing creature spawn with guid 70638 with import type REPLACE_ALL


-- Importing creature spawn with guid 70637 with import type REPLACE_ALL


-- Importing creature spawn with guid 70636 with import type REPLACE_ALL


-- Importing creature spawn with guid 70635 with import type REPLACE_ALL


-- Importing creature spawn with guid 70634 with import type REPLACE_ALL


-- Importing creature spawn with guid 70633 with import type REPLACE_ALL


-- Importing creature spawn with guid 70632 with import type REPLACE_ALL


-- Importing creature spawn with guid 70631 with import type REPLACE_ALL


-- Importing creature spawn with guid 70630 with import type REPLACE_ALL


-- Importing creature spawn with guid 70629 with import type REPLACE_ALL


-- Importing creature spawn with guid 70628 with import type REPLACE_ALL


-- Importing creature spawn with guid 70627 with import type REPLACE_ALL


-- Importing creature spawn with guid 70626 with import type REPLACE_ALL


-- Importing creature spawn with guid 70625 with import type REPLACE_ALL


-- Importing creature spawn with guid 70624 with import type REPLACE_ALL


-- Importing creature spawn with guid 70623 with import type REPLACE_ALL


-- Importing creature spawn with guid 70622 with import type REPLACE_ALL


-- Importing creature spawn with guid 70621 with import type REPLACE_ALL


-- Importing creature spawn with guid 70620 with import type REPLACE_ALL


-- Importing creature spawn with guid 70619 with import type REPLACE_ALL


-- Importing creature spawn with guid 70618 with import type REPLACE_ALL


-- Importing creature spawn with guid 70617 with import type REPLACE_ALL


-- Importing creature spawn with guid 203092 with import type REPLACE_ALL
INSERT INTO creature_entry (`spawnID`, `entry`) VALUES ('74664', '21316');
INSERT INTO creature (`spawnID`, `map`, `spawnMask`, `modelid`, `equipment_id`, `position_x`, `position_y`, `position_z`, `orientation`, `spawntimesecs`, `spawndist`, `currentwaypoint`, `curhealth`, `curmana`, `MovementType`, `unit_flags`, `pool_id`, `patch_min`, `patch_max`) VALUES ('74664', '530', '1', NULL, '0', '-3441.51', '2966.19', '171.91', '0.0174533', '300', '0', '0', '6542', '0', '0', '0', '0', '0', '10');
INSERT INTO creature_entry (`spawnID`, `entry`) VALUES ('74663', '21316');
INSERT INTO creature (`spawnID`, `map`, `spawnMask`, `modelid`, `equipment_id`, `position_x`, `position_y`, `position_z`, `orientation`, `spawntimesecs`, `spawndist`, `currentwaypoint`, `curhealth`, `curmana`, `MovementType`, `unit_flags`, `pool_id`, `patch_min`, `patch_max`) VALUES ('74663', '530', '1', NULL, '0', '-3441.14', '2991.27', '171.996', '6.23083', '300', '0', '0', '6542', '0', '0', '0', '0', '0', '10');
INSERT INTO creature_entry (`spawnID`, `entry`) VALUES ('74661', '21316');
INSERT INTO creature (`spawnID`, `map`, `spawnMask`, `modelid`, `equipment_id`, `position_x`, `position_y`, `position_z`, `orientation`, `spawntimesecs`, `spawndist`, `currentwaypoint`, `curhealth`, `curmana`, `MovementType`, `unit_flags`, `pool_id`, `patch_min`, `patch_max`) VALUES ('74661', '530', '1', NULL, '0', '-3441.06', '2982.95', '171.862', '6.24828', '300', '0', '0', '6542', '0', '0', '0', '0', '0', '10');
INSERT INTO creature_entry (`spawnID`, `entry`) VALUES ('74651', '21316');
INSERT INTO creature (`spawnID`, `map`, `spawnMask`, `modelid`, `equipment_id`, `position_x`, `position_y`, `position_z`, `orientation`, `spawntimesecs`, `spawndist`, `currentwaypoint`, `curhealth`, `curmana`, `MovementType`, `unit_flags`, `pool_id`, `patch_min`, `patch_max`) VALUES ('74651', '530', '1', NULL, '0', '-3408.11', '3007.26', '171.666', '4.55531', '300', '0', '0', '6542', '0', '0', '0', '0', '0', '10');
INSERT INTO creature_entry (`spawnID`, `entry`) VALUES ('74648', '21316');
INSERT INTO creature (`spawnID`, `map`, `spawnMask`, `modelid`, `equipment_id`, `position_x`, `position_y`, `position_z`, `orientation`, `spawntimesecs`, `spawndist`, `currentwaypoint`, `curhealth`, `curmana`, `MovementType`, `unit_flags`, `pool_id`, `patch_min`, `patch_max`) VALUES ('74648', '530', '1', NULL, '0', '-3399.9', '3007.43', '171.681', '4.72984', '300', '0', '0', '6542', '0', '0', '0', '0', '0', '10');
INSERT INTO creature_entry (`spawnID`, `entry`) VALUES ('74643', '21316');
INSERT INTO creature (`spawnID`, `map`, `spawnMask`, `modelid`, `equipment_id`, `position_x`, `position_y`, `position_z`, `orientation`, `spawntimesecs`, `spawndist`, `currentwaypoint`, `curhealth`, `curmana`, `MovementType`, `unit_flags`, `pool_id`, `patch_min`, `patch_max`) VALUES ('74643', '530', '1', NULL, '0', '-3383.54', '3006.71', '171.574', '4.57276', '300', '0', '0', '6542', '0', '0', '0', '0', '0', '10');


-- Importing creature spawn with guid 78187 with import type REPLACE_ALL
INSERT INTO creature_entry (`spawnID`, `entry`) VALUES ('78187', '21195');
INSERT INTO creature (`spawnID`, `map`, `spawnMask`, `modelid`, `equipment_id`, `position_x`, `position_y`, `position_z`, `orientation`, `spawntimesecs`, `spawndist`, `currentwaypoint`, `curhealth`, `curmana`, `MovementType`, `unit_flags`, `pool_id`, `patch_min`, `patch_max`) VALUES ('78187', '530', '1', NULL, '0', '-2795.26', '1246.96', '74.6738', '4.73031', '180', '5', '0', '5900', '0', '1', '0', '0', '0', '10');
INSERT INTO creature_entry (`spawnID`, `entry`) VALUES ('78186', '21195');
INSERT INTO creature (`spawnID`, `map`, `spawnMask`, `modelid`, `equipment_id`, `position_x`, `position_y`, `position_z`, `orientation`, `spawntimesecs`, `spawndist`, `currentwaypoint`, `curhealth`, `curmana`, `MovementType`, `unit_flags`, `pool_id`, `patch_min`, `patch_max`) VALUES ('78186', '530', '1', NULL, '0', '-2794.3', '1256.81', '74.7389', '5.39555', '180', '5', '0', '6000', '0', '1', '0', '0', '0', '10');
INSERT INTO creature_entry (`spawnID`, `entry`) VALUES ('77839', '21195');
INSERT INTO creature (`spawnID`, `map`, `spawnMask`, `modelid`, `equipment_id`, `position_x`, `position_y`, `position_z`, `orientation`, `spawntimesecs`, `spawndist`, `currentwaypoint`, `curhealth`, `curmana`, `MovementType`, `unit_flags`, `pool_id`, `patch_min`, `patch_max`) VALUES ('77839', '530', '1', NULL, '0', '-2816.47', '1269.8', '76.3112', '0.600692', '180', '5', '0', '5900', '0', '1', '0', '0', '0', '10');
INSERT INTO creature_entry (`spawnID`, `entry`) VALUES ('77838', '21195');
INSERT INTO creature (`spawnID`, `map`, `spawnMask`, `modelid`, `equipment_id`, `position_x`, `position_y`, `position_z`, `orientation`, `spawntimesecs`, `spawndist`, `currentwaypoint`, `curhealth`, `curmana`, `MovementType`, `unit_flags`, `pool_id`, `patch_min`, `patch_max`) VALUES ('77838', '530', '1', NULL, '0', '-2825.32', '1259.45', '75.399', '1.02088', '180', '5', '0', '5900', '0', '1', '0', '0', '0', '10');
INSERT INTO creature_entry (`spawnID`, `entry`) VALUES ('77836', '21195');
INSERT INTO creature (`spawnID`, `map`, `spawnMask`, `modelid`, `equipment_id`, `position_x`, `position_y`, `position_z`, `orientation`, `spawntimesecs`, `spawndist`, `currentwaypoint`, `curhealth`, `curmana`, `MovementType`, `unit_flags`, `pool_id`, `patch_min`, `patch_max`) VALUES ('77836', '530', '1', NULL, '0', '-2749.56', '1352.11', '89.3066', '6.2693', '180', '5', '0', '6000', '0', '1', '0', '0', '0', '10');
INSERT INTO creature_entry (`spawnID`, `entry`) VALUES ('77835', '21195');
INSERT INTO creature (`spawnID`, `map`, `spawnMask`, `modelid`, `equipment_id`, `position_x`, `position_y`, `position_z`, `orientation`, `spawntimesecs`, `spawndist`, `currentwaypoint`, `curhealth`, `curmana`, `MovementType`, `unit_flags`, `pool_id`, `patch_min`, `patch_max`) VALUES ('77835', '530', '1', NULL, '0', '-2701.88', '1323.35', '90.4227', '6.16328', '180', '5', '0', '6000', '0', '1', '0', '0', '0', '10');
INSERT INTO creature_entry (`spawnID`, `entry`) VALUES ('77834', '21195');
INSERT INTO creature (`spawnID`, `map`, `spawnMask`, `modelid`, `equipment_id`, `position_x`, `position_y`, `position_z`, `orientation`, `spawntimesecs`, `spawndist`, `currentwaypoint`, `curhealth`, `curmana`, `MovementType`, `unit_flags`, `pool_id`, `patch_min`, `patch_max`) VALUES ('77834', '530', '1', NULL, '0', '-2706.39', '1364.84', '92.2946', '0.50056', '180', '5', '0', '5900', '0', '1', '0', '0', '0', '10');
INSERT INTO creature_entry (`spawnID`, `entry`) VALUES ('77833', '21195');
INSERT INTO creature (`spawnID`, `map`, `spawnMask`, `modelid`, `equipment_id`, `position_x`, `position_y`, `position_z`, `orientation`, `spawntimesecs`, `spawndist`, `currentwaypoint`, `curhealth`, `curmana`, `MovementType`, `unit_flags`, `pool_id`, `patch_min`, `patch_max`) VALUES ('77833', '530', '1', NULL, '0', '-2619.8', '1316.13', '84.1189', '3.94921', '180', '5', '0', '5900', '0', '1', '0', '0', '0', '10');
INSERT INTO creature_entry (`spawnID`, `entry`) VALUES ('77832', '21195');
INSERT INTO creature (`spawnID`, `map`, `spawnMask`, `modelid`, `equipment_id`, `position_x`, `position_y`, `position_z`, `orientation`, `spawntimesecs`, `spawndist`, `currentwaypoint`, `curhealth`, `curmana`, `MovementType`, `unit_flags`, `pool_id`, `patch_min`, `patch_max`) VALUES ('77832', '530', '1', NULL, '0', '-2619.86', '1364.69', '83.0265', '3.71044', '180', '5', '0', '5900', '0', '1', '0', '0', '0', '10');
INSERT INTO creature_entry (`spawnID`, `entry`) VALUES ('76510', '21195');
INSERT INTO creature (`spawnID`, `map`, `spawnMask`, `modelid`, `equipment_id`, `position_x`, `position_y`, `position_z`, `orientation`, `spawntimesecs`, `spawndist`, `currentwaypoint`, `curhealth`, `curmana`, `MovementType`, `unit_flags`, `pool_id`, `patch_min`, `patch_max`) VALUES ('76510', '530', '1', NULL, '0', '-2623.92', '1449.6', '52.1637', '3.34732', '180', '5', '0', '6000', '0', '1', '0', '0', '0', '10');
INSERT INTO creature_entry (`spawnID`, `entry`) VALUES ('76509', '21195');
INSERT INTO creature (`spawnID`, `map`, `spawnMask`, `modelid`, `equipment_id`, `position_x`, `position_y`, `position_z`, `orientation`, `spawntimesecs`, `spawndist`, `currentwaypoint`, `curhealth`, `curmana`, `MovementType`, `unit_flags`, `pool_id`, `patch_min`, `patch_max`) VALUES ('76509', '530', '1', NULL, '0', '-2583.85', '1418.77', '74.3185', '4.68669', '180', '5', '0', '5900', '0', '1', '0', '0', '0', '10');
INSERT INTO creature_entry (`spawnID`, `entry`) VALUES ('76508', '21195');
INSERT INTO creature (`spawnID`, `map`, `spawnMask`, `modelid`, `equipment_id`, `position_x`, `position_y`, `position_z`, `orientation`, `spawntimesecs`, `spawndist`, `currentwaypoint`, `curhealth`, `curmana`, `MovementType`, `unit_flags`, `pool_id`, `patch_min`, `patch_max`) VALUES ('76508', '530', '1', NULL, '0', '-2567.65', '1445.42', '55.5677', '3.86547', '180', '5', '0', '6000', '0', '1', '0', '0', '0', '10');
INSERT INTO creature_entry (`spawnID`, `entry`) VALUES ('76446', '21195');
INSERT INTO creature (`spawnID`, `map`, `spawnMask`, `modelid`, `equipment_id`, `position_x`, `position_y`, `position_z`, `orientation`, `spawntimesecs`, `spawndist`, `currentwaypoint`, `curhealth`, `curmana`, `MovementType`, `unit_flags`, `pool_id`, `patch_min`, `patch_max`) VALUES ('76446', '530', '1', NULL, '0', '-2507.78', '1381.64', '65.6897', '3.94401', '180', '5', '0', '6000', '0', '1', '0', '0', '0', '10');
INSERT INTO creature_entry (`spawnID`, `entry`) VALUES ('73518', '21195');
INSERT INTO creature (`spawnID`, `map`, `spawnMask`, `modelid`, `equipment_id`, `position_x`, `position_y`, `position_z`, `orientation`, `spawntimesecs`, `spawndist`, `currentwaypoint`, `curhealth`, `curmana`, `MovementType`, `unit_flags`, `pool_id`, `patch_min`, `patch_max`) VALUES ('73518', '530', '1', NULL, '0', '-2550.49', '1310.61', '79.8304', '3.53168', '180', '5', '0', '5900', '0', '1', '0', '0', '0', '10');
INSERT INTO creature_entry (`spawnID`, `entry`) VALUES ('70708', '21195');
INSERT INTO creature (`spawnID`, `map`, `spawnMask`, `modelid`, `equipment_id`, `position_x`, `position_y`, `position_z`, `orientation`, `spawntimesecs`, `spawndist`, `currentwaypoint`, `curhealth`, `curmana`, `MovementType`, `unit_flags`, `pool_id`, `patch_min`, `patch_max`) VALUES ('70708', '530', '1', NULL, '0', '-2570.61', '1374.26', '84.8053', '3.11384', '180', '5', '0', '6000', '0', '1', '0', '0', '0', '10');
INSERT INTO creature_entry (`spawnID`, `entry`) VALUES ('70707', '21195');
INSERT INTO creature (`spawnID`, `map`, `spawnMask`, `modelid`, `equipment_id`, `position_x`, `position_y`, `position_z`, `orientation`, `spawntimesecs`, `spawndist`, `currentwaypoint`, `curhealth`, `curmana`, `MovementType`, `unit_flags`, `pool_id`, `patch_min`, `patch_max`) VALUES ('70707', '530', '1', NULL, '0', '-2525.07', '1313.36', '65.936', '2.56013', '180', '5', '0', '6000', '0', '1', '0', '0', '0', '10');
INSERT INTO creature_entry (`spawnID`, `entry`) VALUES ('70706', '21195');
INSERT INTO creature (`spawnID`, `map`, `spawnMask`, `modelid`, `equipment_id`, `position_x`, `position_y`, `position_z`, `orientation`, `spawntimesecs`, `spawndist`, `currentwaypoint`, `curhealth`, `curmana`, `MovementType`, `unit_flags`, `pool_id`, `patch_min`, `patch_max`) VALUES ('70706', '530', '1', NULL, '0', '-2475.34', '1311.98', '47.4481', '2.34022', '180', '5', '0', '5900', '0', '1', '0', '0', '0', '10');
INSERT INTO creature_entry (`spawnID`, `entry`) VALUES ('70705', '21195');
INSERT INTO creature (`spawnID`, `map`, `spawnMask`, `modelid`, `equipment_id`, `position_x`, `position_y`, `position_z`, `orientation`, `spawntimesecs`, `spawndist`, `currentwaypoint`, `curhealth`, `curmana`, `MovementType`, `unit_flags`, `pool_id`, `patch_min`, `patch_max`) VALUES ('70705', '530', '1', NULL, '0', '-2493.88', '1280.81', '57.6669', '2.39127', '180', '5', '0', '6000', '0', '1', '0', '0', '0', '10');
INSERT INTO creature_entry (`spawnID`, `entry`) VALUES ('70704', '21195');
INSERT INTO creature (`spawnID`, `map`, `spawnMask`, `modelid`, `equipment_id`, `position_x`, `position_y`, `position_z`, `orientation`, `spawntimesecs`, `spawndist`, `currentwaypoint`, `curhealth`, `curmana`, `MovementType`, `unit_flags`, `pool_id`, `patch_min`, `patch_max`) VALUES ('70704', '530', '1', NULL, '0', '-2568.08', '1241.86', '80.5805', '2.16743', '180', '5', '0', '5900', '0', '1', '0', '0', '0', '10');
INSERT INTO creature_entry (`spawnID`, `entry`) VALUES ('70703', '21195');
INSERT INTO creature (`spawnID`, `map`, `spawnMask`, `modelid`, `equipment_id`, `position_x`, `position_y`, `position_z`, `orientation`, `spawntimesecs`, `spawndist`, `currentwaypoint`, `curhealth`, `curmana`, `MovementType`, `unit_flags`, `pool_id`, `patch_min`, `patch_max`) VALUES ('70703', '530', '1', NULL, '0', '-2511.58', '1204.96', '58.753', '2.79872', '180', '5', '0', '5900', '0', '1', '0', '0', '0', '10');
INSERT INTO creature_entry (`spawnID`, `entry`) VALUES ('70702', '21195');
INSERT INTO creature (`spawnID`, `map`, `spawnMask`, `modelid`, `equipment_id`, `position_x`, `position_y`, `position_z`, `orientation`, `spawntimesecs`, `spawndist`, `currentwaypoint`, `curhealth`, `curmana`, `MovementType`, `unit_flags`, `pool_id`, `patch_min`, `patch_max`) VALUES ('70702', '530', '1', NULL, '0', '-2581.92', '1220.64', '77.0188', '1.73843', '180', '5', '0', '6000', '0', '1', '0', '0', '0', '10');
INSERT INTO creature_entry (`spawnID`, `entry`) VALUES ('77837', '21195');
INSERT INTO creature (`spawnID`, `map`, `spawnMask`, `modelid`, `equipment_id`, `position_x`, `position_y`, `position_z`, `orientation`, `spawntimesecs`, `spawndist`, `currentwaypoint`, `curhealth`, `curmana`, `MovementType`, `unit_flags`, `pool_id`, `patch_min`, `patch_max`) VALUES ('77837', '530', '1', NULL, '0', '-2714.38', '1304.45', '84.5302', '6.04939', '180', '5', '0', '6000', '0', '1', '0', '0', '0', '10');
INSERT INTO creature_entry (`spawnID`, `entry`) VALUES ('70701', '21195');
INSERT INTO creature (`spawnID`, `map`, `spawnMask`, `modelid`, `equipment_id`, `position_x`, `position_y`, `position_z`, `orientation`, `spawntimesecs`, `spawndist`, `currentwaypoint`, `curhealth`, `curmana`, `MovementType`, `unit_flags`, `pool_id`, `patch_min`, `patch_max`) VALUES ('70701', '530', '1', NULL, '0', '-2511.39', '1227.9', '61.0218', '3.70192', '180', '5', '0', '6000', '0', '1', '0', '0', '0', '10');
INSERT INTO creature_entry (`spawnID`, `entry`) VALUES ('70352', '21195');
INSERT INTO creature (`spawnID`, `map`, `spawnMask`, `modelid`, `equipment_id`, `position_x`, `position_y`, `position_z`, `orientation`, `spawntimesecs`, `spawndist`, `currentwaypoint`, `curhealth`, `curmana`, `MovementType`, `unit_flags`, `pool_id`, `patch_min`, `patch_max`) VALUES ('70352', '530', '1', NULL, '0', '-2546.81', '1231.11', '72.8316', '1.52637', '180', '5', '0', '6000', '0', '1', '0', '0', '0', '10');
INSERT INTO creature_entry (`spawnID`, `entry`) VALUES ('69728', '21195');
INSERT INTO creature (`spawnID`, `map`, `spawnMask`, `modelid`, `equipment_id`, `position_x`, `position_y`, `position_z`, `orientation`, `spawntimesecs`, `spawndist`, `currentwaypoint`, `curhealth`, `curmana`, `MovementType`, `unit_flags`, `pool_id`, `patch_min`, `patch_max`) VALUES ('69728', '530', '1', NULL, '0', '-2481.78', '1175.69', '37.8072', '1.88377', '180', '5', '0', '6000', '0', '1', '0', '0', '0', '10');
INSERT INTO creature_entry (`spawnID`, `entry`) VALUES ('69726', '21195');
INSERT INTO creature (`spawnID`, `map`, `spawnMask`, `modelid`, `equipment_id`, `position_x`, `position_y`, `position_z`, `orientation`, `spawntimesecs`, `spawndist`, `currentwaypoint`, `curhealth`, `curmana`, `MovementType`, `unit_flags`, `pool_id`, `patch_min`, `patch_max`) VALUES ('69726', '530', '1', NULL, '0', '-2462.39', '1273.3', '35.5286', '2.99118', '180', '5', '0', '5900', '0', '1', '0', '0', '0', '10');
INSERT INTO creature_entry (`spawnID`, `entry`) VALUES ('66697', '21195');
INSERT INTO creature (`spawnID`, `map`, `spawnMask`, `modelid`, `equipment_id`, `position_x`, `position_y`, `position_z`, `orientation`, `spawntimesecs`, `spawndist`, `currentwaypoint`, `curhealth`, `curmana`, `MovementType`, `unit_flags`, `pool_id`, `patch_min`, `patch_max`) VALUES ('66697', '530', '1', NULL, '0', '-2552.1', '1175.69', '78.8479', '3.00296', '180', '5', '0', '5900', '0', '1', '0', '0', '0', '10');
INSERT INTO creature_entry (`spawnID`, `entry`) VALUES ('66695', '21195');
INSERT INTO creature (`spawnID`, `map`, `spawnMask`, `modelid`, `equipment_id`, `position_x`, `position_y`, `position_z`, `orientation`, `spawntimesecs`, `spawndist`, `currentwaypoint`, `curhealth`, `curmana`, `MovementType`, `unit_flags`, `pool_id`, `patch_min`, `patch_max`) VALUES ('66695', '530', '1', NULL, '0', '-2523.45', '1153.34', '68.9991', '4.22975', '180', '5', '0', '5900', '0', '1', '0', '0', '0', '10');
INSERT INTO creature_entry (`spawnID`, `entry`) VALUES ('62884', '21195');
INSERT INTO creature (`spawnID`, `map`, `spawnMask`, `modelid`, `equipment_id`, `position_x`, `position_y`, `position_z`, `orientation`, `spawntimesecs`, `spawndist`, `currentwaypoint`, `curhealth`, `curmana`, `MovementType`, `unit_flags`, `pool_id`, `patch_min`, `patch_max`) VALUES ('62884', '530', '1', NULL, '0', '-2543.62', '1118.17', '71.2176', '1.08895', '180', '5', '0', '6000', '0', '1', '0', '0', '0', '10');
INSERT INTO creature_entry (`spawnID`, `entry`) VALUES ('62883', '21195');
INSERT INTO creature (`spawnID`, `map`, `spawnMask`, `modelid`, `equipment_id`, `position_x`, `position_y`, `position_z`, `orientation`, `spawntimesecs`, `spawndist`, `currentwaypoint`, `curhealth`, `curmana`, `MovementType`, `unit_flags`, `pool_id`, `patch_min`, `patch_max`) VALUES ('62883', '530', '1', NULL, '0', '-2588.75', '1091.04', '59.9092', '1.17927', '180', '5', '0', '5900', '0', '1', '0', '0', '0', '10');
INSERT INTO creature_entry (`spawnID`, `entry`) VALUES ('80539', '21195');
INSERT INTO creature (`spawnID`, `map`, `spawnMask`, `modelid`, `equipment_id`, `position_x`, `position_y`, `position_z`, `orientation`, `spawntimesecs`, `spawndist`, `currentwaypoint`, `curhealth`, `curmana`, `MovementType`, `unit_flags`, `pool_id`, `patch_min`, `patch_max`) VALUES ('80539', '530', '1', NULL, '0', '-2802.93', '1238.03', '75.3009', '3.27811', '180', '5', '0', '6000', '0', '1', '0', '0', '0', '10');
INSERT INTO creature_entry (`spawnID`, `entry`) VALUES ('80540', '21195');
INSERT INTO creature (`spawnID`, `map`, `spawnMask`, `modelid`, `equipment_id`, `position_x`, `position_y`, `position_z`, `orientation`, `spawntimesecs`, `spawndist`, `currentwaypoint`, `curhealth`, `curmana`, `MovementType`, `unit_flags`, `pool_id`, `patch_min`, `patch_max`) VALUES ('80540', '530', '1', NULL, '0', '-2600.63', '1250.26', '80.1918', '4.33513', '180', '5', '0', '5900', '0', '1', '0', '0', '0', '10');
INSERT INTO creature_entry (`spawnID`, `entry`) VALUES ('80541', '21195');
INSERT INTO creature (`spawnID`, `map`, `spawnMask`, `modelid`, `equipment_id`, `position_x`, `position_y`, `position_z`, `orientation`, `spawntimesecs`, `spawndist`, `currentwaypoint`, `curhealth`, `curmana`, `MovementType`, `unit_flags`, `pool_id`, `patch_min`, `patch_max`) VALUES ('80541', '530', '1', NULL, '0', '-2594.22', '1313.18', '80.6982', '1.63336', '180', '5', '0', '6000', '0', '1', '0', '0', '0', '10');
DELETE ce, c1, c2, sg FROM creature_entry ce LEFT JOIN conditions c1 ON c1.ConditionTypeOrReference = 31 AND c1.ConditionValue1 = 3 AND c1.ConditionValue3 = 1310731 LEFT JOIN conditions c2 ON c2.SourceTypeOrReferenceId = 22 AND c2.SourceId = 0 AND c1.SourceEntry = -1310731 LEFT JOIN spawn_group sg ON sg.spawnId = 1310731 AND spawnType = 0 WHERE ce.spawnID = 1310731;
DELETE ce, c1, c2, sg FROM creature_entry ce LEFT JOIN conditions c1 ON c1.ConditionTypeOrReference = 31 AND c1.ConditionValue1 = 3 AND c1.ConditionValue3 = 1310732 LEFT JOIN conditions c2 ON c2.SourceTypeOrReferenceId = 22 AND c2.SourceId = 0 AND c1.SourceEntry = -1310732 LEFT JOIN spawn_group sg ON sg.spawnId = 1310732 AND spawnType = 0 WHERE ce.spawnID = 1310732;
DELETE ce, c1, c2, sg FROM creature_entry ce LEFT JOIN conditions c1 ON c1.ConditionTypeOrReference = 31 AND c1.ConditionValue1 = 3 AND c1.ConditionValue3 = 1310733 LEFT JOIN conditions c2 ON c2.SourceTypeOrReferenceId = 22 AND c2.SourceId = 0 AND c1.SourceEntry = -1310733 LEFT JOIN spawn_group sg ON sg.spawnId = 1310733 AND spawnType = 0 WHERE ce.spawnID = 1310733;
DELETE ce, c1, c2, sg FROM creature_entry ce LEFT JOIN conditions c1 ON c1.ConditionTypeOrReference = 31 AND c1.ConditionValue1 = 3 AND c1.ConditionValue3 = 1310734 LEFT JOIN conditions c2 ON c2.SourceTypeOrReferenceId = 22 AND c2.SourceId = 0 AND c1.SourceEntry = -1310734 LEFT JOIN spawn_group sg ON sg.spawnId = 1310734 AND spawnType = 0 WHERE ce.spawnID = 1310734;
DELETE ce, c1, c2, sg FROM creature_entry ce LEFT JOIN conditions c1 ON c1.ConditionTypeOrReference = 31 AND c1.ConditionValue1 = 3 AND c1.ConditionValue3 = 1310735 LEFT JOIN conditions c2 ON c2.SourceTypeOrReferenceId = 22 AND c2.SourceId = 0 AND c1.SourceEntry = -1310735 LEFT JOIN spawn_group sg ON sg.spawnId = 1310735 AND spawnType = 0 WHERE ce.spawnID = 1310735;
DELETE ce, c1, c2, sg FROM creature_entry ce LEFT JOIN conditions c1 ON c1.ConditionTypeOrReference = 31 AND c1.ConditionValue1 = 3 AND c1.ConditionValue3 = 1310736 LEFT JOIN conditions c2 ON c2.SourceTypeOrReferenceId = 22 AND c2.SourceId = 0 AND c1.SourceEntry = -1310736 LEFT JOIN spawn_group sg ON sg.spawnId = 1310736 AND spawnType = 0 WHERE ce.spawnID = 1310736;


-- Importing creature spawn with guid 78186 with import type REPLACE_ALL


-- Importing creature spawn with guid 77839 with import type REPLACE_ALL


-- Importing creature spawn with guid 77838 with import type REPLACE_ALL


-- Importing creature spawn with guid 70810 with import type REPLACE_ALL
INSERT INTO creature_entry (`spawnID`, `entry`) VALUES ('81131', '19789');
INSERT INTO creature (`spawnID`, `map`, `spawnMask`, `modelid`, `equipment_id`, `position_x`, `position_y`, `position_z`, `orientation`, `spawntimesecs`, `spawndist`, `currentwaypoint`, `curhealth`, `curmana`, `MovementType`, `unit_flags`, `pool_id`, `patch_min`, `patch_max`) VALUES ('81131', '530', '1', NULL, '1', '-3048.96', '1598', '59.1358', '2.63839', '300', '0', '0', '5409', '3080', '2', '0', '0', '0', '10');
INSERT INTO waypoint_data (`id`, `point`, `position_x`, `position_y`, `position_z`, `orientation`, `delay`, `move_type`, `action`, `action_chance`, `wpguid`) VALUES ('811310', '1', '-3057.21', '1600.07', '57.6605', '3.63113', '0', '0', NULL, '0', '0');
INSERT INTO waypoint_data (`id`, `point`, `position_x`, `position_y`, `position_z`, `orientation`, `delay`, `move_type`, `action`, `action_chance`, `wpguid`) VALUES ('811310', '2', '-3064.61', '1595.91', '56.8124', '3.74973', '2000', '0', NULL, '0', '0');
INSERT INTO waypoint_data (`id`, `point`, `position_x`, `position_y`, `position_z`, `orientation`, `delay`, `move_type`, `action`, `action_chance`, `wpguid`) VALUES ('811310', '3', '-3057.61', '1599.7', '57.5376', '0.254704', '0', '0', NULL, '0', '0');
INSERT INTO waypoint_data (`id`, `point`, `position_x`, `position_y`, `position_z`, `orientation`, `delay`, `move_type`, `action`, `action_chance`, `wpguid`) VALUES ('811310', '4', '-3050.85', '1599.52', '59.142', '6.0588', '0', '0', NULL, '0', '0');
INSERT INTO waypoint_data (`id`, `point`, `position_x`, `position_y`, `position_z`, `orientation`, `delay`, `move_type`, `action`, `action_chance`, `wpguid`) VALUES ('811310', '5', '-3023.77', '1598.26', '59.081', '6.25907', '0', '0', NULL, '0', '0');
INSERT INTO waypoint_data (`id`, `point`, `position_x`, `position_y`, `position_z`, `orientation`, `delay`, `move_type`, `action`, `action_chance`, `wpguid`) VALUES ('811310', '6', '-3015.37', '1597.73', '58.738', '5.43048', '0', '0', NULL, '0', '0');
INSERT INTO waypoint_data (`id`, `point`, `position_x`, `position_y`, `position_z`, `orientation`, `delay`, `move_type`, `action`, `action_chance`, `wpguid`) VALUES ('811310', '7', '-3005.35', '1588.81', '58.859', '4.74096', '0', '0', NULL, '0', '0');
INSERT INTO waypoint_data (`id`, `point`, `position_x`, `position_y`, `position_z`, `orientation`, `delay`, `move_type`, `action`, `action_chance`, `wpguid`) VALUES ('811310', '8', '-3006.79', '1581.08', '59.52', '4.00662', '0', '0', NULL, '0', '0');
INSERT INTO waypoint_data (`id`, `point`, `position_x`, `position_y`, `position_z`, `orientation`, `delay`, `move_type`, `action`, `action_chance`, `wpguid`) VALUES ('811310', '9', '-3011.55', '1576.15', '60.745', '3.86525', '2000', '0', NULL, '0', '0');
INSERT INTO waypoint_data (`id`, `point`, `position_x`, `position_y`, `position_z`, `orientation`, `delay`, `move_type`, `action`, `action_chance`, `wpguid`) VALUES ('811310', '10', '-3003.55', '1584.7', '59.487', '1.46978', '0', '0', NULL, '0', '0');
INSERT INTO waypoint_data (`id`, `point`, `position_x`, `position_y`, `position_z`, `orientation`, `delay`, `move_type`, `action`, `action_chance`, `wpguid`) VALUES ('811310', '11', '-3005.9', '1593.1', '58.9026', '2.41933', '0', '0', NULL, '0', '0');
INSERT INTO waypoint_data (`id`, `point`, `position_x`, `position_y`, `position_z`, `orientation`, `delay`, `move_type`, `action`, `action_chance`, `wpguid`) VALUES ('811310', '12', '-3021.37', '1598.45', '59.06', '3.09713', '0', '0', NULL, '0', '0');
INSERT INTO waypoint_data (`id`, `point`, `position_x`, `position_y`, `position_z`, `orientation`, `delay`, `move_type`, `action`, `action_chance`, `wpguid`) VALUES ('811310', '13', '-3040.07', '1595.73', '58.82', '2.86229', '0', '0', NULL, '0', '0');
INSERT INTO waypoint_data (`id`, `point`, `position_x`, `position_y`, `position_z`, `orientation`, `delay`, `move_type`, `action`, `action_chance`, `wpguid`) VALUES ('811310', '14', '-3050.3', '1597.91', '59.201', '2.73427', '0', '0', NULL, '0', '0');
INSERT INTO creature_addon (`spawnID`, `path_id`, `mount`, `bytes0`, `bytes1`, `bytes2`, `emote`, `auras`) VALUES ('81131', '811310', '0', '0', '0', '1', '0', NULL);


-- Importing creature spawn with guid 70811 with import type REPLACE_ALL


-- Importing creature spawn with guid 70812 with import type REPLACE_ALL


-- Importing creature spawn with guid 71910 with import type REPLACE_ALL
INSERT INTO creature_entry (`spawnID`, `entry`) VALUES ('71912', '20226');
INSERT INTO creature (`spawnID`, `map`, `spawnMask`, `modelid`, `equipment_id`, `position_x`, `position_y`, `position_z`, `orientation`, `spawntimesecs`, `spawndist`, `currentwaypoint`, `curhealth`, `curmana`, `MovementType`, `unit_flags`, `pool_id`, `patch_min`, `patch_max`) VALUES ('71912', '530', '1', NULL, '0', '2982.5', '2169.98', '169.018', '1.44862', '300', '0', '0', '4120', '0', '0', '0', '0', '0', '10');
INSERT INTO creature_entry (`spawnID`, `entry`) VALUES ('71913', '20226');
INSERT INTO creature (`spawnID`, `map`, `spawnMask`, `modelid`, `equipment_id`, `position_x`, `position_y`, `position_z`, `orientation`, `spawntimesecs`, `spawndist`, `currentwaypoint`, `curhealth`, `curmana`, `MovementType`, `unit_flags`, `pool_id`, `patch_min`, `patch_max`) VALUES ('71913', '530', '1', NULL, '0', '4011.91', '4013.92', '198.895', '4.31096', '300', '0', '0', '4120', '0', '0', '0', '0', '0', '10');
DELETE ce, c1, c2, sg FROM creature_entry ce LEFT JOIN conditions c1 ON c1.ConditionTypeOrReference = 31 AND c1.ConditionValue1 = 3 AND c1.ConditionValue3 = 1071107 LEFT JOIN conditions c2 ON c2.SourceTypeOrReferenceId = 22 AND c2.SourceId = 0 AND c1.SourceEntry = -1071107 LEFT JOIN spawn_group sg ON sg.spawnId = 1071107 AND spawnType = 0 WHERE ce.spawnID = 1071107;


-- Importing creature spawn with guid 71911 with import type REPLACE_ALL


-- Importing creature spawn with guid 71912 with import type REPLACE_ALL


-- Importing creature spawn with guid 71913 with import type REPLACE_ALL


-- Importing creature spawn with guid 71914 with import type REPLACE_ALL


-- Importing creature spawn with guid 28673 with import type REPLACE_ALL


-- Importing creature spawn with guid 28672 with import type REPLACE_ALL


-- Importing creature spawn with guid 28671 with import type REPLACE_ALL


-- Importing creature spawn with guid 28670 with import type REPLACE_ALL


-- Importing creature spawn with guid 28669 with import type REPLACE_ALL


-- Importing creature spawn with guid 28668 with import type REPLACE_ALL


-- Importing creature spawn with guid 28667 with import type REPLACE_ALL


-- Importing creature spawn with guid 28666 with import type REPLACE_ALL


-- Importing creature spawn with guid 28665 with import type REPLACE_ALL


-- Importing creature spawn with guid 27599 with import type REPLACE_ALL


-- Importing creature spawn with guid 72611 with import type REPLACE_ALL
INSERT INTO creature_entry (`spawnID`, `entry`) VALUES ('72634', '20512');
INSERT INTO creature (`spawnID`, `map`, `spawnMask`, `modelid`, `equipment_id`, `position_x`, `position_y`, `position_z`, `orientation`, `spawntimesecs`, `spawndist`, `currentwaypoint`, `curhealth`, `curmana`, `MovementType`, `unit_flags`, `pool_id`, `patch_min`, `patch_max`) VALUES ('72634', '530', '1', NULL, '0', '2535.16', '2012.79', '87.987', '6.2121', '300', '0', '0', '7850', '0', '0', '0', '0', '0', '10');
INSERT INTO creature_addon (`spawnID`, `path_id`, `mount`, `bytes0`, `bytes1`, `bytes2`, `emote`, `auras`) VALUES ('72634', NULL, '0', '0', '0', '4097', '69', NULL);
INSERT INTO spawn_group (`groupId`, `spawnType`, `spawnId`) VALUES ('2', '0', '72634');
INSERT INTO creature_entry (`spawnID`, `entry`) VALUES ('72635', '20512');
INSERT INTO creature (`spawnID`, `map`, `spawnMask`, `modelid`, `equipment_id`, `position_x`, `position_y`, `position_z`, `orientation`, `spawntimesecs`, `spawndist`, `currentwaypoint`, `curhealth`, `curmana`, `MovementType`, `unit_flags`, `pool_id`, `patch_min`, `patch_max`) VALUES ('72635', '530', '1', NULL, '0', '2533.11', '2011.27', '87.9253', '3.01113', '300', '5', '0', '7850', '0', '1', '0', '0', '0', '10');
INSERT INTO spawn_group (`groupId`, `spawnType`, `spawnId`) VALUES ('2', '0', '72635');
DELETE ce, c1, c2, sg FROM creature_entry ce LEFT JOIN conditions c1 ON c1.ConditionTypeOrReference = 31 AND c1.ConditionValue1 = 3 AND c1.ConditionValue3 = 1310976 LEFT JOIN conditions c2 ON c2.SourceTypeOrReferenceId = 22 AND c2.SourceId = 0 AND c1.SourceEntry = -1310976 LEFT JOIN spawn_group sg ON sg.spawnId = 1310976 AND spawnType = 0 WHERE ce.spawnID = 1310976;


-- Importing creature spawn with guid 72612 with import type REPLACE_ALL


-- Importing creature spawn with guid 72613 with import type REPLACE_ALL


-- Importing creature spawn with guid 72614 with import type REPLACE_ALL


-- Importing creature spawn with guid 72615 with import type REPLACE_ALL


-- Importing creature spawn with guid 72616 with import type REPLACE_ALL


-- Importing creature spawn with guid 72617 with import type REPLACE_ALL


-- Importing creature spawn with guid 72618 with import type REPLACE_ALL


-- Importing creature spawn with guid 72619 with import type REPLACE_ALL


-- Importing creature spawn with guid 72620 with import type REPLACE_ALL


-- Importing creature spawn with guid 72621 with import type REPLACE_ALL


-- Importing creature spawn with guid 72622 with import type REPLACE_ALL


-- Importing creature spawn with guid 72623 with import type REPLACE_ALL


-- Importing creature spawn with guid 72624 with import type REPLACE_ALL


-- Importing creature spawn with guid 72625 with import type REPLACE_ALL


-- Importing creature spawn with guid 72626 with import type REPLACE_ALL


-- Importing creature spawn with guid 72627 with import type REPLACE_ALL


-- Importing creature spawn with guid 72628 with import type REPLACE_ALL


-- Importing creature spawn with guid 72629 with import type REPLACE_ALL


-- Importing creature spawn with guid 72630 with import type REPLACE_ALL


-- Importing creature spawn with guid 72631 with import type REPLACE_ALL


-- Importing creature spawn with guid 72632 with import type REPLACE_ALL


-- Importing creature spawn with guid 72633 with import type REPLACE_ALL


-- Importing creature spawn with guid 72634 with import type REPLACE_ALL


-- Importing creature spawn with guid 72635 with import type REPLACE_ALL


-- Importing creature spawn with guid 21055 with import type REPLACE_ALL


-- Importing creature spawn with guid 73617 with import type REPLACE_ALL
INSERT INTO creature_entry (`spawnID`, `entry`) VALUES ('80437', '20878');
INSERT INTO creature (`spawnID`, `map`, `spawnMask`, `modelid`, `equipment_id`, `position_x`, `position_y`, `position_z`, `orientation`, `spawntimesecs`, `spawndist`, `currentwaypoint`, `curhealth`, `curmana`, `MovementType`, `unit_flags`, `pool_id`, `patch_min`, `patch_max`) VALUES ('80437', '530', '1', NULL, '1', '-3374.05', '2096.69', '33.9606', '4.98658', '300', '0', '0', '6761', '0', '0', '0', '0', '0', '10');
INSERT INTO spawn_group (`groupId`, `spawnType`, `spawnId`) VALUES ('2', '0', '80437');
INSERT INTO creature_entry (`spawnID`, `entry`) VALUES ('80451', '20878');
INSERT INTO creature (`spawnID`, `map`, `spawnMask`, `modelid`, `equipment_id`, `position_x`, `position_y`, `position_z`, `orientation`, `spawntimesecs`, `spawndist`, `currentwaypoint`, `curhealth`, `curmana`, `MovementType`, `unit_flags`, `pool_id`, `patch_min`, `patch_max`) VALUES ('80451', '530', '1', NULL, '1', '-3408.75', '2293.33', '33.9996', '4.81143', '300', '0', '0', '6761', '0', '0', '0', '0', '0', '10');
INSERT INTO spawn_group (`groupId`, `spawnType`, `spawnId`) VALUES ('2', '0', '80451');
INSERT INTO creature_entry (`spawnID`, `entry`) VALUES ('80452', '20878');
INSERT INTO creature (`spawnID`, `map`, `spawnMask`, `modelid`, `equipment_id`, `position_x`, `position_y`, `position_z`, `orientation`, `spawntimesecs`, `spawndist`, `currentwaypoint`, `curhealth`, `curmana`, `MovementType`, `unit_flags`, `pool_id`, `patch_min`, `patch_max`) VALUES ('80452', '530', '1', NULL, '1', '-3420.39', '2292.38', '33.8544', '4.81143', '300', '0', '0', '6761', '0', '0', '0', '0', '0', '10');
INSERT INTO spawn_group (`groupId`, `spawnType`, `spawnId`) VALUES ('2', '0', '80452');
INSERT INTO creature_entry (`spawnID`, `entry`) VALUES ('80479', '20878');
INSERT INTO creature (`spawnID`, `map`, `spawnMask`, `modelid`, `equipment_id`, `position_x`, `position_y`, `position_z`, `orientation`, `spawntimesecs`, `spawndist`, `currentwaypoint`, `curhealth`, `curmana`, `MovementType`, `unit_flags`, `pool_id`, `patch_min`, `patch_max`) VALUES ('80479', '530', '1', NULL, '1', '-3542.3', '2175.09', '34.605', '0.112182', '300', '0', '0', '6542', '0', '0', '0', '0', '0', '10');
INSERT INTO spawn_group (`groupId`, `spawnType`, `spawnId`) VALUES ('2', '0', '80479');
INSERT INTO creature_entry (`spawnID`, `entry`) VALUES ('80480', '20878');
INSERT INTO creature (`spawnID`, `map`, `spawnMask`, `modelid`, `equipment_id`, `position_x`, `position_y`, `position_z`, `orientation`, `spawntimesecs`, `spawndist`, `currentwaypoint`, `curhealth`, `curmana`, `MovementType`, `unit_flags`, `pool_id`, `patch_min`, `patch_max`) VALUES ('80480', '530', '1', NULL, '1', '-3539.62', '2158.01', '33.6429', '0.362725', '300', '0', '0', '6761', '0', '0', '0', '0', '0', '10');
INSERT INTO spawn_group (`groupId`, `spawnType`, `spawnId`) VALUES ('2', '0', '80480');
INSERT INTO creature_entry (`spawnID`, `entry`) VALUES ('80487', '20878');
INSERT INTO creature (`spawnID`, `map`, `spawnMask`, `modelid`, `equipment_id`, `position_x`, `position_y`, `position_z`, `orientation`, `spawntimesecs`, `spawndist`, `currentwaypoint`, `curhealth`, `curmana`, `MovementType`, `unit_flags`, `pool_id`, `patch_min`, `patch_max`) VALUES ('80487', '530', '1', NULL, '1', '-3662.5', '2072.94', '10.3361', '5.55746', '300', '0', '0', '6542', '0', '0', '0', '0', '0', '10');
INSERT INTO spawn_group (`groupId`, `spawnType`, `spawnId`) VALUES ('2', '0', '80487');
INSERT INTO creature_entry (`spawnID`, `entry`) VALUES ('80490', '20878');
INSERT INTO creature (`spawnID`, `map`, `spawnMask`, `modelid`, `equipment_id`, `position_x`, `position_y`, `position_z`, `orientation`, `spawntimesecs`, `spawndist`, `currentwaypoint`, `curhealth`, `curmana`, `MovementType`, `unit_flags`, `pool_id`, `patch_min`, `patch_max`) VALUES ('80490', '530', '1', NULL, '1', '-3652.5', '2084.2', '10.5056', '5.55746', '300', '0', '0', '6761', '0', '0', '0', '0', '0', '10');
INSERT INTO spawn_group (`groupId`, `spawnType`, `spawnId`) VALUES ('2', '0', '80490');
INSERT INTO creature_entry (`spawnID`, `entry`) VALUES ('80492', '20878');
INSERT INTO creature (`spawnID`, `map`, `spawnMask`, `modelid`, `equipment_id`, `position_x`, `position_y`, `position_z`, `orientation`, `spawntimesecs`, `spawndist`, `currentwaypoint`, `curhealth`, `curmana`, `MovementType`, `unit_flags`, `pool_id`, `patch_min`, `patch_max`) VALUES ('80492', '530', '1', NULL, '1', '-3644.13', '2055.73', '9.68677', '2.40328', '300', '0', '0', '6542', '0', '0', '0', '0', '0', '10');
INSERT INTO spawn_group (`groupId`, `spawnType`, `spawnId`) VALUES ('2', '0', '80492');
INSERT INTO creature_entry (`spawnID`, `entry`) VALUES ('80493', '20878');
INSERT INTO creature (`spawnID`, `map`, `spawnMask`, `modelid`, `equipment_id`, `position_x`, `position_y`, `position_z`, `orientation`, `spawntimesecs`, `spawndist`, `currentwaypoint`, `curhealth`, `curmana`, `MovementType`, `unit_flags`, `pool_id`, `patch_min`, `patch_max`) VALUES ('80493', '530', '1', NULL, '1', '-3637.7', '2038.1', '10.4644', '1.91553', '300', '0', '0', '6542', '0', '0', '0', '0', '0', '10');
INSERT INTO spawn_group (`groupId`, `spawnType`, `spawnId`) VALUES ('2', '0', '80493');
INSERT INTO creature_entry (`spawnID`, `entry`) VALUES ('80499', '20878');
INSERT INTO creature (`spawnID`, `map`, `spawnMask`, `modelid`, `equipment_id`, `position_x`, `position_y`, `position_z`, `orientation`, `spawntimesecs`, `spawndist`, `currentwaypoint`, `curhealth`, `curmana`, `MovementType`, `unit_flags`, `pool_id`, `patch_min`, `patch_max`) VALUES ('80499', '530', '1', NULL, '1', '-3622.26', '2053.14', '9.36395', '2.79277', '300', '0', '0', '6542', '0', '0', '0', '0', '0', '10');
INSERT INTO spawn_group (`groupId`, `spawnType`, `spawnId`) VALUES ('2', '0', '80499');
DELETE ce, c1, c2, sg FROM creature_entry ce LEFT JOIN conditions c1 ON c1.ConditionTypeOrReference = 31 AND c1.ConditionValue1 = 3 AND c1.ConditionValue3 = 1310746 LEFT JOIN conditions c2 ON c2.SourceTypeOrReferenceId = 22 AND c2.SourceId = 0 AND c1.SourceEntry = -1310746 LEFT JOIN spawn_group sg ON sg.spawnId = 1310746 AND spawnType = 0 WHERE ce.spawnID = 1310746;


-- Importing creature spawn with guid 73618 with import type REPLACE_ALL


-- Importing creature spawn with guid 73619 with import type REPLACE_ALL


-- Importing creature spawn with guid 73620 with import type REPLACE_ALL


-- Importing creature spawn with guid 73621 with import type REPLACE_ALL


-- Importing creature spawn with guid 73622 with import type REPLACE_ALL


-- Importing creature spawn with guid 73623 with import type REPLACE_ALL


-- Importing creature spawn with guid 73624 with import type REPLACE_ALL


-- Importing creature spawn with guid 73625 with import type REPLACE_ALL


-- Importing creature spawn with guid 73626 with import type REPLACE_ALL


-- Importing creature spawn with guid 73627 with import type REPLACE_ALL


-- Importing creature spawn with guid 73628 with import type REPLACE_ALL


-- Importing creature spawn with guid 73629 with import type REPLACE_ALL


-- Importing creature spawn with guid 73630 with import type REPLACE_ALL


-- Importing creature spawn with guid 73631 with import type REPLACE_ALL


-- Importing creature spawn with guid 73632 with import type REPLACE_ALL


-- Importing creature spawn with guid 73633 with import type REPLACE_ALL


-- Importing creature spawn with guid 73634 with import type REPLACE_ALL


-- Importing creature spawn with guid 73635 with import type REPLACE_ALL


-- Importing creature spawn with guid 73636 with import type REPLACE_ALL


-- Importing creature spawn with guid 73637 with import type REPLACE_ALL


-- Importing creature spawn with guid 73638 with import type REPLACE_ALL


-- Importing creature spawn with guid 73639 with import type REPLACE_ALL


-- Importing creature spawn with guid 73640 with import type REPLACE_ALL
INSERT INTO creature_entry (`spawnID`, `entry`) VALUES ('80468', '20887');
INSERT INTO creature (`spawnID`, `map`, `spawnMask`, `modelid`, `equipment_id`, `position_x`, `position_y`, `position_z`, `orientation`, `spawntimesecs`, `spawndist`, `currentwaypoint`, `curhealth`, `curmana`, `MovementType`, `unit_flags`, `pool_id`, `patch_min`, `patch_max`) VALUES ('80468', '530', '1', NULL, '0', '-3419.58', '2319.73', '36.8641', '4.84441', '300', '5', '0', '1518', '2933', '1', '0', '0', '0', '10');
INSERT INTO creature_entry (`spawnID`, `entry`) VALUES ('80501', '20887');
INSERT INTO creature (`spawnID`, `map`, `spawnMask`, `modelid`, `equipment_id`, `position_x`, `position_y`, `position_z`, `orientation`, `spawntimesecs`, `spawndist`, `currentwaypoint`, `curhealth`, `curmana`, `MovementType`, `unit_flags`, `pool_id`, `patch_min`, `patch_max`) VALUES ('80501', '530', '1', NULL, '0', '-3651.97', '2070.35', '9.96041', '4.50972', '300', '5', '0', '1518', '2933', '1', '0', '0', '0', '10');


-- Importing creature spawn with guid 73641 with import type REPLACE_ALL


-- Importing creature spawn with guid 73642 with import type REPLACE_ALL


-- Importing creature spawn with guid 73643 with import type REPLACE_ALL


-- Importing creature spawn with guid 73644 with import type REPLACE_ALL


-- Importing creature spawn with guid 73645 with import type REPLACE_ALL


-- Importing creature spawn with guid 73646 with import type REPLACE_ALL


-- Importing creature spawn with guid 73683 with import type REPLACE_ALL
INSERT INTO creature_entry (`spawnID`, `entry`) VALUES ('73683', '20929');
INSERT INTO creature (`spawnID`, `map`, `spawnMask`, `modelid`, `equipment_id`, `position_x`, `position_y`, `position_z`, `orientation`, `spawntimesecs`, `spawndist`, `currentwaypoint`, `curhealth`, `curmana`, `MovementType`, `unit_flags`, `pool_id`, `patch_min`, `patch_max`) VALUES ('73683', '530', '1', NULL, '1', '4846.55', '3783.34', '204.226', '3.70273', '300', '0', '0', '6148', '3155', '0', '0', '0', '0', '10');
INSERT INTO creature_entry (`spawnID`, `entry`) VALUES ('73684', '20929');
INSERT INTO creature (`spawnID`, `map`, `spawnMask`, `modelid`, `equipment_id`, `position_x`, `position_y`, `position_z`, `orientation`, `spawntimesecs`, `spawndist`, `currentwaypoint`, `curhealth`, `curmana`, `MovementType`, `unit_flags`, `pool_id`, `patch_min`, `patch_max`) VALUES ('73684', '530', '1', NULL, '1', '4864.45', '3792.47', '199.557', '3.86962', '300', '0', '0', '6148', '3155', '0', '0', '0', '0', '10');
INSERT INTO creature_entry (`spawnID`, `entry`) VALUES ('73685', '20929');
INSERT INTO creature (`spawnID`, `map`, `spawnMask`, `modelid`, `equipment_id`, `position_x`, `position_y`, `position_z`, `orientation`, `spawntimesecs`, `spawndist`, `currentwaypoint`, `curhealth`, `curmana`, `MovementType`, `unit_flags`, `pool_id`, `patch_min`, `patch_max`) VALUES ('73685', '530', '1', NULL, '1', '4837.15', '3777.76', '207.325', '2.76159', '300', '5', '0', '6148', '3155', '1', '0', '0', '0', '10');
DELETE ce, c1, c2, sg FROM creature_entry ce LEFT JOIN conditions c1 ON c1.ConditionTypeOrReference = 31 AND c1.ConditionValue1 = 3 AND c1.ConditionValue3 = 1072857 LEFT JOIN conditions c2 ON c2.SourceTypeOrReferenceId = 22 AND c2.SourceId = 0 AND c1.SourceEntry = -1072857 LEFT JOIN spawn_group sg ON sg.spawnId = 1072857 AND spawnType = 0 WHERE ce.spawnID = 1072857;
DELETE ce, c1, c2, sg FROM creature_entry ce LEFT JOIN conditions c1 ON c1.ConditionTypeOrReference = 31 AND c1.ConditionValue1 = 3 AND c1.ConditionValue3 = 1310951 LEFT JOIN conditions c2 ON c2.SourceTypeOrReferenceId = 22 AND c2.SourceId = 0 AND c1.SourceEntry = -1310951 LEFT JOIN spawn_group sg ON sg.spawnId = 1310951 AND spawnType = 0 WHERE ce.spawnID = 1310951;


-- Importing creature spawn with guid 73684 with import type REPLACE_ALL


-- Importing creature spawn with guid 73685 with import type REPLACE_ALL


-- Importing creature spawn with guid 73686 with import type REPLACE_ALL


-- Importing creature spawn with guid 73687 with import type REPLACE_ALL


-- Importing creature spawn with guid 73688 with import type REPLACE_ALL


-- Importing creature spawn with guid 73689 with import type REPLACE_ALL


-- Importing creature spawn with guid 73690 with import type REPLACE_ALL


-- Importing creature spawn with guid 73691 with import type REPLACE_ALL


-- Importing creature spawn with guid 73692 with import type REPLACE_ALL


-- Importing creature spawn with guid 73693 with import type REPLACE_ALL


-- Importing creature spawn with guid 73694 with import type REPLACE_ALL


-- Importing creature spawn with guid 73948 with import type REPLACE_ALL
INSERT INTO creature_entry (`spawnID`, `entry`) VALUES ('73948', '21052');
INSERT INTO creature (`spawnID`, `map`, `spawnMask`, `modelid`, `equipment_id`, `position_x`, `position_y`, `position_z`, `orientation`, `spawntimesecs`, `spawndist`, `currentwaypoint`, `curhealth`, `curmana`, `MovementType`, `unit_flags`, `pool_id`, `patch_min`, `patch_max`) VALUES ('73948', '530', '1', NULL, '0', '-3599.27', '1886.39', '47.3237', '2.23402', '300', '5', '0', '6986', '0', '1', '0', '0', '0', '10');
INSERT INTO creature_entry (`spawnID`, `entry`) VALUES ('73949', '21052');
INSERT INTO creature (`spawnID`, `map`, `spawnMask`, `modelid`, `equipment_id`, `position_x`, `position_y`, `position_z`, `orientation`, `spawntimesecs`, `spawndist`, `currentwaypoint`, `curhealth`, `curmana`, `MovementType`, `unit_flags`, `pool_id`, `patch_min`, `patch_max`) VALUES ('73949', '530', '1', NULL, '0', '-3600.08', '1897.72', '58.3933', '6.07375', '300', '5', '0', '6986', '0', '1', '0', '0', '0', '10');


-- Importing creature spawn with guid 73949 with import type REPLACE_ALL


-- Importing creature spawn with guid 73950 with import type REPLACE_ALL


-- Importing creature spawn with guid 73951 with import type REPLACE_ALL


-- Importing creature spawn with guid 73952 with import type REPLACE_ALL


-- Importing creature spawn with guid 73953 with import type REPLACE_ALL


-- Importing creature spawn with guid 73954 with import type REPLACE_ALL


-- Importing creature spawn with guid 73955 with import type REPLACE_ALL


-- Importing creature spawn with guid 73956 with import type REPLACE_ALL


-- Importing creature spawn with guid 73957 with import type REPLACE_ALL


-- Importing creature spawn with guid 73958 with import type REPLACE_ALL


-- Importing creature spawn with guid 73959 with import type REPLACE_ALL


-- Importing creature spawn with guid 143657 with import type REPLACE_ALL
INSERT INTO creature_entry (`spawnID`, `entry`) VALUES ('143657', '23287');
INSERT INTO creature (`spawnID`, `map`, `spawnMask`, `modelid`, `equipment_id`, `position_x`, `position_y`, `position_z`, `orientation`, `spawntimesecs`, `spawndist`, `currentwaypoint`, `curhealth`, `curmana`, `MovementType`, `unit_flags`, `pool_id`, `patch_min`, `patch_max`) VALUES ('143657', '530', '1', NULL, '0', '-4919.89', '307.317', '-13.1322', '3.40339', '300', '0', '0', '4299', '0', '0', '0', '0', '0', '10');
INSERT INTO creature_entry (`spawnID`, `entry`) VALUES ('143601', '23287');
INSERT INTO creature (`spawnID`, `map`, `spawnMask`, `modelid`, `equipment_id`, `position_x`, `position_y`, `position_z`, `orientation`, `spawntimesecs`, `spawndist`, `currentwaypoint`, `curhealth`, `curmana`, `MovementType`, `unit_flags`, `pool_id`, `patch_min`, `patch_max`) VALUES ('143601', '530', '1', NULL, '0', '-5229.83', '626.327', '48.9302', '4.2237', '300', '0', '0', '4299', '0', '0', '0', '0', '0', '10');
INSERT INTO creature_addon (`spawnID`, `path_id`, `mount`, `bytes0`, `bytes1`, `bytes2`, `emote`, `auras`) VALUES ('143601', NULL, '0', '0', '0', '1', '233', NULL);
INSERT INTO creature_entry (`spawnID`, `entry`) VALUES ('143602', '23287');
INSERT INTO creature (`spawnID`, `map`, `spawnMask`, `modelid`, `equipment_id`, `position_x`, `position_y`, `position_z`, `orientation`, `spawntimesecs`, `spawndist`, `currentwaypoint`, `curhealth`, `curmana`, `MovementType`, `unit_flags`, `pool_id`, `patch_min`, `patch_max`) VALUES ('143602', '530', '1', NULL, '0', '-5160.78', '616.745', '36.2415', '5.044', '300', '0', '0', '4299', '0', '0', '0', '0', '0', '10');
INSERT INTO creature_addon (`spawnID`, `path_id`, `mount`, `bytes0`, `bytes1`, `bytes2`, `emote`, `auras`) VALUES ('143602', NULL, '0', '0', '0', '1', '233', NULL);
INSERT INTO creature_entry (`spawnID`, `entry`) VALUES ('143603', '23287');
INSERT INTO creature (`spawnID`, `map`, `spawnMask`, `modelid`, `equipment_id`, `position_x`, `position_y`, `position_z`, `orientation`, `spawntimesecs`, `spawndist`, `currentwaypoint`, `curhealth`, `curmana`, `MovementType`, `unit_flags`, `pool_id`, `patch_min`, `patch_max`) VALUES ('143603', '530', '1', NULL, '0', '-5160.42', '658.833', '38.7361', '3.10669', '300', '0', '0', '4299', '0', '0', '0', '0', '0', '10');
INSERT INTO creature_addon (`spawnID`, `path_id`, `mount`, `bytes0`, `bytes1`, `bytes2`, `emote`, `auras`) VALUES ('143603', NULL, '0', '0', '0', '1', '233', NULL);
INSERT INTO creature_entry (`spawnID`, `entry`) VALUES ('143604', '23287');
INSERT INTO creature (`spawnID`, `map`, `spawnMask`, `modelid`, `equipment_id`, `position_x`, `position_y`, `position_z`, `orientation`, `spawntimesecs`, `spawndist`, `currentwaypoint`, `curhealth`, `curmana`, `MovementType`, `unit_flags`, `pool_id`, `patch_min`, `patch_max`) VALUES ('143604', '530', '1', NULL, '0', '-5163.11', '651.53', '37.3971', '2.46091', '300', '0', '0', '4299', '0', '0', '0', '0', '0', '10');
INSERT INTO creature_addon (`spawnID`, `path_id`, `mount`, `bytes0`, `bytes1`, `bytes2`, `emote`, `auras`) VALUES ('143604', NULL, '0', '0', '0', '1', '233', NULL);
INSERT INTO creature_entry (`spawnID`, `entry`) VALUES ('143605', '23287');
INSERT INTO creature (`spawnID`, `map`, `spawnMask`, `modelid`, `equipment_id`, `position_x`, `position_y`, `position_z`, `orientation`, `spawntimesecs`, `spawndist`, `currentwaypoint`, `curhealth`, `curmana`, `MovementType`, `unit_flags`, `pool_id`, `patch_min`, `patch_max`) VALUES ('143605', '530', '1', NULL, '0', '-5160.55', '678.992', '41.0232', '2.79253', '300', '0', '0', '4299', '0', '0', '0', '0', '0', '10');
INSERT INTO creature_addon (`spawnID`, `path_id`, `mount`, `bytes0`, `bytes1`, `bytes2`, `emote`, `auras`) VALUES ('143605', NULL, '0', '0', '0', '1', '233', NULL);
INSERT INTO creature_entry (`spawnID`, `entry`) VALUES ('143606', '23287');
INSERT INTO creature (`spawnID`, `map`, `spawnMask`, `modelid`, `equipment_id`, `position_x`, `position_y`, `position_z`, `orientation`, `spawntimesecs`, `spawndist`, `currentwaypoint`, `curhealth`, `curmana`, `MovementType`, `unit_flags`, `pool_id`, `patch_min`, `patch_max`) VALUES ('143606', '530', '1', NULL, '0', '-5161.21', '668.851', '40.5012', '3.28122', '300', '0', '0', '4299', '0', '0', '0', '0', '0', '10');
INSERT INTO creature_addon (`spawnID`, `path_id`, `mount`, `bytes0`, `bytes1`, `bytes2`, `emote`, `auras`) VALUES ('143606', NULL, '0', '0', '0', '1', '233', NULL);
INSERT INTO creature_entry (`spawnID`, `entry`) VALUES ('143607', '23287');
INSERT INTO creature (`spawnID`, `map`, `spawnMask`, `modelid`, `equipment_id`, `position_x`, `position_y`, `position_z`, `orientation`, `spawntimesecs`, `spawndist`, `currentwaypoint`, `curhealth`, `curmana`, `MovementType`, `unit_flags`, `pool_id`, `patch_min`, `patch_max`) VALUES ('143607', '530', '1', NULL, '0', '-5152.85', '621.456', '35.8735', '5.16617', '300', '0', '0', '4299', '0', '0', '0', '0', '0', '10');
INSERT INTO creature_addon (`spawnID`, `path_id`, `mount`, `bytes0`, `bytes1`, `bytes2`, `emote`, `auras`) VALUES ('143607', NULL, '0', '0', '0', '1', '233', NULL);
INSERT INTO creature_entry (`spawnID`, `entry`) VALUES ('143608', '23287');
INSERT INTO creature (`spawnID`, `map`, `spawnMask`, `modelid`, `equipment_id`, `position_x`, `position_y`, `position_z`, `orientation`, `spawntimesecs`, `spawndist`, `currentwaypoint`, `curhealth`, `curmana`, `MovementType`, `unit_flags`, `pool_id`, `patch_min`, `patch_max`) VALUES ('143608', '530', '1', NULL, '0', '-5157.46', '707.981', '42.9782', '2.75762', '300', '0', '0', '4299', '0', '0', '0', '0', '0', '10');
INSERT INTO creature_entry (`spawnID`, `entry`) VALUES ('143609', '23287');
INSERT INTO creature (`spawnID`, `map`, `spawnMask`, `modelid`, `equipment_id`, `position_x`, `position_y`, `position_z`, `orientation`, `spawntimesecs`, `spawndist`, `currentwaypoint`, `curhealth`, `curmana`, `MovementType`, `unit_flags`, `pool_id`, `patch_min`, `patch_max`) VALUES ('143609', '530', '1', NULL, '0', '-5156.38', '687.075', '41.2775', '2.80998', '300', '0', '0', '4299', '0', '0', '0', '0', '0', '10');
INSERT INTO creature_addon (`spawnID`, `path_id`, `mount`, `bytes0`, `bytes1`, `bytes2`, `emote`, `auras`) VALUES ('143609', NULL, '0', '0', '0', '1', '233', NULL);
INSERT INTO creature_entry (`spawnID`, `entry`) VALUES ('143610', '23287');
INSERT INTO creature (`spawnID`, `map`, `spawnMask`, `modelid`, `equipment_id`, `position_x`, `position_y`, `position_z`, `orientation`, `spawntimesecs`, `spawndist`, `currentwaypoint`, `curhealth`, `curmana`, `MovementType`, `unit_flags`, `pool_id`, `patch_min`, `patch_max`) VALUES ('143610', '530', '1', NULL, '0', '-5138.04', '646.656', '36.6503', '0.244346', '300', '0', '0', '4299', '0', '0', '0', '0', '0', '10');
INSERT INTO creature_addon (`spawnID`, `path_id`, `mount`, `bytes0`, `bytes1`, `bytes2`, `emote`, `auras`) VALUES ('143610', NULL, '0', '0', '0', '1', '233', NULL);
INSERT INTO creature_entry (`spawnID`, `entry`) VALUES ('143612', '23287');
INSERT INTO creature (`spawnID`, `map`, `spawnMask`, `modelid`, `equipment_id`, `position_x`, `position_y`, `position_z`, `orientation`, `spawntimesecs`, `spawndist`, `currentwaypoint`, `curhealth`, `curmana`, `MovementType`, `unit_flags`, `pool_id`, `patch_min`, `patch_max`) VALUES ('143612', '530', '1', NULL, '0', '-5158.1', '699.126', '42.5282', '3.47321', '300', '0', '0', '4299', '0', '0', '0', '0', '0', '10');
INSERT INTO creature_addon (`spawnID`, `path_id`, `mount`, `bytes0`, `bytes1`, `bytes2`, `emote`, `auras`) VALUES ('143612', NULL, '0', '0', '0', '1', '233', NULL);
INSERT INTO creature_entry (`spawnID`, `entry`) VALUES ('143611', '23287');
INSERT INTO creature (`spawnID`, `map`, `spawnMask`, `modelid`, `equipment_id`, `position_x`, `position_y`, `position_z`, `orientation`, `spawntimesecs`, `spawndist`, `currentwaypoint`, `curhealth`, `curmana`, `MovementType`, `unit_flags`, `pool_id`, `patch_min`, `patch_max`) VALUES ('143611', '530', '1', NULL, '0', '-5144.96', '630.149', '35.9286', '5.61996', '300', '0', '0', '4299', '0', '0', '0', '0', '0', '10');
INSERT INTO creature_addon (`spawnID`, `path_id`, `mount`, `bytes0`, `bytes1`, `bytes2`, `emote`, `auras`) VALUES ('143611', NULL, '0', '0', '0', '1', '233', NULL);
INSERT INTO creature_entry (`spawnID`, `entry`) VALUES ('143613', '23287');
INSERT INTO creature (`spawnID`, `map`, `spawnMask`, `modelid`, `equipment_id`, `position_x`, `position_y`, `position_z`, `orientation`, `spawntimesecs`, `spawndist`, `currentwaypoint`, `curhealth`, `curmana`, `MovementType`, `unit_flags`, `pool_id`, `patch_min`, `patch_max`) VALUES ('143613', '530', '1', NULL, '0', '-5139.44', '637.25', '36.1637', '5.68977', '300', '0', '0', '4299', '0', '0', '0', '0', '0', '10');
INSERT INTO creature_addon (`spawnID`, `path_id`, `mount`, `bytes0`, `bytes1`, `bytes2`, `emote`, `auras`) VALUES ('143613', NULL, '0', '0', '0', '1', '233', NULL);
INSERT INTO creature_entry (`spawnID`, `entry`) VALUES ('143615', '23287');
INSERT INTO creature (`spawnID`, `map`, `spawnMask`, `modelid`, `equipment_id`, `position_x`, `position_y`, `position_z`, `orientation`, `spawntimesecs`, `spawndist`, `currentwaypoint`, `curhealth`, `curmana`, `MovementType`, `unit_flags`, `pool_id`, `patch_min`, `patch_max`) VALUES ('143615', '530', '1', NULL, '0', '-5156.7', '715.892', '43.4573', '3.10669', '300', '0', '0', '4299', '0', '0', '0', '0', '0', '10');
INSERT INTO creature_addon (`spawnID`, `path_id`, `mount`, `bytes0`, `bytes1`, `bytes2`, `emote`, `auras`) VALUES ('143615', NULL, '0', '0', '0', '1', '233', NULL);
INSERT INTO creature_entry (`spawnID`, `entry`) VALUES ('143614', '23287');
INSERT INTO creature (`spawnID`, `map`, `spawnMask`, `modelid`, `equipment_id`, `position_x`, `position_y`, `position_z`, `orientation`, `spawntimesecs`, `spawndist`, `currentwaypoint`, `curhealth`, `curmana`, `MovementType`, `unit_flags`, `pool_id`, `patch_min`, `patch_max`) VALUES ('143614', '530', '1', NULL, '0', '-5131.76', '701.312', '41.2674', '0.523599', '300', '0', '0', '4299', '0', '0', '0', '0', '0', '10');
INSERT INTO creature_addon (`spawnID`, `path_id`, `mount`, `bytes0`, `bytes1`, `bytes2`, `emote`, `auras`) VALUES ('143614', NULL, '0', '0', '0', '1', '233', NULL);
INSERT INTO creature_entry (`spawnID`, `entry`) VALUES ('143616', '23287');
INSERT INTO creature (`spawnID`, `map`, `spawnMask`, `modelid`, `equipment_id`, `position_x`, `position_y`, `position_z`, `orientation`, `spawntimesecs`, `spawndist`, `currentwaypoint`, `curhealth`, `curmana`, `MovementType`, `unit_flags`, `pool_id`, `patch_min`, `patch_max`) VALUES ('143616', '530', '1', NULL, '0', '-5121.37', '693.678', '38.9288', '1.36136', '300', '0', '0', '4299', '0', '0', '0', '0', '0', '10');
INSERT INTO creature_addon (`spawnID`, `path_id`, `mount`, `bytes0`, `bytes1`, `bytes2`, `emote`, `auras`) VALUES ('143616', NULL, '0', '0', '0', '1', '233', NULL);
INSERT INTO creature_entry (`spawnID`, `entry`) VALUES ('143617', '23287');
INSERT INTO creature (`spawnID`, `map`, `spawnMask`, `modelid`, `equipment_id`, `position_x`, `position_y`, `position_z`, `orientation`, `spawntimesecs`, `spawndist`, `currentwaypoint`, `curhealth`, `curmana`, `MovementType`, `unit_flags`, `pool_id`, `patch_min`, `patch_max`) VALUES ('143617', '530', '1', NULL, '0', '-5097.45', '680.238', '32.8894', '3.00197', '300', '0', '0', '4299', '0', '0', '0', '0', '0', '10');
INSERT INTO creature_entry (`spawnID`, `entry`) VALUES ('143618', '23287');
INSERT INTO creature (`spawnID`, `map`, `spawnMask`, `modelid`, `equipment_id`, `position_x`, `position_y`, `position_z`, `orientation`, `spawntimesecs`, `spawndist`, `currentwaypoint`, `curhealth`, `curmana`, `MovementType`, `unit_flags`, `pool_id`, `patch_min`, `patch_max`) VALUES ('143618', '530', '1', NULL, '0', '-5135.89', '721.686', '44.3576', '0.0872665', '300', '0', '0', '4299', '0', '0', '0', '0', '0', '10');
INSERT INTO creature_addon (`spawnID`, `path_id`, `mount`, `bytes0`, `bytes1`, `bytes2`, `emote`, `auras`) VALUES ('143618', NULL, '0', '0', '0', '1', '233', NULL);
INSERT INTO creature_entry (`spawnID`, `entry`) VALUES ('143619', '23287');
INSERT INTO creature (`spawnID`, `map`, `spawnMask`, `modelid`, `equipment_id`, `position_x`, `position_y`, `position_z`, `orientation`, `spawntimesecs`, `spawndist`, `currentwaypoint`, `curhealth`, `curmana`, `MovementType`, `unit_flags`, `pool_id`, `patch_min`, `patch_max`) VALUES ('143619', '530', '1', NULL, '0', '-5159.91', '725.414', '45.5504', '3.33358', '300', '0', '0', '4299', '0', '0', '0', '0', '0', '10');
INSERT INTO creature_addon (`spawnID`, `path_id`, `mount`, `bytes0`, `bytes1`, `bytes2`, `emote`, `auras`) VALUES ('143619', NULL, '0', '0', '0', '1', '233', NULL);
INSERT INTO creature_entry (`spawnID`, `entry`) VALUES ('143620', '23287');
INSERT INTO creature (`spawnID`, `map`, `spawnMask`, `modelid`, `equipment_id`, `position_x`, `position_y`, `position_z`, `orientation`, `spawntimesecs`, `spawndist`, `currentwaypoint`, `curhealth`, `curmana`, `MovementType`, `unit_flags`, `pool_id`, `patch_min`, `patch_max`) VALUES ('143620', '530', '1', NULL, '0', '-5140.92', '729.52', '45.3102', '0.872665', '300', '0', '0', '4299', '0', '0', '0', '0', '0', '10');
INSERT INTO creature_addon (`spawnID`, `path_id`, `mount`, `bytes0`, `bytes1`, `bytes2`, `emote`, `auras`) VALUES ('143620', NULL, '0', '0', '0', '1', '233', NULL);
INSERT INTO creature_entry (`spawnID`, `entry`) VALUES ('143622', '23287');
INSERT INTO creature (`spawnID`, `map`, `spawnMask`, `modelid`, `equipment_id`, `position_x`, `position_y`, `position_z`, `orientation`, `spawntimesecs`, `spawndist`, `currentwaypoint`, `curhealth`, `curmana`, `MovementType`, `unit_flags`, `pool_id`, `patch_min`, `patch_max`) VALUES ('143622', '530', '1', NULL, '0', '-5133.99', '712.609', '42.6104', '0.226893', '300', '0', '0', '4299', '0', '0', '0', '0', '0', '10');
INSERT INTO creature_addon (`spawnID`, `path_id`, `mount`, `bytes0`, `bytes1`, `bytes2`, `emote`, `auras`) VALUES ('143622', NULL, '0', '0', '0', '1', '233', NULL);
INSERT INTO creature_entry (`spawnID`, `entry`) VALUES ('143621', '23287');
INSERT INTO creature (`spawnID`, `map`, `spawnMask`, `modelid`, `equipment_id`, `position_x`, `position_y`, `position_z`, `orientation`, `spawntimesecs`, `spawndist`, `currentwaypoint`, `curhealth`, `curmana`, `MovementType`, `unit_flags`, `pool_id`, `patch_min`, `patch_max`) VALUES ('143621', '530', '1', NULL, '0', '-5079.6', '669.657', '33.3003', '3.12414', '300', '0', '0', '4299', '0', '0', '0', '0', '0', '10');
INSERT INTO creature_entry (`spawnID`, `entry`) VALUES ('143623', '23287');
INSERT INTO creature (`spawnID`, `map`, `spawnMask`, `modelid`, `equipment_id`, `position_x`, `position_y`, `position_z`, `orientation`, `spawntimesecs`, `spawndist`, `currentwaypoint`, `curhealth`, `curmana`, `MovementType`, `unit_flags`, `pool_id`, `patch_min`, `patch_max`) VALUES ('143623', '530', '1', NULL, '0', '-5063.48', '624.726', '27.5628', '2.33874', '300', '0', '0', '4299', '0', '0', '0', '0', '0', '10');
INSERT INTO creature_entry (`spawnID`, `entry`) VALUES ('143628', '23287');
INSERT INTO creature (`spawnID`, `map`, `spawnMask`, `modelid`, `equipment_id`, `position_x`, `position_y`, `position_z`, `orientation`, `spawntimesecs`, `spawndist`, `currentwaypoint`, `curhealth`, `curmana`, `MovementType`, `unit_flags`, `pool_id`, `patch_min`, `patch_max`) VALUES ('143628', '530', '1', NULL, '0', '-5219.05', '621.868', '47.9706', '4.31096', '300', '0', '0', '4299', '0', '0', '0', '0', '0', '10');
INSERT INTO creature_addon (`spawnID`, `path_id`, `mount`, `bytes0`, `bytes1`, `bytes2`, `emote`, `auras`) VALUES ('143628', NULL, '0', '0', '0', '1', '233', NULL);
INSERT INTO creature_entry (`spawnID`, `entry`) VALUES ('143627', '23287');
INSERT INTO creature (`spawnID`, `map`, `spawnMask`, `modelid`, `equipment_id`, `position_x`, `position_y`, `position_z`, `orientation`, `spawntimesecs`, `spawndist`, `currentwaypoint`, `curhealth`, `curmana`, `MovementType`, `unit_flags`, `pool_id`, `patch_min`, `patch_max`) VALUES ('143627', '530', '1', NULL, '0', '-5058.13', '647.351', '29.3678', '2.80998', '300', '0', '0', '4299', '0', '0', '0', '0', '0', '10');
INSERT INTO creature_entry (`spawnID`, `entry`) VALUES ('143624', '23287');
INSERT INTO creature (`spawnID`, `map`, `spawnMask`, `modelid`, `equipment_id`, `position_x`, `position_y`, `position_z`, `orientation`, `spawntimesecs`, `spawndist`, `currentwaypoint`, `curhealth`, `curmana`, `MovementType`, `unit_flags`, `pool_id`, `patch_min`, `patch_max`) VALUES ('143624', '530', '1', NULL, '0', '-5080.88', '644.967', '32.681', '2.42601', '300', '0', '0', '4299', '0', '0', '0', '0', '0', '10');
INSERT INTO creature_entry (`spawnID`, `entry`) VALUES ('143625', '23287');
INSERT INTO creature (`spawnID`, `map`, `spawnMask`, `modelid`, `equipment_id`, `position_x`, `position_y`, `position_z`, `orientation`, `spawntimesecs`, `spawndist`, `currentwaypoint`, `curhealth`, `curmana`, `MovementType`, `unit_flags`, `pool_id`, `patch_min`, `patch_max`) VALUES ('143625', '530', '1', NULL, '0', '-5100.42', '654.442', '33.4944', '2.30383', '300', '0', '0', '4299', '0', '0', '0', '0', '0', '10');
INSERT INTO creature_entry (`spawnID`, `entry`) VALUES ('143626', '23287');
INSERT INTO creature (`spawnID`, `map`, `spawnMask`, `modelid`, `equipment_id`, `position_x`, `position_y`, `position_z`, `orientation`, `spawntimesecs`, `spawndist`, `currentwaypoint`, `curhealth`, `curmana`, `MovementType`, `unit_flags`, `pool_id`, `patch_min`, `patch_max`) VALUES ('143626', '530', '1', NULL, '0', '-5164.48', '734.237', '47.0397', '3.4383', '300', '0', '0', '4299', '0', '0', '0', '0', '0', '10');
INSERT INTO creature_addon (`spawnID`, `path_id`, `mount`, `bytes0`, `bytes1`, `bytes2`, `emote`, `auras`) VALUES ('143626', NULL, '0', '0', '0', '1', '233', NULL);
INSERT INTO creature_entry (`spawnID`, `entry`) VALUES ('143629', '23287');
INSERT INTO creature (`spawnID`, `map`, `spawnMask`, `modelid`, `equipment_id`, `position_x`, `position_y`, `position_z`, `orientation`, `spawntimesecs`, `spawndist`, `currentwaypoint`, `curhealth`, `curmana`, `MovementType`, `unit_flags`, `pool_id`, `patch_min`, `patch_max`) VALUES ('143629', '530', '1', NULL, '0', '-5040.08', '627.726', '19.7563', '2.37365', '300', '0', '0', '4299', '0', '0', '0', '0', '0', '10');
INSERT INTO creature_entry (`spawnID`, `entry`) VALUES ('143630', '23287');
INSERT INTO creature (`spawnID`, `map`, `spawnMask`, `modelid`, `equipment_id`, `position_x`, `position_y`, `position_z`, `orientation`, `spawntimesecs`, `spawndist`, `currentwaypoint`, `curhealth`, `curmana`, `MovementType`, `unit_flags`, `pool_id`, `patch_min`, `patch_max`) VALUES ('143630', '530', '1', NULL, '0', '-5018.82', '584.21', '22.7073', '2.05949', '300', '0', '0', '4299', '0', '0', '0', '0', '0', '10');
INSERT INTO creature_entry (`spawnID`, `entry`) VALUES ('143632', '23287');
INSERT INTO creature (`spawnID`, `map`, `spawnMask`, `modelid`, `equipment_id`, `position_x`, `position_y`, `position_z`, `orientation`, `spawntimesecs`, `spawndist`, `currentwaypoint`, `curhealth`, `curmana`, `MovementType`, `unit_flags`, `pool_id`, `patch_min`, `patch_max`) VALUES ('143632', '530', '1', NULL, '0', '-5019.4', '638.628', '23.4191', '3.28122', '300', '0', '0', '4299', '0', '0', '0', '0', '0', '10');
INSERT INTO creature_entry (`spawnID`, `entry`) VALUES ('143633', '23287');
INSERT INTO creature (`spawnID`, `map`, `spawnMask`, `modelid`, `equipment_id`, `position_x`, `position_y`, `position_z`, `orientation`, `spawntimesecs`, `spawndist`, `currentwaypoint`, `curhealth`, `curmana`, `MovementType`, `unit_flags`, `pool_id`, `patch_min`, `patch_max`) VALUES ('143633', '530', '1', NULL, '0', '-5043.95', '595.392', '18.2402', '2.09439', '300', '0', '0', '4299', '0', '0', '0', '0', '0', '10');
INSERT INTO creature_entry (`spawnID`, `entry`) VALUES ('143634', '23287');
INSERT INTO creature (`spawnID`, `map`, `spawnMask`, `modelid`, `equipment_id`, `position_x`, `position_y`, `position_z`, `orientation`, `spawntimesecs`, `spawndist`, `currentwaypoint`, `curhealth`, `curmana`, `MovementType`, `unit_flags`, `pool_id`, `patch_min`, `patch_max`) VALUES ('143634', '530', '1', NULL, '0', '-4969.86', '654.936', '20.9275', '3.42085', '300', '0', '0', '4299', '0', '0', '0', '0', '0', '10');
INSERT INTO creature_entry (`spawnID`, `entry`) VALUES ('143655', '23287');
INSERT INTO creature (`spawnID`, `map`, `spawnMask`, `modelid`, `equipment_id`, `position_x`, `position_y`, `position_z`, `orientation`, `spawntimesecs`, `spawndist`, `currentwaypoint`, `curhealth`, `curmana`, `MovementType`, `unit_flags`, `pool_id`, `patch_min`, `patch_max`) VALUES ('143655', '530', '1', NULL, '0', '-4959.42', '393.706', '-0.92949', '4.5204', '300', '0', '0', '4299', '0', '0', '0', '0', '0', '10');
INSERT INTO creature_entry (`spawnID`, `entry`) VALUES ('143654', '23287');
INSERT INTO creature (`spawnID`, `map`, `spawnMask`, `modelid`, `equipment_id`, `position_x`, `position_y`, `position_z`, `orientation`, `spawntimesecs`, `spawndist`, `currentwaypoint`, `curhealth`, `curmana`, `MovementType`, `unit_flags`, `pool_id`, `patch_min`, `patch_max`) VALUES ('143654', '530', '1', NULL, '0', '-4904.54', '420.029', '-5.08854', '2.44346', '300', '0', '0', '4299', '0', '0', '0', '0', '0', '10');
INSERT INTO creature_entry (`spawnID`, `entry`) VALUES ('143653', '23287');
INSERT INTO creature (`spawnID`, `map`, `spawnMask`, `modelid`, `equipment_id`, `position_x`, `position_y`, `position_z`, `orientation`, `spawntimesecs`, `spawndist`, `currentwaypoint`, `curhealth`, `curmana`, `MovementType`, `unit_flags`, `pool_id`, `patch_min`, `patch_max`) VALUES ('143653', '530', '1', NULL, '0', '-4950.46', '451.137', '0.72554', '0.942478', '300', '0', '0', '4299', '0', '0', '0', '0', '0', '10');
INSERT INTO creature_entry (`spawnID`, `entry`) VALUES ('143652', '23287');
INSERT INTO creature (`spawnID`, `map`, `spawnMask`, `modelid`, `equipment_id`, `position_x`, `position_y`, `position_z`, `orientation`, `spawntimesecs`, `spawndist`, `currentwaypoint`, `curhealth`, `curmana`, `MovementType`, `unit_flags`, `pool_id`, `patch_min`, `patch_max`) VALUES ('143652', '530', '1', NULL, '0', '-4941.03', '469.183', '0.202341', '1.06465', '300', '0', '0', '4299', '0', '0', '0', '0', '0', '10');
INSERT INTO creature_entry (`spawnID`, `entry`) VALUES ('143651', '23287');
INSERT INTO creature (`spawnID`, `map`, `spawnMask`, `modelid`, `equipment_id`, `position_x`, `position_y`, `position_z`, `orientation`, `spawntimesecs`, `spawndist`, `currentwaypoint`, `curhealth`, `curmana`, `MovementType`, `unit_flags`, `pool_id`, `patch_min`, `patch_max`) VALUES ('143651', '530', '1', NULL, '0', '-4882.04', '472.489', '-3.11754', '3.22886', '300', '0', '0', '4299', '0', '0', '0', '0', '0', '10');
INSERT INTO creature_entry (`spawnID`, `entry`) VALUES ('143650', '23287');
INSERT INTO creature (`spawnID`, `map`, `spawnMask`, `modelid`, `equipment_id`, `position_x`, `position_y`, `position_z`, `orientation`, `spawntimesecs`, `spawndist`, `currentwaypoint`, `curhealth`, `curmana`, `MovementType`, `unit_flags`, `pool_id`, `patch_min`, `patch_max`) VALUES ('143650', '530', '1', NULL, '0', '-4907.83', '475.566', '0.890101', '2.04204', '300', '0', '0', '4299', '0', '0', '0', '0', '0', '10');
INSERT INTO creature_entry (`spawnID`, `entry`) VALUES ('143648', '23287');
INSERT INTO creature (`spawnID`, `map`, `spawnMask`, `modelid`, `equipment_id`, `position_x`, `position_y`, `position_z`, `orientation`, `spawntimesecs`, `spawndist`, `currentwaypoint`, `curhealth`, `curmana`, `MovementType`, `unit_flags`, `pool_id`, `patch_min`, `patch_max`) VALUES ('143648', '530', '1', NULL, '0', '-4981.04', '460.073', '4.20743', '0.174533', '300', '0', '0', '4299', '0', '0', '0', '0', '0', '10');
INSERT INTO creature_entry (`spawnID`, `entry`) VALUES ('143647', '23287');
INSERT INTO creature (`spawnID`, `map`, `spawnMask`, `modelid`, `equipment_id`, `position_x`, `position_y`, `position_z`, `orientation`, `spawntimesecs`, `spawndist`, `currentwaypoint`, `curhealth`, `curmana`, `MovementType`, `unit_flags`, `pool_id`, `patch_min`, `patch_max`) VALUES ('143647', '530', '1', NULL, '0', '-4926.75', '455.508', '1.52772', '1.39626', '300', '0', '0', '4299', '0', '0', '0', '0', '0', '10');
INSERT INTO creature_entry (`spawnID`, `entry`) VALUES ('143646', '23287');
INSERT INTO creature (`spawnID`, `map`, `spawnMask`, `modelid`, `equipment_id`, `position_x`, `position_y`, `position_z`, `orientation`, `spawntimesecs`, `spawndist`, `currentwaypoint`, `curhealth`, `curmana`, `MovementType`, `unit_flags`, `pool_id`, `patch_min`, `patch_max`) VALUES ('143646', '530', '1', NULL, '0', '-4918.07', '502.059', '2.48006', '1.5708', '300', '0', '0', '4299', '0', '0', '0', '0', '0', '10');
INSERT INTO creature_entry (`spawnID`, `entry`) VALUES ('143645', '23287');
INSERT INTO creature (`spawnID`, `map`, `spawnMask`, `modelid`, `equipment_id`, `position_x`, `position_y`, `position_z`, `orientation`, `spawntimesecs`, `spawndist`, `currentwaypoint`, `curhealth`, `curmana`, `MovementType`, `unit_flags`, `pool_id`, `patch_min`, `patch_max`) VALUES ('143645', '530', '1', NULL, '0', '-4965.99', '483.219', '4.14391', '0.0349066', '300', '0', '0', '4299', '0', '0', '0', '0', '0', '10');
INSERT INTO creature_entry (`spawnID`, `entry`) VALUES ('143644', '23287');
INSERT INTO creature (`spawnID`, `map`, `spawnMask`, `modelid`, `equipment_id`, `position_x`, `position_y`, `position_z`, `orientation`, `spawntimesecs`, `spawndist`, `currentwaypoint`, `curhealth`, `curmana`, `MovementType`, `unit_flags`, `pool_id`, `patch_min`, `patch_max`) VALUES ('143644', '530', '1', NULL, '0', '-4887.94', '531.721', '0.624772', '3.05433', '300', '0', '0', '4299', '0', '0', '0', '0', '0', '10');
INSERT INTO creature_entry (`spawnID`, `entry`) VALUES ('143640', '23287');
INSERT INTO creature (`spawnID`, `map`, `spawnMask`, `modelid`, `equipment_id`, `position_x`, `position_y`, `position_z`, `orientation`, `spawntimesecs`, `spawndist`, `currentwaypoint`, `curhealth`, `curmana`, `MovementType`, `unit_flags`, `pool_id`, `patch_min`, `patch_max`) VALUES ('143640', '530', '1', NULL, '0', '-4921.92', '547.607', '6.50163', '2.04204', '300', '0', '0', '4299', '0', '0', '0', '0', '0', '10');
INSERT INTO creature_entry (`spawnID`, `entry`) VALUES ('143639', '23287');
INSERT INTO creature (`spawnID`, `map`, `spawnMask`, `modelid`, `equipment_id`, `position_x`, `position_y`, `position_z`, `orientation`, `spawntimesecs`, `spawndist`, `currentwaypoint`, `curhealth`, `curmana`, `MovementType`, `unit_flags`, `pool_id`, `patch_min`, `patch_max`) VALUES ('143639', '530', '1', NULL, '0', '-4944.88', '561.502', '7.63682', '2.09439', '300', '0', '0', '4299', '0', '0', '0', '0', '0', '10');
INSERT INTO creature_entry (`spawnID`, `entry`) VALUES ('143637', '23287');
INSERT INTO creature (`spawnID`, `map`, `spawnMask`, `modelid`, `equipment_id`, `position_x`, `position_y`, `position_z`, `orientation`, `spawntimesecs`, `spawndist`, `currentwaypoint`, `curhealth`, `curmana`, `MovementType`, `unit_flags`, `pool_id`, `patch_min`, `patch_max`) VALUES ('143637', '530', '1', NULL, '0', '-4942.41', '582.11', '9.91461', '2.1293', '300', '0', '0', '4299', '0', '0', '0', '0', '0', '10');
INSERT INTO creature_entry (`spawnID`, `entry`) VALUES ('143636', '23287');
INSERT INTO creature (`spawnID`, `map`, `spawnMask`, `modelid`, `equipment_id`, `position_x`, `position_y`, `position_z`, `orientation`, `spawntimesecs`, `spawndist`, `currentwaypoint`, `curhealth`, `curmana`, `MovementType`, `unit_flags`, `pool_id`, `patch_min`, `patch_max`) VALUES ('143636', '530', '1', NULL, '0', '-4968.71', '620.063', '16.1749', '2.67035', '300', '0', '0', '4299', '0', '0', '0', '0', '0', '10');
INSERT INTO creature_entry (`spawnID`, `entry`) VALUES ('143635', '23287');
INSERT INTO creature (`spawnID`, `map`, `spawnMask`, `modelid`, `equipment_id`, `position_x`, `position_y`, `position_z`, `orientation`, `spawntimesecs`, `spawndist`, `currentwaypoint`, `curhealth`, `curmana`, `MovementType`, `unit_flags`, `pool_id`, `patch_min`, `patch_max`) VALUES ('143635', '530', '1', NULL, '0', '-4959.94', '591.927', '12.991', '1.98968', '300', '0', '0', '4299', '0', '0', '0', '0', '0', '10');
INSERT INTO creature_entry (`spawnID`, `entry`) VALUES ('143660', '23287');
INSERT INTO creature (`spawnID`, `map`, `spawnMask`, `modelid`, `equipment_id`, `position_x`, `position_y`, `position_z`, `orientation`, `spawntimesecs`, `spawndist`, `currentwaypoint`, `curhealth`, `curmana`, `MovementType`, `unit_flags`, `pool_id`, `patch_min`, `patch_max`) VALUES ('143660', '530', '1', NULL, '0', '-4941.54', '294.663', '-8.8148', '3.26377', '300', '0', '0', '4299', '0', '0', '0', '0', '0', '10');
INSERT INTO creature_entry (`spawnID`, `entry`) VALUES ('143661', '23287');
INSERT INTO creature (`spawnID`, `map`, `spawnMask`, `modelid`, `equipment_id`, `position_x`, `position_y`, `position_z`, `orientation`, `spawntimesecs`, `spawndist`, `currentwaypoint`, `curhealth`, `curmana`, `MovementType`, `unit_flags`, `pool_id`, `patch_min`, `patch_max`) VALUES ('143661', '530', '1', NULL, '0', '-4994.48', '281.776', '-3.49516', '2.68781', '300', '0', '0', '4299', '0', '0', '0', '0', '0', '10');
INSERT INTO creature_entry (`spawnID`, `entry`) VALUES ('143662', '23287');
INSERT INTO creature (`spawnID`, `map`, `spawnMask`, `modelid`, `equipment_id`, `position_x`, `position_y`, `position_z`, `orientation`, `spawntimesecs`, `spawndist`, `currentwaypoint`, `curhealth`, `curmana`, `MovementType`, `unit_flags`, `pool_id`, `patch_min`, `patch_max`) VALUES ('143662', '530', '1', NULL, '0', '-5014.46', '279.322', '0.0647393', '2.35619', '300', '0', '0', '4299', '0', '0', '0', '0', '0', '10');
INSERT INTO creature_entry (`spawnID`, `entry`) VALUES ('143663', '23287');
INSERT INTO creature (`spawnID`, `map`, `spawnMask`, `modelid`, `equipment_id`, `position_x`, `position_y`, `position_z`, `orientation`, `spawntimesecs`, `spawndist`, `currentwaypoint`, `curhealth`, `curmana`, `MovementType`, `unit_flags`, `pool_id`, `patch_min`, `patch_max`) VALUES ('143663', '530', '1', NULL, '0', '-4981', '267.045', '-6.29907', '2.56563', '300', '0', '0', '4299', '0', '0', '0', '0', '0', '10');
INSERT INTO creature_entry (`spawnID`, `entry`) VALUES ('143664', '23287');
INSERT INTO creature (`spawnID`, `map`, `spawnMask`, `modelid`, `equipment_id`, `position_x`, `position_y`, `position_z`, `orientation`, `spawntimesecs`, `spawndist`, `currentwaypoint`, `curhealth`, `curmana`, `MovementType`, `unit_flags`, `pool_id`, `patch_min`, `patch_max`) VALUES ('143664', '530', '1', NULL, '0', '-4966.65', '279.133', '-5.87696', '2.84489', '300', '0', '0', '4299', '0', '0', '0', '0', '0', '10');
INSERT INTO creature_entry (`spawnID`, `entry`) VALUES ('143666', '23287');
INSERT INTO creature (`spawnID`, `map`, `spawnMask`, `modelid`, `equipment_id`, `position_x`, `position_y`, `position_z`, `orientation`, `spawntimesecs`, `spawndist`, `currentwaypoint`, `curhealth`, `curmana`, `MovementType`, `unit_flags`, `pool_id`, `patch_min`, `patch_max`) VALUES ('143666', '530', '1', NULL, '0', '-5009.96', '296.281', '2.06325', '2.79253', '300', '0', '0', '4299', '0', '0', '0', '0', '0', '10');
INSERT INTO creature_entry (`spawnID`, `entry`) VALUES ('143667', '23287');
INSERT INTO creature (`spawnID`, `map`, `spawnMask`, `modelid`, `equipment_id`, `position_x`, `position_y`, `position_z`, `orientation`, `spawntimesecs`, `spawndist`, `currentwaypoint`, `curhealth`, `curmana`, `MovementType`, `unit_flags`, `pool_id`, `patch_min`, `patch_max`) VALUES ('143667', '530', '1', NULL, '0', '-4973.3', '220.818', '-10.6333', '2.21657', '300', '0', '0', '4299', '0', '0', '0', '0', '0', '10');
INSERT INTO creature_entry (`spawnID`, `entry`) VALUES ('143668', '23287');
INSERT INTO creature (`spawnID`, `map`, `spawnMask`, `modelid`, `equipment_id`, `position_x`, `position_y`, `position_z`, `orientation`, `spawntimesecs`, `spawndist`, `currentwaypoint`, `curhealth`, `curmana`, `MovementType`, `unit_flags`, `pool_id`, `patch_min`, `patch_max`) VALUES ('143668', '530', '1', NULL, '0', '-4977.84', '252.817', '-8.2034', '2.40855', '300', '0', '0', '4299', '0', '0', '0', '0', '0', '10');
INSERT INTO creature_entry (`spawnID`, `entry`) VALUES ('143669', '23287');
INSERT INTO creature (`spawnID`, `map`, `spawnMask`, `modelid`, `equipment_id`, `position_x`, `position_y`, `position_z`, `orientation`, `spawntimesecs`, `spawndist`, `currentwaypoint`, `curhealth`, `curmana`, `MovementType`, `unit_flags`, `pool_id`, `patch_min`, `patch_max`) VALUES ('143669', '530', '1', NULL, '0', '-5011.1', '222.092', '-10.5117', '1.81514', '300', '0', '0', '4299', '0', '0', '0', '0', '0', '10');
INSERT INTO creature_entry (`spawnID`, `entry`) VALUES ('143670', '23287');
INSERT INTO creature (`spawnID`, `map`, `spawnMask`, `modelid`, `equipment_id`, `position_x`, `position_y`, `position_z`, `orientation`, `spawntimesecs`, `spawndist`, `currentwaypoint`, `curhealth`, `curmana`, `MovementType`, `unit_flags`, `pool_id`, `patch_min`, `patch_max`) VALUES ('143670', '530', '1', NULL, '0', '-4995.98', '254.496', '-4.69926', '2.21657', '300', '0', '0', '4299', '0', '0', '0', '0', '0', '10');
INSERT INTO creature_entry (`spawnID`, `entry`) VALUES ('143671', '23287');
INSERT INTO creature (`spawnID`, `map`, `spawnMask`, `modelid`, `equipment_id`, `position_x`, `position_y`, `position_z`, `orientation`, `spawntimesecs`, `spawndist`, `currentwaypoint`, `curhealth`, `curmana`, `MovementType`, `unit_flags`, `pool_id`, `patch_min`, `patch_max`) VALUES ('143671', '530', '1', NULL, '0', '-5023.84', '241.114', '-4.39203', '1.32645', '300', '0', '0', '4299', '0', '0', '0', '0', '0', '10');
INSERT INTO creature_entry (`spawnID`, `entry`) VALUES ('143672', '23287');
INSERT INTO creature (`spawnID`, `map`, `spawnMask`, `modelid`, `equipment_id`, `position_x`, `position_y`, `position_z`, `orientation`, `spawntimesecs`, `spawndist`, `currentwaypoint`, `curhealth`, `curmana`, `MovementType`, `unit_flags`, `pool_id`, `patch_min`, `patch_max`) VALUES ('143672', '530', '1', NULL, '0', '-5044.64', '201.475', '-11.8637', '0.872665', '300', '0', '0', '4299', '0', '0', '0', '0', '0', '10');
INSERT INTO creature_entry (`spawnID`, `entry`) VALUES ('143673', '23287');
INSERT INTO creature (`spawnID`, `map`, `spawnMask`, `modelid`, `equipment_id`, `position_x`, `position_y`, `position_z`, `orientation`, `spawntimesecs`, `spawndist`, `currentwaypoint`, `curhealth`, `curmana`, `MovementType`, `unit_flags`, `pool_id`, `patch_min`, `patch_max`) VALUES ('143673', '530', '1', NULL, '0', '-5069.87', '170.684', '-9.40114', '0.820305', '300', '0', '0', '4299', '0', '0', '0', '0', '0', '10');
INSERT INTO creature_entry (`spawnID`, `entry`) VALUES ('143674', '23287');
INSERT INTO creature (`spawnID`, `map`, `spawnMask`, `modelid`, `equipment_id`, `position_x`, `position_y`, `position_z`, `orientation`, `spawntimesecs`, `spawndist`, `currentwaypoint`, `curhealth`, `curmana`, `MovementType`, `unit_flags`, `pool_id`, `patch_min`, `patch_max`) VALUES ('143674', '530', '1', NULL, '0', '-5009.81', '160.832', '-14.7209', '2.75762', '300', '0', '0', '4299', '0', '0', '0', '0', '0', '10');
INSERT INTO creature_entry (`spawnID`, `entry`) VALUES ('143675', '23287');
INSERT INTO creature (`spawnID`, `map`, `spawnMask`, `modelid`, `equipment_id`, `position_x`, `position_y`, `position_z`, `orientation`, `spawntimesecs`, `spawndist`, `currentwaypoint`, `curhealth`, `curmana`, `MovementType`, `unit_flags`, `pool_id`, `patch_min`, `patch_max`) VALUES ('143675', '530', '1', NULL, '0', '-5067.46', '192.511', '-8.89424', '0.645772', '300', '0', '0', '4299', '0', '0', '0', '0', '0', '10');
INSERT INTO creature_entry (`spawnID`, `entry`) VALUES ('143676', '23287');
INSERT INTO creature (`spawnID`, `map`, `spawnMask`, `modelid`, `equipment_id`, `position_x`, `position_y`, `position_z`, `orientation`, `spawntimesecs`, `spawndist`, `currentwaypoint`, `curhealth`, `curmana`, `MovementType`, `unit_flags`, `pool_id`, `patch_min`, `patch_max`) VALUES ('143676', '530', '1', NULL, '0', '-5041.76', '179.201', '-14.2369', '0.959931', '300', '0', '0', '4299', '0', '0', '0', '0', '0', '10');
INSERT INTO creature_entry (`spawnID`, `entry`) VALUES ('143677', '23287');
INSERT INTO creature (`spawnID`, `map`, `spawnMask`, `modelid`, `equipment_id`, `position_x`, `position_y`, `position_z`, `orientation`, `spawntimesecs`, `spawndist`, `currentwaypoint`, `curhealth`, `curmana`, `MovementType`, `unit_flags`, `pool_id`, `patch_min`, `patch_max`) VALUES ('143677', '530', '1', NULL, '0', '-5051.51', '155.655', '-12.6331', '1.39626', '300', '0', '0', '4299', '0', '0', '0', '0', '0', '10');
INSERT INTO creature_entry (`spawnID`, `entry`) VALUES ('143678', '23287');
INSERT INTO creature (`spawnID`, `map`, `spawnMask`, `modelid`, `equipment_id`, `position_x`, `position_y`, `position_z`, `orientation`, `spawntimesecs`, `spawndist`, `currentwaypoint`, `curhealth`, `curmana`, `MovementType`, `unit_flags`, `pool_id`, `patch_min`, `patch_max`) VALUES ('143678', '530', '1', NULL, '0', '-5090.02', '180.66', '-8.29923', '0.349066', '300', '0', '0', '4299', '0', '0', '0', '0', '0', '10');
INSERT INTO creature_entry (`spawnID`, `entry`) VALUES ('143679', '23287');
INSERT INTO creature (`spawnID`, `map`, `spawnMask`, `modelid`, `equipment_id`, `position_x`, `position_y`, `position_z`, `orientation`, `spawntimesecs`, `spawndist`, `currentwaypoint`, `curhealth`, `curmana`, `MovementType`, `unit_flags`, `pool_id`, `patch_min`, `patch_max`) VALUES ('143679', '530', '1', NULL, '0', '-5085.62', '154.508', '-10.8853', '0.907571', '300', '0', '0', '4299', '0', '0', '0', '0', '0', '10');
INSERT INTO creature_entry (`spawnID`, `entry`) VALUES ('143680', '23287');
INSERT INTO creature (`spawnID`, `map`, `spawnMask`, `modelid`, `equipment_id`, `position_x`, `position_y`, `position_z`, `orientation`, `spawntimesecs`, `spawndist`, `currentwaypoint`, `curhealth`, `curmana`, `MovementType`, `unit_flags`, `pool_id`, `patch_min`, `patch_max`) VALUES ('143680', '530', '1', NULL, '0', '-5056.44', '120.819', '-17.1502', '2.05949', '300', '0', '0', '4299', '0', '0', '0', '0', '0', '10');
INSERT INTO creature_entry (`spawnID`, `entry`) VALUES ('143681', '23287');
INSERT INTO creature (`spawnID`, `map`, `spawnMask`, `modelid`, `equipment_id`, `position_x`, `position_y`, `position_z`, `orientation`, `spawntimesecs`, `spawndist`, `currentwaypoint`, `curhealth`, `curmana`, `MovementType`, `unit_flags`, `pool_id`, `patch_min`, `patch_max`) VALUES ('143681', '530', '1', NULL, '0', '-5068.56', '141.566', '-13.4759', '1.0821', '300', '0', '0', '4299', '0', '0', '0', '0', '0', '10');
INSERT INTO creature_entry (`spawnID`, `entry`) VALUES ('143682', '23287');
INSERT INTO creature (`spawnID`, `map`, `spawnMask`, `modelid`, `equipment_id`, `position_x`, `position_y`, `position_z`, `orientation`, `spawntimesecs`, `spawndist`, `currentwaypoint`, `curhealth`, `curmana`, `MovementType`, `unit_flags`, `pool_id`, `patch_min`, `patch_max`) VALUES ('143682', '530', '1', NULL, '0', '-5115.29', '147.599', '-11.4053', '0.645772', '300', '0', '0', '4299', '0', '0', '0', '0', '0', '10');
INSERT INTO creature_entry (`spawnID`, `entry`) VALUES ('143683', '23287');
INSERT INTO creature (`spawnID`, `map`, `spawnMask`, `modelid`, `equipment_id`, `position_x`, `position_y`, `position_z`, `orientation`, `spawntimesecs`, `spawndist`, `currentwaypoint`, `curhealth`, `curmana`, `MovementType`, `unit_flags`, `pool_id`, `patch_min`, `patch_max`) VALUES ('143683', '530', '1', NULL, '0', '-5109.35', '129.49', '-13.6142', '0.628318', '300', '0', '0', '4299', '0', '0', '0', '0', '0', '10');
INSERT INTO creature_entry (`spawnID`, `entry`) VALUES ('143684', '23287');
INSERT INTO creature (`spawnID`, `map`, `spawnMask`, `modelid`, `equipment_id`, `position_x`, `position_y`, `position_z`, `orientation`, `spawntimesecs`, `spawndist`, `currentwaypoint`, `curhealth`, `curmana`, `MovementType`, `unit_flags`, `pool_id`, `patch_min`, `patch_max`) VALUES ('143684', '530', '1', NULL, '0', '-5107.62', '169.443', '-8.38708', '0.349066', '300', '0', '0', '4299', '0', '0', '0', '0', '0', '10');
INSERT INTO creature_entry (`spawnID`, `entry`) VALUES ('143685', '23287');
INSERT INTO creature (`spawnID`, `map`, `spawnMask`, `modelid`, `equipment_id`, `position_x`, `position_y`, `position_z`, `orientation`, `spawntimesecs`, `spawndist`, `currentwaypoint`, `curhealth`, `curmana`, `MovementType`, `unit_flags`, `pool_id`, `patch_min`, `patch_max`) VALUES ('143685', '530', '1', NULL, '0', '-5118.66', '105.185', '-12.5981', '1.25664', '300', '0', '0', '4299', '0', '0', '0', '0', '0', '10');
INSERT INTO creature_entry (`spawnID`, `entry`) VALUES ('143686', '23287');
INSERT INTO creature (`spawnID`, `map`, `spawnMask`, `modelid`, `equipment_id`, `position_x`, `position_y`, `position_z`, `orientation`, `spawntimesecs`, `spawndist`, `currentwaypoint`, `curhealth`, `curmana`, `MovementType`, `unit_flags`, `pool_id`, `patch_min`, `patch_max`) VALUES ('143686', '530', '1', NULL, '0', '-5149.46', '152.029', '-12.3915', '6.17846', '300', '0', '0', '4299', '0', '0', '0', '0', '0', '10');
INSERT INTO creature_entry (`spawnID`, `entry`) VALUES ('143687', '23287');
INSERT INTO creature (`spawnID`, `map`, `spawnMask`, `modelid`, `equipment_id`, `position_x`, `position_y`, `position_z`, `orientation`, `spawntimesecs`, `spawndist`, `currentwaypoint`, `curhealth`, `curmana`, `MovementType`, `unit_flags`, `pool_id`, `patch_min`, `patch_max`) VALUES ('143687', '530', '1', NULL, '0', '-5174.08', '155.275', '-12.2332', '6.02139', '300', '0', '0', '4299', '0', '0', '0', '0', '0', '10');
INSERT INTO creature_entry (`spawnID`, `entry`) VALUES ('143688', '23287');
INSERT INTO creature (`spawnID`, `map`, `spawnMask`, `modelid`, `equipment_id`, `position_x`, `position_y`, `position_z`, `orientation`, `spawntimesecs`, `spawndist`, `currentwaypoint`, `curhealth`, `curmana`, `MovementType`, `unit_flags`, `pool_id`, `patch_min`, `patch_max`) VALUES ('143688', '530', '1', NULL, '0', '-5198.48', '157.077', '-13.4146', '0.471239', '300', '0', '0', '4299', '0', '0', '0', '0', '0', '10');
INSERT INTO creature_entry (`spawnID`, `entry`) VALUES ('143689', '23287');
INSERT INTO creature (`spawnID`, `map`, `spawnMask`, `modelid`, `equipment_id`, `position_x`, `position_y`, `position_z`, `orientation`, `spawntimesecs`, `spawndist`, `currentwaypoint`, `curhealth`, `curmana`, `MovementType`, `unit_flags`, `pool_id`, `patch_min`, `patch_max`) VALUES ('143689', '530', '1', NULL, '0', '-5178.48', '174.83', '-11.4892', '5.34071', '300', '0', '0', '4299', '0', '0', '0', '0', '0', '10');
INSERT INTO creature_entry (`spawnID`, `entry`) VALUES ('143690', '23287');
INSERT INTO creature (`spawnID`, `map`, `spawnMask`, `modelid`, `equipment_id`, `position_x`, `position_y`, `position_z`, `orientation`, `spawntimesecs`, `spawndist`, `currentwaypoint`, `curhealth`, `curmana`, `MovementType`, `unit_flags`, `pool_id`, `patch_min`, `patch_max`) VALUES ('143690', '530', '1', NULL, '0', '-5198.59', '202.205', '-13.6357', '5.11381', '300', '0', '0', '4299', '0', '0', '0', '0', '0', '10');
INSERT INTO creature_entry (`spawnID`, `entry`) VALUES ('143691', '23287');
INSERT INTO creature (`spawnID`, `map`, `spawnMask`, `modelid`, `equipment_id`, `position_x`, `position_y`, `position_z`, `orientation`, `spawntimesecs`, `spawndist`, `currentwaypoint`, `curhealth`, `curmana`, `MovementType`, `unit_flags`, `pool_id`, `patch_min`, `patch_max`) VALUES ('143691', '530', '1', NULL, '0', '-5189.78', '135.485', '-12.0408', '0.680678', '300', '0', '0', '4299', '0', '0', '0', '0', '0', '10');
INSERT INTO creature_entry (`spawnID`, `entry`) VALUES ('143692', '23287');
INSERT INTO creature (`spawnID`, `map`, `spawnMask`, `modelid`, `equipment_id`, `position_x`, `position_y`, `position_z`, `orientation`, `spawntimesecs`, `spawndist`, `currentwaypoint`, `curhealth`, `curmana`, `MovementType`, `unit_flags`, `pool_id`, `patch_min`, `patch_max`) VALUES ('143692', '530', '1', NULL, '0', '-5229.69', '136.861', '-13.6339', '0.558505', '300', '0', '0', '4299', '0', '0', '0', '0', '0', '10');
INSERT INTO creature_entry (`spawnID`, `entry`) VALUES ('143693', '23287');
INSERT INTO creature (`spawnID`, `map`, `spawnMask`, `modelid`, `equipment_id`, `position_x`, `position_y`, `position_z`, `orientation`, `spawntimesecs`, `spawndist`, `currentwaypoint`, `curhealth`, `curmana`, `MovementType`, `unit_flags`, `pool_id`, `patch_min`, `patch_max`) VALUES ('143693', '530', '1', NULL, '0', '-5218.99', '222.209', '-11.3415', '5.21853', '300', '0', '0', '4299', '0', '0', '0', '0', '0', '10');
INSERT INTO creature_entry (`spawnID`, `entry`) VALUES ('143694', '23287');
INSERT INTO creature (`spawnID`, `map`, `spawnMask`, `modelid`, `equipment_id`, `position_x`, `position_y`, `position_z`, `orientation`, `spawntimesecs`, `spawndist`, `currentwaypoint`, `curhealth`, `curmana`, `MovementType`, `unit_flags`, `pool_id`, `patch_min`, `patch_max`) VALUES ('143694', '530', '1', NULL, '0', '-5220.69', '199.715', '-12.8052', '5.95157', '300', '0', '0', '4299', '0', '0', '0', '0', '0', '10');
INSERT INTO creature_entry (`spawnID`, `entry`) VALUES ('143695', '23287');
INSERT INTO creature (`spawnID`, `map`, `spawnMask`, `modelid`, `equipment_id`, `position_x`, `position_y`, `position_z`, `orientation`, `spawntimesecs`, `spawndist`, `currentwaypoint`, `curhealth`, `curmana`, `MovementType`, `unit_flags`, `pool_id`, `patch_min`, `patch_max`) VALUES ('143695', '530', '1', NULL, '0', '-5247.15', '212.461', '-13.8204', '5.63741', '300', '0', '0', '4299', '0', '0', '0', '0', '0', '10');
INSERT INTO creature_entry (`spawnID`, `entry`) VALUES ('143696', '23287');
INSERT INTO creature (`spawnID`, `map`, `spawnMask`, `modelid`, `equipment_id`, `position_x`, `position_y`, `position_z`, `orientation`, `spawntimesecs`, `spawndist`, `currentwaypoint`, `curhealth`, `curmana`, `MovementType`, `unit_flags`, `pool_id`, `patch_min`, `patch_max`) VALUES ('143696', '530', '1', NULL, '0', '-5241.21', '231.772', '-11.9311', '5.51524', '300', '0', '0', '4299', '0', '0', '0', '0', '0', '10');
INSERT INTO creature_entry (`spawnID`, `entry`) VALUES ('143698', '23287');
INSERT INTO creature (`spawnID`, `map`, `spawnMask`, `modelid`, `equipment_id`, `position_x`, `position_y`, `position_z`, `orientation`, `spawntimesecs`, `spawndist`, `currentwaypoint`, `curhealth`, `curmana`, `MovementType`, `unit_flags`, `pool_id`, `patch_min`, `patch_max`) VALUES ('143698', '530', '1', NULL, '0', '-4937.38', '438.723', '2.34031', '1.29154', '300', '0', '0', '4299', '0', '0', '0', '0', '0', '10');
INSERT INTO creature_entry (`spawnID`, `entry`) VALUES ('143699', '23287');
INSERT INTO creature (`spawnID`, `map`, `spawnMask`, `modelid`, `equipment_id`, `position_x`, `position_y`, `position_z`, `orientation`, `spawntimesecs`, `spawndist`, `currentwaypoint`, `curhealth`, `curmana`, `MovementType`, `unit_flags`, `pool_id`, `patch_min`, `patch_max`) VALUES ('143699', '530', '1', NULL, '0', '-4940.02', '535.288', '7.1279', '1.67552', '300', '0', '0', '4299', '0', '0', '0', '0', '0', '10');
INSERT INTO creature_entry (`spawnID`, `entry`) VALUES ('143702', '23287');
INSERT INTO creature (`spawnID`, `map`, `spawnMask`, `modelid`, `equipment_id`, `position_x`, `position_y`, `position_z`, `orientation`, `spawntimesecs`, `spawndist`, `currentwaypoint`, `curhealth`, `curmana`, `MovementType`, `unit_flags`, `pool_id`, `patch_min`, `patch_max`) VALUES ('143702', '530', '1', NULL, '0', '-4991.9', '300.797', '-1.30472', '3.28122', '300', '0', '0', '4299', '0', '0', '0', '0', '0', '10');
INSERT INTO creature_entry (`spawnID`, `entry`) VALUES ('143703', '23287');
INSERT INTO creature (`spawnID`, `map`, `spawnMask`, `modelid`, `equipment_id`, `position_x`, `position_y`, `position_z`, `orientation`, `spawntimesecs`, `spawndist`, `currentwaypoint`, `curhealth`, `curmana`, `MovementType`, `unit_flags`, `pool_id`, `patch_min`, `patch_max`) VALUES ('143703', '530', '1', NULL, '0', '-4970.34', '322.204', '-2.63689', '3.90954', '300', '0', '0', '4299', '0', '0', '0', '0', '0', '10');
INSERT INTO creature_entry (`spawnID`, `entry`) VALUES ('143704', '23287');
INSERT INTO creature (`spawnID`, `map`, `spawnMask`, `modelid`, `equipment_id`, `position_x`, `position_y`, `position_z`, `orientation`, `spawntimesecs`, `spawndist`, `currentwaypoint`, `curhealth`, `curmana`, `MovementType`, `unit_flags`, `pool_id`, `patch_min`, `patch_max`) VALUES ('143704', '530', '1', NULL, '0', '-4969.65', '298.882', '-3.50315', '3.42085', '300', '0', '0', '4299', '0', '0', '0', '0', '0', '10');
INSERT INTO creature_entry (`spawnID`, `entry`) VALUES ('143709', '23287');
INSERT INTO creature (`spawnID`, `map`, `spawnMask`, `modelid`, `equipment_id`, `position_x`, `position_y`, `position_z`, `orientation`, `spawntimesecs`, `spawndist`, `currentwaypoint`, `curhealth`, `curmana`, `MovementType`, `unit_flags`, `pool_id`, `patch_min`, `patch_max`) VALUES ('143709', '530', '1', NULL, '0', '-4921.11', '528.473', '6.56836', '2.04204', '300', '0', '0', '4299', '0', '0', '0', '0', '0', '10');
INSERT INTO creature_entry (`spawnID`, `entry`) VALUES ('143710', '23287');
INSERT INTO creature (`spawnID`, `map`, `spawnMask`, `modelid`, `equipment_id`, `position_x`, `position_y`, `position_z`, `orientation`, `spawntimesecs`, `spawndist`, `currentwaypoint`, `curhealth`, `curmana`, `MovementType`, `unit_flags`, `pool_id`, `patch_min`, `patch_max`) VALUES ('143710', '530', '1', NULL, '0', '-4904.56', '530.207', '4.5631', '2.1293', '300', '0', '0', '4299', '0', '0', '0', '0', '0', '10');
INSERT INTO creature_entry (`spawnID`, `entry`) VALUES ('143711', '23287');
INSERT INTO creature (`spawnID`, `map`, `spawnMask`, `modelid`, `equipment_id`, `position_x`, `position_y`, `position_z`, `orientation`, `spawntimesecs`, `spawndist`, `currentwaypoint`, `curhealth`, `curmana`, `MovementType`, `unit_flags`, `pool_id`, `patch_min`, `patch_max`) VALUES ('143711', '530', '1', NULL, '0', '-4983.62', '632.319', '20.5838', '3.05433', '300', '0', '0', '4299', '0', '0', '0', '0', '0', '10');
INSERT INTO creature_entry (`spawnID`, `entry`) VALUES ('143712', '23287');
INSERT INTO creature (`spawnID`, `map`, `spawnMask`, `modelid`, `equipment_id`, `position_x`, `position_y`, `position_z`, `orientation`, `spawntimesecs`, `spawndist`, `currentwaypoint`, `curhealth`, `curmana`, `MovementType`, `unit_flags`, `pool_id`, `patch_min`, `patch_max`) VALUES ('143712', '530', '1', NULL, '0', '-4956.98', '356.441', '-2.26435', '4.46804', '300', '0', '0', '4299', '0', '0', '0', '0', '0', '10');
INSERT INTO creature_entry (`spawnID`, `entry`) VALUES ('143716', '23287');
INSERT INTO creature (`spawnID`, `map`, `spawnMask`, `modelid`, `equipment_id`, `position_x`, `position_y`, `position_z`, `orientation`, `spawntimesecs`, `spawndist`, `currentwaypoint`, `curhealth`, `curmana`, `MovementType`, `unit_flags`, `pool_id`, `patch_min`, `patch_max`) VALUES ('143716', '530', '1', NULL, '0', '-5178.18', '642.913', '39.7944', '1.91986', '300', '0', '0', '4299', '0', '0', '0', '0', '0', '10');
INSERT INTO creature_addon (`spawnID`, `path_id`, `mount`, `bytes0`, `bytes1`, `bytes2`, `emote`, `auras`) VALUES ('143716', NULL, '0', '0', '0', '1', '233', NULL);
INSERT INTO creature_entry (`spawnID`, `entry`) VALUES ('143717', '23287');
INSERT INTO creature (`spawnID`, `map`, `spawnMask`, `modelid`, `equipment_id`, `position_x`, `position_y`, `position_z`, `orientation`, `spawntimesecs`, `spawndist`, `currentwaypoint`, `curhealth`, `curmana`, `MovementType`, `unit_flags`, `pool_id`, `patch_min`, `patch_max`) VALUES ('143717', '530', '1', NULL, '0', '-5187.55', '638.771', '41.7437', '1.95477', '300', '0', '0', '4299', '0', '0', '0', '0', '0', '10');
INSERT INTO creature_addon (`spawnID`, `path_id`, `mount`, `bytes0`, `bytes1`, `bytes2`, `emote`, `auras`) VALUES ('143717', NULL, '0', '0', '0', '1', '233', NULL);
INSERT INTO creature_entry (`spawnID`, `entry`) VALUES ('143718', '23287');
INSERT INTO creature (`spawnID`, `map`, `spawnMask`, `modelid`, `equipment_id`, `position_x`, `position_y`, `position_z`, `orientation`, `spawntimesecs`, `spawndist`, `currentwaypoint`, `curhealth`, `curmana`, `MovementType`, `unit_flags`, `pool_id`, `patch_min`, `patch_max`) VALUES ('143718', '530', '1', NULL, '0', '-5170.54', '614.411', '37.5913', '4.92183', '300', '0', '0', '4299', '0', '0', '0', '0', '0', '10');
INSERT INTO creature_addon (`spawnID`, `path_id`, `mount`, `bytes0`, `bytes1`, `bytes2`, `emote`, `auras`) VALUES ('143718', NULL, '0', '0', '0', '1', '233', NULL);
INSERT INTO creature_entry (`spawnID`, `entry`) VALUES ('143719', '23287');
INSERT INTO creature (`spawnID`, `map`, `spawnMask`, `modelid`, `equipment_id`, `position_x`, `position_y`, `position_z`, `orientation`, `spawntimesecs`, `spawndist`, `currentwaypoint`, `curhealth`, `curmana`, `MovementType`, `unit_flags`, `pool_id`, `patch_min`, `patch_max`) VALUES ('143719', '530', '1', NULL, '0', '-5186.18', '617.585', '42.2341', '4.34587', '300', '0', '0', '4299', '0', '0', '0', '0', '0', '10');
INSERT INTO creature_addon (`spawnID`, `path_id`, `mount`, `bytes0`, `bytes1`, `bytes2`, `emote`, `auras`) VALUES ('143719', NULL, '0', '0', '0', '1', '233', NULL);
INSERT INTO creature_entry (`spawnID`, `entry`) VALUES ('143720', '23287');
INSERT INTO creature (`spawnID`, `map`, `spawnMask`, `modelid`, `equipment_id`, `position_x`, `position_y`, `position_z`, `orientation`, `spawntimesecs`, `spawndist`, `currentwaypoint`, `curhealth`, `curmana`, `MovementType`, `unit_flags`, `pool_id`, `patch_min`, `patch_max`) VALUES ('143720', '530', '1', NULL, '0', '-5219.59', '636.941', '48.118', '1.6057', '300', '0', '0', '4299', '0', '0', '0', '0', '0', '10');
INSERT INTO creature_addon (`spawnID`, `path_id`, `mount`, `bytes0`, `bytes1`, `bytes2`, `emote`, `auras`) VALUES ('143720', NULL, '0', '0', '0', '1', '233', NULL);
INSERT INTO creature_entry (`spawnID`, `entry`) VALUES ('143721', '23287');
INSERT INTO creature (`spawnID`, `map`, `spawnMask`, `modelid`, `equipment_id`, `position_x`, `position_y`, `position_z`, `orientation`, `spawntimesecs`, `spawndist`, `currentwaypoint`, `curhealth`, `curmana`, `MovementType`, `unit_flags`, `pool_id`, `patch_min`, `patch_max`) VALUES ('143721', '530', '1', NULL, '0', '-5209.47', '636.056', '45.9499', '1.78024', '300', '0', '0', '4299', '0', '0', '0', '0', '0', '10');
INSERT INTO creature_addon (`spawnID`, `path_id`, `mount`, `bytes0`, `bytes1`, `bytes2`, `emote`, `auras`) VALUES ('143721', NULL, '0', '0', '0', '1', '233', NULL);
INSERT INTO creature_entry (`spawnID`, `entry`) VALUES ('143722', '23287');
INSERT INTO creature (`spawnID`, `map`, `spawnMask`, `modelid`, `equipment_id`, `position_x`, `position_y`, `position_z`, `orientation`, `spawntimesecs`, `spawndist`, `currentwaypoint`, `curhealth`, `curmana`, `MovementType`, `unit_flags`, `pool_id`, `patch_min`, `patch_max`) VALUES ('143722', '530', '1', NULL, '0', '-5209.13', '619.51', '46.4296', '4.50295', '300', '0', '0', '4299', '0', '0', '0', '0', '0', '10');
INSERT INTO creature_addon (`spawnID`, `path_id`, `mount`, `bytes0`, `bytes1`, `bytes2`, `emote`, `auras`) VALUES ('143722', NULL, '0', '0', '0', '1', '233', NULL);
INSERT INTO creature_entry (`spawnID`, `entry`) VALUES ('143723', '23287');
INSERT INTO creature (`spawnID`, `map`, `spawnMask`, `modelid`, `equipment_id`, `position_x`, `position_y`, `position_z`, `orientation`, `spawntimesecs`, `spawndist`, `currentwaypoint`, `curhealth`, `curmana`, `MovementType`, `unit_flags`, `pool_id`, `patch_min`, `patch_max`) VALUES ('143723', '530', '1', NULL, '0', '-5197.96', '636.202', '44.0867', '1.64061', '300', '0', '0', '4299', '0', '0', '0', '0', '0', '10');
INSERT INTO creature_addon (`spawnID`, `path_id`, `mount`, `bytes0`, `bytes1`, `bytes2`, `emote`, `auras`) VALUES ('143723', NULL, '0', '0', '0', '1', '233', NULL);
INSERT INTO creature_entry (`spawnID`, `entry`) VALUES ('143724', '23287');
INSERT INTO creature (`spawnID`, `map`, `spawnMask`, `modelid`, `equipment_id`, `position_x`, `position_y`, `position_z`, `orientation`, `spawntimesecs`, `spawndist`, `currentwaypoint`, `curhealth`, `curmana`, `MovementType`, `unit_flags`, `pool_id`, `patch_min`, `patch_max`) VALUES ('143724', '530', '1', NULL, '0', '-5195.91', '618.55', '44.3537', '4.55531', '300', '0', '0', '4299', '0', '0', '0', '0', '0', '10');
INSERT INTO creature_addon (`spawnID`, `path_id`, `mount`, `bytes0`, `bytes1`, `bytes2`, `emote`, `auras`) VALUES ('143724', NULL, '0', '0', '0', '1', '233', NULL);


-- Importing creature spawn with guid 74671 with import type REPLACE_ALL


-- Importing creature spawn with guid 74670 with import type REPLACE_ALL


-- Importing creature spawn with guid 74669 with import type REPLACE_ALL


-- Importing creature spawn with guid 74668 with import type REPLACE_ALL


-- Importing creature spawn with guid 74667 with import type REPLACE_ALL


-- Importing creature spawn with guid 74666 with import type REPLACE_ALL


-- Importing creature spawn with guid 74665 with import type REPLACE_ALL


-- Importing creature spawn with guid 74664 with import type REPLACE_ALL


-- Importing creature spawn with guid 74663 with import type REPLACE_ALL


-- Importing creature spawn with guid 74662 with import type REPLACE_ALL


-- Importing creature spawn with guid 74661 with import type REPLACE_ALL


-- Importing creature spawn with guid 74660 with import type REPLACE_ALL


-- Importing creature spawn with guid 74659 with import type REPLACE_ALL


-- Importing creature spawn with guid 74658 with import type REPLACE_ALL


-- Importing creature spawn with guid 74657 with import type REPLACE_ALL


-- Importing creature spawn with guid 74656 with import type REPLACE_ALL


-- Importing creature spawn with guid 74655 with import type REPLACE_ALL


-- Importing creature spawn with guid 74654 with import type REPLACE_ALL


-- Importing creature spawn with guid 74653 with import type REPLACE_ALL


-- Importing creature spawn with guid 74652 with import type REPLACE_ALL


-- Importing creature spawn with guid 74651 with import type REPLACE_ALL


-- Importing creature spawn with guid 74650 with import type REPLACE_ALL


-- Importing creature spawn with guid 74649 with import type REPLACE_ALL


-- Importing creature spawn with guid 74648 with import type REPLACE_ALL


-- Importing creature spawn with guid 74647 with import type REPLACE_ALL


-- Importing creature spawn with guid 74646 with import type REPLACE_ALL


-- Importing creature spawn with guid 74645 with import type REPLACE_ALL


-- Importing creature spawn with guid 74644 with import type REPLACE_ALL


-- Importing creature spawn with guid 74643 with import type REPLACE_ALL


-- Importing creature spawn with guid 74642 with import type REPLACE_ALL


-- Importing creature spawn with guid 74641 with import type REPLACE_ALL


-- Importing creature spawn with guid 74640 with import type REPLACE_ALL


-- Importing creature spawn with guid 74639 with import type REPLACE_ALL


-- Importing creature spawn with guid 28674 with import type REPLACE_ALL


-- Importing creature spawn with guid 75474 with import type REPLACE_ALL
INSERT INTO creature_entry (`spawnID`, `entry`) VALUES ('75499', '21644');
INSERT INTO creature (`spawnID`, `map`, `spawnMask`, `modelid`, `equipment_id`, `position_x`, `position_y`, `position_z`, `orientation`, `spawntimesecs`, `spawndist`, `currentwaypoint`, `curhealth`, `curmana`, `MovementType`, `unit_flags`, `pool_id`, `patch_min`, `patch_max`) VALUES ('75499', '530', '1', NULL, '1', '-4100.62', '3301.42', '290.798', '4.64515', '300', '5', '0', '6986', '0', '1', '0', '0', '0', '10');
INSERT INTO creature_entry (`spawnID`, `entry`) VALUES ('132778', '21644');
-- Has LK modelid 18628 already in creature template, set to 0.
INSERT INTO creature (`spawnID`, `map`, `spawnMask`, `modelid`, `equipment_id`, `position_x`, `position_y`, `position_z`, `orientation`, `spawntimesecs`, `spawndist`, `currentwaypoint`, `curhealth`, `curmana`, `MovementType`, `unit_flags`, `pool_id`, `patch_min`, `patch_max`) VALUES ('132778', '530', '1', NULL, '1', '-3840.9', '3775.09', '285.732', '0.663225', '180', '0', '0', '6986', '0', '0', '0', '0', '0', '10');
INSERT INTO creature_addon (`spawnID`, `path_id`, `mount`, `bytes0`, `bytes1`, `bytes2`, `emote`, `auras`) VALUES ('132778', NULL, '0', '0', '0', '1', '0', NULL);


-- Importing creature spawn with guid 75476 with import type REPLACE_ALL


-- Importing creature spawn with guid 75477 with import type REPLACE_ALL


-- Importing creature spawn with guid 75478 with import type REPLACE_ALL


-- Importing creature spawn with guid 75479 with import type REPLACE_ALL


-- Importing creature spawn with guid 75480 with import type REPLACE_ALL


-- Importing creature spawn with guid 75481 with import type REPLACE_ALL


-- Importing creature spawn with guid 75482 with import type REPLACE_ALL


-- Importing creature spawn with guid 75483 with import type REPLACE_ALL


-- Importing creature spawn with guid 75484 with import type REPLACE_ALL


-- Importing creature spawn with guid 75485 with import type REPLACE_ALL


-- Importing creature spawn with guid 75486 with import type REPLACE_ALL


-- Importing creature spawn with guid 75487 with import type REPLACE_ALL


-- Importing creature spawn with guid 75488 with import type REPLACE_ALL


-- Importing creature spawn with guid 75489 with import type REPLACE_ALL


-- Importing creature spawn with guid 75490 with import type REPLACE_ALL


-- Importing creature spawn with guid 75491 with import type REPLACE_ALL


-- Importing creature spawn with guid 75492 with import type REPLACE_ALL


-- Importing creature spawn with guid 75493 with import type REPLACE_ALL


-- Importing creature spawn with guid 75494 with import type REPLACE_ALL


-- Importing creature spawn with guid 75495 with import type REPLACE_ALL


-- Importing creature spawn with guid 75496 with import type REPLACE_ALL


-- Importing creature spawn with guid 75497 with import type REPLACE_ALL


-- Importing creature spawn with guid 75498 with import type REPLACE_ALL


-- Importing creature spawn with guid 75499 with import type REPLACE_ALL


-- Importing creature spawn with guid 75500 with import type REPLACE_ALL


-- Importing creature spawn with guid 75501 with import type REPLACE_ALL


-- Importing creature spawn with guid 75502 with import type REPLACE_ALL


-- Importing creature spawn with guid 75503 with import type REPLACE_ALL


-- Importing creature spawn with guid 75504 with import type REPLACE_ALL


-- Importing creature spawn with guid 75505 with import type REPLACE_ALL


-- Importing creature spawn with guid 75506 with import type REPLACE_ALL


-- Importing creature spawn with guid 75507 with import type REPLACE_ALL


-- Importing creature spawn with guid 75508 with import type REPLACE_ALL


-- Importing creature spawn with guid 75509 with import type REPLACE_ALL


-- Importing creature spawn with guid 75510 with import type REPLACE_ALL


-- Importing creature spawn with guid 75511 with import type REPLACE_ALL


-- Importing creature spawn with guid 75512 with import type REPLACE_ALL


-- Importing creature spawn with guid 75513 with import type REPLACE_ALL


-- Importing creature spawn with guid 75514 with import type REPLACE_ALL


-- Importing creature spawn with guid 75515 with import type REPLACE_ALL


-- Importing creature spawn with guid 75516 with import type REPLACE_ALL


-- Importing creature spawn with guid 75517 with import type REPLACE_ALL


-- Importing creature spawn with guid 75518 with import type REPLACE_ALL


-- Importing creature spawn with guid 75519 with import type REPLACE_ALL


-- Importing creature spawn with guid 75520 with import type REPLACE_ALL


-- Importing creature spawn with guid 75521 with import type REPLACE_ALL


-- Importing creature spawn with guid 75522 with import type REPLACE_ALL


-- Importing creature spawn with guid 75523 with import type REPLACE_ALL


-- Importing creature spawn with guid 75524 with import type REPLACE_ALL


-- Importing creature spawn with guid 75525 with import type REPLACE_ALL


-- Importing creature spawn with guid 75526 with import type REPLACE_ALL


-- Importing creature spawn with guid 75527 with import type REPLACE_ALL


-- Importing creature spawn with guid 75528 with import type REPLACE_ALL


-- Importing creature spawn with guid 75529 with import type REPLACE_ALL


-- Importing creature spawn with guid 75530 with import type REPLACE_ALL


-- Importing creature spawn with guid 75531 with import type REPLACE_ALL


-- Importing creature spawn with guid 75532 with import type REPLACE_ALL


-- Importing creature spawn with guid 75533 with import type REPLACE_ALL


-- Importing creature spawn with guid 75534 with import type REPLACE_ALL


-- Importing creature spawn with guid 75535 with import type REPLACE_ALL


-- Importing creature spawn with guid 75536 with import type REPLACE_ALL


-- Importing creature spawn with guid 75537 with import type REPLACE_ALL


-- Importing creature spawn with guid 75538 with import type REPLACE_ALL


-- Importing creature spawn with guid 75539 with import type REPLACE_ALL


-- Importing creature spawn with guid 75540 with import type REPLACE_ALL


-- Importing creature spawn with guid 75560 with import type REPLACE_ALL
INSERT INTO creature_entry (`spawnID`, `entry`) VALUES ('132780', '21649');
-- Has LK modelid 20602 already in creature template, set to 0.
INSERT INTO creature (`spawnID`, `map`, `spawnMask`, `modelid`, `equipment_id`, `position_x`, `position_y`, `position_z`, `orientation`, `spawntimesecs`, `spawndist`, `currentwaypoint`, `curhealth`, `curmana`, `MovementType`, `unit_flags`, `pool_id`, `patch_min`, `patch_max`) VALUES ('132780', '530', '1', NULL, '1', '-4175.68', '3194.91', '314.297', '1.64243', '180', '5', '0', '5589', '3155', '1', '0', '0', '0', '10');
INSERT INTO creature_addon (`spawnID`, `path_id`, `mount`, `bytes0`, `bytes1`, `bytes2`, `emote`, `auras`) VALUES ('132780', NULL, '0', '0', '0', '1', '0', NULL);


-- Importing creature spawn with guid 75561 with import type REPLACE_ALL


-- Importing creature spawn with guid 75562 with import type REPLACE_ALL


-- Importing creature spawn with guid 75563 with import type REPLACE_ALL


-- Importing creature spawn with guid 75564 with import type REPLACE_ALL


-- Importing creature spawn with guid 75565 with import type REPLACE_ALL


-- Importing creature spawn with guid 75566 with import type REPLACE_ALL


-- Importing creature spawn with guid 75567 with import type REPLACE_ALL


-- Importing creature spawn with guid 75568 with import type REPLACE_ALL


-- Importing creature spawn with guid 75569 with import type REPLACE_ALL


-- Importing creature spawn with guid 75570 with import type REPLACE_ALL


-- Importing creature spawn with guid 75571 with import type REPLACE_ALL


-- Importing creature spawn with guid 75572 with import type REPLACE_ALL


-- Importing creature spawn with guid 75573 with import type REPLACE_ALL


-- Importing creature spawn with guid 75574 with import type REPLACE_ALL


-- Importing creature spawn with guid 75575 with import type REPLACE_ALL


-- Importing creature spawn with guid 75576 with import type REPLACE_ALL


-- Importing creature spawn with guid 75577 with import type REPLACE_ALL


-- Importing creature spawn with guid 75578 with import type REPLACE_ALL


-- Importing creature spawn with guid 75579 with import type REPLACE_ALL


-- Importing creature spawn with guid 75580 with import type REPLACE_ALL


-- Importing creature spawn with guid 75581 with import type REPLACE_ALL


-- Importing creature spawn with guid 75582 with import type REPLACE_ALL


-- Importing creature spawn with guid 75583 with import type REPLACE_ALL


-- Importing creature spawn with guid 75584 with import type REPLACE_ALL


-- Importing creature spawn with guid 75585 with import type REPLACE_ALL


-- Importing creature spawn with guid 75586 with import type REPLACE_ALL


-- Importing creature spawn with guid 75587 with import type REPLACE_ALL


-- Importing creature spawn with guid 75588 with import type REPLACE_ALL


-- Importing creature spawn with guid 75589 with import type REPLACE_ALL


-- Importing creature spawn with guid 75591 with import type REPLACE_ALL


-- Importing creature spawn with guid 75592 with import type REPLACE_ALL


-- Importing creature spawn with guid 75593 with import type REPLACE_ALL


-- Importing creature spawn with guid 75594 with import type REPLACE_ALL


-- Importing creature spawn with guid 75595 with import type REPLACE_ALL


-- Importing creature spawn with guid 75596 with import type REPLACE_ALL


-- Importing creature spawn with guid 75597 with import type REPLACE_ALL


-- Importing creature spawn with guid 75598 with import type REPLACE_ALL


-- Importing creature spawn with guid 75599 with import type REPLACE_ALL


-- Importing creature spawn with guid 75600 with import type REPLACE_ALL


-- Importing creature spawn with guid 75601 with import type REPLACE_ALL


-- Importing creature spawn with guid 75640 with import type REPLACE_ALL
INSERT INTO creature_entry (`spawnID`, `entry`) VALUES ('132837', '21654');
-- Has LK modelid 23501, set to 0.
INSERT INTO creature (`spawnID`, `map`, `spawnMask`, `modelid`, `equipment_id`, `position_x`, `position_y`, `position_z`, `orientation`, `spawntimesecs`, `spawndist`, `currentwaypoint`, `curhealth`, `curmana`, `MovementType`, `unit_flags`, `pool_id`, `patch_min`, `patch_max`) VALUES ('132837', '530', '1', NULL, '0', '-3810.8', '3768.53', '276.705', '1.20428', '180', '0', '0', '4979', '0', '0', '0', '0', '0', '10');
INSERT INTO creature_addon (`spawnID`, `path_id`, `mount`, `bytes0`, `bytes1`, `bytes2`, `emote`, `auras`) VALUES ('132837', NULL, '0', '0', '0', '1', '0', NULL);


-- Importing creature spawn with guid 75641 with import type REPLACE_ALL


-- Importing creature spawn with guid 75642 with import type REPLACE_ALL


-- Importing creature spawn with guid 75643 with import type REPLACE_ALL


-- Importing creature spawn with guid 75644 with import type REPLACE_ALL


-- Importing creature spawn with guid 75645 with import type REPLACE_ALL


-- Importing creature spawn with guid 75646 with import type REPLACE_ALL


-- Importing creature spawn with guid 75900 with import type REPLACE_ALL
INSERT INTO creature_entry (`spawnID`, `entry`) VALUES ('133044', '21728');
-- Has LK modelid 5564 already in creature template, set to 0.
INSERT INTO creature (`spawnID`, `map`, `spawnMask`, `modelid`, `equipment_id`, `position_x`, `position_y`, `position_z`, `orientation`, `spawntimesecs`, `spawndist`, `currentwaypoint`, `curhealth`, `curmana`, `MovementType`, `unit_flags`, `pool_id`, `patch_min`, `patch_max`) VALUES ('133044', '530', '1', NULL, '0', '-3746.81', '3415.52', '251.513', '2.33329', '180', '5', '0', '5589', '3155', '1', '0', '0', '0', '10');
INSERT INTO creature_entry (`spawnID`, `entry`) VALUES ('133045', '21728');
-- Has LK modelid 5564 already in creature template, set to 0.
INSERT INTO creature (`spawnID`, `map`, `spawnMask`, `modelid`, `equipment_id`, `position_x`, `position_y`, `position_z`, `orientation`, `spawntimesecs`, `spawndist`, `currentwaypoint`, `curhealth`, `curmana`, `MovementType`, `unit_flags`, `pool_id`, `patch_min`, `patch_max`) VALUES ('133045', '530', '1', NULL, '0', '-4008.84', '3491.49', '269.628', '1.23109', '180', '5', '0', '5589', '3155', '1', '0', '0', '0', '10');
INSERT INTO creature_entry (`spawnID`, `entry`) VALUES ('133046', '21728');
-- Has LK modelid 5564 already in creature template, set to 0.
INSERT INTO creature (`spawnID`, `map`, `spawnMask`, `modelid`, `equipment_id`, `position_x`, `position_y`, `position_z`, `orientation`, `spawntimesecs`, `spawndist`, `currentwaypoint`, `curhealth`, `curmana`, `MovementType`, `unit_flags`, `pool_id`, `patch_min`, `patch_max`) VALUES ('133046', '530', '1', NULL, '0', '-3852.63', '3377.09', '263.605', '3.83485', '180', '5', '0', '5589', '3155', '1', '0', '0', '0', '10');
INSERT INTO creature_entry (`spawnID`, `entry`) VALUES ('133047', '21728');
-- Has LK modelid 5564 already in creature template, set to 0.
INSERT INTO creature (`spawnID`, `map`, `spawnMask`, `modelid`, `equipment_id`, `position_x`, `position_y`, `position_z`, `orientation`, `spawntimesecs`, `spawndist`, `currentwaypoint`, `curhealth`, `curmana`, `MovementType`, `unit_flags`, `pool_id`, `patch_min`, `patch_max`) VALUES ('133047', '530', '1', NULL, '0', '-3723.57', '3379.71', '273.479', '1.22002', '180', '5', '0', '5589', '3155', '1', '0', '0', '0', '10');
INSERT INTO creature_entry (`spawnID`, `entry`) VALUES ('133048', '21728');
-- Has LK modelid 5564 already in creature template, set to 0.
INSERT INTO creature (`spawnID`, `map`, `spawnMask`, `modelid`, `equipment_id`, `position_x`, `position_y`, `position_z`, `orientation`, `spawntimesecs`, `spawndist`, `currentwaypoint`, `curhealth`, `curmana`, `MovementType`, `unit_flags`, `pool_id`, `patch_min`, `patch_max`) VALUES ('133048', '530', '1', NULL, '0', '-3983.13', '3516.04', '259.085', '0.034895', '180', '5', '0', '5589', '3155', '1', '0', '0', '0', '10');
INSERT INTO creature_entry (`spawnID`, `entry`) VALUES ('133049', '21728');
-- Has LK modelid 5564 already in creature template, set to 0.
INSERT INTO creature (`spawnID`, `map`, `spawnMask`, `modelid`, `equipment_id`, `position_x`, `position_y`, `position_z`, `orientation`, `spawntimesecs`, `spawndist`, `currentwaypoint`, `curhealth`, `curmana`, `MovementType`, `unit_flags`, `pool_id`, `patch_min`, `patch_max`) VALUES ('133049', '530', '1', NULL, '0', '-4025.84', '3430.63', '269.596', '1.50241', '180', '5', '0', '5589', '3155', '1', '0', '0', '0', '10');
INSERT INTO creature_entry (`spawnID`, `entry`) VALUES ('133050', '21728');
-- Has LK modelid 5564 already in creature template, set to 0.
INSERT INTO creature (`spawnID`, `map`, `spawnMask`, `modelid`, `equipment_id`, `position_x`, `position_y`, `position_z`, `orientation`, `spawntimesecs`, `spawndist`, `currentwaypoint`, `curhealth`, `curmana`, `MovementType`, `unit_flags`, `pool_id`, `patch_min`, `patch_max`) VALUES ('133050', '530', '1', NULL, '0', '-3647.35', '3648.87', '267.399', '5.51712', '180', '5', '0', '5589', '3155', '1', '0', '0', '0', '10');


-- Importing creature spawn with guid 75901 with import type REPLACE_ALL


-- Importing creature spawn with guid 75902 with import type REPLACE_ALL


-- Importing creature spawn with guid 75907 with import type REPLACE_ALL


-- Importing creature spawn with guid 75908 with import type REPLACE_ALL


-- Importing creature spawn with guid 75911 with import type REPLACE_ALL


-- Importing creature spawn with guid 75912 with import type REPLACE_ALL


-- Importing creature spawn with guid 75913 with import type REPLACE_ALL


-- Importing creature spawn with guid 75915 with import type REPLACE_ALL


-- Importing creature spawn with guid 75916 with import type REPLACE_ALL


-- Importing creature spawn with guid 75917 with import type REPLACE_ALL


-- Importing creature spawn with guid 75918 with import type REPLACE_ALL


-- Importing creature spawn with guid 75919 with import type REPLACE_ALL


-- Importing creature spawn with guid 75920 with import type REPLACE_ALL


-- Importing creature spawn with guid 75921 with import type REPLACE_ALL


-- Importing creature spawn with guid 75922 with import type REPLACE_ALL


-- Importing creature spawn with guid 75923 with import type REPLACE_ALL


-- Importing creature spawn with guid 75924 with import type REPLACE_ALL


-- Importing creature spawn with guid 75925 with import type REPLACE_ALL


-- Importing creature spawn with guid 75926 with import type REPLACE_ALL


-- Importing creature spawn with guid 75927 with import type REPLACE_ALL


-- Importing creature spawn with guid 75928 with import type REPLACE_ALL


-- Importing creature spawn with guid 75929 with import type REPLACE_ALL


-- Importing creature spawn with guid 75930 with import type REPLACE_ALL


-- Importing creature spawn with guid 75931 with import type REPLACE_ALL


-- Importing creature spawn with guid 75932 with import type REPLACE_ALL


-- Importing creature spawn with guid 75933 with import type REPLACE_ALL


-- Importing creature spawn with guid 75934 with import type REPLACE_ALL


-- Importing creature spawn with guid 75935 with import type REPLACE_ALL


-- Importing creature spawn with guid 75936 with import type REPLACE_ALL


-- Importing creature spawn with guid 75937 with import type REPLACE_ALL


-- Importing creature spawn with guid 75938 with import type REPLACE_ALL


-- Importing creature spawn with guid 75939 with import type REPLACE_ALL


-- Importing creature spawn with guid 75940 with import type REPLACE_ALL


-- Importing creature spawn with guid 75941 with import type REPLACE_ALL


-- Importing creature spawn with guid 75942 with import type REPLACE_ALL


-- Importing creature spawn with guid 75943 with import type REPLACE_ALL


-- Importing creature spawn with guid 75944 with import type REPLACE_ALL


-- Importing creature spawn with guid 75945 with import type REPLACE_ALL


-- Importing creature spawn with guid 75946 with import type REPLACE_ALL


-- Importing creature spawn with guid 75947 with import type REPLACE_ALL


-- Importing creature spawn with guid 75948 with import type REPLACE_ALL


-- Importing creature spawn with guid 75949 with import type REPLACE_ALL


-- Importing creature spawn with guid 75953 with import type REPLACE_ALL


-- Importing creature spawn with guid 75954 with import type REPLACE_ALL


-- Importing creature spawn with guid 76086 with import type REPLACE_ALL


-- Importing creature spawn with guid 76087 with import type REPLACE_ALL


-- Importing creature spawn with guid 76088 with import type REPLACE_ALL


-- Importing creature spawn with guid 76089 with import type REPLACE_ALL


-- Importing creature spawn with guid 76090 with import type REPLACE_ALL


-- Importing creature spawn with guid 76091 with import type REPLACE_ALL


-- Importing creature spawn with guid 76092 with import type REPLACE_ALL


-- Importing creature spawn with guid 76093 with import type REPLACE_ALL


-- Importing creature spawn with guid 76094 with import type REPLACE_ALL


-- Importing creature spawn with guid 76095 with import type REPLACE_ALL


-- Importing creature spawn with guid 76096 with import type REPLACE_ALL


-- Importing creature spawn with guid 76097 with import type REPLACE_ALL


-- Importing creature spawn with guid 76098 with import type REPLACE_ALL


-- Importing creature spawn with guid 76099 with import type REPLACE_ALL


-- Importing creature spawn with guid 76100 with import type REPLACE_ALL
INSERT INTO creature_entry (`spawnID`, `entry`) VALUES ('132630', '21793');
-- Has LK modelid 15880 already in creature template, set to 0.
INSERT INTO creature (`spawnID`, `map`, `spawnMask`, `modelid`, `equipment_id`, `position_x`, `position_y`, `position_z`, `orientation`, `spawntimesecs`, `spawndist`, `currentwaypoint`, `curhealth`, `curmana`, `MovementType`, `unit_flags`, `pool_id`, `patch_min`, `patch_max`) VALUES ('132630', '530', '1', NULL, '0', '-3807.18', '3766.16', '275.908', '4.06662', '180', '5', '0', '42', '0', '1', '0', '0', '0', '10');
INSERT INTO creature_addon (`spawnID`, `path_id`, `mount`, `bytes0`, `bytes1`, `bytes2`, `emote`, `auras`) VALUES ('132630', NULL, '0', '0', '0', '1', '0', NULL);


-- Importing creature spawn with guid 76101 with import type REPLACE_ALL


-- Importing creature spawn with guid 76102 with import type REPLACE_ALL


-- Importing creature spawn with guid 76103 with import type REPLACE_ALL


-- Importing creature spawn with guid 76104 with import type REPLACE_ALL


-- Importing creature spawn with guid 76105 with import type REPLACE_ALL


-- Importing creature spawn with guid 76106 with import type REPLACE_ALL


-- Importing creature spawn with guid 76107 with import type REPLACE_ALL
INSERT INTO creature_entry (`spawnID`, `entry`) VALUES ('132635', '21794');
-- Has LK modelid 15880 already in creature template, set to 0.
INSERT INTO creature (`spawnID`, `map`, `spawnMask`, `modelid`, `equipment_id`, `position_x`, `position_y`, `position_z`, `orientation`, `spawntimesecs`, `spawndist`, `currentwaypoint`, `curhealth`, `curmana`, `MovementType`, `unit_flags`, `pool_id`, `patch_min`, `patch_max`) VALUES ('132635', '530', '1', NULL, '0', '-3810.78', '3768.53', '276.705', '5.41052', '180', '0', '0', '42', '0', '0', '0', '0', '0', '10');
INSERT INTO creature_addon (`spawnID`, `path_id`, `mount`, `bytes0`, `bytes1`, `bytes2`, `emote`, `auras`) VALUES ('132635', NULL, '0', '0', '0', '1', '0', '34892');


-- Importing creature spawn with guid 76108 with import type REPLACE_ALL


-- Importing creature spawn with guid 76109 with import type REPLACE_ALL


-- Importing creature spawn with guid 76110 with import type REPLACE_ALL


-- Importing creature spawn with guid 76111 with import type REPLACE_ALL


-- Importing creature spawn with guid 76112 with import type REPLACE_ALL


-- Importing creature spawn with guid 76113 with import type REPLACE_ALL


-- Importing creature spawn with guid 76132 with import type REPLACE_ALL
INSERT INTO creature_entry (`spawnID`, `entry`) VALUES ('132650', '21804');
-- Has LK modelid 20738 already in creature template, set to 0.
INSERT INTO creature (`spawnID`, `map`, `spawnMask`, `modelid`, `equipment_id`, `position_x`, `position_y`, `position_z`, `orientation`, `spawntimesecs`, `spawndist`, `currentwaypoint`, `curhealth`, `curmana`, `MovementType`, `unit_flags`, `pool_id`, `patch_min`, `patch_max`) VALUES ('132650', '530', '1', NULL, '0', '-4156.04', '3109.06', '321.048', '4.86711', '180', '5', '0', '3144', '0', '1', '0', '0', '0', '10');
INSERT INTO creature_entry (`spawnID`, `entry`) VALUES ('132651', '21804');
-- Has LK modelid 20738 already in creature template, set to 0.
INSERT INTO creature (`spawnID`, `map`, `spawnMask`, `modelid`, `equipment_id`, `position_x`, `position_y`, `position_z`, `orientation`, `spawntimesecs`, `spawndist`, `currentwaypoint`, `curhealth`, `curmana`, `MovementType`, `unit_flags`, `pool_id`, `patch_min`, `patch_max`) VALUES ('132651', '530', '1', NULL, '0', '-4173.86', '3175.31', '316.285', '2.67506', '180', '5', '0', '3144', '0', '1', '0', '0', '0', '10');


-- Importing creature spawn with guid 76133 with import type REPLACE_ALL


-- Importing creature spawn with guid 76134 with import type REPLACE_ALL


-- Importing creature spawn with guid 76135 with import type REPLACE_ALL


-- Importing creature spawn with guid 76136 with import type REPLACE_ALL


-- Importing creature spawn with guid 76137 with import type REPLACE_ALL


-- Importing creature spawn with guid 76138 with import type REPLACE_ALL


-- Importing creature spawn with guid 76139 with import type REPLACE_ALL


-- Importing creature spawn with guid 76140 with import type REPLACE_ALL


-- Importing creature spawn with guid 76141 with import type REPLACE_ALL


-- Importing creature spawn with guid 76142 with import type REPLACE_ALL


-- Importing creature spawn with guid 76143 with import type REPLACE_ALL


-- Importing creature spawn with guid 76144 with import type REPLACE_ALL


-- Importing creature spawn with guid 76145 with import type REPLACE_ALL


-- Importing creature spawn with guid 76146 with import type REPLACE_ALL


-- Importing creature spawn with guid 76147 with import type REPLACE_ALL


-- Importing creature spawn with guid 76148 with import type REPLACE_ALL


-- Importing creature spawn with guid 76149 with import type REPLACE_ALL


-- Importing creature spawn with guid 76150 with import type REPLACE_ALL


-- Importing creature spawn with guid 76151 with import type REPLACE_ALL


-- Importing creature spawn with guid 76152 with import type REPLACE_ALL


-- Importing creature spawn with guid 76153 with import type REPLACE_ALL


-- Importing creature spawn with guid 76154 with import type REPLACE_ALL


-- Importing creature spawn with guid 76155 with import type REPLACE_ALL


-- Importing creature spawn with guid 76156 with import type REPLACE_ALL


-- Importing creature spawn with guid 76157 with import type REPLACE_ALL


-- Importing creature spawn with guid 76158 with import type REPLACE_ALL


-- Importing creature spawn with guid 76159 with import type REPLACE_ALL


-- Importing creature spawn with guid 76160 with import type REPLACE_ALL


-- Importing creature spawn with guid 76161 with import type REPLACE_ALL


-- Importing creature spawn with guid 76427 with import type REPLACE_ALL
INSERT INTO creature_entry (`spawnID`, `entry`) VALUES ('76421', '21839');
INSERT INTO creature (`spawnID`, `map`, `spawnMask`, `modelid`, `equipment_id`, `position_x`, `position_y`, `position_z`, `orientation`, `spawntimesecs`, `spawndist`, `currentwaypoint`, `curhealth`, `curmana`, `MovementType`, `unit_flags`, `pool_id`, `patch_min`, `patch_max`) VALUES ('76421', '530', '1', NULL, '0', '1997.37', '4842.61', '144.408', '4.31857', '300', '5', '0', '6505', '0', '1', '0', '0', '0', '10');
INSERT INTO spawn_group (`groupId`, `spawnType`, `spawnId`) VALUES ('2', '0', '76421');
INSERT INTO creature_entry (`spawnID`, `entry`) VALUES ('76417', '21839');
INSERT INTO creature (`spawnID`, `map`, `spawnMask`, `modelid`, `equipment_id`, `position_x`, `position_y`, `position_z`, `orientation`, `spawntimesecs`, `spawndist`, `currentwaypoint`, `curhealth`, `curmana`, `MovementType`, `unit_flags`, `pool_id`, `patch_min`, `patch_max`) VALUES ('76417', '530', '1', NULL, '0', '1695.64', '4816.96', '147.824', '4.53456', '300', '5', '0', '6505', '0', '1', '0', '0', '0', '10');
INSERT INTO spawn_group (`groupId`, `spawnType`, `spawnId`) VALUES ('2', '0', '76417');
INSERT INTO creature_entry (`spawnID`, `entry`) VALUES ('40592', '21839');
INSERT INTO creature (`spawnID`, `map`, `spawnMask`, `modelid`, `equipment_id`, `position_x`, `position_y`, `position_z`, `orientation`, `spawntimesecs`, `spawndist`, `currentwaypoint`, `curhealth`, `curmana`, `MovementType`, `unit_flags`, `pool_id`, `patch_min`, `patch_max`) VALUES ('40592', '530', '1', NULL, '0', '1785.86', '4767.26', '145.577', '4.16543', '300', '5', '0', '6505', '0', '1', '0', '0', '0', '10');
INSERT INTO spawn_group (`groupId`, `spawnType`, `spawnId`) VALUES ('2', '0', '40592');
INSERT INTO creature_entry (`spawnID`, `entry`) VALUES ('34058', '21839');
INSERT INTO creature (`spawnID`, `map`, `spawnMask`, `modelid`, `equipment_id`, `position_x`, `position_y`, `position_z`, `orientation`, `spawntimesecs`, `spawndist`, `currentwaypoint`, `curhealth`, `curmana`, `MovementType`, `unit_flags`, `pool_id`, `patch_min`, `patch_max`) VALUES ('34058', '530', '1', NULL, '0', '1869.55', '4921.42', '147.661', '0.140283', '300', '5', '0', '6505', '0', '1', '0', '0', '0', '10');
INSERT INTO spawn_group (`groupId`, `spawnType`, `spawnId`) VALUES ('2', '0', '34058');
INSERT INTO creature_entry (`spawnID`, `entry`) VALUES ('34054', '21839');
INSERT INTO creature (`spawnID`, `map`, `spawnMask`, `modelid`, `equipment_id`, `position_x`, `position_y`, `position_z`, `orientation`, `spawntimesecs`, `spawndist`, `currentwaypoint`, `curhealth`, `curmana`, `MovementType`, `unit_flags`, `pool_id`, `patch_min`, `patch_max`) VALUES ('34054', '530', '1', NULL, '0', '1970.95', '4916.71', '142.878', '5.79515', '300', '5', '0', '6505', '0', '1', '0', '0', '0', '10');
INSERT INTO spawn_group (`groupId`, `spawnType`, `spawnId`) VALUES ('2', '0', '34054');
INSERT INTO creature_entry (`spawnID`, `entry`) VALUES ('34053', '21839');
INSERT INTO creature (`spawnID`, `map`, `spawnMask`, `modelid`, `equipment_id`, `position_x`, `position_y`, `position_z`, `orientation`, `spawntimesecs`, `spawndist`, `currentwaypoint`, `curhealth`, `curmana`, `MovementType`, `unit_flags`, `pool_id`, `patch_min`, `patch_max`) VALUES ('34053', '530', '1', NULL, '0', '2024.7', '4905.79', '140.883', '3.59604', '300', '5', '0', '6505', '0', '1', '0', '0', '0', '10');
INSERT INTO spawn_group (`groupId`, `spawnType`, `spawnId`) VALUES ('2', '0', '34053');
INSERT INTO creature_entry (`spawnID`, `entry`) VALUES ('29882', '21839');
INSERT INTO creature (`spawnID`, `map`, `spawnMask`, `modelid`, `equipment_id`, `position_x`, `position_y`, `position_z`, `orientation`, `spawntimesecs`, `spawndist`, `currentwaypoint`, `curhealth`, `curmana`, `MovementType`, `unit_flags`, `pool_id`, `patch_min`, `patch_max`) VALUES ('29882', '530', '1', NULL, '0', '2154.45', '4902.69', '147.832', '3.58426', '300', '5', '0', '6505', '0', '1', '0', '0', '0', '10');
INSERT INTO spawn_group (`groupId`, `spawnType`, `spawnId`) VALUES ('2', '0', '29882');
DELETE ce, c1, c2, sg FROM creature_entry ce LEFT JOIN conditions c1 ON c1.ConditionTypeOrReference = 31 AND c1.ConditionValue1 = 3 AND c1.ConditionValue3 = 1075564 LEFT JOIN conditions c2 ON c2.SourceTypeOrReferenceId = 22 AND c2.SourceId = 0 AND c1.SourceEntry = -1075564 LEFT JOIN spawn_group sg ON sg.spawnId = 1075564 AND spawnType = 0 WHERE ce.spawnID = 1075564;
DELETE ce, c1, c2, sg FROM creature_entry ce LEFT JOIN conditions c1 ON c1.ConditionTypeOrReference = 31 AND c1.ConditionValue1 = 3 AND c1.ConditionValue3 = 1075568 LEFT JOIN conditions c2 ON c2.SourceTypeOrReferenceId = 22 AND c2.SourceId = 0 AND c1.SourceEntry = -1075568 LEFT JOIN spawn_group sg ON sg.spawnId = 1075568 AND spawnType = 0 WHERE ce.spawnID = 1075568;


-- Importing creature spawn with guid 76426 with import type REPLACE_ALL


-- Importing creature spawn with guid 76425 with import type REPLACE_ALL


-- Importing creature spawn with guid 76424 with import type REPLACE_ALL


-- Importing creature spawn with guid 76423 with import type REPLACE_ALL


-- Importing creature spawn with guid 76422 with import type REPLACE_ALL


-- Importing creature spawn with guid 76421 with import type REPLACE_ALL


-- Importing creature spawn with guid 76420 with import type REPLACE_ALL


-- Importing creature spawn with guid 76419 with import type REPLACE_ALL


-- Importing creature spawn with guid 76418 with import type REPLACE_ALL


-- Importing creature spawn with guid 76417 with import type REPLACE_ALL


-- Importing creature spawn with guid 27598 with import type REPLACE_ALL


-- Importing creature spawn with guid 76488 with import type REPLACE_ALL
INSERT INTO creature_entry (`spawnID`, `entry`) VALUES ('132675', '21855');
-- Has LK modelid 15880 already in creature template, set to 0.
INSERT INTO creature (`spawnID`, `map`, `spawnMask`, `modelid`, `equipment_id`, `position_x`, `position_y`, `position_z`, `orientation`, `spawntimesecs`, `spawndist`, `currentwaypoint`, `curhealth`, `curmana`, `MovementType`, `unit_flags`, `pool_id`, `patch_min`, `patch_max`) VALUES ('132675', '530', '1', NULL, '0', '-3823.78', '3284.72', '276.988', '1.69297', '180', '0', '0', '42', '0', '0', '0', '0', '0', '10');
INSERT INTO creature_addon (`spawnID`, `path_id`, `mount`, `bytes0`, `bytes1`, `bytes2`, `emote`, `auras`) VALUES ('132675', NULL, '0', '0', '0', '1', '0', NULL);


-- Importing creature spawn with guid 76489 with import type REPLACE_ALL


-- Importing creature spawn with guid 76490 with import type REPLACE_ALL


-- Importing creature spawn with guid 76491 with import type REPLACE_ALL


-- Importing creature spawn with guid 76492 with import type REPLACE_ALL
INSERT INTO creature_entry (`spawnID`, `entry`) VALUES ('132677', '21856');
-- Has LK modelid 15880 already in creature template, set to 0.
INSERT INTO creature (`spawnID`, `map`, `spawnMask`, `modelid`, `equipment_id`, `position_x`, `position_y`, `position_z`, `orientation`, `spawntimesecs`, `spawndist`, `currentwaypoint`, `curhealth`, `curmana`, `MovementType`, `unit_flags`, `pool_id`, `patch_min`, `patch_max`) VALUES ('132677', '530', '1', NULL, '0', '-3826.2', '3288.17', '275.302', '2.94961', '180', '5', '0', '42', '0', '1', '0', '0', '0', '10');
INSERT INTO creature_addon (`spawnID`, `path_id`, `mount`, `bytes0`, `bytes1`, `bytes2`, `emote`, `auras`) VALUES ('132677', NULL, '0', '0', '0', '1', '0', NULL);


-- Importing creature spawn with guid 76493 with import type REPLACE_ALL


-- Importing creature spawn with guid 76494 with import type REPLACE_ALL


-- Importing creature spawn with guid 76495 with import type REPLACE_ALL


-- Importing creature spawn with guid 27592 with import type REPLACE_ALL


-- Importing creature spawn with guid 27591 with import type REPLACE_ALL


-- Importing creature spawn with guid 27590 with import type REPLACE_ALL


-- Importing creature spawn with guid 76656 with import type REPLACE_ALL
INSERT INTO creature_entry (`spawnID`, `entry`) VALUES ('132839', '21911');
-- Has LK modelid 17867 already in creature template, set to 0.
INSERT INTO creature (`spawnID`, `map`, `spawnMask`, `modelid`, `equipment_id`, `position_x`, `position_y`, `position_z`, `orientation`, `spawntimesecs`, `spawndist`, `currentwaypoint`, `curhealth`, `curmana`, `MovementType`, `unit_flags`, `pool_id`, `patch_min`, `patch_max`) VALUES ('132839', '530', '1', NULL, '1', '-3901.91', '3676.68', '335.892', '3.88562', '180', '5', '0', '5589', '3155', '1', '0', '0', '0', '10');
INSERT INTO creature_addon (`spawnID`, `path_id`, `mount`, `bytes0`, `bytes1`, `bytes2`, `emote`, `auras`) VALUES ('132839', NULL, '0', '0', '0', '1', '0', NULL);
INSERT INTO creature_entry (`spawnID`, `entry`) VALUES ('132840', '21911');
-- Has LK modelid 17867 already in creature template, set to 0.
INSERT INTO creature (`spawnID`, `map`, `spawnMask`, `modelid`, `equipment_id`, `position_x`, `position_y`, `position_z`, `orientation`, `spawntimesecs`, `spawndist`, `currentwaypoint`, `curhealth`, `curmana`, `MovementType`, `unit_flags`, `pool_id`, `patch_min`, `patch_max`) VALUES ('132840', '530', '1', NULL, '1', '-3963.16', '3213.15', '333.962', '1.22927', '180', '5', '0', '5589', '3155', '1', '0', '0', '0', '10');
INSERT INTO creature_addon (`spawnID`, `path_id`, `mount`, `bytes0`, `bytes1`, `bytes2`, `emote`, `auras`) VALUES ('132840', NULL, '0', '0', '0', '1', '0', NULL);
INSERT INTO creature_entry (`spawnID`, `entry`) VALUES ('132841', '21911');
-- Has LK modelid 17867 already in creature template, set to 0.
INSERT INTO creature (`spawnID`, `map`, `spawnMask`, `modelid`, `equipment_id`, `position_x`, `position_y`, `position_z`, `orientation`, `spawntimesecs`, `spawndist`, `currentwaypoint`, `curhealth`, `curmana`, `MovementType`, `unit_flags`, `pool_id`, `patch_min`, `patch_max`) VALUES ('132841', '530', '1', NULL, '1', '-3844.75', '3364.6', '323.178', '1.30967', '180', '0', '0', '5589', '3155', '0', '0', '0', '0', '10');
INSERT INTO creature_addon (`spawnID`, `path_id`, `mount`, `bytes0`, `bytes1`, `bytes2`, `emote`, `auras`) VALUES ('132841', NULL, '0', '0', '0', '1', '0', '51735');
INSERT INTO creature_entry (`spawnID`, `entry`) VALUES ('132842', '21911');
-- Has LK modelid 17867 already in creature template, set to 0.
INSERT INTO creature (`spawnID`, `map`, `spawnMask`, `modelid`, `equipment_id`, `position_x`, `position_y`, `position_z`, `orientation`, `spawntimesecs`, `spawndist`, `currentwaypoint`, `curhealth`, `curmana`, `MovementType`, `unit_flags`, `pool_id`, `patch_min`, `patch_max`) VALUES ('132842', '530', '1', NULL, '1', '-4170.34', '3170.25', '316.298', '5.14984', '180', '5', '0', '5589', '3155', '1', '0', '0', '0', '10');
INSERT INTO creature_addon (`spawnID`, `path_id`, `mount`, `bytes0`, `bytes1`, `bytes2`, `emote`, `auras`) VALUES ('132842', NULL, '0', '0', '0', '1', '0', NULL);


-- Importing creature spawn with guid 76657 with import type REPLACE_ALL


-- Importing creature spawn with guid 76658 with import type REPLACE_ALL


-- Importing creature spawn with guid 76659 with import type REPLACE_ALL


-- Importing creature spawn with guid 76660 with import type REPLACE_ALL


-- Importing creature spawn with guid 76661 with import type REPLACE_ALL


-- Importing creature spawn with guid 76662 with import type REPLACE_ALL


-- Importing creature spawn with guid 76663 with import type REPLACE_ALL


-- Importing creature spawn with guid 76664 with import type REPLACE_ALL


-- Importing creature spawn with guid 76665 with import type REPLACE_ALL


-- Importing creature spawn with guid 76666 with import type REPLACE_ALL


-- Importing creature spawn with guid 76667 with import type REPLACE_ALL


-- Importing creature spawn with guid 76668 with import type REPLACE_ALL


-- Importing creature spawn with guid 76669 with import type REPLACE_ALL


-- Importing creature spawn with guid 76670 with import type REPLACE_ALL


-- Importing creature spawn with guid 76671 with import type REPLACE_ALL


-- Importing creature spawn with guid 76672 with import type REPLACE_ALL


-- Importing creature spawn with guid 76673 with import type REPLACE_ALL


-- Importing creature spawn with guid 76674 with import type REPLACE_ALL


-- Importing creature spawn with guid 76675 with import type REPLACE_ALL


-- Importing creature spawn with guid 76676 with import type REPLACE_ALL


-- Importing creature spawn with guid 77088 with import type REPLACE_ALL
INSERT INTO creature_entry (`spawnID`, `entry`) VALUES ('213241', '22016');
INSERT INTO creature (`spawnID`, `map`, `spawnMask`, `modelid`, `equipment_id`, `position_x`, `position_y`, `position_z`, `orientation`, `spawntimesecs`, `spawndist`, `currentwaypoint`, `curhealth`, `curmana`, `MovementType`, `unit_flags`, `pool_id`, `patch_min`, `patch_max`) VALUES ('213241', '530', '1', NULL, '0', '-4108.46', '1288.62', '54.2145', '1.98968', '300', '0', '0', '1', '0', '0', '0', '0', '0', '10');
INSERT INTO spawn_group (`groupId`, `spawnType`, `spawnId`) VALUES ('2', '0', '213241');
INSERT INTO creature_entry (`spawnID`, `entry`) VALUES ('213240', '22016');
INSERT INTO creature (`spawnID`, `map`, `spawnMask`, `modelid`, `equipment_id`, `position_x`, `position_y`, `position_z`, `orientation`, `spawntimesecs`, `spawndist`, `currentwaypoint`, `curhealth`, `curmana`, `MovementType`, `unit_flags`, `pool_id`, `patch_min`, `patch_max`) VALUES ('213240', '530', '1', NULL, '0', '-4100.11', '1350.39', '72.3118', '3.05433', '300', '0', '0', '1', '0', '0', '0', '0', '0', '10');
INSERT INTO spawn_group (`groupId`, `spawnType`, `spawnId`) VALUES ('2', '0', '213240');
INSERT INTO creature_entry (`spawnID`, `entry`) VALUES ('213239', '22016');
INSERT INTO creature (`spawnID`, `map`, `spawnMask`, `modelid`, `equipment_id`, `position_x`, `position_y`, `position_z`, `orientation`, `spawntimesecs`, `spawndist`, `currentwaypoint`, `curhealth`, `curmana`, `MovementType`, `unit_flags`, `pool_id`, `patch_min`, `patch_max`) VALUES ('213239', '530', '1', NULL, '0', '-4100.06', '1377.72', '80.5417', '2.11185', '300', '0', '0', '1', '0', '0', '0', '0', '0', '10');
INSERT INTO spawn_group (`groupId`, `spawnType`, `spawnId`) VALUES ('2', '0', '213239');
INSERT INTO creature_entry (`spawnID`, `entry`) VALUES ('213238', '22016');
INSERT INTO creature (`spawnID`, `map`, `spawnMask`, `modelid`, `equipment_id`, `position_x`, `position_y`, `position_z`, `orientation`, `spawntimesecs`, `spawndist`, `currentwaypoint`, `curhealth`, `curmana`, `MovementType`, `unit_flags`, `pool_id`, `patch_min`, `patch_max`) VALUES ('213238', '530', '1', NULL, '0', '-4100.05', '1373.94', '79.2851', '2.09971', '300', '0', '0', '1', '0', '0', '0', '0', '0', '10');
INSERT INTO spawn_group (`groupId`, `spawnType`, `spawnId`) VALUES ('2', '0', '213238');
INSERT INTO creature_entry (`spawnID`, `entry`) VALUES ('213237', '22016');
INSERT INTO creature (`spawnID`, `map`, `spawnMask`, `modelid`, `equipment_id`, `position_x`, `position_y`, `position_z`, `orientation`, `spawntimesecs`, `spawndist`, `currentwaypoint`, `curhealth`, `curmana`, `MovementType`, `unit_flags`, `pool_id`, `patch_min`, `patch_max`) VALUES ('213237', '530', '1', NULL, '0', '-4099.99', '1353.74', '73.721', '3.29395', '300', '0', '0', '1', '0', '0', '0', '0', '0', '10');
INSERT INTO spawn_group (`groupId`, `spawnType`, `spawnId`) VALUES ('2', '0', '213237');
INSERT INTO creature_entry (`spawnID`, `entry`) VALUES ('213236', '22016');
INSERT INTO creature (`spawnID`, `map`, `spawnMask`, `modelid`, `equipment_id`, `position_x`, `position_y`, `position_z`, `orientation`, `spawntimesecs`, `spawndist`, `currentwaypoint`, `curhealth`, `curmana`, `MovementType`, `unit_flags`, `pool_id`, `patch_min`, `patch_max`) VALUES ('213236', '530', '1', NULL, '0', '-4096.36', '1322.75', '65.6467', '2.93215', '300', '0', '0', '1', '0', '0', '0', '0', '0', '10');
INSERT INTO spawn_group (`groupId`, `spawnType`, `spawnId`) VALUES ('2', '0', '213236');
INSERT INTO creature_entry (`spawnID`, `entry`) VALUES ('213235', '22016');
INSERT INTO creature (`spawnID`, `map`, `spawnMask`, `modelid`, `equipment_id`, `position_x`, `position_y`, `position_z`, `orientation`, `spawntimesecs`, `spawndist`, `currentwaypoint`, `curhealth`, `curmana`, `MovementType`, `unit_flags`, `pool_id`, `patch_min`, `patch_max`) VALUES ('213235', '530', '1', NULL, '0', '-4096.19', '1317.84', '63.5953', '3.05433', '300', '0', '0', '1', '0', '0', '0', '0', '0', '10');
INSERT INTO spawn_group (`groupId`, `spawnType`, `spawnId`) VALUES ('2', '0', '213235');
INSERT INTO creature_entry (`spawnID`, `entry`) VALUES ('213242', '22016');
INSERT INTO creature (`spawnID`, `map`, `spawnMask`, `modelid`, `equipment_id`, `position_x`, `position_y`, `position_z`, `orientation`, `spawntimesecs`, `spawndist`, `currentwaypoint`, `curhealth`, `curmana`, `MovementType`, `unit_flags`, `pool_id`, `patch_min`, `patch_max`) VALUES ('213242', '530', '1', NULL, '0', '-4111.45', '1286.98', '54.4025', '2.26893', '300', '0', '0', '1', '0', '0', '0', '0', '0', '10');
INSERT INTO spawn_group (`groupId`, `spawnType`, `spawnId`) VALUES ('2', '0', '213242');
INSERT INTO creature_entry (`spawnID`, `entry`) VALUES ('213243', '22016');
INSERT INTO creature (`spawnID`, `map`, `spawnMask`, `modelid`, `equipment_id`, `position_x`, `position_y`, `position_z`, `orientation`, `spawntimesecs`, `spawndist`, `currentwaypoint`, `curhealth`, `curmana`, `MovementType`, `unit_flags`, `pool_id`, `patch_min`, `patch_max`) VALUES ('213243', '530', '1', NULL, '0', '-4120.15', '1336.9', '68.1191', '0', '300', '0', '0', '1', '0', '0', '0', '0', '0', '10');
INSERT INTO spawn_group (`groupId`, `spawnType`, `spawnId`) VALUES ('2', '0', '213243');
INSERT INTO creature_entry (`spawnID`, `entry`) VALUES ('213244', '22016');
INSERT INTO creature (`spawnID`, `map`, `spawnMask`, `modelid`, `equipment_id`, `position_x`, `position_y`, `position_z`, `orientation`, `spawntimesecs`, `spawndist`, `currentwaypoint`, `curhealth`, `curmana`, `MovementType`, `unit_flags`, `pool_id`, `patch_min`, `patch_max`) VALUES ('213244', '530', '1', NULL, '0', '-4120.37', '1333.76', '66.5477', '0.0174533', '300', '0', '0', '1', '0', '0', '0', '0', '0', '10');
INSERT INTO spawn_group (`groupId`, `spawnType`, `spawnId`) VALUES ('2', '0', '213244');
INSERT INTO creature_entry (`spawnID`, `entry`) VALUES ('213245', '22016');
INSERT INTO creature (`spawnID`, `map`, `spawnMask`, `modelid`, `equipment_id`, `position_x`, `position_y`, `position_z`, `orientation`, `spawntimesecs`, `spawndist`, `currentwaypoint`, `curhealth`, `curmana`, `MovementType`, `unit_flags`, `pool_id`, `patch_min`, `patch_max`) VALUES ('213245', '530', '1', NULL, '0', '-4122', '1381.51', '81.2709', '0.715585', '300', '0', '0', '1', '0', '0', '0', '0', '0', '10');
INSERT INTO spawn_group (`groupId`, `spawnType`, `spawnId`) VALUES ('2', '0', '213245');
INSERT INTO creature_entry (`spawnID`, `entry`) VALUES ('213246', '22016');
INSERT INTO creature (`spawnID`, `map`, `spawnMask`, `modelid`, `equipment_id`, `position_x`, `position_y`, `position_z`, `orientation`, `spawntimesecs`, `spawndist`, `currentwaypoint`, `curhealth`, `curmana`, `MovementType`, `unit_flags`, `pool_id`, `patch_min`, `patch_max`) VALUES ('213246', '530', '1', NULL, '0', '-4124.98', '1317.97', '58.9916', '5.51524', '300', '0', '0', '1', '0', '0', '0', '0', '0', '10');
INSERT INTO spawn_group (`groupId`, `spawnType`, `spawnId`) VALUES ('2', '0', '213246');
INSERT INTO creature_entry (`spawnID`, `entry`) VALUES ('213247', '22016');
INSERT INTO creature (`spawnID`, `map`, `spawnMask`, `modelid`, `equipment_id`, `position_x`, `position_y`, `position_z`, `orientation`, `spawntimesecs`, `spawndist`, `currentwaypoint`, `curhealth`, `curmana`, `MovementType`, `unit_flags`, `pool_id`, `patch_min`, `patch_max`) VALUES ('213247', '530', '1', NULL, '0', '-4125.01', '1385.03', '82.0697', '0.680678', '300', '0', '0', '1', '0', '0', '0', '0', '0', '10');
INSERT INTO spawn_group (`groupId`, `spawnType`, `spawnId`) VALUES ('2', '0', '213247');
INSERT INTO creature_entry (`spawnID`, `entry`) VALUES ('213248', '22016');
INSERT INTO creature (`spawnID`, `map`, `spawnMask`, `modelid`, `equipment_id`, `position_x`, `position_y`, `position_z`, `orientation`, `spawntimesecs`, `spawndist`, `currentwaypoint`, `curhealth`, `curmana`, `MovementType`, `unit_flags`, `pool_id`, `patch_min`, `patch_max`) VALUES ('213248', '530', '1', NULL, '0', '-4127.14', '1286', '55.268', '1.81514', '300', '0', '0', '1', '0', '0', '0', '0', '0', '10');
INSERT INTO spawn_group (`groupId`, `spawnType`, `spawnId`) VALUES ('2', '0', '213248');
INSERT INTO creature_entry (`spawnID`, `entry`) VALUES ('213249', '22016');
INSERT INTO creature (`spawnID`, `map`, `spawnMask`, `modelid`, `equipment_id`, `position_x`, `position_y`, `position_z`, `orientation`, `spawntimesecs`, `spawndist`, `currentwaypoint`, `curhealth`, `curmana`, `MovementType`, `unit_flags`, `pool_id`, `patch_min`, `patch_max`) VALUES ('213249', '530', '1', NULL, '0', '-4127.5', '1315.51', '57.7211', '5.70723', '300', '0', '0', '1', '0', '0', '0', '0', '0', '10');
INSERT INTO spawn_group (`groupId`, `spawnType`, `spawnId`) VALUES ('2', '0', '213249');
INSERT INTO creature_entry (`spawnID`, `entry`) VALUES ('213250', '22016');
INSERT INTO creature (`spawnID`, `map`, `spawnMask`, `modelid`, `equipment_id`, `position_x`, `position_y`, `position_z`, `orientation`, `spawntimesecs`, `spawndist`, `currentwaypoint`, `curhealth`, `curmana`, `MovementType`, `unit_flags`, `pool_id`, `patch_min`, `patch_max`) VALUES ('213250', '530', '1', NULL, '0', '-4131.38', '1285.95', '55.5305', '1.97222', '300', '0', '0', '1', '0', '0', '0', '0', '0', '10');
INSERT INTO spawn_group (`groupId`, `spawnType`, `spawnId`) VALUES ('2', '0', '213250');
INSERT INTO creature_entry (`spawnID`, `entry`) VALUES ('213251', '22016');
INSERT INTO creature (`spawnID`, `map`, `spawnMask`, `modelid`, `equipment_id`, `position_x`, `position_y`, `position_z`, `orientation`, `spawntimesecs`, `spawndist`, `currentwaypoint`, `curhealth`, `curmana`, `MovementType`, `unit_flags`, `pool_id`, `patch_min`, `patch_max`) VALUES ('213251', '530', '1', NULL, '0', '-4149.73', '1310.27', '56.655', '4.72984', '300', '0', '0', '1', '0', '0', '0', '0', '0', '10');
INSERT INTO spawn_group (`groupId`, `spawnType`, `spawnId`) VALUES ('2', '0', '213251');
INSERT INTO creature_entry (`spawnID`, `entry`) VALUES ('213252', '22016');
INSERT INTO creature (`spawnID`, `map`, `spawnMask`, `modelid`, `equipment_id`, `position_x`, `position_y`, `position_z`, `orientation`, `spawntimesecs`, `spawndist`, `currentwaypoint`, `curhealth`, `curmana`, `MovementType`, `unit_flags`, `pool_id`, `patch_min`, `patch_max`) VALUES ('213252', '530', '1', NULL, '0', '-4153.59', '1311.41', '56.17', '4.62512', '300', '0', '0', '1', '0', '0', '0', '0', '0', '10');
INSERT INTO spawn_group (`groupId`, `spawnType`, `spawnId`) VALUES ('2', '0', '213252');
INSERT INTO creature_entry (`spawnID`, `entry`) VALUES ('213253', '22016');
INSERT INTO creature (`spawnID`, `map`, `spawnMask`, `modelid`, `equipment_id`, `position_x`, `position_y`, `position_z`, `orientation`, `spawntimesecs`, `spawndist`, `currentwaypoint`, `curhealth`, `curmana`, `MovementType`, `unit_flags`, `pool_id`, `patch_min`, `patch_max`) VALUES ('213253', '530', '1', NULL, '0', '-4173.1', '1288.45', '57.6537', '1.50098', '300', '0', '0', '1', '0', '0', '0', '0', '0', '10');
INSERT INTO spawn_group (`groupId`, `spawnType`, `spawnId`) VALUES ('2', '0', '213253');
INSERT INTO creature_entry (`spawnID`, `entry`) VALUES ('213254', '22016');
INSERT INTO creature (`spawnID`, `map`, `spawnMask`, `modelid`, `equipment_id`, `position_x`, `position_y`, `position_z`, `orientation`, `spawntimesecs`, `spawndist`, `currentwaypoint`, `curhealth`, `curmana`, `MovementType`, `unit_flags`, `pool_id`, `patch_min`, `patch_max`) VALUES ('213254', '530', '1', NULL, '0', '-4173.19', '1316.73', '57.2881', '4.62512', '300', '0', '0', '1', '0', '0', '0', '0', '0', '10');
INSERT INTO spawn_group (`groupId`, `spawnType`, `spawnId`) VALUES ('2', '0', '213254');
INSERT INTO creature_entry (`spawnID`, `entry`) VALUES ('213255', '22016');
INSERT INTO creature (`spawnID`, `map`, `spawnMask`, `modelid`, `equipment_id`, `position_x`, `position_y`, `position_z`, `orientation`, `spawntimesecs`, `spawndist`, `currentwaypoint`, `curhealth`, `curmana`, `MovementType`, `unit_flags`, `pool_id`, `patch_min`, `patch_max`) VALUES ('213255', '530', '1', NULL, '0', '-4176.76', '1317.9', '56.1308', '4.66562', '300', '0', '0', '1', '0', '0', '0', '0', '0', '10');
INSERT INTO spawn_group (`groupId`, `spawnType`, `spawnId`) VALUES ('2', '0', '213255');
INSERT INTO creature_entry (`spawnID`, `entry`) VALUES ('213256', '22016');
INSERT INTO creature (`spawnID`, `map`, `spawnMask`, `modelid`, `equipment_id`, `position_x`, `position_y`, `position_z`, `orientation`, `spawntimesecs`, `spawndist`, `currentwaypoint`, `curhealth`, `curmana`, `MovementType`, `unit_flags`, `pool_id`, `patch_min`, `patch_max`) VALUES ('213256', '530', '1', NULL, '0', '-4177.25', '1289.75', '58.8074', '1.46608', '300', '0', '0', '1', '0', '0', '0', '0', '0', '10');
INSERT INTO spawn_group (`groupId`, `spawnType`, `spawnId`) VALUES ('2', '0', '213256');
INSERT INTO creature_entry (`spawnID`, `entry`) VALUES ('213257', '22016');
INSERT INTO creature (`spawnID`, `map`, `spawnMask`, `modelid`, `equipment_id`, `position_x`, `position_y`, `position_z`, `orientation`, `spawntimesecs`, `spawndist`, `currentwaypoint`, `curhealth`, `curmana`, `MovementType`, `unit_flags`, `pool_id`, `patch_min`, `patch_max`) VALUES ('213257', '530', '1', NULL, '0', '-4191.07', '1296.06', '57.6714', '1.6057', '300', '0', '0', '1', '0', '0', '0', '0', '0', '10');
INSERT INTO spawn_group (`groupId`, `spawnType`, `spawnId`) VALUES ('2', '0', '213257');
INSERT INTO creature_entry (`spawnID`, `entry`) VALUES ('213258', '22016');
INSERT INTO creature (`spawnID`, `map`, `spawnMask`, `modelid`, `equipment_id`, `position_x`, `position_y`, `position_z`, `orientation`, `spawntimesecs`, `spawndist`, `currentwaypoint`, `curhealth`, `curmana`, `MovementType`, `unit_flags`, `pool_id`, `patch_min`, `patch_max`) VALUES ('213258', '530', '1', NULL, '0', '-4194.59', '1296.48', '57.2389', '1.55334', '300', '0', '0', '1', '0', '0', '0', '0', '0', '10');
INSERT INTO spawn_group (`groupId`, `spawnType`, `spawnId`) VALUES ('2', '0', '213258');
INSERT INTO creature_entry (`spawnID`, `entry`) VALUES ('213259', '22016');
INSERT INTO creature (`spawnID`, `map`, `spawnMask`, `modelid`, `equipment_id`, `position_x`, `position_y`, `position_z`, `orientation`, `spawntimesecs`, `spawndist`, `currentwaypoint`, `curhealth`, `curmana`, `MovementType`, `unit_flags`, `pool_id`, `patch_min`, `patch_max`) VALUES ('213259', '530', '1', NULL, '0', '-4203.81', '1313.09', '56.3822', '4.72984', '300', '0', '0', '1', '0', '0', '0', '0', '0', '10');
INSERT INTO spawn_group (`groupId`, `spawnType`, `spawnId`) VALUES ('2', '0', '213259');
INSERT INTO creature_entry (`spawnID`, `entry`) VALUES ('213260', '22016');
INSERT INTO creature (`spawnID`, `map`, `spawnMask`, `modelid`, `equipment_id`, `position_x`, `position_y`, `position_z`, `orientation`, `spawntimesecs`, `spawndist`, `currentwaypoint`, `curhealth`, `curmana`, `MovementType`, `unit_flags`, `pool_id`, `patch_min`, `patch_max`) VALUES ('213260', '530', '1', NULL, '0', '-4206.37', '1313.21', '56.972', '4.67748', '300', '0', '0', '1', '0', '0', '0', '0', '0', '10');
INSERT INTO spawn_group (`groupId`, `spawnType`, `spawnId`) VALUES ('2', '0', '213260');
INSERT INTO creature_entry (`spawnID`, `entry`) VALUES ('213261', '22016');
INSERT INTO creature (`spawnID`, `map`, `spawnMask`, `modelid`, `equipment_id`, `position_x`, `position_y`, `position_z`, `orientation`, `spawntimesecs`, `spawndist`, `currentwaypoint`, `curhealth`, `curmana`, `MovementType`, `unit_flags`, `pool_id`, `patch_min`, `patch_max`) VALUES ('213261', '530', '1', NULL, '0', '-4212.83', '1296.57', '57.1338', '1.5708', '300', '0', '0', '1', '0', '0', '0', '0', '0', '10');
INSERT INTO spawn_group (`groupId`, `spawnType`, `spawnId`) VALUES ('2', '0', '213261');
INSERT INTO creature_entry (`spawnID`, `entry`) VALUES ('213262', '22016');
INSERT INTO creature (`spawnID`, `map`, `spawnMask`, `modelid`, `equipment_id`, `position_x`, `position_y`, `position_z`, `orientation`, `spawntimesecs`, `spawndist`, `currentwaypoint`, `curhealth`, `curmana`, `MovementType`, `unit_flags`, `pool_id`, `patch_min`, `patch_max`) VALUES ('213262', '530', '1', NULL, '0', '-4216.64', '1297.06', '56.2174', '1.5708', '300', '0', '0', '1', '0', '0', '0', '0', '0', '10');
INSERT INTO spawn_group (`groupId`, `spawnType`, `spawnId`) VALUES ('2', '0', '213262');
INSERT INTO creature_entry (`spawnID`, `entry`) VALUES ('213263', '22016');
INSERT INTO creature (`spawnID`, `map`, `spawnMask`, `modelid`, `equipment_id`, `position_x`, `position_y`, `position_z`, `orientation`, `spawntimesecs`, `spawndist`, `currentwaypoint`, `curhealth`, `curmana`, `MovementType`, `unit_flags`, `pool_id`, `patch_min`, `patch_max`) VALUES ('213263', '530', '1', NULL, '0', '-4225.27', '1314.48', '56.7671', '4.64258', '300', '0', '0', '1', '0', '0', '0', '0', '0', '10');
INSERT INTO spawn_group (`groupId`, `spawnType`, `spawnId`) VALUES ('2', '0', '213263');
INSERT INTO creature_entry (`spawnID`, `entry`) VALUES ('213264', '22016');
INSERT INTO creature (`spawnID`, `map`, `spawnMask`, `modelid`, `equipment_id`, `position_x`, `position_y`, `position_z`, `orientation`, `spawntimesecs`, `spawndist`, `currentwaypoint`, `curhealth`, `curmana`, `MovementType`, `unit_flags`, `pool_id`, `patch_min`, `patch_max`) VALUES ('213264', '530', '1', NULL, '0', '-4229.29', '1314.14', '56.2046', '4.83456', '300', '0', '0', '1', '0', '0', '0', '0', '0', '10');
INSERT INTO spawn_group (`groupId`, `spawnType`, `spawnId`) VALUES ('2', '0', '213264');
INSERT INTO creature_entry (`spawnID`, `entry`) VALUES ('213265', '22016');
INSERT INTO creature (`spawnID`, `map`, `spawnMask`, `modelid`, `equipment_id`, `position_x`, `position_y`, `position_z`, `orientation`, `spawntimesecs`, `spawndist`, `currentwaypoint`, `curhealth`, `curmana`, `MovementType`, `unit_flags`, `pool_id`, `patch_min`, `patch_max`) VALUES ('213265', '530', '1', NULL, '0', '-4234.12', '1296.49', '57.2528', '1.62316', '300', '0', '0', '1', '0', '0', '0', '0', '0', '10');
INSERT INTO spawn_group (`groupId`, `spawnType`, `spawnId`) VALUES ('2', '0', '213265');
INSERT INTO creature_entry (`spawnID`, `entry`) VALUES ('213266', '22016');
INSERT INTO creature (`spawnID`, `map`, `spawnMask`, `modelid`, `equipment_id`, `position_x`, `position_y`, `position_z`, `orientation`, `spawntimesecs`, `spawndist`, `currentwaypoint`, `curhealth`, `curmana`, `MovementType`, `unit_flags`, `pool_id`, `patch_min`, `patch_max`) VALUES ('213266', '530', '1', NULL, '0', '-4237.95', '1296.56', '56.6738', '1.51844', '300', '0', '0', '1', '0', '0', '0', '0', '0', '10');
INSERT INTO spawn_group (`groupId`, `spawnType`, `spawnId`) VALUES ('2', '0', '213266');
INSERT INTO creature_entry (`spawnID`, `entry`) VALUES ('213267', '22016');
INSERT INTO creature (`spawnID`, `map`, `spawnMask`, `modelid`, `equipment_id`, `position_x`, `position_y`, `position_z`, `orientation`, `spawntimesecs`, `spawndist`, `currentwaypoint`, `curhealth`, `curmana`, `MovementType`, `unit_flags`, `pool_id`, `patch_min`, `patch_max`) VALUES ('213267', '530', '1', NULL, '0', '-4246.7', '1319.21', '55.1275', '4.72984', '300', '0', '0', '1', '0', '0', '0', '0', '0', '10');
INSERT INTO spawn_group (`groupId`, `spawnType`, `spawnId`) VALUES ('2', '0', '213267');
INSERT INTO creature_entry (`spawnID`, `entry`) VALUES ('213268', '22016');
INSERT INTO creature (`spawnID`, `map`, `spawnMask`, `modelid`, `equipment_id`, `position_x`, `position_y`, `position_z`, `orientation`, `spawntimesecs`, `spawndist`, `currentwaypoint`, `curhealth`, `curmana`, `MovementType`, `unit_flags`, `pool_id`, `patch_min`, `patch_max`) VALUES ('213268', '530', '1', NULL, '0', '-4250.58', '1318.97', '54.3412', '4.69494', '300', '0', '0', '1', '0', '0', '0', '0', '0', '10');
INSERT INTO spawn_group (`groupId`, `spawnType`, `spawnId`) VALUES ('2', '0', '213268');
INSERT INTO creature_entry (`spawnID`, `entry`) VALUES ('213269', '22016');
INSERT INTO creature (`spawnID`, `map`, `spawnMask`, `modelid`, `equipment_id`, `position_x`, `position_y`, `position_z`, `orientation`, `spawntimesecs`, `spawndist`, `currentwaypoint`, `curhealth`, `curmana`, `MovementType`, `unit_flags`, `pool_id`, `patch_min`, `patch_max`) VALUES ('213269', '530', '1', NULL, '0', '-4254.9', '1297.11', '54.1566', '1.62316', '300', '0', '0', '1', '0', '0', '0', '0', '0', '10');
INSERT INTO spawn_group (`groupId`, `spawnType`, `spawnId`) VALUES ('2', '0', '213269');
INSERT INTO creature_entry (`spawnID`, `entry`) VALUES ('213270', '22016');
INSERT INTO creature (`spawnID`, `map`, `spawnMask`, `modelid`, `equipment_id`, `position_x`, `position_y`, `position_z`, `orientation`, `spawntimesecs`, `spawndist`, `currentwaypoint`, `curhealth`, `curmana`, `MovementType`, `unit_flags`, `pool_id`, `patch_min`, `patch_max`) VALUES ('213270', '530', '1', NULL, '0', '-4259.22', '1297.02', '53.4612', '1.5708', '300', '0', '0', '1', '0', '0', '0', '0', '0', '10');
INSERT INTO spawn_group (`groupId`, `spawnType`, `spawnId`) VALUES ('2', '0', '213270');
INSERT INTO creature_entry (`spawnID`, `entry`) VALUES ('213271', '22016');
INSERT INTO creature (`spawnID`, `map`, `spawnMask`, `modelid`, `equipment_id`, `position_x`, `position_y`, `position_z`, `orientation`, `spawntimesecs`, `spawndist`, `currentwaypoint`, `curhealth`, `curmana`, `MovementType`, `unit_flags`, `pool_id`, `patch_min`, `patch_max`) VALUES ('213271', '530', '1', NULL, '0', '-4296.03', '1328.68', '65.4209', '4.90438', '300', '0', '0', '1', '0', '0', '0', '0', '0', '10');
INSERT INTO spawn_group (`groupId`, `spawnType`, `spawnId`) VALUES ('2', '0', '213271');
INSERT INTO creature_entry (`spawnID`, `entry`) VALUES ('213272', '22016');
INSERT INTO creature (`spawnID`, `map`, `spawnMask`, `modelid`, `equipment_id`, `position_x`, `position_y`, `position_z`, `orientation`, `spawntimesecs`, `spawndist`, `currentwaypoint`, `curhealth`, `curmana`, `MovementType`, `unit_flags`, `pool_id`, `patch_min`, `patch_max`) VALUES ('213272', '530', '1', NULL, '0', '-4299.64', '1328.81', '66.2253', '4.74729', '300', '0', '0', '1', '0', '0', '0', '0', '0', '10');
INSERT INTO spawn_group (`groupId`, `spawnType`, `spawnId`) VALUES ('2', '0', '213272');
INSERT INTO creature_entry (`spawnID`, `entry`) VALUES ('213273', '22016');
INSERT INTO creature (`spawnID`, `map`, `spawnMask`, `modelid`, `equipment_id`, `position_x`, `position_y`, `position_z`, `orientation`, `spawntimesecs`, `spawndist`, `currentwaypoint`, `curhealth`, `curmana`, `MovementType`, `unit_flags`, `pool_id`, `patch_min`, `patch_max`) VALUES ('213273', '530', '1', NULL, '0', '-4313.26', '1332.71', '75.1843', '4.86947', '300', '0', '0', '1', '0', '0', '0', '0', '0', '10');
INSERT INTO spawn_group (`groupId`, `spawnType`, `spawnId`) VALUES ('2', '0', '213273');
INSERT INTO creature_entry (`spawnID`, `entry`) VALUES ('213274', '22016');
INSERT INTO creature (`spawnID`, `map`, `spawnMask`, `modelid`, `equipment_id`, `position_x`, `position_y`, `position_z`, `orientation`, `spawntimesecs`, `spawndist`, `currentwaypoint`, `curhealth`, `curmana`, `MovementType`, `unit_flags`, `pool_id`, `patch_min`, `patch_max`) VALUES ('213274', '530', '1', NULL, '0', '-4316.29', '1330.93', '75.4431', '4.79965', '300', '0', '0', '1', '0', '0', '0', '0', '0', '10');
INSERT INTO spawn_group (`groupId`, `spawnType`, `spawnId`) VALUES ('2', '0', '213274');
INSERT INTO creature_entry (`spawnID`, `entry`) VALUES ('213275', '22016');
INSERT INTO creature (`spawnID`, `map`, `spawnMask`, `modelid`, `equipment_id`, `position_x`, `position_y`, `position_z`, `orientation`, `spawntimesecs`, `spawndist`, `currentwaypoint`, `curhealth`, `curmana`, `MovementType`, `unit_flags`, `pool_id`, `patch_min`, `patch_max`) VALUES ('213275', '530', '1', NULL, '0', '-4321.85', '1306.32', '77.87', '1.43117', '300', '0', '0', '1', '0', '0', '0', '0', '0', '10');
INSERT INTO spawn_group (`groupId`, `spawnType`, `spawnId`) VALUES ('2', '0', '213275');
INSERT INTO creature_entry (`spawnID`, `entry`) VALUES ('213276', '22016');
INSERT INTO creature (`spawnID`, `map`, `spawnMask`, `modelid`, `equipment_id`, `position_x`, `position_y`, `position_z`, `orientation`, `spawntimesecs`, `spawndist`, `currentwaypoint`, `curhealth`, `curmana`, `MovementType`, `unit_flags`, `pool_id`, `patch_min`, `patch_max`) VALUES ('213276', '530', '1', NULL, '0', '-4325.97', '1306.92', '79.3113', '1.55334', '300', '0', '0', '1', '0', '0', '0', '0', '0', '10');
INSERT INTO spawn_group (`groupId`, `spawnType`, `spawnId`) VALUES ('2', '0', '213276');
INSERT INTO creature_entry (`spawnID`, `entry`) VALUES ('213277', '22016');
INSERT INTO creature (`spawnID`, `map`, `spawnMask`, `modelid`, `equipment_id`, `position_x`, `position_y`, `position_z`, `orientation`, `spawntimesecs`, `spawndist`, `currentwaypoint`, `curhealth`, `curmana`, `MovementType`, `unit_flags`, `pool_id`, `patch_min`, `patch_max`) VALUES ('213277', '530', '1', NULL, '0', '-4333.6', '1331.26', '81.497', '4.74729', '300', '0', '0', '1', '0', '0', '0', '0', '0', '10');
INSERT INTO spawn_group (`groupId`, `spawnType`, `spawnId`) VALUES ('2', '0', '213277');
INSERT INTO creature_entry (`spawnID`, `entry`) VALUES ('213278', '22016');
INSERT INTO creature (`spawnID`, `map`, `spawnMask`, `modelid`, `equipment_id`, `position_x`, `position_y`, `position_z`, `orientation`, `spawntimesecs`, `spawndist`, `currentwaypoint`, `curhealth`, `curmana`, `MovementType`, `unit_flags`, `pool_id`, `patch_min`, `patch_max`) VALUES ('213278', '530', '1', NULL, '0', '-4337.56', '1331.47', '82.2813', '4.74729', '300', '0', '0', '1', '0', '0', '0', '0', '0', '10');
INSERT INTO spawn_group (`groupId`, `spawnType`, `spawnId`) VALUES ('2', '0', '213278');
INSERT INTO creature_entry (`spawnID`, `entry`) VALUES ('213279', '22016');
INSERT INTO creature (`spawnID`, `map`, `spawnMask`, `modelid`, `equipment_id`, `position_x`, `position_y`, `position_z`, `orientation`, `spawntimesecs`, `spawndist`, `currentwaypoint`, `curhealth`, `curmana`, `MovementType`, `unit_flags`, `pool_id`, `patch_min`, `patch_max`) VALUES ('213279', '530', '1', NULL, '0', '-4341.43', '1307.24', '81.5288', '1.6057', '300', '0', '0', '1', '0', '0', '0', '0', '0', '10');
INSERT INTO spawn_group (`groupId`, `spawnType`, `spawnId`) VALUES ('2', '0', '213279');
INSERT INTO creature_entry (`spawnID`, `entry`) VALUES ('213280', '22016');
INSERT INTO creature (`spawnID`, `map`, `spawnMask`, `modelid`, `equipment_id`, `position_x`, `position_y`, `position_z`, `orientation`, `spawntimesecs`, `spawndist`, `currentwaypoint`, `curhealth`, `curmana`, `MovementType`, `unit_flags`, `pool_id`, `patch_min`, `patch_max`) VALUES ('213280', '530', '1', NULL, '0', '-4345.6', '1307.46', '81.773', '1.46608', '300', '0', '0', '1', '0', '0', '0', '0', '0', '10');
INSERT INTO spawn_group (`groupId`, `spawnType`, `spawnId`) VALUES ('2', '0', '213280');


-- Importing creature spawn with guid 77089 with import type REPLACE_ALL


-- Importing creature spawn with guid 77090 with import type REPLACE_ALL


-- Importing creature spawn with guid 77091 with import type REPLACE_ALL


-- Importing creature spawn with guid 77092 with import type REPLACE_ALL


-- Importing creature spawn with guid 77093 with import type REPLACE_ALL


-- Importing creature spawn with guid 77094 with import type REPLACE_ALL


-- Importing creature spawn with guid 77095 with import type REPLACE_ALL


-- Importing creature spawn with guid 77096 with import type REPLACE_ALL


-- Importing creature spawn with guid 77097 with import type REPLACE_ALL


-- Importing creature spawn with guid 77098 with import type REPLACE_ALL


-- Importing creature spawn with guid 77099 with import type REPLACE_ALL


-- Importing creature spawn with guid 77100 with import type REPLACE_ALL


-- Importing creature spawn with guid 77101 with import type REPLACE_ALL


-- Importing creature spawn with guid 77102 with import type REPLACE_ALL


-- Importing creature spawn with guid 77103 with import type REPLACE_ALL


-- Importing creature spawn with guid 77104 with import type REPLACE_ALL


-- Importing creature spawn with guid 77105 with import type REPLACE_ALL


-- Importing creature spawn with guid 77106 with import type REPLACE_ALL


-- Importing creature spawn with guid 77107 with import type REPLACE_ALL


-- Importing creature spawn with guid 77108 with import type REPLACE_ALL


-- Importing creature spawn with guid 77109 with import type REPLACE_ALL


-- Importing creature spawn with guid 77110 with import type REPLACE_ALL


-- Importing creature spawn with guid 77111 with import type REPLACE_ALL


-- Importing creature spawn with guid 77112 with import type REPLACE_ALL


-- Importing creature spawn with guid 77113 with import type REPLACE_ALL


-- Importing creature spawn with guid 77114 with import type REPLACE_ALL


-- Importing creature spawn with guid 77115 with import type REPLACE_ALL


-- Importing creature spawn with guid 77116 with import type REPLACE_ALL


-- Importing creature spawn with guid 77117 with import type REPLACE_ALL


-- Importing creature spawn with guid 77118 with import type REPLACE_ALL


-- Importing creature spawn with guid 77119 with import type REPLACE_ALL


-- Importing creature spawn with guid 77120 with import type REPLACE_ALL


-- Importing creature spawn with guid 77121 with import type REPLACE_ALL


-- Importing creature spawn with guid 77122 with import type REPLACE_ALL


-- Importing creature spawn with guid 77123 with import type REPLACE_ALL


-- Importing creature spawn with guid 77124 with import type REPLACE_ALL


-- Importing creature spawn with guid 77125 with import type REPLACE_ALL


-- Importing creature spawn with guid 77126 with import type REPLACE_ALL


-- Importing creature spawn with guid 77127 with import type REPLACE_ALL


-- Importing creature spawn with guid 77128 with import type REPLACE_ALL


-- Importing creature spawn with guid 77129 with import type REPLACE_ALL


-- Importing creature spawn with guid 77130 with import type REPLACE_ALL


-- Importing creature spawn with guid 77131 with import type REPLACE_ALL


-- Importing creature spawn with guid 77132 with import type REPLACE_ALL


-- Importing creature spawn with guid 77133 with import type REPLACE_ALL


-- Importing creature spawn with guid 77134 with import type REPLACE_ALL


-- Importing creature spawn with guid 77135 with import type REPLACE_ALL


-- Importing creature spawn with guid 77136 with import type REPLACE_ALL


-- Importing creature spawn with guid 77137 with import type REPLACE_ALL


-- Importing creature spawn with guid 77138 with import type REPLACE_ALL


-- Importing creature spawn with guid 77139 with import type REPLACE_ALL


-- Importing creature spawn with guid 77140 with import type REPLACE_ALL


-- Importing creature spawn with guid 77141 with import type REPLACE_ALL
INSERT INTO creature_entry (`spawnID`, `entry`) VALUES ('213281', '22017');
INSERT INTO creature (`spawnID`, `map`, `spawnMask`, `modelid`, `equipment_id`, `position_x`, `position_y`, `position_z`, `orientation`, `spawntimesecs`, `spawndist`, `currentwaypoint`, `curhealth`, `curmana`, `MovementType`, `unit_flags`, `pool_id`, `patch_min`, `patch_max`) VALUES ('213281', '530', '1', NULL, '0', '-4110.11', '1287.87', '54.4554', '2.3911', '300', '0', '0', '1', '0', '0', '0', '0', '0', '10');
INSERT INTO spawn_group (`groupId`, `spawnType`, `spawnId`) VALUES ('2', '0', '213281');
INSERT INTO creature_entry (`spawnID`, `entry`) VALUES ('213282', '22017');
INSERT INTO creature (`spawnID`, `map`, `spawnMask`, `modelid`, `equipment_id`, `position_x`, `position_y`, `position_z`, `orientation`, `spawntimesecs`, `spawndist`, `currentwaypoint`, `curhealth`, `curmana`, `MovementType`, `unit_flags`, `pool_id`, `patch_min`, `patch_max`) VALUES ('213282', '530', '1', NULL, '0', '-4248.66', '1319.34', '54.6762', '4.39823', '300', '0', '0', '1', '0', '0', '0', '0', '0', '10');
INSERT INTO spawn_group (`groupId`, `spawnType`, `spawnId`) VALUES ('2', '0', '213282');
INSERT INTO creature_entry (`spawnID`, `entry`) VALUES ('213283', '22017');
INSERT INTO creature (`spawnID`, `map`, `spawnMask`, `modelid`, `equipment_id`, `position_x`, `position_y`, `position_z`, `orientation`, `spawntimesecs`, `spawndist`, `currentwaypoint`, `curhealth`, `curmana`, `MovementType`, `unit_flags`, `pool_id`, `patch_min`, `patch_max`) VALUES ('213283', '530', '1', NULL, '0', '-4278.1', '1312.28', '56.5834', '2.74017', '300', '0', '0', '1', '0', '0', '0', '0', '0', '10');
INSERT INTO spawn_group (`groupId`, `spawnType`, `spawnId`) VALUES ('2', '0', '213283');
INSERT INTO creature_entry (`spawnID`, `entry`) VALUES ('213284', '22017');
INSERT INTO creature (`spawnID`, `map`, `spawnMask`, `modelid`, `equipment_id`, `position_x`, `position_y`, `position_z`, `orientation`, `spawntimesecs`, `spawndist`, `currentwaypoint`, `curhealth`, `curmana`, `MovementType`, `unit_flags`, `pool_id`, `patch_min`, `patch_max`) VALUES ('213284', '530', '1', NULL, '0', '-4157.98', '1285.35', '57.4682', '0', '300', '0', '0', '1', '0', '0', '0', '0', '0', '10');
INSERT INTO spawn_group (`groupId`, `spawnType`, `spawnId`) VALUES ('2', '0', '213284');
INSERT INTO creature_entry (`spawnID`, `entry`) VALUES ('213285', '22017');
INSERT INTO creature (`spawnID`, `map`, `spawnMask`, `modelid`, `equipment_id`, `position_x`, `position_y`, `position_z`, `orientation`, `spawntimesecs`, `spawndist`, `currentwaypoint`, `curhealth`, `curmana`, `MovementType`, `unit_flags`, `pool_id`, `patch_min`, `patch_max`) VALUES ('213285', '530', '1', NULL, '0', '-4204.95', '1314.8', '57.7845', '4.67748', '300', '0', '0', '1', '0', '0', '0', '0', '0', '10');
INSERT INTO spawn_group (`groupId`, `spawnType`, `spawnId`) VALUES ('2', '0', '213285');
INSERT INTO creature_entry (`spawnID`, `entry`) VALUES ('213286', '22017');
INSERT INTO creature (`spawnID`, `map`, `spawnMask`, `modelid`, `equipment_id`, `position_x`, `position_y`, `position_z`, `orientation`, `spawntimesecs`, `spawndist`, `currentwaypoint`, `curhealth`, `curmana`, `MovementType`, `unit_flags`, `pool_id`, `patch_min`, `patch_max`) VALUES ('213286', '530', '1', NULL, '0', '-4175.28', '1288.93', '58.0439', '1.5708', '300', '0', '0', '1', '0', '0', '0', '0', '0', '10');
INSERT INTO spawn_group (`groupId`, `spawnType`, `spawnId`) VALUES ('2', '0', '213286');
INSERT INTO creature_entry (`spawnID`, `entry`) VALUES ('213287', '22017');
INSERT INTO creature (`spawnID`, `map`, `spawnMask`, `modelid`, `equipment_id`, `position_x`, `position_y`, `position_z`, `orientation`, `spawntimesecs`, `spawndist`, `currentwaypoint`, `curhealth`, `curmana`, `MovementType`, `unit_flags`, `pool_id`, `patch_min`, `patch_max`) VALUES ('213287', '530', '1', NULL, '0', '-4146.76', '1283.89', '59.4296', '2.63545', '300', '0', '0', '1', '0', '0', '0', '0', '0', '10');
INSERT INTO spawn_group (`groupId`, `spawnType`, `spawnId`) VALUES ('2', '0', '213287');
INSERT INTO creature_entry (`spawnID`, `entry`) VALUES ('213288', '22017');
INSERT INTO creature (`spawnID`, `map`, `spawnMask`, `modelid`, `equipment_id`, `position_x`, `position_y`, `position_z`, `orientation`, `spawntimesecs`, `spawndist`, `currentwaypoint`, `curhealth`, `curmana`, `MovementType`, `unit_flags`, `pool_id`, `patch_min`, `patch_max`) VALUES ('213288', '530', '1', NULL, '0', '-4287.81', '1313.23', '62.8166', '6.21337', '300', '0', '0', '1', '0', '0', '0', '0', '0', '10');
INSERT INTO spawn_group (`groupId`, `spawnType`, `spawnId`) VALUES ('2', '0', '213288');
INSERT INTO creature_entry (`spawnID`, `entry`) VALUES ('213289', '22017');
INSERT INTO creature (`spawnID`, `map`, `spawnMask`, `modelid`, `equipment_id`, `position_x`, `position_y`, `position_z`, `orientation`, `spawntimesecs`, `spawndist`, `currentwaypoint`, `curhealth`, `curmana`, `MovementType`, `unit_flags`, `pool_id`, `patch_min`, `patch_max`) VALUES ('213289', '530', '1', NULL, '0', '-4433.13', '1253.58', '71.4087', '2.67035', '300', '0', '0', '1', '0', '0', '0', '0', '0', '10');
INSERT INTO spawn_group (`groupId`, `spawnType`, `spawnId`) VALUES ('2', '0', '213289');
INSERT INTO creature_entry (`spawnID`, `entry`) VALUES ('213290', '22017');
INSERT INTO creature (`spawnID`, `map`, `spawnMask`, `modelid`, `equipment_id`, `position_x`, `position_y`, `position_z`, `orientation`, `spawntimesecs`, `spawndist`, `currentwaypoint`, `curhealth`, `curmana`, `MovementType`, `unit_flags`, `pool_id`, `patch_min`, `patch_max`) VALUES ('213290', '530', '1', NULL, '0', '-4323.75', '1306.16', '78.7339', '1.6057', '300', '0', '0', '1', '0', '0', '0', '0', '0', '10');
INSERT INTO spawn_group (`groupId`, `spawnType`, `spawnId`) VALUES ('2', '0', '213290');
INSERT INTO creature_entry (`spawnID`, `entry`) VALUES ('213291', '22017');
INSERT INTO creature (`spawnID`, `map`, `spawnMask`, `modelid`, `equipment_id`, `position_x`, `position_y`, `position_z`, `orientation`, `spawntimesecs`, `spawndist`, `currentwaypoint`, `curhealth`, `curmana`, `MovementType`, `unit_flags`, `pool_id`, `patch_min`, `patch_max`) VALUES ('213291', '530', '1', NULL, '0', '-4411.29', '1278.53', '79.114', '2.49582', '300', '0', '0', '1', '0', '0', '0', '0', '0', '10');
INSERT INTO spawn_group (`groupId`, `spawnType`, `spawnId`) VALUES ('2', '0', '213291');
INSERT INTO creature_entry (`spawnID`, `entry`) VALUES ('213292', '22017');
INSERT INTO creature (`spawnID`, `map`, `spawnMask`, `modelid`, `equipment_id`, `position_x`, `position_y`, `position_z`, `orientation`, `spawntimesecs`, `spawndist`, `currentwaypoint`, `curhealth`, `curmana`, `MovementType`, `unit_flags`, `pool_id`, `patch_min`, `patch_max`) VALUES ('213292', '530', '1', NULL, '0', '-4430.34', '1293.53', '79.3857', '5.51524', '300', '0', '0', '1', '0', '0', '0', '0', '0', '10');
INSERT INTO spawn_group (`groupId`, `spawnType`, `spawnId`) VALUES ('2', '0', '213292');
INSERT INTO creature_entry (`spawnID`, `entry`) VALUES ('213293', '22017');
INSERT INTO creature (`spawnID`, `map`, `spawnMask`, `modelid`, `equipment_id`, `position_x`, `position_y`, `position_z`, `orientation`, `spawntimesecs`, `spawndist`, `currentwaypoint`, `curhealth`, `curmana`, `MovementType`, `unit_flags`, `pool_id`, `patch_min`, `patch_max`) VALUES ('213293', '530', '1', NULL, '0', '-4343.6', '1307.35', '81.7393', '1.48353', '300', '0', '0', '1', '0', '0', '0', '0', '0', '10');
INSERT INTO spawn_group (`groupId`, `spawnType`, `spawnId`) VALUES ('2', '0', '213293');
INSERT INTO creature_entry (`spawnID`, `entry`) VALUES ('213294', '22017');
INSERT INTO creature (`spawnID`, `map`, `spawnMask`, `modelid`, `equipment_id`, `position_x`, `position_y`, `position_z`, `orientation`, `spawntimesecs`, `spawndist`, `currentwaypoint`, `curhealth`, `curmana`, `MovementType`, `unit_flags`, `pool_id`, `patch_min`, `patch_max`) VALUES ('213294', '530', '1', NULL, '0', '-4335.56', '1331.21', '81.7653', '4.53786', '300', '0', '0', '1', '0', '0', '0', '0', '0', '10');
INSERT INTO spawn_group (`groupId`, `spawnType`, `spawnId`) VALUES ('2', '0', '213294');
INSERT INTO creature_entry (`spawnID`, `entry`) VALUES ('213295', '22017');
INSERT INTO creature (`spawnID`, `map`, `spawnMask`, `modelid`, `equipment_id`, `position_x`, `position_y`, `position_z`, `orientation`, `spawntimesecs`, `spawndist`, `currentwaypoint`, `curhealth`, `curmana`, `MovementType`, `unit_flags`, `pool_id`, `patch_min`, `patch_max`) VALUES ('213295', '530', '1', NULL, '0', '-4393.92', '1293.49', '85.242', '2.3911', '300', '0', '0', '1', '0', '0', '0', '0', '0', '10');
INSERT INTO spawn_group (`groupId`, `spawnType`, `spawnId`) VALUES ('2', '0', '213295');
INSERT INTO creature_entry (`spawnID`, `entry`) VALUES ('213296', '22017');
INSERT INTO creature (`spawnID`, `map`, `spawnMask`, `modelid`, `equipment_id`, `position_x`, `position_y`, `position_z`, `orientation`, `spawntimesecs`, `spawndist`, `currentwaypoint`, `curhealth`, `curmana`, `MovementType`, `unit_flags`, `pool_id`, `patch_min`, `patch_max`) VALUES ('213296', '530', '1', NULL, '0', '-4372.3', '1299.02', '86.8265', '1.71042', '300', '0', '0', '1', '0', '0', '0', '0', '0', '10');
INSERT INTO spawn_group (`groupId`, `spawnType`, `spawnId`) VALUES ('2', '0', '213296');


-- Importing creature spawn with guid 77142 with import type REPLACE_ALL


-- Importing creature spawn with guid 77143 with import type REPLACE_ALL


-- Importing creature spawn with guid 77144 with import type REPLACE_ALL


-- Importing creature spawn with guid 77145 with import type REPLACE_ALL


-- Importing creature spawn with guid 77146 with import type REPLACE_ALL


-- Importing creature spawn with guid 77147 with import type REPLACE_ALL


-- Importing creature spawn with guid 77148 with import type REPLACE_ALL


-- Importing creature spawn with guid 77149 with import type REPLACE_ALL


-- Importing creature spawn with guid 77150 with import type REPLACE_ALL


-- Importing creature spawn with guid 77151 with import type REPLACE_ALL


-- Importing creature spawn with guid 77152 with import type REPLACE_ALL


-- Importing creature spawn with guid 77153 with import type REPLACE_ALL


-- Importing creature spawn with guid 77154 with import type REPLACE_ALL


-- Importing creature spawn with guid 77155 with import type REPLACE_ALL
INSERT INTO creature_entry (`spawnID`, `entry`) VALUES ('213297', '22018');
INSERT INTO creature (`spawnID`, `map`, `spawnMask`, `modelid`, `equipment_id`, `position_x`, `position_y`, `position_z`, `orientation`, `spawntimesecs`, `spawndist`, `currentwaypoint`, `curhealth`, `curmana`, `MovementType`, `unit_flags`, `pool_id`, `patch_min`, `patch_max`) VALUES ('213297', '530', '1', NULL, '0', '-4279.21', '1299.72', '48.065', '3.12106', '300', '0', '0', '1', '0', '0', '0', '0', '0', '10');
INSERT INTO spawn_group (`groupId`, `spawnType`, `spawnId`) VALUES ('2', '0', '213297');
INSERT INTO creature_entry (`spawnID`, `entry`) VALUES ('213298', '22018');
INSERT INTO creature (`spawnID`, `map`, `spawnMask`, `modelid`, `equipment_id`, `position_x`, `position_y`, `position_z`, `orientation`, `spawntimesecs`, `spawndist`, `currentwaypoint`, `curhealth`, `curmana`, `MovementType`, `unit_flags`, `pool_id`, `patch_min`, `patch_max`) VALUES ('213298', '530', '1', NULL, '0', '-4223.79', '1311.04', '56.1999', '3.10787', '300', '0', '0', '1', '0', '0', '0', '0', '0', '10');
INSERT INTO spawn_group (`groupId`, `spawnType`, `spawnId`) VALUES ('2', '0', '213298');
INSERT INTO creature_entry (`spawnID`, `entry`) VALUES ('213299', '22018');
INSERT INTO creature (`spawnID`, `map`, `spawnMask`, `modelid`, `equipment_id`, `position_x`, `position_y`, `position_z`, `orientation`, `spawntimesecs`, `spawndist`, `currentwaypoint`, `curhealth`, `curmana`, `MovementType`, `unit_flags`, `pool_id`, `patch_min`, `patch_max`) VALUES ('213299', '530', '1', NULL, '0', '-4102.84', '1353.31', '72.3164', '0.152353', '300', '0', '0', '1', '0', '0', '0', '0', '0', '10');
INSERT INTO spawn_group (`groupId`, `spawnType`, `spawnId`) VALUES ('2', '0', '213299');
INSERT INTO creature_entry (`spawnID`, `entry`) VALUES ('213300', '22018');
INSERT INTO creature (`spawnID`, `map`, `spawnMask`, `modelid`, `equipment_id`, `position_x`, `position_y`, `position_z`, `orientation`, `spawntimesecs`, `spawndist`, `currentwaypoint`, `curhealth`, `curmana`, `MovementType`, `unit_flags`, `pool_id`, `patch_min`, `patch_max`) VALUES ('213300', '530', '1', NULL, '0', '-4117.88', '1380.96', '80.2978', '5.42377', '300', '0', '0', '1', '0', '0', '0', '0', '0', '10');
INSERT INTO spawn_group (`groupId`, `spawnType`, `spawnId`) VALUES ('2', '0', '213300');
INSERT INTO creature_entry (`spawnID`, `entry`) VALUES ('213301', '22018');
INSERT INTO creature (`spawnID`, `map`, `spawnMask`, `modelid`, `equipment_id`, `position_x`, `position_y`, `position_z`, `orientation`, `spawntimesecs`, `spawndist`, `currentwaypoint`, `curhealth`, `curmana`, `MovementType`, `unit_flags`, `pool_id`, `patch_min`, `patch_max`) VALUES ('213301', '530', '1', NULL, '0', '-4393.69', '1296.77', '85.9353', '5.3312', '300', '0', '0', '1', '0', '0', '0', '0', '0', '10');
INSERT INTO spawn_group (`groupId`, `spawnType`, `spawnId`) VALUES ('2', '0', '213301');


-- Importing creature spawn with guid 77156 with import type REPLACE_ALL


-- Importing creature spawn with guid 77157 with import type REPLACE_ALL


-- Importing creature spawn with guid 77158 with import type REPLACE_ALL


-- Importing creature spawn with guid 77159 with import type REPLACE_ALL


-- Importing creature spawn with guid 77160 with import type REPLACE_ALL


-- Importing creature spawn with guid 77161 with import type REPLACE_ALL


-- Importing creature spawn with guid 77162 with import type REPLACE_ALL


-- Importing creature spawn with guid 77163 with import type REPLACE_ALL


-- Importing creature spawn with guid 77164 with import type REPLACE_ALL


-- Importing creature spawn with guid 77165 with import type REPLACE_ALL


-- Importing creature spawn with guid 77166 with import type REPLACE_ALL


-- Importing creature spawn with guid 77167 with import type REPLACE_ALL


-- Importing creature spawn with guid 77168 with import type REPLACE_ALL


-- Importing creature spawn with guid 77169 with import type REPLACE_ALL


-- Importing creature spawn with guid 77170 with import type REPLACE_ALL


-- Importing creature spawn with guid 77787 with import type REPLACE_ALL
INSERT INTO creature_entry (`spawnID`, `entry`) VALUES ('78216', '22181');
INSERT INTO creature (`spawnID`, `map`, `spawnMask`, `modelid`, `equipment_id`, `position_x`, `position_y`, `position_z`, `orientation`, `spawntimesecs`, `spawndist`, `currentwaypoint`, `curhealth`, `curmana`, `MovementType`, `unit_flags`, `pool_id`, `patch_min`, `patch_max`) VALUES ('78216', '530', '1', NULL, '0', '2706.82', '7151.3', '364.832', '4.39658', '300', '5', '0', '7685', '0', '1', '0', '0', '0', '10');
INSERT INTO creature_addon (`spawnID`, `path_id`, `mount`, `bytes0`, `bytes1`, `bytes2`, `emote`, `auras`) VALUES ('78216', NULL, '0', '0', '0', '4097', '0', '36274');
INSERT INTO spawn_group (`groupId`, `spawnType`, `spawnId`) VALUES ('2', '0', '78216');
INSERT INTO creature_entry (`spawnID`, `entry`) VALUES ('78217', '22181');
INSERT INTO creature (`spawnID`, `map`, `spawnMask`, `modelid`, `equipment_id`, `position_x`, `position_y`, `position_z`, `orientation`, `spawntimesecs`, `spawndist`, `currentwaypoint`, `curhealth`, `curmana`, `MovementType`, `unit_flags`, `pool_id`, `patch_min`, `patch_max`) VALUES ('78217', '530', '1', NULL, '0', '2778.18', '7217.4', '365.399', '2.17515', '300', '5', '0', '7685', '0', '1', '0', '0', '0', '10');
INSERT INTO creature_addon (`spawnID`, `path_id`, `mount`, `bytes0`, `bytes1`, `bytes2`, `emote`, `auras`) VALUES ('78217', NULL, '0', '0', '0', '4097', '0', NULL);
INSERT INTO spawn_group (`groupId`, `spawnType`, `spawnId`) VALUES ('2', '0', '78217');
INSERT INTO creature_entry (`spawnID`, `entry`) VALUES ('78218', '22181');
INSERT INTO creature (`spawnID`, `map`, `spawnMask`, `modelid`, `equipment_id`, `position_x`, `position_y`, `position_z`, `orientation`, `spawntimesecs`, `spawndist`, `currentwaypoint`, `curhealth`, `curmana`, `MovementType`, `unit_flags`, `pool_id`, `patch_min`, `patch_max`) VALUES ('78218', '530', '1', NULL, '0', '2650.19', '7215.58', '363.941', '4.31096', '300', '5', '0', '7685', '0', '1', '0', '0', '0', '10');
INSERT INTO creature_addon (`spawnID`, `path_id`, `mount`, `bytes0`, `bytes1`, `bytes2`, `emote`, `auras`) VALUES ('78218', NULL, '0', '0', '0', '4097', '0', '36241');
INSERT INTO spawn_group (`groupId`, `spawnType`, `spawnId`) VALUES ('2', '0', '78218');
INSERT INTO creature_entry (`spawnID`, `entry`) VALUES ('78219', '22181');
INSERT INTO creature (`spawnID`, `map`, `spawnMask`, `modelid`, `equipment_id`, `position_x`, `position_y`, `position_z`, `orientation`, `spawntimesecs`, `spawndist`, `currentwaypoint`, `curhealth`, `curmana`, `MovementType`, `unit_flags`, `pool_id`, `patch_min`, `patch_max`) VALUES ('78219', '530', '1', NULL, '0', '2616.01', '7245.59', '364.671', '1.10546', '300', '5', '0', '7685', '0', '1', '0', '0', '0', '10');
INSERT INTO creature_addon (`spawnID`, `path_id`, `mount`, `bytes0`, `bytes1`, `bytes2`, `emote`, `auras`) VALUES ('78219', NULL, '0', '0', '0', '4097', '0', NULL);
INSERT INTO spawn_group (`groupId`, `spawnType`, `spawnId`) VALUES ('2', '0', '78219');
INSERT INTO creature_entry (`spawnID`, `entry`) VALUES ('78220', '22181');
INSERT INTO creature (`spawnID`, `map`, `spawnMask`, `modelid`, `equipment_id`, `position_x`, `position_y`, `position_z`, `orientation`, `spawntimesecs`, `spawndist`, `currentwaypoint`, `curhealth`, `curmana`, `MovementType`, `unit_flags`, `pool_id`, `patch_min`, `patch_max`) VALUES ('78220', '530', '1', NULL, '0', '2512.59', '7275.21', '367.263', '2.72734', '300', '5', '0', '7685', '0', '1', '0', '0', '0', '10');
INSERT INTO spawn_group (`groupId`, `spawnType`, `spawnId`) VALUES ('2', '0', '78220');
INSERT INTO creature_entry (`spawnID`, `entry`) VALUES ('78221', '22181');
INSERT INTO creature (`spawnID`, `map`, `spawnMask`, `modelid`, `equipment_id`, `position_x`, `position_y`, `position_z`, `orientation`, `spawntimesecs`, `spawndist`, `currentwaypoint`, `curhealth`, `curmana`, `MovementType`, `unit_flags`, `pool_id`, `patch_min`, `patch_max`) VALUES ('78221', '530', '1', NULL, '0', '2527.36', '7253.35', '364.53', '5.55499', '300', '5', '0', '7685', '0', '1', '0', '0', '0', '10');
INSERT INTO spawn_group (`groupId`, `spawnType`, `spawnId`) VALUES ('2', '0', '78221');
INSERT INTO creature_entry (`spawnID`, `entry`) VALUES ('78223', '22181');
INSERT INTO creature (`spawnID`, `map`, `spawnMask`, `modelid`, `equipment_id`, `position_x`, `position_y`, `position_z`, `orientation`, `spawntimesecs`, `spawndist`, `currentwaypoint`, `curhealth`, `curmana`, `MovementType`, `unit_flags`, `pool_id`, `patch_min`, `patch_max`) VALUES ('78223', '530', '1', NULL, '0', '2504.71', '7245.27', '365.684', '0.66838', '300', '5', '0', '7685', '0', '1', '0', '0', '0', '10');
INSERT INTO spawn_group (`groupId`, `spawnType`, `spawnId`) VALUES ('2', '0', '78223');
INSERT INTO creature_entry (`spawnID`, `entry`) VALUES ('78224', '22181');
INSERT INTO creature (`spawnID`, `map`, `spawnMask`, `modelid`, `equipment_id`, `position_x`, `position_y`, `position_z`, `orientation`, `spawntimesecs`, `spawndist`, `currentwaypoint`, `curhealth`, `curmana`, `MovementType`, `unit_flags`, `pool_id`, `patch_min`, `patch_max`) VALUES ('78224', '530', '1', NULL, '0', '2458.35', '7281.86', '365.359', '4.08158', '300', '5', '0', '7685', '0', '1', '0', '0', '0', '10');
INSERT INTO spawn_group (`groupId`, `spawnType`, `spawnId`) VALUES ('2', '0', '78224');
INSERT INTO creature_entry (`spawnID`, `entry`) VALUES ('78225', '22181');
INSERT INTO creature (`spawnID`, `map`, `spawnMask`, `modelid`, `equipment_id`, `position_x`, `position_y`, `position_z`, `orientation`, `spawntimesecs`, `spawndist`, `currentwaypoint`, `curhealth`, `curmana`, `MovementType`, `unit_flags`, `pool_id`, `patch_min`, `patch_max`) VALUES ('78225', '530', '1', NULL, '0', '2446.84', '7359.08', '365.205', '2.49121', '300', '5', '0', '7685', '0', '1', '0', '0', '0', '10');
INSERT INTO spawn_group (`groupId`, `spawnType`, `spawnId`) VALUES ('2', '0', '78225');
INSERT INTO creature_entry (`spawnID`, `entry`) VALUES ('78226', '22181');
INSERT INTO creature (`spawnID`, `map`, `spawnMask`, `modelid`, `equipment_id`, `position_x`, `position_y`, `position_z`, `orientation`, `spawntimesecs`, `spawndist`, `currentwaypoint`, `curhealth`, `curmana`, `MovementType`, `unit_flags`, `pool_id`, `patch_min`, `patch_max`) VALUES ('78226', '530', '1', NULL, '0', '2061.52', '7271.81', '363.911', '2.25509', '300', '5', '0', '7685', '0', '1', '0', '0', '0', '10');
INSERT INTO spawn_group (`groupId`, `spawnType`, `spawnId`) VALUES ('2', '0', '78226');
INSERT INTO creature_entry (`spawnID`, `entry`) VALUES ('78227', '22181');
INSERT INTO creature (`spawnID`, `map`, `spawnMask`, `modelid`, `equipment_id`, `position_x`, `position_y`, `position_z`, `orientation`, `spawntimesecs`, `spawndist`, `currentwaypoint`, `curhealth`, `curmana`, `MovementType`, `unit_flags`, `pool_id`, `patch_min`, `patch_max`) VALUES ('78227', '530', '1', NULL, '0', '2099.33', '7330.34', '364.607', '2.57119', '300', '5', '0', '7685', '0', '1', '0', '0', '0', '10');
INSERT INTO spawn_group (`groupId`, `spawnType`, `spawnId`) VALUES ('2', '0', '78227');
INSERT INTO creature_entry (`spawnID`, `entry`) VALUES ('78228', '22181');
INSERT INTO creature (`spawnID`, `map`, `spawnMask`, `modelid`, `equipment_id`, `position_x`, `position_y`, `position_z`, `orientation`, `spawntimesecs`, `spawndist`, `currentwaypoint`, `curhealth`, `curmana`, `MovementType`, `unit_flags`, `pool_id`, `patch_min`, `patch_max`) VALUES ('78228', '530', '1', NULL, '0', '2067.45', '7331.05', '364.735', '4.17056', '300', '0', '0', '7685', '0', '0', '0', '0', '0', '10');
INSERT INTO spawn_group (`groupId`, `spawnType`, `spawnId`) VALUES ('2', '0', '78228');
INSERT INTO creature_entry (`spawnID`, `entry`) VALUES ('78229', '22181');
INSERT INTO creature (`spawnID`, `map`, `spawnMask`, `modelid`, `equipment_id`, `position_x`, `position_y`, `position_z`, `orientation`, `spawntimesecs`, `spawndist`, `currentwaypoint`, `curhealth`, `curmana`, `MovementType`, `unit_flags`, `pool_id`, `patch_min`, `patch_max`) VALUES ('78229', '530', '1', NULL, '0', '2103.11', '7353.6', '366.479', '5.89536', '300', '5', '0', '7685', '0', '1', '0', '0', '0', '10');
INSERT INTO spawn_group (`groupId`, `spawnType`, `spawnId`) VALUES ('2', '0', '78229');
INSERT INTO creature_entry (`spawnID`, `entry`) VALUES ('78230', '22181');
INSERT INTO creature (`spawnID`, `map`, `spawnMask`, `modelid`, `equipment_id`, `position_x`, `position_y`, `position_z`, `orientation`, `spawntimesecs`, `spawndist`, `currentwaypoint`, `curhealth`, `curmana`, `MovementType`, `unit_flags`, `pool_id`, `patch_min`, `patch_max`) VALUES ('78230', '530', '1', NULL, '0', '2032.96', '7259.08', '363.918', '5.56344', '300', '5', '0', '7685', '0', '1', '0', '0', '0', '10');
INSERT INTO spawn_group (`groupId`, `spawnType`, `spawnId`) VALUES ('2', '0', '78230');
INSERT INTO creature_entry (`spawnID`, `entry`) VALUES ('78231', '22181');
INSERT INTO creature (`spawnID`, `map`, `spawnMask`, `modelid`, `equipment_id`, `position_x`, `position_y`, `position_z`, `orientation`, `spawntimesecs`, `spawndist`, `currentwaypoint`, `curhealth`, `curmana`, `MovementType`, `unit_flags`, `pool_id`, `patch_min`, `patch_max`) VALUES ('78231', '530', '1', NULL, '0', '2036.44', '7293.47', '363.316', '5.38637', '300', '5', '0', '7685', '0', '1', '0', '0', '0', '10');
INSERT INTO spawn_group (`groupId`, `spawnType`, `spawnId`) VALUES ('2', '0', '78231');
INSERT INTO creature_entry (`spawnID`, `entry`) VALUES ('78232', '22181');
INSERT INTO creature (`spawnID`, `map`, `spawnMask`, `modelid`, `equipment_id`, `position_x`, `position_y`, `position_z`, `orientation`, `spawntimesecs`, `spawndist`, `currentwaypoint`, `curhealth`, `curmana`, `MovementType`, `unit_flags`, `pool_id`, `patch_min`, `patch_max`) VALUES ('78232', '530', '1', NULL, '0', '1843.66', '7295.39', '364.686', '3.08165', '300', '5', '0', '7685', '0', '1', '0', '0', '0', '10');
INSERT INTO spawn_group (`groupId`, `spawnType`, `spawnId`) VALUES ('2', '0', '78232');
INSERT INTO creature_entry (`spawnID`, `entry`) VALUES ('78233', '22181');
INSERT INTO creature (`spawnID`, `map`, `spawnMask`, `modelid`, `equipment_id`, `position_x`, `position_y`, `position_z`, `orientation`, `spawntimesecs`, `spawndist`, `currentwaypoint`, `curhealth`, `curmana`, `MovementType`, `unit_flags`, `pool_id`, `patch_min`, `patch_max`) VALUES ('78233', '530', '1', NULL, '0', '1858.35', '7351.39', '363.794', '2.91742', '300', '5', '0', '7685', '0', '1', '0', '0', '0', '10');
INSERT INTO spawn_group (`groupId`, `spawnType`, `spawnId`) VALUES ('2', '0', '78233');
INSERT INTO creature_entry (`spawnID`, `entry`) VALUES ('78234', '22181');
INSERT INTO creature (`spawnID`, `map`, `spawnMask`, `modelid`, `equipment_id`, `position_x`, `position_y`, `position_z`, `orientation`, `spawntimesecs`, `spawndist`, `currentwaypoint`, `curhealth`, `curmana`, `MovementType`, `unit_flags`, `pool_id`, `patch_min`, `patch_max`) VALUES ('78234', '530', '1', NULL, '0', '1789.23', '7122.59', '362.149', '3.0024', '300', '5', '0', '7685', '0', '1', '0', '0', '0', '10');
INSERT INTO spawn_group (`groupId`, `spawnType`, `spawnId`) VALUES ('2', '0', '78234');
INSERT INTO creature_entry (`spawnID`, `entry`) VALUES ('78235', '22181');
INSERT INTO creature (`spawnID`, `map`, `spawnMask`, `modelid`, `equipment_id`, `position_x`, `position_y`, `position_z`, `orientation`, `spawntimesecs`, `spawndist`, `currentwaypoint`, `curhealth`, `curmana`, `MovementType`, `unit_flags`, `pool_id`, `patch_min`, `patch_max`) VALUES ('78235', '530', '1', NULL, '0', '1926.84', '7195.48', '364.116', '3.93496', '300', '5', '0', '7685', '0', '1', '0', '0', '0', '10');
INSERT INTO spawn_group (`groupId`, `spawnType`, `spawnId`) VALUES ('2', '0', '78235');
INSERT INTO creature_entry (`spawnID`, `entry`) VALUES ('78236', '22181');
INSERT INTO creature (`spawnID`, `map`, `spawnMask`, `modelid`, `equipment_id`, `position_x`, `position_y`, `position_z`, `orientation`, `spawntimesecs`, `spawndist`, `currentwaypoint`, `curhealth`, `curmana`, `MovementType`, `unit_flags`, `pool_id`, `patch_min`, `patch_max`) VALUES ('78236', '530', '1', NULL, '0', '2121.94', '7160.59', '363.906', '6.17584', '300', '5', '0', '7685', '0', '1', '0', '0', '0', '10');
INSERT INTO spawn_group (`groupId`, `spawnType`, `spawnId`) VALUES ('2', '0', '78236');
INSERT INTO creature_entry (`spawnID`, `entry`) VALUES ('78237', '22181');
INSERT INTO creature (`spawnID`, `map`, `spawnMask`, `modelid`, `equipment_id`, `position_x`, `position_y`, `position_z`, `orientation`, `spawntimesecs`, `spawndist`, `currentwaypoint`, `curhealth`, `curmana`, `MovementType`, `unit_flags`, `pool_id`, `patch_min`, `patch_max`) VALUES ('78237', '530', '1', NULL, '0', '2114.53', '7187.61', '366.179', '4.56345', '300', '5', '0', '7685', '0', '1', '0', '0', '0', '10');
INSERT INTO spawn_group (`groupId`, `spawnType`, `spawnId`) VALUES ('2', '0', '78237');
INSERT INTO creature_entry (`spawnID`, `entry`) VALUES ('78238', '22181');
INSERT INTO creature (`spawnID`, `map`, `spawnMask`, `modelid`, `equipment_id`, `position_x`, `position_y`, `position_z`, `orientation`, `spawntimesecs`, `spawndist`, `currentwaypoint`, `curhealth`, `curmana`, `MovementType`, `unit_flags`, `pool_id`, `patch_min`, `patch_max`) VALUES ('78238', '530', '1', NULL, '0', '2206.19', '7122.32', '364.065', '4.78504', '300', '5', '0', '7685', '0', '1', '0', '0', '0', '10');
INSERT INTO spawn_group (`groupId`, `spawnType`, `spawnId`) VALUES ('2', '0', '78238');
INSERT INTO creature_entry (`spawnID`, `entry`) VALUES ('78239', '22181');
INSERT INTO creature (`spawnID`, `map`, `spawnMask`, `modelid`, `equipment_id`, `position_x`, `position_y`, `position_z`, `orientation`, `spawntimesecs`, `spawndist`, `currentwaypoint`, `curhealth`, `curmana`, `MovementType`, `unit_flags`, `pool_id`, `patch_min`, `patch_max`) VALUES ('78239', '530', '1', NULL, '0', '2239.24', '7142.74', '366.781', '2.45333', '300', '5', '0', '7685', '0', '1', '0', '0', '0', '10');
INSERT INTO spawn_group (`groupId`, `spawnType`, `spawnId`) VALUES ('2', '0', '78239');
INSERT INTO creature_entry (`spawnID`, `entry`) VALUES ('78240', '22181');
INSERT INTO creature (`spawnID`, `map`, `spawnMask`, `modelid`, `equipment_id`, `position_x`, `position_y`, `position_z`, `orientation`, `spawntimesecs`, `spawndist`, `currentwaypoint`, `curhealth`, `curmana`, `MovementType`, `unit_flags`, `pool_id`, `patch_min`, `patch_max`) VALUES ('78240', '530', '1', NULL, '0', '2224.77', '7099.38', '365.982', '1.09666', '300', '5', '0', '7685', '0', '1', '0', '0', '0', '10');
INSERT INTO spawn_group (`groupId`, `spawnType`, `spawnId`) VALUES ('2', '0', '78240');
INSERT INTO creature_entry (`spawnID`, `entry`) VALUES ('78241', '22181');
INSERT INTO creature (`spawnID`, `map`, `spawnMask`, `modelid`, `equipment_id`, `position_x`, `position_y`, `position_z`, `orientation`, `spawntimesecs`, `spawndist`, `currentwaypoint`, `curhealth`, `curmana`, `MovementType`, `unit_flags`, `pool_id`, `patch_min`, `patch_max`) VALUES ('78241', '530', '1', NULL, '0', '2353.17', '7104.93', '367.007', '2.18587', '300', '5', '0', '7685', '0', '1', '0', '0', '0', '10');
INSERT INTO spawn_group (`groupId`, `spawnType`, `spawnId`) VALUES ('2', '0', '78241');
INSERT INTO creature_entry (`spawnID`, `entry`) VALUES ('78242', '22181');
INSERT INTO creature (`spawnID`, `map`, `spawnMask`, `modelid`, `equipment_id`, `position_x`, `position_y`, `position_z`, `orientation`, `spawntimesecs`, `spawndist`, `currentwaypoint`, `curhealth`, `curmana`, `MovementType`, `unit_flags`, `pool_id`, `patch_min`, `patch_max`) VALUES ('78242', '530', '1', NULL, '0', '2403.47', '7083.51', '366.579', '4.23665', '300', '5', '0', '7685', '0', '1', '0', '0', '0', '10');
INSERT INTO spawn_group (`groupId`, `spawnType`, `spawnId`) VALUES ('2', '0', '78242');
INSERT INTO creature_entry (`spawnID`, `entry`) VALUES ('78243', '22181');
INSERT INTO creature (`spawnID`, `map`, `spawnMask`, `modelid`, `equipment_id`, `position_x`, `position_y`, `position_z`, `orientation`, `spawntimesecs`, `spawndist`, `currentwaypoint`, `curhealth`, `curmana`, `MovementType`, `unit_flags`, `pool_id`, `patch_min`, `patch_max`) VALUES ('78243', '530', '1', NULL, '0', '2490', '7043.62', '366.056', '4.14772', '300', '5', '0', '7685', '0', '1', '0', '0', '0', '10');
INSERT INTO spawn_group (`groupId`, `spawnType`, `spawnId`) VALUES ('2', '0', '78243');
INSERT INTO creature_entry (`spawnID`, `entry`) VALUES ('78244', '22181');
INSERT INTO creature (`spawnID`, `map`, `spawnMask`, `modelid`, `equipment_id`, `position_x`, `position_y`, `position_z`, `orientation`, `spawntimesecs`, `spawndist`, `currentwaypoint`, `curhealth`, `curmana`, `MovementType`, `unit_flags`, `pool_id`, `patch_min`, `patch_max`) VALUES ('78244', '530', '1', NULL, '0', '2458.42', '7049.03', '367.785', '5.5253', '300', '5', '0', '7685', '0', '1', '0', '0', '0', '10');
INSERT INTO spawn_group (`groupId`, `spawnType`, `spawnId`) VALUES ('2', '0', '78244');
INSERT INTO creature_entry (`spawnID`, `entry`) VALUES ('78245', '22181');
INSERT INTO creature (`spawnID`, `map`, `spawnMask`, `modelid`, `equipment_id`, `position_x`, `position_y`, `position_z`, `orientation`, `spawntimesecs`, `spawndist`, `currentwaypoint`, `curhealth`, `curmana`, `MovementType`, `unit_flags`, `pool_id`, `patch_min`, `patch_max`) VALUES ('78245', '530', '1', NULL, '0', '2464.83', '7072.46', '364.959', '6.15883', '300', '0', '0', '7685', '0', '0', '0', '0', '0', '10');
INSERT INTO spawn_group (`groupId`, `spawnType`, `spawnId`) VALUES ('2', '0', '78245');
INSERT INTO creature_entry (`spawnID`, `entry`) VALUES ('78246', '22181');
INSERT INTO creature (`spawnID`, `map`, `spawnMask`, `modelid`, `equipment_id`, `position_x`, `position_y`, `position_z`, `orientation`, `spawntimesecs`, `spawndist`, `currentwaypoint`, `curhealth`, `curmana`, `MovementType`, `unit_flags`, `pool_id`, `patch_min`, `patch_max`) VALUES ('78246', '530', '1', NULL, '0', '2678.12', '7120.47', '364.677', '4.06626', '300', '5', '0', '7685', '0', '1', '0', '0', '0', '10');
INSERT INTO creature_addon (`spawnID`, `path_id`, `mount`, `bytes0`, `bytes1`, `bytes2`, `emote`, `auras`) VALUES ('78246', NULL, '0', '0', '0', '4097', '0', NULL);
INSERT INTO spawn_group (`groupId`, `spawnType`, `spawnId`) VALUES ('2', '0', '78246');
INSERT INTO creature_entry (`spawnID`, `entry`) VALUES ('78247', '22181');
INSERT INTO creature (`spawnID`, `map`, `spawnMask`, `modelid`, `equipment_id`, `position_x`, `position_y`, `position_z`, `orientation`, `spawntimesecs`, `spawndist`, `currentwaypoint`, `curhealth`, `curmana`, `MovementType`, `unit_flags`, `pool_id`, `patch_min`, `patch_max`) VALUES ('78247', '530', '1', NULL, '0', '3790.07', '5840.06', '261.204', '5.2408', '300', '5', '0', '7685', '0', '1', '0', '0', '0', '10');
INSERT INTO spawn_group (`groupId`, `spawnType`, `spawnId`) VALUES ('2', '0', '78247');
INSERT INTO creature_entry (`spawnID`, `entry`) VALUES ('78248', '22181');
INSERT INTO creature (`spawnID`, `map`, `spawnMask`, `modelid`, `equipment_id`, `position_x`, `position_y`, `position_z`, `orientation`, `spawntimesecs`, `spawndist`, `currentwaypoint`, `curhealth`, `curmana`, `MovementType`, `unit_flags`, `pool_id`, `patch_min`, `patch_max`) VALUES ('78248', '530', '1', NULL, '0', '3815.14', '5857.78', '266.07', '2.85368', '300', '5', '0', '7685', '0', '1', '0', '0', '0', '10');
INSERT INTO spawn_group (`groupId`, `spawnType`, `spawnId`) VALUES ('2', '0', '78248');
INSERT INTO creature_entry (`spawnID`, `entry`) VALUES ('78249', '22181');
INSERT INTO creature (`spawnID`, `map`, `spawnMask`, `modelid`, `equipment_id`, `position_x`, `position_y`, `position_z`, `orientation`, `spawntimesecs`, `spawndist`, `currentwaypoint`, `curhealth`, `curmana`, `MovementType`, `unit_flags`, `pool_id`, `patch_min`, `patch_max`) VALUES ('78249', '530', '1', NULL, '0', '3877.07', '5943.6', '269.352', '1.46953', '300', '5', '0', '7685', '0', '1', '0', '0', '0', '10');
INSERT INTO spawn_group (`groupId`, `spawnType`, `spawnId`) VALUES ('2', '0', '78249');
INSERT INTO creature_entry (`spawnID`, `entry`) VALUES ('78250', '22181');
INSERT INTO creature (`spawnID`, `map`, `spawnMask`, `modelid`, `equipment_id`, `position_x`, `position_y`, `position_z`, `orientation`, `spawntimesecs`, `spawndist`, `currentwaypoint`, `curhealth`, `curmana`, `MovementType`, `unit_flags`, `pool_id`, `patch_min`, `patch_max`) VALUES ('78250', '530', '1', NULL, '0', '3899.06', '5968.08', '268.173', '3.42963', '300', '5', '0', '7685', '0', '1', '0', '0', '0', '10');
INSERT INTO spawn_group (`groupId`, `spawnType`, `spawnId`) VALUES ('2', '0', '78250');
INSERT INTO creature_entry (`spawnID`, `entry`) VALUES ('78251', '22181');
INSERT INTO creature (`spawnID`, `map`, `spawnMask`, `modelid`, `equipment_id`, `position_x`, `position_y`, `position_z`, `orientation`, `spawntimesecs`, `spawndist`, `currentwaypoint`, `curhealth`, `curmana`, `MovementType`, `unit_flags`, `pool_id`, `patch_min`, `patch_max`) VALUES ('78251', '530', '1', NULL, '0', '3827.45', '5814.51', '267.705', '4.15338', '300', '5', '0', '7685', '0', '1', '0', '0', '0', '10');
INSERT INTO spawn_group (`groupId`, `spawnType`, `spawnId`) VALUES ('2', '0', '78251');
INSERT INTO creature_entry (`spawnID`, `entry`) VALUES ('78252', '22181');
INSERT INTO creature (`spawnID`, `map`, `spawnMask`, `modelid`, `equipment_id`, `position_x`, `position_y`, `position_z`, `orientation`, `spawntimesecs`, `spawndist`, `currentwaypoint`, `curhealth`, `curmana`, `MovementType`, `unit_flags`, `pool_id`, `patch_min`, `patch_max`) VALUES ('78252', '530', '1', NULL, '0', '4085.43', '5827.83', '264.129', '2.14618', '300', '5', '0', '7685', '0', '1', '0', '0', '0', '10');
INSERT INTO spawn_group (`groupId`, `spawnType`, `spawnId`) VALUES ('2', '0', '78252');
INSERT INTO creature_entry (`spawnID`, `entry`) VALUES ('78253', '22181');
INSERT INTO creature (`spawnID`, `map`, `spawnMask`, `modelid`, `equipment_id`, `position_x`, `position_y`, `position_z`, `orientation`, `spawntimesecs`, `spawndist`, `currentwaypoint`, `curhealth`, `curmana`, `MovementType`, `unit_flags`, `pool_id`, `patch_min`, `patch_max`) VALUES ('78253', '530', '1', NULL, '0', '4077.67', '5856.85', '256.653', '6.22165', '300', '5', '0', '7685', '0', '1', '0', '0', '0', '10');
INSERT INTO spawn_group (`groupId`, `spawnType`, `spawnId`) VALUES ('2', '0', '78253');
INSERT INTO creature_entry (`spawnID`, `entry`) VALUES ('78254', '22181');
INSERT INTO creature (`spawnID`, `map`, `spawnMask`, `modelid`, `equipment_id`, `position_x`, `position_y`, `position_z`, `orientation`, `spawntimesecs`, `spawndist`, `currentwaypoint`, `curhealth`, `curmana`, `MovementType`, `unit_flags`, `pool_id`, `patch_min`, `patch_max`) VALUES ('78254', '530', '1', NULL, '0', '4047.39', '5913.28', '263.395', '4.89851', '300', '5', '0', '7685', '0', '1', '0', '0', '0', '10');
INSERT INTO spawn_group (`groupId`, `spawnType`, `spawnId`) VALUES ('2', '0', '78254');
INSERT INTO creature_entry (`spawnID`, `entry`) VALUES ('78255', '22181');
INSERT INTO creature (`spawnID`, `map`, `spawnMask`, `modelid`, `equipment_id`, `position_x`, `position_y`, `position_z`, `orientation`, `spawntimesecs`, `spawndist`, `currentwaypoint`, `curhealth`, `curmana`, `MovementType`, `unit_flags`, `pool_id`, `patch_min`, `patch_max`) VALUES ('78255', '530', '1', NULL, '0', '4041.46', '5970.79', '265.805', '6.14957', '300', '5', '0', '7685', '0', '1', '0', '0', '0', '10');
INSERT INTO spawn_group (`groupId`, `spawnType`, `spawnId`) VALUES ('2', '0', '78255');
INSERT INTO creature_entry (`spawnID`, `entry`) VALUES ('78256', '22181');
INSERT INTO creature (`spawnID`, `map`, `spawnMask`, `modelid`, `equipment_id`, `position_x`, `position_y`, `position_z`, `orientation`, `spawntimesecs`, `spawndist`, `currentwaypoint`, `curhealth`, `curmana`, `MovementType`, `unit_flags`, `pool_id`, `patch_min`, `patch_max`) VALUES ('78256', '530', '1', NULL, '0', '4002.9', '5996.79', '264.954', '3.2317', '300', '5', '0', '7685', '0', '1', '0', '0', '0', '10');
INSERT INTO spawn_group (`groupId`, `spawnType`, `spawnId`) VALUES ('2', '0', '78256');
INSERT INTO creature_entry (`spawnID`, `entry`) VALUES ('78257', '22181');
INSERT INTO creature (`spawnID`, `map`, `spawnMask`, `modelid`, `equipment_id`, `position_x`, `position_y`, `position_z`, `orientation`, `spawntimesecs`, `spawndist`, `currentwaypoint`, `curhealth`, `curmana`, `MovementType`, `unit_flags`, `pool_id`, `patch_min`, `patch_max`) VALUES ('78257', '530', '1', NULL, '0', '3917.28', '6008.18', '267.865', '5.58632', '300', '5', '0', '7685', '0', '1', '0', '0', '0', '10');
INSERT INTO spawn_group (`groupId`, `spawnType`, `spawnId`) VALUES ('2', '0', '78257');
INSERT INTO creature_entry (`spawnID`, `entry`) VALUES ('78258', '22181');
INSERT INTO creature (`spawnID`, `map`, `spawnMask`, `modelid`, `equipment_id`, `position_x`, `position_y`, `position_z`, `orientation`, `spawntimesecs`, `spawndist`, `currentwaypoint`, `curhealth`, `curmana`, `MovementType`, `unit_flags`, `pool_id`, `patch_min`, `patch_max`) VALUES ('78258', '530', '1', NULL, '0', '4006.68', '6042.7', '261.141', '5.28363', '300', '5', '0', '7685', '0', '1', '0', '0', '0', '10');
INSERT INTO spawn_group (`groupId`, `spawnType`, `spawnId`) VALUES ('2', '0', '78258');
INSERT INTO creature_entry (`spawnID`, `entry`) VALUES ('78259', '22181');
INSERT INTO creature (`spawnID`, `map`, `spawnMask`, `modelid`, `equipment_id`, `position_x`, `position_y`, `position_z`, `orientation`, `spawntimesecs`, `spawndist`, `currentwaypoint`, `curhealth`, `curmana`, `MovementType`, `unit_flags`, `pool_id`, `patch_min`, `patch_max`) VALUES ('78259', '530', '1', NULL, '0', '3952.79', '6078.67', '266.482', '0.737055', '300', '5', '0', '7685', '0', '1', '0', '0', '0', '10');
INSERT INTO spawn_group (`groupId`, `spawnType`, `spawnId`) VALUES ('2', '0', '78259');
INSERT INTO creature_entry (`spawnID`, `entry`) VALUES ('78260', '22181');
INSERT INTO creature (`spawnID`, `map`, `spawnMask`, `modelid`, `equipment_id`, `position_x`, `position_y`, `position_z`, `orientation`, `spawntimesecs`, `spawndist`, `currentwaypoint`, `curhealth`, `curmana`, `MovementType`, `unit_flags`, `pool_id`, `patch_min`, `patch_max`) VALUES ('78260', '530', '1', NULL, '0', '3905.1', '6107.35', '266.69', '5.08921', '300', '5', '0', '7685', '0', '1', '0', '0', '0', '10');
INSERT INTO spawn_group (`groupId`, `spawnType`, `spawnId`) VALUES ('2', '0', '78260');
INSERT INTO creature_entry (`spawnID`, `entry`) VALUES ('78261', '22181');
INSERT INTO creature (`spawnID`, `map`, `spawnMask`, `modelid`, `equipment_id`, `position_x`, `position_y`, `position_z`, `orientation`, `spawntimesecs`, `spawndist`, `currentwaypoint`, `curhealth`, `curmana`, `MovementType`, `unit_flags`, `pool_id`, `patch_min`, `patch_max`) VALUES ('78261', '530', '1', NULL, '0', '3997.91', '6093.29', '260.065', '3.98226', '300', '5', '0', '7685', '0', '1', '0', '0', '0', '10');
INSERT INTO spawn_group (`groupId`, `spawnType`, `spawnId`) VALUES ('2', '0', '78261');
DELETE ce, c1, c2, sg FROM creature_entry ce LEFT JOIN conditions c1 ON c1.ConditionTypeOrReference = 31 AND c1.ConditionValue1 = 3 AND c1.ConditionValue3 = 1095606 LEFT JOIN conditions c2 ON c2.SourceTypeOrReferenceId = 22 AND c2.SourceId = 0 AND c1.SourceEntry = -1095606 LEFT JOIN spawn_group sg ON sg.spawnId = 1095606 AND spawnType = 0 WHERE ce.spawnID = 1095606;
DELETE ce, c1, c2, sg FROM creature_entry ce LEFT JOIN conditions c1 ON c1.ConditionTypeOrReference = 31 AND c1.ConditionValue1 = 3 AND c1.ConditionValue3 = 1095607 LEFT JOIN conditions c2 ON c2.SourceTypeOrReferenceId = 22 AND c2.SourceId = 0 AND c1.SourceEntry = -1095607 LEFT JOIN spawn_group sg ON sg.spawnId = 1095607 AND spawnType = 0 WHERE ce.spawnID = 1095607;
DELETE ce, c1, c2, sg FROM creature_entry ce LEFT JOIN conditions c1 ON c1.ConditionTypeOrReference = 31 AND c1.ConditionValue1 = 3 AND c1.ConditionValue3 = 1095608 LEFT JOIN conditions c2 ON c2.SourceTypeOrReferenceId = 22 AND c2.SourceId = 0 AND c1.SourceEntry = -1095608 LEFT JOIN spawn_group sg ON sg.spawnId = 1095608 AND spawnType = 0 WHERE ce.spawnID = 1095608;
DELETE ce, c1, c2, sg FROM creature_entry ce LEFT JOIN conditions c1 ON c1.ConditionTypeOrReference = 31 AND c1.ConditionValue1 = 3 AND c1.ConditionValue3 = 1095609 LEFT JOIN conditions c2 ON c2.SourceTypeOrReferenceId = 22 AND c2.SourceId = 0 AND c1.SourceEntry = -1095609 LEFT JOIN spawn_group sg ON sg.spawnId = 1095609 AND spawnType = 0 WHERE ce.spawnID = 1095609;
DELETE ce, c1, c2, sg FROM creature_entry ce LEFT JOIN conditions c1 ON c1.ConditionTypeOrReference = 31 AND c1.ConditionValue1 = 3 AND c1.ConditionValue3 = 1095610 LEFT JOIN conditions c2 ON c2.SourceTypeOrReferenceId = 22 AND c2.SourceId = 0 AND c1.SourceEntry = -1095610 LEFT JOIN spawn_group sg ON sg.spawnId = 1095610 AND spawnType = 0 WHERE ce.spawnID = 1095610;
DELETE ce, c1, c2, sg FROM creature_entry ce LEFT JOIN conditions c1 ON c1.ConditionTypeOrReference = 31 AND c1.ConditionValue1 = 3 AND c1.ConditionValue3 = 1095611 LEFT JOIN conditions c2 ON c2.SourceTypeOrReferenceId = 22 AND c2.SourceId = 0 AND c1.SourceEntry = -1095611 LEFT JOIN spawn_group sg ON sg.spawnId = 1095611 AND spawnType = 0 WHERE ce.spawnID = 1095611;
DELETE ce, c1, c2, sg FROM creature_entry ce LEFT JOIN conditions c1 ON c1.ConditionTypeOrReference = 31 AND c1.ConditionValue1 = 3 AND c1.ConditionValue3 = 1095612 LEFT JOIN conditions c2 ON c2.SourceTypeOrReferenceId = 22 AND c2.SourceId = 0 AND c1.SourceEntry = -1095612 LEFT JOIN spawn_group sg ON sg.spawnId = 1095612 AND spawnType = 0 WHERE ce.spawnID = 1095612;
DELETE ce, c1, c2, sg FROM creature_entry ce LEFT JOIN conditions c1 ON c1.ConditionTypeOrReference = 31 AND c1.ConditionValue1 = 3 AND c1.ConditionValue3 = 1096353 LEFT JOIN conditions c2 ON c2.SourceTypeOrReferenceId = 22 AND c2.SourceId = 0 AND c1.SourceEntry = -1096353 LEFT JOIN spawn_group sg ON sg.spawnId = 1096353 AND spawnType = 0 WHERE ce.spawnID = 1096353;
DELETE ce, c1, c2, sg FROM creature_entry ce LEFT JOIN conditions c1 ON c1.ConditionTypeOrReference = 31 AND c1.ConditionValue1 = 3 AND c1.ConditionValue3 = 1096354 LEFT JOIN conditions c2 ON c2.SourceTypeOrReferenceId = 22 AND c2.SourceId = 0 AND c1.SourceEntry = -1096354 LEFT JOIN spawn_group sg ON sg.spawnId = 1096354 AND spawnType = 0 WHERE ce.spawnID = 1096354;
DELETE ce, c1, c2, sg FROM creature_entry ce LEFT JOIN conditions c1 ON c1.ConditionTypeOrReference = 31 AND c1.ConditionValue1 = 3 AND c1.ConditionValue3 = 1096355 LEFT JOIN conditions c2 ON c2.SourceTypeOrReferenceId = 22 AND c2.SourceId = 0 AND c1.SourceEntry = -1096355 LEFT JOIN spawn_group sg ON sg.spawnId = 1096355 AND spawnType = 0 WHERE ce.spawnID = 1096355;
DELETE ce, c1, c2, sg FROM creature_entry ce LEFT JOIN conditions c1 ON c1.ConditionTypeOrReference = 31 AND c1.ConditionValue1 = 3 AND c1.ConditionValue3 = 1096356 LEFT JOIN conditions c2 ON c2.SourceTypeOrReferenceId = 22 AND c2.SourceId = 0 AND c1.SourceEntry = -1096356 LEFT JOIN spawn_group sg ON sg.spawnId = 1096356 AND spawnType = 0 WHERE ce.spawnID = 1096356;
DELETE ce, c1, c2, sg FROM creature_entry ce LEFT JOIN conditions c1 ON c1.ConditionTypeOrReference = 31 AND c1.ConditionValue1 = 3 AND c1.ConditionValue3 = 1096357 LEFT JOIN conditions c2 ON c2.SourceTypeOrReferenceId = 22 AND c2.SourceId = 0 AND c1.SourceEntry = -1096357 LEFT JOIN spawn_group sg ON sg.spawnId = 1096357 AND spawnType = 0 WHERE ce.spawnID = 1096357;
DELETE ce, c1, c2, sg FROM creature_entry ce LEFT JOIN conditions c1 ON c1.ConditionTypeOrReference = 31 AND c1.ConditionValue1 = 3 AND c1.ConditionValue3 = 1096358 LEFT JOIN conditions c2 ON c2.SourceTypeOrReferenceId = 22 AND c2.SourceId = 0 AND c1.SourceEntry = -1096358 LEFT JOIN spawn_group sg ON sg.spawnId = 1096358 AND spawnType = 0 WHERE ce.spawnID = 1096358;
DELETE ce, c1, c2, sg FROM creature_entry ce LEFT JOIN conditions c1 ON c1.ConditionTypeOrReference = 31 AND c1.ConditionValue1 = 3 AND c1.ConditionValue3 = 1096359 LEFT JOIN conditions c2 ON c2.SourceTypeOrReferenceId = 22 AND c2.SourceId = 0 AND c1.SourceEntry = -1096359 LEFT JOIN spawn_group sg ON sg.spawnId = 1096359 AND spawnType = 0 WHERE ce.spawnID = 1096359;
DELETE ce, c1, c2, sg FROM creature_entry ce LEFT JOIN conditions c1 ON c1.ConditionTypeOrReference = 31 AND c1.ConditionValue1 = 3 AND c1.ConditionValue3 = 1096360 LEFT JOIN conditions c2 ON c2.SourceTypeOrReferenceId = 22 AND c2.SourceId = 0 AND c1.SourceEntry = -1096360 LEFT JOIN spawn_group sg ON sg.spawnId = 1096360 AND spawnType = 0 WHERE ce.spawnID = 1096360;
DELETE ce, c1, c2, sg FROM creature_entry ce LEFT JOIN conditions c1 ON c1.ConditionTypeOrReference = 31 AND c1.ConditionValue1 = 3 AND c1.ConditionValue3 = 1096361 LEFT JOIN conditions c2 ON c2.SourceTypeOrReferenceId = 22 AND c2.SourceId = 0 AND c1.SourceEntry = -1096361 LEFT JOIN spawn_group sg ON sg.spawnId = 1096361 AND spawnType = 0 WHERE ce.spawnID = 1096361;
DELETE ce, c1, c2, sg FROM creature_entry ce LEFT JOIN conditions c1 ON c1.ConditionTypeOrReference = 31 AND c1.ConditionValue1 = 3 AND c1.ConditionValue3 = 1096362 LEFT JOIN conditions c2 ON c2.SourceTypeOrReferenceId = 22 AND c2.SourceId = 0 AND c1.SourceEntry = -1096362 LEFT JOIN spawn_group sg ON sg.spawnId = 1096362 AND spawnType = 0 WHERE ce.spawnID = 1096362;
DELETE ce, c1, c2, sg FROM creature_entry ce LEFT JOIN conditions c1 ON c1.ConditionTypeOrReference = 31 AND c1.ConditionValue1 = 3 AND c1.ConditionValue3 = 1096363 LEFT JOIN conditions c2 ON c2.SourceTypeOrReferenceId = 22 AND c2.SourceId = 0 AND c1.SourceEntry = -1096363 LEFT JOIN spawn_group sg ON sg.spawnId = 1096363 AND spawnType = 0 WHERE ce.spawnID = 1096363;
DELETE ce, c1, c2, sg FROM creature_entry ce LEFT JOIN conditions c1 ON c1.ConditionTypeOrReference = 31 AND c1.ConditionValue1 = 3 AND c1.ConditionValue3 = 1096364 LEFT JOIN conditions c2 ON c2.SourceTypeOrReferenceId = 22 AND c2.SourceId = 0 AND c1.SourceEntry = -1096364 LEFT JOIN spawn_group sg ON sg.spawnId = 1096364 AND spawnType = 0 WHERE ce.spawnID = 1096364;
DELETE ce, c1, c2, sg FROM creature_entry ce LEFT JOIN conditions c1 ON c1.ConditionTypeOrReference = 31 AND c1.ConditionValue1 = 3 AND c1.ConditionValue3 = 1096365 LEFT JOIN conditions c2 ON c2.SourceTypeOrReferenceId = 22 AND c2.SourceId = 0 AND c1.SourceEntry = -1096365 LEFT JOIN spawn_group sg ON sg.spawnId = 1096365 AND spawnType = 0 WHERE ce.spawnID = 1096365;
DELETE ce, c1, c2, sg FROM creature_entry ce LEFT JOIN conditions c1 ON c1.ConditionTypeOrReference = 31 AND c1.ConditionValue1 = 3 AND c1.ConditionValue3 = 1096366 LEFT JOIN conditions c2 ON c2.SourceTypeOrReferenceId = 22 AND c2.SourceId = 0 AND c1.SourceEntry = -1096366 LEFT JOIN spawn_group sg ON sg.spawnId = 1096366 AND spawnType = 0 WHERE ce.spawnID = 1096366;
DELETE ce, c1, c2, sg FROM creature_entry ce LEFT JOIN conditions c1 ON c1.ConditionTypeOrReference = 31 AND c1.ConditionValue1 = 3 AND c1.ConditionValue3 = 1096367 LEFT JOIN conditions c2 ON c2.SourceTypeOrReferenceId = 22 AND c2.SourceId = 0 AND c1.SourceEntry = -1096367 LEFT JOIN spawn_group sg ON sg.spawnId = 1096367 AND spawnType = 0 WHERE ce.spawnID = 1096367;
DELETE ce, c1, c2, sg FROM creature_entry ce LEFT JOIN conditions c1 ON c1.ConditionTypeOrReference = 31 AND c1.ConditionValue1 = 3 AND c1.ConditionValue3 = 1096368 LEFT JOIN conditions c2 ON c2.SourceTypeOrReferenceId = 22 AND c2.SourceId = 0 AND c1.SourceEntry = -1096368 LEFT JOIN spawn_group sg ON sg.spawnId = 1096368 AND spawnType = 0 WHERE ce.spawnID = 1096368;
DELETE ce, c1, c2, sg FROM creature_entry ce LEFT JOIN conditions c1 ON c1.ConditionTypeOrReference = 31 AND c1.ConditionValue1 = 3 AND c1.ConditionValue3 = 1096369 LEFT JOIN conditions c2 ON c2.SourceTypeOrReferenceId = 22 AND c2.SourceId = 0 AND c1.SourceEntry = -1096369 LEFT JOIN spawn_group sg ON sg.spawnId = 1096369 AND spawnType = 0 WHERE ce.spawnID = 1096369;
DELETE ce, c1, c2, sg FROM creature_entry ce LEFT JOIN conditions c1 ON c1.ConditionTypeOrReference = 31 AND c1.ConditionValue1 = 3 AND c1.ConditionValue3 = 1096370 LEFT JOIN conditions c2 ON c2.SourceTypeOrReferenceId = 22 AND c2.SourceId = 0 AND c1.SourceEntry = -1096370 LEFT JOIN spawn_group sg ON sg.spawnId = 1096370 AND spawnType = 0 WHERE ce.spawnID = 1096370;
DELETE ce, c1, c2, sg FROM creature_entry ce LEFT JOIN conditions c1 ON c1.ConditionTypeOrReference = 31 AND c1.ConditionValue1 = 3 AND c1.ConditionValue3 = 1096371 LEFT JOIN conditions c2 ON c2.SourceTypeOrReferenceId = 22 AND c2.SourceId = 0 AND c1.SourceEntry = -1096371 LEFT JOIN spawn_group sg ON sg.spawnId = 1096371 AND spawnType = 0 WHERE ce.spawnID = 1096371;
DELETE ce, c1, c2, sg FROM creature_entry ce LEFT JOIN conditions c1 ON c1.ConditionTypeOrReference = 31 AND c1.ConditionValue1 = 3 AND c1.ConditionValue3 = 1096372 LEFT JOIN conditions c2 ON c2.SourceTypeOrReferenceId = 22 AND c2.SourceId = 0 AND c1.SourceEntry = -1096372 LEFT JOIN spawn_group sg ON sg.spawnId = 1096372 AND spawnType = 0 WHERE ce.spawnID = 1096372;
DELETE ce, c1, c2, sg FROM creature_entry ce LEFT JOIN conditions c1 ON c1.ConditionTypeOrReference = 31 AND c1.ConditionValue1 = 3 AND c1.ConditionValue3 = 1096373 LEFT JOIN conditions c2 ON c2.SourceTypeOrReferenceId = 22 AND c2.SourceId = 0 AND c1.SourceEntry = -1096373 LEFT JOIN spawn_group sg ON sg.spawnId = 1096373 AND spawnType = 0 WHERE ce.spawnID = 1096373;
DELETE ce, c1, c2, sg FROM creature_entry ce LEFT JOIN conditions c1 ON c1.ConditionTypeOrReference = 31 AND c1.ConditionValue1 = 3 AND c1.ConditionValue3 = 1096374 LEFT JOIN conditions c2 ON c2.SourceTypeOrReferenceId = 22 AND c2.SourceId = 0 AND c1.SourceEntry = -1096374 LEFT JOIN spawn_group sg ON sg.spawnId = 1096374 AND spawnType = 0 WHERE ce.spawnID = 1096374;
DELETE ce, c1, c2, sg FROM creature_entry ce LEFT JOIN conditions c1 ON c1.ConditionTypeOrReference = 31 AND c1.ConditionValue1 = 3 AND c1.ConditionValue3 = 1096375 LEFT JOIN conditions c2 ON c2.SourceTypeOrReferenceId = 22 AND c2.SourceId = 0 AND c1.SourceEntry = -1096375 LEFT JOIN spawn_group sg ON sg.spawnId = 1096375 AND spawnType = 0 WHERE ce.spawnID = 1096375;
DELETE ce, c1, c2, sg FROM creature_entry ce LEFT JOIN conditions c1 ON c1.ConditionTypeOrReference = 31 AND c1.ConditionValue1 = 3 AND c1.ConditionValue3 = 1096376 LEFT JOIN conditions c2 ON c2.SourceTypeOrReferenceId = 22 AND c2.SourceId = 0 AND c1.SourceEntry = -1096376 LEFT JOIN spawn_group sg ON sg.spawnId = 1096376 AND spawnType = 0 WHERE ce.spawnID = 1096376;
DELETE ce, c1, c2, sg FROM creature_entry ce LEFT JOIN conditions c1 ON c1.ConditionTypeOrReference = 31 AND c1.ConditionValue1 = 3 AND c1.ConditionValue3 = 1096377 LEFT JOIN conditions c2 ON c2.SourceTypeOrReferenceId = 22 AND c2.SourceId = 0 AND c1.SourceEntry = -1096377 LEFT JOIN spawn_group sg ON sg.spawnId = 1096377 AND spawnType = 0 WHERE ce.spawnID = 1096377;
DELETE ce, c1, c2, sg FROM creature_entry ce LEFT JOIN conditions c1 ON c1.ConditionTypeOrReference = 31 AND c1.ConditionValue1 = 3 AND c1.ConditionValue3 = 1096378 LEFT JOIN conditions c2 ON c2.SourceTypeOrReferenceId = 22 AND c2.SourceId = 0 AND c1.SourceEntry = -1096378 LEFT JOIN spawn_group sg ON sg.spawnId = 1096378 AND spawnType = 0 WHERE ce.spawnID = 1096378;
DELETE ce, c1, c2, sg FROM creature_entry ce LEFT JOIN conditions c1 ON c1.ConditionTypeOrReference = 31 AND c1.ConditionValue1 = 3 AND c1.ConditionValue3 = 1096379 LEFT JOIN conditions c2 ON c2.SourceTypeOrReferenceId = 22 AND c2.SourceId = 0 AND c1.SourceEntry = -1096379 LEFT JOIN spawn_group sg ON sg.spawnId = 1096379 AND spawnType = 0 WHERE ce.spawnID = 1096379;
DELETE ce, c1, c2, sg FROM creature_entry ce LEFT JOIN conditions c1 ON c1.ConditionTypeOrReference = 31 AND c1.ConditionValue1 = 3 AND c1.ConditionValue3 = 1096380 LEFT JOIN conditions c2 ON c2.SourceTypeOrReferenceId = 22 AND c2.SourceId = 0 AND c1.SourceEntry = -1096380 LEFT JOIN spawn_group sg ON sg.spawnId = 1096380 AND spawnType = 0 WHERE ce.spawnID = 1096380;


-- Importing creature spawn with guid 77788 with import type REPLACE_ALL


-- Importing creature spawn with guid 77789 with import type REPLACE_ALL


-- Importing creature spawn with guid 77790 with import type REPLACE_ALL


-- Importing creature spawn with guid 77791 with import type REPLACE_ALL


-- Importing creature spawn with guid 78216 with import type REPLACE_ALL


-- Importing creature spawn with guid 78217 with import type REPLACE_ALL


-- Importing creature spawn with guid 78218 with import type REPLACE_ALL


-- Importing creature spawn with guid 78219 with import type REPLACE_ALL


-- Importing creature spawn with guid 78220 with import type REPLACE_ALL


-- Importing creature spawn with guid 78221 with import type REPLACE_ALL


-- Importing creature spawn with guid 78223 with import type REPLACE_ALL


-- Importing creature spawn with guid 78224 with import type REPLACE_ALL


-- Importing creature spawn with guid 78225 with import type REPLACE_ALL


-- Importing creature spawn with guid 78226 with import type REPLACE_ALL


-- Importing creature spawn with guid 78227 with import type REPLACE_ALL


-- Importing creature spawn with guid 78228 with import type REPLACE_ALL


-- Importing creature spawn with guid 78229 with import type REPLACE_ALL


-- Importing creature spawn with guid 78230 with import type REPLACE_ALL


-- Importing creature spawn with guid 78231 with import type REPLACE_ALL


-- Importing creature spawn with guid 78232 with import type REPLACE_ALL


-- Importing creature spawn with guid 78233 with import type REPLACE_ALL


-- Importing creature spawn with guid 78234 with import type REPLACE_ALL


-- Importing creature spawn with guid 78235 with import type REPLACE_ALL


-- Importing creature spawn with guid 78236 with import type REPLACE_ALL


-- Importing creature spawn with guid 78237 with import type REPLACE_ALL


-- Importing creature spawn with guid 78238 with import type REPLACE_ALL


-- Importing creature spawn with guid 78239 with import type REPLACE_ALL


-- Importing creature spawn with guid 78240 with import type REPLACE_ALL


-- Importing creature spawn with guid 78241 with import type REPLACE_ALL


-- Importing creature spawn with guid 78242 with import type REPLACE_ALL


-- Importing creature spawn with guid 78243 with import type REPLACE_ALL


-- Importing creature spawn with guid 78244 with import type REPLACE_ALL


-- Importing creature spawn with guid 78245 with import type REPLACE_ALL


-- Importing creature spawn with guid 78246 with import type REPLACE_ALL


-- Importing creature spawn with guid 78247 with import type REPLACE_ALL


-- Importing creature spawn with guid 78248 with import type REPLACE_ALL


-- Importing creature spawn with guid 78249 with import type REPLACE_ALL


-- Importing creature spawn with guid 78250 with import type REPLACE_ALL


-- Importing creature spawn with guid 78251 with import type REPLACE_ALL


-- Importing creature spawn with guid 78252 with import type REPLACE_ALL


-- Importing creature spawn with guid 78253 with import type REPLACE_ALL


-- Importing creature spawn with guid 78254 with import type REPLACE_ALL


-- Importing creature spawn with guid 78255 with import type REPLACE_ALL


-- Importing creature spawn with guid 78256 with import type REPLACE_ALL


-- Importing creature spawn with guid 78257 with import type REPLACE_ALL


-- Importing creature spawn with guid 78258 with import type REPLACE_ALL


-- Importing creature spawn with guid 78259 with import type REPLACE_ALL


-- Importing creature spawn with guid 78260 with import type REPLACE_ALL


-- Importing creature spawn with guid 78261 with import type REPLACE_ALL


-- Importing creature spawn with guid 77905 with import type REPLACE_ALL
INSERT INTO creature_entry (`spawnID`, `entry`) VALUES ('77905', '20561');
INSERT INTO creature (`spawnID`, `map`, `spawnMask`, `modelid`, `equipment_id`, `position_x`, `position_y`, `position_z`, `orientation`, `spawntimesecs`, `spawndist`, `currentwaypoint`, `curhealth`, `curmana`, `MovementType`, `unit_flags`, `pool_id`, `patch_min`, `patch_max`) VALUES ('77905', '530', '1', NULL, '0', '3987.21', '2132.56', '162.681', '3.40339', '120', '0', '0', '1', '0', '0', '0', '0', '0', '10');
INSERT INTO spawn_group (`groupId`, `spawnType`, `spawnId`) VALUES ('2', '0', '77905');
INSERT INTO creature_entry (`spawnID`, `entry`) VALUES ('77904', '20561');
INSERT INTO creature (`spawnID`, `map`, `spawnMask`, `modelid`, `equipment_id`, `position_x`, `position_y`, `position_z`, `orientation`, `spawntimesecs`, `spawndist`, `currentwaypoint`, `curhealth`, `curmana`, `MovementType`, `unit_flags`, `pool_id`, `patch_min`, `patch_max`) VALUES ('77904', '530', '1', NULL, '0', '3968.76', '2112.71', '162.382', '6.19592', '120', '0', '0', '1', '0', '0', '0', '0', '0', '10');
INSERT INTO spawn_group (`groupId`, `spawnType`, `spawnId`) VALUES ('2', '0', '77904');
INSERT INTO creature_entry (`spawnID`, `entry`) VALUES ('77903', '20561');
INSERT INTO creature (`spawnID`, `map`, `spawnMask`, `modelid`, `equipment_id`, `position_x`, `position_y`, `position_z`, `orientation`, `spawntimesecs`, `spawndist`, `currentwaypoint`, `curhealth`, `curmana`, `MovementType`, `unit_flags`, `pool_id`, `patch_min`, `patch_max`) VALUES ('77903', '530', '1', NULL, '0', '3935.88', '2138.8', '160.69', '1.23918', '120', '0', '0', '1', '0', '0', '0', '0', '0', '10');
INSERT INTO spawn_group (`groupId`, `spawnType`, `spawnId`) VALUES ('2', '0', '77903');
INSERT INTO creature_entry (`spawnID`, `entry`) VALUES ('77902', '20561');
INSERT INTO creature (`spawnID`, `map`, `spawnMask`, `modelid`, `equipment_id`, `position_x`, `position_y`, `position_z`, `orientation`, `spawntimesecs`, `spawndist`, `currentwaypoint`, `curhealth`, `curmana`, `MovementType`, `unit_flags`, `pool_id`, `patch_min`, `patch_max`) VALUES ('77902', '530', '1', NULL, '0', '3926.43', '2105.75', '159.264', '3.61283', '120', '0', '0', '1', '0', '0', '0', '0', '0', '10');
INSERT INTO spawn_group (`groupId`, `spawnType`, `spawnId`) VALUES ('2', '0', '77902');
INSERT INTO creature_entry (`spawnID`, `entry`) VALUES ('77901', '20561');
INSERT INTO creature (`spawnID`, `map`, `spawnMask`, `modelid`, `equipment_id`, `position_x`, `position_y`, `position_z`, `orientation`, `spawntimesecs`, `spawndist`, `currentwaypoint`, `curhealth`, `curmana`, `MovementType`, `unit_flags`, `pool_id`, `patch_min`, `patch_max`) VALUES ('77901', '530', '1', NULL, '0', '3912.87', '2079.35', '153.77', '1.37881', '120', '0', '0', '1', '0', '0', '0', '0', '0', '10');
INSERT INTO spawn_group (`groupId`, `spawnType`, `spawnId`) VALUES ('2', '0', '77901');
INSERT INTO creature_entry (`spawnID`, `entry`) VALUES ('77900', '20561');
INSERT INTO creature (`spawnID`, `map`, `spawnMask`, `modelid`, `equipment_id`, `position_x`, `position_y`, `position_z`, `orientation`, `spawntimesecs`, `spawndist`, `currentwaypoint`, `curhealth`, `curmana`, `MovementType`, `unit_flags`, `pool_id`, `patch_min`, `patch_max`) VALUES ('77900', '530', '1', NULL, '0', '3908.28', '2081.01', '133.479', '4.18879', '120', '0', '0', '1', '0', '0', '0', '0', '0', '10');
INSERT INTO spawn_group (`groupId`, `spawnType`, `spawnId`) VALUES ('2', '0', '77900');
INSERT INTO creature_entry (`spawnID`, `entry`) VALUES ('77898', '20561');
INSERT INTO creature (`spawnID`, `map`, `spawnMask`, `modelid`, `equipment_id`, `position_x`, `position_y`, `position_z`, `orientation`, `spawntimesecs`, `spawndist`, `currentwaypoint`, `curhealth`, `curmana`, `MovementType`, `unit_flags`, `pool_id`, `patch_min`, `patch_max`) VALUES ('77898', '530', '1', NULL, '0', '3902.53', '2052.92', '150.162', '3.21141', '120', '0', '0', '1', '0', '0', '0', '0', '0', '10');
INSERT INTO spawn_group (`groupId`, `spawnType`, `spawnId`) VALUES ('2', '0', '77898');
INSERT INTO creature_entry (`spawnID`, `entry`) VALUES ('77897', '20561');
INSERT INTO creature (`spawnID`, `map`, `spawnMask`, `modelid`, `equipment_id`, `position_x`, `position_y`, `position_z`, `orientation`, `spawntimesecs`, `spawndist`, `currentwaypoint`, `curhealth`, `curmana`, `MovementType`, `unit_flags`, `pool_id`, `patch_min`, `patch_max`) VALUES ('77897', '530', '1', NULL, '0', '3890.49', '2102.26', '153.708', '4.62512', '120', '0', '0', '1', '0', '0', '0', '0', '0', '10');
INSERT INTO spawn_group (`groupId`, `spawnType`, `spawnId`) VALUES ('2', '0', '77897');
INSERT INTO creature_entry (`spawnID`, `entry`) VALUES ('77896', '20561');
INSERT INTO creature (`spawnID`, `map`, `spawnMask`, `modelid`, `equipment_id`, `position_x`, `position_y`, `position_z`, `orientation`, `spawntimesecs`, `spawndist`, `currentwaypoint`, `curhealth`, `curmana`, `MovementType`, `unit_flags`, `pool_id`, `patch_min`, `patch_max`) VALUES ('77896', '530', '1', NULL, '0', '3881.19', '2078.43', '131.736', '3.66519', '120', '0', '0', '1', '0', '0', '0', '0', '0', '10');
INSERT INTO spawn_group (`groupId`, `spawnType`, `spawnId`) VALUES ('2', '0', '77896');
INSERT INTO creature_entry (`spawnID`, `entry`) VALUES ('77894', '20561');
INSERT INTO creature (`spawnID`, `map`, `spawnMask`, `modelid`, `equipment_id`, `position_x`, `position_y`, `position_z`, `orientation`, `spawntimesecs`, `spawndist`, `currentwaypoint`, `curhealth`, `curmana`, `MovementType`, `unit_flags`, `pool_id`, `patch_min`, `patch_max`) VALUES ('77894', '530', '1', NULL, '0', '3870.96', '2103.97', '133.353', '1.58825', '120', '0', '0', '1', '0', '0', '0', '0', '0', '10');
INSERT INTO spawn_group (`groupId`, `spawnType`, `spawnId`) VALUES ('2', '0', '77894');
INSERT INTO creature_entry (`spawnID`, `entry`) VALUES ('77893', '20561');
INSERT INTO creature (`spawnID`, `map`, `spawnMask`, `modelid`, `equipment_id`, `position_x`, `position_y`, `position_z`, `orientation`, `spawntimesecs`, `spawndist`, `currentwaypoint`, `curhealth`, `curmana`, `MovementType`, `unit_flags`, `pool_id`, `patch_min`, `patch_max`) VALUES ('77893', '530', '1', NULL, '0', '3867.95', '2023.28', '144.585', '5.65487', '120', '0', '0', '1', '0', '0', '0', '0', '0', '10');
INSERT INTO spawn_group (`groupId`, `spawnType`, `spawnId`) VALUES ('2', '0', '77893');
INSERT INTO creature_entry (`spawnID`, `entry`) VALUES ('77889', '20561');
INSERT INTO creature (`spawnID`, `map`, `spawnMask`, `modelid`, `equipment_id`, `position_x`, `position_y`, `position_z`, `orientation`, `spawntimesecs`, `spawndist`, `currentwaypoint`, `curhealth`, `curmana`, `MovementType`, `unit_flags`, `pool_id`, `patch_min`, `patch_max`) VALUES ('77889', '530', '1', NULL, '0', '3839.54', '2137.05', '145.967', '3.54302', '120', '0', '0', '1', '0', '0', '0', '0', '0', '10');
INSERT INTO spawn_group (`groupId`, `spawnType`, `spawnId`) VALUES ('2', '0', '77889');
INSERT INTO creature_entry (`spawnID`, `entry`) VALUES ('77888', '20561');
INSERT INTO creature (`spawnID`, `map`, `spawnMask`, `modelid`, `equipment_id`, `position_x`, `position_y`, `position_z`, `orientation`, `spawntimesecs`, `spawndist`, `currentwaypoint`, `curhealth`, `curmana`, `MovementType`, `unit_flags`, `pool_id`, `patch_min`, `patch_max`) VALUES ('77888', '530', '1', NULL, '0', '3835.91', '2045.9', '145.151', '0.942478', '120', '0', '0', '1', '0', '0', '0', '0', '0', '10');
INSERT INTO spawn_group (`groupId`, `spawnType`, `spawnId`) VALUES ('2', '0', '77888');
INSERT INTO creature_entry (`spawnID`, `entry`) VALUES ('77887', '20561');
INSERT INTO creature (`spawnID`, `map`, `spawnMask`, `modelid`, `equipment_id`, `position_x`, `position_y`, `position_z`, `orientation`, `spawntimesecs`, `spawndist`, `currentwaypoint`, `curhealth`, `curmana`, `MovementType`, `unit_flags`, `pool_id`, `patch_min`, `patch_max`) VALUES ('77887', '530', '1', NULL, '0', '3823.88', '2064.43', '147.579', '6.21337', '120', '0', '0', '1', '0', '0', '0', '0', '0', '10');
INSERT INTO spawn_group (`groupId`, `spawnType`, `spawnId`) VALUES ('2', '0', '77887');
INSERT INTO creature_entry (`spawnID`, `entry`) VALUES ('77886', '20561');
INSERT INTO creature (`spawnID`, `map`, `spawnMask`, `modelid`, `equipment_id`, `position_x`, `position_y`, `position_z`, `orientation`, `spawntimesecs`, `spawndist`, `currentwaypoint`, `curhealth`, `curmana`, `MovementType`, `unit_flags`, `pool_id`, `patch_min`, `patch_max`) VALUES ('77886', '530', '1', NULL, '0', '3815.1', '2102.61', '148.003', '1.72788', '120', '0', '0', '1', '0', '0', '0', '0', '0', '10');
INSERT INTO spawn_group (`groupId`, `spawnType`, `spawnId`) VALUES ('2', '0', '77886');
INSERT INTO creature_entry (`spawnID`, `entry`) VALUES ('77885', '20561');
INSERT INTO creature (`spawnID`, `map`, `spawnMask`, `modelid`, `equipment_id`, `position_x`, `position_y`, `position_z`, `orientation`, `spawntimesecs`, `spawndist`, `currentwaypoint`, `curhealth`, `curmana`, `MovementType`, `unit_flags`, `pool_id`, `patch_min`, `patch_max`) VALUES ('77885', '530', '1', NULL, '0', '3790.07', '2073.02', '153.16', '4.60767', '120', '0', '0', '1', '0', '0', '0', '0', '0', '10');
INSERT INTO spawn_group (`groupId`, `spawnType`, `spawnId`) VALUES ('2', '0', '77885');
DELETE ce, c1, c2, sg FROM creature_entry ce LEFT JOIN conditions c1 ON c1.ConditionTypeOrReference = 31 AND c1.ConditionValue1 = 3 AND c1.ConditionValue3 = 1085533 LEFT JOIN conditions c2 ON c2.SourceTypeOrReferenceId = 22 AND c2.SourceId = 0 AND c1.SourceEntry = -1085533 LEFT JOIN spawn_group sg ON sg.spawnId = 1085533 AND spawnType = 0 WHERE ce.spawnID = 1085533;


-- Importing creature spawn with guid 77904 with import type REPLACE_ALL


-- Importing creature spawn with guid 77903 with import type REPLACE_ALL


-- Importing creature spawn with guid 77902 with import type REPLACE_ALL


-- Importing creature spawn with guid 77901 with import type REPLACE_ALL


-- Importing creature spawn with guid 77900 with import type REPLACE_ALL


-- Importing creature spawn with guid 77899 with import type REPLACE_ALL


-- Importing creature spawn with guid 77898 with import type REPLACE_ALL


-- Importing creature spawn with guid 77897 with import type REPLACE_ALL


-- Importing creature spawn with guid 77896 with import type REPLACE_ALL


-- Importing creature spawn with guid 77895 with import type REPLACE_ALL


-- Importing creature spawn with guid 77894 with import type REPLACE_ALL


-- Importing creature spawn with guid 77893 with import type REPLACE_ALL


-- Importing creature spawn with guid 77892 with import type REPLACE_ALL


-- Importing creature spawn with guid 77891 with import type REPLACE_ALL


-- Importing creature spawn with guid 78435 with import type REPLACE_ALL
INSERT INTO creature_entry (`spawnID`, `entry`) VALUES ('133907', '22307');
INSERT INTO creature (`spawnID`, `map`, `spawnMask`, `modelid`, `equipment_id`, `position_x`, `position_y`, `position_z`, `orientation`, `spawntimesecs`, `spawndist`, `currentwaypoint`, `curhealth`, `curmana`, `MovementType`, `unit_flags`, `pool_id`, `patch_min`, `patch_max`) VALUES ('133907', '530', '1', NULL, '0', '-3664.21', '3444.95', '276.169', '0.54048', '180', '0', '0', '5914', '0', '0', '0', '0', '0', '10');


-- Importing creature spawn with guid 78436 with import type REPLACE_ALL


-- Importing creature spawn with guid 78437 with import type REPLACE_ALL


-- Importing creature spawn with guid 78438 with import type REPLACE_ALL


-- Importing creature spawn with guid 78439 with import type REPLACE_ALL


-- Importing creature spawn with guid 78577 with import type REPLACE_ALL
INSERT INTO creature_entry (`spawnID`, `entry`) VALUES ('77840', '22341');
INSERT INTO creature (`spawnID`, `map`, `spawnMask`, `modelid`, `equipment_id`, `position_x`, `position_y`, `position_z`, `orientation`, `spawntimesecs`, `spawndist`, `currentwaypoint`, `curhealth`, `curmana`, `MovementType`, `unit_flags`, `pool_id`, `patch_min`, `patch_max`) VALUES ('77840', '530', '1', NULL, '0', '-1442.52', '9847.01', '200.671', '6.02139', '300', '0', '0', '1', '0', '0', '0', '0', '0', '10');
INSERT INTO creature_entry (`spawnID`, `entry`) VALUES ('77841', '22341');
INSERT INTO creature (`spawnID`, `map`, `spawnMask`, `modelid`, `equipment_id`, `position_x`, `position_y`, `position_z`, `orientation`, `spawntimesecs`, `spawndist`, `currentwaypoint`, `curhealth`, `curmana`, `MovementType`, `unit_flags`, `pool_id`, `patch_min`, `patch_max`) VALUES ('77841', '530', '1', NULL, '0', '-1455.1', '9854.96', '200.725', '2.51327', '300', '0', '0', '1', '0', '0', '0', '0', '0', '10');


-- Importing creature spawn with guid 78578 with import type REPLACE_ALL


-- Importing creature spawn with guid 78579 with import type REPLACE_ALL


-- Importing creature spawn with guid 78580 with import type REPLACE_ALL


-- Importing creature spawn with guid 78581 with import type REPLACE_ALL


-- Importing creature spawn with guid 78582 with import type REPLACE_ALL


-- Importing creature spawn with guid 78583 with import type REPLACE_ALL
INSERT INTO creature_entry (`spawnID`, `entry`) VALUES ('77842', '22342');
INSERT INTO creature (`spawnID`, `map`, `spawnMask`, `modelid`, `equipment_id`, `position_x`, `position_y`, `position_z`, `orientation`, `spawntimesecs`, `spawndist`, `currentwaypoint`, `curhealth`, `curmana`, `MovementType`, `unit_flags`, `pool_id`, `patch_min`, `patch_max`) VALUES ('77842', '530', '1', NULL, '0', '-1452.34', '9837.59', '200.622', '1.81514', '300', '0', '0', '1', '0', '0', '0', '0', '0', '10');


-- Importing creature spawn with guid 78584 with import type REPLACE_ALL


-- Importing creature spawn with guid 78585 with import type REPLACE_ALL


-- Importing creature spawn with guid 78586 with import type REPLACE_ALL


-- Importing creature spawn with guid 78587 with import type REPLACE_ALL


-- Importing creature spawn with guid 78588 with import type REPLACE_ALL


-- Importing creature spawn with guid 78589 with import type REPLACE_ALL


-- Importing creature spawn with guid 78590 with import type REPLACE_ALL


-- Importing creature spawn with guid 78591 with import type REPLACE_ALL


-- Importing creature spawn with guid 78592 with import type REPLACE_ALL


-- Importing creature spawn with guid 78593 with import type REPLACE_ALL


-- Importing creature spawn with guid 78594 with import type REPLACE_ALL


-- Importing creature spawn with guid 78595 with import type REPLACE_ALL


-- Importing creature spawn with guid 78596 with import type REPLACE_ALL


-- Importing creature spawn with guid 78597 with import type REPLACE_ALL


-- Importing creature spawn with guid 78598 with import type REPLACE_ALL


-- Importing creature spawn with guid 78599 with import type REPLACE_ALL


-- Importing creature spawn with guid 78600 with import type REPLACE_ALL


-- Importing creature spawn with guid 78601 with import type REPLACE_ALL


-- Importing creature spawn with guid 78602 with import type REPLACE_ALL


-- Importing creature spawn with guid 78603 with import type REPLACE_ALL


-- Importing creature spawn with guid 76053 with import type REPLACE_ALL


-- Importing creature spawn with guid 134005 with import type REPLACE_ALL
INSERT INTO creature_entry (`spawnID`, `entry`) VALUES ('134005', '100');
INSERT INTO creature (`spawnID`, `map`, `spawnMask`, `modelid`, `equipment_id`, `position_x`, `position_y`, `position_z`, `orientation`, `spawntimesecs`, `spawndist`, `currentwaypoint`, `curhealth`, `curmana`, `MovementType`, `unit_flags`, `pool_id`, `patch_min`, `patch_max`) VALUES ('134005', '0', '1', NULL, '1', '-9945.86', '620.999', '37.2259', '4.03808', '7200', '10', '0', '247', '0', '1', '0', '0', '0', '10');
INSERT INTO pool_template (`entry`, `max_limit`, `description`) VALUES ('1001', '1', 'Gruff Swiftbite (100)');
INSERT INTO pool_creature (`guid`, `pool_entry`, `chance`, `description`) VALUES ('134005', '1001', '0', 'Gruff Swiftbite (100) - Spawn 4');
INSERT INTO creature_entry (`spawnID`, `entry`) VALUES ('134004', '100');
INSERT INTO creature (`spawnID`, `map`, `spawnMask`, `modelid`, `equipment_id`, `position_x`, `position_y`, `position_z`, `orientation`, `spawntimesecs`, `spawndist`, `currentwaypoint`, `curhealth`, `curmana`, `MovementType`, `unit_flags`, `pool_id`, `patch_min`, `patch_max`) VALUES ('134004', '0', '1', NULL, '1', '-9981.18', '566.13', '37.6634', '1.37087', '7200', '10', '0', '247', '0', '1', '0', '0', '0', '10');
INSERT INTO pool_creature (`guid`, `pool_entry`, `chance`, `description`) VALUES ('134004', '1001', '0', 'Gruff Swiftbite (100) - Spawn 3');
INSERT INTO creature_entry (`spawnID`, `entry`) VALUES ('134003', '100');
INSERT INTO creature (`spawnID`, `map`, `spawnMask`, `modelid`, `equipment_id`, `position_x`, `position_y`, `position_z`, `orientation`, `spawntimesecs`, `spawndist`, `currentwaypoint`, `curhealth`, `curmana`, `MovementType`, `unit_flags`, `pool_id`, `patch_min`, `patch_max`) VALUES ('134003', '0', '1', NULL, '1', '-10067.1', '629.856', '39.2659', '0.67265', '7200', '10', '0', '247', '0', '1', '0', '0', '0', '10');
INSERT INTO pool_creature (`guid`, `pool_entry`, `chance`, `description`) VALUES ('134003', '1001', '0', 'Gruff Swiftbite (100) - Spawn 2');
INSERT INTO creature_entry (`spawnID`, `entry`) VALUES ('134006', '100');
INSERT INTO creature (`spawnID`, `map`, `spawnMask`, `modelid`, `equipment_id`, `position_x`, `position_y`, `position_z`, `orientation`, `spawntimesecs`, `spawndist`, `currentwaypoint`, `curhealth`, `curmana`, `MovementType`, `unit_flags`, `pool_id`, `patch_min`, `patch_max`) VALUES ('134006', '0', '1', NULL, '1', '-9930.88', '573.464', '37.0119', '2.35969', '7200', '10', '0', '247', '0', '1', '0', '0', '0', '10');
INSERT INTO pool_creature (`guid`, `pool_entry`, `chance`, `description`) VALUES ('134006', '1001', '0', 'Gruff Swiftbite (100) - Spawn 5');
DELETE ce, c1, c2, sg FROM creature_entry ce LEFT JOIN conditions c1 ON c1.ConditionTypeOrReference = 31 AND c1.ConditionValue1 = 3 AND c1.ConditionValue3 = 1095427 LEFT JOIN conditions c2 ON c2.SourceTypeOrReferenceId = 22 AND c2.SourceId = 0 AND c1.SourceEntry = -1095427 LEFT JOIN spawn_group sg ON sg.spawnId = 1095427 AND spawnType = 0 WHERE ce.spawnID = 1095427;
DELETE ce, c1, c2, sg FROM creature_entry ce LEFT JOIN conditions c1 ON c1.ConditionTypeOrReference = 31 AND c1.ConditionValue1 = 3 AND c1.ConditionValue3 = 1095467 LEFT JOIN conditions c2 ON c2.SourceTypeOrReferenceId = 22 AND c2.SourceId = 0 AND c1.SourceEntry = -1095467 LEFT JOIN spawn_group sg ON sg.spawnId = 1095467 AND spawnType = 0 WHERE ce.spawnID = 1095467;


-- Importing creature spawn with guid 134004 with import type REPLACE_ALL


-- Importing creature spawn with guid 134003 with import type REPLACE_ALL


-- Importing creature spawn with guid 79670 with import type REPLACE_ALL


-- Importing creature spawn with guid 79675 with import type REPLACE_ALL


-- Importing creature spawn with guid 79690 with import type REPLACE_ALL


-- Importing creature spawn with guid 79792 with import type REPLACE_ALL


-- Importing creature spawn with guid 79807 with import type REPLACE_ALL


-- Importing creature spawn with guid 79814 with import type REPLACE_ALL


-- Importing creature spawn with guid 81738 with import type REPLACE_ALL
INSERT INTO creature_entry (`spawnID`, `entry`) VALUES ('82767', '16354');
INSERT INTO creature (`spawnID`, `map`, `spawnMask`, `modelid`, `equipment_id`, `position_x`, `position_y`, `position_z`, `orientation`, `spawntimesecs`, `spawndist`, `currentwaypoint`, `curhealth`, `curmana`, `MovementType`, `unit_flags`, `pool_id`, `patch_min`, `patch_max`) VALUES ('82767', '530', '1', NULL, '0', '7207.99', '-6662.29', '48.6182', '2.95388', '300', '5', '0', '273', '0', '1', '0', '0', '0', '10');
INSERT INTO creature_addon (`spawnID`, `path_id`, `mount`, `bytes0`, `bytes1`, `bytes2`, `emote`, `auras`) VALUES ('82767', NULL, '0', '0', '1536', '141313', '0', NULL);
INSERT INTO spawn_group (`groupId`, `spawnType`, `spawnId`) VALUES ('2', '0', '82767');
INSERT INTO creature_entry (`spawnID`, `entry`) VALUES ('145300', '16354');
INSERT INTO creature (`spawnID`, `map`, `spawnMask`, `modelid`, `equipment_id`, `position_x`, `position_y`, `position_z`, `orientation`, `spawntimesecs`, `spawndist`, `currentwaypoint`, `curhealth`, `curmana`, `MovementType`, `unit_flags`, `pool_id`, `patch_min`, `patch_max`) VALUES ('145300', '530', '1', NULL, '0', '7076.28', '-6972.89', '46.5988', '5.55443', '120', '15', '0', '0', '0', '1', '0', '0', '0', '10');
INSERT INTO spawn_group (`groupId`, `spawnType`, `spawnId`) VALUES ('2', '0', '145300');
INSERT INTO creature_entry (`spawnID`, `entry`) VALUES ('145301', '16354');
INSERT INTO creature (`spawnID`, `map`, `spawnMask`, `modelid`, `equipment_id`, `position_x`, `position_y`, `position_z`, `orientation`, `spawntimesecs`, `spawndist`, `currentwaypoint`, `curhealth`, `curmana`, `MovementType`, `unit_flags`, `pool_id`, `patch_min`, `patch_max`) VALUES ('145301', '530', '1', NULL, '0', '7017.88', '-6890.59', '51.478', '0.146138', '120', '15', '0', '0', '0', '1', '0', '0', '0', '10');
INSERT INTO spawn_group (`groupId`, `spawnType`, `spawnId`) VALUES ('2', '0', '145301');
INSERT INTO creature_entry (`spawnID`, `entry`) VALUES ('145302', '16354');
INSERT INTO creature (`spawnID`, `map`, `spawnMask`, `modelid`, `equipment_id`, `position_x`, `position_y`, `position_z`, `orientation`, `spawntimesecs`, `spawndist`, `currentwaypoint`, `curhealth`, `curmana`, `MovementType`, `unit_flags`, `pool_id`, `patch_min`, `patch_max`) VALUES ('145302', '530', '1', NULL, '0', '7113.62', '-6924.28', '47.5141', '1.2756', '120', '15', '0', '0', '0', '1', '0', '0', '0', '10');
INSERT INTO spawn_group (`groupId`, `spawnType`, `spawnId`) VALUES ('2', '0', '145302');
INSERT INTO creature_entry (`spawnID`, `entry`) VALUES ('145303', '16354');
INSERT INTO creature (`spawnID`, `map`, `spawnMask`, `modelid`, `equipment_id`, `position_x`, `position_y`, `position_z`, `orientation`, `spawntimesecs`, `spawndist`, `currentwaypoint`, `curhealth`, `curmana`, `MovementType`, `unit_flags`, `pool_id`, `patch_min`, `patch_max`) VALUES ('145303', '530', '1', NULL, '0', '7120.2', '-6986.21', '46.4682', '3.01433', '120', '15', '0', '0', '0', '1', '0', '0', '0', '10');
INSERT INTO spawn_group (`groupId`, `spawnType`, `spawnId`) VALUES ('2', '0', '145303');
INSERT INTO creature_entry (`spawnID`, `entry`) VALUES ('145304', '16354');
INSERT INTO creature (`spawnID`, `map`, `spawnMask`, `modelid`, `equipment_id`, `position_x`, `position_y`, `position_z`, `orientation`, `spawntimesecs`, `spawndist`, `currentwaypoint`, `curhealth`, `curmana`, `MovementType`, `unit_flags`, `pool_id`, `patch_min`, `patch_max`) VALUES ('145304', '530', '1', NULL, '0', '7042.88', '-7063.8', '47.4362', '0.234557', '120', '15', '0', '0', '0', '1', '0', '0', '0', '10');
INSERT INTO spawn_group (`groupId`, `spawnType`, `spawnId`) VALUES ('2', '0', '145304');
INSERT INTO creature_entry (`spawnID`, `entry`) VALUES ('145305', '16354');
INSERT INTO creature (`spawnID`, `map`, `spawnMask`, `modelid`, `equipment_id`, `position_x`, `position_y`, `position_z`, `orientation`, `spawntimesecs`, `spawndist`, `currentwaypoint`, `curhealth`, `curmana`, `MovementType`, `unit_flags`, `pool_id`, `patch_min`, `patch_max`) VALUES ('145305', '530', '1', NULL, '0', '7126.83', '-6958.08', '46.0829', '1.33712', '120', '15', '0', '0', '0', '1', '0', '0', '0', '10');
INSERT INTO spawn_group (`groupId`, `spawnType`, `spawnId`) VALUES ('2', '0', '145305');
INSERT INTO creature_entry (`spawnID`, `entry`) VALUES ('145306', '16354');
INSERT INTO creature (`spawnID`, `map`, `spawnMask`, `modelid`, `equipment_id`, `position_x`, `position_y`, `position_z`, `orientation`, `spawntimesecs`, `spawndist`, `currentwaypoint`, `curhealth`, `curmana`, `MovementType`, `unit_flags`, `pool_id`, `patch_min`, `patch_max`) VALUES ('145306', '530', '1', NULL, '0', '7014.95', '-7154.45', '44.0552', '4.58029', '120', '15', '0', '0', '0', '1', '0', '0', '0', '10');
INSERT INTO spawn_group (`groupId`, `spawnType`, `spawnId`) VALUES ('2', '0', '145306');
INSERT INTO creature_entry (`spawnID`, `entry`) VALUES ('145307', '16354');
INSERT INTO creature (`spawnID`, `map`, `spawnMask`, `modelid`, `equipment_id`, `position_x`, `position_y`, `position_z`, `orientation`, `spawntimesecs`, `spawndist`, `currentwaypoint`, `curhealth`, `curmana`, `MovementType`, `unit_flags`, `pool_id`, `patch_min`, `patch_max`) VALUES ('145307', '530', '1', NULL, '0', '7049.04', '-7179.57', '44.5194', '2.85444', '120', '15', '0', '0', '0', '1', '0', '0', '0', '10');
INSERT INTO spawn_group (`groupId`, `spawnType`, `spawnId`) VALUES ('2', '0', '145307');
INSERT INTO creature_entry (`spawnID`, `entry`) VALUES ('145308', '16354');
INSERT INTO creature (`spawnID`, `map`, `spawnMask`, `modelid`, `equipment_id`, `position_x`, `position_y`, `position_z`, `orientation`, `spawntimesecs`, `spawndist`, `currentwaypoint`, `curhealth`, `curmana`, `MovementType`, `unit_flags`, `pool_id`, `patch_min`, `patch_max`) VALUES ('145308', '530', '1', NULL, '0', '7192.26', '-6990.72', '45.789', '6.11836', '120', '15', '0', '0', '0', '1', '0', '0', '0', '10');
INSERT INTO spawn_group (`groupId`, `spawnType`, `spawnId`) VALUES ('2', '0', '145308');
INSERT INTO creature_entry (`spawnID`, `entry`) VALUES ('145309', '16354');
INSERT INTO creature (`spawnID`, `map`, `spawnMask`, `modelid`, `equipment_id`, `position_x`, `position_y`, `position_z`, `orientation`, `spawntimesecs`, `spawndist`, `currentwaypoint`, `curhealth`, `curmana`, `MovementType`, `unit_flags`, `pool_id`, `patch_min`, `patch_max`) VALUES ('145309', '530', '1', NULL, '0', '7297.3', '-6952.89', '48.2297', '0.0410327', '120', '15', '0', '0', '0', '1', '0', '0', '0', '10');
INSERT INTO spawn_group (`groupId`, `spawnType`, `spawnId`) VALUES ('2', '0', '145309');
INSERT INTO creature_entry (`spawnID`, `entry`) VALUES ('145310', '16354');
INSERT INTO creature (`spawnID`, `map`, `spawnMask`, `modelid`, `equipment_id`, `position_x`, `position_y`, `position_z`, `orientation`, `spawntimesecs`, `spawndist`, `currentwaypoint`, `curhealth`, `curmana`, `MovementType`, `unit_flags`, `pool_id`, `patch_min`, `patch_max`) VALUES ('145310', '530', '1', NULL, '0', '7256.27', '-6915.92', '49.0198', '6.27537', '120', '15', '0', '0', '0', '1', '0', '0', '0', '10');
INSERT INTO spawn_group (`groupId`, `spawnType`, `spawnId`) VALUES ('2', '0', '145310');
INSERT INTO creature_entry (`spawnID`, `entry`) VALUES ('145311', '16354');
INSERT INTO creature (`spawnID`, `map`, `spawnMask`, `modelid`, `equipment_id`, `position_x`, `position_y`, `position_z`, `orientation`, `spawntimesecs`, `spawndist`, `currentwaypoint`, `curhealth`, `curmana`, `MovementType`, `unit_flags`, `pool_id`, `patch_min`, `patch_max`) VALUES ('145311', '530', '1', NULL, '0', '7100.77', '-6852.03', '48.5079', '3.59432', '120', '15', '0', '0', '0', '1', '0', '0', '0', '10');
INSERT INTO spawn_group (`groupId`, `spawnType`, `spawnId`) VALUES ('2', '0', '145311');
INSERT INTO creature_entry (`spawnID`, `entry`) VALUES ('145312', '16354');
INSERT INTO creature (`spawnID`, `map`, `spawnMask`, `modelid`, `equipment_id`, `position_x`, `position_y`, `position_z`, `orientation`, `spawntimesecs`, `spawndist`, `currentwaypoint`, `curhealth`, `curmana`, `MovementType`, `unit_flags`, `pool_id`, `patch_min`, `patch_max`) VALUES ('145312', '530', '1', NULL, '0', '7115.03', '-6797.6', '43.9577', '4.8939', '120', '15', '0', '0', '0', '1', '0', '0', '0', '10');
INSERT INTO spawn_group (`groupId`, `spawnType`, `spawnId`) VALUES ('2', '0', '145312');
INSERT INTO creature_entry (`spawnID`, `entry`) VALUES ('145313', '16354');
INSERT INTO creature (`spawnID`, `map`, `spawnMask`, `modelid`, `equipment_id`, `position_x`, `position_y`, `position_z`, `orientation`, `spawntimesecs`, `spawndist`, `currentwaypoint`, `curhealth`, `curmana`, `MovementType`, `unit_flags`, `pool_id`, `patch_min`, `patch_max`) VALUES ('145313', '530', '1', NULL, '0', '7046.08', '-6001', '5.37374', '1.708', '120', '15', '0', '0', '0', '1', '0', '0', '0', '10');
INSERT INTO spawn_group (`groupId`, `spawnType`, `spawnId`) VALUES ('2', '0', '145313');
INSERT INTO creature_entry (`spawnID`, `entry`) VALUES ('145314', '16354');
INSERT INTO creature (`spawnID`, `map`, `spawnMask`, `modelid`, `equipment_id`, `position_x`, `position_y`, `position_z`, `orientation`, `spawntimesecs`, `spawndist`, `currentwaypoint`, `curhealth`, `curmana`, `MovementType`, `unit_flags`, `pool_id`, `patch_min`, `patch_max`) VALUES ('145314', '530', '1', NULL, '0', '7657.63', '-7820.12', '155.019', '0.00781234', '120', '15', '0', '0', '0', '1', '0', '0', '0', '10');
INSERT INTO spawn_group (`groupId`, `spawnType`, `spawnId`) VALUES ('2', '0', '145314');
INSERT INTO creature_entry (`spawnID`, `entry`) VALUES ('145315', '16354');
INSERT INTO creature (`spawnID`, `map`, `spawnMask`, `modelid`, `equipment_id`, `position_x`, `position_y`, `position_z`, `orientation`, `spawntimesecs`, `spawndist`, `currentwaypoint`, `curhealth`, `curmana`, `MovementType`, `unit_flags`, `pool_id`, `patch_min`, `patch_max`) VALUES ('145315', '530', '1', NULL, '0', '7625.62', '-7846.14', '163.403', '4.01361', '120', '15', '0', '0', '0', '1', '0', '0', '0', '10');
INSERT INTO spawn_group (`groupId`, `spawnType`, `spawnId`) VALUES ('2', '0', '145315');
INSERT INTO creature_entry (`spawnID`, `entry`) VALUES ('145316', '16354');
INSERT INTO creature (`spawnID`, `map`, `spawnMask`, `modelid`, `equipment_id`, `position_x`, `position_y`, `position_z`, `orientation`, `spawntimesecs`, `spawndist`, `currentwaypoint`, `curhealth`, `curmana`, `MovementType`, `unit_flags`, `pool_id`, `patch_min`, `patch_max`) VALUES ('145316', '530', '1', NULL, '0', '7122.2', '-7253.34', '46.5706', '5.71405', '120', '15', '0', '0', '0', '1', '0', '0', '0', '10');
INSERT INTO spawn_group (`groupId`, `spawnType`, `spawnId`) VALUES ('2', '0', '145316');
INSERT INTO creature_entry (`spawnID`, `entry`) VALUES ('145317', '16354');
INSERT INTO creature (`spawnID`, `map`, `spawnMask`, `modelid`, `equipment_id`, `position_x`, `position_y`, `position_z`, `orientation`, `spawntimesecs`, `spawndist`, `currentwaypoint`, `curhealth`, `curmana`, `MovementType`, `unit_flags`, `pool_id`, `patch_min`, `patch_max`) VALUES ('145317', '530', '1', NULL, '0', '7217.57', '-6982.36', '45.426', '2.6193', '120', '15', '0', '0', '0', '1', '0', '0', '0', '10');
INSERT INTO spawn_group (`groupId`, `spawnType`, `spawnId`) VALUES ('2', '0', '145317');
INSERT INTO creature_entry (`spawnID`, `entry`) VALUES ('145318', '16354');
INSERT INTO creature (`spawnID`, `map`, `spawnMask`, `modelid`, `equipment_id`, `position_x`, `position_y`, `position_z`, `orientation`, `spawntimesecs`, `spawndist`, `currentwaypoint`, `curhealth`, `curmana`, `MovementType`, `unit_flags`, `pool_id`, `patch_min`, `patch_max`) VALUES ('145318', '530', '1', NULL, '0', '7117.63', '-7009.64', '45.961', '1.38509', '120', '15', '0', '0', '0', '1', '0', '0', '0', '10');
INSERT INTO spawn_group (`groupId`, `spawnType`, `spawnId`) VALUES ('2', '0', '145318');
INSERT INTO creature_entry (`spawnID`, `entry`) VALUES ('145319', '16354');
INSERT INTO creature (`spawnID`, `map`, `spawnMask`, `modelid`, `equipment_id`, `position_x`, `position_y`, `position_z`, `orientation`, `spawntimesecs`, `spawndist`, `currentwaypoint`, `curhealth`, `curmana`, `MovementType`, `unit_flags`, `pool_id`, `patch_min`, `patch_max`) VALUES ('145319', '530', '1', NULL, '0', '7166.29', '-6976.54', '44.8732', '4.9512', '120', '15', '0', '0', '0', '1', '0', '0', '0', '10');
INSERT INTO spawn_group (`groupId`, `spawnType`, `spawnId`) VALUES ('2', '0', '145319');
INSERT INTO creature_entry (`spawnID`, `entry`) VALUES ('145320', '16354');
INSERT INTO creature (`spawnID`, `map`, `spawnMask`, `modelid`, `equipment_id`, `position_x`, `position_y`, `position_z`, `orientation`, `spawntimesecs`, `spawndist`, `currentwaypoint`, `curhealth`, `curmana`, `MovementType`, `unit_flags`, `pool_id`, `patch_min`, `patch_max`) VALUES ('145320', '530', '1', NULL, '0', '7312.73', '-6912.88', '50.6319', '4.52572', '120', '15', '0', '0', '0', '1', '0', '0', '0', '10');
INSERT INTO spawn_group (`groupId`, `spawnType`, `spawnId`) VALUES ('2', '0', '145320');
INSERT INTO creature_entry (`spawnID`, `entry`) VALUES ('145321', '16354');
INSERT INTO creature (`spawnID`, `map`, `spawnMask`, `modelid`, `equipment_id`, `position_x`, `position_y`, `position_z`, `orientation`, `spawntimesecs`, `spawndist`, `currentwaypoint`, `curhealth`, `curmana`, `MovementType`, `unit_flags`, `pool_id`, `patch_min`, `patch_max`) VALUES ('145321', '530', '1', NULL, '0', '7320.77', '-6873.55', '46.6525', '4.47973', '120', '15', '0', '0', '0', '1', '0', '0', '0', '10');
INSERT INTO spawn_group (`groupId`, `spawnType`, `spawnId`) VALUES ('2', '0', '145321');
INSERT INTO creature_entry (`spawnID`, `entry`) VALUES ('145322', '16354');
INSERT INTO creature (`spawnID`, `map`, `spawnMask`, `modelid`, `equipment_id`, `position_x`, `position_y`, `position_z`, `orientation`, `spawntimesecs`, `spawndist`, `currentwaypoint`, `curhealth`, `curmana`, `MovementType`, `unit_flags`, `pool_id`, `patch_min`, `patch_max`) VALUES ('145322', '530', '1', NULL, '0', '7280.37', '-6883.92', '46.7214', '2.94094', '120', '15', '0', '0', '0', '1', '0', '0', '0', '10');
INSERT INTO spawn_group (`groupId`, `spawnType`, `spawnId`) VALUES ('2', '0', '145322');
INSERT INTO creature_entry (`spawnID`, `entry`) VALUES ('145323', '16354');
INSERT INTO creature (`spawnID`, `map`, `spawnMask`, `modelid`, `equipment_id`, `position_x`, `position_y`, `position_z`, `orientation`, `spawntimesecs`, `spawndist`, `currentwaypoint`, `curhealth`, `curmana`, `MovementType`, `unit_flags`, `pool_id`, `patch_min`, `patch_max`) VALUES ('145323', '530', '1', NULL, '0', '7311.56', '-6785.89', '42.1341', '3.17088', '120', '15', '0', '0', '0', '1', '0', '0', '0', '10');
INSERT INTO spawn_group (`groupId`, `spawnType`, `spawnId`) VALUES ('2', '0', '145323');
INSERT INTO creature_entry (`spawnID`, `entry`) VALUES ('145324', '16354');
INSERT INTO creature (`spawnID`, `map`, `spawnMask`, `modelid`, `equipment_id`, `position_x`, `position_y`, `position_z`, `orientation`, `spawntimesecs`, `spawndist`, `currentwaypoint`, `curhealth`, `curmana`, `MovementType`, `unit_flags`, `pool_id`, `patch_min`, `patch_max`) VALUES ('145324', '530', '1', NULL, '0', '7346.64', '-6818.58', '45.9206', '3.94902', '120', '15', '0', '0', '0', '1', '0', '0', '0', '10');
INSERT INTO spawn_group (`groupId`, `spawnType`, `spawnId`) VALUES ('2', '0', '145324');
INSERT INTO creature_entry (`spawnID`, `entry`) VALUES ('145325', '16354');
INSERT INTO creature (`spawnID`, `map`, `spawnMask`, `modelid`, `equipment_id`, `position_x`, `position_y`, `position_z`, `orientation`, `spawntimesecs`, `spawndist`, `currentwaypoint`, `curhealth`, `curmana`, `MovementType`, `unit_flags`, `pool_id`, `patch_min`, `patch_max`) VALUES ('145325', '530', '1', NULL, '0', '7288.74', '-6849.5', '44.2588', '4.88265', '120', '15', '0', '0', '0', '1', '0', '0', '0', '10');
INSERT INTO spawn_group (`groupId`, `spawnType`, `spawnId`) VALUES ('2', '0', '145325');
INSERT INTO creature_entry (`spawnID`, `entry`) VALUES ('145326', '16354');
INSERT INTO creature (`spawnID`, `map`, `spawnMask`, `modelid`, `equipment_id`, `position_x`, `position_y`, `position_z`, `orientation`, `spawntimesecs`, `spawndist`, `currentwaypoint`, `curhealth`, `curmana`, `MovementType`, `unit_flags`, `pool_id`, `patch_min`, `patch_max`) VALUES ('145326', '530', '1', NULL, '0', '7377.23', '-6753.98', '31.6896', '0.0312704', '120', '15', '0', '0', '0', '1', '0', '0', '0', '10');
INSERT INTO spawn_group (`groupId`, `spawnType`, `spawnId`) VALUES ('2', '0', '145326');
INSERT INTO creature_entry (`spawnID`, `entry`) VALUES ('145327', '16354');
INSERT INTO creature (`spawnID`, `map`, `spawnMask`, `modelid`, `equipment_id`, `position_x`, `position_y`, `position_z`, `orientation`, `spawntimesecs`, `spawndist`, `currentwaypoint`, `curhealth`, `curmana`, `MovementType`, `unit_flags`, `pool_id`, `patch_min`, `patch_max`) VALUES ('145327', '530', '1', NULL, '0', '7416.6', '-6716.58', '28.3084', '0.737027', '120', '15', '0', '0', '0', '1', '0', '0', '0', '10');
INSERT INTO spawn_group (`groupId`, `spawnType`, `spawnId`) VALUES ('2', '0', '145327');
INSERT INTO creature_entry (`spawnID`, `entry`) VALUES ('145328', '16354');
INSERT INTO creature (`spawnID`, `map`, `spawnMask`, `modelid`, `equipment_id`, `position_x`, `position_y`, `position_z`, `orientation`, `spawntimesecs`, `spawndist`, `currentwaypoint`, `curhealth`, `curmana`, `MovementType`, `unit_flags`, `pool_id`, `patch_min`, `patch_max`) VALUES ('145328', '530', '1', NULL, '0', '7353.33', '-6720.05', '30.602', '2.3997', '120', '15', '0', '0', '0', '1', '0', '0', '0', '10');
INSERT INTO spawn_group (`groupId`, `spawnType`, `spawnId`) VALUES ('2', '0', '145328');
INSERT INTO creature_entry (`spawnID`, `entry`) VALUES ('145329', '16354');
INSERT INTO creature (`spawnID`, `map`, `spawnMask`, `modelid`, `equipment_id`, `position_x`, `position_y`, `position_z`, `orientation`, `spawntimesecs`, `spawndist`, `currentwaypoint`, `curhealth`, `curmana`, `MovementType`, `unit_flags`, `pool_id`, `patch_min`, `patch_max`) VALUES ('145329', '530', '1', NULL, '0', '7259.75', '-6787.56', '40.8468', '6.2011', '120', '15', '0', '0', '0', '1', '0', '0', '0', '10');
INSERT INTO spawn_group (`groupId`, `spawnType`, `spawnId`) VALUES ('2', '0', '145329');
INSERT INTO creature_entry (`spawnID`, `entry`) VALUES ('145330', '16354');
INSERT INTO creature (`spawnID`, `map`, `spawnMask`, `modelid`, `equipment_id`, `position_x`, `position_y`, `position_z`, `orientation`, `spawntimesecs`, `spawndist`, `currentwaypoint`, `curhealth`, `curmana`, `MovementType`, `unit_flags`, `pool_id`, `patch_min`, `patch_max`) VALUES ('145330', '530', '1', NULL, '0', '7108.94', '-6779.33', '39.9653', '5.70927', '120', '15', '0', '0', '0', '1', '0', '0', '0', '10');
INSERT INTO spawn_group (`groupId`, `spawnType`, `spawnId`) VALUES ('2', '0', '145330');
INSERT INTO creature_entry (`spawnID`, `entry`) VALUES ('145331', '16354');
INSERT INTO creature (`spawnID`, `map`, `spawnMask`, `modelid`, `equipment_id`, `position_x`, `position_y`, `position_z`, `orientation`, `spawntimesecs`, `spawndist`, `currentwaypoint`, `curhealth`, `curmana`, `MovementType`, `unit_flags`, `pool_id`, `patch_min`, `patch_max`) VALUES ('145331', '530', '1', NULL, '0', '7133.71', '-6917.99', '50.8342', '2.89306', '120', '15', '0', '0', '0', '1', '0', '0', '0', '10');
INSERT INTO spawn_group (`groupId`, `spawnType`, `spawnId`) VALUES ('2', '0', '145331');
DELETE ce, c1, c2, sg FROM creature_entry ce LEFT JOIN conditions c1 ON c1.ConditionTypeOrReference = 31 AND c1.ConditionValue1 = 3 AND c1.ConditionValue3 = 1081817 LEFT JOIN conditions c2 ON c2.SourceTypeOrReferenceId = 22 AND c2.SourceId = 0 AND c1.SourceEntry = -1081817 LEFT JOIN spawn_group sg ON sg.spawnId = 1081817 AND spawnType = 0 WHERE ce.spawnID = 1081817;
DELETE ce, c1, c2, sg FROM creature_entry ce LEFT JOIN conditions c1 ON c1.ConditionTypeOrReference = 31 AND c1.ConditionValue1 = 3 AND c1.ConditionValue3 = 1081966 LEFT JOIN conditions c2 ON c2.SourceTypeOrReferenceId = 22 AND c2.SourceId = 0 AND c1.SourceEntry = -1081966 LEFT JOIN spawn_group sg ON sg.spawnId = 1081966 AND spawnType = 0 WHERE ce.spawnID = 1081966;


-- Importing creature spawn with guid 81905 with import type REPLACE_ALL


-- Importing creature spawn with guid 81910 with import type REPLACE_ALL


-- Importing creature spawn with guid 81918 with import type REPLACE_ALL


-- Importing creature spawn with guid 81920 with import type REPLACE_ALL
INSERT INTO creature_entry (`spawnID`, `entry`) VALUES ('145281', '16348');
INSERT INTO creature (`spawnID`, `map`, `spawnMask`, `modelid`, `equipment_id`, `position_x`, `position_y`, `position_z`, `orientation`, `spawntimesecs`, `spawndist`, `currentwaypoint`, `curhealth`, `curmana`, `MovementType`, `unit_flags`, `pool_id`, `patch_min`, `patch_max`) VALUES ('145281', '530', '1', NULL, '0', '7063.47', '-7130.53', '46.0153', '6.20499', '120', '15', '0', '0', '0', '1', '0', '0', '0', '10');
INSERT INTO spawn_group (`groupId`, `spawnType`, `spawnId`) VALUES ('2', '0', '145281');
INSERT INTO creature_entry (`spawnID`, `entry`) VALUES ('145282', '16348');
INSERT INTO creature (`spawnID`, `map`, `spawnMask`, `modelid`, `equipment_id`, `position_x`, `position_y`, `position_z`, `orientation`, `spawntimesecs`, `spawndist`, `currentwaypoint`, `curhealth`, `curmana`, `MovementType`, `unit_flags`, `pool_id`, `patch_min`, `patch_max`) VALUES ('145282', '530', '1', NULL, '0', '7284.16', '-6991.96', '49.6946', '1.44353', '120', '15', '0', '0', '0', '1', '0', '0', '0', '10');
INSERT INTO spawn_group (`groupId`, `spawnType`, `spawnId`) VALUES ('2', '0', '145282');
INSERT INTO creature_entry (`spawnID`, `entry`) VALUES ('145283', '16348');
INSERT INTO creature (`spawnID`, `map`, `spawnMask`, `modelid`, `equipment_id`, `position_x`, `position_y`, `position_z`, `orientation`, `spawntimesecs`, `spawndist`, `currentwaypoint`, `curhealth`, `curmana`, `MovementType`, `unit_flags`, `pool_id`, `patch_min`, `patch_max`) VALUES ('145283', '530', '1', NULL, '0', '7213.42', '-6959.18', '48.1584', '1.77834', '120', '15', '0', '0', '0', '1', '0', '0', '0', '10');
INSERT INTO spawn_group (`groupId`, `spawnType`, `spawnId`) VALUES ('2', '0', '145283');
INSERT INTO creature_entry (`spawnID`, `entry`) VALUES ('145284', '16348');
INSERT INTO creature (`spawnID`, `map`, `spawnMask`, `modelid`, `equipment_id`, `position_x`, `position_y`, `position_z`, `orientation`, `spawntimesecs`, `spawndist`, `currentwaypoint`, `curhealth`, `curmana`, `MovementType`, `unit_flags`, `pool_id`, `patch_min`, `patch_max`) VALUES ('145284', '530', '1', NULL, '0', '7250.1', '-6969.17', '47.6187', '1.98634', '120', '15', '0', '0', '0', '1', '0', '0', '0', '10');
INSERT INTO spawn_group (`groupId`, `spawnType`, `spawnId`) VALUES ('2', '0', '145284');
INSERT INTO creature_entry (`spawnID`, `entry`) VALUES ('145285', '16348');
INSERT INTO creature (`spawnID`, `map`, `spawnMask`, `modelid`, `equipment_id`, `position_x`, `position_y`, `position_z`, `orientation`, `spawntimesecs`, `spawndist`, `currentwaypoint`, `curhealth`, `curmana`, `MovementType`, `unit_flags`, `pool_id`, `patch_min`, `patch_max`) VALUES ('145285', '530', '1', NULL, '0', '7050.62', '-6915.43', '49.3716', '2.73385', '120', '15', '0', '0', '0', '1', '0', '0', '0', '10');
INSERT INTO spawn_group (`groupId`, `spawnType`, `spawnId`) VALUES ('2', '0', '145285');
INSERT INTO creature_entry (`spawnID`, `entry`) VALUES ('145286', '16348');
INSERT INTO creature (`spawnID`, `map`, `spawnMask`, `modelid`, `equipment_id`, `position_x`, `position_y`, `position_z`, `orientation`, `spawntimesecs`, `spawndist`, `currentwaypoint`, `curhealth`, `curmana`, `MovementType`, `unit_flags`, `pool_id`, `patch_min`, `patch_max`) VALUES ('145286', '530', '1', NULL, '0', '7451.22', '-7814.88', '147.906', '3.89937', '120', '15', '0', '0', '0', '1', '0', '0', '0', '10');
INSERT INTO spawn_group (`groupId`, `spawnType`, `spawnId`) VALUES ('2', '0', '145286');
INSERT INTO creature_entry (`spawnID`, `entry`) VALUES ('145287', '16348');
INSERT INTO creature (`spawnID`, `map`, `spawnMask`, `modelid`, `equipment_id`, `position_x`, `position_y`, `position_z`, `orientation`, `spawntimesecs`, `spawndist`, `currentwaypoint`, `curhealth`, `curmana`, `MovementType`, `unit_flags`, `pool_id`, `patch_min`, `patch_max`) VALUES ('145287', '530', '1', NULL, '0', '7396.96', '-7735.42', '126.781', '2.59045', '120', '15', '0', '0', '0', '1', '0', '0', '0', '10');
INSERT INTO spawn_group (`groupId`, `spawnType`, `spawnId`) VALUES ('2', '0', '145287');
INSERT INTO creature_entry (`spawnID`, `entry`) VALUES ('145288', '16348');
INSERT INTO creature (`spawnID`, `map`, `spawnMask`, `modelid`, `equipment_id`, `position_x`, `position_y`, `position_z`, `orientation`, `spawntimesecs`, `spawndist`, `currentwaypoint`, `curhealth`, `curmana`, `MovementType`, `unit_flags`, `pool_id`, `patch_min`, `patch_max`) VALUES ('145288', '530', '1', NULL, '0', '7340.8', '-7687.29', '114.723', '0.212526', '120', '15', '0', '0', '0', '1', '0', '0', '0', '10');
INSERT INTO spawn_group (`groupId`, `spawnType`, `spawnId`) VALUES ('2', '0', '145288');
INSERT INTO creature_entry (`spawnID`, `entry`) VALUES ('145289', '16348');
INSERT INTO creature (`spawnID`, `map`, `spawnMask`, `modelid`, `equipment_id`, `position_x`, `position_y`, `position_z`, `orientation`, `spawntimesecs`, `spawndist`, `currentwaypoint`, `curhealth`, `curmana`, `MovementType`, `unit_flags`, `pool_id`, `patch_min`, `patch_max`) VALUES ('145289', '530', '1', NULL, '0', '7183.24', '-7268.51', '46.1584', '4.73973', '120', '15', '0', '0', '0', '1', '0', '0', '0', '10');
INSERT INTO spawn_group (`groupId`, `spawnType`, `spawnId`) VALUES ('2', '0', '145289');
INSERT INTO creature_entry (`spawnID`, `entry`) VALUES ('145290', '16348');
INSERT INTO creature (`spawnID`, `map`, `spawnMask`, `modelid`, `equipment_id`, `position_x`, `position_y`, `position_z`, `orientation`, `spawntimesecs`, `spawndist`, `currentwaypoint`, `curhealth`, `curmana`, `MovementType`, `unit_flags`, `pool_id`, `patch_min`, `patch_max`) VALUES ('145290', '530', '1', NULL, '0', '7229.55', '-7256.01', '50.4955', '3.41385', '120', '15', '0', '0', '0', '1', '0', '0', '0', '10');
INSERT INTO spawn_group (`groupId`, `spawnType`, `spawnId`) VALUES ('2', '0', '145290');
INSERT INTO creature_entry (`spawnID`, `entry`) VALUES ('145291', '16348');
INSERT INTO creature (`spawnID`, `map`, `spawnMask`, `modelid`, `equipment_id`, `position_x`, `position_y`, `position_z`, `orientation`, `spawntimesecs`, `spawndist`, `currentwaypoint`, `curhealth`, `curmana`, `MovementType`, `unit_flags`, `pool_id`, `patch_min`, `patch_max`) VALUES ('145291', '530', '1', NULL, '0', '7087.5', '-7228.65', '47.8373', '2.82059', '120', '15', '0', '0', '0', '1', '0', '0', '0', '10');
INSERT INTO spawn_group (`groupId`, `spawnType`, `spawnId`) VALUES ('2', '0', '145291');
INSERT INTO creature_entry (`spawnID`, `entry`) VALUES ('145292', '16348');
INSERT INTO creature (`spawnID`, `map`, `spawnMask`, `modelid`, `equipment_id`, `position_x`, `position_y`, `position_z`, `orientation`, `spawntimesecs`, `spawndist`, `currentwaypoint`, `curhealth`, `curmana`, `MovementType`, `unit_flags`, `pool_id`, `patch_min`, `patch_max`) VALUES ('145292', '530', '1', NULL, '0', '7216.22', '-6980.54', '45.2154', '2.60234', '120', '15', '0', '0', '0', '1', '0', '0', '0', '10');
INSERT INTO spawn_group (`groupId`, `spawnType`, `spawnId`) VALUES ('2', '0', '145292');
INSERT INTO creature_entry (`spawnID`, `entry`) VALUES ('145293', '16348');
INSERT INTO creature (`spawnID`, `map`, `spawnMask`, `modelid`, `equipment_id`, `position_x`, `position_y`, `position_z`, `orientation`, `spawntimesecs`, `spawndist`, `currentwaypoint`, `curhealth`, `curmana`, `MovementType`, `unit_flags`, `pool_id`, `patch_min`, `patch_max`) VALUES ('145293', '530', '1', NULL, '0', '7314.21', '-6966.18', '50.0986', '1.60789', '120', '15', '0', '0', '0', '1', '0', '0', '0', '10');
INSERT INTO spawn_group (`groupId`, `spawnType`, `spawnId`) VALUES ('2', '0', '145293');
INSERT INTO creature_entry (`spawnID`, `entry`) VALUES ('145294', '16348');
INSERT INTO creature (`spawnID`, `map`, `spawnMask`, `modelid`, `equipment_id`, `position_x`, `position_y`, `position_z`, `orientation`, `spawntimesecs`, `spawndist`, `currentwaypoint`, `curhealth`, `curmana`, `MovementType`, `unit_flags`, `pool_id`, `patch_min`, `patch_max`) VALUES ('145294', '530', '1', NULL, '0', '7330.7', '-6964.01', '48.6169', '2.42973', '120', '15', '0', '0', '0', '1', '0', '0', '0', '10');
INSERT INTO spawn_group (`groupId`, `spawnType`, `spawnId`) VALUES ('2', '0', '145294');
INSERT INTO creature_entry (`spawnID`, `entry`) VALUES ('145295', '16348');
INSERT INTO creature (`spawnID`, `map`, `spawnMask`, `modelid`, `equipment_id`, `position_x`, `position_y`, `position_z`, `orientation`, `spawntimesecs`, `spawndist`, `currentwaypoint`, `curhealth`, `curmana`, `MovementType`, `unit_flags`, `pool_id`, `patch_min`, `patch_max`) VALUES ('145295', '530', '1', NULL, '0', '7381.19', '-6840.76', '49.0955', '5.20309', '120', '15', '0', '0', '0', '1', '0', '0', '0', '10');
INSERT INTO spawn_group (`groupId`, `spawnType`, `spawnId`) VALUES ('2', '0', '145295');
INSERT INTO creature_entry (`spawnID`, `entry`) VALUES ('145296', '16348');
INSERT INTO creature (`spawnID`, `map`, `spawnMask`, `modelid`, `equipment_id`, `position_x`, `position_y`, `position_z`, `orientation`, `spawntimesecs`, `spawndist`, `currentwaypoint`, `curhealth`, `curmana`, `MovementType`, `unit_flags`, `pool_id`, `patch_min`, `patch_max`) VALUES ('145296', '530', '1', NULL, '0', '7338.63', '-6880.21', '47.7413', '3.2433', '120', '15', '0', '0', '0', '1', '0', '0', '0', '10');
INSERT INTO spawn_group (`groupId`, `spawnType`, `spawnId`) VALUES ('2', '0', '145296');
INSERT INTO creature_entry (`spawnID`, `entry`) VALUES ('145297', '16348');
INSERT INTO creature (`spawnID`, `map`, `spawnMask`, `modelid`, `equipment_id`, `position_x`, `position_y`, `position_z`, `orientation`, `spawntimesecs`, `spawndist`, `currentwaypoint`, `curhealth`, `curmana`, `MovementType`, `unit_flags`, `pool_id`, `patch_min`, `patch_max`) VALUES ('145297', '530', '1', NULL, '0', '7245.96', '-6846.43', '44.4799', '3.10759', '120', '15', '0', '0', '0', '1', '0', '0', '0', '10');
INSERT INTO spawn_group (`groupId`, `spawnType`, `spawnId`) VALUES ('2', '0', '145297');
INSERT INTO creature_entry (`spawnID`, `entry`) VALUES ('145298', '16348');
INSERT INTO creature (`spawnID`, `map`, `spawnMask`, `modelid`, `equipment_id`, `position_x`, `position_y`, `position_z`, `orientation`, `spawntimesecs`, `spawndist`, `currentwaypoint`, `curhealth`, `curmana`, `MovementType`, `unit_flags`, `pool_id`, `patch_min`, `patch_max`) VALUES ('145298', '530', '1', NULL, '0', '7271.94', '-6770.04', '41.2309', '3.76634', '120', '15', '0', '0', '0', '1', '0', '0', '0', '10');
INSERT INTO spawn_group (`groupId`, `spawnType`, `spawnId`) VALUES ('2', '0', '145298');
INSERT INTO creature_entry (`spawnID`, `entry`) VALUES ('145299', '16348');
INSERT INTO creature (`spawnID`, `map`, `spawnMask`, `modelid`, `equipment_id`, `position_x`, `position_y`, `position_z`, `orientation`, `spawntimesecs`, `spawndist`, `currentwaypoint`, `curhealth`, `curmana`, `MovementType`, `unit_flags`, `pool_id`, `patch_min`, `patch_max`) VALUES ('145299', '530', '1', NULL, '0', '7214.61', '-6826.91', '47.0609', '1.65686', '120', '15', '0', '0', '0', '1', '0', '0', '0', '10');
INSERT INTO spawn_group (`groupId`, `spawnType`, `spawnId`) VALUES ('2', '0', '145299');


-- Importing creature spawn with guid 81924 with import type REPLACE_ALL


-- Importing creature spawn with guid 81925 with import type REPLACE_ALL


-- Importing creature spawn with guid 81926 with import type REPLACE_ALL


-- Importing creature spawn with guid 81927 with import type REPLACE_ALL


-- Importing creature spawn with guid 81930 with import type REPLACE_ALL


-- Importing creature spawn with guid 81931 with import type REPLACE_ALL


-- Importing creature spawn with guid 81932 with import type REPLACE_ALL


-- Importing creature spawn with guid 81933 with import type REPLACE_ALL


-- Importing creature spawn with guid 81934 with import type REPLACE_ALL


-- Importing creature spawn with guid 81935 with import type REPLACE_ALL


-- Importing creature spawn with guid 81936 with import type REPLACE_ALL


-- Importing creature spawn with guid 81939 with import type REPLACE_ALL


-- Importing creature spawn with guid 81940 with import type REPLACE_ALL


-- Importing creature spawn with guid 81941 with import type REPLACE_ALL


-- Importing creature spawn with guid 81946 with import type REPLACE_ALL


-- Importing creature spawn with guid 81970 with import type REPLACE_ALL


-- Importing creature spawn with guid 81987 with import type REPLACE_ALL


-- Importing creature spawn with guid 81991 with import type REPLACE_ALL


-- Importing creature spawn with guid 81994 with import type REPLACE_ALL


-- Importing creature spawn with guid 81995 with import type REPLACE_ALL


-- Importing creature spawn with guid 81996 with import type REPLACE_ALL


-- Importing creature spawn with guid 82004 with import type REPLACE_ALL


-- Importing creature spawn with guid 82005 with import type REPLACE_ALL


-- Importing creature spawn with guid 82008 with import type REPLACE_ALL


-- Importing creature spawn with guid 82010 with import type REPLACE_ALL


-- Importing creature spawn with guid 82011 with import type REPLACE_ALL


-- Importing creature spawn with guid 82012 with import type REPLACE_ALL


-- Importing creature spawn with guid 82013 with import type REPLACE_ALL


-- Importing creature spawn with guid 82301 with import type REPLACE_ALL


-- Importing creature spawn with guid 82316 with import type REPLACE_ALL


-- Importing creature spawn with guid 82341 with import type REPLACE_ALL


-- Importing creature spawn with guid 82355 with import type REPLACE_ALL


-- Importing creature spawn with guid 82356 with import type REPLACE_ALL


-- Importing creature spawn with guid 82372 with import type REPLACE_ALL


-- Importing creature spawn with guid 82375 with import type REPLACE_ALL


-- Importing creature spawn with guid 82376 with import type REPLACE_ALL


-- Importing creature spawn with guid 82378 with import type REPLACE_ALL


-- Importing creature spawn with guid 82380 with import type REPLACE_ALL


-- Importing creature spawn with guid 82388 with import type REPLACE_ALL


-- Importing creature spawn with guid 82390 with import type REPLACE_ALL


-- Importing creature spawn with guid 82394 with import type REPLACE_ALL


-- Importing creature spawn with guid 82395 with import type REPLACE_ALL


-- Importing creature spawn with guid 82396 with import type REPLACE_ALL


-- Importing creature spawn with guid 82397 with import type REPLACE_ALL


-- Importing creature spawn with guid 82413 with import type REPLACE_ALL


-- Importing creature spawn with guid 82426 with import type REPLACE_ALL


-- Importing creature spawn with guid 82439 with import type REPLACE_ALL
INSERT INTO creature_entry (`spawnID`, `entry`) VALUES ('110738', '16030');
-- Has LK modelid 9904 already in creature template, set to 0.
INSERT INTO creature (`spawnID`, `map`, `spawnMask`, `modelid`, `equipment_id`, `position_x`, `position_y`, `position_z`, `orientation`, `spawntimesecs`, `spawndist`, `currentwaypoint`, `curhealth`, `curmana`, `MovementType`, `unit_flags`, `pool_id`, `patch_min`, `patch_max`) VALUES ('110738', '571', '1', NULL, '0', '944.027', '-4427.79', '134.863', '1.33103', '300', '8', '0', '8', '0', '1', '0', '0', '5', '10');
INSERT INTO creature_entry (`spawnID`, `entry`) VALUES ('110739', '16030');
-- Has LK modelid 9906 already in creature template, set to 0.
INSERT INTO creature (`spawnID`, `map`, `spawnMask`, `modelid`, `equipment_id`, `position_x`, `position_y`, `position_z`, `orientation`, `spawntimesecs`, `spawndist`, `currentwaypoint`, `curhealth`, `curmana`, `MovementType`, `unit_flags`, `pool_id`, `patch_min`, `patch_max`) VALUES ('110739', '571', '1', NULL, '0', '916.537', '-4465.55', '142.48', '3.60092', '300', '8', '0', '8', '0', '1', '0', '0', '5', '10');
INSERT INTO creature_entry (`spawnID`, `entry`) VALUES ('110740', '16030');
-- Has LK modelid 9904 already in creature template, set to 0.
INSERT INTO creature (`spawnID`, `map`, `spawnMask`, `modelid`, `equipment_id`, `position_x`, `position_y`, `position_z`, `orientation`, `spawntimesecs`, `spawndist`, `currentwaypoint`, `curhealth`, `curmana`, `MovementType`, `unit_flags`, `pool_id`, `patch_min`, `patch_max`) VALUES ('110740', '571', '1', NULL, '0', '948.902', '-4438.43', '139.989', '2.67044', '300', '8', '0', '8', '0', '1', '0', '0', '5', '10');
INSERT INTO creature_entry (`spawnID`, `entry`) VALUES ('110748', '16030');
-- Has LK modelid 9904 already in creature template, set to 0.
INSERT INTO creature (`spawnID`, `map`, `spawnMask`, `modelid`, `equipment_id`, `position_x`, `position_y`, `position_z`, `orientation`, `spawntimesecs`, `spawndist`, `currentwaypoint`, `curhealth`, `curmana`, `MovementType`, `unit_flags`, `pool_id`, `patch_min`, `patch_max`) VALUES ('110748', '571', '1', NULL, '0', '950.838', '-4439.69', '142.489', '3.08928', '300', '8', '0', '8', '0', '1', '0', '0', '5', '10');
INSERT INTO creature_entry (`spawnID`, `entry`) VALUES ('110749', '16030');
-- Has LK modelid 9904 already in creature template, set to 0.
INSERT INTO creature (`spawnID`, `map`, `spawnMask`, `modelid`, `equipment_id`, `position_x`, `position_y`, `position_z`, `orientation`, `spawntimesecs`, `spawndist`, `currentwaypoint`, `curhealth`, `curmana`, `MovementType`, `unit_flags`, `pool_id`, `patch_min`, `patch_max`) VALUES ('110749', '571', '1', NULL, '0', '896.074', '-4435.7', '138.862', '1.85876', '300', '8', '0', '8', '0', '1', '0', '0', '5', '10');
INSERT INTO creature_entry (`spawnID`, `entry`) VALUES ('110750', '16030');
-- Has LK modelid 9906 already in creature template, set to 0.
INSERT INTO creature (`spawnID`, `map`, `spawnMask`, `modelid`, `equipment_id`, `position_x`, `position_y`, `position_z`, `orientation`, `spawntimesecs`, `spawndist`, `currentwaypoint`, `curhealth`, `curmana`, `MovementType`, `unit_flags`, `pool_id`, `patch_min`, `patch_max`) VALUES ('110750', '571', '1', NULL, '0', '897.575', '-4437.25', '138.737', '1.77503', '300', '8', '0', '8', '0', '1', '0', '0', '5', '10');
INSERT INTO creature_entry (`spawnID`, `entry`) VALUES ('110763', '16030');
-- Has LK modelid 9904 already in creature template, set to 0.
INSERT INTO creature (`spawnID`, `map`, `spawnMask`, `modelid`, `equipment_id`, `position_x`, `position_y`, `position_z`, `orientation`, `spawntimesecs`, `spawndist`, `currentwaypoint`, `curhealth`, `curmana`, `MovementType`, `unit_flags`, `pool_id`, `patch_min`, `patch_max`) VALUES ('110763', '571', '1', NULL, '0', '935.47', '-4403.32', '137.324', '2.67983', '300', '8', '0', '8', '0', '1', '0', '0', '5', '10');
INSERT INTO creature_entry (`spawnID`, `entry`) VALUES ('110764', '16030');
-- Has LK modelid 9904 already in creature template, set to 0.
INSERT INTO creature (`spawnID`, `map`, `spawnMask`, `modelid`, `equipment_id`, `position_x`, `position_y`, `position_z`, `orientation`, `spawntimesecs`, `spawndist`, `currentwaypoint`, `curhealth`, `curmana`, `MovementType`, `unit_flags`, `pool_id`, `patch_min`, `patch_max`) VALUES ('110764', '571', '1', NULL, '0', '895.265', '-4440.25', '139.112', '1.88561', '300', '8', '0', '8', '0', '1', '0', '0', '5', '10');
INSERT INTO creature_entry (`spawnID`, `entry`) VALUES ('110765', '16030');
-- Has LK modelid 9906 already in creature template, set to 0.
INSERT INTO creature (`spawnID`, `map`, `spawnMask`, `modelid`, `equipment_id`, `position_x`, `position_y`, `position_z`, `orientation`, `spawntimesecs`, `spawndist`, `currentwaypoint`, `curhealth`, `curmana`, `MovementType`, `unit_flags`, `pool_id`, `patch_min`, `patch_max`) VALUES ('110765', '571', '1', NULL, '0', '895.744', '-4438.84', '138.958', '1.81056', '300', '8', '0', '8', '0', '1', '0', '0', '5', '10');
INSERT INTO creature_entry (`spawnID`, `entry`) VALUES ('110771', '16030');
-- Has LK modelid 9906 already in creature template, set to 0.
INSERT INTO creature (`spawnID`, `map`, `spawnMask`, `modelid`, `equipment_id`, `position_x`, `position_y`, `position_z`, `orientation`, `spawntimesecs`, `spawndist`, `currentwaypoint`, `curhealth`, `curmana`, `MovementType`, `unit_flags`, `pool_id`, `patch_min`, `patch_max`) VALUES ('110771', '571', '1', NULL, '0', '929.921', '-4406.86', '137.119', '4.0437', '300', '8', '0', '8', '0', '1', '0', '0', '5', '10');
INSERT INTO creature_entry (`spawnID`, `entry`) VALUES ('110773', '16030');
-- Has LK modelid 9906 already in creature template, set to 0.
INSERT INTO creature (`spawnID`, `map`, `spawnMask`, `modelid`, `equipment_id`, `position_x`, `position_y`, `position_z`, `orientation`, `spawntimesecs`, `spawndist`, `currentwaypoint`, `curhealth`, `curmana`, `MovementType`, `unit_flags`, `pool_id`, `patch_min`, `patch_max`) VALUES ('110773', '571', '1', NULL, '0', '929.167', '-4409.38', '136.119', '3.03222', '300', '8', '0', '8', '0', '1', '0', '0', '5', '10');
INSERT INTO creature_entry (`spawnID`, `entry`) VALUES ('110774', '16030');
-- Has LK modelid 9906 already in creature template, set to 0.
INSERT INTO creature (`spawnID`, `map`, `spawnMask`, `modelid`, `equipment_id`, `position_x`, `position_y`, `position_z`, `orientation`, `spawntimesecs`, `spawndist`, `currentwaypoint`, `curhealth`, `curmana`, `MovementType`, `unit_flags`, `pool_id`, `patch_min`, `patch_max`) VALUES ('110774', '571', '1', NULL, '0', '921.232', '-4402.45', '139.119', '2.30135', '300', '8', '0', '8', '0', '1', '0', '0', '5', '10');
INSERT INTO creature_entry (`spawnID`, `entry`) VALUES ('128137', '16030');
-- Has LK modelid 9906 already in creature template, set to 0.
INSERT INTO creature (`spawnID`, `map`, `spawnMask`, `modelid`, `equipment_id`, `position_x`, `position_y`, `position_z`, `orientation`, `spawntimesecs`, `spawndist`, `currentwaypoint`, `curhealth`, `curmana`, `MovementType`, `unit_flags`, `pool_id`, `patch_min`, `patch_max`) VALUES ('128137', '533', '3', NULL, '0', '3318', '-3335.55', '292.678', '1.18682', '3600', '8', '0', '8', '0', '1', '0', '0', '0', '10');
INSERT INTO creature_entry (`spawnID`, `entry`) VALUES ('128138', '16030');
-- Has LK modelid 9906 already in creature template, set to 0.
INSERT INTO creature (`spawnID`, `map`, `spawnMask`, `modelid`, `equipment_id`, `position_x`, `position_y`, `position_z`, `orientation`, `spawntimesecs`, `spawndist`, `currentwaypoint`, `curhealth`, `curmana`, `MovementType`, `unit_flags`, `pool_id`, `patch_min`, `patch_max`) VALUES ('128138', '533', '3', NULL, '0', '3320.82', '-3342.62', '292.678', '1.0472', '3600', '8', '0', '8', '0', '1', '0', '0', '0', '10');
INSERT INTO creature_entry (`spawnID`, `entry`) VALUES ('128139', '16030');
-- Has LK modelid 9904 already in creature template, set to 0.
INSERT INTO creature (`spawnID`, `map`, `spawnMask`, `modelid`, `equipment_id`, `position_x`, `position_y`, `position_z`, `orientation`, `spawntimesecs`, `spawndist`, `currentwaypoint`, `curhealth`, `curmana`, `MovementType`, `unit_flags`, `pool_id`, `patch_min`, `patch_max`) VALUES ('128139', '533', '3', NULL, '0', '3315.06', '-3348.81', '292.678', '3.05433', '3600', '8', '0', '8', '0', '1', '0', '0', '0', '10');
INSERT INTO creature_entry (`spawnID`, `entry`) VALUES ('128140', '16030');
-- Has LK modelid 9906 already in creature template, set to 0.
INSERT INTO creature (`spawnID`, `map`, `spawnMask`, `modelid`, `equipment_id`, `position_x`, `position_y`, `position_z`, `orientation`, `spawntimesecs`, `spawndist`, `currentwaypoint`, `curhealth`, `curmana`, `MovementType`, `unit_flags`, `pool_id`, `patch_min`, `patch_max`) VALUES ('128140', '533', '3', NULL, '0', '3306.47', '-3347.18', '292.678', '0.698132', '3600', '8', '0', '8', '0', '1', '0', '0', '0', '10');
INSERT INTO creature_entry (`spawnID`, `entry`) VALUES ('128141', '16030');
-- Has LK modelid 9904 already in creature template, set to 0.
INSERT INTO creature (`spawnID`, `map`, `spawnMask`, `modelid`, `equipment_id`, `position_x`, `position_y`, `position_z`, `orientation`, `spawntimesecs`, `spawndist`, `currentwaypoint`, `curhealth`, `curmana`, `MovementType`, `unit_flags`, `pool_id`, `patch_min`, `patch_max`) VALUES ('128141', '533', '3', NULL, '0', '3313.49', '-3340.97', '292.678', '0.401426', '3600', '8', '0', '8', '0', '1', '0', '0', '0', '10');
INSERT INTO creature_entry (`spawnID`, `entry`) VALUES ('128142', '16030');
-- Has LK modelid 9906 already in creature template, set to 0.
INSERT INTO creature (`spawnID`, `map`, `spawnMask`, `modelid`, `equipment_id`, `position_x`, `position_y`, `position_z`, `orientation`, `spawntimesecs`, `spawndist`, `currentwaypoint`, `curhealth`, `curmana`, `MovementType`, `unit_flags`, `pool_id`, `patch_min`, `patch_max`) VALUES ('128142', '533', '3', NULL, '0', '3038.89', '-3474.74', '298.216', '4.69145', '3600', '8', '0', '8', '0', '1', '0', '0', '0', '10');
INSERT INTO creature_entry (`spawnID`, `entry`) VALUES ('128143', '16030');
-- Has LK modelid 9904 already in creature template, set to 0.
INSERT INTO creature (`spawnID`, `map`, `spawnMask`, `modelid`, `equipment_id`, `position_x`, `position_y`, `position_z`, `orientation`, `spawntimesecs`, `spawndist`, `currentwaypoint`, `curhealth`, `curmana`, `MovementType`, `unit_flags`, `pool_id`, `patch_min`, `patch_max`) VALUES ('128143', '533', '3', NULL, '0', '2991.84', '-3463.04', '298.219', '2.34906', '3600', '8', '0', '8', '0', '1', '0', '0', '0', '10');
INSERT INTO creature_entry (`spawnID`, `entry`) VALUES ('128144', '16030');
-- Has LK modelid 9906 already in creature template, set to 0.
INSERT INTO creature (`spawnID`, `map`, `spawnMask`, `modelid`, `equipment_id`, `position_x`, `position_y`, `position_z`, `orientation`, `spawntimesecs`, `spawndist`, `currentwaypoint`, `curhealth`, `curmana`, `MovementType`, `unit_flags`, `pool_id`, `patch_min`, `patch_max`) VALUES ('128144', '533', '3', NULL, '0', '3008.69', '-3402.87', '298.218', '3.6405', '3600', '8', '0', '8', '0', '1', '0', '0', '0', '10');
INSERT INTO creature_entry (`spawnID`, `entry`) VALUES ('128145', '16030');
-- Has LK modelid 9906 already in creature template, set to 0.
INSERT INTO creature (`spawnID`, `map`, `spawnMask`, `modelid`, `equipment_id`, `position_x`, `position_y`, `position_z`, `orientation`, `spawntimesecs`, `spawndist`, `currentwaypoint`, `curhealth`, `curmana`, `MovementType`, `unit_flags`, `pool_id`, `patch_min`, `patch_max`) VALUES ('128145', '533', '3', NULL, '0', '3046.72', '-3429.97', '298.222', '4.51829', '3600', '8', '0', '8', '0', '1', '0', '0', '0', '10');
INSERT INTO creature_entry (`spawnID`, `entry`) VALUES ('128146', '16030');
-- Has LK modelid 9906 already in creature template, set to 0.
INSERT INTO creature (`spawnID`, `map`, `spawnMask`, `modelid`, `equipment_id`, `position_x`, `position_y`, `position_z`, `orientation`, `spawntimesecs`, `spawndist`, `currentwaypoint`, `curhealth`, `curmana`, `MovementType`, `unit_flags`, `pool_id`, `patch_min`, `patch_max`) VALUES ('128146', '533', '3', NULL, '0', '3103.34', '-3292.8', '294.599', '2.9147', '3600', '8', '0', '8', '0', '1', '0', '0', '0', '10');
INSERT INTO creature_entry (`spawnID`, `entry`) VALUES ('128147', '16030');
-- Has LK modelid 9904 already in creature template, set to 0.
INSERT INTO creature (`spawnID`, `map`, `spawnMask`, `modelid`, `equipment_id`, `position_x`, `position_y`, `position_z`, `orientation`, `spawntimesecs`, `spawndist`, `currentwaypoint`, `curhealth`, `curmana`, `MovementType`, `unit_flags`, `pool_id`, `patch_min`, `patch_max`) VALUES ('128147', '533', '3', NULL, '0', '3126.26', '-3365.8', '294.572', '0.191986', '3600', '8', '0', '8', '0', '1', '0', '0', '0', '10');
INSERT INTO creature_entry (`spawnID`, `entry`) VALUES ('128148', '16030');
-- Has LK modelid 9904 already in creature template, set to 0.
INSERT INTO creature (`spawnID`, `map`, `spawnMask`, `modelid`, `equipment_id`, `position_x`, `position_y`, `position_z`, `orientation`, `spawntimesecs`, `spawndist`, `currentwaypoint`, `curhealth`, `curmana`, `MovementType`, `unit_flags`, `pool_id`, `patch_min`, `patch_max`) VALUES ('128148', '533', '3', NULL, '0', '3128.58', '-3369.78', '294.568', '1.91986', '3600', '8', '0', '8', '0', '1', '0', '0', '0', '10');
INSERT INTO creature_entry (`spawnID`, `entry`) VALUES ('128149', '16030');
-- Has LK modelid 9906 already in creature template, set to 0.
INSERT INTO creature (`spawnID`, `map`, `spawnMask`, `modelid`, `equipment_id`, `position_x`, `position_y`, `position_z`, `orientation`, `spawntimesecs`, `spawndist`, `currentwaypoint`, `curhealth`, `curmana`, `MovementType`, `unit_flags`, `pool_id`, `patch_min`, `patch_max`) VALUES ('128149', '533', '3', NULL, '0', '3129.73', '-3364.55', '294.572', '5.65487', '3600', '8', '0', '8', '0', '1', '0', '0', '0', '10');
INSERT INTO creature_entry (`spawnID`, `entry`) VALUES ('128150', '16030');
-- Has LK modelid 9904 already in creature template, set to 0.
INSERT INTO creature (`spawnID`, `map`, `spawnMask`, `modelid`, `equipment_id`, `position_x`, `position_y`, `position_z`, `orientation`, `spawntimesecs`, `spawndist`, `currentwaypoint`, `curhealth`, `curmana`, `MovementType`, `unit_flags`, `pool_id`, `patch_min`, `patch_max`) VALUES ('128150', '533', '3', NULL, '0', '3122.03', '-3366.45', '294.581', '3.14159', '3600', '8', '0', '8', '0', '1', '0', '0', '0', '10');
INSERT INTO creature_entry (`spawnID`, `entry`) VALUES ('128151', '16030');
-- Has LK modelid 9906 already in creature template, set to 0.
INSERT INTO creature (`spawnID`, `map`, `spawnMask`, `modelid`, `equipment_id`, `position_x`, `position_y`, `position_z`, `orientation`, `spawntimesecs`, `spawndist`, `currentwaypoint`, `curhealth`, `curmana`, `MovementType`, `unit_flags`, `pool_id`, `patch_min`, `patch_max`) VALUES ('128151', '533', '3', NULL, '0', '3124.71', '-3362.47', '294.575', '0.820305', '3600', '8', '0', '8', '0', '1', '0', '0', '0', '10');
INSERT INTO creature_entry (`spawnID`, `entry`) VALUES ('128152', '16030');
-- Has LK modelid 9904 already in creature template, set to 0.
INSERT INTO creature (`spawnID`, `map`, `spawnMask`, `modelid`, `equipment_id`, `position_x`, `position_y`, `position_z`, `orientation`, `spawntimesecs`, `spawndist`, `currentwaypoint`, `curhealth`, `curmana`, `MovementType`, `unit_flags`, `pool_id`, `patch_min`, `patch_max`) VALUES ('128152', '533', '3', NULL, '0', '3251.99', '-3351.52', '292.678', '2.75762', '3600', '8', '0', '8', '0', '1', '0', '0', '0', '10');
INSERT INTO creature_entry (`spawnID`, `entry`) VALUES ('128153', '16030');
-- Has LK modelid 9904 already in creature template, set to 0.
INSERT INTO creature (`spawnID`, `map`, `spawnMask`, `modelid`, `equipment_id`, `position_x`, `position_y`, `position_z`, `orientation`, `spawntimesecs`, `spawndist`, `currentwaypoint`, `curhealth`, `curmana`, `MovementType`, `unit_flags`, `pool_id`, `patch_min`, `patch_max`) VALUES ('128153', '533', '3', NULL, '0', '3246.14', '-3356.44', '292.595', '3.5914', '3600', '8', '0', '8', '0', '1', '0', '0', '0', '10');
INSERT INTO creature_entry (`spawnID`, `entry`) VALUES ('128154', '16030');
-- Has LK modelid 9904 already in creature template, set to 0.
INSERT INTO creature (`spawnID`, `map`, `spawnMask`, `modelid`, `equipment_id`, `position_x`, `position_y`, `position_z`, `orientation`, `spawntimesecs`, `spawndist`, `currentwaypoint`, `curhealth`, `curmana`, `MovementType`, `unit_flags`, `pool_id`, `patch_min`, `patch_max`) VALUES ('128154', '533', '3', NULL, '0', '3254.5', '-3347.45', '292.678', '0.610865', '3600', '8', '0', '8', '0', '1', '0', '0', '0', '10');
INSERT INTO creature_entry (`spawnID`, `entry`) VALUES ('128155', '16030');
-- Has LK modelid 9904 already in creature template, set to 0.
INSERT INTO creature (`spawnID`, `map`, `spawnMask`, `modelid`, `equipment_id`, `position_x`, `position_y`, `position_z`, `orientation`, `spawntimesecs`, `spawndist`, `currentwaypoint`, `curhealth`, `curmana`, `MovementType`, `unit_flags`, `pool_id`, `patch_min`, `patch_max`) VALUES ('128155', '533', '3', NULL, '0', '3254.41', '-3356.07', '292.678', '0.994838', '3600', '8', '0', '8', '0', '1', '0', '0', '0', '10');
INSERT INTO creature_entry (`spawnID`, `entry`) VALUES ('128156', '16030');
-- Has LK modelid 9904 already in creature template, set to 0.
INSERT INTO creature (`spawnID`, `map`, `spawnMask`, `modelid`, `equipment_id`, `position_x`, `position_y`, `position_z`, `orientation`, `spawntimesecs`, `spawndist`, `currentwaypoint`, `curhealth`, `curmana`, `MovementType`, `unit_flags`, `pool_id`, `patch_min`, `patch_max`) VALUES ('128156', '533', '3', NULL, '0', '3248.11', '-3348.84', '292.678', '4.27606', '3600', '8', '0', '8', '0', '1', '0', '0', '0', '10');
INSERT INTO creature_entry (`spawnID`, `entry`) VALUES ('128157', '16030');
-- Has LK modelid 9906 already in creature template, set to 0.
INSERT INTO creature (`spawnID`, `map`, `spawnMask`, `modelid`, `equipment_id`, `position_x`, `position_y`, `position_z`, `orientation`, `spawntimesecs`, `spawndist`, `currentwaypoint`, `curhealth`, `curmana`, `MovementType`, `unit_flags`, `pool_id`, `patch_min`, `patch_max`) VALUES ('128157', '533', '3', NULL, '0', '3076.54', '-3314.61', '294.572', '2.44346', '3600', '8', '0', '8', '0', '1', '0', '0', '0', '10');
INSERT INTO creature_entry (`spawnID`, `entry`) VALUES ('128158', '16030');
-- Has LK modelid 9906 already in creature template, set to 0.
INSERT INTO creature (`spawnID`, `map`, `spawnMask`, `modelid`, `equipment_id`, `position_x`, `position_y`, `position_z`, `orientation`, `spawntimesecs`, `spawndist`, `currentwaypoint`, `curhealth`, `curmana`, `MovementType`, `unit_flags`, `pool_id`, `patch_min`, `patch_max`) VALUES ('128158', '533', '3', NULL, '0', '3071.26', '-3314', '294.571', '2.93215', '3600', '8', '0', '8', '0', '1', '0', '0', '0', '10');
INSERT INTO creature_entry (`spawnID`, `entry`) VALUES ('128159', '16030');
-- Has LK modelid 9906 already in creature template, set to 0.
INSERT INTO creature (`spawnID`, `map`, `spawnMask`, `modelid`, `equipment_id`, `position_x`, `position_y`, `position_z`, `orientation`, `spawntimesecs`, `spawndist`, `currentwaypoint`, `curhealth`, `curmana`, `MovementType`, `unit_flags`, `pool_id`, `patch_min`, `patch_max`) VALUES ('128159', '533', '3', NULL, '0', '3078.04', '-3310.57', '294.573', '4.20624', '3600', '8', '0', '8', '0', '1', '0', '0', '0', '10');
INSERT INTO creature_entry (`spawnID`, `entry`) VALUES ('128160', '16030');
-- Has LK modelid 9906 already in creature template, set to 0.
INSERT INTO creature (`spawnID`, `map`, `spawnMask`, `modelid`, `equipment_id`, `position_x`, `position_y`, `position_z`, `orientation`, `spawntimesecs`, `spawndist`, `currentwaypoint`, `curhealth`, `curmana`, `MovementType`, `unit_flags`, `pool_id`, `patch_min`, `patch_max`) VALUES ('128160', '533', '3', NULL, '0', '3075.48', '-3318.7', '294.58', '0.942478', '3600', '8', '0', '8', '0', '1', '0', '0', '0', '10');
INSERT INTO creature_entry (`spawnID`, `entry`) VALUES ('128161', '16030');
-- Has LK modelid 9906 already in creature template, set to 0.
INSERT INTO creature (`spawnID`, `map`, `spawnMask`, `modelid`, `equipment_id`, `position_x`, `position_y`, `position_z`, `orientation`, `spawntimesecs`, `spawndist`, `currentwaypoint`, `curhealth`, `curmana`, `MovementType`, `unit_flags`, `pool_id`, `patch_min`, `patch_max`) VALUES ('128161', '533', '3', NULL, '0', '3080.41', '-3315.86', '294.575', '0.174533', '3600', '8', '0', '8', '0', '1', '0', '0', '0', '10');
INSERT INTO creature_entry (`spawnID`, `entry`) VALUES ('128162', '16030');
-- Has LK modelid 9906 already in creature template, set to 0.
INSERT INTO creature (`spawnID`, `map`, `spawnMask`, `modelid`, `equipment_id`, `position_x`, `position_y`, `position_z`, `orientation`, `spawntimesecs`, `spawndist`, `currentwaypoint`, `curhealth`, `curmana`, `MovementType`, `unit_flags`, `pool_id`, `patch_min`, `patch_max`) VALUES ('128162', '533', '3', NULL, '0', '3115.43', '-3264.77', '294.531', '3.57792', '3600', '8', '0', '8', '0', '1', '0', '0', '0', '10');
INSERT INTO creature_entry (`spawnID`, `entry`) VALUES ('128163', '16030');
-- Has LK modelid 9906 already in creature template, set to 0.
INSERT INTO creature (`spawnID`, `map`, `spawnMask`, `modelid`, `equipment_id`, `position_x`, `position_y`, `position_z`, `orientation`, `spawntimesecs`, `spawndist`, `currentwaypoint`, `curhealth`, `curmana`, `MovementType`, `unit_flags`, `pool_id`, `patch_min`, `patch_max`) VALUES ('128163', '533', '3', NULL, '0', '3060.06', '-3239.59', '294.146', '5.84685', '3600', '8', '0', '8', '0', '1', '0', '0', '0', '10');
INSERT INTO creature_entry (`spawnID`, `entry`) VALUES ('128164', '16030');
-- Has LK modelid 9906 already in creature template, set to 0.
INSERT INTO creature (`spawnID`, `map`, `spawnMask`, `modelid`, `equipment_id`, `position_x`, `position_y`, `position_z`, `orientation`, `spawntimesecs`, `spawndist`, `currentwaypoint`, `curhealth`, `curmana`, `MovementType`, `unit_flags`, `pool_id`, `patch_min`, `patch_max`) VALUES ('128164', '533', '3', NULL, '0', '3012.85', '-3148.56', '294.159', '5.37561', '3600', '8', '0', '8', '0', '1', '0', '0', '0', '10');
INSERT INTO creature_entry (`spawnID`, `entry`) VALUES ('128165', '16030');
-- Has LK modelid 9906 already in creature template, set to 0.
INSERT INTO creature (`spawnID`, `map`, `spawnMask`, `modelid`, `equipment_id`, `position_x`, `position_y`, `position_z`, `orientation`, `spawntimesecs`, `spawndist`, `currentwaypoint`, `curhealth`, `curmana`, `MovementType`, `unit_flags`, `pool_id`, `patch_min`, `patch_max`) VALUES ('128165', '533', '3', NULL, '0', '3269.68', '-3270.23', '292.678', '0.383972', '3600', '8', '0', '8', '0', '1', '0', '0', '0', '10');
INSERT INTO creature_entry (`spawnID`, `entry`) VALUES ('128166', '16030');
-- Has LK modelid 9904 already in creature template, set to 0.
INSERT INTO creature (`spawnID`, `map`, `spawnMask`, `modelid`, `equipment_id`, `position_x`, `position_y`, `position_z`, `orientation`, `spawntimesecs`, `spawndist`, `currentwaypoint`, `curhealth`, `curmana`, `MovementType`, `unit_flags`, `pool_id`, `patch_min`, `patch_max`) VALUES ('128166', '533', '3', NULL, '0', '3179.1', '-3313.12', '294.618', '3.12414', '3600', '8', '0', '8', '0', '1', '0', '0', '0', '10');
INSERT INTO creature_entry (`spawnID`, `entry`) VALUES ('128167', '16030');
-- Has LK modelid 9904 already in creature template, set to 0.
INSERT INTO creature (`spawnID`, `map`, `spawnMask`, `modelid`, `equipment_id`, `position_x`, `position_y`, `position_z`, `orientation`, `spawntimesecs`, `spawndist`, `currentwaypoint`, `curhealth`, `curmana`, `MovementType`, `unit_flags`, `pool_id`, `patch_min`, `patch_max`) VALUES ('128167', '533', '3', NULL, '0', '3125.16', '-3066.66', '294.156', '1.20428', '3600', '8', '0', '8', '0', '1', '0', '0', '0', '10');
INSERT INTO creature_entry (`spawnID`, `entry`) VALUES ('128168', '16030');
-- Has LK modelid 9906 already in creature template, set to 0.
INSERT INTO creature (`spawnID`, `map`, `spawnMask`, `modelid`, `equipment_id`, `position_x`, `position_y`, `position_z`, `orientation`, `spawntimesecs`, `spawndist`, `currentwaypoint`, `curhealth`, `curmana`, `MovementType`, `unit_flags`, `pool_id`, `patch_min`, `patch_max`) VALUES ('128168', '533', '3', NULL, '0', '3322.63', '-3226.65', '294.146', '3.50811', '3600', '8', '0', '8', '0', '1', '0', '0', '0', '10');
INSERT INTO creature_entry (`spawnID`, `entry`) VALUES ('128169', '16030');
-- Has LK modelid 9904 already in creature template, set to 0.
INSERT INTO creature (`spawnID`, `map`, `spawnMask`, `modelid`, `equipment_id`, `position_x`, `position_y`, `position_z`, `orientation`, `spawntimesecs`, `spawndist`, `currentwaypoint`, `curhealth`, `curmana`, `MovementType`, `unit_flags`, `pool_id`, `patch_min`, `patch_max`) VALUES ('128169', '533', '3', NULL, '0', '3175.82', '-3326.75', '294.611', '3.54302', '3600', '8', '0', '8', '0', '1', '0', '0', '0', '10');
INSERT INTO creature_entry (`spawnID`, `entry`) VALUES ('128170', '16030');
-- Has LK modelid 9904 already in creature template, set to 0.
INSERT INTO creature (`spawnID`, `map`, `spawnMask`, `modelid`, `equipment_id`, `position_x`, `position_y`, `position_z`, `orientation`, `spawntimesecs`, `spawndist`, `currentwaypoint`, `curhealth`, `curmana`, `MovementType`, `unit_flags`, `pool_id`, `patch_min`, `patch_max`) VALUES ('128170', '533', '3', NULL, '0', '3301.85', '-3270.85', '292.678', '0.10472', '3600', '8', '0', '8', '0', '1', '0', '0', '0', '10');
INSERT INTO creature_entry (`spawnID`, `entry`) VALUES ('108869', '16030');
INSERT INTO creature (`spawnID`, `map`, `spawnMask`, `modelid`, `equipment_id`, `position_x`, `position_y`, `position_z`, `orientation`, `spawntimesecs`, `spawndist`, `currentwaypoint`, `curhealth`, `curmana`, `MovementType`, `unit_flags`, `pool_id`, `patch_min`, `patch_max`) VALUES ('108869', '1', '1', NULL, '0', '1625.75', '-3095.01', '89.1229', '2.2015', '120', '10', '0', '1', '0', '1', '0', '0', '0', '10');
INSERT INTO creature_entry (`spawnID`, `entry`) VALUES ('108870', '16030');
INSERT INTO creature (`spawnID`, `map`, `spawnMask`, `modelid`, `equipment_id`, `position_x`, `position_y`, `position_z`, `orientation`, `spawntimesecs`, `spawndist`, `currentwaypoint`, `curhealth`, `curmana`, `MovementType`, `unit_flags`, `pool_id`, `patch_min`, `patch_max`) VALUES ('108870', '1', '1', NULL, '0', '1636.01', '-3052.93', '90.0757', '4.71536', '120', '10', '0', '1', '0', '1', '0', '0', '0', '10');
INSERT INTO creature_entry (`spawnID`, `entry`) VALUES ('108871', '16030');
INSERT INTO creature (`spawnID`, `map`, `spawnMask`, `modelid`, `equipment_id`, `position_x`, `position_y`, `position_z`, `orientation`, `spawntimesecs`, `spawndist`, `currentwaypoint`, `curhealth`, `curmana`, `MovementType`, `unit_flags`, `pool_id`, `patch_min`, `patch_max`) VALUES ('108871', '1', '1', NULL, '0', '1647.72', '-3076.71', '88.3328', '1.01697', '120', '10', '0', '1', '0', '1', '0', '0', '0', '10');


-- Importing creature spawn with guid 82440 with import type REPLACE_ALL


-- Importing creature spawn with guid 82479 with import type REPLACE_ALL


-- Importing creature spawn with guid 82482 with import type REPLACE_ALL


-- Importing creature spawn with guid 82510 with import type REPLACE_ALL


-- Importing creature spawn with guid 82512 with import type REPLACE_ALL


-- Importing creature spawn with guid 82513 with import type REPLACE_ALL


-- Importing creature spawn with guid 82515 with import type REPLACE_ALL
INSERT INTO creature_entry (`spawnID`, `entry`) VALUES ('130434', '16349');
INSERT INTO creature (`spawnID`, `map`, `spawnMask`, `modelid`, `equipment_id`, `position_x`, `position_y`, `position_z`, `orientation`, `spawntimesecs`, `spawndist`, `currentwaypoint`, `curhealth`, `curmana`, `MovementType`, `unit_flags`, `pool_id`, `patch_min`, `patch_max`) VALUES ('130434', '530', '1', NULL, '0', '6949.11', '-6818.66', '48.4101', '2.16151', '120', '5', '0', '1', '0', '1', '0', '0', '0', '10');
INSERT INTO spawn_group (`groupId`, `spawnType`, `spawnId`) VALUES ('2', '0', '130434');
INSERT INTO creature_entry (`spawnID`, `entry`) VALUES ('130439', '16349');
INSERT INTO creature (`spawnID`, `map`, `spawnMask`, `modelid`, `equipment_id`, `position_x`, `position_y`, `position_z`, `orientation`, `spawntimesecs`, `spawndist`, `currentwaypoint`, `curhealth`, `curmana`, `MovementType`, `unit_flags`, `pool_id`, `patch_min`, `patch_max`) VALUES ('130439', '530', '1', NULL, '0', '6950.04', '-6888.72', '49.8082', '3.47785', '120', '5', '0', '1', '0', '1', '0', '0', '0', '10');
INSERT INTO spawn_group (`groupId`, `spawnType`, `spawnId`) VALUES ('2', '0', '130439');
INSERT INTO creature_entry (`spawnID`, `entry`) VALUES ('130441', '16349');
INSERT INTO creature (`spawnID`, `map`, `spawnMask`, `modelid`, `equipment_id`, `position_x`, `position_y`, `position_z`, `orientation`, `spawntimesecs`, `spawndist`, `currentwaypoint`, `curhealth`, `curmana`, `MovementType`, `unit_flags`, `pool_id`, `patch_min`, `patch_max`) VALUES ('130441', '530', '1', NULL, '0', '6895.03', '-6912.37', '47.209', '4.11855', '120', '5', '0', '1', '0', '1', '0', '0', '0', '10');
INSERT INTO spawn_group (`groupId`, `spawnType`, `spawnId`) VALUES ('2', '0', '130441');
INSERT INTO creature_entry (`spawnID`, `entry`) VALUES ('130442', '16349');
INSERT INTO creature (`spawnID`, `map`, `spawnMask`, `modelid`, `equipment_id`, `position_x`, `position_y`, `position_z`, `orientation`, `spawntimesecs`, `spawndist`, `currentwaypoint`, `curhealth`, `curmana`, `MovementType`, `unit_flags`, `pool_id`, `patch_min`, `patch_max`) VALUES ('130442', '530', '1', NULL, '0', '6922.02', '-7040.71', '43.9084', '4.41533', '120', '5', '0', '1', '0', '1', '0', '0', '0', '10');
INSERT INTO spawn_group (`groupId`, `spawnType`, `spawnId`) VALUES ('2', '0', '130442');
INSERT INTO creature_entry (`spawnID`, `entry`) VALUES ('130444', '16349');
INSERT INTO creature (`spawnID`, `map`, `spawnMask`, `modelid`, `equipment_id`, `position_x`, `position_y`, `position_z`, `orientation`, `spawntimesecs`, `spawndist`, `currentwaypoint`, `curhealth`, `curmana`, `MovementType`, `unit_flags`, `pool_id`, `patch_min`, `patch_max`) VALUES ('130444', '530', '1', NULL, '0', '6897.13', '-6971.59', '47.1769', '2.72405', '120', '5', '0', '1', '0', '1', '0', '0', '0', '10');
INSERT INTO spawn_group (`groupId`, `spawnType`, `spawnId`) VALUES ('2', '0', '130444');
INSERT INTO creature_entry (`spawnID`, `entry`) VALUES ('130447', '16349');
INSERT INTO creature (`spawnID`, `map`, `spawnMask`, `modelid`, `equipment_id`, `position_x`, `position_y`, `position_z`, `orientation`, `spawntimesecs`, `spawndist`, `currentwaypoint`, `curhealth`, `curmana`, `MovementType`, `unit_flags`, `pool_id`, `patch_min`, `patch_max`) VALUES ('130447', '530', '1', NULL, '0', '6984.51', '-7047.86', '51.6501', '1.12461', '120', '5', '0', '1', '0', '1', '0', '0', '0', '10');
INSERT INTO spawn_group (`groupId`, `spawnType`, `spawnId`) VALUES ('2', '0', '130447');
INSERT INTO creature_entry (`spawnID`, `entry`) VALUES ('130448', '16349');
INSERT INTO creature (`spawnID`, `map`, `spawnMask`, `modelid`, `equipment_id`, `position_x`, `position_y`, `position_z`, `orientation`, `spawntimesecs`, `spawndist`, `currentwaypoint`, `curhealth`, `curmana`, `MovementType`, `unit_flags`, `pool_id`, `patch_min`, `patch_max`) VALUES ('130448', '530', '1', NULL, '0', '6963.14', '-7082.29', '49.0125', '6.2617', '120', '5', '0', '1', '0', '1', '0', '0', '0', '10');
INSERT INTO spawn_group (`groupId`, `spawnType`, `spawnId`) VALUES ('2', '0', '130448');
INSERT INTO creature_entry (`spawnID`, `entry`) VALUES ('130450', '16349');
INSERT INTO creature (`spawnID`, `map`, `spawnMask`, `modelid`, `equipment_id`, `position_x`, `position_y`, `position_z`, `orientation`, `spawntimesecs`, `spawndist`, `currentwaypoint`, `curhealth`, `curmana`, `MovementType`, `unit_flags`, `pool_id`, `patch_min`, `patch_max`) VALUES ('130450', '530', '1', NULL, '0', '6836.95', '-6998.21', '89.5099', '3.0359', '120', '5', '0', '1', '0', '1', '0', '0', '0', '10');
INSERT INTO spawn_group (`groupId`, `spawnType`, `spawnId`) VALUES ('2', '0', '130450');
INSERT INTO creature_entry (`spawnID`, `entry`) VALUES ('130451', '16349');
INSERT INTO creature (`spawnID`, `map`, `spawnMask`, `modelid`, `equipment_id`, `position_x`, `position_y`, `position_z`, `orientation`, `spawntimesecs`, `spawndist`, `currentwaypoint`, `curhealth`, `curmana`, `MovementType`, `unit_flags`, `pool_id`, `patch_min`, `patch_max`) VALUES ('130451', '530', '1', NULL, '0', '6963.36', '-7153.4', '47.5367', '3.96912', '120', '5', '0', '1', '0', '1', '0', '0', '0', '10');
INSERT INTO spawn_group (`groupId`, `spawnType`, `spawnId`) VALUES ('2', '0', '130451');
INSERT INTO creature_entry (`spawnID`, `entry`) VALUES ('130453', '16349');
INSERT INTO creature (`spawnID`, `map`, `spawnMask`, `modelid`, `equipment_id`, `position_x`, `position_y`, `position_z`, `orientation`, `spawntimesecs`, `spawndist`, `currentwaypoint`, `curhealth`, `curmana`, `MovementType`, `unit_flags`, `pool_id`, `patch_min`, `patch_max`) VALUES ('130453', '530', '1', NULL, '0', '7039.77', '-6724.05', '31.4211', '0.82477', '120', '5', '0', '1', '0', '1', '0', '0', '0', '10');
INSERT INTO spawn_group (`groupId`, `spawnType`, `spawnId`) VALUES ('2', '0', '130453');
INSERT INTO creature_entry (`spawnID`, `entry`) VALUES ('130454', '16349');
INSERT INTO creature (`spawnID`, `map`, `spawnMask`, `modelid`, `equipment_id`, `position_x`, `position_y`, `position_z`, `orientation`, `spawntimesecs`, `spawndist`, `currentwaypoint`, `curhealth`, `curmana`, `MovementType`, `unit_flags`, `pool_id`, `patch_min`, `patch_max`) VALUES ('130454', '530', '1', NULL, '0', '6894.14', '-6637.76', '22.1678', '4.74063', '120', '5', '0', '1', '0', '1', '0', '0', '0', '10');
INSERT INTO spawn_group (`groupId`, `spawnType`, `spawnId`) VALUES ('2', '0', '130454');
INSERT INTO creature_entry (`spawnID`, `entry`) VALUES ('130456', '16349');
INSERT INTO creature (`spawnID`, `map`, `spawnMask`, `modelid`, `equipment_id`, `position_x`, `position_y`, `position_z`, `orientation`, `spawntimesecs`, `spawndist`, `currentwaypoint`, `curhealth`, `curmana`, `MovementType`, `unit_flags`, `pool_id`, `patch_min`, `patch_max`) VALUES ('130456', '530', '1', NULL, '0', '6862.79', '-6653.27', '29.215', '0.156957', '120', '5', '0', '1', '0', '1', '0', '0', '0', '10');
INSERT INTO spawn_group (`groupId`, `spawnType`, `spawnId`) VALUES ('2', '0', '130456');
INSERT INTO creature_entry (`spawnID`, `entry`) VALUES ('130457', '16349');
INSERT INTO creature (`spawnID`, `map`, `spawnMask`, `modelid`, `equipment_id`, `position_x`, `position_y`, `position_z`, `orientation`, `spawntimesecs`, `spawndist`, `currentwaypoint`, `curhealth`, `curmana`, `MovementType`, `unit_flags`, `pool_id`, `patch_min`, `patch_max`) VALUES ('130457', '530', '1', NULL, '0', '6795.93', '-6674.07', '43.6913', '2.76144', '120', '5', '0', '1', '0', '1', '0', '0', '0', '10');
INSERT INTO spawn_group (`groupId`, `spawnType`, `spawnId`) VALUES ('2', '0', '130457');
INSERT INTO creature_entry (`spawnID`, `entry`) VALUES ('145264', '16349');
INSERT INTO creature (`spawnID`, `map`, `spawnMask`, `modelid`, `equipment_id`, `position_x`, `position_y`, `position_z`, `orientation`, `spawntimesecs`, `spawndist`, `currentwaypoint`, `curhealth`, `curmana`, `MovementType`, `unit_flags`, `pool_id`, `patch_min`, `patch_max`) VALUES ('145264', '530', '1', NULL, '0', '6889.15', '-7353.24', '48.2248', '4.51504', '120', '15', '0', '0', '0', '1', '0', '0', '0', '10');
INSERT INTO spawn_group (`groupId`, `spawnType`, `spawnId`) VALUES ('2', '0', '145264');
INSERT INTO creature_entry (`spawnID`, `entry`) VALUES ('145265', '16349');
INSERT INTO creature (`spawnID`, `map`, `spawnMask`, `modelid`, `equipment_id`, `position_x`, `position_y`, `position_z`, `orientation`, `spawntimesecs`, `spawndist`, `currentwaypoint`, `curhealth`, `curmana`, `MovementType`, `unit_flags`, `pool_id`, `patch_min`, `patch_max`) VALUES ('145265', '530', '1', NULL, '0', '6842.84', '-7303.43', '54.1677', '1.28888', '120', '15', '0', '0', '0', '1', '0', '0', '0', '10');
INSERT INTO spawn_group (`groupId`, `spawnType`, `spawnId`) VALUES ('2', '0', '145265');
INSERT INTO creature_entry (`spawnID`, `entry`) VALUES ('145266', '16349');
INSERT INTO creature (`spawnID`, `map`, `spawnMask`, `modelid`, `equipment_id`, `position_x`, `position_y`, `position_z`, `orientation`, `spawntimesecs`, `spawndist`, `currentwaypoint`, `curhealth`, `curmana`, `MovementType`, `unit_flags`, `pool_id`, `patch_min`, `patch_max`) VALUES ('145266', '530', '1', NULL, '0', '6546.02', '-7284.99', '56.2637', '1.26088', '120', '15', '0', '0', '0', '1', '0', '0', '0', '10');
INSERT INTO spawn_group (`groupId`, `spawnType`, `spawnId`) VALUES ('2', '0', '145266');
INSERT INTO creature_entry (`spawnID`, `entry`) VALUES ('145267', '16349');
INSERT INTO creature (`spawnID`, `map`, `spawnMask`, `modelid`, `equipment_id`, `position_x`, `position_y`, `position_z`, `orientation`, `spawntimesecs`, `spawndist`, `currentwaypoint`, `curhealth`, `curmana`, `MovementType`, `unit_flags`, `pool_id`, `patch_min`, `patch_max`) VALUES ('145267', '530', '1', NULL, '0', '6679.54', '-7225.9', '45.3522', '4.11398', '120', '15', '0', '0', '0', '1', '0', '0', '0', '10');
INSERT INTO spawn_group (`groupId`, `spawnType`, `spawnId`) VALUES ('2', '0', '145267');
INSERT INTO creature_entry (`spawnID`, `entry`) VALUES ('145268', '16349');
INSERT INTO creature (`spawnID`, `map`, `spawnMask`, `modelid`, `equipment_id`, `position_x`, `position_y`, `position_z`, `orientation`, `spawntimesecs`, `spawndist`, `currentwaypoint`, `curhealth`, `curmana`, `MovementType`, `unit_flags`, `pool_id`, `patch_min`, `patch_max`) VALUES ('145268', '530', '1', NULL, '0', '6643.78', '-7193.75', '54.5387', '0', '120', '15', '0', '0', '0', '1', '0', '0', '0', '10');
INSERT INTO spawn_group (`groupId`, `spawnType`, `spawnId`) VALUES ('2', '0', '145268');
INSERT INTO creature_entry (`spawnID`, `entry`) VALUES ('145269', '16349');
INSERT INTO creature (`spawnID`, `map`, `spawnMask`, `modelid`, `equipment_id`, `position_x`, `position_y`, `position_z`, `orientation`, `spawntimesecs`, `spawndist`, `currentwaypoint`, `curhealth`, `curmana`, `MovementType`, `unit_flags`, `pool_id`, `patch_min`, `patch_max`) VALUES ('145269', '530', '1', NULL, '0', '6814.68', '-6882.68', '88.0902', '2.2933', '120', '15', '0', '0', '0', '1', '0', '0', '0', '10');
INSERT INTO spawn_group (`groupId`, `spawnType`, `spawnId`) VALUES ('2', '0', '145269');
INSERT INTO creature_entry (`spawnID`, `entry`) VALUES ('145270', '16349');
INSERT INTO creature (`spawnID`, `map`, `spawnMask`, `modelid`, `equipment_id`, `position_x`, `position_y`, `position_z`, `orientation`, `spawntimesecs`, `spawndist`, `currentwaypoint`, `curhealth`, `curmana`, `MovementType`, `unit_flags`, `pool_id`, `patch_min`, `patch_max`) VALUES ('145270', '530', '1', NULL, '0', '6721.14', '-6838.88', '103.265', '6.05763', '120', '15', '0', '0', '0', '1', '0', '0', '0', '10');
INSERT INTO spawn_group (`groupId`, `spawnType`, `spawnId`) VALUES ('2', '0', '145270');
INSERT INTO creature_entry (`spawnID`, `entry`) VALUES ('145271', '16349');
INSERT INTO creature (`spawnID`, `map`, `spawnMask`, `modelid`, `equipment_id`, `position_x`, `position_y`, `position_z`, `orientation`, `spawntimesecs`, `spawndist`, `currentwaypoint`, `curhealth`, `curmana`, `MovementType`, `unit_flags`, `pool_id`, `patch_min`, `patch_max`) VALUES ('145271', '530', '1', NULL, '0', '6697.73', '-6834.78', '102.746', '6.00837', '120', '15', '0', '0', '0', '1', '0', '0', '0', '10');
INSERT INTO spawn_group (`groupId`, `spawnType`, `spawnId`) VALUES ('2', '0', '145271');
INSERT INTO creature_entry (`spawnID`, `entry`) VALUES ('145272', '16349');
INSERT INTO creature (`spawnID`, `map`, `spawnMask`, `modelid`, `equipment_id`, `position_x`, `position_y`, `position_z`, `orientation`, `spawntimesecs`, `spawndist`, `currentwaypoint`, `curhealth`, `curmana`, `MovementType`, `unit_flags`, `pool_id`, `patch_min`, `patch_max`) VALUES ('145272', '530', '1', NULL, '0', '6650.79', '-6857.8', '114.312', '2.64521', '120', '15', '0', '0', '0', '1', '0', '0', '0', '10');
INSERT INTO spawn_group (`groupId`, `spawnType`, `spawnId`) VALUES ('2', '0', '145272');
INSERT INTO creature_entry (`spawnID`, `entry`) VALUES ('145273', '16349');
INSERT INTO creature (`spawnID`, `map`, `spawnMask`, `modelid`, `equipment_id`, `position_x`, `position_y`, `position_z`, `orientation`, `spawntimesecs`, `spawndist`, `currentwaypoint`, `curhealth`, `curmana`, `MovementType`, `unit_flags`, `pool_id`, `patch_min`, `patch_max`) VALUES ('145273', '530', '1', NULL, '0', '6848.06', '-6343.11', '31.0984', '4.49275', '120', '15', '0', '0', '0', '1', '0', '0', '0', '10');
INSERT INTO spawn_group (`groupId`, `spawnType`, `spawnId`) VALUES ('2', '0', '145273');
INSERT INTO creature_entry (`spawnID`, `entry`) VALUES ('145274', '16349');
INSERT INTO creature (`spawnID`, `map`, `spawnMask`, `modelid`, `equipment_id`, `position_x`, `position_y`, `position_z`, `orientation`, `spawntimesecs`, `spawndist`, `currentwaypoint`, `curhealth`, `curmana`, `MovementType`, `unit_flags`, `pool_id`, `patch_min`, `patch_max`) VALUES ('145274', '530', '1', NULL, '0', '6946.99', '-6384.78', '39.4313', '4.95405', '120', '15', '0', '0', '0', '1', '0', '0', '0', '10');
INSERT INTO spawn_group (`groupId`, `spawnType`, `spawnId`) VALUES ('2', '0', '145274');
INSERT INTO creature_entry (`spawnID`, `entry`) VALUES ('145275', '16349');
INSERT INTO creature (`spawnID`, `map`, `spawnMask`, `modelid`, `equipment_id`, `position_x`, `position_y`, `position_z`, `orientation`, `spawntimesecs`, `spawndist`, `currentwaypoint`, `curhealth`, `curmana`, `MovementType`, `unit_flags`, `pool_id`, `patch_min`, `patch_max`) VALUES ('145275', '530', '1', NULL, '0', '6912.97', '-6363.86', '34.7279', '3.33118', '120', '15', '0', '0', '0', '1', '0', '0', '0', '10');
INSERT INTO spawn_group (`groupId`, `spawnType`, `spawnId`) VALUES ('2', '0', '145275');
INSERT INTO creature_entry (`spawnID`, `entry`) VALUES ('145276', '16349');
INSERT INTO creature (`spawnID`, `map`, `spawnMask`, `modelid`, `equipment_id`, `position_x`, `position_y`, `position_z`, `orientation`, `spawntimesecs`, `spawndist`, `currentwaypoint`, `curhealth`, `curmana`, `MovementType`, `unit_flags`, `pool_id`, `patch_min`, `patch_max`) VALUES ('145276', '530', '1', NULL, '0', '6766.79', '-6363.48', '39.1324', '0.562534', '120', '15', '0', '0', '0', '1', '0', '0', '0', '10');
INSERT INTO spawn_group (`groupId`, `spawnType`, `spawnId`) VALUES ('2', '0', '145276');
INSERT INTO creature_entry (`spawnID`, `entry`) VALUES ('145277', '16349');
INSERT INTO creature (`spawnID`, `map`, `spawnMask`, `modelid`, `equipment_id`, `position_x`, `position_y`, `position_z`, `orientation`, `spawntimesecs`, `spawndist`, `currentwaypoint`, `curhealth`, `curmana`, `MovementType`, `unit_flags`, `pool_id`, `patch_min`, `patch_max`) VALUES ('145277', '530', '1', NULL, '0', '6946.23', '-6247.87', '32.4141', '5.9259', '120', '15', '0', '0', '0', '1', '0', '0', '0', '10');
INSERT INTO spawn_group (`groupId`, `spawnType`, `spawnId`) VALUES ('2', '0', '145277');
INSERT INTO creature_entry (`spawnID`, `entry`) VALUES ('145278', '16349');
INSERT INTO creature (`spawnID`, `map`, `spawnMask`, `modelid`, `equipment_id`, `position_x`, `position_y`, `position_z`, `orientation`, `spawntimesecs`, `spawndist`, `currentwaypoint`, `curhealth`, `curmana`, `MovementType`, `unit_flags`, `pool_id`, `patch_min`, `patch_max`) VALUES ('145278', '530', '1', NULL, '0', '6788.56', '-6065.62', '76.4285', '3.92147', '120', '15', '0', '0', '0', '1', '0', '0', '0', '10');
INSERT INTO spawn_group (`groupId`, `spawnType`, `spawnId`) VALUES ('2', '0', '145278');
INSERT INTO creature_entry (`spawnID`, `entry`) VALUES ('145279', '16349');
INSERT INTO creature (`spawnID`, `map`, `spawnMask`, `modelid`, `equipment_id`, `position_x`, `position_y`, `position_z`, `orientation`, `spawntimesecs`, `spawndist`, `currentwaypoint`, `curhealth`, `curmana`, `MovementType`, `unit_flags`, `pool_id`, `patch_min`, `patch_max`) VALUES ('145279', '530', '1', NULL, '0', '6792.34', '-6061.4', '74.2297', '3.96912', '120', '15', '0', '0', '0', '1', '0', '0', '0', '10');
INSERT INTO spawn_group (`groupId`, `spawnType`, `spawnId`) VALUES ('2', '0', '145279');
INSERT INTO creature_entry (`spawnID`, `entry`) VALUES ('145280', '16349');
INSERT INTO creature (`spawnID`, `map`, `spawnMask`, `modelid`, `equipment_id`, `position_x`, `position_y`, `position_z`, `orientation`, `spawntimesecs`, `spawndist`, `currentwaypoint`, `curhealth`, `curmana`, `MovementType`, `unit_flags`, `pool_id`, `patch_min`, `patch_max`) VALUES ('145280', '530', '1', NULL, '0', '6810.64', '-5954.92', '53.7834', '3.79681', '120', '15', '0', '0', '0', '1', '0', '0', '0', '10');
INSERT INTO spawn_group (`groupId`, `spawnType`, `spawnId`) VALUES ('2', '0', '145280');


-- Importing creature spawn with guid 82516 with import type REPLACE_ALL
INSERT INTO creature_entry (`spawnID`, `entry`) VALUES ('130435', '16352');
INSERT INTO creature (`spawnID`, `map`, `spawnMask`, `modelid`, `equipment_id`, `position_x`, `position_y`, `position_z`, `orientation`, `spawntimesecs`, `spawndist`, `currentwaypoint`, `curhealth`, `curmana`, `MovementType`, `unit_flags`, `pool_id`, `patch_min`, `patch_max`) VALUES ('130435', '530', '1', NULL, '0', '6933.83', '-6715.57', '23.8452', '3.12206', '120', '5', '0', '1', '0', '1', '0', '0', '0', '10');
INSERT INTO spawn_group (`groupId`, `spawnType`, `spawnId`) VALUES ('2', '0', '130435');
INSERT INTO creature_entry (`spawnID`, `entry`) VALUES ('130436', '16352');
INSERT INTO creature (`spawnID`, `map`, `spawnMask`, `modelid`, `equipment_id`, `position_x`, `position_y`, `position_z`, `orientation`, `spawntimesecs`, `spawndist`, `currentwaypoint`, `curhealth`, `curmana`, `MovementType`, `unit_flags`, `pool_id`, `patch_min`, `patch_max`) VALUES ('130436', '530', '1', NULL, '0', '6968.37', '-6953.11', '51.5425', '2.98078', '120', '5', '0', '1', '0', '1', '0', '0', '0', '10');
INSERT INTO spawn_group (`groupId`, `spawnType`, `spawnId`) VALUES ('2', '0', '130436');
INSERT INTO creature_entry (`spawnID`, `entry`) VALUES ('130437', '16352');
INSERT INTO creature (`spawnID`, `map`, `spawnMask`, `modelid`, `equipment_id`, `position_x`, `position_y`, `position_z`, `orientation`, `spawntimesecs`, `spawndist`, `currentwaypoint`, `curhealth`, `curmana`, `MovementType`, `unit_flags`, `pool_id`, `patch_min`, `patch_max`) VALUES ('130437', '530', '1', NULL, '0', '6890.8', '-6722.46', '39.5819', '2.24407', '120', '5', '0', '1', '0', '1', '0', '0', '0', '10');
INSERT INTO spawn_group (`groupId`, `spawnType`, `spawnId`) VALUES ('2', '0', '130437');
INSERT INTO creature_entry (`spawnID`, `entry`) VALUES ('130438', '16352');
INSERT INTO creature (`spawnID`, `map`, `spawnMask`, `modelid`, `equipment_id`, `position_x`, `position_y`, `position_z`, `orientation`, `spawntimesecs`, `spawndist`, `currentwaypoint`, `curhealth`, `curmana`, `MovementType`, `unit_flags`, `pool_id`, `patch_min`, `patch_max`) VALUES ('130438', '530', '1', NULL, '0', '6853.69', '-6851.98', '69.6011', '2.7382', '120', '5', '0', '1', '0', '1', '0', '0', '0', '10');
INSERT INTO spawn_group (`groupId`, `spawnType`, `spawnId`) VALUES ('2', '0', '130438');
INSERT INTO creature_entry (`spawnID`, `entry`) VALUES ('130440', '16352');
INSERT INTO creature (`spawnID`, `map`, `spawnMask`, `modelid`, `equipment_id`, `position_x`, `position_y`, `position_z`, `orientation`, `spawntimesecs`, `spawndist`, `currentwaypoint`, `curhealth`, `curmana`, `MovementType`, `unit_flags`, `pool_id`, `patch_min`, `patch_max`) VALUES ('130440', '530', '1', NULL, '0', '6878.64', '-6864.47', '62.7294', '2.88288', '120', '5', '0', '1', '0', '1', '0', '0', '0', '10');
INSERT INTO spawn_group (`groupId`, `spawnType`, `spawnId`) VALUES ('2', '0', '130440');
INSERT INTO creature_entry (`spawnID`, `entry`) VALUES ('130443', '16352');
INSERT INTO creature (`spawnID`, `map`, `spawnMask`, `modelid`, `equipment_id`, `position_x`, `position_y`, `position_z`, `orientation`, `spawntimesecs`, `spawndist`, `currentwaypoint`, `curhealth`, `curmana`, `MovementType`, `unit_flags`, `pool_id`, `patch_min`, `patch_max`) VALUES ('130443', '530', '1', NULL, '0', '6885.67', '-7022.22', '48.7115', '1.79349', '120', '5', '0', '1', '0', '1', '0', '0', '0', '10');
INSERT INTO spawn_group (`groupId`, `spawnType`, `spawnId`) VALUES ('2', '0', '130443');
INSERT INTO creature_entry (`spawnID`, `entry`) VALUES ('130445', '16352');
INSERT INTO creature (`spawnID`, `map`, `spawnMask`, `modelid`, `equipment_id`, `position_x`, `position_y`, `position_z`, `orientation`, `spawntimesecs`, `spawndist`, `currentwaypoint`, `curhealth`, `curmana`, `MovementType`, `unit_flags`, `pool_id`, `patch_min`, `patch_max`) VALUES ('130445', '530', '1', NULL, '0', '6978.32', '-7000.73', '51.0767', '4.07864', '120', '5', '0', '1', '0', '1', '0', '0', '0', '10');
INSERT INTO spawn_group (`groupId`, `spawnType`, `spawnId`) VALUES ('2', '0', '130445');
INSERT INTO creature_entry (`spawnID`, `entry`) VALUES ('130446', '16352');
INSERT INTO creature (`spawnID`, `map`, `spawnMask`, `modelid`, `equipment_id`, `position_x`, `position_y`, `position_z`, `orientation`, `spawntimesecs`, `spawndist`, `currentwaypoint`, `curhealth`, `curmana`, `MovementType`, `unit_flags`, `pool_id`, `patch_min`, `patch_max`) VALUES ('130446', '530', '1', NULL, '0', '6942.26', '-7020.5', '45.6607', '0.164827', '120', '5', '0', '1', '0', '1', '0', '0', '0', '10');
INSERT INTO spawn_group (`groupId`, `spawnType`, `spawnId`) VALUES ('2', '0', '130446');
INSERT INTO creature_entry (`spawnID`, `entry`) VALUES ('130449', '16352');
INSERT INTO creature (`spawnID`, `map`, `spawnMask`, `modelid`, `equipment_id`, `position_x`, `position_y`, `position_z`, `orientation`, `spawntimesecs`, `spawndist`, `currentwaypoint`, `curhealth`, `curmana`, `MovementType`, `unit_flags`, `pool_id`, `patch_min`, `patch_max`) VALUES ('130449', '530', '1', NULL, '0', '6890.9', '-7106.76', '45.103', '1.95221', '120', '5', '0', '1', '0', '1', '0', '0', '0', '10');
INSERT INTO spawn_group (`groupId`, `spawnType`, `spawnId`) VALUES ('2', '0', '130449');
INSERT INTO creature_entry (`spawnID`, `entry`) VALUES ('130452', '16352');
INSERT INTO creature (`spawnID`, `map`, `spawnMask`, `modelid`, `equipment_id`, `position_x`, `position_y`, `position_z`, `orientation`, `spawntimesecs`, `spawndist`, `currentwaypoint`, `curhealth`, `curmana`, `MovementType`, `unit_flags`, `pool_id`, `patch_min`, `patch_max`) VALUES ('130452', '530', '1', NULL, '0', '6966.12', '-7145.21', '49.5757', '5.95093', '120', '5', '0', '1', '0', '1', '0', '0', '0', '10');
INSERT INTO spawn_group (`groupId`, `spawnType`, `spawnId`) VALUES ('2', '0', '130452');
INSERT INTO creature_entry (`spawnID`, `entry`) VALUES ('130455', '16352');
INSERT INTO creature (`spawnID`, `map`, `spawnMask`, `modelid`, `equipment_id`, `position_x`, `position_y`, `position_z`, `orientation`, `spawntimesecs`, `spawndist`, `currentwaypoint`, `curhealth`, `curmana`, `MovementType`, `unit_flags`, `pool_id`, `patch_min`, `patch_max`) VALUES ('130455', '530', '1', NULL, '0', '6892.14', '-6687.74', '33.3331', '6.26561', '120', '5', '0', '1', '0', '1', '0', '0', '0', '10');
INSERT INTO spawn_group (`groupId`, `spawnType`, `spawnId`) VALUES ('2', '0', '130455');
INSERT INTO creature_entry (`spawnID`, `entry`) VALUES ('145245', '16352');
INSERT INTO creature (`spawnID`, `map`, `spawnMask`, `modelid`, `equipment_id`, `position_x`, `position_y`, `position_z`, `orientation`, `spawntimesecs`, `spawndist`, `currentwaypoint`, `curhealth`, `curmana`, `MovementType`, `unit_flags`, `pool_id`, `patch_min`, `patch_max`) VALUES ('145245', '530', '1', NULL, '0', '6607.71', '-7228.05', '47.5596', '2.18277', '120', '15', '0', '0', '0', '1', '0', '0', '0', '10');
INSERT INTO spawn_group (`groupId`, `spawnType`, `spawnId`) VALUES ('2', '0', '145245');
INSERT INTO creature_entry (`spawnID`, `entry`) VALUES ('145246', '16352');
INSERT INTO creature (`spawnID`, `map`, `spawnMask`, `modelid`, `equipment_id`, `position_x`, `position_y`, `position_z`, `orientation`, `spawntimesecs`, `spawndist`, `currentwaypoint`, `curhealth`, `curmana`, `MovementType`, `unit_flags`, `pool_id`, `patch_min`, `patch_max`) VALUES ('145246', '530', '1', NULL, '0', '6840.33', '-6911.4', '80.308', '5.87111', '120', '15', '0', '0', '0', '1', '0', '0', '0', '10');
INSERT INTO spawn_group (`groupId`, `spawnType`, `spawnId`) VALUES ('2', '0', '145246');
INSERT INTO creature_entry (`spawnID`, `entry`) VALUES ('145247', '16352');
INSERT INTO creature (`spawnID`, `map`, `spawnMask`, `modelid`, `equipment_id`, `position_x`, `position_y`, `position_z`, `orientation`, `spawntimesecs`, `spawndist`, `currentwaypoint`, `curhealth`, `curmana`, `MovementType`, `unit_flags`, `pool_id`, `patch_min`, `patch_max`) VALUES ('145247', '530', '1', NULL, '0', '6950.85', '-6882.65', '51.1684', '4.52', '120', '15', '0', '0', '0', '1', '0', '0', '0', '10');
INSERT INTO spawn_group (`groupId`, `spawnType`, `spawnId`) VALUES ('2', '0', '145247');
INSERT INTO creature_entry (`spawnID`, `entry`) VALUES ('145248', '16352');
INSERT INTO creature (`spawnID`, `map`, `spawnMask`, `modelid`, `equipment_id`, `position_x`, `position_y`, `position_z`, `orientation`, `spawntimesecs`, `spawndist`, `currentwaypoint`, `curhealth`, `curmana`, `MovementType`, `unit_flags`, `pool_id`, `patch_min`, `patch_max`) VALUES ('145248', '530', '1', NULL, '0', '6768.06', '-6851.43', '87.4873', '5.52816', '120', '15', '0', '0', '0', '1', '0', '0', '0', '10');
INSERT INTO spawn_group (`groupId`, `spawnType`, `spawnId`) VALUES ('2', '0', '145248');
INSERT INTO creature_entry (`spawnID`, `entry`) VALUES ('145249', '16352');
INSERT INTO creature (`spawnID`, `map`, `spawnMask`, `modelid`, `equipment_id`, `position_x`, `position_y`, `position_z`, `orientation`, `spawntimesecs`, `spawndist`, `currentwaypoint`, `curhealth`, `curmana`, `MovementType`, `unit_flags`, `pool_id`, `patch_min`, `patch_max`) VALUES ('145249', '530', '1', NULL, '0', '6770.48', '-6850.35', '87.496', '3.62482', '120', '15', '0', '0', '0', '1', '0', '0', '0', '10');
INSERT INTO spawn_group (`groupId`, `spawnType`, `spawnId`) VALUES ('2', '0', '145249');
INSERT INTO creature_entry (`spawnID`, `entry`) VALUES ('145250', '16352');
INSERT INTO creature (`spawnID`, `map`, `spawnMask`, `modelid`, `equipment_id`, `position_x`, `position_y`, `position_z`, `orientation`, `spawntimesecs`, `spawndist`, `currentwaypoint`, `curhealth`, `curmana`, `MovementType`, `unit_flags`, `pool_id`, `patch_min`, `patch_max`) VALUES ('145250', '530', '1', NULL, '0', '6559.61', '-6826.08', '105.455', '4.57091', '120', '15', '0', '0', '0', '1', '0', '0', '0', '10');
INSERT INTO spawn_group (`groupId`, `spawnType`, `spawnId`) VALUES ('2', '0', '145250');
INSERT INTO creature_entry (`spawnID`, `entry`) VALUES ('145251', '16352');
INSERT INTO creature (`spawnID`, `map`, `spawnMask`, `modelid`, `equipment_id`, `position_x`, `position_y`, `position_z`, `orientation`, `spawntimesecs`, `spawndist`, `currentwaypoint`, `curhealth`, `curmana`, `MovementType`, `unit_flags`, `pool_id`, `patch_min`, `patch_max`) VALUES ('145251', '530', '1', NULL, '0', '6601.43', '-6767.69', '109.115', '4.30727', '120', '15', '0', '0', '0', '1', '0', '0', '0', '10');
INSERT INTO spawn_group (`groupId`, `spawnType`, `spawnId`) VALUES ('2', '0', '145251');
INSERT INTO creature_entry (`spawnID`, `entry`) VALUES ('145252', '16352');
INSERT INTO creature (`spawnID`, `map`, `spawnMask`, `modelid`, `equipment_id`, `position_x`, `position_y`, `position_z`, `orientation`, `spawntimesecs`, `spawndist`, `currentwaypoint`, `curhealth`, `curmana`, `MovementType`, `unit_flags`, `pool_id`, `patch_min`, `patch_max`) VALUES ('145252', '530', '1', NULL, '0', '6599.98', '-6751.24', '116.52', '3.55149', '120', '15', '0', '0', '0', '1', '0', '0', '0', '10');
INSERT INTO spawn_group (`groupId`, `spawnType`, `spawnId`) VALUES ('2', '0', '145252');
INSERT INTO creature_entry (`spawnID`, `entry`) VALUES ('145253', '16352');
INSERT INTO creature (`spawnID`, `map`, `spawnMask`, `modelid`, `equipment_id`, `position_x`, `position_y`, `position_z`, `orientation`, `spawntimesecs`, `spawndist`, `currentwaypoint`, `curhealth`, `curmana`, `MovementType`, `unit_flags`, `pool_id`, `patch_min`, `patch_max`) VALUES ('145253', '530', '1', NULL, '0', '7008.28', '-6705.67', '28.2614', '4.88429', '120', '15', '0', '0', '0', '1', '0', '0', '0', '10');
INSERT INTO spawn_group (`groupId`, `spawnType`, `spawnId`) VALUES ('2', '0', '145253');
INSERT INTO creature_entry (`spawnID`, `entry`) VALUES ('145254', '16352');
INSERT INTO creature (`spawnID`, `map`, `spawnMask`, `modelid`, `equipment_id`, `position_x`, `position_y`, `position_z`, `orientation`, `spawntimesecs`, `spawndist`, `currentwaypoint`, `curhealth`, `curmana`, `MovementType`, `unit_flags`, `pool_id`, `patch_min`, `patch_max`) VALUES ('145254', '530', '1', NULL, '0', '6871.39', '-6317.61', '32.4668', '3.04377', '120', '15', '0', '0', '0', '1', '0', '0', '0', '10');
INSERT INTO spawn_group (`groupId`, `spawnType`, `spawnId`) VALUES ('2', '0', '145254');
INSERT INTO creature_entry (`spawnID`, `entry`) VALUES ('145255', '16352');
INSERT INTO creature (`spawnID`, `map`, `spawnMask`, `modelid`, `equipment_id`, `position_x`, `position_y`, `position_z`, `orientation`, `spawntimesecs`, `spawndist`, `currentwaypoint`, `curhealth`, `curmana`, `MovementType`, `unit_flags`, `pool_id`, `patch_min`, `patch_max`) VALUES ('145255', '530', '1', NULL, '0', '6878.77', '-6305.78', '31.0889', '5.67272', '120', '15', '0', '0', '0', '1', '0', '0', '0', '10');
INSERT INTO spawn_group (`groupId`, `spawnType`, `spawnId`) VALUES ('2', '0', '145255');
INSERT INTO creature_entry (`spawnID`, `entry`) VALUES ('145256', '16352');
INSERT INTO creature (`spawnID`, `map`, `spawnMask`, `modelid`, `equipment_id`, `position_x`, `position_y`, `position_z`, `orientation`, `spawntimesecs`, `spawndist`, `currentwaypoint`, `curhealth`, `curmana`, `MovementType`, `unit_flags`, `pool_id`, `patch_min`, `patch_max`) VALUES ('145256', '530', '1', NULL, '0', '6843.48', '-6281.33', '26.3803', '3.21394', '120', '15', '0', '0', '0', '1', '0', '0', '0', '10');
INSERT INTO spawn_group (`groupId`, `spawnType`, `spawnId`) VALUES ('2', '0', '145256');
INSERT INTO creature_entry (`spawnID`, `entry`) VALUES ('145257', '16352');
INSERT INTO creature (`spawnID`, `map`, `spawnMask`, `modelid`, `equipment_id`, `position_x`, `position_y`, `position_z`, `orientation`, `spawntimesecs`, `spawndist`, `currentwaypoint`, `curhealth`, `curmana`, `MovementType`, `unit_flags`, `pool_id`, `patch_min`, `patch_max`) VALUES ('145257', '530', '1', NULL, '0', '6876.34', '-6120.83', '27.6507', '0.772268', '120', '15', '0', '0', '0', '1', '0', '0', '0', '10');
INSERT INTO spawn_group (`groupId`, `spawnType`, `spawnId`) VALUES ('2', '0', '145257');
INSERT INTO creature_entry (`spawnID`, `entry`) VALUES ('145258', '16352');
INSERT INTO creature (`spawnID`, `map`, `spawnMask`, `modelid`, `equipment_id`, `position_x`, `position_y`, `position_z`, `orientation`, `spawntimesecs`, `spawndist`, `currentwaypoint`, `curhealth`, `curmana`, `MovementType`, `unit_flags`, `pool_id`, `patch_min`, `patch_max`) VALUES ('145258', '530', '1', NULL, '0', '6918.79', '-6012.12', '16.0651', '0.269855', '120', '15', '0', '0', '0', '1', '0', '0', '0', '10');
INSERT INTO spawn_group (`groupId`, `spawnType`, `spawnId`) VALUES ('2', '0', '145258');
INSERT INTO creature_entry (`spawnID`, `entry`) VALUES ('145259', '16352');
INSERT INTO creature (`spawnID`, `map`, `spawnMask`, `modelid`, `equipment_id`, `position_x`, `position_y`, `position_z`, `orientation`, `spawntimesecs`, `spawndist`, `currentwaypoint`, `curhealth`, `curmana`, `MovementType`, `unit_flags`, `pool_id`, `patch_min`, `patch_max`) VALUES ('145259', '530', '1', NULL, '0', '6780.82', '-5914.69', '55.0438', '4.47593', '120', '15', '0', '0', '0', '1', '0', '0', '0', '10');
INSERT INTO spawn_group (`groupId`, `spawnType`, `spawnId`) VALUES ('2', '0', '145259');
INSERT INTO creature_entry (`spawnID`, `entry`) VALUES ('145260', '16352');
INSERT INTO creature (`spawnID`, `map`, `spawnMask`, `modelid`, `equipment_id`, `position_x`, `position_y`, `position_z`, `orientation`, `spawntimesecs`, `spawndist`, `currentwaypoint`, `curhealth`, `curmana`, `MovementType`, `unit_flags`, `pool_id`, `patch_min`, `patch_max`) VALUES ('145260', '530', '1', NULL, '0', '6833.49', '-5866.17', '14.8827', '0.935894', '120', '15', '0', '0', '0', '1', '0', '0', '0', '10');
INSERT INTO spawn_group (`groupId`, `spawnType`, `spawnId`) VALUES ('2', '0', '145260');
INSERT INTO creature_entry (`spawnID`, `entry`) VALUES ('145261', '16352');
INSERT INTO creature (`spawnID`, `map`, `spawnMask`, `modelid`, `equipment_id`, `position_x`, `position_y`, `position_z`, `orientation`, `spawntimesecs`, `spawndist`, `currentwaypoint`, `curhealth`, `curmana`, `MovementType`, `unit_flags`, `pool_id`, `patch_min`, `patch_max`) VALUES ('145261', '530', '1', NULL, '0', '6840.23', '-5885.82', '18.8475', '0.917539', '120', '15', '0', '0', '0', '1', '0', '0', '0', '10');
INSERT INTO spawn_group (`groupId`, `spawnType`, `spawnId`) VALUES ('2', '0', '145261');
INSERT INTO creature_entry (`spawnID`, `entry`) VALUES ('145262', '16352');
INSERT INTO creature (`spawnID`, `map`, `spawnMask`, `modelid`, `equipment_id`, `position_x`, `position_y`, `position_z`, `orientation`, `spawntimesecs`, `spawndist`, `currentwaypoint`, `curhealth`, `curmana`, `MovementType`, `unit_flags`, `pool_id`, `patch_min`, `patch_max`) VALUES ('145262', '530', '1', NULL, '0', '6880.3', '-5831.83', '12.6003', '4.37922', '120', '15', '0', '0', '0', '1', '0', '0', '0', '10');
INSERT INTO spawn_group (`groupId`, `spawnType`, `spawnId`) VALUES ('2', '0', '145262');
INSERT INTO creature_entry (`spawnID`, `entry`) VALUES ('145263', '16352');
INSERT INTO creature (`spawnID`, `map`, `spawnMask`, `modelid`, `equipment_id`, `position_x`, `position_y`, `position_z`, `orientation`, `spawntimesecs`, `spawndist`, `currentwaypoint`, `curhealth`, `curmana`, `MovementType`, `unit_flags`, `pool_id`, `patch_min`, `patch_max`) VALUES ('145263', '530', '1', NULL, '0', '6921.03', '-5888.28', '11.0604', '3.0106', '120', '15', '0', '0', '0', '1', '0', '0', '0', '10');
INSERT INTO spawn_group (`groupId`, `spawnType`, `spawnId`) VALUES ('2', '0', '145263');


-- Importing creature spawn with guid 82517 with import type REPLACE_ALL


-- Importing creature spawn with guid 82518 with import type REPLACE_ALL


-- Importing creature spawn with guid 82519 with import type REPLACE_ALL


-- Importing creature spawn with guid 82520 with import type REPLACE_ALL


-- Importing creature spawn with guid 82548 with import type REPLACE_ALL


-- Importing creature spawn with guid 82549 with import type REPLACE_ALL


-- Importing creature spawn with guid 82550 with import type REPLACE_ALL


-- Importing creature spawn with guid 82551 with import type REPLACE_ALL


-- Importing creature spawn with guid 82552 with import type REPLACE_ALL


-- Importing creature spawn with guid 82556 with import type REPLACE_ALL


-- Importing creature spawn with guid 82557 with import type REPLACE_ALL


-- Importing creature spawn with guid 82558 with import type REPLACE_ALL


-- Importing creature spawn with guid 82559 with import type REPLACE_ALL


-- Importing creature spawn with guid 82560 with import type REPLACE_ALL


-- Importing creature spawn with guid 82561 with import type REPLACE_ALL


-- Importing creature spawn with guid 82562 with import type REPLACE_ALL


-- Importing creature spawn with guid 82563 with import type REPLACE_ALL


-- Importing creature spawn with guid 82564 with import type REPLACE_ALL


-- Importing creature spawn with guid 82565 with import type REPLACE_ALL


-- Importing creature spawn with guid 82566 with import type REPLACE_ALL


-- Importing creature spawn with guid 82567 with import type REPLACE_ALL


-- Importing creature spawn with guid 82568 with import type REPLACE_ALL


-- Importing creature spawn with guid 82569 with import type REPLACE_ALL


-- Importing creature spawn with guid 82570 with import type REPLACE_ALL


-- Importing creature spawn with guid 82571 with import type REPLACE_ALL


-- Importing creature spawn with guid 82572 with import type REPLACE_ALL


-- Importing creature spawn with guid 82573 with import type REPLACE_ALL


-- Importing creature spawn with guid 82574 with import type REPLACE_ALL


-- Importing creature spawn with guid 82575 with import type REPLACE_ALL


-- Importing creature spawn with guid 82577 with import type REPLACE_ALL


-- Importing creature spawn with guid 82578 with import type REPLACE_ALL


-- Importing creature spawn with guid 82581 with import type REPLACE_ALL


-- Importing creature spawn with guid 82588 with import type REPLACE_ALL


-- Importing creature spawn with guid 82611 with import type REPLACE_ALL


-- Importing creature spawn with guid 82612 with import type REPLACE_ALL


-- Importing creature spawn with guid 82613 with import type REPLACE_ALL


-- Importing creature spawn with guid 82615 with import type REPLACE_ALL


-- Importing creature spawn with guid 82655 with import type REPLACE_ALL


-- Importing creature spawn with guid 82659 with import type REPLACE_ALL


-- Importing creature spawn with guid 82662 with import type REPLACE_ALL


-- Importing creature spawn with guid 82664 with import type REPLACE_ALL


-- Importing creature spawn with guid 82670 with import type REPLACE_ALL


-- Importing creature spawn with guid 82673 with import type REPLACE_ALL


-- Importing creature spawn with guid 82675 with import type REPLACE_ALL


-- Importing creature spawn with guid 82679 with import type REPLACE_ALL


-- Importing creature spawn with guid 82683 with import type REPLACE_ALL


-- Importing creature spawn with guid 82685 with import type REPLACE_ALL


-- Importing creature spawn with guid 82687 with import type REPLACE_ALL


-- Importing creature spawn with guid 82692 with import type REPLACE_ALL


-- Importing creature spawn with guid 82696 with import type REPLACE_ALL


-- Importing creature spawn with guid 82698 with import type REPLACE_ALL


-- Importing creature spawn with guid 82705 with import type REPLACE_ALL


-- Importing creature spawn with guid 82718 with import type REPLACE_ALL


-- Importing creature spawn with guid 82726 with import type REPLACE_ALL


-- Importing creature spawn with guid 82731 with import type REPLACE_ALL


-- Importing creature spawn with guid 82732 with import type REPLACE_ALL


-- Importing creature spawn with guid 82735 with import type REPLACE_ALL


-- Importing creature spawn with guid 82737 with import type REPLACE_ALL


-- Importing creature spawn with guid 82752 with import type REPLACE_ALL


-- Importing creature spawn with guid 82754 with import type REPLACE_ALL


-- Importing creature spawn with guid 82758 with import type REPLACE_ALL


-- Importing creature spawn with guid 82759 with import type REPLACE_ALL


-- Importing creature spawn with guid 82760 with import type REPLACE_ALL


-- Importing creature spawn with guid 82761 with import type REPLACE_ALL


-- Importing creature spawn with guid 82762 with import type REPLACE_ALL


-- Importing creature spawn with guid 82763 with import type REPLACE_ALL


-- Importing creature spawn with guid 82767 with import type REPLACE_ALL


-- Importing creature spawn with guid 82771 with import type REPLACE_ALL


-- Importing creature spawn with guid 82772 with import type REPLACE_ALL


-- Importing creature spawn with guid 82773 with import type REPLACE_ALL


-- Importing creature spawn with guid 82774 with import type REPLACE_ALL


-- Importing creature spawn with guid 82775 with import type REPLACE_ALL


-- Importing creature spawn with guid 82777 with import type REPLACE_ALL


-- Importing creature spawn with guid 82783 with import type REPLACE_ALL


-- Importing creature spawn with guid 82787 with import type REPLACE_ALL


-- Importing creature spawn with guid 82789 with import type REPLACE_ALL


-- Importing creature spawn with guid 82791 with import type REPLACE_ALL
INSERT INTO creature_entry (`spawnID`, `entry`) VALUES ('145228', '16355');
INSERT INTO creature (`spawnID`, `map`, `spawnMask`, `modelid`, `equipment_id`, `position_x`, `position_y`, `position_z`, `orientation`, `spawntimesecs`, `spawndist`, `currentwaypoint`, `curhealth`, `curmana`, `MovementType`, `unit_flags`, `pool_id`, `patch_min`, `patch_max`) VALUES ('145228', '530', '1', NULL, '0', '6590.02', '-6665.9', '47.4775', '3.02802', '120', '15', '0', '0', '0', '1', '0', '0', '0', '10');
INSERT INTO spawn_group (`groupId`, `spawnType`, `spawnId`) VALUES ('2', '0', '145228');
INSERT INTO creature_entry (`spawnID`, `entry`) VALUES ('145229', '16355');
INSERT INTO creature (`spawnID`, `map`, `spawnMask`, `modelid`, `equipment_id`, `position_x`, `position_y`, `position_z`, `orientation`, `spawntimesecs`, `spawndist`, `currentwaypoint`, `curhealth`, `curmana`, `MovementType`, `unit_flags`, `pool_id`, `patch_min`, `patch_max`) VALUES ('145229', '530', '1', NULL, '0', '6615.37', '-6649.54', '47.6706', '2.61896', '120', '15', '0', '0', '0', '1', '0', '0', '0', '10');
INSERT INTO spawn_group (`groupId`, `spawnType`, `spawnId`) VALUES ('2', '0', '145229');
INSERT INTO creature_entry (`spawnID`, `entry`) VALUES ('145230', '16355');
INSERT INTO creature (`spawnID`, `map`, `spawnMask`, `modelid`, `equipment_id`, `position_x`, `position_y`, `position_z`, `orientation`, `spawntimesecs`, `spawndist`, `currentwaypoint`, `curhealth`, `curmana`, `MovementType`, `unit_flags`, `pool_id`, `patch_min`, `patch_max`) VALUES ('145230', '530', '1', NULL, '0', '6678.83', '-6669.41', '46.4125', '2.52759', '120', '15', '0', '0', '0', '1', '0', '0', '0', '10');
INSERT INTO spawn_group (`groupId`, `spawnType`, `spawnId`) VALUES ('2', '0', '145230');
INSERT INTO creature_entry (`spawnID`, `entry`) VALUES ('145231', '16355');
INSERT INTO creature (`spawnID`, `map`, `spawnMask`, `modelid`, `equipment_id`, `position_x`, `position_y`, `position_z`, `orientation`, `spawntimesecs`, `spawndist`, `currentwaypoint`, `curhealth`, `curmana`, `MovementType`, `unit_flags`, `pool_id`, `patch_min`, `patch_max`) VALUES ('145231', '530', '1', NULL, '0', '6751.53', '-6650.5', '40.9289', '3.36185', '120', '15', '0', '0', '0', '1', '0', '0', '0', '10');
INSERT INTO spawn_group (`groupId`, `spawnType`, `spawnId`) VALUES ('2', '0', '145231');
INSERT INTO creature_entry (`spawnID`, `entry`) VALUES ('145232', '16355');
INSERT INTO creature (`spawnID`, `map`, `spawnMask`, `modelid`, `equipment_id`, `position_x`, `position_y`, `position_z`, `orientation`, `spawntimesecs`, `spawndist`, `currentwaypoint`, `curhealth`, `curmana`, `MovementType`, `unit_flags`, `pool_id`, `patch_min`, `patch_max`) VALUES ('145232', '530', '1', NULL, '0', '6694.58', '-6614.15', '42.8294', '1.78873', '120', '15', '0', '0', '0', '1', '0', '0', '0', '10');
INSERT INTO spawn_group (`groupId`, `spawnType`, `spawnId`) VALUES ('2', '0', '145232');
INSERT INTO creature_entry (`spawnID`, `entry`) VALUES ('145233', '16355');
INSERT INTO creature (`spawnID`, `map`, `spawnMask`, `modelid`, `equipment_id`, `position_x`, `position_y`, `position_z`, `orientation`, `spawntimesecs`, `spawndist`, `currentwaypoint`, `curhealth`, `curmana`, `MovementType`, `unit_flags`, `pool_id`, `patch_min`, `patch_max`) VALUES ('145233', '530', '1', NULL, '0', '6746.58', '-6637.27', '40.2668', '1.16744', '120', '15', '0', '0', '0', '1', '0', '0', '0', '10');
INSERT INTO spawn_group (`groupId`, `spawnType`, `spawnId`) VALUES ('2', '0', '145233');
INSERT INTO creature_entry (`spawnID`, `entry`) VALUES ('145234', '16355');
INSERT INTO creature (`spawnID`, `map`, `spawnMask`, `modelid`, `equipment_id`, `position_x`, `position_y`, `position_z`, `orientation`, `spawntimesecs`, `spawndist`, `currentwaypoint`, `curhealth`, `curmana`, `MovementType`, `unit_flags`, `pool_id`, `patch_min`, `patch_max`) VALUES ('145234', '530', '1', NULL, '0', '6613.92', '-6613.43', '45.5677', '1.7414', '120', '15', '0', '0', '0', '1', '0', '0', '0', '10');
INSERT INTO spawn_group (`groupId`, `spawnType`, `spawnId`) VALUES ('2', '0', '145234');
INSERT INTO creature_entry (`spawnID`, `entry`) VALUES ('145235', '16355');
INSERT INTO creature (`spawnID`, `map`, `spawnMask`, `modelid`, `equipment_id`, `position_x`, `position_y`, `position_z`, `orientation`, `spawntimesecs`, `spawndist`, `currentwaypoint`, `curhealth`, `curmana`, `MovementType`, `unit_flags`, `pool_id`, `patch_min`, `patch_max`) VALUES ('145235', '530', '1', NULL, '0', '6709.03', '-6582.42', '38.436', '3.07905', '120', '15', '0', '0', '0', '1', '0', '0', '0', '10');
INSERT INTO spawn_group (`groupId`, `spawnType`, `spawnId`) VALUES ('2', '0', '145235');
INSERT INTO creature_entry (`spawnID`, `entry`) VALUES ('145236', '16355');
INSERT INTO creature (`spawnID`, `map`, `spawnMask`, `modelid`, `equipment_id`, `position_x`, `position_y`, `position_z`, `orientation`, `spawntimesecs`, `spawndist`, `currentwaypoint`, `curhealth`, `curmana`, `MovementType`, `unit_flags`, `pool_id`, `patch_min`, `patch_max`) VALUES ('145236', '530', '1', NULL, '0', '6655.54', '-6584.17', '47.6991', '1.86014', '120', '15', '0', '0', '0', '1', '0', '0', '0', '10');
INSERT INTO spawn_group (`groupId`, `spawnType`, `spawnId`) VALUES ('2', '0', '145236');
INSERT INTO creature_entry (`spawnID`, `entry`) VALUES ('145237', '16355');
INSERT INTO creature (`spawnID`, `map`, `spawnMask`, `modelid`, `equipment_id`, `position_x`, `position_y`, `position_z`, `orientation`, `spawntimesecs`, `spawndist`, `currentwaypoint`, `curhealth`, `curmana`, `MovementType`, `unit_flags`, `pool_id`, `patch_min`, `patch_max`) VALUES ('145237', '530', '1', NULL, '0', '6777.14', '-6576.17', '22.5301', '2.00403', '120', '15', '0', '0', '0', '1', '0', '0', '0', '10');
INSERT INTO spawn_group (`groupId`, `spawnType`, `spawnId`) VALUES ('2', '0', '145237');
INSERT INTO creature_entry (`spawnID`, `entry`) VALUES ('145238', '16355');
INSERT INTO creature (`spawnID`, `map`, `spawnMask`, `modelid`, `equipment_id`, `position_x`, `position_y`, `position_z`, `orientation`, `spawntimesecs`, `spawndist`, `currentwaypoint`, `curhealth`, `curmana`, `MovementType`, `unit_flags`, `pool_id`, `patch_min`, `patch_max`) VALUES ('145238', '530', '1', NULL, '0', '6820.75', '-6629.13', '29.348', '4.57616', '120', '15', '0', '0', '0', '1', '0', '0', '0', '10');
INSERT INTO spawn_group (`groupId`, `spawnType`, `spawnId`) VALUES ('2', '0', '145238');
INSERT INTO creature_entry (`spawnID`, `entry`) VALUES ('145239', '16355');
INSERT INTO creature (`spawnID`, `map`, `spawnMask`, `modelid`, `equipment_id`, `position_x`, `position_y`, `position_z`, `orientation`, `spawntimesecs`, `spawndist`, `currentwaypoint`, `curhealth`, `curmana`, `MovementType`, `unit_flags`, `pool_id`, `patch_min`, `patch_max`) VALUES ('145239', '530', '1', NULL, '0', '6913.5', '-6392.07', '32.9911', '1.25275', '120', '15', '0', '0', '0', '1', '0', '0', '0', '10');
INSERT INTO spawn_group (`groupId`, `spawnType`, `spawnId`) VALUES ('2', '0', '145239');
INSERT INTO creature_entry (`spawnID`, `entry`) VALUES ('145240', '16355');
INSERT INTO creature (`spawnID`, `map`, `spawnMask`, `modelid`, `equipment_id`, `position_x`, `position_y`, `position_z`, `orientation`, `spawntimesecs`, `spawndist`, `currentwaypoint`, `curhealth`, `curmana`, `MovementType`, `unit_flags`, `pool_id`, `patch_min`, `patch_max`) VALUES ('145240', '530', '1', NULL, '0', '6786.89', '-6389.53', '33.699', '1.40115', '120', '15', '0', '0', '0', '1', '0', '0', '0', '10');
INSERT INTO spawn_group (`groupId`, `spawnType`, `spawnId`) VALUES ('2', '0', '145240');
INSERT INTO creature_entry (`spawnID`, `entry`) VALUES ('145241', '16355');
INSERT INTO creature (`spawnID`, `map`, `spawnMask`, `modelid`, `equipment_id`, `position_x`, `position_y`, `position_z`, `orientation`, `spawntimesecs`, `spawndist`, `currentwaypoint`, `curhealth`, `curmana`, `MovementType`, `unit_flags`, `pool_id`, `patch_min`, `patch_max`) VALUES ('145241', '530', '1', NULL, '0', '6834.16', '-6266.92', '28.8816', '0.769648', '120', '15', '0', '0', '0', '1', '0', '0', '0', '10');
INSERT INTO spawn_group (`groupId`, `spawnType`, `spawnId`) VALUES ('2', '0', '145241');
INSERT INTO creature_entry (`spawnID`, `entry`) VALUES ('145242', '16355');
INSERT INTO creature (`spawnID`, `map`, `spawnMask`, `modelid`, `equipment_id`, `position_x`, `position_y`, `position_z`, `orientation`, `spawntimesecs`, `spawndist`, `currentwaypoint`, `curhealth`, `curmana`, `MovementType`, `unit_flags`, `pool_id`, `patch_min`, `patch_max`) VALUES ('145242', '530', '1', NULL, '0', '6811.09', '-6309.69', '32.2756', '6.07257', '120', '15', '0', '0', '0', '1', '0', '0', '0', '10');
INSERT INTO spawn_group (`groupId`, `spawnType`, `spawnId`) VALUES ('2', '0', '145242');
INSERT INTO creature_entry (`spawnID`, `entry`) VALUES ('145243', '16355');
INSERT INTO creature (`spawnID`, `map`, `spawnMask`, `modelid`, `equipment_id`, `position_x`, `position_y`, `position_z`, `orientation`, `spawntimesecs`, `spawndist`, `currentwaypoint`, `curhealth`, `curmana`, `MovementType`, `unit_flags`, `pool_id`, `patch_min`, `patch_max`) VALUES ('145243', '530', '1', NULL, '0', '6746.92', '-6374.91', '38.5979', '0.952705', '120', '15', '0', '0', '0', '1', '0', '0', '0', '10');
INSERT INTO spawn_group (`groupId`, `spawnType`, `spawnId`) VALUES ('2', '0', '145243');
INSERT INTO creature_entry (`spawnID`, `entry`) VALUES ('145244', '16355');
INSERT INTO creature (`spawnID`, `map`, `spawnMask`, `modelid`, `equipment_id`, `position_x`, `position_y`, `position_z`, `orientation`, `spawntimesecs`, `spawndist`, `currentwaypoint`, `curhealth`, `curmana`, `MovementType`, `unit_flags`, `pool_id`, `patch_min`, `patch_max`) VALUES ('145244', '530', '1', NULL, '0', '6743.39', '-6254.04', '35.6867', '0.450548', '120', '15', '0', '0', '0', '1', '0', '0', '0', '10');
INSERT INTO spawn_group (`groupId`, `spawnType`, `spawnId`) VALUES ('2', '0', '145244');


-- Importing creature spawn with guid 82793 with import type REPLACE_ALL


-- Importing creature spawn with guid 82794 with import type REPLACE_ALL


-- Importing creature spawn with guid 82795 with import type REPLACE_ALL


-- Importing creature spawn with guid 82797 with import type REPLACE_ALL


-- Importing creature spawn with guid 82800 with import type REPLACE_ALL


-- Importing creature spawn with guid 82801 with import type REPLACE_ALL


-- Importing creature spawn with guid 82802 with import type REPLACE_ALL


-- Importing creature spawn with guid 82803 with import type REPLACE_ALL


-- Importing creature spawn with guid 82804 with import type REPLACE_ALL


-- Importing creature spawn with guid 82807 with import type REPLACE_ALL


-- Importing creature spawn with guid 82813 with import type REPLACE_ALL


-- Importing creature spawn with guid 82814 with import type REPLACE_ALL


-- Importing creature spawn with guid 82815 with import type REPLACE_ALL
INSERT INTO creature_entry (`spawnID`, `entry`) VALUES ('82850', '16319');
INSERT INTO creature (`spawnID`, `map`, `spawnMask`, `modelid`, `equipment_id`, `position_x`, `position_y`, `position_z`, `orientation`, `spawntimesecs`, `spawndist`, `currentwaypoint`, `curhealth`, `curmana`, `MovementType`, `unit_flags`, `pool_id`, `patch_min`, `patch_max`) VALUES ('82850', '530', '1', NULL, '0', '6307.02', '-6213.66', '80.417', '6.1398', '300', '5', '0', '417', '0', '1', '0', '0', '0', '10');
INSERT INTO spawn_group (`groupId`, `spawnType`, `spawnId`) VALUES ('2', '0', '82850');
INSERT INTO creature_entry (`spawnID`, `entry`) VALUES ('82852', '16319');
INSERT INTO creature (`spawnID`, `map`, `spawnMask`, `modelid`, `equipment_id`, `position_x`, `position_y`, `position_z`, `orientation`, `spawntimesecs`, `spawndist`, `currentwaypoint`, `curhealth`, `curmana`, `MovementType`, `unit_flags`, `pool_id`, `patch_min`, `patch_max`) VALUES ('82852', '530', '1', NULL, '0', '6272.51', '-6257.68', '80.57', '1.4195', '300', '5', '0', '417', '0', '1', '0', '0', '0', '10');
INSERT INTO spawn_group (`groupId`, `spawnType`, `spawnId`) VALUES ('2', '0', '82852');
INSERT INTO creature_entry (`spawnID`, `entry`) VALUES ('82867', '16319');
INSERT INTO creature (`spawnID`, `map`, `spawnMask`, `modelid`, `equipment_id`, `position_x`, `position_y`, `position_z`, `orientation`, `spawntimesecs`, `spawndist`, `currentwaypoint`, `curhealth`, `curmana`, `MovementType`, `unit_flags`, `pool_id`, `patch_min`, `patch_max`) VALUES ('82867', '530', '1', NULL, '0', '6296.8', '-6303.08', '79.898', '4.7771', '300', '5', '0', '417', '0', '1', '0', '0', '0', '10');
INSERT INTO spawn_group (`groupId`, `spawnType`, `spawnId`) VALUES ('2', '0', '82867');
INSERT INTO creature_entry (`spawnID`, `entry`) VALUES ('82887', '16319');
INSERT INTO creature (`spawnID`, `map`, `spawnMask`, `modelid`, `equipment_id`, `position_x`, `position_y`, `position_z`, `orientation`, `spawntimesecs`, `spawndist`, `currentwaypoint`, `curhealth`, `curmana`, `MovementType`, `unit_flags`, `pool_id`, `patch_min`, `patch_max`) VALUES ('82887', '530', '1', NULL, '0', '6395.93', '-6213.76', '71.929', '2.2285', '300', '5', '0', '417', '0', '1', '0', '0', '0', '10');
INSERT INTO spawn_group (`groupId`, `spawnType`, `spawnId`) VALUES ('2', '0', '82887');
INSERT INTO creature_entry (`spawnID`, `entry`) VALUES ('82888', '16319');
INSERT INTO creature (`spawnID`, `map`, `spawnMask`, `modelid`, `equipment_id`, `position_x`, `position_y`, `position_z`, `orientation`, `spawntimesecs`, `spawndist`, `currentwaypoint`, `curhealth`, `curmana`, `MovementType`, `unit_flags`, `pool_id`, `patch_min`, `patch_max`) VALUES ('82888', '530', '1', NULL, '0', '6422.43', '-6229.79', '66.734', '1.9065', '300', '5', '0', '417', '0', '1', '0', '0', '0', '10');
INSERT INTO spawn_group (`groupId`, `spawnType`, `spawnId`) VALUES ('2', '0', '82888');
INSERT INTO creature_entry (`spawnID`, `entry`) VALUES ('82900', '16319');
INSERT INTO creature (`spawnID`, `map`, `spawnMask`, `modelid`, `equipment_id`, `position_x`, `position_y`, `position_z`, `orientation`, `spawntimesecs`, `spawndist`, `currentwaypoint`, `curhealth`, `curmana`, `MovementType`, `unit_flags`, `pool_id`, `patch_min`, `patch_max`) VALUES ('82900', '530', '1', NULL, '0', '6398.82', '-6243.6', '68.761', '2.2183', '300', '5', '0', '417', '0', '1', '0', '0', '0', '10');
INSERT INTO spawn_group (`groupId`, `spawnType`, `spawnId`) VALUES ('2', '0', '82900');
INSERT INTO creature_entry (`spawnID`, `entry`) VALUES ('82909', '16319');
INSERT INTO creature (`spawnID`, `map`, `spawnMask`, `modelid`, `equipment_id`, `position_x`, `position_y`, `position_z`, `orientation`, `spawntimesecs`, `spawndist`, `currentwaypoint`, `curhealth`, `curmana`, `MovementType`, `unit_flags`, `pool_id`, `patch_min`, `patch_max`) VALUES ('82909', '530', '1', NULL, '0', '6360.07', '-6227.81', '72.586', '2.1303', '300', '5', '0', '417', '0', '1', '0', '0', '0', '10');
INSERT INTO spawn_group (`groupId`, `spawnType`, `spawnId`) VALUES ('2', '0', '82909');
INSERT INTO creature_entry (`spawnID`, `entry`) VALUES ('82910', '16319');
INSERT INTO creature (`spawnID`, `map`, `spawnMask`, `modelid`, `equipment_id`, `position_x`, `position_y`, `position_z`, `orientation`, `spawntimesecs`, `spawndist`, `currentwaypoint`, `curhealth`, `curmana`, `MovementType`, `unit_flags`, `pool_id`, `patch_min`, `patch_max`) VALUES ('82910', '530', '1', NULL, '0', '6267.04', '-6292.86', '80.604', '0.5556', '300', '5', '0', '417', '0', '1', '0', '0', '0', '10');
INSERT INTO spawn_group (`groupId`, `spawnType`, `spawnId`) VALUES ('2', '0', '82910');
INSERT INTO creature_entry (`spawnID`, `entry`) VALUES ('82841', '16319');
INSERT INTO creature (`spawnID`, `map`, `spawnMask`, `modelid`, `equipment_id`, `position_x`, `position_y`, `position_z`, `orientation`, `spawntimesecs`, `spawndist`, `currentwaypoint`, `curhealth`, `curmana`, `MovementType`, `unit_flags`, `pool_id`, `patch_min`, `patch_max`) VALUES ('82841', '530', '1', NULL, '0', '6455.78', '-6221.85', '63.585', '4.6828', '300', '5', '0', '417', '0', '1', '0', '0', '0', '10');
INSERT INTO creature_entry (`spawnID`, `entry`) VALUES ('82916', '16319');
INSERT INTO creature (`spawnID`, `map`, `spawnMask`, `modelid`, `equipment_id`, `position_x`, `position_y`, `position_z`, `orientation`, `spawntimesecs`, `spawndist`, `currentwaypoint`, `curhealth`, `curmana`, `MovementType`, `unit_flags`, `pool_id`, `patch_min`, `patch_max`) VALUES ('82916', '530', '1', NULL, '0', '6553.19', '-6229.25', '54.462', '4.8863', '300', '5', '0', '417', '0', '1', '0', '0', '0', '10');
INSERT INTO spawn_group (`groupId`, `spawnType`, `spawnId`) VALUES ('2', '0', '82916');
INSERT INTO creature_entry (`spawnID`, `entry`) VALUES ('82864', '16319');
INSERT INTO creature (`spawnID`, `map`, `spawnMask`, `modelid`, `equipment_id`, `position_x`, `position_y`, `position_z`, `orientation`, `spawntimesecs`, `spawndist`, `currentwaypoint`, `curhealth`, `curmana`, `MovementType`, `unit_flags`, `pool_id`, `patch_min`, `patch_max`) VALUES ('82864', '530', '1', NULL, '0', '6587.96', '-6204.04', '52.907', '4.1519', '300', '5', '0', '417', '0', '1', '0', '0', '0', '10');
INSERT INTO pool_template (`entry`, `max_limit`, `description`) VALUES ('1117', '1', 'Araga');
INSERT INTO pool_creature (`guid`, `pool_entry`, `chance`, `description`) VALUES ('82864', '1117', '0', 'Araga (14222) - Spawn 1');
INSERT INTO creature_entry (`spawnID`, `entry`) VALUES ('82932', '16319');
INSERT INTO creature (`spawnID`, `map`, `spawnMask`, `modelid`, `equipment_id`, `position_x`, `position_y`, `position_z`, `orientation`, `spawntimesecs`, `spawndist`, `currentwaypoint`, `curhealth`, `curmana`, `MovementType`, `unit_flags`, `pool_id`, `patch_min`, `patch_max`) VALUES ('82932', '530', '1', NULL, '0', '6591.73', '-6242.59', '45.86', '4.5061', '300', '5', '0', '417', '0', '1', '0', '0', '0', '10');
DELETE ce, c1, c2, sg FROM creature_entry ce LEFT JOIN conditions c1 ON c1.ConditionTypeOrReference = 31 AND c1.ConditionValue1 = 3 AND c1.ConditionValue3 = 1081900 LEFT JOIN conditions c2 ON c2.SourceTypeOrReferenceId = 22 AND c2.SourceId = 0 AND c1.SourceEntry = -1081900 LEFT JOIN spawn_group sg ON sg.spawnId = 1081900 AND spawnType = 0 WHERE ce.spawnID = 1081900;
DELETE ce, c1, c2, sg FROM creature_entry ce LEFT JOIN conditions c1 ON c1.ConditionTypeOrReference = 31 AND c1.ConditionValue1 = 3 AND c1.ConditionValue3 = 1081902 LEFT JOIN conditions c2 ON c2.SourceTypeOrReferenceId = 22 AND c2.SourceId = 0 AND c1.SourceEntry = -1081902 LEFT JOIN spawn_group sg ON sg.spawnId = 1081902 AND spawnType = 0 WHERE ce.spawnID = 1081902;
DELETE ce, c1, c2, sg FROM creature_entry ce LEFT JOIN conditions c1 ON c1.ConditionTypeOrReference = 31 AND c1.ConditionValue1 = 3 AND c1.ConditionValue3 = 1081917 LEFT JOIN conditions c2 ON c2.SourceTypeOrReferenceId = 22 AND c2.SourceId = 0 AND c1.SourceEntry = -1081917 LEFT JOIN spawn_group sg ON sg.spawnId = 1081917 AND spawnType = 0 WHERE ce.spawnID = 1081917;
DELETE ce, c1, c2, sg FROM creature_entry ce LEFT JOIN conditions c1 ON c1.ConditionTypeOrReference = 31 AND c1.ConditionValue1 = 3 AND c1.ConditionValue3 = 1081937 LEFT JOIN conditions c2 ON c2.SourceTypeOrReferenceId = 22 AND c2.SourceId = 0 AND c1.SourceEntry = -1081937 LEFT JOIN spawn_group sg ON sg.spawnId = 1081937 AND spawnType = 0 WHERE ce.spawnID = 1081937;
DELETE ce, c1, c2, sg FROM creature_entry ce LEFT JOIN conditions c1 ON c1.ConditionTypeOrReference = 31 AND c1.ConditionValue1 = 3 AND c1.ConditionValue3 = 1081938 LEFT JOIN conditions c2 ON c2.SourceTypeOrReferenceId = 22 AND c2.SourceId = 0 AND c1.SourceEntry = -1081938 LEFT JOIN spawn_group sg ON sg.spawnId = 1081938 AND spawnType = 0 WHERE ce.spawnID = 1081938;
DELETE ce, c1, c2, sg FROM creature_entry ce LEFT JOIN conditions c1 ON c1.ConditionTypeOrReference = 31 AND c1.ConditionValue1 = 3 AND c1.ConditionValue3 = 1081950 LEFT JOIN conditions c2 ON c2.SourceTypeOrReferenceId = 22 AND c2.SourceId = 0 AND c1.SourceEntry = -1081950 LEFT JOIN spawn_group sg ON sg.spawnId = 1081950 AND spawnType = 0 WHERE ce.spawnID = 1081950;
DELETE ce, c1, c2, sg FROM creature_entry ce LEFT JOIN conditions c1 ON c1.ConditionTypeOrReference = 31 AND c1.ConditionValue1 = 3 AND c1.ConditionValue3 = 1081959 LEFT JOIN conditions c2 ON c2.SourceTypeOrReferenceId = 22 AND c2.SourceId = 0 AND c1.SourceEntry = -1081959 LEFT JOIN spawn_group sg ON sg.spawnId = 1081959 AND spawnType = 0 WHERE ce.spawnID = 1081959;
DELETE ce, c1, c2, sg FROM creature_entry ce LEFT JOIN conditions c1 ON c1.ConditionTypeOrReference = 31 AND c1.ConditionValue1 = 3 AND c1.ConditionValue3 = 1081960 LEFT JOIN conditions c2 ON c2.SourceTypeOrReferenceId = 22 AND c2.SourceId = 0 AND c1.SourceEntry = -1081960 LEFT JOIN spawn_group sg ON sg.spawnId = 1081960 AND spawnType = 0 WHERE ce.spawnID = 1081960;


-- Importing creature spawn with guid 82818 with import type REPLACE_ALL


-- Importing creature spawn with guid 82829 with import type REPLACE_ALL


-- Importing creature spawn with guid 82839 with import type REPLACE_ALL


-- Importing creature spawn with guid 82840 with import type REPLACE_ALL


-- Importing creature spawn with guid 82842 with import type REPLACE_ALL


-- Importing creature spawn with guid 82846 with import type REPLACE_ALL


-- Importing creature spawn with guid 82848 with import type REPLACE_ALL


-- Importing creature spawn with guid 82850 with import type REPLACE_ALL


-- Importing creature spawn with guid 82852 with import type REPLACE_ALL


-- Importing creature spawn with guid 82855 with import type REPLACE_ALL


-- Importing creature spawn with guid 82867 with import type REPLACE_ALL


-- Importing creature spawn with guid 82881 with import type REPLACE_ALL


-- Importing creature spawn with guid 82887 with import type REPLACE_ALL


-- Importing creature spawn with guid 82888 with import type REPLACE_ALL


-- Importing creature spawn with guid 82896 with import type REPLACE_ALL


-- Importing creature spawn with guid 82900 with import type REPLACE_ALL


-- Importing creature spawn with guid 82901 with import type REPLACE_ALL


-- Importing creature spawn with guid 82908 with import type REPLACE_ALL


-- Importing creature spawn with guid 82909 with import type REPLACE_ALL


-- Importing creature spawn with guid 82910 with import type REPLACE_ALL


-- Importing creature spawn with guid 82920 with import type REPLACE_ALL


-- Importing creature spawn with guid 82922 with import type REPLACE_ALL


-- Importing creature spawn with guid 82928 with import type REPLACE_ALL


-- Importing creature spawn with guid 84400 with import type REPLACE_ALL
INSERT INTO creature_entry (`spawnID`, `entry`) VALUES ('134899', '19171');
INSERT INTO creature (`spawnID`, `map`, `spawnMask`, `modelid`, `equipment_id`, `position_x`, `position_y`, `position_z`, `orientation`, `spawntimesecs`, `spawndist`, `currentwaypoint`, `curhealth`, `curmana`, `MovementType`, `unit_flags`, `pool_id`, `patch_min`, `patch_max`) VALUES ('134899', '530', '1', NULL, '0', '-4270.06', '-11333.1', '5.57545', '4.67748', '120', '0', '0', '1', '0', '0', '0', '0', '0', '10');
INSERT INTO game_event_creature (`event`, `guid`) VALUES ('51', '134899');
INSERT INTO creature_entry (`spawnID`, `entry`) VALUES ('134900', '19171');
INSERT INTO creature (`spawnID`, `map`, `spawnMask`, `modelid`, `equipment_id`, `position_x`, `position_y`, `position_z`, `orientation`, `spawntimesecs`, `spawndist`, `currentwaypoint`, `curhealth`, `curmana`, `MovementType`, `unit_flags`, `pool_id`, `patch_min`, `patch_max`) VALUES ('134900', '530', '1', NULL, '0', '-4269.71', '-11336.5', '5.80931', '1.69297', '120', '0', '0', '1', '0', '0', '0', '0', '0', '10');
INSERT INTO game_event_creature (`event`, `guid`) VALUES ('51', '134900');
DELETE ce, c1, c2, sg FROM creature_entry ce LEFT JOIN conditions c1 ON c1.ConditionTypeOrReference = 31 AND c1.ConditionValue1 = 3 AND c1.ConditionValue3 = 1090202 LEFT JOIN conditions c2 ON c2.SourceTypeOrReferenceId = 22 AND c2.SourceId = 0 AND c1.SourceEntry = -1090202 LEFT JOIN spawn_group sg ON sg.spawnId = 1090202 AND spawnType = 0 WHERE ce.spawnID = 1090202;


-- Importing creature spawn with guid 84409 with import type REPLACE_ALL


-- Importing creature spawn with guid 84410 with import type REPLACE_ALL


-- Importing creature spawn with guid 84419 with import type REPLACE_ALL
INSERT INTO creature_entry (`spawnID`, `entry`) VALUES ('134965', '19169');
INSERT INTO creature (`spawnID`, `map`, `spawnMask`, `modelid`, `equipment_id`, `position_x`, `position_y`, `position_z`, `orientation`, `spawntimesecs`, `spawndist`, `currentwaypoint`, `curhealth`, `curmana`, `MovementType`, `unit_flags`, `pool_id`, `patch_min`, `patch_max`) VALUES ('134965', '571', '1', NULL, '0', '5889.57', '550.355', '639.637', '1.57167', '300', '0', '0', '42', '0', '0', '0', '0', '5', '10');
INSERT INTO game_event_creature (`event`, `guid`) VALUES ('51', '134965');
INSERT INTO creature_entry (`spawnID`, `entry`) VALUES ('134966', '19169');
INSERT INTO creature (`spawnID`, `map`, `spawnMask`, `modelid`, `equipment_id`, `position_x`, `position_y`, `position_z`, `orientation`, `spawntimesecs`, `spawndist`, `currentwaypoint`, `curhealth`, `curmana`, `MovementType`, `unit_flags`, `pool_id`, `patch_min`, `patch_max`) VALUES ('134966', '571', '1', NULL, '0', '5928.98', '639.593', '645.557', '3.01052', '300', '0', '0', '42', '0', '0', '0', '0', '5', '10');
INSERT INTO game_event_creature (`event`, `guid`) VALUES ('51', '134966');
INSERT INTO creature_entry (`spawnID`, `entry`) VALUES ('134891', '19169');
INSERT INTO creature (`spawnID`, `map`, `spawnMask`, `modelid`, `equipment_id`, `position_x`, `position_y`, `position_z`, `orientation`, `spawntimesecs`, `spawndist`, `currentwaypoint`, `curhealth`, `curmana`, `MovementType`, `unit_flags`, `pool_id`, `patch_min`, `patch_max`) VALUES ('134891', '530', '1', NULL, '0', '9556.56', '-7157.38', '14.2799', '6.10865', '120', '0', '0', '1', '0', '0', '0', '0', '0', '10');
INSERT INTO game_event_creature (`event`, `guid`) VALUES ('51', '134891');
INSERT INTO creature_entry (`spawnID`, `entry`) VALUES ('134892', '19169');
INSERT INTO creature (`spawnID`, `map`, `spawnMask`, `modelid`, `equipment_id`, `position_x`, `position_y`, `position_z`, `orientation`, `spawntimesecs`, `spawndist`, `currentwaypoint`, `curhealth`, `curmana`, `MovementType`, `unit_flags`, `pool_id`, `patch_min`, `patch_max`) VALUES ('134892', '530', '1', NULL, '0', '9558.34', '-7157.94', '14.3132', '2.63545', '120', '0', '0', '1', '0', '0', '0', '0', '0', '10');
INSERT INTO game_event_creature (`event`, `guid`) VALUES ('51', '134892');
INSERT INTO creature_entry (`spawnID`, `entry`) VALUES ('134893', '19169');
INSERT INTO creature (`spawnID`, `map`, `spawnMask`, `modelid`, `equipment_id`, `position_x`, `position_y`, `position_z`, `orientation`, `spawntimesecs`, `spawndist`, `currentwaypoint`, `curhealth`, `curmana`, `MovementType`, `unit_flags`, `pool_id`, `patch_min`, `patch_max`) VALUES ('134893', '530', '1', NULL, '0', '9757.39', '-7485.7', '13.6171', '4.76475', '120', '0', '0', '1', '0', '0', '0', '0', '0', '10');
INSERT INTO game_event_creature (`event`, `guid`) VALUES ('51', '134893');
INSERT INTO creature_entry (`spawnID`, `entry`) VALUES ('134894', '19169');
INSERT INTO creature (`spawnID`, `map`, `spawnMask`, `modelid`, `equipment_id`, `position_x`, `position_y`, `position_z`, `orientation`, `spawntimesecs`, `spawndist`, `currentwaypoint`, `curhealth`, `curmana`, `MovementType`, `unit_flags`, `pool_id`, `patch_min`, `patch_max`) VALUES ('134894', '530', '1', NULL, '0', '9757.64', '-7487.37', '13.6167', '1.55334', '120', '0', '0', '1', '0', '0', '0', '0', '0', '10');
INSERT INTO game_event_creature (`event`, `guid`) VALUES ('51', '134894');
INSERT INTO creature_entry (`spawnID`, `entry`) VALUES ('134895', '19169');
INSERT INTO creature (`spawnID`, `map`, `spawnMask`, `modelid`, `equipment_id`, `position_x`, `position_y`, `position_z`, `orientation`, `spawntimesecs`, `spawndist`, `currentwaypoint`, `curhealth`, `curmana`, `MovementType`, `unit_flags`, `pool_id`, `patch_min`, `patch_max`) VALUES ('134895', '571', '1', NULL, '0', '5942.95', '629.234', '650.668', '1.5708', '120', '0', '0', '1', '0', '0', '0', '0', '5', '10');
INSERT INTO game_event_creature (`event`, `guid`) VALUES ('51', '134895');
INSERT INTO creature_entry (`spawnID`, `entry`) VALUES ('134896', '19169');
INSERT INTO creature (`spawnID`, `map`, `spawnMask`, `modelid`, `equipment_id`, `position_x`, `position_y`, `position_z`, `orientation`, `spawntimesecs`, `spawndist`, `currentwaypoint`, `curhealth`, `curmana`, `MovementType`, `unit_flags`, `pool_id`, `patch_min`, `patch_max`) VALUES ('134896', '571', '1', NULL, '0', '5943.17', '630.894', '650.666', '4.90438', '120', '0', '0', '1', '0', '0', '0', '0', '5', '10');
INSERT INTO game_event_creature (`event`, `guid`) VALUES ('51', '134896');
INSERT INTO creature_entry (`spawnID`, `entry`) VALUES ('134897', '19169');
INSERT INTO creature (`spawnID`, `map`, `spawnMask`, `modelid`, `equipment_id`, `position_x`, `position_y`, `position_z`, `orientation`, `spawntimesecs`, `spawndist`, `currentwaypoint`, `curhealth`, `curmana`, `MovementType`, `unit_flags`, `pool_id`, `patch_min`, `patch_max`) VALUES ('134897', '571', '1', NULL, '0', '5899.04', '532.766', '640.979', '4.90438', '120', '0', '0', '1', '0', '0', '0', '0', '5', '10');
INSERT INTO game_event_creature (`event`, `guid`) VALUES ('51', '134897');
INSERT INTO creature_entry (`spawnID`, `entry`) VALUES ('134898', '19169');
INSERT INTO creature (`spawnID`, `map`, `spawnMask`, `modelid`, `equipment_id`, `position_x`, `position_y`, `position_z`, `orientation`, `spawntimesecs`, `spawndist`, `currentwaypoint`, `curhealth`, `curmana`, `MovementType`, `unit_flags`, `pool_id`, `patch_min`, `patch_max`) VALUES ('134898', '571', '1', NULL, '0', '5899.1', '530.898', '641.056', '1.67552', '120', '0', '0', '1', '0', '0', '0', '0', '5', '10');
INSERT INTO game_event_creature (`event`, `guid`) VALUES ('51', '134898');


-- Importing creature spawn with guid 84424 with import type REPLACE_ALL


-- Importing creature spawn with guid 84430 with import type REPLACE_ALL


-- Importing creature spawn with guid 84435 with import type REPLACE_ALL


-- Importing creature spawn with guid 84440 with import type REPLACE_ALL


-- Importing creature spawn with guid 84441 with import type REPLACE_ALL


-- Importing creature spawn with guid 145181 with import type REPLACE_ALL


-- Importing creature spawn with guid 84937 with import type REPLACE_ALL


-- Importing creature spawn with guid 84903 with import type REPLACE_ALL


-- Importing creature spawn with guid 68455 with import type REPLACE_ALL


-- Importing creature spawn with guid 185 with import type REPLACE_ALL


-- Importing creature spawn with guid 86154 with import type REPLACE_ALL


-- Importing creature spawn with guid 68454 with import type REPLACE_ALL


-- Importing creature spawn with guid 86170 with import type REPLACE_ALL
INSERT INTO creature_entry (`spawnID`, `entry`) VALUES ('134473', '1130');
INSERT INTO creature (`spawnID`, `map`, `spawnMask`, `modelid`, `equipment_id`, `position_x`, `position_y`, `position_z`, `orientation`, `spawntimesecs`, `spawndist`, `currentwaypoint`, `curhealth`, `curmana`, `MovementType`, `unit_flags`, `pool_id`, `patch_min`, `patch_max`) VALUES ('134473', '0', '1', NULL, '0', '-5796.19', '-1279.61', '380.612', '0.0238605', '7200', '30', '0', '247', '0', '1', '0', '0', '0', '10');
INSERT INTO pool_template (`entry`, `max_limit`, `description`) VALUES ('1064', '1', 'Bjarn (1130)');
INSERT INTO pool_creature (`guid`, `pool_entry`, `chance`, `description`) VALUES ('134473', '1064', '0', 'Bjarn (1130) - Spawn 2');
INSERT INTO creature_entry (`spawnID`, `entry`) VALUES ('134474', '1130');
INSERT INTO creature (`spawnID`, `map`, `spawnMask`, `modelid`, `equipment_id`, `position_x`, `position_y`, `position_z`, `orientation`, `spawntimesecs`, `spawndist`, `currentwaypoint`, `curhealth`, `curmana`, `MovementType`, `unit_flags`, `pool_id`, `patch_min`, `patch_max`) VALUES ('134474', '0', '1', NULL, '0', '-5795.53', '-1125.64', '380.152', '6.2073', '7200', '30', '0', '247', '0', '1', '0', '0', '0', '10');
INSERT INTO pool_creature (`guid`, `pool_entry`, `chance`, `description`) VALUES ('134474', '1064', '0', 'Bjarn (1130) - Spawn 3');
INSERT INTO creature_entry (`spawnID`, `entry`) VALUES ('134475', '1130');
INSERT INTO creature (`spawnID`, `map`, `spawnMask`, `modelid`, `equipment_id`, `position_x`, `position_y`, `position_z`, `orientation`, `spawntimesecs`, `spawndist`, `currentwaypoint`, `curhealth`, `curmana`, `MovementType`, `unit_flags`, `pool_id`, `patch_min`, `patch_max`) VALUES ('134475', '0', '1', NULL, '0', '-5798.45', '-799.914', '397.554', '5.3787', '7200', '30', '0', '247', '0', '1', '0', '0', '0', '10');
INSERT INTO pool_creature (`guid`, `pool_entry`, `chance`, `description`) VALUES ('134475', '1064', '0', 'Bjarn (1130) - Spawn 4');
DELETE ce, c1, c2, sg FROM creature_entry ce LEFT JOIN conditions c1 ON c1.ConditionTypeOrReference = 31 AND c1.ConditionValue1 = 3 AND c1.ConditionValue3 = 1095424 LEFT JOIN conditions c2 ON c2.SourceTypeOrReferenceId = 22 AND c2.SourceId = 0 AND c1.SourceEntry = -1095424 LEFT JOIN spawn_group sg ON sg.spawnId = 1095424 AND spawnType = 0 WHERE ce.spawnID = 1095424;


-- Importing creature spawn with guid 83242 with import type REPLACE_ALL


-- Importing creature spawn with guid 86185 with import type REPLACE_ALL
INSERT INTO creature_entry (`spawnID`, `entry`) VALUES ('86185', '13000');
INSERT INTO creature (`spawnID`, `map`, `spawnMask`, `modelid`, `equipment_id`, `position_x`, `position_y`, `position_z`, `orientation`, `spawntimesecs`, `spawndist`, `currentwaypoint`, `curhealth`, `curmana`, `MovementType`, `unit_flags`, `pool_id`, `patch_min`, `patch_max`) VALUES ('86185', '0', '1', NULL, '1', '-4762', '-1701', '503.324', '1.843', '570', '0', '0', '328', '0', '0', '0', '0', '0', '10');
INSERT INTO creature_entry (`spawnID`, `entry`) VALUES ('86186', '13000');
INSERT INTO creature (`spawnID`, `map`, `spawnMask`, `modelid`, `equipment_id`, `position_x`, `position_y`, `position_z`, `orientation`, `spawntimesecs`, `spawndist`, `currentwaypoint`, `curhealth`, `curmana`, `MovementType`, `unit_flags`, `pool_id`, `patch_min`, `patch_max`) VALUES ('86186', '0', '1', NULL, '1', '-4754', '-1644', '503.408', '5.62', '570', '0', '0', '328', '0', '0', '0', '0', '0', '10');
INSERT INTO creature_entry (`spawnID`, `entry`) VALUES ('86187', '13000');
INSERT INTO creature (`spawnID`, `map`, `spawnMask`, `modelid`, `equipment_id`, `position_x`, `position_y`, `position_z`, `orientation`, `spawntimesecs`, `spawndist`, `currentwaypoint`, `curhealth`, `curmana`, `MovementType`, `unit_flags`, `pool_id`, `patch_min`, `patch_max`) VALUES ('86187', '0', '1', NULL, '1', '-4747', '-1702', '503.324', '3.885', '570', '0', '0', '328', '0', '0', '0', '0', '0', '10');
INSERT INTO creature_entry (`spawnID`, `entry`) VALUES ('86188', '13000');
INSERT INTO creature (`spawnID`, `map`, `spawnMask`, `modelid`, `equipment_id`, `position_x`, `position_y`, `position_z`, `orientation`, `spawntimesecs`, `spawndist`, `currentwaypoint`, `curhealth`, `curmana`, `MovementType`, `unit_flags`, `pool_id`, `patch_min`, `patch_max`) VALUES ('86188', '0', '1', NULL, '1', '-4739', '-1705', '503.408', '5.253', '570', '0', '0', '328', '0', '0', '0', '0', '0', '10');
INSERT INTO creature_entry (`spawnID`, `entry`) VALUES ('86189', '13000');
INSERT INTO creature (`spawnID`, `map`, `spawnMask`, `modelid`, `equipment_id`, `position_x`, `position_y`, `position_z`, `orientation`, `spawntimesecs`, `spawndist`, `currentwaypoint`, `curhealth`, `curmana`, `MovementType`, `unit_flags`, `pool_id`, `patch_min`, `patch_max`) VALUES ('86189', '0', '1', NULL, '1', '-4726', '-1705', '503.324', '2.173', '570', '0', '0', '328', '0', '0', '0', '0', '0', '10');
DELETE ce, c1, c2, sg FROM creature_entry ce LEFT JOIN conditions c1 ON c1.ConditionTypeOrReference = 31 AND c1.ConditionValue1 = 3 AND c1.ConditionValue3 = 1084937 LEFT JOIN conditions c2 ON c2.SourceTypeOrReferenceId = 22 AND c2.SourceId = 0 AND c1.SourceEntry = -1084937 LEFT JOIN spawn_group sg ON sg.spawnId = 1084937 AND spawnType = 0 WHERE ce.spawnID = 1084937;
DELETE ce, c1, c2, sg FROM creature_entry ce LEFT JOIN conditions c1 ON c1.ConditionTypeOrReference = 31 AND c1.ConditionValue1 = 3 AND c1.ConditionValue3 = 1084940 LEFT JOIN conditions c2 ON c2.SourceTypeOrReferenceId = 22 AND c2.SourceId = 0 AND c1.SourceEntry = -1084940 LEFT JOIN spawn_group sg ON sg.spawnId = 1084940 AND spawnType = 0 WHERE ce.spawnID = 1084940;


-- Importing creature spawn with guid 86186 with import type REPLACE_ALL


-- Importing creature spawn with guid 86187 with import type REPLACE_ALL


-- Importing creature spawn with guid 86188 with import type REPLACE_ALL


-- Importing creature spawn with guid 86189 with import type REPLACE_ALL


-- Importing creature spawn with guid 86263 with import type REPLACE_ALL


-- Importing creature spawn with guid 53942 with import type REPLACE_ALL


-- Importing creature spawn with guid 27597 with import type REPLACE_ALL


-- Importing creature spawn with guid 52415 with import type REPLACE_ALL


-- Importing creature spawn with guid 145180 with import type REPLACE_ALL


-- Importing creature spawn with guid 28664 with import type REPLACE_ALL


-- Importing creature spawn with guid 28663 with import type REPLACE_ALL


-- Importing creature spawn with guid 28662 with import type REPLACE_ALL


-- Importing creature spawn with guid 65002 with import type REPLACE_ALL


-- Importing creature spawn with guid 28657 with import type REPLACE_ALL


-- Importing creature spawn with guid 203102 with import type REPLACE_ALL


-- Importing creature spawn with guid 203103 with import type REPLACE_ALL


-- Importing creature spawn with guid 28661 with import type REPLACE_ALL


-- Importing creature spawn with guid 28660 with import type REPLACE_ALL


-- Importing creature spawn with guid 28659 with import type REPLACE_ALL


-- Importing creature spawn with guid 28658 with import type REPLACE_ALL


-- Importing creature spawn with guid 65003 with import type REPLACE_ALL


-- Importing creature spawn with guid 86672 with import type REPLACE_ALL
INSERT INTO creature_entry (`spawnID`, `entry`) VALUES ('86674', '21796');
INSERT INTO creature (`spawnID`, `map`, `spawnMask`, `modelid`, `equipment_id`, `position_x`, `position_y`, `position_z`, `orientation`, `spawntimesecs`, `spawndist`, `currentwaypoint`, `curhealth`, `curmana`, `MovementType`, `unit_flags`, `pool_id`, `patch_min`, `patch_max`) VALUES ('86674', '530', '1', NULL, '0', '1762.19', '5629.77', '266.402', '2.58789', '1488', '0', '0', '6116', '0', '0', '0', '0', '0', '10');


-- Importing creature spawn with guid 86673 with import type REPLACE_ALL


-- Importing creature spawn with guid 86674 with import type REPLACE_ALL


-- Importing creature spawn with guid 86675 with import type REPLACE_ALL


-- Importing creature spawn with guid 86676 with import type REPLACE_ALL


-- Importing creature spawn with guid 86677 with import type REPLACE_ALL


-- Importing creature spawn with guid 86678 with import type REPLACE_ALL


-- Importing creature spawn with guid 86679 with import type REPLACE_ALL


-- Importing creature spawn with guid 86680 with import type REPLACE_ALL


-- Importing creature spawn with guid 86681 with import type REPLACE_ALL


-- Importing creature spawn with guid 86682 with import type REPLACE_ALL


-- Importing creature spawn with guid 86683 with import type REPLACE_ALL


-- Importing creature spawn with guid 86684 with import type REPLACE_ALL


-- Importing creature spawn with guid 86685 with import type REPLACE_ALL


-- Importing creature spawn with guid 86686 with import type REPLACE_ALL


-- Importing creature spawn with guid 86687 with import type REPLACE_ALL


-- Importing creature spawn with guid 86688 with import type REPLACE_ALL


-- Importing creature spawn with guid 86689 with import type REPLACE_ALL


-- Importing creature spawn with guid 86690 with import type REPLACE_ALL


-- Importing creature spawn with guid 86691 with import type REPLACE_ALL


-- Importing creature spawn with guid 86692 with import type REPLACE_ALL


-- Importing creature spawn with guid 86693 with import type REPLACE_ALL


-- Importing creature spawn with guid 86694 with import type REPLACE_ALL


-- Importing creature spawn with guid 203100 with import type REPLACE_ALL


-- Importing creature spawn with guid 203101 with import type REPLACE_ALL


-- Importing creature spawn with guid 20297 with import type REPLACE_ALL


-- Importing creature spawn with guid 19351 with import type REPLACE_ALL


-- Importing creature spawn with guid 77836 with import type REPLACE_ALL


-- Importing creature spawn with guid 77835 with import type REPLACE_ALL


-- Importing creature spawn with guid 77834 with import type REPLACE_ALL


-- Importing creature spawn with guid 77833 with import type REPLACE_ALL


-- Importing creature spawn with guid 77832 with import type REPLACE_ALL


-- Importing creature spawn with guid 76510 with import type REPLACE_ALL


-- Importing creature spawn with guid 76509 with import type REPLACE_ALL


-- Importing creature spawn with guid 76508 with import type REPLACE_ALL


-- Importing creature spawn with guid 76446 with import type REPLACE_ALL


-- Importing creature spawn with guid 73518 with import type REPLACE_ALL


-- Importing creature spawn with guid 70708 with import type REPLACE_ALL


-- Importing creature spawn with guid 70707 with import type REPLACE_ALL


-- Importing creature spawn with guid 70706 with import type REPLACE_ALL


-- Importing creature spawn with guid 70705 with import type REPLACE_ALL


-- Importing creature spawn with guid 70704 with import type REPLACE_ALL


-- Importing creature spawn with guid 70703 with import type REPLACE_ALL


-- Importing creature spawn with guid 70702 with import type REPLACE_ALL


-- Importing creature spawn with guid 203093 with import type REPLACE_ALL


-- Importing creature spawn with guid 77890 with import type REPLACE_ALL


-- Importing creature spawn with guid 77889 with import type REPLACE_ALL


-- Importing creature spawn with guid 77888 with import type REPLACE_ALL


-- Importing creature spawn with guid 77887 with import type REPLACE_ALL


-- Importing creature spawn with guid 77886 with import type REPLACE_ALL


-- Importing creature spawn with guid 77885 with import type REPLACE_ALL


-- Importing creature spawn with guid 77884 with import type REPLACE_ALL


-- Importing creature spawn with guid 77883 with import type REPLACE_ALL


-- Importing creature spawn with guid 77882 with import type REPLACE_ALL


-- Importing creature spawn with guid 77881 with import type REPLACE_ALL


-- Importing creature spawn with guid 203094 with import type REPLACE_ALL


-- Importing creature spawn with guid 77837 with import type REPLACE_ALL


-- Importing creature spawn with guid 28653 with import type REPLACE_ALL


-- Importing creature spawn with guid 28652 with import type REPLACE_ALL


-- Importing creature spawn with guid 28651 with import type REPLACE_ALL


-- Importing creature spawn with guid 28650 with import type REPLACE_ALL


-- Importing creature spawn with guid 19345 with import type REPLACE_ALL


-- Importing creature spawn with guid 19342 with import type REPLACE_ALL


-- Importing creature spawn with guid 17339 with import type REPLACE_ALL


-- Importing creature spawn with guid 56326 with import type REPLACE_ALL


-- Importing creature spawn with guid 56499 with import type REPLACE_ALL


-- Importing creature spawn with guid 56618 with import type REPLACE_ALL


-- Importing creature spawn with guid 57163 with import type REPLACE_ALL


-- Importing creature spawn with guid 68508 with import type REPLACE_ALL


-- Importing creature spawn with guid 68507 with import type REPLACE_ALL


-- Importing creature spawn with guid 68506 with import type REPLACE_ALL


-- Importing creature spawn with guid 68512 with import type REPLACE_ALL


-- Importing creature spawn with guid 68505 with import type REPLACE_ALL


-- Importing creature spawn with guid 68504 with import type REPLACE_ALL


-- Importing creature spawn with guid 68503 with import type REPLACE_ALL


-- Importing creature spawn with guid 68502 with import type REPLACE_ALL


-- Importing creature spawn with guid 68509 with import type REPLACE_ALL


-- Importing creature spawn with guid 68511 with import type REPLACE_ALL


-- Importing creature spawn with guid 68510 with import type REPLACE_ALL


-- Importing creature spawn with guid 68501 with import type REPLACE_ALL


-- Importing creature spawn with guid 130434 with import type REPLACE_ALL


-- Importing creature spawn with guid 53941 with import type REPLACE_ALL
INSERT INTO creature_entry (`spawnID`, `entry`) VALUES ('53941', '24484');
INSERT INTO creature (`spawnID`, `map`, `spawnMask`, `modelid`, `equipment_id`, `position_x`, `position_y`, `position_z`, `orientation`, `spawntimesecs`, `spawndist`, `currentwaypoint`, `curhealth`, `curmana`, `MovementType`, `unit_flags`, `pool_id`, `patch_min`, `patch_max`) VALUES ('53941', '0', '1', '21860', '0', '-9145.26', '339.64', '90.6757', '0.052739', '450', '0', '0', '2215', '0', '0', '0', '0', '0', '10');
INSERT INTO creature_addon (`spawnID`, `path_id`, `mount`, `bytes0`, `bytes1`, `bytes2`, `emote`, `auras`) VALUES ('53941', NULL, '0', '0', '0', '4097', '0', '43912');
INSERT INTO game_event_creature (`event`, `guid`) VALUES ('24', '53941');
INSERT INTO creature_entry (`spawnID`, `entry`) VALUES ('85381', '24484');
INSERT INTO creature (`spawnID`, `map`, `spawnMask`, `modelid`, `equipment_id`, `position_x`, `position_y`, `position_z`, `orientation`, `spawntimesecs`, `spawndist`, `currentwaypoint`, `curhealth`, `curmana`, `MovementType`, `unit_flags`, `pool_id`, `patch_min`, `patch_max`) VALUES ('85381', '0', '1', '21858', '0', '-9129.28', '362.629', '92.3738', '4.11774', '450', '0', '0', '2215', '0', '0', '0', '0', '0', '10');
INSERT INTO creature_addon (`spawnID`, `path_id`, `mount`, `bytes0`, `bytes1`, `bytes2`, `emote`, `auras`) VALUES ('85381', NULL, '0', '0', '0', '4097', '0', '43912');
INSERT INTO game_event_creature (`event`, `guid`) VALUES ('24', '85381');
INSERT INTO creature_entry (`spawnID`, `entry`) VALUES ('88842', '24484');
INSERT INTO creature (`spawnID`, `map`, `spawnMask`, `modelid`, `equipment_id`, `position_x`, `position_y`, `position_z`, `orientation`, `spawntimesecs`, `spawndist`, `currentwaypoint`, `curhealth`, `curmana`, `MovementType`, `unit_flags`, `pool_id`, `patch_min`, `patch_max`) VALUES ('88842', '0', '1', '21846', '0', '-9128.35', '345.368', '94.0594', '2.68781', '450', '0', '0', '2215', '0', '0', '0', '0', '0', '10');
INSERT INTO creature_addon (`spawnID`, `path_id`, `mount`, `bytes0`, `bytes1`, `bytes2`, `emote`, `auras`) VALUES ('88842', NULL, '0', '0', '0', '4097', '0', '44337');
INSERT INTO game_event_creature (`event`, `guid`) VALUES ('24', '88842');
INSERT INTO creature_entry (`spawnID`, `entry`) VALUES ('88843', '24484');
INSERT INTO creature (`spawnID`, `map`, `spawnMask`, `modelid`, `equipment_id`, `position_x`, `position_y`, `position_z`, `orientation`, `spawntimesecs`, `spawndist`, `currentwaypoint`, `curhealth`, `curmana`, `MovementType`, `unit_flags`, `pool_id`, `patch_min`, `patch_max`) VALUES ('88843', '0', '1', '21849', '0', '-9130.68', '347.471', '93.6376', '5.67232', '450', '0', '0', '2215', '0', '0', '0', '0', '0', '10');
INSERT INTO creature_addon (`spawnID`, `path_id`, `mount`, `bytes0`, `bytes1`, `bytes2`, `emote`, `auras`) VALUES ('88843', NULL, '0', '0', '0', '4097', '0', '43909');
INSERT INTO game_event_creature (`event`, `guid`) VALUES ('24', '88843');
INSERT INTO creature_entry (`spawnID`, `entry`) VALUES ('88844', '24484');
INSERT INTO creature (`spawnID`, `map`, `spawnMask`, `modelid`, `equipment_id`, `position_x`, `position_y`, `position_z`, `orientation`, `spawntimesecs`, `spawndist`, `currentwaypoint`, `curhealth`, `curmana`, `MovementType`, `unit_flags`, `pool_id`, `patch_min`, `patch_max`) VALUES ('88844', '0', '1', '21860', '0', '-9131.85', '358.836', '92.3964', '0.976147', '450', '0', '0', '2215', '0', '0', '0', '0', '0', '10');
INSERT INTO creature_addon (`spawnID`, `path_id`, `mount`, `bytes0`, `bytes1`, `bytes2`, `emote`, `auras`) VALUES ('88844', NULL, '0', '0', '0', '4097', '0', '43912');
INSERT INTO game_event_creature (`event`, `guid`) VALUES ('24', '88844');
INSERT INTO creature_entry (`spawnID`, `entry`) VALUES ('88845', '24484');
INSERT INTO creature (`spawnID`, `map`, `spawnMask`, `modelid`, `equipment_id`, `position_x`, `position_y`, `position_z`, `orientation`, `spawntimesecs`, `spawndist`, `currentwaypoint`, `curhealth`, `curmana`, `MovementType`, `unit_flags`, `pool_id`, `patch_min`, `patch_max`) VALUES ('88845', '0', '1', '21858', '0', '-9142.22', '339.801', '91.3411', '3.19433', '450', '0', '0', '2215', '0', '0', '0', '0', '0', '10');
INSERT INTO creature_addon (`spawnID`, `path_id`, `mount`, `bytes0`, `bytes1`, `bytes2`, `emote`, `auras`) VALUES ('88845', NULL, '0', '0', '0', '4097', '0', '43912');
INSERT INTO game_event_creature (`event`, `guid`) VALUES ('24', '88845');
INSERT INTO creature_entry (`spawnID`, `entry`) VALUES ('88847', '24484');
INSERT INTO creature (`spawnID`, `map`, `spawnMask`, `modelid`, `equipment_id`, `position_x`, `position_y`, `position_z`, `orientation`, `spawntimesecs`, `spawndist`, `currentwaypoint`, `curhealth`, `curmana`, `MovementType`, `unit_flags`, `pool_id`, `patch_min`, `patch_max`) VALUES ('88847', '0', '1', '21846', '0', '-9130.91', '344.503', '93.7304', '0.942478', '450', '0', '0', '2215', '0', '0', '0', '0', '0', '10');
INSERT INTO creature_addon (`spawnID`, `path_id`, `mount`, `bytes0`, `bytes1`, `bytes2`, `emote`, `auras`) VALUES ('88847', NULL, '0', '0', '0', '4097', '0', '44337');
INSERT INTO game_event_creature (`event`, `guid`) VALUES ('24', '88847');
INSERT INTO creature_entry (`spawnID`, `entry`) VALUES ('88850', '24484');
INSERT INTO creature (`spawnID`, `map`, `spawnMask`, `modelid`, `equipment_id`, `position_x`, `position_y`, `position_z`, `orientation`, `spawntimesecs`, `spawndist`, `currentwaypoint`, `curhealth`, `curmana`, `MovementType`, `unit_flags`, `pool_id`, `patch_min`, `patch_max`) VALUES ('88850', '0', '1', '21848', '0', '-9127.97', '347.931', '93.9306', '3.87463', '450', '0', '0', '2215', '0', '0', '0', '0', '0', '10');
INSERT INTO creature_addon (`spawnID`, `path_id`, `mount`, `bytes0`, `bytes1`, `bytes2`, `emote`, `auras`) VALUES ('88850', NULL, '0', '0', '0', '4097', '0', '44338');
INSERT INTO game_event_creature (`event`, `guid`) VALUES ('24', '88850');
INSERT INTO creature_entry (`spawnID`, `entry`) VALUES ('137699', '24484');
INSERT INTO creature (`spawnID`, `map`, `spawnMask`, `modelid`, `equipment_id`, `position_x`, `position_y`, `position_z`, `orientation`, `spawntimesecs`, `spawndist`, `currentwaypoint`, `curhealth`, `curmana`, `MovementType`, `unit_flags`, `pool_id`, `patch_min`, `patch_max`) VALUES ('137699', '1', '1', NULL, '0', '9973.21', '2205.5', '1329.18', '3.1765', '450', '0', '0', '1', '0', '0', '0', '0', '0', '10');
INSERT INTO game_event_creature (`event`, `guid`) VALUES ('24', '137699');
INSERT INTO creature_entry (`spawnID`, `entry`) VALUES ('137698', '24484');
INSERT INTO creature (`spawnID`, `map`, `spawnMask`, `modelid`, `equipment_id`, `position_x`, `position_y`, `position_z`, `orientation`, `spawntimesecs`, `spawndist`, `currentwaypoint`, `curhealth`, `curmana`, `MovementType`, `unit_flags`, `pool_id`, `patch_min`, `patch_max`) VALUES ('137698', '1', '1', NULL, '0', '9971.58', '2202.91', '1329.03', '1.78024', '450', '0', '0', '1', '0', '0', '0', '0', '0', '10');
INSERT INTO game_event_creature (`event`, `guid`) VALUES ('24', '137698');
INSERT INTO creature_entry (`spawnID`, `entry`) VALUES ('137697', '24484');
INSERT INTO creature (`spawnID`, `map`, `spawnMask`, `modelid`, `equipment_id`, `position_x`, `position_y`, `position_z`, `orientation`, `spawntimesecs`, `spawndist`, `currentwaypoint`, `curhealth`, `curmana`, `MovementType`, `unit_flags`, `pool_id`, `patch_min`, `patch_max`) VALUES ('137697', '1', '1', NULL, '0', '9969.95', '2207.43', '1329.44', '5.21853', '450', '0', '0', '1', '0', '0', '0', '0', '0', '10');
INSERT INTO game_event_creature (`event`, `guid`) VALUES ('24', '137697');
INSERT INTO creature_entry (`spawnID`, `entry`) VALUES ('137696', '24484');
INSERT INTO creature (`spawnID`, `map`, `spawnMask`, `modelid`, `equipment_id`, `position_x`, `position_y`, `position_z`, `orientation`, `spawntimesecs`, `spawndist`, `currentwaypoint`, `curhealth`, `curmana`, `MovementType`, `unit_flags`, `pool_id`, `patch_min`, `patch_max`) VALUES ('137696', '1', '1', NULL, '0', '9968.76', '2205.51', '1329.21', '6.24828', '450', '0', '0', '1', '0', '0', '0', '0', '0', '10');
INSERT INTO game_event_creature (`event`, `guid`) VALUES ('24', '137696');
INSERT INTO creature_entry (`spawnID`, `entry`) VALUES ('137695', '24484');
INSERT INTO creature (`spawnID`, `map`, `spawnMask`, `modelid`, `equipment_id`, `position_x`, `position_y`, `position_z`, `orientation`, `spawntimesecs`, `spawndist`, `currentwaypoint`, `curhealth`, `curmana`, `MovementType`, `unit_flags`, `pool_id`, `patch_min`, `patch_max`) VALUES ('137695', '1', '1', NULL, '0', '9964.44', '2238.31', '1332.94', '2.80092', '450', '0', '0', '1', '0', '0', '0', '0', '0', '10');
INSERT INTO game_event_creature (`event`, `guid`) VALUES ('24', '137695');
INSERT INTO creature_entry (`spawnID`, `entry`) VALUES ('137694', '24484');
INSERT INTO creature (`spawnID`, `map`, `spawnMask`, `modelid`, `equipment_id`, `position_x`, `position_y`, `position_z`, `orientation`, `spawntimesecs`, `spawndist`, `currentwaypoint`, `curhealth`, `curmana`, `MovementType`, `unit_flags`, `pool_id`, `patch_min`, `patch_max`) VALUES ('137694', '1', '1', NULL, '0', '9963.35', '2242.59', '1333.61', '4.96241', '450', '0', '0', '1', '0', '0', '0', '0', '0', '10');
INSERT INTO game_event_creature (`event`, `guid`) VALUES ('24', '137694');
INSERT INTO creature_entry (`spawnID`, `entry`) VALUES ('137693', '24484');
INSERT INTO creature (`spawnID`, `map`, `spawnMask`, `modelid`, `equipment_id`, `position_x`, `position_y`, `position_z`, `orientation`, `spawntimesecs`, `spawndist`, `currentwaypoint`, `curhealth`, `curmana`, `MovementType`, `unit_flags`, `pool_id`, `patch_min`, `patch_max`) VALUES ('137693', '1', '1', NULL, '0', '9963.26', '2200.82', '1328.44', '1.56872', '450', '0', '0', '1', '0', '0', '0', '0', '0', '10');
INSERT INTO game_event_creature (`event`, `guid`) VALUES ('24', '137693');
INSERT INTO creature_entry (`spawnID`, `entry`) VALUES ('137692', '24484');
INSERT INTO creature (`spawnID`, `map`, `spawnMask`, `modelid`, `equipment_id`, `position_x`, `position_y`, `position_z`, `orientation`, `spawntimesecs`, `spawndist`, `currentwaypoint`, `curhealth`, `curmana`, `MovementType`, `unit_flags`, `pool_id`, `patch_min`, `patch_max`) VALUES ('137692', '1', '1', NULL, '0', '9961.04', '2204.8', '1328.62', '5.22127', '450', '0', '0', '1', '0', '0', '0', '0', '0', '10');
INSERT INTO game_event_creature (`event`, `guid`) VALUES ('24', '137692');
INSERT INTO creature_entry (`spawnID`, `entry`) VALUES ('137691', '24484');
INSERT INTO creature (`spawnID`, `map`, `spawnMask`, `modelid`, `equipment_id`, `position_x`, `position_y`, `position_z`, `orientation`, `spawntimesecs`, `spawndist`, `currentwaypoint`, `curhealth`, `curmana`, `MovementType`, `unit_flags`, `pool_id`, `patch_min`, `patch_max`) VALUES ('137691', '1', '1', NULL, '0', '9960.72', '2201.13', '1328.37', '6.16432', '450', '0', '0', '1', '0', '0', '0', '0', '0', '10');
INSERT INTO game_event_creature (`event`, `guid`) VALUES ('24', '137691');
INSERT INTO creature_entry (`spawnID`, `entry`) VALUES ('137690', '24484');
INSERT INTO creature (`spawnID`, `map`, `spawnMask`, `modelid`, `equipment_id`, `position_x`, `position_y`, `position_z`, `orientation`, `spawntimesecs`, `spawndist`, `currentwaypoint`, `curhealth`, `curmana`, `MovementType`, `unit_flags`, `pool_id`, `patch_min`, `patch_max`) VALUES ('137690', '1', '1', NULL, '0', '9960.27', '2239.79', '1333.06', '4.73438', '450', '0', '0', '1', '0', '0', '0', '0', '0', '10');
INSERT INTO game_event_creature (`event`, `guid`) VALUES ('24', '137690');
INSERT INTO creature_entry (`spawnID`, `entry`) VALUES ('134650', '24484');
INSERT INTO creature (`spawnID`, `map`, `spawnMask`, `modelid`, `equipment_id`, `position_x`, `position_y`, `position_z`, `orientation`, `spawntimesecs`, `spawndist`, `currentwaypoint`, `curhealth`, `curmana`, `MovementType`, `unit_flags`, `pool_id`, `patch_min`, `patch_max`) VALUES ('134650', '530', '1', '21843', '0', '-4004.32', '-11859.4', '0.177081', '0.860784', '450', '0', '0', '2215', '0', '0', '0', '0', '0', '10');
INSERT INTO game_event_creature (`event`, `guid`) VALUES ('24', '134650');
INSERT INTO creature_entry (`spawnID`, `entry`) VALUES ('134651', '24484');
INSERT INTO creature (`spawnID`, `map`, `spawnMask`, `modelid`, `equipment_id`, `position_x`, `position_y`, `position_z`, `orientation`, `spawntimesecs`, `spawndist`, `currentwaypoint`, `curhealth`, `curmana`, `MovementType`, `unit_flags`, `pool_id`, `patch_min`, `patch_max`) VALUES ('134651', '530', '1', '21844', '0', '-4001.38', '-11855.2', '0.211436', '4.18773', '450', '0', '0', '2215', '0', '0', '0', '0', '0', '10');
INSERT INTO game_event_creature (`event`, `guid`) VALUES ('24', '134651');
INSERT INTO creature_entry (`spawnID`, `entry`) VALUES ('134652', '24484');
INSERT INTO creature (`spawnID`, `map`, `spawnMask`, `modelid`, `equipment_id`, `position_x`, `position_y`, `position_z`, `orientation`, `spawntimesecs`, `spawndist`, `currentwaypoint`, `curhealth`, `curmana`, `MovementType`, `unit_flags`, `pool_id`, `patch_min`, `patch_max`) VALUES ('134652', '530', '1', '21843', '0', '-4010.47', '-11852.8', '0.118782', '4.25763', '450', '0', '0', '2215', '0', '0', '0', '0', '0', '10');
INSERT INTO game_event_creature (`event`, `guid`) VALUES ('24', '134652');
INSERT INTO creature_entry (`spawnID`, `entry`) VALUES ('134653', '24484');
INSERT INTO creature (`spawnID`, `map`, `spawnMask`, `modelid`, `equipment_id`, `position_x`, `position_y`, `position_z`, `orientation`, `spawntimesecs`, `spawndist`, `currentwaypoint`, `curhealth`, `curmana`, `MovementType`, `unit_flags`, `pool_id`, `patch_min`, `patch_max`) VALUES ('134653', '530', '1', '21842', '0', '-4009.89', '-11854.7', '0.121793', '3.64502', '450', '0', '0', '2215', '0', '0', '0', '0', '0', '10');
INSERT INTO game_event_creature (`event`, `guid`) VALUES ('24', '134653');
INSERT INTO creature_entry (`spawnID`, `entry`) VALUES ('134654', '24484');
INSERT INTO creature (`spawnID`, `map`, `spawnMask`, `modelid`, `equipment_id`, `position_x`, `position_y`, `position_z`, `orientation`, `spawntimesecs`, `spawndist`, `currentwaypoint`, `curhealth`, `curmana`, `MovementType`, `unit_flags`, `pool_id`, `patch_min`, `patch_max`) VALUES ('134654', '530', '1', '21844', '0', '-4012.09', '-11839.5', '0.131949', '0.507355', '450', '0', '0', '2215', '0', '0', '0', '0', '0', '10');
INSERT INTO game_event_creature (`event`, `guid`) VALUES ('24', '134654');
INSERT INTO creature_entry (`spawnID`, `entry`) VALUES ('134655', '24484');
INSERT INTO creature (`spawnID`, `map`, `spawnMask`, `modelid`, `equipment_id`, `position_x`, `position_y`, `position_z`, `orientation`, `spawntimesecs`, `spawndist`, `currentwaypoint`, `curhealth`, `curmana`, `MovementType`, `unit_flags`, `pool_id`, `patch_min`, `patch_max`) VALUES ('134655', '530', '1', '21845', '0', '-4005.04', '-11840.8', '0.203372', '2.26665', '450', '0', '0', '2215', '0', '0', '0', '0', '0', '10');
INSERT INTO game_event_creature (`event`, `guid`) VALUES ('24', '134655');
INSERT INTO creature_entry (`spawnID`, `entry`) VALUES ('134656', '24484');
INSERT INTO creature (`spawnID`, `map`, `spawnMask`, `modelid`, `equipment_id`, `position_x`, `position_y`, `position_z`, `orientation`, `spawntimesecs`, `spawndist`, `currentwaypoint`, `curhealth`, `curmana`, `MovementType`, `unit_flags`, `pool_id`, `patch_min`, `patch_max`) VALUES ('134656', '530', '1', '21842', '0', '-4017.34', '-11851.2', '0.047381', '1.00608', '450', '0', '0', '2215', '0', '0', '0', '0', '0', '10');
INSERT INTO game_event_creature (`event`, `guid`) VALUES ('24', '134656');
INSERT INTO creature_entry (`spawnID`, `entry`) VALUES ('134657', '24484');
INSERT INTO creature (`spawnID`, `map`, `spawnMask`, `modelid`, `equipment_id`, `position_x`, `position_y`, `position_z`, `orientation`, `spawntimesecs`, `spawndist`, `currentwaypoint`, `curhealth`, `curmana`, `MovementType`, `unit_flags`, `pool_id`, `patch_min`, `patch_max`) VALUES ('134657', '530', '1', '21845', '0', '-4013.17', '-11842.1', '0.114192', '4.16731', '450', '0', '0', '2215', '0', '0', '0', '0', '0', '10');
INSERT INTO game_event_creature (`event`, `guid`) VALUES ('24', '134657');
INSERT INTO creature_entry (`spawnID`, `entry`) VALUES ('134658', '24484');
INSERT INTO creature (`spawnID`, `map`, `spawnMask`, `modelid`, `equipment_id`, `position_x`, `position_y`, `position_z`, `orientation`, `spawntimesecs`, `spawndist`, `currentwaypoint`, `curhealth`, `curmana`, `MovementType`, `unit_flags`, `pool_id`, `patch_min`, `patch_max`) VALUES ('134658', '530', '1', '21844', '0', '-4012.1', '-11847.4', '0.111304', '2.65935', '450', '0', '0', '2215', '0', '0', '0', '0', '0', '10');
INSERT INTO game_event_creature (`event`, `guid`) VALUES ('24', '134658');
INSERT INTO creature_entry (`spawnID`, `entry`) VALUES ('134659', '24484');
INSERT INTO creature (`spawnID`, `map`, `spawnMask`, `modelid`, `equipment_id`, `position_x`, `position_y`, `position_z`, `orientation`, `spawntimesecs`, `spawndist`, `currentwaypoint`, `curhealth`, `curmana`, `MovementType`, `unit_flags`, `pool_id`, `patch_min`, `patch_max`) VALUES ('134659', '530', '1', '21843', '0', '-4017.5', '-11845', '0.0595054', '5.9266', '450', '0', '0', '2215', '0', '0', '0', '0', '0', '10');
INSERT INTO game_event_creature (`event`, `guid`) VALUES ('24', '134659');
INSERT INTO creature_entry (`spawnID`, `entry`) VALUES ('134660', '24484');
INSERT INTO creature (`spawnID`, `map`, `spawnMask`, `modelid`, `equipment_id`, `position_x`, `position_y`, `position_z`, `orientation`, `spawntimesecs`, `spawndist`, `currentwaypoint`, `curhealth`, `curmana`, `MovementType`, `unit_flags`, `pool_id`, `patch_min`, `patch_max`) VALUES ('134660', '530', '1', '21841', '0', '9318.1', '-7278.19', '13.3383', '0.709729', '450', '0', '0', '2215', '0', '0', '0', '0', '0', '10');
INSERT INTO game_event_creature (`event`, `guid`) VALUES ('24', '134660');
INSERT INTO creature_entry (`spawnID`, `entry`) VALUES ('134661', '24484');
INSERT INTO creature (`spawnID`, `map`, `spawnMask`, `modelid`, `equipment_id`, `position_x`, `position_y`, `position_z`, `orientation`, `spawntimesecs`, `spawndist`, `currentwaypoint`, `curhealth`, `curmana`, `MovementType`, `unit_flags`, `pool_id`, `patch_min`, `patch_max`) VALUES ('134661', '530', '1', '21838', '0', '9318.04', '-7274.55', '13.3571', '5.13466', '450', '0', '0', '2215', '0', '0', '0', '0', '0', '10');
INSERT INTO game_event_creature (`event`, `guid`) VALUES ('24', '134661');
INSERT INTO creature_entry (`spawnID`, `entry`) VALUES ('134662', '24484');
INSERT INTO creature (`spawnID`, `map`, `spawnMask`, `modelid`, `equipment_id`, `position_x`, `position_y`, `position_z`, `orientation`, `spawntimesecs`, `spawndist`, `currentwaypoint`, `curhealth`, `curmana`, `MovementType`, `unit_flags`, `pool_id`, `patch_min`, `patch_max`) VALUES ('134662', '530', '1', '21840', '0', '9322.69', '-7278.57', '13.2085', '3.03844', '450', '0', '0', '2215', '0', '0', '0', '0', '0', '10');
INSERT INTO game_event_creature (`event`, `guid`) VALUES ('24', '134662');
INSERT INTO creature_entry (`spawnID`, `entry`) VALUES ('134663', '24484');
INSERT INTO creature (`spawnID`, `map`, `spawnMask`, `modelid`, `equipment_id`, `position_x`, `position_y`, `position_z`, `orientation`, `spawntimesecs`, `spawndist`, `currentwaypoint`, `curhealth`, `curmana`, `MovementType`, `unit_flags`, `pool_id`, `patch_min`, `patch_max`) VALUES ('134663', '530', '1', '21839', '0', '9323.46', '-7274.86', '13.2653', '3.31333', '450', '0', '0', '2215', '0', '0', '0', '0', '0', '10');
INSERT INTO game_event_creature (`event`, `guid`) VALUES ('24', '134663');
INSERT INTO creature_entry (`spawnID`, `entry`) VALUES ('134664', '24484');
INSERT INTO creature (`spawnID`, `map`, `spawnMask`, `modelid`, `equipment_id`, `position_x`, `position_y`, `position_z`, `orientation`, `spawntimesecs`, `spawndist`, `currentwaypoint`, `curhealth`, `curmana`, `MovementType`, `unit_flags`, `pool_id`, `patch_min`, `patch_max`) VALUES ('134664', '530', '1', '21840', '0', '9333.88', '-7275.82', '13.514', '5.39384', '450', '0', '0', '2215', '0', '0', '0', '0', '0', '10');
INSERT INTO game_event_creature (`event`, `guid`) VALUES ('24', '134664');
INSERT INTO creature_entry (`spawnID`, `entry`) VALUES ('134665', '24484');
INSERT INTO creature (`spawnID`, `map`, `spawnMask`, `modelid`, `equipment_id`, `position_x`, `position_y`, `position_z`, `orientation`, `spawntimesecs`, `spawndist`, `currentwaypoint`, `curhealth`, `curmana`, `MovementType`, `unit_flags`, `pool_id`, `patch_min`, `patch_max`) VALUES ('134665', '530', '1', '21841', '0', '9335.93', '-7281.15', '13.695', '2.03234', '450', '0', '0', '2215', '0', '0', '0', '0', '0', '10');
INSERT INTO game_event_creature (`event`, `guid`) VALUES ('24', '134665');
INSERT INTO creature_entry (`spawnID`, `entry`) VALUES ('134666', '24484');
INSERT INTO creature (`spawnID`, `map`, `spawnMask`, `modelid`, `equipment_id`, `position_x`, `position_y`, `position_z`, `orientation`, `spawntimesecs`, `spawndist`, `currentwaypoint`, `curhealth`, `curmana`, `MovementType`, `unit_flags`, `pool_id`, `patch_min`, `patch_max`) VALUES ('134666', '530', '1', '21838', '0', '9340.67', '-7275.46', '14.0555', '4.97837', '450', '0', '0', '2215', '0', '0', '0', '0', '0', '10');
INSERT INTO game_event_creature (`event`, `guid`) VALUES ('24', '134666');
INSERT INTO creature_entry (`spawnID`, `entry`) VALUES ('134667', '24484');
INSERT INTO creature (`spawnID`, `map`, `spawnMask`, `modelid`, `equipment_id`, `position_x`, `position_y`, `position_z`, `orientation`, `spawntimesecs`, `spawndist`, `currentwaypoint`, `curhealth`, `curmana`, `MovementType`, `unit_flags`, `pool_id`, `patch_min`, `patch_max`) VALUES ('134667', '530', '1', '21839', '0', '9343.15', '-7280.24', '14.3778', '2.35828', '450', '0', '0', '2215', '0', '0', '0', '0', '0', '10');
INSERT INTO game_event_creature (`event`, `guid`) VALUES ('24', '134667');
INSERT INTO creature_entry (`spawnID`, `entry`) VALUES ('134668', '24484');
INSERT INTO creature (`spawnID`, `map`, `spawnMask`, `modelid`, `equipment_id`, `position_x`, `position_y`, `position_z`, `orientation`, `spawntimesecs`, `spawndist`, `currentwaypoint`, `curhealth`, `curmana`, `MovementType`, `unit_flags`, `pool_id`, `patch_min`, `patch_max`) VALUES ('134668', '530', '1', '21840', '0', '9334.47', '-7296.27', '13.7759', '3.58271', '450', '0', '0', '2215', '0', '0', '0', '0', '0', '10');
INSERT INTO game_event_creature (`event`, `guid`) VALUES ('24', '134668');
INSERT INTO creature_entry (`spawnID`, `entry`) VALUES ('134669', '24484');
INSERT INTO creature (`spawnID`, `map`, `spawnMask`, `modelid`, `equipment_id`, `position_x`, `position_y`, `position_z`, `orientation`, `spawntimesecs`, `spawndist`, `currentwaypoint`, `curhealth`, `curmana`, `MovementType`, `unit_flags`, `pool_id`, `patch_min`, `patch_max`) VALUES ('134669', '530', '1', '21839', '0', '9329.98', '-7295.05', '13.7486', '5.6758', '450', '0', '0', '2215', '0', '0', '0', '0', '0', '10');
INSERT INTO game_event_creature (`event`, `guid`) VALUES ('24', '134669');
INSERT INTO creature_entry (`spawnID`, `entry`) VALUES ('134670', '24484');
INSERT INTO creature (`spawnID`, `map`, `spawnMask`, `modelid`, `equipment_id`, `position_x`, `position_y`, `position_z`, `orientation`, `spawntimesecs`, `spawndist`, `currentwaypoint`, `curhealth`, `curmana`, `MovementType`, `unit_flags`, `pool_id`, `patch_min`, `patch_max`) VALUES ('134670', '530', '1', '21841', '0', '9340.93', '-7269.42', '14.5058', '0.837748', '450', '0', '0', '2215', '0', '0', '0', '0', '0', '10');
INSERT INTO game_event_creature (`event`, `guid`) VALUES ('24', '134670');
INSERT INTO creature_entry (`spawnID`, `entry`) VALUES ('74961', '24484');
INSERT INTO creature (`spawnID`, `map`, `spawnMask`, `modelid`, `equipment_id`, `position_x`, `position_y`, `position_z`, `orientation`, `spawntimesecs`, `spawndist`, `currentwaypoint`, `curhealth`, `curmana`, `MovementType`, `unit_flags`, `pool_id`, `patch_min`, `patch_max`) VALUES ('74961', '530', '1', NULL, '0', '-1872.83', '5560.32', '-12.3448', '2.74822', '120', '0', '0', '1', '0', '0', '0', '0', '0', '10');
INSERT INTO creature_addon (`spawnID`, `path_id`, `mount`, `bytes0`, `bytes1`, `bytes2`, `emote`, `auras`) VALUES ('74961', NULL, '0', '0', '0', '257', '0', '43910');
INSERT INTO game_event_creature (`event`, `guid`) VALUES ('24', '74961');
INSERT INTO creature_entry (`spawnID`, `entry`) VALUES ('74962', '24484');
INSERT INTO creature (`spawnID`, `map`, `spawnMask`, `modelid`, `equipment_id`, `position_x`, `position_y`, `position_z`, `orientation`, `spawntimesecs`, `spawndist`, `currentwaypoint`, `curhealth`, `curmana`, `MovementType`, `unit_flags`, `pool_id`, `patch_min`, `patch_max`) VALUES ('74962', '530', '1', NULL, '0', '-1878.84', '5562.81', '-12.3448', '5.88981', '120', '0', '0', '1', '0', '0', '0', '0', '0', '10');
INSERT INTO creature_addon (`spawnID`, `path_id`, `mount`, `bytes0`, `bytes1`, `bytes2`, `emote`, `auras`) VALUES ('74962', NULL, '0', '0', '0', '257', '0', '43909');
INSERT INTO game_event_creature (`event`, `guid`) VALUES ('24', '74962');
INSERT INTO creature_entry (`spawnID`, `entry`) VALUES ('74963', '24484');
INSERT INTO creature (`spawnID`, `map`, `spawnMask`, `modelid`, `equipment_id`, `position_x`, `position_y`, `position_z`, `orientation`, `spawntimesecs`, `spawndist`, `currentwaypoint`, `curhealth`, `curmana`, `MovementType`, `unit_flags`, `pool_id`, `patch_min`, `patch_max`) VALUES ('74963', '530', '1', NULL, '0', '-1878.62', '5556.09', '-12.3448', '3.25949', '120', '0', '0', '1', '0', '0', '0', '0', '0', '10');
INSERT INTO creature_addon (`spawnID`, `path_id`, `mount`, `bytes0`, `bytes1`, `bytes2`, `emote`, `auras`) VALUES ('74963', NULL, '0', '0', '0', '257', '0', '43910');
INSERT INTO game_event_creature (`event`, `guid`) VALUES ('24', '74963');
INSERT INTO creature_entry (`spawnID`, `entry`) VALUES ('74964', '24484');
INSERT INTO creature (`spawnID`, `map`, `spawnMask`, `modelid`, `equipment_id`, `position_x`, `position_y`, `position_z`, `orientation`, `spawntimesecs`, `spawndist`, `currentwaypoint`, `curhealth`, `curmana`, `MovementType`, `unit_flags`, `pool_id`, `patch_min`, `patch_max`) VALUES ('74964', '530', '1', NULL, '0', '-1897.4', '5558.13', '-12.3448', '1.71042', '120', '0', '0', '1', '0', '0', '0', '0', '0', '10');
INSERT INTO creature_addon (`spawnID`, `path_id`, `mount`, `bytes0`, `bytes1`, `bytes2`, `emote`, `auras`) VALUES ('74964', NULL, '0', '0', '0', '257', '0', '44004');
INSERT INTO game_event_creature (`event`, `guid`) VALUES ('24', '74964');
INSERT INTO creature_entry (`spawnID`, `entry`) VALUES ('74965', '24484');
INSERT INTO creature (`spawnID`, `map`, `spawnMask`, `modelid`, `equipment_id`, `position_x`, `position_y`, `position_z`, `orientation`, `spawntimesecs`, `spawndist`, `currentwaypoint`, `curhealth`, `curmana`, `MovementType`, `unit_flags`, `pool_id`, `patch_min`, `patch_max`) VALUES ('74965', '530', '1', NULL, '0', '-1899.82', '5560.33', '-12.3448', '0.366519', '120', '0', '0', '1', '0', '0', '0', '0', '0', '10');
INSERT INTO creature_addon (`spawnID`, `path_id`, `mount`, `bytes0`, `bytes1`, `bytes2`, `emote`, `auras`) VALUES ('74965', NULL, '0', '0', '0', '257', '0', '44003');
INSERT INTO game_event_creature (`event`, `guid`) VALUES ('24', '74965');
INSERT INTO creature_entry (`spawnID`, `entry`) VALUES ('74966', '24484');
INSERT INTO creature (`spawnID`, `map`, `spawnMask`, `modelid`, `equipment_id`, `position_x`, `position_y`, `position_z`, `orientation`, `spawntimesecs`, `spawndist`, `currentwaypoint`, `curhealth`, `curmana`, `MovementType`, `unit_flags`, `pool_id`, `patch_min`, `patch_max`) VALUES ('74966', '530', '1', NULL, '0', '-1921.89', '5554.33', '-12.3448', '0.040668', '120', '0', '0', '1', '0', '0', '0', '0', '0', '10');
INSERT INTO creature_addon (`spawnID`, `path_id`, `mount`, `bytes0`, `bytes1`, `bytes2`, `emote`, `auras`) VALUES ('74966', NULL, '0', '0', '0', '257', '0', '43916');
INSERT INTO game_event_creature (`event`, `guid`) VALUES ('24', '74966');
INSERT INTO creature_entry (`spawnID`, `entry`) VALUES ('74967', '24484');
INSERT INTO creature (`spawnID`, `map`, `spawnMask`, `modelid`, `equipment_id`, `position_x`, `position_y`, `position_z`, `orientation`, `spawntimesecs`, `spawndist`, `currentwaypoint`, `curhealth`, `curmana`, `MovementType`, `unit_flags`, `pool_id`, `patch_min`, `patch_max`) VALUES ('74967', '530', '1', NULL, '0', '-1916.58', '5551.59', '-12.3448', '2.666', '120', '0', '0', '1', '0', '0', '0', '0', '0', '10');
INSERT INTO creature_addon (`spawnID`, `path_id`, `mount`, `bytes0`, `bytes1`, `bytes2`, `emote`, `auras`) VALUES ('74967', NULL, '0', '0', '0', '257', '0', '43917');
INSERT INTO game_event_creature (`event`, `guid`) VALUES ('24', '74967');
INSERT INTO creature_entry (`spawnID`, `entry`) VALUES ('74968', '24484');
INSERT INTO creature (`spawnID`, `map`, `spawnMask`, `modelid`, `equipment_id`, `position_x`, `position_y`, `position_z`, `orientation`, `spawntimesecs`, `spawndist`, `currentwaypoint`, `curhealth`, `curmana`, `MovementType`, `unit_flags`, `pool_id`, `patch_min`, `patch_max`) VALUES ('74968', '530', '1', NULL, '0', '-1924.59', '5549.65', '-12.3448', '1.04687', '120', '0', '0', '1', '0', '0', '0', '0', '0', '10');
INSERT INTO creature_addon (`spawnID`, `path_id`, `mount`, `bytes0`, `bytes1`, `bytes2`, `emote`, `auras`) VALUES ('74968', NULL, '0', '0', '0', '257', '0', '43914');
INSERT INTO game_event_creature (`event`, `guid`) VALUES ('24', '74968');
INSERT INTO creature_entry (`spawnID`, `entry`) VALUES ('74969', '24484');
INSERT INTO creature (`spawnID`, `map`, `spawnMask`, `modelid`, `equipment_id`, `position_x`, `position_y`, `position_z`, `orientation`, `spawntimesecs`, `spawndist`, `currentwaypoint`, `curhealth`, `curmana`, `MovementType`, `unit_flags`, `pool_id`, `patch_min`, `patch_max`) VALUES ('74969', '530', '1', NULL, '0', '-1897.49', '5562.32', '-12.3448', '4.43314', '120', '0', '0', '1', '0', '0', '0', '0', '0', '10');
INSERT INTO creature_addon (`spawnID`, `path_id`, `mount`, `bytes0`, `bytes1`, `bytes2`, `emote`, `auras`) VALUES ('74969', NULL, '0', '0', '0', '257', '0', '44003');
INSERT INTO game_event_creature (`event`, `guid`) VALUES ('24', '74969');
INSERT INTO creature_entry (`spawnID`, `entry`) VALUES ('74971', '24484');
INSERT INTO creature (`spawnID`, `map`, `spawnMask`, `modelid`, `equipment_id`, `position_x`, `position_y`, `position_z`, `orientation`, `spawntimesecs`, `spawndist`, `currentwaypoint`, `curhealth`, `curmana`, `MovementType`, `unit_flags`, `pool_id`, `patch_min`, `patch_max`) VALUES ('74971', '530', '1', NULL, '0', '-1895.23', '5560.19', '-12.3448', '2.80998', '120', '0', '0', '1', '0', '0', '0', '0', '0', '10');
INSERT INTO creature_addon (`spawnID`, `path_id`, `mount`, `bytes0`, `bytes1`, `bytes2`, `emote`, `auras`) VALUES ('74971', NULL, '0', '0', '0', '257', '0', '44003');
INSERT INTO game_event_creature (`event`, `guid`) VALUES ('24', '74971');
DELETE ce, c1, c2, sg FROM creature_entry ce LEFT JOIN conditions c1 ON c1.ConditionTypeOrReference = 31 AND c1.ConditionValue1 = 3 AND c1.ConditionValue3 = 1098387 LEFT JOIN conditions c2 ON c2.SourceTypeOrReferenceId = 22 AND c2.SourceId = 0 AND c1.SourceEntry = -1098387 LEFT JOIN spawn_group sg ON sg.spawnId = 1098387 AND spawnType = 0 WHERE ce.spawnID = 1098387;


-- Importing creature spawn with guid 85381 with import type REPLACE_ALL


-- Importing creature spawn with guid 88840 with import type REPLACE_ALL
INSERT INTO creature_entry (`spawnID`, `entry`) VALUES ('137688', '23510');
INSERT INTO creature (`spawnID`, `map`, `spawnMask`, `modelid`, `equipment_id`, `position_x`, `position_y`, `position_z`, `orientation`, `spawntimesecs`, `spawndist`, `currentwaypoint`, `curhealth`, `curmana`, `MovementType`, `unit_flags`, `pool_id`, `patch_min`, `patch_max`) VALUES ('137688', '1', '1', NULL, '0', '9980.41', '2205.51', '1328.91', '2.9147', '120', '0', '0', '1', '0', '0', '0', '0', '0', '10');
INSERT INTO game_event_creature (`event`, `guid`) VALUES ('24', '137688');
INSERT INTO creature_entry (`spawnID`, `entry`) VALUES ('134682', '23510');
INSERT INTO creature (`spawnID`, `map`, `spawnMask`, `modelid`, `equipment_id`, `position_x`, `position_y`, `position_z`, `orientation`, `spawntimesecs`, `spawndist`, `currentwaypoint`, `curhealth`, `curmana`, `MovementType`, `unit_flags`, `pool_id`, `patch_min`, `patch_max`) VALUES ('134682', '530', '1', NULL, '0', '-4021.3', '-11842.9', '0.0212859', '5.9439', '300', '0', '0', '2215', '0', '0', '0', '0', '0', '10');
INSERT INTO game_event_creature (`event`, `guid`) VALUES ('24', '134682');
DELETE ce, c1, c2, sg FROM creature_entry ce LEFT JOIN conditions c1 ON c1.ConditionTypeOrReference = 31 AND c1.ConditionValue1 = 3 AND c1.ConditionValue3 = 1098381 LEFT JOIN conditions c2 ON c2.SourceTypeOrReferenceId = 22 AND c2.SourceId = 0 AND c1.SourceEntry = -1098381 LEFT JOIN spawn_group sg ON sg.spawnId = 1098381 AND spawnType = 0 WHERE ce.spawnID = 1098381;


-- Importing creature spawn with guid 88841 with import type REPLACE_ALL
INSERT INTO creature_entry (`spawnID`, `entry`) VALUES ('137689', '23511');
INSERT INTO creature (`spawnID`, `map`, `spawnMask`, `modelid`, `equipment_id`, `position_x`, `position_y`, `position_z`, `orientation`, `spawntimesecs`, `spawndist`, `currentwaypoint`, `curhealth`, `curmana`, `MovementType`, `unit_flags`, `pool_id`, `patch_min`, `patch_max`) VALUES ('137689', '1', '1', NULL, '0', '9975.27', '2214.62', '1329.4', '3.89208', '120', '0', '0', '1', '0', '0', '0', '0', '0', '10');
INSERT INTO game_event_creature (`event`, `guid`) VALUES ('24', '137689');
INSERT INTO creature_entry (`spawnID`, `entry`) VALUES ('134679', '23511');
INSERT INTO creature (`spawnID`, `map`, `spawnMask`, `modelid`, `equipment_id`, `position_x`, `position_y`, `position_z`, `orientation`, `spawntimesecs`, `spawndist`, `currentwaypoint`, `curhealth`, `curmana`, `MovementType`, `unit_flags`, `pool_id`, `patch_min`, `patch_max`) VALUES ('134679', '530', '1', NULL, '0', '-4020.13', '-11855.6', '0.0061873', '1.0273', '300', '0', '0', '2215', '0', '0', '0', '0', '0', '10');
INSERT INTO game_event_creature (`event`, `guid`) VALUES ('24', '134679');
INSERT INTO creature_entry (`spawnID`, `entry`) VALUES ('134680', '23511');
INSERT INTO creature (`spawnID`, `map`, `spawnMask`, `modelid`, `equipment_id`, `position_x`, `position_y`, `position_z`, `orientation`, `spawntimesecs`, `spawndist`, `currentwaypoint`, `curhealth`, `curmana`, `MovementType`, `unit_flags`, `pool_id`, `patch_min`, `patch_max`) VALUES ('134680', '530', '1', NULL, '0', '9313.83', '-7281.3', '13.8523', '0.903714', '300', '0', '0', '2215', '0', '0', '0', '0', '0', '10');
INSERT INTO game_event_creature (`event`, `guid`) VALUES ('24', '134680');
INSERT INTO creature_entry (`spawnID`, `entry`) VALUES ('74972', '23511');
INSERT INTO creature (`spawnID`, `map`, `spawnMask`, `modelid`, `equipment_id`, `position_x`, `position_y`, `position_z`, `orientation`, `spawntimesecs`, `spawndist`, `currentwaypoint`, `curhealth`, `curmana`, `MovementType`, `unit_flags`, `pool_id`, `patch_min`, `patch_max`) VALUES ('74972', '530', '1', NULL, '0', '-1906.3', '5569.85', '-12.3448', '4.97419', '120', '0', '0', '1', '0', '0', '0', '0', '0', '10');
INSERT INTO game_event_creature (`event`, `guid`) VALUES ('24', '74972');


-- Importing creature spawn with guid 88842 with import type REPLACE_ALL


-- Importing creature spawn with guid 88843 with import type REPLACE_ALL


-- Importing creature spawn with guid 88844 with import type REPLACE_ALL


-- Importing creature spawn with guid 88845 with import type REPLACE_ALL


-- Importing creature spawn with guid 88846 with import type REPLACE_ALL
INSERT INTO creature_entry (`spawnID`, `entry`) VALUES ('134649', '23482');
-- Has LK modelid 22395 already in creature template, set to 0.
INSERT INTO creature (`spawnID`, `map`, `spawnMask`, `modelid`, `equipment_id`, `position_x`, `position_y`, `position_z`, `orientation`, `spawntimesecs`, `spawndist`, `currentwaypoint`, `curhealth`, `curmana`, `MovementType`, `unit_flags`, `pool_id`, `patch_min`, `patch_max`) VALUES ('134649', '530', '1', NULL, '0', '-4016.6', '-11833', '0.106771', '4.04165', '300', '0', '0', '2215', '0', '0', '0', '0', '0', '10');
INSERT INTO game_event_creature (`event`, `guid`) VALUES ('24', '134649');
INSERT INTO creature_entry (`spawnID`, `entry`) VALUES ('137687', '23482');
INSERT INTO creature (`spawnID`, `map`, `spawnMask`, `modelid`, `equipment_id`, `position_x`, `position_y`, `position_z`, `orientation`, `spawntimesecs`, `spawndist`, `currentwaypoint`, `curhealth`, `curmana`, `MovementType`, `unit_flags`, `pool_id`, `patch_min`, `patch_max`) VALUES ('137687', '1', '1', NULL, '0', '9976.78', '2194.46', '1329.07', '1.85005', '120', '0', '0', '1', '0', '0', '0', '0', '0', '10');
INSERT INTO game_event_creature (`event`, `guid`) VALUES ('24', '137687');
DELETE ce, c1, c2, sg FROM creature_entry ce LEFT JOIN conditions c1 ON c1.ConditionTypeOrReference = 31 AND c1.ConditionValue1 = 3 AND c1.ConditionValue3 = 1098390 LEFT JOIN conditions c2 ON c2.SourceTypeOrReferenceId = 22 AND c2.SourceId = 0 AND c1.SourceEntry = -1098390 LEFT JOIN spawn_group sg ON sg.spawnId = 1098390 AND spawnType = 0 WHERE ce.spawnID = 1098390;


-- Importing creature spawn with guid 88847 with import type REPLACE_ALL


-- Importing creature spawn with guid 88848 with import type REPLACE_ALL


-- Importing creature spawn with guid 88849 with import type REPLACE_ALL


-- Importing creature spawn with guid 88850 with import type REPLACE_ALL


-- Importing creature spawn with guid 47648 with import type REPLACE_ALL


-- Importing creature spawn with guid 84899 with import type REPLACE_ALL


-- Importing creature spawn with guid 86731 with import type REPLACE_ALL


-- Importing creature spawn with guid 88858 with import type REPLACE_ALL


-- Importing creature spawn with guid 88862 with import type REPLACE_ALL


-- Importing creature spawn with guid 88863 with import type REPLACE_ALL


-- Importing creature spawn with guid 88866 with import type REPLACE_ALL


-- Importing creature spawn with guid 88868 with import type REPLACE_ALL


-- Importing creature spawn with guid 88870 with import type REPLACE_ALL


-- Importing creature spawn with guid 88871 with import type REPLACE_ALL


-- Importing creature spawn with guid 88875 with import type REPLACE_ALL


-- Importing creature spawn with guid 88877 with import type REPLACE_ALL


-- Importing creature spawn with guid 88878 with import type REPLACE_ALL


-- Importing creature spawn with guid 88879 with import type REPLACE_ALL


-- Importing creature spawn with guid 88880 with import type REPLACE_ALL


-- Importing creature spawn with guid 88881 with import type REPLACE_ALL


-- Importing creature spawn with guid 88882 with import type REPLACE_ALL


-- Importing creature spawn with guid 88883 with import type REPLACE_ALL


-- Importing creature spawn with guid 88884 with import type REPLACE_ALL


-- Importing creature spawn with guid 88885 with import type REPLACE_ALL


-- Importing creature spawn with guid 88886 with import type REPLACE_ALL


-- Importing creature spawn with guid 88887 with import type REPLACE_ALL


-- Importing creature spawn with guid 88888 with import type REPLACE_ALL


-- Importing creature spawn with guid 88889 with import type REPLACE_ALL


-- Importing creature spawn with guid 88890 with import type REPLACE_ALL


-- Importing creature spawn with guid 88891 with import type REPLACE_ALL


-- Importing creature spawn with guid 88892 with import type REPLACE_ALL


-- Importing creature spawn with guid 88893 with import type REPLACE_ALL


-- Importing creature spawn with guid 88894 with import type REPLACE_ALL


-- Importing creature spawn with guid 88895 with import type REPLACE_ALL


-- Importing creature spawn with guid 28799 with import type REPLACE_ALL


-- Importing creature spawn with guid 28798 with import type REPLACE_ALL


-- Importing creature spawn with guid 88914 with import type REPLACE_ALL


-- Importing creature spawn with guid 88915 with import type REPLACE_ALL


-- Importing creature spawn with guid 88918 with import type REPLACE_ALL


-- Importing creature spawn with guid 88919 with import type REPLACE_ALL


-- Importing creature spawn with guid 88920 with import type REPLACE_ALL


-- Importing creature spawn with guid 88921 with import type REPLACE_ALL


-- Importing creature spawn with guid 88922 with import type REPLACE_ALL


-- Importing creature spawn with guid 88924 with import type REPLACE_ALL


-- Importing creature spawn with guid 88926 with import type REPLACE_ALL


-- Importing creature spawn with guid 88927 with import type REPLACE_ALL


-- Importing creature spawn with guid 88929 with import type REPLACE_ALL


-- Importing creature spawn with guid 88930 with import type REPLACE_ALL


-- Importing creature spawn with guid 88931 with import type REPLACE_ALL


-- Importing creature spawn with guid 88934 with import type REPLACE_ALL


-- Importing creature spawn with guid 88935 with import type REPLACE_ALL


-- Importing creature spawn with guid 88936 with import type REPLACE_ALL


-- Importing creature spawn with guid 88937 with import type REPLACE_ALL


-- Importing creature spawn with guid 88938 with import type REPLACE_ALL


-- Importing creature spawn with guid 88940 with import type REPLACE_ALL


-- Importing creature spawn with guid 88941 with import type REPLACE_ALL


-- Importing creature spawn with guid 88943 with import type REPLACE_ALL


-- Importing creature spawn with guid 88945 with import type REPLACE_ALL


-- Importing creature spawn with guid 88947 with import type REPLACE_ALL


-- Importing creature spawn with guid 88949 with import type REPLACE_ALL


-- Importing creature spawn with guid 88951 with import type REPLACE_ALL
INSERT INTO creature_entry (`spawnID`, `entry`) VALUES ('134678', '24501');
INSERT INTO creature (`spawnID`, `map`, `spawnMask`, `modelid`, `equipment_id`, `position_x`, `position_y`, `position_z`, `orientation`, `spawntimesecs`, `spawndist`, `currentwaypoint`, `curhealth`, `curmana`, `MovementType`, `unit_flags`, `pool_id`, `patch_min`, `patch_max`) VALUES ('134678', '530', '1', '22491', '0', '9333.7', '-7269.67', '13.7715', '4.52047', '300', '0', '0', '2215', '0', '0', '0', '0', '0', '10');
INSERT INTO game_event_creature (`event`, `guid`) VALUES ('24', '134678');
INSERT INTO creature_entry (`spawnID`, `entry`) VALUES ('74970', '24501');
INSERT INTO creature (`spawnID`, `map`, `spawnMask`, `modelid`, `equipment_id`, `position_x`, `position_y`, `position_z`, `orientation`, `spawntimesecs`, `spawndist`, `currentwaypoint`, `curhealth`, `curmana`, `MovementType`, `unit_flags`, `pool_id`, `patch_min`, `patch_max`) VALUES ('74970', '530', '1', NULL, '0', '-1926.79', '5562.97', '-12.3448', '5.06145', '120', '0', '0', '1', '0', '0', '0', '0', '0', '10');
INSERT INTO game_event_creature (`event`, `guid`) VALUES ('24', '74970');


-- Importing creature spawn with guid 88952 with import type REPLACE_ALL


-- Importing creature spawn with guid 88953 with import type REPLACE_ALL


-- Importing creature spawn with guid 88954 with import type REPLACE_ALL


-- Importing creature spawn with guid 88957 with import type REPLACE_ALL


-- Importing creature spawn with guid 88958 with import type REPLACE_ALL
INSERT INTO creature_entry (`spawnID`, `entry`) VALUES ('134681', '23533');
INSERT INTO creature (`spawnID`, `map`, `spawnMask`, `modelid`, `equipment_id`, `position_x`, `position_y`, `position_z`, `orientation`, `spawntimesecs`, `spawndist`, `currentwaypoint`, `curhealth`, `curmana`, `MovementType`, `unit_flags`, `pool_id`, `patch_min`, `patch_max`) VALUES ('134681', '530', '1', '22493', '0', '9330.11', '-7285.87', '13.7137', '1.37103', '300', '0', '0', '2215', '0', '0', '0', '0', '0', '10');
INSERT INTO game_event_creature (`event`, `guid`) VALUES ('24', '134681');


-- Importing creature spawn with guid 207000 with import type REPLACE_ALL
INSERT INTO creature_entry (`spawnID`, `entry`) VALUES ('207000', '23487');
INSERT INTO creature (`spawnID`, `map`, `spawnMask`, `modelid`, `equipment_id`, `position_x`, `position_y`, `position_z`, `orientation`, `spawntimesecs`, `spawndist`, `currentwaypoint`, `curhealth`, `curmana`, `MovementType`, `unit_flags`, `pool_id`, `patch_min`, `patch_max`) VALUES ('207000', '0', '1', NULL, '0', '-5342.23', '-533.42', '392.85', '4.59', '120', '10', '0', '1', '0', '1', '0', '0', '0', '10');
INSERT INTO game_event_creature (`event`, `guid`) VALUES ('24', '207000');
INSERT INTO creature_entry (`spawnID`, `entry`) VALUES ('207005', '23487');
INSERT INTO creature (`spawnID`, `map`, `spawnMask`, `modelid`, `equipment_id`, `position_x`, `position_y`, `position_z`, `orientation`, `spawntimesecs`, `spawndist`, `currentwaypoint`, `curhealth`, `curmana`, `MovementType`, `unit_flags`, `pool_id`, `patch_min`, `patch_max`) VALUES ('207005', '0', '1', NULL, '0', '-5279.59', '-537.45', '386.83', '4.72', '120', '10', '0', '1', '0', '1', '0', '0', '0', '10');
INSERT INTO game_event_creature (`event`, `guid`) VALUES ('24', '207005');
INSERT INTO creature_entry (`spawnID`, `entry`) VALUES ('207004', '23487');
INSERT INTO creature (`spawnID`, `map`, `spawnMask`, `modelid`, `equipment_id`, `position_x`, `position_y`, `position_z`, `orientation`, `spawntimesecs`, `spawndist`, `currentwaypoint`, `curhealth`, `curmana`, `MovementType`, `unit_flags`, `pool_id`, `patch_min`, `patch_max`) VALUES ('207004', '0', '1', NULL, '0', '-5269.88', '-510.47', '388.77', '5.86', '120', '10', '0', '1', '0', '1', '0', '0', '0', '10');
INSERT INTO game_event_creature (`event`, `guid`) VALUES ('24', '207004');
INSERT INTO creature_entry (`spawnID`, `entry`) VALUES ('207003', '23487');
INSERT INTO creature (`spawnID`, `map`, `spawnMask`, `modelid`, `equipment_id`, `position_x`, `position_y`, `position_z`, `orientation`, `spawntimesecs`, `spawndist`, `currentwaypoint`, `curhealth`, `curmana`, `MovementType`, `unit_flags`, `pool_id`, `patch_min`, `patch_max`) VALUES ('207003', '0', '1', NULL, '0', '-5264.9', '-454.26', '388.73', '3.15', '120', '10', '0', '1', '0', '1', '0', '0', '0', '10');
INSERT INTO game_event_creature (`event`, `guid`) VALUES ('24', '207003');
INSERT INTO creature_entry (`spawnID`, `entry`) VALUES ('207002', '23487');
INSERT INTO creature (`spawnID`, `map`, `spawnMask`, `modelid`, `equipment_id`, `position_x`, `position_y`, `position_z`, `orientation`, `spawntimesecs`, `spawndist`, `currentwaypoint`, `curhealth`, `curmana`, `MovementType`, `unit_flags`, `pool_id`, `patch_min`, `patch_max`) VALUES ('207002', '0', '1', NULL, '0', '-5322.2', '-525.55', '390.47', '2.49', '120', '10', '0', '1', '0', '1', '0', '0', '0', '10');
INSERT INTO game_event_creature (`event`, `guid`) VALUES ('24', '207002');
INSERT INTO creature_entry (`spawnID`, `entry`) VALUES ('207001', '23487');
INSERT INTO creature (`spawnID`, `map`, `spawnMask`, `modelid`, `equipment_id`, `position_x`, `position_y`, `position_z`, `orientation`, `spawntimesecs`, `spawndist`, `currentwaypoint`, `curhealth`, `curmana`, `MovementType`, `unit_flags`, `pool_id`, `patch_min`, `patch_max`) VALUES ('207001', '0', '1', NULL, '0', '-5298.24', '-595.5', '388.9', '0.69', '120', '10', '0', '1', '0', '1', '0', '0', '0', '10');
INSERT INTO game_event_creature (`event`, `guid`) VALUES ('24', '207001');
INSERT INTO creature_entry (`spawnID`, `entry`) VALUES ('207053', '23487');
INSERT INTO creature (`spawnID`, `map`, `spawnMask`, `modelid`, `equipment_id`, `position_x`, `position_y`, `position_z`, `orientation`, `spawntimesecs`, `spawndist`, `currentwaypoint`, `curhealth`, `curmana`, `MovementType`, `unit_flags`, `pool_id`, `patch_min`, `patch_max`) VALUES ('207053', '1', '1', NULL, '0', '1269.38', '-4225.53', '26.7', '2.57', '120', '10', '0', '1', '0', '1', '0', '0', '0', '10');
INSERT INTO game_event_creature (`event`, `guid`) VALUES ('24', '207053');
INSERT INTO creature_entry (`spawnID`, `entry`) VALUES ('207052', '23487');
INSERT INTO creature (`spawnID`, `map`, `spawnMask`, `modelid`, `equipment_id`, `position_x`, `position_y`, `position_z`, `orientation`, `spawntimesecs`, `spawndist`, `currentwaypoint`, `curhealth`, `curmana`, `MovementType`, `unit_flags`, `pool_id`, `patch_min`, `patch_max`) VALUES ('207052', '1', '1', NULL, '0', '1250.22', '-4383.24', '28.54', '1.53', '120', '10', '0', '1', '0', '1', '0', '0', '0', '10');
INSERT INTO game_event_creature (`event`, `guid`) VALUES ('24', '207052');
INSERT INTO creature_entry (`spawnID`, `entry`) VALUES ('207051', '23487');
INSERT INTO creature (`spawnID`, `map`, `spawnMask`, `modelid`, `equipment_id`, `position_x`, `position_y`, `position_z`, `orientation`, `spawntimesecs`, `spawndist`, `currentwaypoint`, `curhealth`, `curmana`, `MovementType`, `unit_flags`, `pool_id`, `patch_min`, `patch_max`) VALUES ('207051', '1', '1', NULL, '0', '1151.03', '-4385.63', '26', '0.77', '120', '10', '0', '1', '0', '1', '0', '0', '0', '10');
INSERT INTO game_event_creature (`event`, `guid`) VALUES ('24', '207051');
INSERT INTO creature_entry (`spawnID`, `entry`) VALUES ('207050', '23487');
INSERT INTO creature (`spawnID`, `map`, `spawnMask`, `modelid`, `equipment_id`, `position_x`, `position_y`, `position_z`, `orientation`, `spawntimesecs`, `spawndist`, `currentwaypoint`, `curhealth`, `curmana`, `MovementType`, `unit_flags`, `pool_id`, `patch_min`, `patch_max`) VALUES ('207050', '1', '1', NULL, '0', '1151.11', '-4416.34', '21.25', '1.31', '120', '10', '0', '1', '0', '1', '0', '0', '0', '10');
INSERT INTO game_event_creature (`event`, `guid`) VALUES ('24', '207050');
INSERT INTO creature_entry (`spawnID`, `entry`) VALUES ('207049', '23487');
INSERT INTO creature (`spawnID`, `map`, `spawnMask`, `modelid`, `equipment_id`, `position_x`, `position_y`, `position_z`, `orientation`, `spawntimesecs`, `spawndist`, `currentwaypoint`, `curhealth`, `curmana`, `MovementType`, `unit_flags`, `pool_id`, `patch_min`, `patch_max`) VALUES ('207049', '1', '1', NULL, '0', '1153.96', '-4289.25', '20.86', '0.07', '120', '10', '0', '1', '0', '1', '0', '0', '0', '10');
INSERT INTO game_event_creature (`event`, `guid`) VALUES ('24', '207049');
INSERT INTO creature_entry (`spawnID`, `entry`) VALUES ('207048', '23487');
INSERT INTO creature (`spawnID`, `map`, `spawnMask`, `modelid`, `equipment_id`, `position_x`, `position_y`, `position_z`, `orientation`, `spawntimesecs`, `spawndist`, `currentwaypoint`, `curhealth`, `curmana`, `MovementType`, `unit_flags`, `pool_id`, `patch_min`, `patch_max`) VALUES ('207048', '1', '1', NULL, '0', '1157.07', '-4347.97', '26.19', '5.98', '120', '10', '0', '1', '0', '1', '0', '0', '0', '10');
INSERT INTO game_event_creature (`event`, `guid`) VALUES ('24', '207048');
INSERT INTO creature_entry (`spawnID`, `entry`) VALUES ('207047', '23487');
INSERT INTO creature (`spawnID`, `map`, `spawnMask`, `modelid`, `equipment_id`, `position_x`, `position_y`, `position_z`, `orientation`, `spawntimesecs`, `spawndist`, `currentwaypoint`, `curhealth`, `curmana`, `MovementType`, `unit_flags`, `pool_id`, `patch_min`, `patch_max`) VALUES ('207047', '1', '1', NULL, '0', '1164.14', '-4438.07', '24.6', '4.52', '120', '10', '0', '1', '0', '1', '0', '0', '0', '10');
INSERT INTO game_event_creature (`event`, `guid`) VALUES ('24', '207047');
INSERT INTO creature_entry (`spawnID`, `entry`) VALUES ('207046', '23487');
INSERT INTO creature (`spawnID`, `map`, `spawnMask`, `modelid`, `equipment_id`, `position_x`, `position_y`, `position_z`, `orientation`, `spawntimesecs`, `spawndist`, `currentwaypoint`, `curhealth`, `curmana`, `MovementType`, `unit_flags`, `pool_id`, `patch_min`, `patch_max`) VALUES ('207046', '1', '1', NULL, '0', '1164.42', '-4314.74', '21.23', '0.34', '120', '10', '0', '1', '0', '1', '0', '0', '0', '10');
INSERT INTO game_event_creature (`event`, `guid`) VALUES ('24', '207046');
INSERT INTO creature_entry (`spawnID`, `entry`) VALUES ('207045', '23487');
INSERT INTO creature (`spawnID`, `map`, `spawnMask`, `modelid`, `equipment_id`, `position_x`, `position_y`, `position_z`, `orientation`, `spawntimesecs`, `spawndist`, `currentwaypoint`, `curhealth`, `curmana`, `MovementType`, `unit_flags`, `pool_id`, `patch_min`, `patch_max`) VALUES ('207045', '1', '1', NULL, '0', '24.5395', '-4434.95', '39.68', '1.88', '120', '10', '0', '1', '0', '1', '0', '0', '0', '10');
INSERT INTO game_event_creature (`event`, `guid`) VALUES ('24', '207045');
INSERT INTO creature_entry (`spawnID`, `entry`) VALUES ('207044', '23487');
INSERT INTO creature (`spawnID`, `map`, `spawnMask`, `modelid`, `equipment_id`, `position_x`, `position_y`, `position_z`, `orientation`, `spawntimesecs`, `spawndist`, `currentwaypoint`, `curhealth`, `curmana`, `MovementType`, `unit_flags`, `pool_id`, `patch_min`, `patch_max`) VALUES ('207044', '1', '1', NULL, '0', '1179.16', '-4284.78', '21.27', '5.34', '120', '10', '0', '1', '0', '1', '0', '0', '0', '10');
INSERT INTO game_event_creature (`event`, `guid`) VALUES ('24', '207044');
INSERT INTO creature_entry (`spawnID`, `entry`) VALUES ('207043', '23487');
INSERT INTO creature (`spawnID`, `map`, `spawnMask`, `modelid`, `equipment_id`, `position_x`, `position_y`, `position_z`, `orientation`, `spawntimesecs`, `spawndist`, `currentwaypoint`, `curhealth`, `curmana`, `MovementType`, `unit_flags`, `pool_id`, `patch_min`, `patch_max`) VALUES ('207043', '1', '1', NULL, '0', '1175.74', '-4402.24', '21.84', '1.9', '120', '10', '0', '1', '0', '1', '0', '0', '0', '10');
INSERT INTO game_event_creature (`event`, `guid`) VALUES ('24', '207043');
INSERT INTO creature_entry (`spawnID`, `entry`) VALUES ('207042', '23487');
INSERT INTO creature (`spawnID`, `map`, `spawnMask`, `modelid`, `equipment_id`, `position_x`, `position_y`, `position_z`, `orientation`, `spawntimesecs`, `spawndist`, `currentwaypoint`, `curhealth`, `curmana`, `MovementType`, `unit_flags`, `pool_id`, `patch_min`, `patch_max`) VALUES ('207042', '1', '1', NULL, '0', '1179.55', '-4249.49', '23.3', '2.21', '120', '10', '0', '1', '0', '1', '0', '0', '0', '10');
INSERT INTO game_event_creature (`event`, `guid`) VALUES ('24', '207042');
INSERT INTO creature_entry (`spawnID`, `entry`) VALUES ('207041', '23487');
INSERT INTO creature (`spawnID`, `map`, `spawnMask`, `modelid`, `equipment_id`, `position_x`, `position_y`, `position_z`, `orientation`, `spawntimesecs`, `spawndist`, `currentwaypoint`, `curhealth`, `curmana`, `MovementType`, `unit_flags`, `pool_id`, `patch_min`, `patch_max`) VALUES ('207041', '1', '1', NULL, '0', '1185.9', '-4445.14', '21.71', '1.08', '120', '10', '0', '1', '0', '1', '0', '0', '0', '10');
INSERT INTO game_event_creature (`event`, `guid`) VALUES ('24', '207041');
INSERT INTO creature_entry (`spawnID`, `entry`) VALUES ('207040', '23487');
INSERT INTO creature (`spawnID`, `map`, `spawnMask`, `modelid`, `equipment_id`, `position_x`, `position_y`, `position_z`, `orientation`, `spawntimesecs`, `spawndist`, `currentwaypoint`, `curhealth`, `curmana`, `MovementType`, `unit_flags`, `pool_id`, `patch_min`, `patch_max`) VALUES ('207040', '1', '1', NULL, '0', '1189.81', '-4390.27', '23.37', '3.33', '120', '10', '0', '1', '0', '1', '0', '0', '0', '10');
INSERT INTO game_event_creature (`event`, `guid`) VALUES ('24', '207040');
INSERT INTO creature_entry (`spawnID`, `entry`) VALUES ('207039', '23487');
INSERT INTO creature (`spawnID`, `map`, `spawnMask`, `modelid`, `equipment_id`, `position_x`, `position_y`, `position_z`, `orientation`, `spawntimesecs`, `spawndist`, `currentwaypoint`, `curhealth`, `curmana`, `MovementType`, `unit_flags`, `pool_id`, `patch_min`, `patch_max`) VALUES ('207039', '1', '1', NULL, '0', '1191.64', '-4317.15', '21.32', '3.6', '120', '10', '0', '1', '0', '1', '0', '0', '0', '10');
INSERT INTO game_event_creature (`event`, `guid`) VALUES ('24', '207039');
INSERT INTO creature_entry (`spawnID`, `entry`) VALUES ('207038', '23487');
INSERT INTO creature (`spawnID`, `map`, `spawnMask`, `modelid`, `equipment_id`, `position_x`, `position_y`, `position_z`, `orientation`, `spawntimesecs`, `spawndist`, `currentwaypoint`, `curhealth`, `curmana`, `MovementType`, `unit_flags`, `pool_id`, `patch_min`, `patch_max`) VALUES ('207038', '1', '1', NULL, '0', '1184.54', '-4220.53', '24.3', '0.19', '120', '10', '0', '1', '0', '1', '0', '0', '0', '10');
INSERT INTO game_event_creature (`event`, `guid`) VALUES ('24', '207038');
INSERT INTO creature_entry (`spawnID`, `entry`) VALUES ('207036', '23487');
INSERT INTO creature (`spawnID`, `map`, `spawnMask`, `modelid`, `equipment_id`, `position_x`, `position_y`, `position_z`, `orientation`, `spawntimesecs`, `spawndist`, `currentwaypoint`, `curhealth`, `curmana`, `MovementType`, `unit_flags`, `pool_id`, `patch_min`, `patch_max`) VALUES ('207036', '1', '1', NULL, '0', '1208.04', '-4450.48', '23.87', '3.68', '120', '10', '0', '1', '0', '1', '0', '0', '0', '10');
INSERT INTO game_event_creature (`event`, `guid`) VALUES ('24', '207036');
INSERT INTO creature_entry (`spawnID`, `entry`) VALUES ('207035', '23487');
INSERT INTO creature (`spawnID`, `map`, `spawnMask`, `modelid`, `equipment_id`, `position_x`, `position_y`, `position_z`, `orientation`, `spawntimesecs`, `spawndist`, `currentwaypoint`, `curhealth`, `curmana`, `MovementType`, `unit_flags`, `pool_id`, `patch_min`, `patch_max`) VALUES ('207035', '1', '1', NULL, '0', '1211.6', '-4369.06', '26.25', '4.12', '120', '10', '0', '1', '0', '1', '0', '0', '0', '10');
INSERT INTO game_event_creature (`event`, `guid`) VALUES ('24', '207035');
INSERT INTO creature_entry (`spawnID`, `entry`) VALUES ('207034', '23487');
INSERT INTO creature (`spawnID`, `map`, `spawnMask`, `modelid`, `equipment_id`, `position_x`, `position_y`, `position_z`, `orientation`, `spawntimesecs`, `spawndist`, `currentwaypoint`, `curhealth`, `curmana`, `MovementType`, `unit_flags`, `pool_id`, `patch_min`, `patch_max`) VALUES ('207034', '1', '1', NULL, '0', '1215.68', '-4226.68', '22.98', '4.03', '120', '10', '0', '1', '0', '1', '0', '0', '0', '10');
INSERT INTO game_event_creature (`event`, `guid`) VALUES ('24', '207034');
INSERT INTO creature_entry (`spawnID`, `entry`) VALUES ('207033', '23487');
INSERT INTO creature (`spawnID`, `map`, `spawnMask`, `modelid`, `equipment_id`, `position_x`, `position_y`, `position_z`, `orientation`, `spawntimesecs`, `spawndist`, `currentwaypoint`, `curhealth`, `curmana`, `MovementType`, `unit_flags`, `pool_id`, `patch_min`, `patch_max`) VALUES ('207033', '1', '1', NULL, '0', '1215.97', '-4334.78', '21.32', '1.23', '120', '10', '0', '1', '0', '1', '0', '0', '0', '10');
INSERT INTO game_event_creature (`event`, `guid`) VALUES ('24', '207033');
INSERT INTO creature_entry (`spawnID`, `entry`) VALUES ('207032', '23487');
INSERT INTO creature (`spawnID`, `map`, `spawnMask`, `modelid`, `equipment_id`, `position_x`, `position_y`, `position_z`, `orientation`, `spawntimesecs`, `spawndist`, `currentwaypoint`, `curhealth`, `curmana`, `MovementType`, `unit_flags`, `pool_id`, `patch_min`, `patch_max`) VALUES ('207032', '1', '1', NULL, '0', '1218.56', '-4274.42', '21.32', '0.74', '120', '10', '0', '1', '0', '1', '0', '0', '0', '10');
INSERT INTO game_event_creature (`event`, `guid`) VALUES ('24', '207032');
INSERT INTO creature_entry (`spawnID`, `entry`) VALUES ('207031', '23487');
INSERT INTO creature (`spawnID`, `map`, `spawnMask`, `modelid`, `equipment_id`, `position_x`, `position_y`, `position_z`, `orientation`, `spawntimesecs`, `spawndist`, `currentwaypoint`, `curhealth`, `curmana`, `MovementType`, `unit_flags`, `pool_id`, `patch_min`, `patch_max`) VALUES ('207031', '1', '1', NULL, '0', '1229.25', '-4371.64', '28.62', '5.21', '120', '10', '0', '1', '0', '1', '0', '0', '0', '10');
INSERT INTO game_event_creature (`event`, `guid`) VALUES ('24', '207031');
INSERT INTO creature_entry (`spawnID`, `entry`) VALUES ('207030', '23487');
INSERT INTO creature (`spawnID`, `map`, `spawnMask`, `modelid`, `equipment_id`, `position_x`, `position_y`, `position_z`, `orientation`, `spawntimesecs`, `spawndist`, `currentwaypoint`, `curhealth`, `curmana`, `MovementType`, `unit_flags`, `pool_id`, `patch_min`, `patch_max`) VALUES ('207030', '1', '1', NULL, '0', '1244.79', '-4276.82', '24.57', '2.6', '120', '10', '0', '1', '0', '1', '0', '0', '0', '10');
INSERT INTO game_event_creature (`event`, `guid`) VALUES ('24', '207030');
INSERT INTO creature_entry (`spawnID`, `entry`) VALUES ('207029', '23487');
INSERT INTO creature (`spawnID`, `map`, `spawnMask`, `modelid`, `equipment_id`, `position_x`, `position_y`, `position_z`, `orientation`, `spawntimesecs`, `spawndist`, `currentwaypoint`, `curhealth`, `curmana`, `MovementType`, `unit_flags`, `pool_id`, `patch_min`, `patch_max`) VALUES ('207029', '1', '1', NULL, '0', '1248.2', '-4416.96', '24.05', '0.77', '120', '10', '0', '1', '0', '1', '0', '0', '0', '10');
INSERT INTO game_event_creature (`event`, `guid`) VALUES ('24', '207029');
INSERT INTO creature_entry (`spawnID`, `entry`) VALUES ('207028', '23487');
INSERT INTO creature (`spawnID`, `map`, `spawnMask`, `modelid`, `equipment_id`, `position_x`, `position_y`, `position_z`, `orientation`, `spawntimesecs`, `spawndist`, `currentwaypoint`, `curhealth`, `curmana`, `MovementType`, `unit_flags`, `pool_id`, `patch_min`, `patch_max`) VALUES ('207028', '0', '1', NULL, '0', '-5149.64', '-611.72', '398.57', '2.03', '120', '10', '0', '1', '0', '1', '0', '0', '0', '10');
INSERT INTO game_event_creature (`event`, `guid`) VALUES ('24', '207028');
INSERT INTO creature_entry (`spawnID`, `entry`) VALUES ('207027', '23487');
INSERT INTO creature (`spawnID`, `map`, `spawnMask`, `modelid`, `equipment_id`, `position_x`, `position_y`, `position_z`, `orientation`, `spawntimesecs`, `spawndist`, `currentwaypoint`, `curhealth`, `curmana`, `MovementType`, `unit_flags`, `pool_id`, `patch_min`, `patch_max`) VALUES ('207027', '0', '1', NULL, '0', '-5150.31', '-547.6', '398.54', '5.5', '120', '10', '0', '1', '0', '1', '0', '0', '0', '10');
INSERT INTO game_event_creature (`event`, `guid`) VALUES ('24', '207027');
INSERT INTO creature_entry (`spawnID`, `entry`) VALUES ('207026', '23487');
INSERT INTO creature (`spawnID`, `map`, `spawnMask`, `modelid`, `equipment_id`, `position_x`, `position_y`, `position_z`, `orientation`, `spawntimesecs`, `spawndist`, `currentwaypoint`, `curhealth`, `curmana`, `MovementType`, `unit_flags`, `pool_id`, `patch_min`, `patch_max`) VALUES ('207026', '0', '1', NULL, '0', '-5157.62', '-539.33', '403.44', '3.51', '120', '10', '0', '1', '0', '1', '0', '0', '0', '10');
INSERT INTO game_event_creature (`event`, `guid`) VALUES ('24', '207026');
INSERT INTO creature_entry (`spawnID`, `entry`) VALUES ('207025', '23487');
INSERT INTO creature (`spawnID`, `map`, `spawnMask`, `modelid`, `equipment_id`, `position_x`, `position_y`, `position_z`, `orientation`, `spawntimesecs`, `spawndist`, `currentwaypoint`, `curhealth`, `curmana`, `MovementType`, `unit_flags`, `pool_id`, `patch_min`, `patch_max`) VALUES ('207025', '0', '1', NULL, '0', '-5171.57', '-488.21', '390.61', '3.99', '120', '10', '0', '1', '0', '1', '0', '0', '0', '10');
INSERT INTO game_event_creature (`event`, `guid`) VALUES ('24', '207025');
INSERT INTO creature_entry (`spawnID`, `entry`) VALUES ('207024', '23487');
INSERT INTO creature (`spawnID`, `map`, `spawnMask`, `modelid`, `equipment_id`, `position_x`, `position_y`, `position_z`, `orientation`, `spawntimesecs`, `spawndist`, `currentwaypoint`, `curhealth`, `curmana`, `MovementType`, `unit_flags`, `pool_id`, `patch_min`, `patch_max`) VALUES ('207024', '0', '1', NULL, '0', '-5176.1', '-607.11', '397.3', '3.29', '120', '10', '0', '1', '0', '1', '0', '0', '0', '10');
INSERT INTO game_event_creature (`event`, `guid`) VALUES ('24', '207024');
INSERT INTO creature_entry (`spawnID`, `entry`) VALUES ('207023', '23487');
INSERT INTO creature (`spawnID`, `map`, `spawnMask`, `modelid`, `equipment_id`, `position_x`, `position_y`, `position_z`, `orientation`, `spawntimesecs`, `spawndist`, `currentwaypoint`, `curhealth`, `curmana`, `MovementType`, `unit_flags`, `pool_id`, `patch_min`, `patch_max`) VALUES ('207023', '0', '1', NULL, '0', '-5175.99', '-566.02', '396.44', '3', '120', '10', '0', '1', '0', '1', '0', '0', '0', '10');
INSERT INTO game_event_creature (`event`, `guid`) VALUES ('24', '207023');
INSERT INTO creature_entry (`spawnID`, `entry`) VALUES ('207022', '23487');
INSERT INTO creature (`spawnID`, `map`, `spawnMask`, `modelid`, `equipment_id`, `position_x`, `position_y`, `position_z`, `orientation`, `spawntimesecs`, `spawndist`, `currentwaypoint`, `curhealth`, `curmana`, `MovementType`, `unit_flags`, `pool_id`, `patch_min`, `patch_max`) VALUES ('207022', '0', '1', NULL, '0', '-5186.19', '-544.18', '397.28', '1.27', '120', '10', '0', '1', '0', '1', '0', '0', '0', '10');
INSERT INTO game_event_creature (`event`, `guid`) VALUES ('24', '207022');
INSERT INTO creature_entry (`spawnID`, `entry`) VALUES ('207021', '23487');
INSERT INTO creature (`spawnID`, `map`, `spawnMask`, `modelid`, `equipment_id`, `position_x`, `position_y`, `position_z`, `orientation`, `spawntimesecs`, `spawndist`, `currentwaypoint`, `curhealth`, `curmana`, `MovementType`, `unit_flags`, `pool_id`, `patch_min`, `patch_max`) VALUES ('207021', '0', '1', NULL, '0', '-5183.45', '-519.9', '391.36', '0.53', '120', '10', '0', '1', '0', '1', '0', '0', '0', '10');
INSERT INTO game_event_creature (`event`, `guid`) VALUES ('24', '207021');
INSERT INTO creature_entry (`spawnID`, `entry`) VALUES ('207020', '23487');
INSERT INTO creature (`spawnID`, `map`, `spawnMask`, `modelid`, `equipment_id`, `position_x`, `position_y`, `position_z`, `orientation`, `spawntimesecs`, `spawndist`, `currentwaypoint`, `curhealth`, `curmana`, `MovementType`, `unit_flags`, `pool_id`, `patch_min`, `patch_max`) VALUES ('207020', '0', '1', NULL, '0', '-5180.54', '-488.88', '387.1', '0.52', '120', '10', '0', '1', '0', '1', '0', '0', '0', '10');
INSERT INTO game_event_creature (`event`, `guid`) VALUES ('24', '207020');
INSERT INTO creature_entry (`spawnID`, `entry`) VALUES ('207019', '23487');
INSERT INTO creature (`spawnID`, `map`, `spawnMask`, `modelid`, `equipment_id`, `position_x`, `position_y`, `position_z`, `orientation`, `spawntimesecs`, `spawndist`, `currentwaypoint`, `curhealth`, `curmana`, `MovementType`, `unit_flags`, `pool_id`, `patch_min`, `patch_max`) VALUES ('207019', '0', '1', NULL, '0', '-5179.26', '-563.72', '397.28', '0.11', '120', '10', '0', '1', '0', '1', '0', '0', '0', '10');
INSERT INTO game_event_creature (`event`, `guid`) VALUES ('24', '207019');
INSERT INTO creature_entry (`spawnID`, `entry`) VALUES ('207018', '23487');
INSERT INTO creature (`spawnID`, `map`, `spawnMask`, `modelid`, `equipment_id`, `position_x`, `position_y`, `position_z`, `orientation`, `spawntimesecs`, `spawndist`, `currentwaypoint`, `curhealth`, `curmana`, `MovementType`, `unit_flags`, `pool_id`, `patch_min`, `patch_max`) VALUES ('207018', '0', '1', NULL, '0', '-5190.13', '-607.32', '397.3', '0', '120', '10', '0', '1', '0', '1', '0', '0', '0', '10');
INSERT INTO game_event_creature (`event`, `guid`) VALUES ('24', '207018');
INSERT INTO creature_entry (`spawnID`, `entry`) VALUES ('207017', '23487');
INSERT INTO creature (`spawnID`, `map`, `spawnMask`, `modelid`, `equipment_id`, `position_x`, `position_y`, `position_z`, `orientation`, `spawntimesecs`, `spawndist`, `currentwaypoint`, `curhealth`, `curmana`, `MovementType`, `unit_flags`, `pool_id`, `patch_min`, `patch_max`) VALUES ('207017', '0', '1', NULL, '0', '-5195.87', '-513.21', '389.5', '5.37', '120', '10', '0', '1', '0', '1', '0', '0', '0', '10');
INSERT INTO game_event_creature (`event`, `guid`) VALUES ('24', '207017');
INSERT INTO creature_entry (`spawnID`, `entry`) VALUES ('207016', '23487');
INSERT INTO creature (`spawnID`, `map`, `spawnMask`, `modelid`, `equipment_id`, `position_x`, `position_y`, `position_z`, `orientation`, `spawntimesecs`, `spawndist`, `currentwaypoint`, `curhealth`, `curmana`, `MovementType`, `unit_flags`, `pool_id`, `patch_min`, `patch_max`) VALUES ('207016', '0', '1', NULL, '0', '-5197.81', '-573.17', '399.75', '0.31', '120', '10', '0', '1', '0', '1', '0', '0', '0', '10');
INSERT INTO game_event_creature (`event`, `guid`) VALUES ('24', '207016');
INSERT INTO creature_entry (`spawnID`, `entry`) VALUES ('207015', '23487');
INSERT INTO creature (`spawnID`, `map`, `spawnMask`, `modelid`, `equipment_id`, `position_x`, `position_y`, `position_z`, `orientation`, `spawntimesecs`, `spawndist`, `currentwaypoint`, `curhealth`, `curmana`, `MovementType`, `unit_flags`, `pool_id`, `patch_min`, `patch_max`) VALUES ('207015', '0', '1', NULL, '0', '-5200.38', '-461.01', '388.83', '0.57', '120', '10', '0', '1', '0', '1', '0', '0', '0', '10');
INSERT INTO game_event_creature (`event`, `guid`) VALUES ('24', '207015');
INSERT INTO creature_entry (`spawnID`, `entry`) VALUES ('207014', '23487');
INSERT INTO creature (`spawnID`, `map`, `spawnMask`, `modelid`, `equipment_id`, `position_x`, `position_y`, `position_z`, `orientation`, `spawntimesecs`, `spawndist`, `currentwaypoint`, `curhealth`, `curmana`, `MovementType`, `unit_flags`, `pool_id`, `patch_min`, `patch_max`) VALUES ('207014', '0', '1', NULL, '0', '-5200.64', '-585.07', '398.57', '4.47', '120', '10', '0', '1', '0', '1', '0', '0', '0', '10');
INSERT INTO game_event_creature (`event`, `guid`) VALUES ('24', '207014');
INSERT INTO creature_entry (`spawnID`, `entry`) VALUES ('207013', '23487');
INSERT INTO creature (`spawnID`, `map`, `spawnMask`, `modelid`, `equipment_id`, `position_x`, `position_y`, `position_z`, `orientation`, `spawntimesecs`, `spawndist`, `currentwaypoint`, `curhealth`, `curmana`, `MovementType`, `unit_flags`, `pool_id`, `patch_min`, `patch_max`) VALUES ('207013', '0', '1', NULL, '0', '-5198.9', '-604.04', '400.44', '3.53', '120', '10', '0', '1', '0', '1', '0', '0', '0', '10');
INSERT INTO game_event_creature (`event`, `guid`) VALUES ('24', '207013');
INSERT INTO creature_entry (`spawnID`, `entry`) VALUES ('207012', '23487');
INSERT INTO creature (`spawnID`, `map`, `spawnMask`, `modelid`, `equipment_id`, `position_x`, `position_y`, `position_z`, `orientation`, `spawntimesecs`, `spawndist`, `currentwaypoint`, `curhealth`, `curmana`, `MovementType`, `unit_flags`, `pool_id`, `patch_min`, `patch_max`) VALUES ('207012', '0', '1', NULL, '0', '-5203.92', '-558.2', '397.39', '1.65', '120', '10', '0', '1', '0', '1', '0', '0', '0', '10');
INSERT INTO game_event_creature (`event`, `guid`) VALUES ('24', '207012');
INSERT INTO creature_entry (`spawnID`, `entry`) VALUES ('207011', '23487');
INSERT INTO creature (`spawnID`, `map`, `spawnMask`, `modelid`, `equipment_id`, `position_x`, `position_y`, `position_z`, `orientation`, `spawntimesecs`, `spawndist`, `currentwaypoint`, `curhealth`, `curmana`, `MovementType`, `unit_flags`, `pool_id`, `patch_min`, `patch_max`) VALUES ('207011', '0', '1', NULL, '0', '-5211.31', '-488.3', '388.82', '1.48', '120', '10', '0', '1', '0', '1', '0', '0', '0', '10');
INSERT INTO game_event_creature (`event`, `guid`) VALUES ('24', '207011');
INSERT INTO creature_entry (`spawnID`, `entry`) VALUES ('207010', '23487');
INSERT INTO creature (`spawnID`, `map`, `spawnMask`, `modelid`, `equipment_id`, `position_x`, `position_y`, `position_z`, `orientation`, `spawntimesecs`, `spawndist`, `currentwaypoint`, `curhealth`, `curmana`, `MovementType`, `unit_flags`, `pool_id`, `patch_min`, `patch_max`) VALUES ('207010', '0', '1', NULL, '0', '-5209.63', '-533.82', '393.13', '1.41', '120', '10', '0', '1', '0', '1', '0', '0', '0', '10');
INSERT INTO game_event_creature (`event`, `guid`) VALUES ('24', '207010');
INSERT INTO creature_entry (`spawnID`, `entry`) VALUES ('207009', '23487');
INSERT INTO creature (`spawnID`, `map`, `spawnMask`, `modelid`, `equipment_id`, `position_x`, `position_y`, `position_z`, `orientation`, `spawntimesecs`, `spawndist`, `currentwaypoint`, `curhealth`, `curmana`, `MovementType`, `unit_flags`, `pool_id`, `patch_min`, `patch_max`) VALUES ('207009', '0', '1', NULL, '0', '-5214.07', '-504.08', '388.51', '4.31', '120', '10', '0', '1', '0', '1', '0', '0', '0', '10');
INSERT INTO game_event_creature (`event`, `guid`) VALUES ('24', '207009');
INSERT INTO creature_entry (`spawnID`, `entry`) VALUES ('207008', '23487');
INSERT INTO creature (`spawnID`, `map`, `spawnMask`, `modelid`, `equipment_id`, `position_x`, `position_y`, `position_z`, `orientation`, `spawntimesecs`, `spawndist`, `currentwaypoint`, `curhealth`, `curmana`, `MovementType`, `unit_flags`, `pool_id`, `patch_min`, `patch_max`) VALUES ('207008', '0', '1', NULL, '0', '-5226.03', '-441.67', '388.21', '1.64', '120', '10', '0', '1', '0', '1', '0', '0', '0', '10');
INSERT INTO game_event_creature (`event`, `guid`) VALUES ('24', '207008');
INSERT INTO creature_entry (`spawnID`, `entry`) VALUES ('207007', '23487');
INSERT INTO creature (`spawnID`, `map`, `spawnMask`, `modelid`, `equipment_id`, `position_x`, `position_y`, `position_z`, `orientation`, `spawntimesecs`, `spawndist`, `currentwaypoint`, `curhealth`, `curmana`, `MovementType`, `unit_flags`, `pool_id`, `patch_min`, `patch_max`) VALUES ('207007', '0', '1', NULL, '0', '-5216.52', '-522.74', '390.47', '4.25', '120', '10', '0', '1', '0', '1', '0', '0', '0', '10');
INSERT INTO game_event_creature (`event`, `guid`) VALUES ('24', '207007');
INSERT INTO creature_entry (`spawnID`, `entry`) VALUES ('207006', '23487');
INSERT INTO creature (`spawnID`, `map`, `spawnMask`, `modelid`, `equipment_id`, `position_x`, `position_y`, `position_z`, `orientation`, `spawntimesecs`, `spawndist`, `currentwaypoint`, `curhealth`, `curmana`, `MovementType`, `unit_flags`, `pool_id`, `patch_min`, `patch_max`) VALUES ('207006', '0', '1', NULL, '0', '-5263.91', '-546.65', '388.14', '2.76', '120', '10', '0', '1', '0', '1', '0', '0', '0', '10');
INSERT INTO game_event_creature (`event`, `guid`) VALUES ('24', '207006');
INSERT INTO creature_entry (`spawnID`, `entry`) VALUES ('207057', '23487');
INSERT INTO creature (`spawnID`, `map`, `spawnMask`, `modelid`, `equipment_id`, `position_x`, `position_y`, `position_z`, `orientation`, `spawntimesecs`, `spawndist`, `currentwaypoint`, `curhealth`, `curmana`, `MovementType`, `unit_flags`, `pool_id`, `patch_min`, `patch_max`) VALUES ('207057', '1', '1', NULL, '0', '1320.65', '-4388.16', '26.29', '0.91', '120', '10', '0', '1', '0', '1', '0', '0', '0', '10');
INSERT INTO game_event_creature (`event`, `guid`) VALUES ('24', '207057');
INSERT INTO creature_entry (`spawnID`, `entry`) VALUES ('207056', '23487');
INSERT INTO creature (`spawnID`, `map`, `spawnMask`, `modelid`, `equipment_id`, `position_x`, `position_y`, `position_z`, `orientation`, `spawntimesecs`, `spawndist`, `currentwaypoint`, `curhealth`, `curmana`, `MovementType`, `unit_flags`, `pool_id`, `patch_min`, `patch_max`) VALUES ('207056', '1', '1', NULL, '0', '1282.59', '-4408.8', '26.47', '4.71', '120', '10', '0', '1', '0', '1', '0', '0', '0', '10');
INSERT INTO game_event_creature (`event`, `guid`) VALUES ('24', '207056');
INSERT INTO creature_entry (`spawnID`, `entry`) VALUES ('207055', '23487');
INSERT INTO creature (`spawnID`, `map`, `spawnMask`, `modelid`, `equipment_id`, `position_x`, `position_y`, `position_z`, `orientation`, `spawntimesecs`, `spawndist`, `currentwaypoint`, `curhealth`, `curmana`, `MovementType`, `unit_flags`, `pool_id`, `patch_min`, `patch_max`) VALUES ('207055', '1', '1', NULL, '0', '1279.92', '-4372.24', '28.27', '3.57', '120', '10', '0', '1', '0', '1', '0', '0', '0', '10');
INSERT INTO game_event_creature (`event`, `guid`) VALUES ('24', '207055');
INSERT INTO creature_entry (`spawnID`, `entry`) VALUES ('207054', '23487');
INSERT INTO creature (`spawnID`, `map`, `spawnMask`, `modelid`, `equipment_id`, `position_x`, `position_y`, `position_z`, `orientation`, `spawntimesecs`, `spawndist`, `currentwaypoint`, `curhealth`, `curmana`, `MovementType`, `unit_flags`, `pool_id`, `patch_min`, `patch_max`) VALUES ('207054', '1', '1', NULL, '0', '1271.02', '-4259.58', '24.33', '4.61', '120', '10', '0', '1', '0', '1', '0', '0', '0', '10');
INSERT INTO game_event_creature (`event`, `guid`) VALUES ('24', '207054');
DELETE ce, c1, c2, sg FROM creature_entry ce LEFT JOIN conditions c1 ON c1.ConditionTypeOrReference = 31 AND c1.ConditionValue1 = 3 AND c1.ConditionValue3 = 1098391 LEFT JOIN conditions c2 ON c2.SourceTypeOrReferenceId = 22 AND c2.SourceId = 0 AND c1.SourceEntry = -1098391 LEFT JOIN spawn_group sg ON sg.spawnId = 1098391 AND spawnType = 0 WHERE ce.spawnID = 1098391;


-- Importing creature spawn with guid 88961 with import type REPLACE_ALL


-- Importing creature spawn with guid 88962 with import type REPLACE_ALL


-- Importing creature spawn with guid 88963 with import type REPLACE_ALL


-- Importing creature spawn with guid 88964 with import type REPLACE_ALL


-- Importing creature spawn with guid 88965 with import type REPLACE_ALL


-- Importing creature spawn with guid 88966 with import type REPLACE_ALL


-- Importing creature spawn with guid 88967 with import type REPLACE_ALL


-- Importing creature spawn with guid 88968 with import type REPLACE_ALL


-- Importing creature spawn with guid 88969 with import type REPLACE_ALL


-- Importing creature spawn with guid 88970 with import type REPLACE_ALL


-- Importing creature spawn with guid 88971 with import type REPLACE_ALL


-- Importing creature spawn with guid 88972 with import type REPLACE_ALL


-- Importing creature spawn with guid 88973 with import type REPLACE_ALL


-- Importing creature spawn with guid 88976 with import type REPLACE_ALL


-- Importing creature spawn with guid 88977 with import type REPLACE_ALL


-- Importing creature spawn with guid 88978 with import type REPLACE_ALL


-- Importing creature spawn with guid 88979 with import type REPLACE_ALL


-- Importing creature spawn with guid 88980 with import type REPLACE_ALL


-- Importing creature spawn with guid 88981 with import type REPLACE_ALL


-- Importing creature spawn with guid 88982 with import type REPLACE_ALL


-- Importing creature spawn with guid 88983 with import type REPLACE_ALL


-- Importing creature spawn with guid 88984 with import type REPLACE_ALL


-- Importing creature spawn with guid 88985 with import type REPLACE_ALL


-- Importing creature spawn with guid 88986 with import type REPLACE_ALL


-- Importing creature spawn with guid 88987 with import type REPLACE_ALL


-- Importing creature spawn with guid 88988 with import type REPLACE_ALL


-- Importing creature spawn with guid 33799 with import type REPLACE_ALL


-- Importing creature spawn with guid 33907 with import type REPLACE_ALL


-- Importing creature spawn with guid 34011 with import type REPLACE_ALL


-- Importing creature spawn with guid 34013 with import type REPLACE_ALL


-- Importing creature spawn with guid 37041 with import type REPLACE_ALL


-- Importing creature spawn with guid 37047 with import type REPLACE_ALL


-- Importing creature spawn with guid 39317 with import type REPLACE_ALL
INSERT INTO creature_entry (`spawnID`, `entry`) VALUES ('79676', '23585');
-- Has LK modelid 21636 already in creature template, set to 0.
INSERT INTO creature (`spawnID`, `map`, `spawnMask`, `modelid`, `equipment_id`, `position_x`, `position_y`, `position_z`, `orientation`, `spawntimesecs`, `spawndist`, `currentwaypoint`, `curhealth`, `curmana`, `MovementType`, `unit_flags`, `pool_id`, `patch_min`, `patch_max`) VALUES ('79676', '1', '1', NULL, '0', '-3015.7', '-3952.67', '44.5581', '0.610865', '360', '5', '0', '42', '0', '1', '0', '0', '0', '10');
INSERT INTO creature_addon (`spawnID`, `path_id`, `mount`, `bytes0`, `bytes1`, `bytes2`, `emote`, `auras`) VALUES ('79676', NULL, '0', '0', '0', '4097', '0', '33343');


-- Importing creature spawn with guid 39318 with import type REPLACE_ALL


-- Importing creature spawn with guid 39319 with import type REPLACE_ALL


-- Importing creature spawn with guid 39320 with import type REPLACE_ALL


-- Importing creature spawn with guid 39321 with import type REPLACE_ALL


-- Importing creature spawn with guid 39322 with import type REPLACE_ALL


-- Importing creature spawn with guid 39323 with import type REPLACE_ALL


-- Importing creature spawn with guid 39324 with import type REPLACE_ALL


-- Importing creature spawn with guid 39325 with import type REPLACE_ALL


-- Importing creature spawn with guid 39326 with import type REPLACE_ALL


-- Importing creature spawn with guid 39327 with import type REPLACE_ALL


-- Importing creature spawn with guid 39328 with import type REPLACE_ALL


-- Importing creature spawn with guid 39329 with import type REPLACE_ALL


-- Importing creature spawn with guid 39330 with import type REPLACE_ALL


-- Importing creature spawn with guid 39331 with import type REPLACE_ALL


-- Importing creature spawn with guid 39332 with import type REPLACE_ALL


-- Importing creature spawn with guid 39333 with import type REPLACE_ALL


-- Importing creature spawn with guid 40170 with import type REPLACE_ALL


-- Importing creature spawn with guid 40171 with import type REPLACE_ALL


-- Importing creature spawn with guid 40227 with import type REPLACE_ALL


-- Importing creature spawn with guid 40563 with import type REPLACE_ALL


-- Importing creature spawn with guid 40564 with import type REPLACE_ALL


-- Importing creature spawn with guid 41319 with import type REPLACE_ALL


-- Importing creature spawn with guid 41322 with import type REPLACE_ALL


-- Importing creature spawn with guid 41323 with import type REPLACE_ALL


-- Importing creature spawn with guid 41324 with import type REPLACE_ALL


-- Importing creature spawn with guid 41325 with import type REPLACE_ALL


-- Importing creature spawn with guid 41326 with import type REPLACE_ALL


-- Importing creature spawn with guid 41327 with import type REPLACE_ALL


-- Importing creature spawn with guid 41328 with import type REPLACE_ALL


-- Importing creature spawn with guid 41669 with import type REPLACE_ALL


-- Importing creature spawn with guid 41726 with import type REPLACE_ALL


-- Importing creature spawn with guid 42616 with import type REPLACE_ALL


-- Importing creature spawn with guid 42641 with import type REPLACE_ALL


-- Importing creature spawn with guid 42668 with import type REPLACE_ALL


-- Importing creature spawn with guid 42669 with import type REPLACE_ALL


-- Importing creature spawn with guid 42680 with import type REPLACE_ALL


-- Importing creature spawn with guid 42686 with import type REPLACE_ALL


-- Importing creature spawn with guid 44193 with import type REPLACE_ALL


-- Importing creature spawn with guid 44194 with import type REPLACE_ALL


-- Importing creature spawn with guid 46975 with import type REPLACE_ALL


-- Importing creature spawn with guid 47413 with import type REPLACE_ALL


-- Importing creature spawn with guid 47414 with import type REPLACE_ALL


-- Importing creature spawn with guid 47415 with import type REPLACE_ALL


-- Importing creature spawn with guid 47416 with import type REPLACE_ALL


-- Importing creature spawn with guid 47417 with import type REPLACE_ALL


-- Importing creature spawn with guid 47418 with import type REPLACE_ALL


-- Importing creature spawn with guid 47419 with import type REPLACE_ALL


-- Importing creature spawn with guid 47420 with import type REPLACE_ALL


-- Importing creature spawn with guid 47421 with import type REPLACE_ALL


-- Importing creature spawn with guid 47422 with import type REPLACE_ALL


-- Importing creature spawn with guid 47423 with import type REPLACE_ALL


-- Importing creature spawn with guid 47424 with import type REPLACE_ALL


-- Importing creature spawn with guid 47425 with import type REPLACE_ALL


-- Importing creature spawn with guid 47426 with import type REPLACE_ALL


-- Importing creature spawn with guid 47427 with import type REPLACE_ALL


-- Importing creature spawn with guid 47428 with import type REPLACE_ALL


-- Importing creature spawn with guid 47429 with import type REPLACE_ALL


-- Importing creature spawn with guid 47430 with import type REPLACE_ALL


-- Importing creature spawn with guid 47431 with import type REPLACE_ALL


-- Importing creature spawn with guid 47445 with import type REPLACE_ALL


-- Importing creature spawn with guid 47632 with import type REPLACE_ALL


-- Importing creature spawn with guid 48383 with import type REPLACE_ALL


-- Importing creature spawn with guid 49987 with import type REPLACE_ALL


-- Importing creature spawn with guid 51458 with import type REPLACE_ALL


-- Importing creature spawn with guid 51751 with import type REPLACE_ALL


-- Importing creature spawn with guid 51982 with import type REPLACE_ALL


-- Importing creature spawn with guid 51983 with import type REPLACE_ALL


-- Importing creature spawn with guid 52926 with import type REPLACE_ALL


-- Importing creature spawn with guid 52927 with import type REPLACE_ALL


-- Importing creature spawn with guid 52928 with import type REPLACE_ALL


-- Importing creature spawn with guid 52929 with import type REPLACE_ALL


-- Importing creature spawn with guid 53166 with import type REPLACE_ALL


-- Importing creature spawn with guid 53651 with import type REPLACE_ALL


-- Importing creature spawn with guid 53844 with import type REPLACE_ALL


-- Importing creature spawn with guid 53845 with import type REPLACE_ALL


-- Importing creature spawn with guid 53846 with import type REPLACE_ALL


-- Importing creature spawn with guid 53847 with import type REPLACE_ALL


-- Importing creature spawn with guid 53848 with import type REPLACE_ALL


-- Importing creature spawn with guid 53849 with import type REPLACE_ALL


-- Importing creature spawn with guid 53850 with import type REPLACE_ALL


-- Importing creature spawn with guid 53851 with import type REPLACE_ALL


-- Importing creature spawn with guid 53951 with import type REPLACE_ALL


-- Importing creature spawn with guid 57315 with import type REPLACE_ALL


-- Importing creature spawn with guid 68749 with import type REPLACE_ALL


-- Importing creature spawn with guid 68750 with import type REPLACE_ALL


-- Importing creature spawn with guid 68751 with import type REPLACE_ALL


-- Importing creature spawn with guid 68752 with import type REPLACE_ALL


-- Importing creature spawn with guid 68753 with import type REPLACE_ALL


-- Importing creature spawn with guid 76521 with import type REPLACE_ALL


-- Importing creature spawn with guid 79676 with import type REPLACE_ALL


-- Importing creature spawn with guid 79725 with import type REPLACE_ALL


-- Importing creature spawn with guid 79758 with import type REPLACE_ALL


-- Importing creature spawn with guid 79759 with import type REPLACE_ALL


-- Importing creature spawn with guid 79760 with import type REPLACE_ALL


-- Importing creature spawn with guid 79761 with import type REPLACE_ALL


-- Importing creature spawn with guid 79762 with import type REPLACE_ALL


-- Importing creature spawn with guid 79763 with import type REPLACE_ALL


-- Importing creature spawn with guid 79764 with import type REPLACE_ALL


-- Importing creature spawn with guid 86309 with import type REPLACE_ALL


-- Importing creature spawn with guid 86312 with import type REPLACE_ALL


-- Importing creature spawn with guid 86313 with import type REPLACE_ALL


-- Importing creature spawn with guid 86351 with import type REPLACE_ALL


-- Importing creature spawn with guid 89107 with import type REPLACE_ALL


-- Importing creature spawn with guid 89109 with import type REPLACE_ALL


-- Importing creature spawn with guid 89110 with import type REPLACE_ALL


-- Importing creature spawn with guid 89265 with import type REPLACE_ALL


-- Importing creature spawn with guid 89282 with import type REPLACE_ALL


-- Importing creature spawn with guid 89304 with import type REPLACE_ALL


-- Importing creature spawn with guid 89407 with import type REPLACE_ALL
INSERT INTO creature_entry (`spawnID`, `entry`) VALUES ('134961', '18927');
INSERT INTO creature (`spawnID`, `map`, `spawnMask`, `modelid`, `equipment_id`, `position_x`, `position_y`, `position_z`, `orientation`, `spawntimesecs`, `spawndist`, `currentwaypoint`, `curhealth`, `curmana`, `MovementType`, `unit_flags`, `pool_id`, `patch_min`, `patch_max`) VALUES ('134961', '571', '1', NULL, '0', '5678.09', '658.93', '647.134', '0.088838', '300', '0', '0', '42', '0', '0', '0', '0', '5', '10');
INSERT INTO game_event_creature (`event`, `guid`) VALUES ('51', '134961');
INSERT INTO creature_entry (`spawnID`, `entry`) VALUES ('134963', '18927');
INSERT INTO creature (`spawnID`, `map`, `spawnMask`, `modelid`, `equipment_id`, `position_x`, `position_y`, `position_z`, `orientation`, `spawntimesecs`, `spawndist`, `currentwaypoint`, `curhealth`, `curmana`, `MovementType`, `unit_flags`, `pool_id`, `patch_min`, `patch_max`) VALUES ('134963', '571', '1', NULL, '0', '5719.3', '687.257', '645.752', '5.72721', '300', '0', '0', '42', '0', '0', '0', '0', '5', '10');
INSERT INTO game_event_creature (`event`, `guid`) VALUES ('51', '134963');
INSERT INTO creature_entry (`spawnID`, `entry`) VALUES ('134881', '18927');
INSERT INTO creature (`spawnID`, `map`, `spawnMask`, `modelid`, `equipment_id`, `position_x`, `position_y`, `position_z`, `orientation`, `spawntimesecs`, `spawndist`, `currentwaypoint`, `curhealth`, `curmana`, `MovementType`, `unit_flags`, `pool_id`, `patch_min`, `patch_max`) VALUES ('134881', '571', '1', NULL, '0', '5740.71', '686.122', '643.896', '3.82227', '120', '0', '0', '1', '0', '0', '0', '0', '5', '10');
INSERT INTO game_event_creature (`event`, `guid`) VALUES ('51', '134881');
INSERT INTO creature_entry (`spawnID`, `entry`) VALUES ('134882', '18927');
INSERT INTO creature (`spawnID`, `map`, `spawnMask`, `modelid`, `equipment_id`, `position_x`, `position_y`, `position_z`, `orientation`, `spawntimesecs`, `spawndist`, `currentwaypoint`, `curhealth`, `curmana`, `MovementType`, `unit_flags`, `pool_id`, `patch_min`, `patch_max`) VALUES ('134882', '571', '1', NULL, '0', '5739.36', '684.622', '644.191', '0.872665', '120', '0', '0', '1', '0', '0', '0', '0', '5', '10');
INSERT INTO game_event_creature (`event`, `guid`) VALUES ('51', '134882');
INSERT INTO creature_entry (`spawnID`, `entry`) VALUES ('134883', '18927');
INSERT INTO creature (`spawnID`, `map`, `spawnMask`, `modelid`, `equipment_id`, `position_x`, `position_y`, `position_z`, `orientation`, `spawntimesecs`, `spawndist`, `currentwaypoint`, `curhealth`, `curmana`, `MovementType`, `unit_flags`, `pool_id`, `patch_min`, `patch_max`) VALUES ('134883', '571', '1', NULL, '0', '5664.31', '666.273', '652.064', '1.39626', '120', '0', '0', '1', '0', '0', '0', '0', '5', '10');
INSERT INTO game_event_creature (`event`, `guid`) VALUES ('51', '134883');
INSERT INTO creature_entry (`spawnID`, `entry`) VALUES ('134884', '18927');
INSERT INTO creature (`spawnID`, `map`, `spawnMask`, `modelid`, `equipment_id`, `position_x`, `position_y`, `position_z`, `orientation`, `spawntimesecs`, `spawndist`, `currentwaypoint`, `curhealth`, `curmana`, `MovementType`, `unit_flags`, `pool_id`, `patch_min`, `patch_max`) VALUES ('134884', '571', '1', NULL, '0', '5664.37', '668.047', '652.051', '4.90438', '120', '0', '0', '1', '0', '0', '0', '0', '5', '10');
INSERT INTO game_event_creature (`event`, `guid`) VALUES ('51', '134884');
INSERT INTO creature_entry (`spawnID`, `entry`) VALUES ('134885', '18927');
INSERT INTO creature (`spawnID`, `map`, `spawnMask`, `modelid`, `equipment_id`, `position_x`, `position_y`, `position_z`, `orientation`, `spawntimesecs`, `spawndist`, `currentwaypoint`, `curhealth`, `curmana`, `MovementType`, `unit_flags`, `pool_id`, `patch_min`, `patch_max`) VALUES ('134885', '0', '1', NULL, '0', '-8364.87', '617.86', '95.345', '2.58001', '120', '0', '0', '1', '0', '0', '0', '0', '0', '10');
INSERT INTO game_event_creature (`event`, `guid`) VALUES ('51', '134885');
INSERT INTO creature_entry (`spawnID`, `entry`) VALUES ('134886', '18927');
INSERT INTO creature (`spawnID`, `map`, `spawnMask`, `modelid`, `equipment_id`, `position_x`, `position_y`, `position_z`, `orientation`, `spawntimesecs`, `spawndist`, `currentwaypoint`, `curhealth`, `curmana`, `MovementType`, `unit_flags`, `pool_id`, `patch_min`, `patch_max`) VALUES ('134886', '0', '1', NULL, '0', '-8367.45', '619.199', '95.2811', '5.80422', '120', '0', '0', '1', '0', '0', '0', '0', '0', '10');
INSERT INTO game_event_creature (`event`, `guid`) VALUES ('51', '134886');


-- Importing creature spawn with guid 89408 with import type REPLACE_ALL


-- Importing creature spawn with guid 89409 with import type REPLACE_ALL


-- Importing creature spawn with guid 89410 with import type REPLACE_ALL


-- Importing creature spawn with guid 89413 with import type REPLACE_ALL
INSERT INTO creature_entry (`spawnID`, `entry`) VALUES ('106814', '15732');
-- Has LK modelid 13349 already in creature template, set to 0.
INSERT INTO creature (`spawnID`, `map`, `spawnMask`, `modelid`, `equipment_id`, `position_x`, `position_y`, `position_z`, `orientation`, `spawntimesecs`, `spawndist`, `currentwaypoint`, `curhealth`, `curmana`, `MovementType`, `unit_flags`, `pool_id`, `patch_min`, `patch_max`) VALUES ('106814', '571', '1', NULL, '0', '5818.67', '642.931', '647.9', '2.89725', '300', '0', '0', '1003', '0', '0', '0', '0', '5', '10');
INSERT INTO creature_addon (`spawnID`, `path_id`, `mount`, `bytes0`, `bytes1`, `bytes2`, `emote`, `auras`) VALUES ('106814', NULL, '0', '0', '0', '257', '0', NULL);
INSERT INTO game_event_creature (`event`, `guid`) VALUES ('2', '106814');
INSERT INTO creature_entry (`spawnID`, `entry`) VALUES ('52267', '15732');
INSERT INTO creature (`spawnID`, `map`, `spawnMask`, `modelid`, `equipment_id`, `position_x`, `position_y`, `position_z`, `orientation`, `spawntimesecs`, `spawndist`, `currentwaypoint`, `curhealth`, `curmana`, `MovementType`, `unit_flags`, `pool_id`, `patch_min`, `patch_max`) VALUES ('52267', '530', '1', NULL, '0', '-1987.69', '5092.3', '7.80985', '0.767945', '120', '0', '0', '0', '0', '0', '0', '0', '0', '10');
INSERT INTO game_event_creature (`event`, `guid`) VALUES ('2', '52267');
INSERT INTO creature_entry (`spawnID`, `entry`) VALUES ('78311', '15732');
INSERT INTO creature (`spawnID`, `map`, `spawnMask`, `modelid`, `equipment_id`, `position_x`, `position_y`, `position_z`, `orientation`, `spawntimesecs`, `spawndist`, `currentwaypoint`, `curhealth`, `curmana`, `MovementType`, `unit_flags`, `pool_id`, `patch_min`, `patch_max`) VALUES ('78311', '0', '1', NULL, '0', '-3821.37', '-768.938', '8.08321', '1.74533', '120', '0', '0', '0', '0', '0', '0', '0', '0', '10');
INSERT INTO game_event_creature (`event`, `guid`) VALUES ('2', '78311');
DELETE ce, c1, c2, sg FROM creature_entry ce LEFT JOIN conditions c1 ON c1.ConditionTypeOrReference = 31 AND c1.ConditionValue1 = 3 AND c1.ConditionValue3 = 1096816 LEFT JOIN conditions c2 ON c2.SourceTypeOrReferenceId = 22 AND c2.SourceId = 0 AND c1.SourceEntry = -1096816 LEFT JOIN spawn_group sg ON sg.spawnId = 1096816 AND spawnType = 0 WHERE ce.spawnID = 1096816;


-- Importing creature spawn with guid 89414 with import type REPLACE_ALL


-- Importing creature spawn with guid 89415 with import type REPLACE_ALL


-- Importing creature spawn with guid 89416 with import type REPLACE_ALL


-- Importing creature spawn with guid 89417 with import type REPLACE_ALL


-- Importing creature spawn with guid 89418 with import type REPLACE_ALL


-- Importing creature spawn with guid 89419 with import type REPLACE_ALL


-- Importing creature spawn with guid 51806 with import type REPLACE_ALL
INSERT INTO creature_entry (`spawnID`, `entry`) VALUES ('43881', '11734');
-- Has LK modelid 12155 already in creature template, set to 0.
INSERT INTO creature (`spawnID`, `map`, `spawnMask`, `modelid`, `equipment_id`, `position_x`, `position_y`, `position_z`, `orientation`, `spawntimesecs`, `spawndist`, `currentwaypoint`, `curhealth`, `curmana`, `MovementType`, `unit_flags`, `pool_id`, `patch_min`, `patch_max`) VALUES ('43881', '1', '1', NULL, '0', '-7859.2', '522.629', '-35.1191', '5.33008', '300', '25', '0', '3849', '0', '1', '0', '0', '0', '10');
INSERT INTO spawn_group (`groupId`, `spawnType`, `spawnId`) VALUES ('2', '0', '43881');
INSERT INTO creature_entry (`spawnID`, `entry`) VALUES ('43890', '11734');
-- Has LK modelid 12155 already in creature template, set to 0.
INSERT INTO creature (`spawnID`, `map`, `spawnMask`, `modelid`, `equipment_id`, `position_x`, `position_y`, `position_z`, `orientation`, `spawntimesecs`, `spawndist`, `currentwaypoint`, `curhealth`, `curmana`, `MovementType`, `unit_flags`, `pool_id`, `patch_min`, `patch_max`) VALUES ('43890', '1', '1', NULL, '0', '-7813.44', '620.833', '-41.5201', '2.57202', '300', '25', '0', '3849', '0', '1', '0', '0', '0', '10');
INSERT INTO spawn_group (`groupId`, `spawnType`, `spawnId`) VALUES ('2', '0', '43890');


-- Importing creature spawn with guid 51805 with import type REPLACE_ALL


-- Importing creature spawn with guid 51804 with import type REPLACE_ALL


-- Importing creature spawn with guid 51803 with import type REPLACE_ALL


-- Importing creature spawn with guid 86152 with import type REPLACE_ALL


-- Importing creature spawn with guid 86153 with import type REPLACE_ALL


-- Importing creature spawn with guid 86558 with import type REPLACE_ALL


-- Importing creature spawn with guid 86559 with import type REPLACE_ALL


-- Importing creature spawn with guid 86560 with import type REPLACE_ALL


-- Importing creature spawn with guid 86561 with import type REPLACE_ALL


-- Importing creature spawn with guid 90438 with import type REPLACE_ALL


-- Importing creature spawn with guid 90453 with import type REPLACE_ALL
INSERT INTO creature_entry (`spawnID`, `entry`) VALUES ('120756', '4995');
-- Has LK modelid 2991 already in creature template, set to 0.
INSERT INTO creature (`spawnID`, `map`, `spawnMask`, `modelid`, `equipment_id`, `position_x`, `position_y`, `position_z`, `orientation`, `spawntimesecs`, `spawndist`, `currentwaypoint`, `curhealth`, `curmana`, `MovementType`, `unit_flags`, `pool_id`, `patch_min`, `patch_max`) VALUES ('120756', '0', '1', NULL, '1', '-8782.76', '826.563', '97.3506', '1.06465', '180', '0', '0', '3696', '0', '0', '0', '0', '0', '10');
INSERT INTO creature_entry (`spawnID`, `entry`) VALUES ('120757', '4995');
-- Has LK modelid 2992 already in creature template, set to 0.
INSERT INTO creature (`spawnID`, `map`, `spawnMask`, `modelid`, `equipment_id`, `position_x`, `position_y`, `position_z`, `orientation`, `spawntimesecs`, `spawndist`, `currentwaypoint`, `curhealth`, `curmana`, `MovementType`, `unit_flags`, `pool_id`, `patch_min`, `patch_max`) VALUES ('120757', '0', '1', NULL, '1', '-8784.99', '826.464', '97.7333', '0.820305', '180', '0', '0', '3696', '0', '0', '0', '0', '0', '10');
INSERT INTO creature_entry (`spawnID`, `entry`) VALUES ('120758', '4995');
-- Has LK modelid 2990 already in creature template, set to 0.
INSERT INTO creature (`spawnID`, `map`, `spawnMask`, `modelid`, `equipment_id`, `position_x`, `position_y`, `position_z`, `orientation`, `spawntimesecs`, `spawndist`, `currentwaypoint`, `curhealth`, `curmana`, `MovementType`, `unit_flags`, `pool_id`, `patch_min`, `patch_max`) VALUES ('120758', '0', '1', NULL, '1', '-8787.48', '830.024', '97.7339', '0.767945', '180', '0', '0', '3696', '0', '0', '0', '0', '0', '10');
INSERT INTO creature_entry (`spawnID`, `entry`) VALUES ('120759', '4995');
-- Has LK modelid 2991 already in creature template, set to 0.
INSERT INTO creature (`spawnID`, `map`, `spawnMask`, `modelid`, `equipment_id`, `position_x`, `position_y`, `position_z`, `orientation`, `spawntimesecs`, `spawndist`, `currentwaypoint`, `curhealth`, `curmana`, `MovementType`, `unit_flags`, `pool_id`, `patch_min`, `patch_max`) VALUES ('120759', '0', '1', NULL, '1', '-8787.61', '832.835', '97.3899', '0.261799', '180', '0', '0', '3696', '0', '0', '0', '0', '0', '10');


-- Importing creature spawn with guid 90454 with import type REPLACE_ALL


-- Importing creature spawn with guid 90455 with import type REPLACE_ALL


-- Importing creature spawn with guid 90456 with import type REPLACE_ALL


-- Importing creature spawn with guid 90457 with import type REPLACE_ALL
INSERT INTO creature_entry (`spawnID`, `entry`) VALUES ('120762', '4996');
-- Has LK modelid 2987 already in creature template, set to 0.
INSERT INTO creature (`spawnID`, `map`, `spawnMask`, `modelid`, `equipment_id`, `position_x`, `position_y`, `position_z`, `orientation`, `spawntimesecs`, `spawndist`, `currentwaypoint`, `curhealth`, `curmana`, `MovementType`, `unit_flags`, `pool_id`, `patch_min`, `patch_max`) VALUES ('120762', '0', '1', NULL, '0', '-8767.58', '819.59', '97.718', '5.0091', '180', '0', '0', '3696', '0', '0', '0', '0', '0', '10');


-- Importing creature spawn with guid 90472 with import type REPLACE_ALL
INSERT INTO creature_entry (`spawnID`, `entry`) VALUES ('120726', '6237');
-- Has LK modelid 2992 already in creature template, set to 0.
INSERT INTO creature (`spawnID`, `map`, `spawnMask`, `modelid`, `equipment_id`, `position_x`, `position_y`, `position_z`, `orientation`, `spawntimesecs`, `spawndist`, `currentwaypoint`, `curhealth`, `curmana`, `MovementType`, `unit_flags`, `pool_id`, `patch_min`, `patch_max`) VALUES ('120726', '0', '1', NULL, '1', '-8792.39', '831.441', '97.7273', '0.174533', '180', '0', '0', '3696', '0', '0', '0', '0', '0', '10');
INSERT INTO creature_entry (`spawnID`, `entry`) VALUES ('120727', '6237');
-- Has LK modelid 2992 already in creature template, set to 0.
INSERT INTO creature (`spawnID`, `map`, `spawnMask`, `modelid`, `equipment_id`, `position_x`, `position_y`, `position_z`, `orientation`, `spawntimesecs`, `spawndist`, `currentwaypoint`, `curhealth`, `curmana`, `MovementType`, `unit_flags`, `pool_id`, `patch_min`, `patch_max`) VALUES ('120727', '0', '1', NULL, '1', '-8791.23', '835.569', '97.718', '6.05629', '180', '0', '0', '3696', '0', '0', '0', '0', '0', '10');
INSERT INTO creature_entry (`spawnID`, `entry`) VALUES ('120728', '6237');
-- Has LK modelid 2991 already in creature template, set to 0.
INSERT INTO creature (`spawnID`, `map`, `spawnMask`, `modelid`, `equipment_id`, `position_x`, `position_y`, `position_z`, `orientation`, `spawntimesecs`, `spawndist`, `currentwaypoint`, `curhealth`, `curmana`, `MovementType`, `unit_flags`, `pool_id`, `patch_min`, `patch_max`) VALUES ('120728', '0', '1', NULL, '1', '-8779.49', '823.292', '97.718', '1.46608', '180', '0', '0', '3696', '0', '0', '0', '0', '0', '10');


-- Importing creature spawn with guid 90473 with import type REPLACE_ALL


-- Importing creature spawn with guid 90474 with import type REPLACE_ALL


-- Importing creature spawn with guid 90475 with import type REPLACE_ALL


-- Importing creature spawn with guid 91572 with import type REPLACE_ALL
INSERT INTO creature_entry (`spawnID`, `entry`) VALUES ('85541', '15895');
INSERT INTO creature (`spawnID`, `map`, `spawnMask`, `modelid`, `equipment_id`, `position_x`, `position_y`, `position_z`, `orientation`, `spawntimesecs`, `spawndist`, `currentwaypoint`, `curhealth`, `curmana`, `MovementType`, `unit_flags`, `pool_id`, `patch_min`, `patch_max`) VALUES ('85541', '1', '1', NULL, '0', '10153.6', '2593.45', '1330.84', '4.79965', '120', '0', '0', '0', '0', '0', '0', '0', '0', '10');
INSERT INTO game_event_creature (`event`, `guid`) VALUES ('7', '85541');
INSERT INTO creature_entry (`spawnID`, `entry`) VALUES ('85540', '15895');
INSERT INTO creature (`spawnID`, `map`, `spawnMask`, `modelid`, `equipment_id`, `position_x`, `position_y`, `position_z`, `orientation`, `spawntimesecs`, `spawndist`, `currentwaypoint`, `curhealth`, `curmana`, `MovementType`, `unit_flags`, `pool_id`, `patch_min`, `patch_max`) VALUES ('85540', '530', '1', NULL, '0', '-4014.71', '-11848.5', '0.163467', '4.79965', '120', '0', '0', '0', '0', '0', '0', '0', '0', '10');
INSERT INTO game_event_creature (`event`, `guid`) VALUES ('7', '85540');
INSERT INTO creature_entry (`spawnID`, `entry`) VALUES ('61992', '15895');
INSERT INTO creature (`spawnID`, `map`, `spawnMask`, `modelid`, `equipment_id`, `position_x`, `position_y`, `position_z`, `orientation`, `spawntimesecs`, `spawndist`, `currentwaypoint`, `curhealth`, `curmana`, `MovementType`, `unit_flags`, `pool_id`, `patch_min`, `patch_max`) VALUES ('61992', '571', '1', NULL, '0', '5824.65', '657.071', '647.614', '3.24631', '120', '0', '0', '0', '0', '0', '0', '0', '5', '10');
INSERT INTO game_event_creature (`event`, `guid`) VALUES ('7', '61992');
INSERT INTO creature_entry (`spawnID`, `entry`) VALUES ('97683', '15895');
INSERT INTO creature (`spawnID`, `map`, `spawnMask`, `modelid`, `equipment_id`, `position_x`, `position_y`, `position_z`, `orientation`, `spawntimesecs`, `spawndist`, `currentwaypoint`, `curhealth`, `curmana`, `MovementType`, `unit_flags`, `pool_id`, `patch_min`, `patch_max`) VALUES ('97683', '530', '1', NULL, '0', '-1794.92', '5506.39', '-12.3448', '0.680678', '120', '0', '0', '0', '0', '0', '0', '0', '0', '10');
INSERT INTO game_event_creature (`event`, `guid`) VALUES ('7', '97683');
INSERT INTO creature_entry (`spawnID`, `entry`) VALUES ('97684', '15895');
INSERT INTO creature (`spawnID`, `map`, `spawnMask`, `modelid`, `equipment_id`, `position_x`, `position_y`, `position_z`, `orientation`, `spawntimesecs`, `spawndist`, `currentwaypoint`, `curhealth`, `curmana`, `MovementType`, `unit_flags`, `pool_id`, `patch_min`, `patch_max`) VALUES ('97684', '530', '1', NULL, '0', '-1762.11', '5439.02', '-12.3448', '0.331613', '120', '0', '0', '0', '0', '0', '0', '0', '0', '10');
INSERT INTO game_event_creature (`event`, `guid`) VALUES ('7', '97684');
INSERT INTO creature_entry (`spawnID`, `entry`) VALUES ('97685', '15895');
INSERT INTO creature (`spawnID`, `map`, `spawnMask`, `modelid`, `equipment_id`, `position_x`, `position_y`, `position_z`, `orientation`, `spawntimesecs`, `spawndist`, `currentwaypoint`, `curhealth`, `curmana`, `MovementType`, `unit_flags`, `pool_id`, `patch_min`, `patch_max`) VALUES ('97685', '530', '1', NULL, '0', '9487.33', '-7285.74', '14.3737', '0.680678', '120', '0', '0', '0', '0', '0', '0', '0', '0', '10');
INSERT INTO game_event_creature (`event`, `guid`) VALUES ('7', '97685');
DELETE ce, c1, c2, sg FROM creature_entry ce LEFT JOIN conditions c1 ON c1.ConditionTypeOrReference = 31 AND c1.ConditionValue1 = 3 AND c1.ConditionValue3 = 1096979 LEFT JOIN conditions c2 ON c2.SourceTypeOrReferenceId = 22 AND c2.SourceId = 0 AND c1.SourceEntry = -1096979 LEFT JOIN spawn_group sg ON sg.spawnId = 1096979 AND spawnType = 0 WHERE ce.spawnID = 1096979;


-- Importing creature spawn with guid 91593 with import type REPLACE_ALL
INSERT INTO creature_entry (`spawnID`, `entry`) VALUES ('85539', '15898');
INSERT INTO creature (`spawnID`, `map`, `spawnMask`, `modelid`, `equipment_id`, `position_x`, `position_y`, `position_z`, `orientation`, `spawntimesecs`, `spawndist`, `currentwaypoint`, `curhealth`, `curmana`, `MovementType`, `unit_flags`, `pool_id`, `patch_min`, `patch_max`) VALUES ('85539', '1', '1', NULL, '0', '10148', '2572.63', '1320.7', '4.18879', '120', '0', '0', '0', '0', '0', '0', '0', '0', '10');
INSERT INTO game_event_creature (`event`, `guid`) VALUES ('7', '85539');
INSERT INTO creature_entry (`spawnID`, `entry`) VALUES ('85538', '15898');
INSERT INTO creature (`spawnID`, `map`, `spawnMask`, `modelid`, `equipment_id`, `position_x`, `position_y`, `position_z`, `orientation`, `spawntimesecs`, `spawndist`, `currentwaypoint`, `curhealth`, `curmana`, `MovementType`, `unit_flags`, `pool_id`, `patch_min`, `patch_max`) VALUES ('85538', '530', '1', NULL, '0', '-4020.06', '-11848.4', '0.105093', '4.67748', '120', '0', '0', '0', '0', '0', '0', '0', '0', '10');
INSERT INTO game_event_creature (`event`, `guid`) VALUES ('7', '85538');
INSERT INTO creature_entry (`spawnID`, `entry`) VALUES ('61991', '15898');
INSERT INTO creature (`spawnID`, `map`, `spawnMask`, `modelid`, `equipment_id`, `position_x`, `position_y`, `position_z`, `orientation`, `spawntimesecs`, `spawndist`, `currentwaypoint`, `curhealth`, `curmana`, `MovementType`, `unit_flags`, `pool_id`, `patch_min`, `patch_max`) VALUES ('61991', '571', '1', NULL, '0', '5827.15', '654.626', '647.578', '3.15905', '120', '0', '0', '0', '0', '0', '0', '0', '5', '10');
INSERT INTO game_event_creature (`event`, `guid`) VALUES ('7', '61991');
INSERT INTO creature_entry (`spawnID`, `entry`) VALUES ('97680', '15898');
INSERT INTO creature (`spawnID`, `map`, `spawnMask`, `modelid`, `equipment_id`, `position_x`, `position_y`, `position_z`, `orientation`, `spawntimesecs`, `spawndist`, `currentwaypoint`, `curhealth`, `curmana`, `MovementType`, `unit_flags`, `pool_id`, `patch_min`, `patch_max`) VALUES ('97680', '530', '1', NULL, '0', '-1790.07', '5499.83', '-12.3448', '0.698132', '120', '0', '0', '0', '0', '0', '0', '0', '0', '10');
INSERT INTO game_event_creature (`event`, `guid`) VALUES ('7', '97680');
INSERT INTO creature_entry (`spawnID`, `entry`) VALUES ('97681', '15898');
INSERT INTO creature (`spawnID`, `map`, `spawnMask`, `modelid`, `equipment_id`, `position_x`, `position_y`, `position_z`, `orientation`, `spawntimesecs`, `spawndist`, `currentwaypoint`, `curhealth`, `curmana`, `MovementType`, `unit_flags`, `pool_id`, `patch_min`, `patch_max`) VALUES ('97681', '530', '1', NULL, '0', '-1763.57', '5447.72', '-12.3448', '0.226893', '120', '0', '0', '0', '0', '0', '0', '0', '0', '10');
INSERT INTO game_event_creature (`event`, `guid`) VALUES ('7', '97681');
INSERT INTO creature_entry (`spawnID`, `entry`) VALUES ('97682', '15898');
INSERT INTO creature (`spawnID`, `map`, `spawnMask`, `modelid`, `equipment_id`, `position_x`, `position_y`, `position_z`, `orientation`, `spawntimesecs`, `spawndist`, `currentwaypoint`, `curhealth`, `curmana`, `MovementType`, `unit_flags`, `pool_id`, `patch_min`, `patch_max`) VALUES ('97682', '530', '1', NULL, '0', '9490.62', '-7290.23', '14.3964', '0.698132', '120', '0', '0', '0', '0', '0', '0', '0', '0', '10');
INSERT INTO game_event_creature (`event`, `guid`) VALUES ('7', '97682');
DELETE ce, c1, c2, sg FROM creature_entry ce LEFT JOIN conditions c1 ON c1.ConditionTypeOrReference = 31 AND c1.ConditionValue1 = 3 AND c1.ConditionValue3 = 1096980 LEFT JOIN conditions c2 ON c2.SourceTypeOrReferenceId = 22 AND c2.SourceId = 0 AND c1.SourceEntry = -1096980 LEFT JOIN spawn_group sg ON sg.spawnId = 1096980 AND spawnType = 0 WHERE ce.spawnID = 1096980;


-- Importing creature spawn with guid 91594 with import type REPLACE_ALL
INSERT INTO creature_entry (`spawnID`, `entry`) VALUES ('85542', '15897');
INSERT INTO creature (`spawnID`, `map`, `spawnMask`, `modelid`, `equipment_id`, `position_x`, `position_y`, `position_z`, `orientation`, `spawntimesecs`, `spawndist`, `currentwaypoint`, `curhealth`, `curmana`, `MovementType`, `unit_flags`, `pool_id`, `patch_min`, `patch_max`) VALUES ('85542', '530', '1', NULL, '0', '-4017.51', '-11837.7', '0.159306', '4.39823', '120', '0', '0', '0', '0', '0', '0', '0', '0', '10');
INSERT INTO game_event_creature (`event`, `guid`) VALUES ('7', '85542');
INSERT INTO creature_entry (`spawnID`, `entry`) VALUES ('61993', '15897');
INSERT INTO creature (`spawnID`, `map`, `spawnMask`, `modelid`, `equipment_id`, `position_x`, `position_y`, `position_z`, `orientation`, `spawntimesecs`, `spawndist`, `currentwaypoint`, `curhealth`, `curmana`, `MovementType`, `unit_flags`, `pool_id`, `patch_min`, `patch_max`) VALUES ('61993', '571', '1', NULL, '0', '5821.92', '642.784', '648.11', '5.16617', '120', '0', '0', '0', '0', '0', '0', '0', '5', '10');
INSERT INTO game_event_creature (`event`, `guid`) VALUES ('7', '61993');
INSERT INTO creature_entry (`spawnID`, `entry`) VALUES ('97692', '15897');
INSERT INTO creature (`spawnID`, `map`, `spawnMask`, `modelid`, `equipment_id`, `position_x`, `position_y`, `position_z`, `orientation`, `spawntimesecs`, `spawndist`, `currentwaypoint`, `curhealth`, `curmana`, `MovementType`, `unit_flags`, `pool_id`, `patch_min`, `patch_max`) VALUES ('97692', '530', '1', NULL, '0', '-1804.34', '5492.79', '-12.3448', '5.37561', '120', '0', '0', '0', '0', '0', '0', '0', '0', '10');
INSERT INTO game_event_creature (`event`, `guid`) VALUES ('7', '97692');
INSERT INTO creature_entry (`spawnID`, `entry`) VALUES ('97693', '15897');
INSERT INTO creature (`spawnID`, `map`, `spawnMask`, `modelid`, `equipment_id`, `position_x`, `position_y`, `position_z`, `orientation`, `spawntimesecs`, `spawndist`, `currentwaypoint`, `curhealth`, `curmana`, `MovementType`, `unit_flags`, `pool_id`, `patch_min`, `patch_max`) VALUES ('97693', '530', '1', NULL, '0', '-1778.06', '5439.69', '-12.3448', '4.41568', '120', '0', '0', '0', '0', '0', '0', '0', '0', '10');
INSERT INTO game_event_creature (`event`, `guid`) VALUES ('7', '97693');
INSERT INTO creature_entry (`spawnID`, `entry`) VALUES ('97694', '15897');
INSERT INTO creature (`spawnID`, `map`, `spawnMask`, `modelid`, `equipment_id`, `position_x`, `position_y`, `position_z`, `orientation`, `spawntimesecs`, `spawndist`, `currentwaypoint`, `curhealth`, `curmana`, `MovementType`, `unit_flags`, `pool_id`, `patch_min`, `patch_max`) VALUES ('97694', '530', '1', NULL, '0', '9479.26', '-7295.21', '14.4095', '4.39823', '120', '0', '0', '0', '0', '0', '0', '0', '0', '10');
INSERT INTO game_event_creature (`event`, `guid`) VALUES ('7', '97694');


-- Importing creature spawn with guid 91595 with import type REPLACE_ALL
INSERT INTO creature_entry (`spawnID`, `entry`) VALUES ('97686', '15891');
INSERT INTO creature (`spawnID`, `map`, `spawnMask`, `modelid`, `equipment_id`, `position_x`, `position_y`, `position_z`, `orientation`, `spawntimesecs`, `spawndist`, `currentwaypoint`, `curhealth`, `curmana`, `MovementType`, `unit_flags`, `pool_id`, `patch_min`, `patch_max`) VALUES ('97686', '530', '1', NULL, '0', '-1799.08', '5491.6', '-12.3448', '2.87979', '120', '0', '0', '0', '0', '0', '0', '0', '0', '10');
INSERT INTO game_event_creature (`event`, `guid`) VALUES ('7', '97686');
INSERT INTO creature_entry (`spawnID`, `entry`) VALUES ('97687', '15891');
INSERT INTO creature (`spawnID`, `map`, `spawnMask`, `modelid`, `equipment_id`, `position_x`, `position_y`, `position_z`, `orientation`, `spawntimesecs`, `spawndist`, `currentwaypoint`, `curhealth`, `curmana`, `MovementType`, `unit_flags`, `pool_id`, `patch_min`, `patch_max`) VALUES ('97687', '530', '1', NULL, '0', '-1804.24', '5498.25', '-12.3448', '4.69494', '120', '0', '0', '0', '0', '0', '0', '0', '0', '10');
INSERT INTO game_event_creature (`event`, `guid`) VALUES ('7', '97687');
INSERT INTO creature_entry (`spawnID`, `entry`) VALUES ('97688', '15891');
INSERT INTO creature (`spawnID`, `map`, `spawnMask`, `modelid`, `equipment_id`, `position_x`, `position_y`, `position_z`, `orientation`, `spawntimesecs`, `spawndist`, `currentwaypoint`, `curhealth`, `curmana`, `MovementType`, `unit_flags`, `pool_id`, `patch_min`, `patch_max`) VALUES ('97688', '530', '1', NULL, '0', '-1807.64', '5489.97', '-12.3448', '0.750492', '120', '0', '0', '0', '0', '0', '0', '0', '0', '10');
INSERT INTO game_event_creature (`event`, `guid`) VALUES ('7', '97688');
INSERT INTO creature_entry (`spawnID`, `entry`) VALUES ('97689', '15891');
INSERT INTO creature (`spawnID`, `map`, `spawnMask`, `modelid`, `equipment_id`, `position_x`, `position_y`, `position_z`, `orientation`, `spawntimesecs`, `spawndist`, `currentwaypoint`, `curhealth`, `curmana`, `MovementType`, `unit_flags`, `pool_id`, `patch_min`, `patch_max`) VALUES ('97689', '530', '1', NULL, '0', '9483.58', '-7296.71', '14.4308', '2.87979', '120', '0', '0', '0', '0', '0', '0', '0', '0', '10');
INSERT INTO game_event_creature (`event`, `guid`) VALUES ('7', '97689');
INSERT INTO creature_entry (`spawnID`, `entry`) VALUES ('97690', '15891');
INSERT INTO creature (`spawnID`, `map`, `spawnMask`, `modelid`, `equipment_id`, `position_x`, `position_y`, `position_z`, `orientation`, `spawntimesecs`, `spawndist`, `currentwaypoint`, `curhealth`, `curmana`, `MovementType`, `unit_flags`, `pool_id`, `patch_min`, `patch_max`) VALUES ('97690', '530', '1', NULL, '0', '9479.12', '-7290.21', '14.3603', '4.69494', '120', '0', '0', '0', '0', '0', '0', '0', '0', '10');
INSERT INTO game_event_creature (`event`, `guid`) VALUES ('7', '97690');
INSERT INTO creature_entry (`spawnID`, `entry`) VALUES ('97691', '15891');
INSERT INTO creature (`spawnID`, `map`, `spawnMask`, `modelid`, `equipment_id`, `position_x`, `position_y`, `position_z`, `orientation`, `spawntimesecs`, `spawndist`, `currentwaypoint`, `curhealth`, `curmana`, `MovementType`, `unit_flags`, `pool_id`, `patch_min`, `patch_max`) VALUES ('97691', '530', '1', NULL, '0', '9475.68', '-7297.99', '14.436', '0.750492', '120', '0', '0', '0', '0', '0', '0', '0', '0', '10');
INSERT INTO game_event_creature (`event`, `guid`) VALUES ('7', '97691');


-- Importing creature spawn with guid 91596 with import type REPLACE_ALL


-- Importing creature spawn with guid 91597 with import type REPLACE_ALL


-- Importing creature spawn with guid 91599 with import type REPLACE_ALL


-- Importing creature spawn with guid 91600 with import type REPLACE_ALL


-- Importing creature spawn with guid 91601 with import type REPLACE_ALL


-- Importing creature spawn with guid 91602 with import type REPLACE_ALL


-- Importing creature spawn with guid 91604 with import type REPLACE_ALL


-- Importing creature spawn with guid 91605 with import type REPLACE_ALL


-- Importing creature spawn with guid 91606 with import type REPLACE_ALL


-- Importing creature spawn with guid 91607 with import type REPLACE_ALL


-- Importing creature spawn with guid 91608 with import type REPLACE_ALL


-- Importing creature spawn with guid 91609 with import type REPLACE_ALL


-- Importing creature spawn with guid 91611 with import type REPLACE_ALL


-- Importing creature spawn with guid 91612 with import type REPLACE_ALL


-- Importing creature spawn with guid 91613 with import type REPLACE_ALL


-- Importing creature spawn with guid 91614 with import type REPLACE_ALL


-- Importing creature spawn with guid 91615 with import type REPLACE_ALL


-- Importing creature spawn with guid 91622 with import type REPLACE_ALL
INSERT INTO creature_entry (`spawnID`, `entry`) VALUES ('85532', '15892');
INSERT INTO creature (`spawnID`, `map`, `spawnMask`, `modelid`, `equipment_id`, `position_x`, `position_y`, `position_z`, `orientation`, `spawntimesecs`, `spawndist`, `currentwaypoint`, `curhealth`, `curmana`, `MovementType`, `unit_flags`, `pool_id`, `patch_min`, `patch_max`) VALUES ('85532', '530', '1', NULL, '0', '-4014.53', '-11839.5', '0.187831', '2.61799', '120', '0', '0', '0', '0', '0', '0', '0', '0', '10');
INSERT INTO game_event_creature (`event`, `guid`) VALUES ('7', '85532');
INSERT INTO creature_entry (`spawnID`, `entry`) VALUES ('85533', '15892');
INSERT INTO creature (`spawnID`, `map`, `spawnMask`, `modelid`, `equipment_id`, `position_x`, `position_y`, `position_z`, `orientation`, `spawntimesecs`, `spawndist`, `currentwaypoint`, `curhealth`, `curmana`, `MovementType`, `unit_flags`, `pool_id`, `patch_min`, `patch_max`) VALUES ('85533', '530', '1', NULL, '0', '-4017.63', '-11834.3', '0.171095', '4.74729', '120', '0', '0', '0', '0', '0', '0', '0', '0', '10');
INSERT INTO game_event_creature (`event`, `guid`) VALUES ('7', '85533');
INSERT INTO creature_entry (`spawnID`, `entry`) VALUES ('85534', '15892');
INSERT INTO creature (`spawnID`, `map`, `spawnMask`, `modelid`, `equipment_id`, `position_x`, `position_y`, `position_z`, `orientation`, `spawntimesecs`, `spawndist`, `currentwaypoint`, `curhealth`, `curmana`, `MovementType`, `unit_flags`, `pool_id`, `patch_min`, `patch_max`) VALUES ('85534', '530', '1', NULL, '0', '-4020.61', '-11839.4', '0.120863', '0.471239', '120', '0', '0', '0', '0', '0', '0', '0', '0', '10');
INSERT INTO game_event_creature (`event`, `guid`) VALUES ('7', '85534');
INSERT INTO creature_entry (`spawnID`, `entry`) VALUES ('61988', '15892');
INSERT INTO creature (`spawnID`, `map`, `spawnMask`, `modelid`, `equipment_id`, `position_x`, `position_y`, `position_z`, `orientation`, `spawntimesecs`, `spawndist`, `currentwaypoint`, `curhealth`, `curmana`, `MovementType`, `unit_flags`, `pool_id`, `patch_min`, `patch_max`) VALUES ('61988', '571', '1', NULL, '0', '5825.6', '642.92', '647.877', '3.10669', '120', '0', '0', '0', '0', '0', '0', '0', '5', '10');
INSERT INTO game_event_creature (`event`, `guid`) VALUES ('7', '61988');
INSERT INTO creature_entry (`spawnID`, `entry`) VALUES ('61989', '15892');
INSERT INTO creature (`spawnID`, `map`, `spawnMask`, `modelid`, `equipment_id`, `position_x`, `position_y`, `position_z`, `orientation`, `spawntimesecs`, `spawndist`, `currentwaypoint`, `curhealth`, `curmana`, `MovementType`, `unit_flags`, `pool_id`, `patch_min`, `patch_max`) VALUES ('61989', '571', '1', NULL, '0', '5820.26', '646.17', '647.852', '5.23599', '120', '0', '0', '0', '0', '0', '0', '0', '5', '10');
INSERT INTO game_event_creature (`event`, `guid`) VALUES ('7', '61989');
INSERT INTO creature_entry (`spawnID`, `entry`) VALUES ('61990', '15892');
INSERT INTO creature (`spawnID`, `map`, `spawnMask`, `modelid`, `equipment_id`, `position_x`, `position_y`, `position_z`, `orientation`, `spawntimesecs`, `spawndist`, `currentwaypoint`, `curhealth`, `curmana`, `MovementType`, `unit_flags`, `pool_id`, `patch_min`, `patch_max`) VALUES ('61990', '571', '1', NULL, '0', '5819.78', '639.332', '647.913', '1.02974', '120', '0', '0', '0', '0', '0', '0', '0', '5', '10');
INSERT INTO game_event_creature (`event`, `guid`) VALUES ('7', '61990');
INSERT INTO creature_entry (`spawnID`, `entry`) VALUES ('97677', '15892');
INSERT INTO creature (`spawnID`, `map`, `spawnMask`, `modelid`, `equipment_id`, `position_x`, `position_y`, `position_z`, `orientation`, `spawntimesecs`, `spawndist`, `currentwaypoint`, `curhealth`, `curmana`, `MovementType`, `unit_flags`, `pool_id`, `patch_min`, `patch_max`) VALUES ('97677', '530', '1', NULL, '0', '-1781.75', '5438.71', '-12.3448', '0.261799', '120', '0', '0', '0', '0', '0', '0', '0', '0', '10');
INSERT INTO game_event_creature (`event`, `guid`) VALUES ('7', '97677');
INSERT INTO creature_entry (`spawnID`, `entry`) VALUES ('97678', '15892');
INSERT INTO creature (`spawnID`, `map`, `spawnMask`, `modelid`, `equipment_id`, `position_x`, `position_y`, `position_z`, `orientation`, `spawntimesecs`, `spawndist`, `currentwaypoint`, `curhealth`, `curmana`, `MovementType`, `unit_flags`, `pool_id`, `patch_min`, `patch_max`) VALUES ('97678', '530', '1', NULL, '0', '-1775.56', '5444.46', '-12.3448', '4.2237', '120', '0', '0', '0', '0', '0', '0', '0', '0', '10');
INSERT INTO game_event_creature (`event`, `guid`) VALUES ('7', '97678');
INSERT INTO creature_entry (`spawnID`, `entry`) VALUES ('97679', '15892');
INSERT INTO creature (`spawnID`, `map`, `spawnMask`, `modelid`, `equipment_id`, `position_x`, `position_y`, `position_z`, `orientation`, `spawntimesecs`, `spawndist`, `currentwaypoint`, `curhealth`, `curmana`, `MovementType`, `unit_flags`, `pool_id`, `patch_min`, `patch_max`) VALUES ('97679', '530', '1', NULL, '0', '-1773.55', '5436.28', '-12.3448', '2.49582', '120', '0', '0', '0', '0', '0', '0', '0', '0', '10');
INSERT INTO game_event_creature (`event`, `guid`) VALUES ('7', '97679');


-- Importing creature spawn with guid 91623 with import type REPLACE_ALL


-- Importing creature spawn with guid 91624 with import type REPLACE_ALL


-- Importing creature spawn with guid 91625 with import type REPLACE_ALL


-- Importing creature spawn with guid 91626 with import type REPLACE_ALL


-- Importing creature spawn with guid 91627 with import type REPLACE_ALL


-- Importing creature spawn with guid 91628 with import type REPLACE_ALL


-- Importing creature spawn with guid 91629 with import type REPLACE_ALL


-- Importing creature spawn with guid 91632 with import type REPLACE_ALL


-- Importing creature spawn with guid 91633 with import type REPLACE_ALL


-- Importing creature spawn with guid 91634 with import type REPLACE_ALL


-- Importing creature spawn with guid 91635 with import type REPLACE_ALL


-- Importing creature spawn with guid 91636 with import type REPLACE_ALL


-- Importing creature spawn with guid 91637 with import type REPLACE_ALL


-- Importing creature spawn with guid 91641 with import type REPLACE_ALL


-- Importing creature spawn with guid 91643 with import type REPLACE_ALL


-- Importing creature spawn with guid 91645 with import type REPLACE_ALL


-- Importing creature spawn with guid 91649 with import type REPLACE_ALL


-- Importing creature spawn with guid 91650 with import type REPLACE_ALL


-- Importing creature spawn with guid 91660 with import type REPLACE_ALL


-- Importing creature spawn with guid 91677 with import type REPLACE_ALL


-- Importing creature spawn with guid 91688 with import type REPLACE_ALL


-- Importing creature spawn with guid 91689 with import type REPLACE_ALL


-- Importing creature spawn with guid 18233 with import type REPLACE_ALL


-- Importing creature spawn with guid 51802 with import type REPLACE_ALL


-- Importing creature spawn with guid 18478 with import type REPLACE_ALL


-- Importing creature spawn with guid 19201 with import type REPLACE_ALL


-- Importing creature spawn with guid 28427 with import type REPLACE_ALL
INSERT INTO creature_entry (`spawnID`, `entry`) VALUES ('44571', '1548');
-- Has LK modelid 9020 already in creature template, set to 0.
INSERT INTO creature (`spawnID`, `map`, `spawnMask`, `modelid`, `equipment_id`, `position_x`, `position_y`, `position_z`, `orientation`, `spawntimesecs`, `spawndist`, `currentwaypoint`, `curhealth`, `curmana`, `MovementType`, `unit_flags`, `pool_id`, `patch_min`, `patch_max`) VALUES ('44571', '0', '1', NULL, '0', '1674.43', '580.359', '35.7674', '0.501252', '300', '10', '0', '137', '0', '1', '0', '0', '0', '10');
INSERT INTO spawn_group (`groupId`, `spawnType`, `spawnId`) VALUES ('2', '0', '44571');
INSERT INTO creature_entry (`spawnID`, `entry`) VALUES ('45217', '1548');
-- Has LK modelid 9020 already in creature template, set to 0.
INSERT INTO creature (`spawnID`, `map`, `spawnMask`, `modelid`, `equipment_id`, `position_x`, `position_y`, `position_z`, `orientation`, `spawntimesecs`, `spawndist`, `currentwaypoint`, `curhealth`, `curmana`, `MovementType`, `unit_flags`, `pool_id`, `patch_min`, `patch_max`) VALUES ('45217', '0', '1', NULL, '0', '1691.98', '510.147', '37.6366', '0.497324', '300', '10', '0', '137', '0', '1', '0', '0', '0', '10');
INSERT INTO spawn_group (`groupId`, `spawnType`, `spawnId`) VALUES ('2', '0', '45217');
INSERT INTO creature_entry (`spawnID`, `entry`) VALUES ('45219', '1548');
-- Has LK modelid 9020 already in creature template, set to 0.
INSERT INTO creature (`spawnID`, `map`, `spawnMask`, `modelid`, `equipment_id`, `position_x`, `position_y`, `position_z`, `orientation`, `spawntimesecs`, `spawndist`, `currentwaypoint`, `curhealth`, `curmana`, `MovementType`, `unit_flags`, `pool_id`, `patch_min`, `patch_max`) VALUES ('45219', '0', '1', NULL, '0', '1620.91', '516.839', '40.604', '5.08601', '300', '10', '0', '137', '0', '1', '0', '0', '0', '10');
INSERT INTO spawn_group (`groupId`, `spawnType`, `spawnId`) VALUES ('2', '0', '45219');
DELETE ce, c1, c2, sg FROM creature_entry ce LEFT JOIN conditions c1 ON c1.ConditionTypeOrReference = 31 AND c1.ConditionValue1 = 3 AND c1.ConditionValue3 = 1044370 LEFT JOIN conditions c2 ON c2.SourceTypeOrReferenceId = 22 AND c2.SourceId = 0 AND c1.SourceEntry = -1044370 LEFT JOIN spawn_group sg ON sg.spawnId = 1044370 AND spawnType = 0 WHERE ce.spawnID = 1044370;
DELETE ce, c1, c2, sg FROM creature_entry ce LEFT JOIN conditions c1 ON c1.ConditionTypeOrReference = 31 AND c1.ConditionValue1 = 3 AND c1.ConditionValue3 = 1045012 LEFT JOIN conditions c2 ON c2.SourceTypeOrReferenceId = 22 AND c2.SourceId = 0 AND c1.SourceEntry = -1045012 LEFT JOIN spawn_group sg ON sg.spawnId = 1045012 AND spawnType = 0 WHERE ce.spawnID = 1045012;


-- Importing creature spawn with guid 28428 with import type REPLACE_ALL


-- Importing creature spawn with guid 28707 with import type REPLACE_ALL
INSERT INTO creature_entry (`spawnID`, `entry`) VALUES ('200121', '7980');
INSERT INTO creature (`spawnID`, `map`, `spawnMask`, `modelid`, `equipment_id`, `position_x`, `position_y`, `position_z`, `orientation`, `spawntimesecs`, `spawndist`, `currentwaypoint`, `curhealth`, `curmana`, `MovementType`, `unit_flags`, `pool_id`, `patch_min`, `patch_max`) VALUES ('200121', '0', '1', '14369', '1', '2066.46', '316.796', '56.3714', '4.03981', '300', '0', '0', '21270', '0', '0', '0', '0', '0', '10');
INSERT INTO creature_entry (`spawnID`, `entry`) VALUES ('200120', '7980');
-- Has LK modelid 7117 already in creature template, set to 0.
INSERT INTO creature (`spawnID`, `map`, `spawnMask`, `modelid`, `equipment_id`, `position_x`, `position_y`, `position_z`, `orientation`, `spawntimesecs`, `spawndist`, `currentwaypoint`, `curhealth`, `curmana`, `MovementType`, `unit_flags`, `pool_id`, `patch_min`, `patch_max`) VALUES ('200120', '0', '1', NULL, '1', '2068.18', '311.796', '56.3456', '3.00308', '300', '0', '0', '21270', '0', '0', '0', '0', '0', '10');
INSERT INTO creature_entry (`spawnID`, `entry`) VALUES ('200119', '7980');
INSERT INTO creature (`spawnID`, `map`, `spawnMask`, `modelid`, `equipment_id`, `position_x`, `position_y`, `position_z`, `orientation`, `spawntimesecs`, `spawndist`, `currentwaypoint`, `curhealth`, `curmana`, `MovementType`, `unit_flags`, `pool_id`, `patch_min`, `patch_max`) VALUES ('200119', '0', '1', '7118', '1', '2083.47', '322.842', '56.3711', '6.10933', '300', '0', '0', '21270', '0', '0', '0', '0', '0', '10');
INSERT INTO creature_entry (`spawnID`, `entry`) VALUES ('200118', '7980');
INSERT INTO creature (`spawnID`, `map`, `spawnMask`, `modelid`, `equipment_id`, `position_x`, `position_y`, `position_z`, `orientation`, `spawntimesecs`, `spawndist`, `currentwaypoint`, `curhealth`, `curmana`, `MovementType`, `unit_flags`, `pool_id`, `patch_min`, `patch_max`) VALUES ('200118', '0', '1', '7118', '1', '2085.14', '318.146', '56.3444', '0.544789', '300', '0', '0', '21270', '0', '0', '0', '0', '0', '10');
DELETE ce, c1, c2, sg FROM creature_entry ce LEFT JOIN conditions c1 ON c1.ConditionTypeOrReference = 31 AND c1.ConditionValue1 = 3 AND c1.ConditionValue3 = 1045001 LEFT JOIN conditions c2 ON c2.SourceTypeOrReferenceId = 22 AND c2.SourceId = 0 AND c1.SourceEntry = -1045001 LEFT JOIN spawn_group sg ON sg.spawnId = 1045001 AND spawnType = 0 WHERE ce.spawnID = 1045001;


-- Importing creature spawn with guid 28709 with import type REPLACE_ALL


-- Importing creature spawn with guid 28710 with import type REPLACE_ALL


-- Importing creature spawn with guid 28712 with import type REPLACE_ALL


-- Importing creature spawn with guid 28713 with import type REPLACE_ALL


-- Importing creature spawn with guid 29778 with import type REPLACE_ALL


-- Importing creature spawn with guid 29781 with import type REPLACE_ALL


-- Importing creature spawn with guid 29906 with import type REPLACE_ALL


-- Importing creature spawn with guid 29907 with import type REPLACE_ALL


-- Importing creature spawn with guid 29908 with import type REPLACE_ALL


-- Importing creature spawn with guid 29911 with import type REPLACE_ALL


-- Importing creature spawn with guid 29912 with import type REPLACE_ALL


-- Importing creature spawn with guid 29914 with import type REPLACE_ALL


-- Importing creature spawn with guid 29915 with import type REPLACE_ALL


-- Importing creature spawn with guid 30044 with import type REPLACE_ALL


-- Importing creature spawn with guid 30045 with import type REPLACE_ALL


-- Importing creature spawn with guid 30047 with import type REPLACE_ALL


-- Importing creature spawn with guid 30049 with import type REPLACE_ALL


-- Importing creature spawn with guid 30052 with import type REPLACE_ALL


-- Importing creature spawn with guid 203435 with import type REPLACE_ALL


-- Importing creature spawn with guid 32077 with import type REPLACE_ALL


-- Importing creature spawn with guid 32079 with import type REPLACE_ALL


-- Importing creature spawn with guid 32080 with import type REPLACE_ALL


-- Importing creature spawn with guid 32082 with import type REPLACE_ALL


-- Importing creature spawn with guid 32083 with import type REPLACE_ALL


-- Importing creature spawn with guid 32084 with import type REPLACE_ALL


-- Importing creature spawn with guid 32085 with import type REPLACE_ALL


-- Importing creature spawn with guid 34107 with import type REPLACE_ALL


-- Importing creature spawn with guid 34108 with import type REPLACE_ALL


-- Importing creature spawn with guid 37882 with import type REPLACE_ALL


-- Importing creature spawn with guid 37884 with import type REPLACE_ALL


-- Importing creature spawn with guid 37886 with import type REPLACE_ALL


-- Importing creature spawn with guid 37887 with import type REPLACE_ALL


-- Importing creature spawn with guid 37890 with import type REPLACE_ALL


-- Importing creature spawn with guid 37893 with import type REPLACE_ALL


-- Importing creature spawn with guid 37895 with import type REPLACE_ALL


-- Importing creature spawn with guid 37926 with import type REPLACE_ALL


-- Importing creature spawn with guid 38019 with import type REPLACE_ALL


-- Importing creature spawn with guid 38022 with import type REPLACE_ALL


-- Importing creature spawn with guid 38267 with import type REPLACE_ALL


-- Importing creature spawn with guid 38269 with import type REPLACE_ALL


-- Importing creature spawn with guid 38271 with import type REPLACE_ALL


-- Importing creature spawn with guid 38273 with import type REPLACE_ALL


-- Importing creature spawn with guid 38341 with import type REPLACE_ALL


-- Importing creature spawn with guid 38342 with import type REPLACE_ALL


-- Importing creature spawn with guid 38345 with import type REPLACE_ALL


-- Importing creature spawn with guid 38349 with import type REPLACE_ALL


-- Importing creature spawn with guid 38352 with import type REPLACE_ALL


-- Importing creature spawn with guid 38355 with import type REPLACE_ALL


-- Importing creature spawn with guid 38377 with import type REPLACE_ALL


-- Importing creature spawn with guid 38378 with import type REPLACE_ALL


-- Importing creature spawn with guid 38380 with import type REPLACE_ALL


-- Importing creature spawn with guid 38461 with import type REPLACE_ALL


-- Importing creature spawn with guid 38462 with import type REPLACE_ALL


-- Importing creature spawn with guid 38463 with import type REPLACE_ALL


-- Importing creature spawn with guid 38496 with import type REPLACE_ALL


-- Importing creature spawn with guid 39001 with import type REPLACE_ALL


-- Importing creature spawn with guid 39028 with import type REPLACE_ALL


-- Importing creature spawn with guid 39030 with import type REPLACE_ALL


-- Importing creature spawn with guid 39031 with import type REPLACE_ALL


-- Importing creature spawn with guid 40450 with import type REPLACE_ALL


-- Importing creature spawn with guid 40465 with import type REPLACE_ALL


-- Importing creature spawn with guid 40474 with import type REPLACE_ALL


-- Importing creature spawn with guid 40478 with import type REPLACE_ALL


-- Importing creature spawn with guid 40479 with import type REPLACE_ALL


-- Importing creature spawn with guid 40598 with import type REPLACE_ALL


-- Importing creature spawn with guid 40599 with import type REPLACE_ALL


-- Importing creature spawn with guid 41745 with import type REPLACE_ALL


-- Importing creature spawn with guid 41749 with import type REPLACE_ALL


-- Importing creature spawn with guid 41859 with import type REPLACE_ALL


-- Importing creature spawn with guid 41862 with import type REPLACE_ALL


-- Importing creature spawn with guid 41864 with import type REPLACE_ALL


-- Importing creature spawn with guid 41866 with import type REPLACE_ALL


-- Importing creature spawn with guid 41908 with import type REPLACE_ALL


-- Importing creature spawn with guid 41910 with import type REPLACE_ALL


-- Importing creature spawn with guid 41911 with import type REPLACE_ALL


-- Importing creature spawn with guid 41922 with import type REPLACE_ALL


-- Importing creature spawn with guid 41927 with import type REPLACE_ALL


-- Importing creature spawn with guid 41952 with import type REPLACE_ALL


-- Importing creature spawn with guid 41953 with import type REPLACE_ALL


-- Importing creature spawn with guid 41966 with import type REPLACE_ALL


-- Importing creature spawn with guid 41968 with import type REPLACE_ALL


-- Importing creature spawn with guid 41971 with import type REPLACE_ALL


-- Importing creature spawn with guid 41979 with import type REPLACE_ALL


-- Importing creature spawn with guid 41980 with import type REPLACE_ALL


-- Importing creature spawn with guid 41981 with import type REPLACE_ALL


-- Importing creature spawn with guid 41982 with import type REPLACE_ALL


-- Importing creature spawn with guid 41983 with import type REPLACE_ALL


-- Importing creature spawn with guid 42013 with import type REPLACE_ALL


-- Importing creature spawn with guid 42023 with import type REPLACE_ALL


-- Importing creature spawn with guid 42024 with import type REPLACE_ALL


-- Importing creature spawn with guid 42025 with import type REPLACE_ALL


-- Importing creature spawn with guid 42026 with import type REPLACE_ALL


-- Importing creature spawn with guid 42028 with import type REPLACE_ALL


-- Importing creature spawn with guid 42029 with import type REPLACE_ALL


-- Importing creature spawn with guid 42052 with import type REPLACE_ALL


-- Importing creature spawn with guid 42053 with import type REPLACE_ALL


-- Importing creature spawn with guid 42054 with import type REPLACE_ALL


-- Importing creature spawn with guid 42059 with import type REPLACE_ALL


-- Importing creature spawn with guid 42079 with import type REPLACE_ALL


-- Importing creature spawn with guid 42080 with import type REPLACE_ALL


-- Importing creature spawn with guid 42081 with import type REPLACE_ALL


-- Importing creature spawn with guid 42082 with import type REPLACE_ALL


-- Importing creature spawn with guid 42096 with import type REPLACE_ALL


-- Importing creature spawn with guid 42098 with import type REPLACE_ALL


-- Importing creature spawn with guid 42102 with import type REPLACE_ALL


-- Importing creature spawn with guid 42130 with import type REPLACE_ALL


-- Importing creature spawn with guid 42132 with import type REPLACE_ALL


-- Importing creature spawn with guid 42133 with import type REPLACE_ALL


-- Importing creature spawn with guid 51801 with import type REPLACE_ALL


-- Importing creature spawn with guid 42867 with import type REPLACE_ALL


-- Importing creature spawn with guid 51800 with import type REPLACE_ALL


-- Importing creature spawn with guid 44062 with import type REPLACE_ALL


-- Importing creature spawn with guid 44063 with import type REPLACE_ALL


-- Importing creature spawn with guid 44073 with import type REPLACE_ALL


-- Importing creature spawn with guid 44074 with import type REPLACE_ALL


-- Importing creature spawn with guid 44146 with import type REPLACE_ALL


-- Importing creature spawn with guid 44155 with import type REPLACE_ALL


-- Importing creature spawn with guid 44222 with import type REPLACE_ALL


-- Importing creature spawn with guid 44277 with import type REPLACE_ALL


-- Importing creature spawn with guid 44287 with import type REPLACE_ALL


-- Importing creature spawn with guid 44379 with import type REPLACE_ALL


-- Importing creature spawn with guid 44419 with import type REPLACE_ALL


-- Importing creature spawn with guid 44423 with import type REPLACE_ALL


-- Importing creature spawn with guid 44425 with import type REPLACE_ALL


-- Importing creature spawn with guid 44430 with import type REPLACE_ALL


-- Importing creature spawn with guid 44443 with import type REPLACE_ALL


-- Importing creature spawn with guid 44445 with import type REPLACE_ALL


-- Importing creature spawn with guid 44447 with import type REPLACE_ALL


-- Importing creature spawn with guid 44448 with import type REPLACE_ALL


-- Importing creature spawn with guid 44449 with import type REPLACE_ALL


-- Importing creature spawn with guid 44453 with import type REPLACE_ALL


-- Importing creature spawn with guid 44459 with import type REPLACE_ALL


-- Importing creature spawn with guid 44496 with import type REPLACE_ALL


-- Importing creature spawn with guid 44497 with import type REPLACE_ALL


-- Importing creature spawn with guid 44498 with import type REPLACE_ALL


-- Importing creature spawn with guid 44519 with import type REPLACE_ALL


-- Importing creature spawn with guid 44545 with import type REPLACE_ALL


-- Importing creature spawn with guid 44553 with import type REPLACE_ALL


-- Importing creature spawn with guid 44559 with import type REPLACE_ALL


-- Importing creature spawn with guid 44564 with import type REPLACE_ALL


-- Importing creature spawn with guid 44565 with import type REPLACE_ALL


-- Importing creature spawn with guid 44566 with import type REPLACE_ALL


-- Importing creature spawn with guid 44571 with import type REPLACE_ALL


-- Importing creature spawn with guid 44572 with import type REPLACE_ALL


-- Importing creature spawn with guid 44575 with import type REPLACE_ALL


-- Importing creature spawn with guid 44584 with import type REPLACE_ALL


-- Importing creature spawn with guid 44588 with import type REPLACE_ALL


-- Importing creature spawn with guid 44596 with import type REPLACE_ALL


-- Importing creature spawn with guid 44636 with import type REPLACE_ALL


-- Importing creature spawn with guid 44648 with import type REPLACE_ALL


-- Importing creature spawn with guid 44650 with import type REPLACE_ALL


-- Importing creature spawn with guid 44651 with import type REPLACE_ALL


-- Importing creature spawn with guid 44652 with import type REPLACE_ALL


-- Importing creature spawn with guid 68453 with import type REPLACE_ALL


-- Importing creature spawn with guid 45022 with import type REPLACE_ALL


-- Importing creature spawn with guid 45063 with import type REPLACE_ALL


-- Importing creature spawn with guid 45066 with import type REPLACE_ALL


-- Importing creature spawn with guid 45068 with import type REPLACE_ALL


-- Importing creature spawn with guid 45080 with import type REPLACE_ALL


-- Importing creature spawn with guid 45082 with import type REPLACE_ALL


-- Importing creature spawn with guid 45124 with import type REPLACE_ALL


-- Importing creature spawn with guid 45169 with import type REPLACE_ALL


-- Importing creature spawn with guid 45185 with import type REPLACE_ALL


-- Importing creature spawn with guid 45221 with import type REPLACE_ALL


-- Importing creature spawn with guid 45217 with import type REPLACE_ALL


-- Importing creature spawn with guid 45219 with import type REPLACE_ALL


-- Importing creature spawn with guid 45334 with import type REPLACE_ALL
INSERT INTO creature_entry (`spawnID`, `entry`) VALUES ('45335', '1812');
-- Has LK modelid 8389 already in creature template, set to 0.
INSERT INTO creature (`spawnID`, `map`, `spawnMask`, `modelid`, `equipment_id`, `position_x`, `position_y`, `position_z`, `orientation`, `spawntimesecs`, `spawndist`, `currentwaypoint`, `curhealth`, `curmana`, `MovementType`, `unit_flags`, `pool_id`, `patch_min`, `patch_max`) VALUES ('45335', '0', '1', NULL, '0', '2348.45', '-2239.6', '57.0222', '0.507552', '315', '3', '0', '3529', '0', '1', '0', '0', '0', '10');


-- Importing creature spawn with guid 45335 with import type REPLACE_ALL


-- Importing creature spawn with guid 45340 with import type REPLACE_ALL


-- Importing creature spawn with guid 45389 with import type REPLACE_ALL
INSERT INTO creature_entry (`spawnID`, `entry`) VALUES ('52498', '1883');
-- Has LK modelid 10306 already in creature template, set to 0.
INSERT INTO creature (`spawnID`, `map`, `spawnMask`, `modelid`, `equipment_id`, `position_x`, `position_y`, `position_z`, `orientation`, `spawntimesecs`, `spawndist`, `currentwaypoint`, `curhealth`, `curmana`, `MovementType`, `unit_flags`, `pool_id`, `patch_min`, `patch_max`) VALUES ('52498', '0', '1', NULL, '1', '2966.23', '-1519.6', '146.413', '0.994838', '315', '0', '0', '3529', '0', '0', '0', '0', '0', '10');
INSERT INTO creature_addon (`spawnID`, `path_id`, `mount`, `bytes0`, `bytes1`, `bytes2`, `emote`, `auras`) VALUES ('52498', NULL, '0', '0', '0', '4097', '0', NULL);


-- Importing creature spawn with guid 45394 with import type REPLACE_ALL


-- Importing creature spawn with guid 46751 with import type REPLACE_ALL


-- Importing creature spawn with guid 46752 with import type REPLACE_ALL


-- Importing creature spawn with guid 46753 with import type REPLACE_ALL


-- Importing creature spawn with guid 46754 with import type REPLACE_ALL


-- Importing creature spawn with guid 46756 with import type REPLACE_ALL


-- Importing creature spawn with guid 46758 with import type REPLACE_ALL


-- Importing creature spawn with guid 46786 with import type REPLACE_ALL


-- Importing creature spawn with guid 46788 with import type REPLACE_ALL


-- Importing creature spawn with guid 46790 with import type REPLACE_ALL


-- Importing creature spawn with guid 46791 with import type REPLACE_ALL


-- Importing creature spawn with guid 46792 with import type REPLACE_ALL


-- Importing creature spawn with guid 46793 with import type REPLACE_ALL


-- Importing creature spawn with guid 46794 with import type REPLACE_ALL


-- Importing creature spawn with guid 47134 with import type REPLACE_ALL


-- Importing creature spawn with guid 47136 with import type REPLACE_ALL


-- Importing creature spawn with guid 47137 with import type REPLACE_ALL


-- Importing creature spawn with guid 47138 with import type REPLACE_ALL


-- Importing creature spawn with guid 47166 with import type REPLACE_ALL


-- Importing creature spawn with guid 47167 with import type REPLACE_ALL


-- Importing creature spawn with guid 47168 with import type REPLACE_ALL


-- Importing creature spawn with guid 47169 with import type REPLACE_ALL
INSERT INTO creature_entry (`spawnID`, `entry`) VALUES ('48533', '1832');
-- Has LK modelid 10330 already in creature template, set to 0.
INSERT INTO creature (`spawnID`, `map`, `spawnMask`, `modelid`, `equipment_id`, `position_x`, `position_y`, `position_z`, `orientation`, `spawntimesecs`, `spawndist`, `currentwaypoint`, `curhealth`, `curmana`, `MovementType`, `unit_flags`, `pool_id`, `patch_min`, `patch_max`) VALUES ('48533', '0', '1', NULL, '1', '2925.27', '-1527.27', '152.129', '3.78035', '315', '3', '0', '2361', '5206', '1', '0', '0', '0', '10');
INSERT INTO creature_entry (`spawnID`, `entry`) VALUES ('49596', '1832');
-- Has LK modelid 10330 already in creature template, set to 0.
INSERT INTO creature (`spawnID`, `map`, `spawnMask`, `modelid`, `equipment_id`, `position_x`, `position_y`, `position_z`, `orientation`, `spawntimesecs`, `spawndist`, `currentwaypoint`, `curhealth`, `curmana`, `MovementType`, `unit_flags`, `pool_id`, `patch_min`, `patch_max`) VALUES ('49596', '0', '1', NULL, '1', '2971.66', '-1575.94', '184.632', '5.09636', '315', '0', '0', '2361', '5206', '0', '0', '0', '0', '10');
INSERT INTO creature_entry (`spawnID`, `entry`) VALUES ('51750', '1832');
-- Has LK modelid 10329 already in creature template, set to 0.
INSERT INTO creature (`spawnID`, `map`, `spawnMask`, `modelid`, `equipment_id`, `position_x`, `position_y`, `position_z`, `orientation`, `spawntimesecs`, `spawndist`, `currentwaypoint`, `curhealth`, `curmana`, `MovementType`, `unit_flags`, `pool_id`, `patch_min`, `patch_max`) VALUES ('51750', '0', '1', NULL, '1', '2921.04', '-1519.27', '147.364', '5.72534', '315', '0', '0', '2361', '5206', '0', '0', '0', '0', '10');
INSERT INTO creature_entry (`spawnID`, `entry`) VALUES ('51998', '1832');
-- Has LK modelid 10331 already in creature template, set to 0.
INSERT INTO creature (`spawnID`, `map`, `spawnMask`, `modelid`, `equipment_id`, `position_x`, `position_y`, `position_z`, `orientation`, `spawntimesecs`, `spawndist`, `currentwaypoint`, `curhealth`, `curmana`, `MovementType`, `unit_flags`, `pool_id`, `patch_min`, `patch_max`) VALUES ('51998', '0', '1', NULL, '1', '2927.64', '-1525.16', '147.351', '5.85067', '315', '0', '0', '2361', '5206', '0', '0', '0', '0', '10');
DELETE ce, c1, c2, sg FROM creature_entry ce LEFT JOIN conditions c1 ON c1.ConditionTypeOrReference = 31 AND c1.ConditionValue1 = 3 AND c1.ConditionValue3 = 1049320 LEFT JOIN conditions c2 ON c2.SourceTypeOrReferenceId = 22 AND c2.SourceId = 0 AND c1.SourceEntry = -1049320 LEFT JOIN spawn_group sg ON sg.spawnId = 1049320 AND spawnType = 0 WHERE ce.spawnID = 1049320;


-- Importing creature spawn with guid 47170 with import type REPLACE_ALL


-- Importing creature spawn with guid 47171 with import type REPLACE_ALL


-- Importing creature spawn with guid 47173 with import type REPLACE_ALL


-- Importing creature spawn with guid 47174 with import type REPLACE_ALL


-- Importing creature spawn with guid 47874 with import type REPLACE_ALL


-- Importing creature spawn with guid 47887 with import type REPLACE_ALL


-- Importing creature spawn with guid 47943 with import type REPLACE_ALL


-- Importing creature spawn with guid 47944 with import type REPLACE_ALL


-- Importing creature spawn with guid 47977 with import type REPLACE_ALL


-- Importing creature spawn with guid 47979 with import type REPLACE_ALL


-- Importing creature spawn with guid 48189 with import type REPLACE_ALL


-- Importing creature spawn with guid 48192 with import type REPLACE_ALL


-- Importing creature spawn with guid 48193 with import type REPLACE_ALL


-- Importing creature spawn with guid 48196 with import type REPLACE_ALL


-- Importing creature spawn with guid 48474 with import type REPLACE_ALL


-- Importing creature spawn with guid 48482 with import type REPLACE_ALL


-- Importing creature spawn with guid 48483 with import type REPLACE_ALL


-- Importing creature spawn with guid 48484 with import type REPLACE_ALL


-- Importing creature spawn with guid 48485 with import type REPLACE_ALL


-- Importing creature spawn with guid 48531 with import type REPLACE_ALL


-- Importing creature spawn with guid 48532 with import type REPLACE_ALL


-- Importing creature spawn with guid 48533 with import type REPLACE_ALL


-- Importing creature spawn with guid 48591 with import type REPLACE_ALL


-- Importing creature spawn with guid 48592 with import type REPLACE_ALL


-- Importing creature spawn with guid 48594 with import type REPLACE_ALL


-- Importing creature spawn with guid 48599 with import type REPLACE_ALL


-- Importing creature spawn with guid 48619 with import type REPLACE_ALL


-- Importing creature spawn with guid 48620 with import type REPLACE_ALL


-- Importing creature spawn with guid 48623 with import type REPLACE_ALL


-- Importing creature spawn with guid 48635 with import type REPLACE_ALL


-- Importing creature spawn with guid 49595 with import type REPLACE_ALL


-- Importing creature spawn with guid 49596 with import type REPLACE_ALL


-- Importing creature spawn with guid 49597 with import type REPLACE_ALL


-- Importing creature spawn with guid 49598 with import type REPLACE_ALL


-- Importing creature spawn with guid 49600 with import type REPLACE_ALL


-- Importing creature spawn with guid 49990 with import type REPLACE_ALL


-- Importing creature spawn with guid 51480 with import type REPLACE_ALL


-- Importing creature spawn with guid 51741 with import type REPLACE_ALL


-- Importing creature spawn with guid 51742 with import type REPLACE_ALL


-- Importing creature spawn with guid 51743 with import type REPLACE_ALL


-- Importing creature spawn with guid 51750 with import type REPLACE_ALL


-- Importing creature spawn with guid 51998 with import type REPLACE_ALL


-- Importing creature spawn with guid 52002 with import type REPLACE_ALL


-- Importing creature spawn with guid 52003 with import type REPLACE_ALL


-- Importing creature spawn with guid 52006 with import type REPLACE_ALL


-- Importing creature spawn with guid 52243 with import type REPLACE_ALL


-- Importing creature spawn with guid 52244 with import type REPLACE_ALL


-- Importing creature spawn with guid 52250 with import type REPLACE_ALL


-- Importing creature spawn with guid 52252 with import type REPLACE_ALL


-- Importing creature spawn with guid 52253 with import type REPLACE_ALL


-- Importing creature spawn with guid 52254 with import type REPLACE_ALL


-- Importing creature spawn with guid 52498 with import type REPLACE_ALL


-- Importing creature spawn with guid 52499 with import type REPLACE_ALL


-- Importing creature spawn with guid 52501 with import type REPLACE_ALL


-- Importing creature spawn with guid 16472 with import type REPLACE_ALL


-- Importing creature spawn with guid 68541 with import type REPLACE_ALL


-- Importing creature spawn with guid 145179 with import type REPLACE_ALL


-- Importing creature spawn with guid 145178 with import type REPLACE_ALL


-- Importing creature spawn with guid 145177 with import type REPLACE_ALL


-- Importing creature spawn with guid 145176 with import type REPLACE_ALL


-- Importing creature spawn with guid 145175 with import type REPLACE_ALL


-- Importing creature spawn with guid 145174 with import type REPLACE_ALL


-- Importing creature spawn with guid 145173 with import type REPLACE_ALL


-- Importing creature spawn with guid 145172 with import type REPLACE_ALL


-- Importing creature spawn with guid 145171 with import type REPLACE_ALL


-- Importing creature spawn with guid 145170 with import type REPLACE_ALL


-- Importing creature spawn with guid 145169 with import type REPLACE_ALL


-- Importing creature spawn with guid 145168 with import type REPLACE_ALL


-- Importing creature spawn with guid 145167 with import type REPLACE_ALL


-- Importing creature spawn with guid 145166 with import type REPLACE_ALL


-- Importing creature spawn with guid 145165 with import type REPLACE_ALL


-- Importing creature spawn with guid 145164 with import type REPLACE_ALL


-- Importing creature spawn with guid 145163 with import type REPLACE_ALL


-- Importing creature spawn with guid 145162 with import type REPLACE_ALL


-- Importing creature spawn with guid 145161 with import type REPLACE_ALL


-- Importing creature spawn with guid 145160 with import type REPLACE_ALL


-- Importing creature spawn with guid 143596 with import type REPLACE_ALL
INSERT INTO creature_entry (`spawnID`, `entry`) VALUES ('143596', '23146');
INSERT INTO creature (`spawnID`, `map`, `spawnMask`, `modelid`, `equipment_id`, `position_x`, `position_y`, `position_z`, `orientation`, `spawntimesecs`, `spawndist`, `currentwaypoint`, `curhealth`, `curmana`, `MovementType`, `unit_flags`, `pool_id`, `patch_min`, `patch_max`) VALUES ('143596', '530', '1', NULL, '0', '-5143.49', '515.507', '84.5049', '4.83456', '300', '0', '0', '88860', '0', '0', '0', '0', '0', '10');
INSERT INTO creature_entry (`spawnID`, `entry`) VALUES ('143597', '23146');
INSERT INTO creature (`spawnID`, `map`, `spawnMask`, `modelid`, `equipment_id`, `position_x`, `position_y`, `position_z`, `orientation`, `spawntimesecs`, `spawndist`, `currentwaypoint`, `curhealth`, `curmana`, `MovementType`, `unit_flags`, `pool_id`, `patch_min`, `patch_max`) VALUES ('143597', '530', '1', NULL, '0', '-5162.25', '534.28', '82.7886', '5.18363', '300', '0', '0', '88860', '0', '0', '0', '0', '0', '10');
INSERT INTO creature_entry (`spawnID`, `entry`) VALUES ('143598', '23146');
INSERT INTO creature (`spawnID`, `map`, `spawnMask`, `modelid`, `equipment_id`, `position_x`, `position_y`, `position_z`, `orientation`, `spawntimesecs`, `spawndist`, `currentwaypoint`, `curhealth`, `curmana`, `MovementType`, `unit_flags`, `pool_id`, `patch_min`, `patch_max`) VALUES ('143598', '530', '1', NULL, '0', '-5160.02', '561.378', '82.4765', '0.0523599', '300', '0', '0', '88860', '0', '0', '0', '0', '0', '10');
INSERT INTO creature_entry (`spawnID`, `entry`) VALUES ('52108', '23146');
-- Has LK modelid 21281 already in creature template, set to 0.
INSERT INTO creature (`spawnID`, `map`, `spawnMask`, `modelid`, `equipment_id`, `position_x`, `position_y`, `position_z`, `orientation`, `spawntimesecs`, `spawndist`, `currentwaypoint`, `curhealth`, `curmana`, `MovementType`, `unit_flags`, `pool_id`, `patch_min`, `patch_max`) VALUES ('52108', '530', '1', NULL, '0', '-5162.11', '629.679', '79.6626', '2.19912', '300', '0', '0', '143620', '0', '0', '0', '0', '0', '10');
INSERT INTO creature_entry (`spawnID`, `entry`) VALUES ('52107', '23146');
-- Has LK modelid 21281 already in creature template, set to 0.
INSERT INTO creature (`spawnID`, `map`, `spawnMask`, `modelid`, `equipment_id`, `position_x`, `position_y`, `position_z`, `orientation`, `spawntimesecs`, `spawndist`, `currentwaypoint`, `curhealth`, `curmana`, `MovementType`, `unit_flags`, `pool_id`, `patch_min`, `patch_max`) VALUES ('52107', '530', '1', NULL, '0', '-5166.38', '563.994', '80.5891', '3.21141', '300', '0', '0', '143620', '0', '0', '0', '0', '0', '10');
DELETE ce, c1, c2, sg FROM creature_entry ce LEFT JOIN conditions c1 ON c1.ConditionTypeOrReference = 31 AND c1.ConditionValue1 = 3 AND c1.ConditionValue3 = 1051734 LEFT JOIN conditions c2 ON c2.SourceTypeOrReferenceId = 22 AND c2.SourceId = 0 AND c1.SourceEntry = -1051734 LEFT JOIN spawn_group sg ON sg.spawnId = 1051734 AND spawnType = 0 WHERE ce.spawnID = 1051734;
DELETE ce, c1, c2, sg FROM creature_entry ce LEFT JOIN conditions c1 ON c1.ConditionTypeOrReference = 31 AND c1.ConditionValue1 = 3 AND c1.ConditionValue3 = 1051735 LEFT JOIN conditions c2 ON c2.SourceTypeOrReferenceId = 22 AND c2.SourceId = 0 AND c1.SourceEntry = -1051735 LEFT JOIN spawn_group sg ON sg.spawnId = 1051735 AND spawnType = 0 WHERE ce.spawnID = 1051735;


-- Importing creature spawn with guid 95084 with import type REPLACE_ALL
INSERT INTO creature_entry (`spawnID`, `entry`) VALUES ('95491', '26012');
-- Has LK modelid 24023 already in creature template, set to 0.
INSERT INTO creature (`spawnID`, `map`, `spawnMask`, `modelid`, `equipment_id`, `position_x`, `position_y`, `position_z`, `orientation`, `spawntimesecs`, `spawndist`, `currentwaypoint`, `curhealth`, `curmana`, `MovementType`, `unit_flags`, `pool_id`, `patch_min`, `patch_max`) VALUES ('95491', '1', '1', NULL, '0', '-1277.8', '118.812', '134.919', '1.97222', '180', '0', '0', '8982', '0', '0', '0', '0', '0', '10');
INSERT INTO game_event_creature (`event`, `guid`) VALUES ('31', '95491');


-- Importing creature spawn with guid 95137 with import type REPLACE_ALL


-- Importing creature spawn with guid 143597 with import type REPLACE_ALL


-- Importing creature spawn with guid 143598 with import type REPLACE_ALL


-- Importing creature spawn with guid 95240 with import type REPLACE_ALL


-- Importing creature spawn with guid 143601 with import type REPLACE_ALL


-- Importing creature spawn with guid 143602 with import type REPLACE_ALL


-- Importing creature spawn with guid 95279 with import type REPLACE_ALL


-- Importing creature spawn with guid 95341 with import type REPLACE_ALL


-- Importing creature spawn with guid 143603 with import type REPLACE_ALL


-- Importing creature spawn with guid 143604 with import type REPLACE_ALL


-- Importing creature spawn with guid 95375 with import type REPLACE_ALL


-- Importing creature spawn with guid 143605 with import type REPLACE_ALL


-- Importing creature spawn with guid 143606 with import type REPLACE_ALL


-- Importing creature spawn with guid 143607 with import type REPLACE_ALL


-- Importing creature spawn with guid 143608 with import type REPLACE_ALL


-- Importing creature spawn with guid 95491 with import type REPLACE_ALL


-- Importing creature spawn with guid 143609 with import type REPLACE_ALL


-- Importing creature spawn with guid 143610 with import type REPLACE_ALL


-- Importing creature spawn with guid 143612 with import type REPLACE_ALL


-- Importing creature spawn with guid 143611 with import type REPLACE_ALL


-- Importing creature spawn with guid 143613 with import type REPLACE_ALL


-- Importing creature spawn with guid 95627 with import type REPLACE_ALL


-- Importing creature spawn with guid 143615 with import type REPLACE_ALL


-- Importing creature spawn with guid 143614 with import type REPLACE_ALL


-- Importing creature spawn with guid 143616 with import type REPLACE_ALL


-- Importing creature spawn with guid 95677 with import type REPLACE_ALL


-- Importing creature spawn with guid 143617 with import type REPLACE_ALL


-- Importing creature spawn with guid 143618 with import type REPLACE_ALL


-- Importing creature spawn with guid 143619 with import type REPLACE_ALL


-- Importing creature spawn with guid 52230 with import type REPLACE_ALL


-- Importing creature spawn with guid 52231 with import type REPLACE_ALL


-- Importing creature spawn with guid 95742 with import type REPLACE_ALL


-- Importing creature spawn with guid 95746 with import type REPLACE_ALL


-- Importing creature spawn with guid 52115 with import type REPLACE_ALL


-- Importing creature spawn with guid 52121 with import type REPLACE_ALL


-- Importing creature spawn with guid 143620 with import type REPLACE_ALL


-- Importing creature spawn with guid 95822 with import type REPLACE_ALL


-- Importing creature spawn with guid 52110 with import type REPLACE_ALL


-- Importing creature spawn with guid 52111 with import type REPLACE_ALL


-- Importing creature spawn with guid 52112 with import type REPLACE_ALL


-- Importing creature spawn with guid 52113 with import type REPLACE_ALL


-- Importing creature spawn with guid 52114 with import type REPLACE_ALL


-- Importing creature spawn with guid 95853 with import type REPLACE_ALL


-- Importing creature spawn with guid 52029 with import type REPLACE_ALL


-- Importing creature spawn with guid 143622 with import type REPLACE_ALL


-- Importing creature spawn with guid 143621 with import type REPLACE_ALL


-- Importing creature spawn with guid 95919 with import type REPLACE_ALL


-- Importing creature spawn with guid 143623 with import type REPLACE_ALL


-- Importing creature spawn with guid 52108 with import type REPLACE_ALL


-- Importing creature spawn with guid 52109 with import type REPLACE_ALL


-- Importing creature spawn with guid 52028 with import type REPLACE_ALL


-- Importing creature spawn with guid 52107 with import type REPLACE_ALL


-- Importing creature spawn with guid 143628 with import type REPLACE_ALL


-- Importing creature spawn with guid 143627 with import type REPLACE_ALL


-- Importing creature spawn with guid 143624 with import type REPLACE_ALL


-- Importing creature spawn with guid 143625 with import type REPLACE_ALL


-- Importing creature spawn with guid 143626 with import type REPLACE_ALL


-- Importing creature spawn with guid 96002 with import type REPLACE_ALL


-- Importing creature spawn with guid 52106 with import type REPLACE_ALL


-- Importing creature spawn with guid 52027 with import type REPLACE_ALL


-- Importing creature spawn with guid 143629 with import type REPLACE_ALL


-- Importing creature spawn with guid 96079 with import type REPLACE_ALL


-- Importing creature spawn with guid 143630 with import type REPLACE_ALL


-- Importing creature spawn with guid 96194 with import type REPLACE_ALL


-- Importing creature spawn with guid 143632 with import type REPLACE_ALL


-- Importing creature spawn with guid 96214 with import type REPLACE_ALL


-- Importing creature spawn with guid 143633 with import type REPLACE_ALL


-- Importing creature spawn with guid 143634 with import type REPLACE_ALL


-- Importing creature spawn with guid 52026 with import type REPLACE_ALL


-- Importing creature spawn with guid 52025 with import type REPLACE_ALL


-- Importing creature spawn with guid 96324 with import type REPLACE_ALL


-- Importing creature spawn with guid 96364 with import type REPLACE_ALL


-- Importing creature spawn with guid 96439 with import type REPLACE_ALL


-- Importing creature spawn with guid 136184 with import type REPLACE_ALL
INSERT INTO creature_entry (`spawnID`, `entry`) VALUES ('136184', '23311');
INSERT INTO creature (`spawnID`, `map`, `spawnMask`, `modelid`, `equipment_id`, `position_x`, `position_y`, `position_z`, `orientation`, `spawntimesecs`, `spawndist`, `currentwaypoint`, `curhealth`, `curmana`, `MovementType`, `unit_flags`, `pool_id`, `patch_min`, `patch_max`) VALUES ('136184', '530', '1', NULL, '0', '-5214.68', '221.543', '72.5394', '4.38078', '120', '0', '0', '1', '0', '0', '0', '0', '0', '10');
INSERT INTO spawn_group (`groupId`, `spawnType`, `spawnId`) VALUES ('2', '0', '136184');
INSERT INTO creature_entry (`spawnID`, `entry`) VALUES ('136183', '23311');
INSERT INTO creature (`spawnID`, `map`, `spawnMask`, `modelid`, `equipment_id`, `position_x`, `position_y`, `position_z`, `orientation`, `spawntimesecs`, `spawndist`, `currentwaypoint`, `curhealth`, `curmana`, `MovementType`, `unit_flags`, `pool_id`, `patch_min`, `patch_max`) VALUES ('136183', '530', '1', NULL, '0', '-4979.63', '-99.6888', '42.1347', '4.04916', '120', '0', '0', '1', '0', '0', '0', '0', '0', '10');
INSERT INTO spawn_group (`groupId`, `spawnType`, `spawnId`) VALUES ('2', '0', '136183');
INSERT INTO creature_entry (`spawnID`, `entry`) VALUES ('136182', '23311');
INSERT INTO creature (`spawnID`, `map`, `spawnMask`, `modelid`, `equipment_id`, `position_x`, `position_y`, `position_z`, `orientation`, `spawntimesecs`, `spawndist`, `currentwaypoint`, `curhealth`, `curmana`, `MovementType`, `unit_flags`, `pool_id`, `patch_min`, `patch_max`) VALUES ('136182', '530', '1', NULL, '0', '-5091.08', '-114.714', '64.3569', '1.23918', '120', '0', '0', '1', '0', '0', '0', '0', '0', '10');
INSERT INTO spawn_group (`groupId`, `spawnType`, `spawnId`) VALUES ('2', '0', '136182');
INSERT INTO creature_entry (`spawnID`, `entry`) VALUES ('136181', '23311');
INSERT INTO creature (`spawnID`, `map`, `spawnMask`, `modelid`, `equipment_id`, `position_x`, `position_y`, `position_z`, `orientation`, `spawntimesecs`, `spawndist`, `currentwaypoint`, `curhealth`, `curmana`, `MovementType`, `unit_flags`, `pool_id`, `patch_min`, `patch_max`) VALUES ('136181', '530', '1', NULL, '0', '-5275.49', '149.132', '58.5314', '2.44346', '120', '0', '0', '1', '0', '0', '0', '0', '0', '10');
INSERT INTO spawn_group (`groupId`, `spawnType`, `spawnId`) VALUES ('2', '0', '136181');
INSERT INTO creature_entry (`spawnID`, `entry`) VALUES ('136180', '23311');
INSERT INTO creature (`spawnID`, `map`, `spawnMask`, `modelid`, `equipment_id`, `position_x`, `position_y`, `position_z`, `orientation`, `spawntimesecs`, `spawndist`, `currentwaypoint`, `curhealth`, `curmana`, `MovementType`, `unit_flags`, `pool_id`, `patch_min`, `patch_max`) VALUES ('136180', '530', '1', NULL, '0', '-5185.78', '143.912', '71.6619', '1.69297', '120', '0', '0', '1', '0', '0', '0', '0', '0', '10');
INSERT INTO spawn_group (`groupId`, `spawnType`, `spawnId`) VALUES ('2', '0', '136180');
INSERT INTO creature_entry (`spawnID`, `entry`) VALUES ('136179', '23311');
INSERT INTO creature (`spawnID`, `map`, `spawnMask`, `modelid`, `equipment_id`, `position_x`, `position_y`, `position_z`, `orientation`, `spawntimesecs`, `spawndist`, `currentwaypoint`, `curhealth`, `curmana`, `MovementType`, `unit_flags`, `pool_id`, `patch_min`, `patch_max`) VALUES ('136179', '530', '1', NULL, '0', '-5233.17', '64.5307', '64.4112', '0.767945', '120', '0', '0', '1', '0', '0', '0', '0', '0', '10');
INSERT INTO spawn_group (`groupId`, `spawnType`, `spawnId`) VALUES ('2', '0', '136179');
INSERT INTO creature_entry (`spawnID`, `entry`) VALUES ('136178', '23311');
INSERT INTO creature (`spawnID`, `map`, `spawnMask`, `modelid`, `equipment_id`, `position_x`, `position_y`, `position_z`, `orientation`, `spawntimesecs`, `spawndist`, `currentwaypoint`, `curhealth`, `curmana`, `MovementType`, `unit_flags`, `pool_id`, `patch_min`, `patch_max`) VALUES ('136178', '530', '1', NULL, '0', '-5076.11', '25.0966', '80.3505', '6.23635', '120', '0', '0', '1', '0', '0', '0', '0', '0', '10');
INSERT INTO spawn_group (`groupId`, `spawnType`, `spawnId`) VALUES ('2', '0', '136178');
INSERT INTO creature_entry (`spawnID`, `entry`) VALUES ('136185', '23311');
INSERT INTO creature (`spawnID`, `map`, `spawnMask`, `modelid`, `equipment_id`, `position_x`, `position_y`, `position_z`, `orientation`, `spawntimesecs`, `spawndist`, `currentwaypoint`, `curhealth`, `curmana`, `MovementType`, `unit_flags`, `pool_id`, `patch_min`, `patch_max`) VALUES ('136185', '530', '1', NULL, '0', '-5227.61', '271.558', '70.1239', '0.333443', '120', '0', '0', '1', '0', '0', '0', '0', '0', '10');
INSERT INTO spawn_group (`groupId`, `spawnType`, `spawnId`) VALUES ('2', '0', '136185');
INSERT INTO creature_entry (`spawnID`, `entry`) VALUES ('136186', '23311');
INSERT INTO creature (`spawnID`, `map`, `spawnMask`, `modelid`, `equipment_id`, `position_x`, `position_y`, `position_z`, `orientation`, `spawntimesecs`, `spawndist`, `currentwaypoint`, `curhealth`, `curmana`, `MovementType`, `unit_flags`, `pool_id`, `patch_min`, `patch_max`) VALUES ('136186', '530', '1', NULL, '0', '-5286.28', '241.229', '67.8315', '4.59878', '120', '0', '0', '1', '0', '0', '0', '0', '0', '10');
INSERT INTO spawn_group (`groupId`, `spawnType`, `spawnId`) VALUES ('2', '0', '136186');
INSERT INTO creature_entry (`spawnID`, `entry`) VALUES ('136187', '23311');
INSERT INTO creature (`spawnID`, `map`, `spawnMask`, `modelid`, `equipment_id`, `position_x`, `position_y`, `position_z`, `orientation`, `spawntimesecs`, `spawndist`, `currentwaypoint`, `curhealth`, `curmana`, `MovementType`, `unit_flags`, `pool_id`, `patch_min`, `patch_max`) VALUES ('136187', '530', '1', NULL, '0', '-5269.89', '303.363', '73.5589', '0.0523599', '120', '0', '0', '1', '0', '0', '0', '0', '0', '10');
INSERT INTO spawn_group (`groupId`, `spawnType`, `spawnId`) VALUES ('2', '0', '136187');
INSERT INTO creature_entry (`spawnID`, `entry`) VALUES ('136188', '23311');
INSERT INTO creature (`spawnID`, `map`, `spawnMask`, `modelid`, `equipment_id`, `position_x`, `position_y`, `position_z`, `orientation`, `spawntimesecs`, `spawndist`, `currentwaypoint`, `curhealth`, `curmana`, `MovementType`, `unit_flags`, `pool_id`, `patch_min`, `patch_max`) VALUES ('136188', '530', '1', NULL, '0', '-5285.69', '388.986', '54.8936', '5.13127', '120', '0', '0', '1', '0', '0', '0', '0', '0', '10');
INSERT INTO spawn_group (`groupId`, `spawnType`, `spawnId`) VALUES ('2', '0', '136188');
INSERT INTO creature_entry (`spawnID`, `entry`) VALUES ('136189', '23311');
INSERT INTO creature (`spawnID`, `map`, `spawnMask`, `modelid`, `equipment_id`, `position_x`, `position_y`, `position_z`, `orientation`, `spawntimesecs`, `spawndist`, `currentwaypoint`, `curhealth`, `curmana`, `MovementType`, `unit_flags`, `pool_id`, `patch_min`, `patch_max`) VALUES ('136189', '530', '1', NULL, '0', '-5329.14', '192.179', '52.4087', '0.597758', '120', '0', '0', '1', '0', '0', '0', '0', '0', '10');
INSERT INTO spawn_group (`groupId`, `spawnType`, `spawnId`) VALUES ('2', '0', '136189');
INSERT INTO creature_entry (`spawnID`, `entry`) VALUES ('136190', '23311');
INSERT INTO creature (`spawnID`, `map`, `spawnMask`, `modelid`, `equipment_id`, `position_x`, `position_y`, `position_z`, `orientation`, `spawntimesecs`, `spawndist`, `currentwaypoint`, `curhealth`, `curmana`, `MovementType`, `unit_flags`, `pool_id`, `patch_min`, `patch_max`) VALUES ('136190', '530', '1', NULL, '0', '-5313.12', '170.913', '54.4573', '2.19912', '120', '0', '0', '1', '0', '0', '0', '0', '0', '10');
INSERT INTO spawn_group (`groupId`, `spawnType`, `spawnId`) VALUES ('2', '0', '136190');
INSERT INTO creature_entry (`spawnID`, `entry`) VALUES ('136191', '23311');
INSERT INTO creature (`spawnID`, `map`, `spawnMask`, `modelid`, `equipment_id`, `position_x`, `position_y`, `position_z`, `orientation`, `spawntimesecs`, `spawndist`, `currentwaypoint`, `curhealth`, `curmana`, `MovementType`, `unit_flags`, `pool_id`, `patch_min`, `patch_max`) VALUES ('136191', '530', '1', NULL, '0', '-4988.24', '135.232', '79.1295', '4.97419', '120', '0', '0', '1', '0', '0', '0', '0', '0', '10');
INSERT INTO spawn_group (`groupId`, `spawnType`, `spawnId`) VALUES ('2', '0', '136191');
INSERT INTO creature_entry (`spawnID`, `entry`) VALUES ('136192', '23311');
INSERT INTO creature (`spawnID`, `map`, `spawnMask`, `modelid`, `equipment_id`, `position_x`, `position_y`, `position_z`, `orientation`, `spawntimesecs`, `spawndist`, `currentwaypoint`, `curhealth`, `curmana`, `MovementType`, `unit_flags`, `pool_id`, `patch_min`, `patch_max`) VALUES ('136192', '530', '1', NULL, '0', '-4926.95', '217.01', '65.2678', '3.33358', '120', '0', '0', '1', '0', '0', '0', '0', '0', '10');
INSERT INTO spawn_group (`groupId`, `spawnType`, `spawnId`) VALUES ('2', '0', '136192');
INSERT INTO creature_entry (`spawnID`, `entry`) VALUES ('136193', '23311');
INSERT INTO creature (`spawnID`, `map`, `spawnMask`, `modelid`, `equipment_id`, `position_x`, `position_y`, `position_z`, `orientation`, `spawntimesecs`, `spawndist`, `currentwaypoint`, `curhealth`, `curmana`, `MovementType`, `unit_flags`, `pool_id`, `patch_min`, `patch_max`) VALUES ('136193', '530', '1', NULL, '0', '-4922.61', '151.786', '56.7882', '1.78024', '120', '0', '0', '1', '0', '0', '0', '0', '0', '10');
INSERT INTO spawn_group (`groupId`, `spawnType`, `spawnId`) VALUES ('2', '0', '136193');
INSERT INTO creature_entry (`spawnID`, `entry`) VALUES ('136194', '23311');
INSERT INTO creature (`spawnID`, `map`, `spawnMask`, `modelid`, `equipment_id`, `position_x`, `position_y`, `position_z`, `orientation`, `spawntimesecs`, `spawndist`, `currentwaypoint`, `curhealth`, `curmana`, `MovementType`, `unit_flags`, `pool_id`, `patch_min`, `patch_max`) VALUES ('136194', '530', '1', NULL, '0', '-4993.67', '235.146', '80.8679', '5.72468', '120', '0', '0', '1', '0', '0', '0', '0', '0', '10');
INSERT INTO spawn_group (`groupId`, `spawnType`, `spawnId`) VALUES ('2', '0', '136194');
INSERT INTO creature_entry (`spawnID`, `entry`) VALUES ('136195', '23311');
INSERT INTO creature (`spawnID`, `map`, `spawnMask`, `modelid`, `equipment_id`, `position_x`, `position_y`, `position_z`, `orientation`, `spawntimesecs`, `spawndist`, `currentwaypoint`, `curhealth`, `curmana`, `MovementType`, `unit_flags`, `pool_id`, `patch_min`, `patch_max`) VALUES ('136195', '530', '1', NULL, '0', '-4991.52', '300.207', '82.2154', '4.95674', '120', '0', '0', '1', '0', '0', '0', '0', '0', '10');
INSERT INTO spawn_group (`groupId`, `spawnType`, `spawnId`) VALUES ('2', '0', '136195');
INSERT INTO creature_entry (`spawnID`, `entry`) VALUES ('136196', '23311');
INSERT INTO creature (`spawnID`, `map`, `spawnMask`, `modelid`, `equipment_id`, `position_x`, `position_y`, `position_z`, `orientation`, `spawntimesecs`, `spawndist`, `currentwaypoint`, `curhealth`, `curmana`, `MovementType`, `unit_flags`, `pool_id`, `patch_min`, `patch_max`) VALUES ('136196', '530', '1', NULL, '0', '-4849.12', '450.194', '60.7157', '1.78024', '120', '0', '0', '1', '0', '0', '0', '0', '0', '10');
INSERT INTO spawn_group (`groupId`, `spawnType`, `spawnId`) VALUES ('2', '0', '136196');
INSERT INTO creature_entry (`spawnID`, `entry`) VALUES ('136197', '23311');
INSERT INTO creature (`spawnID`, `map`, `spawnMask`, `modelid`, `equipment_id`, `position_x`, `position_y`, `position_z`, `orientation`, `spawntimesecs`, `spawndist`, `currentwaypoint`, `curhealth`, `curmana`, `MovementType`, `unit_flags`, `pool_id`, `patch_min`, `patch_max`) VALUES ('136197', '530', '1', NULL, '0', '-4982.72', '-33.1211', '69.6537', '2.86234', '120', '0', '0', '1', '0', '0', '0', '0', '0', '10');
INSERT INTO spawn_group (`groupId`, `spawnType`, `spawnId`) VALUES ('2', '0', '136197');
INSERT INTO creature_entry (`spawnID`, `entry`) VALUES ('136198', '23311');
INSERT INTO creature (`spawnID`, `map`, `spawnMask`, `modelid`, `equipment_id`, `position_x`, `position_y`, `position_z`, `orientation`, `spawntimesecs`, `spawndist`, `currentwaypoint`, `curhealth`, `curmana`, `MovementType`, `unit_flags`, `pool_id`, `patch_min`, `patch_max`) VALUES ('136198', '530', '1', NULL, '0', '-5073.18', '478.203', '84.0537', '0.436332', '120', '0', '0', '1', '0', '0', '0', '0', '0', '10');
INSERT INTO spawn_group (`groupId`, `spawnType`, `spawnId`) VALUES ('2', '0', '136198');
INSERT INTO creature_entry (`spawnID`, `entry`) VALUES ('136199', '23311');
INSERT INTO creature (`spawnID`, `map`, `spawnMask`, `modelid`, `equipment_id`, `position_x`, `position_y`, `position_z`, `orientation`, `spawntimesecs`, `spawndist`, `currentwaypoint`, `curhealth`, `curmana`, `MovementType`, `unit_flags`, `pool_id`, `patch_min`, `patch_max`) VALUES ('136199', '530', '1', NULL, '0', '-5037.91', '538.488', '88.2079', '5.39307', '120', '0', '0', '1', '0', '0', '0', '0', '0', '10');
INSERT INTO spawn_group (`groupId`, `spawnType`, `spawnId`) VALUES ('2', '0', '136199');
INSERT INTO creature_entry (`spawnID`, `entry`) VALUES ('136200', '23311');
INSERT INTO creature (`spawnID`, `map`, `spawnMask`, `modelid`, `equipment_id`, `position_x`, `position_y`, `position_z`, `orientation`, `spawntimesecs`, `spawndist`, `currentwaypoint`, `curhealth`, `curmana`, `MovementType`, `unit_flags`, `pool_id`, `patch_min`, `patch_max`) VALUES ('136200', '530', '1', NULL, '0', '-4993.51', '508.649', '85.8297', '5.98648', '120', '0', '0', '1', '0', '0', '0', '0', '0', '10');
INSERT INTO spawn_group (`groupId`, `spawnType`, `spawnId`) VALUES ('2', '0', '136200');
INSERT INTO creature_entry (`spawnID`, `entry`) VALUES ('136201', '23311');
INSERT INTO creature (`spawnID`, `map`, `spawnMask`, `modelid`, `equipment_id`, `position_x`, `position_y`, `position_z`, `orientation`, `spawntimesecs`, `spawndist`, `currentwaypoint`, `curhealth`, `curmana`, `MovementType`, `unit_flags`, `pool_id`, `patch_min`, `patch_max`) VALUES ('136201', '530', '1', NULL, '0', '-4962.05', '525.737', '79.1955', '3.76433', '120', '0', '0', '1', '0', '0', '0', '0', '0', '10');
INSERT INTO spawn_group (`groupId`, `spawnType`, `spawnId`) VALUES ('2', '0', '136201');
INSERT INTO creature_entry (`spawnID`, `entry`) VALUES ('136202', '23311');
INSERT INTO creature (`spawnID`, `map`, `spawnMask`, `modelid`, `equipment_id`, `position_x`, `position_y`, `position_z`, `orientation`, `spawntimesecs`, `spawndist`, `currentwaypoint`, `curhealth`, `curmana`, `MovementType`, `unit_flags`, `pool_id`, `patch_min`, `patch_max`) VALUES ('136202', '530', '1', NULL, '0', '-5005.26', '532.891', '87.4611', '4.38661', '120', '0', '0', '1', '0', '0', '0', '0', '0', '10');
INSERT INTO spawn_group (`groupId`, `spawnType`, `spawnId`) VALUES ('2', '0', '136202');
INSERT INTO creature_entry (`spawnID`, `entry`) VALUES ('136203', '23311');
INSERT INTO creature (`spawnID`, `map`, `spawnMask`, `modelid`, `equipment_id`, `position_x`, `position_y`, `position_z`, `orientation`, `spawntimesecs`, `spawndist`, `currentwaypoint`, `curhealth`, `curmana`, `MovementType`, `unit_flags`, `pool_id`, `patch_min`, `patch_max`) VALUES ('136203', '530', '1', NULL, '0', '-4892.17', '276.907', '64.7531', '0.401426', '120', '0', '0', '1', '0', '0', '0', '0', '0', '10');
INSERT INTO spawn_group (`groupId`, `spawnType`, `spawnId`) VALUES ('2', '0', '136203');
INSERT INTO creature_entry (`spawnID`, `entry`) VALUES ('136204', '23311');
INSERT INTO creature (`spawnID`, `map`, `spawnMask`, `modelid`, `equipment_id`, `position_x`, `position_y`, `position_z`, `orientation`, `spawntimesecs`, `spawndist`, `currentwaypoint`, `curhealth`, `curmana`, `MovementType`, `unit_flags`, `pool_id`, `patch_min`, `patch_max`) VALUES ('136204', '530', '1', NULL, '0', '-5141.98', '473.957', '78.601', '0.488692', '120', '0', '0', '1', '0', '0', '0', '0', '0', '10');
INSERT INTO spawn_group (`groupId`, `spawnType`, `spawnId`) VALUES ('2', '0', '136204');
INSERT INTO creature_entry (`spawnID`, `entry`) VALUES ('136205', '23311');
INSERT INTO creature (`spawnID`, `map`, `spawnMask`, `modelid`, `equipment_id`, `position_x`, `position_y`, `position_z`, `orientation`, `spawntimesecs`, `spawndist`, `currentwaypoint`, `curhealth`, `curmana`, `MovementType`, `unit_flags`, `pool_id`, `patch_min`, `patch_max`) VALUES ('136205', '530', '1', NULL, '0', '-5200.69', '589.495', '60.425', '2.79253', '120', '0', '0', '1', '0', '0', '0', '0', '0', '10');
INSERT INTO spawn_group (`groupId`, `spawnType`, `spawnId`) VALUES ('2', '0', '136205');
INSERT INTO creature_entry (`spawnID`, `entry`) VALUES ('136206', '23311');
INSERT INTO creature (`spawnID`, `map`, `spawnMask`, `modelid`, `equipment_id`, `position_x`, `position_y`, `position_z`, `orientation`, `spawntimesecs`, `spawndist`, `currentwaypoint`, `curhealth`, `curmana`, `MovementType`, `unit_flags`, `pool_id`, `patch_min`, `patch_max`) VALUES ('136206', '530', '1', NULL, '0', '-5281.21', '653.83', '41.3046', '4.7822', '120', '0', '0', '1', '0', '0', '0', '0', '0', '10');
INSERT INTO spawn_group (`groupId`, `spawnType`, `spawnId`) VALUES ('2', '0', '136206');
INSERT INTO creature_entry (`spawnID`, `entry`) VALUES ('136207', '23311');
INSERT INTO creature (`spawnID`, `map`, `spawnMask`, `modelid`, `equipment_id`, `position_x`, `position_y`, `position_z`, `orientation`, `spawntimesecs`, `spawndist`, `currentwaypoint`, `curhealth`, `curmana`, `MovementType`, `unit_flags`, `pool_id`, `patch_min`, `patch_max`) VALUES ('136207', '530', '1', NULL, '0', '-5221.95', '685.913', '60.3266', '4.27563', '120', '0', '0', '1', '0', '0', '0', '0', '0', '10');
INSERT INTO spawn_group (`groupId`, `spawnType`, `spawnId`) VALUES ('2', '0', '136207');
INSERT INTO creature_entry (`spawnID`, `entry`) VALUES ('136208', '23311');
INSERT INTO creature (`spawnID`, `map`, `spawnMask`, `modelid`, `equipment_id`, `position_x`, `position_y`, `position_z`, `orientation`, `spawntimesecs`, `spawndist`, `currentwaypoint`, `curhealth`, `curmana`, `MovementType`, `unit_flags`, `pool_id`, `patch_min`, `patch_max`) VALUES ('136208', '530', '1', NULL, '0', '-5148.24', '737.84', '73.0539', '4.7822', '120', '0', '0', '1', '0', '0', '0', '0', '0', '10');
INSERT INTO spawn_group (`groupId`, `spawnType`, `spawnId`) VALUES ('2', '0', '136208');
INSERT INTO creature_entry (`spawnID`, `entry`) VALUES ('136209', '23311');
INSERT INTO creature (`spawnID`, `map`, `spawnMask`, `modelid`, `equipment_id`, `position_x`, `position_y`, `position_z`, `orientation`, `spawntimesecs`, `spawndist`, `currentwaypoint`, `curhealth`, `curmana`, `MovementType`, `unit_flags`, `pool_id`, `patch_min`, `patch_max`) VALUES ('136209', '530', '1', NULL, '0', '-5013.05', '702.112', '82.4227', '3.43546', '120', '0', '0', '1', '0', '0', '0', '0', '0', '10');
INSERT INTO spawn_group (`groupId`, `spawnType`, `spawnId`) VALUES ('2', '0', '136209');
INSERT INTO creature_entry (`spawnID`, `entry`) VALUES ('136210', '23311');
INSERT INTO creature (`spawnID`, `map`, `spawnMask`, `modelid`, `equipment_id`, `position_x`, `position_y`, `position_z`, `orientation`, `spawntimesecs`, `spawndist`, `currentwaypoint`, `curhealth`, `curmana`, `MovementType`, `unit_flags`, `pool_id`, `patch_min`, `patch_max`) VALUES ('136210', '530', '1', NULL, '0', '-4969.67', '576.404', '77.0522', '0.51554', '120', '0', '0', '1', '0', '0', '0', '0', '0', '10');
INSERT INTO spawn_group (`groupId`, `spawnType`, `spawnId`) VALUES ('2', '0', '136210');
INSERT INTO creature_entry (`spawnID`, `entry`) VALUES ('136211', '23311');
INSERT INTO creature (`spawnID`, `map`, `spawnMask`, `modelid`, `equipment_id`, `position_x`, `position_y`, `position_z`, `orientation`, `spawntimesecs`, `spawndist`, `currentwaypoint`, `curhealth`, `curmana`, `MovementType`, `unit_flags`, `pool_id`, `patch_min`, `patch_max`) VALUES ('136211', '530', '1', NULL, '0', '-4876.81', '515.529', '60.5908', '5.58146', '120', '0', '0', '1', '0', '0', '0', '0', '0', '10');
INSERT INTO spawn_group (`groupId`, `spawnType`, `spawnId`) VALUES ('2', '0', '136211');
INSERT INTO creature_entry (`spawnID`, `entry`) VALUES ('136212', '23311');
INSERT INTO creature (`spawnID`, `map`, `spawnMask`, `modelid`, `equipment_id`, `position_x`, `position_y`, `position_z`, `orientation`, `spawntimesecs`, `spawndist`, `currentwaypoint`, `curhealth`, `curmana`, `MovementType`, `unit_flags`, `pool_id`, `patch_min`, `patch_max`) VALUES ('136212', '530', '1', NULL, '0', '-4943.46', '693.737', '71.826', '1.42556', '120', '0', '0', '1', '0', '0', '0', '0', '0', '10');
INSERT INTO spawn_group (`groupId`, `spawnType`, `spawnId`) VALUES ('2', '0', '136212');


-- Importing creature spawn with guid 136183 with import type REPLACE_ALL


-- Importing creature spawn with guid 96506 with import type REPLACE_ALL


-- Importing creature spawn with guid 96547 with import type REPLACE_ALL


-- Importing creature spawn with guid 136182 with import type REPLACE_ALL


-- Importing creature spawn with guid 136181 with import type REPLACE_ALL


-- Importing creature spawn with guid 136180 with import type REPLACE_ALL


-- Importing creature spawn with guid 136179 with import type REPLACE_ALL


-- Importing creature spawn with guid 136178 with import type REPLACE_ALL


-- Importing creature spawn with guid 68515 with import type REPLACE_ALL


-- Importing creature spawn with guid 96851 with import type REPLACE_ALL


-- Importing creature spawn with guid 96852 with import type REPLACE_ALL


-- Importing creature spawn with guid 96853 with import type REPLACE_ALL


-- Importing creature spawn with guid 96854 with import type REPLACE_ALL


-- Importing creature spawn with guid 96855 with import type REPLACE_ALL


-- Importing creature spawn with guid 96856 with import type REPLACE_ALL


-- Importing creature spawn with guid 96857 with import type REPLACE_ALL


-- Importing creature spawn with guid 96858 with import type REPLACE_ALL


-- Importing creature spawn with guid 96859 with import type REPLACE_ALL


-- Importing creature spawn with guid 96860 with import type REPLACE_ALL


-- Importing creature spawn with guid 96861 with import type REPLACE_ALL


-- Importing creature spawn with guid 96862 with import type REPLACE_ALL


-- Importing creature spawn with guid 96863 with import type REPLACE_ALL


-- Importing creature spawn with guid 68521 with import type REPLACE_ALL


-- Importing creature spawn with guid 68520 with import type REPLACE_ALL


-- Importing creature spawn with guid 68519 with import type REPLACE_ALL


-- Importing creature spawn with guid 68518 with import type REPLACE_ALL


-- Importing creature spawn with guid 68517 with import type REPLACE_ALL


-- Importing creature spawn with guid 68516 with import type REPLACE_ALL


-- Importing creature spawn with guid 68539 with import type REPLACE_ALL


-- Importing creature spawn with guid 68522 with import type REPLACE_ALL


-- Importing creature spawn with guid 68514 with import type REPLACE_ALL


-- Importing creature spawn with guid 202719 with import type REPLACE_ALL
INSERT INTO creature_entry (`spawnID`, `entry`) VALUES ('202719', '25994');
INSERT INTO creature (`spawnID`, `map`, `spawnMask`, `modelid`, `equipment_id`, `position_x`, `position_y`, `position_z`, `orientation`, `spawntimesecs`, `spawndist`, `currentwaypoint`, `curhealth`, `curmana`, `MovementType`, `unit_flags`, `pool_id`, `patch_min`, `patch_max`) VALUES ('202719', '1', '1', NULL, '1', '140.061', '-4733.57', '15.639', '0', '120', '0', '0', '1', '0', '0', '0', '0', '0', '10');
INSERT INTO game_event_creature (`event`, `guid`) VALUES ('1', '202719');
INSERT INTO creature_entry (`spawnID`, `entry`) VALUES ('94513', '25994');
INSERT INTO creature (`spawnID`, `map`, `spawnMask`, `modelid`, `equipment_id`, `position_x`, `position_y`, `position_z`, `orientation`, `spawntimesecs`, `spawndist`, `currentwaypoint`, `curhealth`, `curmana`, `MovementType`, `unit_flags`, `pool_id`, `patch_min`, `patch_max`) VALUES ('94513', '1', '1', NULL, '1', '-2344.99', '-615.533', '-7.06313', '0.976602', '300', '0', '0', '2871', '0', '0', '0', '0', '0', '10');
INSERT INTO game_event_creature (`event`, `guid`) VALUES ('1', '94513');
INSERT INTO creature_entry (`spawnID`, `entry`) VALUES ('202745', '25994');
INSERT INTO creature (`spawnID`, `map`, `spawnMask`, `modelid`, `equipment_id`, `position_x`, `position_y`, `position_z`, `orientation`, `spawntimesecs`, `spawndist`, `currentwaypoint`, `curhealth`, `curmana`, `MovementType`, `unit_flags`, `pool_id`, `patch_min`, `patch_max`) VALUES ('202745', '530', '1', NULL, '1', '9376.36', '-6782.64', '13.994', '0', '120', '0', '0', '1', '0', '0', '0', '0', '0', '10');
INSERT INTO game_event_creature (`event`, `guid`) VALUES ('1', '202745');
INSERT INTO creature_entry (`spawnID`, `entry`) VALUES ('202756', '25994');
INSERT INTO creature (`spawnID`, `map`, `spawnMask`, `modelid`, `equipment_id`, `position_x`, `position_y`, `position_z`, `orientation`, `spawntimesecs`, `spawndist`, `currentwaypoint`, `curhealth`, `curmana`, `MovementType`, `unit_flags`, `pool_id`, `patch_min`, `patch_max`) VALUES ('202756', '530', '1', NULL, '1', '7679.88', '-6828.62', '78.535', '0', '120', '0', '0', '1', '0', '0', '0', '0', '0', '10');
INSERT INTO game_event_creature (`event`, `guid`) VALUES ('1', '202756');
INSERT INTO creature_entry (`spawnID`, `entry`) VALUES ('202763', '25994');
INSERT INTO creature (`spawnID`, `map`, `spawnMask`, `modelid`, `equipment_id`, `position_x`, `position_y`, `position_z`, `orientation`, `spawntimesecs`, `spawndist`, `currentwaypoint`, `curhealth`, `curmana`, `MovementType`, `unit_flags`, `pool_id`, `patch_min`, `patch_max`) VALUES ('202763', '0', '1', NULL, '1', '2283.6', '437.621', '34.464', '0', '120', '0', '0', '1', '0', '0', '0', '0', '0', '10');
INSERT INTO game_event_creature (`event`, `guid`) VALUES ('1', '202763');
INSERT INTO creature_entry (`spawnID`, `entry`) VALUES ('210425', '25994');
INSERT INTO creature (`spawnID`, `map`, `spawnMask`, `modelid`, `equipment_id`, `position_x`, `position_y`, `position_z`, `orientation`, `spawntimesecs`, `spawndist`, `currentwaypoint`, `curhealth`, `curmana`, `MovementType`, `unit_flags`, `pool_id`, `patch_min`, `patch_max`) VALUES ('210425', '571', '1', NULL, '1', '3779.24', '1486.12', '91.2991', '1.70099', '300', '0', '0', '2699', '0', '0', '0', '0', '5', '10');
INSERT INTO game_event_creature (`event`, `guid`) VALUES ('1', '210425');
INSERT INTO creature_entry (`spawnID`, `entry`) VALUES ('11002', '25994');
INSERT INTO creature (`spawnID`, `map`, `spawnMask`, `modelid`, `equipment_id`, `position_x`, `position_y`, `position_z`, `orientation`, `spawntimesecs`, `spawndist`, `currentwaypoint`, `curhealth`, `curmana`, `MovementType`, `unit_flags`, `pool_id`, `patch_min`, `patch_max`) VALUES ('11002', '530', '1', NULL, '1', '-3050.94', '2390.53', '61.9839', '0.536069', '300', '0', '0', '2453', '0', '0', '0', '0', '0', '10');
INSERT INTO game_event_creature (`event`, `guid`) VALUES ('1', '11002');
INSERT INTO creature_entry (`spawnID`, `entry`) VALUES ('209673', '25994');
INSERT INTO creature (`spawnID`, `map`, `spawnMask`, `modelid`, `equipment_id`, `position_x`, `position_y`, `position_z`, `orientation`, `spawntimesecs`, `spawndist`, `currentwaypoint`, `curhealth`, `curmana`, `MovementType`, `unit_flags`, `pool_id`, `patch_min`, `patch_max`) VALUES ('209673', '530', '1', NULL, '1', '2279.56', '6162.76', '137.703', '0.112621', '300', '0', '0', '2961', '0', '0', '0', '0', '0', '10');
INSERT INTO game_event_creature (`event`, `guid`) VALUES ('1', '209673');
INSERT INTO creature_entry (`spawnID`, `entry`) VALUES ('209930', '25994');
INSERT INTO creature (`spawnID`, `map`, `spawnMask`, `modelid`, `equipment_id`, `position_x`, `position_y`, `position_z`, `orientation`, `spawntimesecs`, `spawndist`, `currentwaypoint`, `curhealth`, `curmana`, `MovementType`, `unit_flags`, `pool_id`, `patch_min`, `patch_max`) VALUES ('209930', '530', '1', NULL, '0', '2919.92', '3676.76', '144.123', '1.41695', '300', '0', '0', '1848', '0', '0', '0', '0', '0', '10');
INSERT INTO game_event_creature (`event`, `guid`) VALUES ('1', '209930');
INSERT INTO creature_entry (`spawnID`, `entry`) VALUES ('210416', '25994');
INSERT INTO creature (`spawnID`, `map`, `spawnMask`, `modelid`, `equipment_id`, `position_x`, `position_y`, `position_z`, `orientation`, `spawntimesecs`, `spawndist`, `currentwaypoint`, `curhealth`, `curmana`, `MovementType`, `unit_flags`, `pool_id`, `patch_min`, `patch_max`) VALUES ('210416', '571', '1', NULL, '0', '4469.26', '5627.85', '59.0877', '4.69872', '300', '0', '0', '2138', '0', '0', '0', '0', '5', '10');
INSERT INTO game_event_creature (`event`, `guid`) VALUES ('1', '210416');
INSERT INTO creature_entry (`spawnID`, `entry`) VALUES ('210686', '25994');
INSERT INTO creature (`spawnID`, `map`, `spawnMask`, `modelid`, `equipment_id`, `position_x`, `position_y`, `position_z`, `orientation`, `spawntimesecs`, `spawndist`, `currentwaypoint`, `curhealth`, `curmana`, `MovementType`, `unit_flags`, `pool_id`, `patch_min`, `patch_max`) VALUES ('210686', '571', '1', NULL, '1', '3374.3', '-2153.8', '123.999', '2.2042', '300', '0', '0', '2533', '0', '0', '0', '0', '5', '10');
INSERT INTO game_event_creature (`event`, `guid`) VALUES ('1', '210686');
INSERT INTO creature_entry (`spawnID`, `entry`) VALUES ('210951', '25994');
INSERT INTO creature (`spawnID`, `map`, `spawnMask`, `modelid`, `equipment_id`, `position_x`, `position_y`, `position_z`, `orientation`, `spawntimesecs`, `spawndist`, `currentwaypoint`, `curhealth`, `curmana`, `MovementType`, `unit_flags`, `pool_id`, `patch_min`, `patch_max`) VALUES ('210951', '571', '1', NULL, '1', '2586.97', '-4359.34', '275.729', '4.3074', '300', '0', '0', '2614', '0', '0', '0', '0', '5', '10');
INSERT INTO game_event_creature (`event`, `guid`) VALUES ('1', '210951');
INSERT INTO creature_entry (`spawnID`, `entry`) VALUES ('210985', '25994');
INSERT INTO creature (`spawnID`, `map`, `spawnMask`, `modelid`, `equipment_id`, `position_x`, `position_y`, `position_z`, `orientation`, `spawntimesecs`, `spawndist`, `currentwaypoint`, `curhealth`, `curmana`, `MovementType`, `unit_flags`, `pool_id`, `patch_min`, `patch_max`) VALUES ('210985', '571', '1', NULL, '1', '5276.13', '-2771.1', '292.419', '4.75359', '300', '0', '0', '2533', '0', '0', '0', '0', '5', '10');
INSERT INTO game_event_creature (`event`, `guid`) VALUES ('1', '210985');
INSERT INTO creature_entry (`spawnID`, `entry`) VALUES ('211261', '25994');
INSERT INTO creature (`spawnID`, `map`, `spawnMask`, `modelid`, `equipment_id`, `position_x`, `position_y`, `position_z`, `orientation`, `spawntimesecs`, `spawndist`, `currentwaypoint`, `curhealth`, `curmana`, `MovementType`, `unit_flags`, `pool_id`, `patch_min`, `patch_max`) VALUES ('211261', '571', '1', NULL, '1', '5509.13', '4864.95', '-198.144', '6.08048', '300', '0', '0', '1919', '0', '0', '0', '0', '5', '10');
INSERT INTO game_event_creature (`event`, `guid`) VALUES ('1', '211261');
INSERT INTO creature_entry (`spawnID`, `entry`) VALUES ('211545', '25994');
INSERT INTO creature (`spawnID`, `map`, `spawnMask`, `modelid`, `equipment_id`, `position_x`, `position_y`, `position_z`, `orientation`, `spawntimesecs`, `spawndist`, `currentwaypoint`, `curhealth`, `curmana`, `MovementType`, `unit_flags`, `pool_id`, `patch_min`, `patch_max`) VALUES ('211545', '571', '1', NULL, '1', '5544.48', '-746.126', '151.578', '3.61956', '300', '0', '0', '2371', '0', '0', '0', '0', '5', '10');
INSERT INTO game_event_creature (`event`, `guid`) VALUES ('1', '211545');
INSERT INTO creature_entry (`spawnID`, `entry`) VALUES ('211524', '25994');
INSERT INTO creature (`spawnID`, `map`, `spawnMask`, `modelid`, `equipment_id`, `position_x`, `position_y`, `position_z`, `orientation`, `spawntimesecs`, `spawndist`, `currentwaypoint`, `curhealth`, `curmana`, `MovementType`, `unit_flags`, `pool_id`, `patch_min`, `patch_max`) VALUES ('211524', '571', '1', NULL, '1', '6171.72', '-1022.75', '408.506', '1.97024', '300', '0', '0', '2699', '0', '0', '0', '0', '5', '10');
INSERT INTO game_event_creature (`event`, `guid`) VALUES ('1', '211524');


-- Importing creature spawn with guid 202717 with import type REPLACE_ALL
INSERT INTO creature_entry (`spawnID`, `entry`) VALUES ('202717', '16781');
INSERT INTO creature (`spawnID`, `map`, `spawnMask`, `modelid`, `equipment_id`, `position_x`, `position_y`, `position_z`, `orientation`, `spawntimesecs`, `spawndist`, `currentwaypoint`, `curhealth`, `curmana`, `MovementType`, `unit_flags`, `pool_id`, `patch_min`, `patch_max`) VALUES ('202717', '1', '1', NULL, '0', '136.676', '-4729.85', '16.67', '0', '120', '0', '0', '1', '0', '0', '0', '0', '0', '10');
INSERT INTO game_event_creature (`event`, `guid`) VALUES ('1', '202717');
INSERT INTO creature_entry (`spawnID`, `entry`) VALUES ('202716', '16781');
INSERT INTO creature (`spawnID`, `map`, `spawnMask`, `modelid`, `equipment_id`, `position_x`, `position_y`, `position_z`, `orientation`, `spawntimesecs`, `spawndist`, `currentwaypoint`, `curhealth`, `curmana`, `MovementType`, `unit_flags`, `pool_id`, `patch_min`, `patch_max`) VALUES ('202716', '1', '1', NULL, '0', '131.35', '-4731.75', '16.76', '0', '120', '0', '0', '1', '0', '0', '0', '0', '0', '10');
INSERT INTO game_event_creature (`event`, `guid`) VALUES ('1', '202716');
INSERT INTO creature_entry (`spawnID`, `entry`) VALUES ('202715', '16781');
INSERT INTO creature (`spawnID`, `map`, `spawnMask`, `modelid`, `equipment_id`, `position_x`, `position_y`, `position_z`, `orientation`, `spawntimesecs`, `spawndist`, `currentwaypoint`, `curhealth`, `curmana`, `MovementType`, `unit_flags`, `pool_id`, `patch_min`, `patch_max`) VALUES ('202715', '1', '1', NULL, '0', '131.17', '-4725.84', '17.8', '0', '120', '0', '0', '1', '0', '0', '0', '0', '0', '10');
INSERT INTO game_event_creature (`event`, `guid`) VALUES ('1', '202715');
INSERT INTO creature_entry (`spawnID`, `entry`) VALUES ('202714', '16781');
INSERT INTO creature (`spawnID`, `map`, `spawnMask`, `modelid`, `equipment_id`, `position_x`, `position_y`, `position_z`, `orientation`, `spawntimesecs`, `spawndist`, `currentwaypoint`, `curhealth`, `curmana`, `MovementType`, `unit_flags`, `pool_id`, `patch_min`, `patch_max`) VALUES ('202714', '1', '1', NULL, '0', '127.08', '-4722.96', '18.601', '0', '120', '0', '0', '1', '0', '0', '0', '0', '0', '10');
INSERT INTO game_event_creature (`event`, `guid`) VALUES ('1', '202714');
INSERT INTO creature_entry (`spawnID`, `entry`) VALUES ('212598', '16781');
-- Has LK modelid 16413 already in creature template, set to 0.
INSERT INTO creature (`spawnID`, `map`, `spawnMask`, `modelid`, `equipment_id`, `position_x`, `position_y`, `position_z`, `orientation`, `spawntimesecs`, `spawndist`, `currentwaypoint`, `curhealth`, `curmana`, `MovementType`, `unit_flags`, `pool_id`, `patch_min`, `patch_max`) VALUES ('212598', '530', '1', NULL, '0', '-4204.91', '-12289.1', '1.57936', '1.63705', '300', '0', '0', '3834', '0', '0', '0', '0', '0', '10');
INSERT INTO game_event_creature (`event`, `guid`) VALUES ('1', '212598');
INSERT INTO creature_entry (`spawnID`, `entry`) VALUES ('212541', '16781');
-- Has LK modelid 16413 already in creature template, set to 0.
INSERT INTO creature (`spawnID`, `map`, `spawnMask`, `modelid`, `equipment_id`, `position_x`, `position_y`, `position_z`, `orientation`, `spawntimesecs`, `spawndist`, `currentwaypoint`, `curhealth`, `curmana`, `MovementType`, `unit_flags`, `pool_id`, `patch_min`, `patch_max`) VALUES ('212541', '1', '1', NULL, '0', '-4417.18', '3487.8', '12.7708', '5.29378', '300', '0', '0', '2138', '0', '0', '0', '0', '0', '10');
INSERT INTO game_event_creature (`event`, `guid`) VALUES ('1', '212541');
INSERT INTO creature_entry (`spawnID`, `entry`) VALUES ('212540', '16781');
INSERT INTO creature (`spawnID`, `map`, `spawnMask`, `modelid`, `equipment_id`, `position_x`, `position_y`, `position_z`, `orientation`, `spawntimesecs`, `spawndist`, `currentwaypoint`, `curhealth`, `curmana`, `MovementType`, `unit_flags`, `pool_id`, `patch_min`, `patch_max`) VALUES ('212540', '1', '1', '16414', '0', '-4411.13', '3457.27', '13.6321', '6.03912', '300', '0', '0', '2215', '0', '0', '0', '0', '0', '10');
INSERT INTO game_event_creature (`event`, `guid`) VALUES ('1', '212540');
INSERT INTO creature_entry (`spawnID`, `entry`) VALUES ('212539', '16781');
INSERT INTO creature (`spawnID`, `map`, `spawnMask`, `modelid`, `equipment_id`, `position_x`, `position_y`, `position_z`, `orientation`, `spawntimesecs`, `spawndist`, `currentwaypoint`, `curhealth`, `curmana`, `MovementType`, `unit_flags`, `pool_id`, `patch_min`, `patch_max`) VALUES ('212539', '1', '1', '16447', '0', '-4408.65', '3454.41', '14.0291', '1.02042', '300', '0', '0', '1585', '0', '0', '0', '0', '0', '10');
INSERT INTO game_event_creature (`event`, `guid`) VALUES ('1', '212539');
INSERT INTO creature_entry (`spawnID`, `entry`) VALUES ('212538', '16781');
INSERT INTO creature (`spawnID`, `map`, `spawnMask`, `modelid`, `equipment_id`, `position_x`, `position_y`, `position_z`, `orientation`, `spawntimesecs`, `spawndist`, `currentwaypoint`, `curhealth`, `curmana`, `MovementType`, `unit_flags`, `pool_id`, `patch_min`, `patch_max`) VALUES ('212538', '1', '1', '16433', '0', '-4406.22', '3458.47', '13.1618', '2.99649', '300', '0', '0', '3524', '0', '0', '0', '0', '0', '10');
INSERT INTO game_event_creature (`event`, `guid`) VALUES ('1', '212538');
INSERT INTO creature_entry (`spawnID`, `entry`) VALUES ('212292', '16781');
INSERT INTO creature (`spawnID`, `map`, `spawnMask`, `modelid`, `equipment_id`, `position_x`, `position_y`, `position_z`, `orientation`, `spawntimesecs`, `spawndist`, `currentwaypoint`, `curhealth`, `curmana`, `MovementType`, `unit_flags`, `pool_id`, `patch_min`, `patch_max`) VALUES ('212292', '530', '1', '21083', '0', '-2240.57', '-11922.3', '26.6757', '2.72819', '300', '0', '0', '3144', '0', '0', '0', '0', '0', '10');
INSERT INTO game_event_creature (`event`, `guid`) VALUES ('1', '212292');
INSERT INTO creature_entry (`spawnID`, `entry`) VALUES ('212291', '16781');
-- Has LK modelid 16412 already in creature template, set to 0.
INSERT INTO creature (`spawnID`, `map`, `spawnMask`, `modelid`, `equipment_id`, `position_x`, `position_y`, `position_z`, `orientation`, `spawntimesecs`, `spawndist`, `currentwaypoint`, `curhealth`, `curmana`, `MovementType`, `unit_flags`, `pool_id`, `patch_min`, `patch_max`) VALUES ('212291', '530', '1', NULL, '0', '-2246.13', '-11921', '25.4183', '6.15017', '300', '0', '0', '1919', '0', '0', '0', '0', '0', '10');
INSERT INTO game_event_creature (`event`, `guid`) VALUES ('1', '212291');
INSERT INTO creature_entry (`spawnID`, `entry`) VALUES ('212290', '16781');
INSERT INTO creature (`spawnID`, `map`, `spawnMask`, `modelid`, `equipment_id`, `position_x`, `position_y`, `position_z`, `orientation`, `spawntimesecs`, `spawndist`, `currentwaypoint`, `curhealth`, `curmana`, `MovementType`, `unit_flags`, `pool_id`, `patch_min`, `patch_max`) VALUES ('212290', '530', '1', '16434', '0', '-2230.5', '-11891.1', '27.6743', '0.651601', '300', '0', '0', '3728', '0', '0', '0', '0', '0', '10');
INSERT INTO game_event_creature (`event`, `guid`) VALUES ('1', '212290');
INSERT INTO creature_entry (`spawnID`, `entry`) VALUES ('212289', '16781');
INSERT INTO creature (`spawnID`, `map`, `spawnMask`, `modelid`, `equipment_id`, `position_x`, `position_y`, `position_z`, `orientation`, `spawntimesecs`, `spawndist`, `currentwaypoint`, `curhealth`, `curmana`, `MovementType`, `unit_flags`, `pool_id`, `patch_min`, `patch_max`) VALUES ('212289', '530', '1', '16414', '0', '-2227.85', '-11887.9', '28.3225', '4.4168', '300', '0', '0', '1716', '0', '0', '0', '0', '0', '10');
INSERT INTO game_event_creature (`event`, `guid`) VALUES ('1', '212289');
INSERT INTO creature_entry (`spawnID`, `entry`) VALUES ('212042', '16781');
-- Has LK modelid 16431 already in creature template, set to 0.
INSERT INTO creature (`spawnID`, `map`, `spawnMask`, `modelid`, `equipment_id`, `position_x`, `position_y`, `position_z`, `orientation`, `spawntimesecs`, `spawndist`, `currentwaypoint`, `curhealth`, `curmana`, `MovementType`, `unit_flags`, `pool_id`, `patch_min`, `patch_max`) VALUES ('212042', '0', '1', NULL, '0', '1007.68', '-1441.76', '62.6307', '2.69567', '300', '0', '0', '2784', '0', '0', '0', '0', '0', '10');
INSERT INTO game_event_creature (`event`, `guid`) VALUES ('1', '212042');
INSERT INTO creature_entry (`spawnID`, `entry`) VALUES ('212041', '16781');
-- Has LK modelid 16412 already in creature template, set to 0.
INSERT INTO creature (`spawnID`, `map`, `spawnMask`, `modelid`, `equipment_id`, `position_x`, `position_y`, `position_z`, `orientation`, `spawntimesecs`, `spawndist`, `currentwaypoint`, `curhealth`, `curmana`, `MovementType`, `unit_flags`, `pool_id`, `patch_min`, `patch_max`) VALUES ('212041', '0', '1', NULL, '0', '997.675', '-1428.17', '65.905', '4.35443', '300', '0', '0', '2138', '0', '0', '0', '0', '0', '10');
INSERT INTO game_event_creature (`event`, `guid`) VALUES ('1', '212041');
INSERT INTO creature_entry (`spawnID`, `entry`) VALUES ('212040', '16781');
INSERT INTO creature (`spawnID`, `map`, `spawnMask`, `modelid`, `equipment_id`, `position_x`, `position_y`, `position_z`, `orientation`, `spawntimesecs`, `spawndist`, `currentwaypoint`, `curhealth`, `curmana`, `MovementType`, `unit_flags`, `pool_id`, `patch_min`, `patch_max`) VALUES ('212040', '0', '1', '16447', '0', '1003.8', '-1434.55', '63.5274', '3.86513', '300', '0', '0', '3052', '0', '0', '0', '0', '0', '10');
INSERT INTO game_event_creature (`event`, `guid`) VALUES ('1', '212040');
INSERT INTO creature_entry (`spawnID`, `entry`) VALUES ('212039', '16781');
INSERT INTO creature (`spawnID`, `map`, `spawnMask`, `modelid`, `equipment_id`, `position_x`, `position_y`, `position_z`, `orientation`, `spawntimesecs`, `spawndist`, `currentwaypoint`, `curhealth`, `curmana`, `MovementType`, `unit_flags`, `pool_id`, `patch_min`, `patch_max`) VALUES ('212039', '0', '1', '16435', '0', '989.633', '-1444.97', '63.2034', '0.579809', '300', '0', '0', '3427', '0', '0', '0', '0', '0', '10');
INSERT INTO game_event_creature (`event`, `guid`) VALUES ('1', '212039');
INSERT INTO creature_entry (`spawnID`, `entry`) VALUES ('211794', '16781');
INSERT INTO creature (`spawnID`, `map`, `spawnMask`, `modelid`, `equipment_id`, `position_x`, `position_y`, `position_z`, `orientation`, `spawntimesecs`, `spawndist`, `currentwaypoint`, `curhealth`, `curmana`, `MovementType`, `unit_flags`, `pool_id`, `patch_min`, `patch_max`) VALUES ('211794', '0', '1', '16435', '0', '-8259.55', '-2650.01', '133.476', '2.09132', '300', '0', '0', '1919', '0', '0', '0', '0', '0', '10');
INSERT INTO game_event_creature (`event`, `guid`) VALUES ('1', '211794');
INSERT INTO creature_entry (`spawnID`, `entry`) VALUES ('211793', '16781');
-- Has LK modelid 16412 already in creature template, set to 0.
INSERT INTO creature (`spawnID`, `map`, `spawnMask`, `modelid`, `equipment_id`, `position_x`, `position_y`, `position_z`, `orientation`, `spawntimesecs`, `spawndist`, `currentwaypoint`, `curhealth`, `curmana`, `MovementType`, `unit_flags`, `pool_id`, `patch_min`, `patch_max`) VALUES ('211793', '0', '1', NULL, '0', '-8262.75', '-2643.66', '133.39', '5.27218', '300', '0', '0', '3144', '0', '0', '0', '0', '0', '10');
INSERT INTO game_event_creature (`event`, `guid`) VALUES ('1', '211793');
INSERT INTO creature_entry (`spawnID`, `entry`) VALUES ('211792', '16781');
-- Has LK modelid 16413 already in creature template, set to 0.
INSERT INTO creature (`spawnID`, `map`, `spawnMask`, `modelid`, `equipment_id`, `position_x`, `position_y`, `position_z`, `orientation`, `spawntimesecs`, `spawndist`, `currentwaypoint`, `curhealth`, `curmana`, `MovementType`, `unit_flags`, `pool_id`, `patch_min`, `patch_max`) VALUES ('211792', '0', '1', NULL, '0', '-8253.26', '-2611.61', '133.154', '4.93446', '300', '0', '0', '3524', '0', '0', '0', '0', '0', '10');
INSERT INTO game_event_creature (`event`, `guid`) VALUES ('1', '211792');
INSERT INTO creature_entry (`spawnID`, `entry`) VALUES ('211791', '16781');
INSERT INTO creature (`spawnID`, `map`, `spawnMask`, `modelid`, `equipment_id`, `position_x`, `position_y`, `position_z`, `orientation`, `spawntimesecs`, `spawndist`, `currentwaypoint`, `curhealth`, `curmana`, `MovementType`, `unit_flags`, `pool_id`, `patch_min`, `patch_max`) VALUES ('211791', '0', '1', '21083', '0', '-8255.11', '-2614.33', '133.154', '0.508745', '300', '0', '0', '2784', '0', '0', '0', '0', '0', '10');
INSERT INTO game_event_creature (`event`, `guid`) VALUES ('1', '211791');
INSERT INTO creature_entry (`spawnID`, `entry`) VALUES ('94635', '16781');
INSERT INTO creature (`spawnID`, `map`, `spawnMask`, `modelid`, `equipment_id`, `position_x`, `position_y`, `position_z`, `orientation`, `spawntimesecs`, `spawndist`, `currentwaypoint`, `curhealth`, `curmana`, `MovementType`, `unit_flags`, `pool_id`, `patch_min`, `patch_max`) VALUES ('94635', '0', '1', '16448', '0', '-1202.46', '-2657.93', '45.8036', '5.23599', '300', '0', '0', '1524', '0', '0', '0', '0', '0', '10');
INSERT INTO game_event_creature (`event`, `guid`) VALUES ('1', '94635');
INSERT INTO creature_entry (`spawnID`, `entry`) VALUES ('94637', '16781');
INSERT INTO creature (`spawnID`, `map`, `spawnMask`, `modelid`, `equipment_id`, `position_x`, `position_y`, `position_z`, `orientation`, `spawntimesecs`, `spawndist`, `currentwaypoint`, `curhealth`, `curmana`, `MovementType`, `unit_flags`, `pool_id`, `patch_min`, `patch_max`) VALUES ('94637', '0', '1', '16433', '0', '-1197.29', '-2680.87', '46.3772', '6.12611', '300', '0', '0', '1524', '0', '0', '0', '0', '0', '10');
INSERT INTO game_event_creature (`event`, `guid`) VALUES ('1', '94637');
INSERT INTO creature_entry (`spawnID`, `entry`) VALUES ('165584', '16781');
INSERT INTO creature (`spawnID`, `map`, `spawnMask`, `modelid`, `equipment_id`, `position_x`, `position_y`, `position_z`, `orientation`, `spawntimesecs`, `spawndist`, `currentwaypoint`, `curhealth`, `curmana`, `MovementType`, `unit_flags`, `pool_id`, `patch_min`, `patch_max`) VALUES ('165584', '0', '1', '16434', '0', '-8823.33', '857.655', '99.0305', '1.57502', '300', '0', '0', '2614', '0', '0', '0', '0', '0', '10');
INSERT INTO game_event_creature (`event`, `guid`) VALUES ('1', '165584');
INSERT INTO creature_entry (`spawnID`, `entry`) VALUES ('213116', '16781');
INSERT INTO creature (`spawnID`, `map`, `spawnMask`, `modelid`, `equipment_id`, `position_x`, `position_y`, `position_z`, `orientation`, `spawntimesecs`, `spawndist`, `currentwaypoint`, `curhealth`, `curmana`, `MovementType`, `unit_flags`, `pool_id`, `patch_min`, `patch_max`) VALUES ('213116', '530', '1', '16447', '0', '-3968.36', '2038.44', '95.0653', '3.94672', '300', '0', '0', '2699', '0', '0', '0', '0', '0', '10');
INSERT INTO game_event_creature (`event`, `guid`) VALUES ('1', '213116');
INSERT INTO creature_entry (`spawnID`, `entry`) VALUES ('213115', '16781');
INSERT INTO creature (`spawnID`, `map`, `spawnMask`, `modelid`, `equipment_id`, `position_x`, `position_y`, `position_z`, `orientation`, `spawntimesecs`, `spawndist`, `currentwaypoint`, `curhealth`, `curmana`, `MovementType`, `unit_flags`, `pool_id`, `patch_min`, `patch_max`) VALUES ('213115', '530', '1', '16434', '0', '-3972.67', '2034.69', '95.0653', '0.376299', '300', '0', '0', '2699', '0', '0', '0', '0', '0', '10');
INSERT INTO game_event_creature (`event`, `guid`) VALUES ('1', '213115');
INSERT INTO creature_entry (`spawnID`, `entry`) VALUES ('213114', '16781');
INSERT INTO creature (`spawnID`, `map`, `spawnMask`, `modelid`, `equipment_id`, `position_x`, `position_y`, `position_z`, `orientation`, `spawntimesecs`, `spawndist`, `currentwaypoint`, `curhealth`, `curmana`, `MovementType`, `unit_flags`, `pool_id`, `patch_min`, `patch_max`) VALUES ('213114', '530', '1', '21084', '0', '-3960.94', '2053.54', '95.0651', '3.89645', '300', '0', '0', '2215', '0', '0', '0', '0', '0', '10');
INSERT INTO game_event_creature (`event`, `guid`) VALUES ('1', '213114');
INSERT INTO creature_entry (`spawnID`, `entry`) VALUES ('213113', '16781');
-- Has LK modelid 16431 already in creature template, set to 0.
INSERT INTO creature (`spawnID`, `map`, `spawnMask`, `modelid`, `equipment_id`, `position_x`, `position_y`, `position_z`, `orientation`, `spawntimesecs`, `spawndist`, `currentwaypoint`, `curhealth`, `curmana`, `MovementType`, `unit_flags`, `pool_id`, `patch_min`, `patch_max`) VALUES ('213113', '530', '1', NULL, '0', '-3965.57', '2049.6', '95.0651', '0.431277', '300', '0', '0', '2784', '0', '0', '0', '0', '0', '10');
INSERT INTO game_event_creature (`event`, `guid`) VALUES ('1', '213113');
INSERT INTO creature_entry (`spawnID`, `entry`) VALUES ('213106', '16781');
-- Has LK modelid 16431 already in creature template, set to 0.
INSERT INTO creature (`spawnID`, `map`, `spawnMask`, `modelid`, `equipment_id`, `position_x`, `position_y`, `position_z`, `orientation`, `spawntimesecs`, `spawndist`, `currentwaypoint`, `curhealth`, `curmana`, `MovementType`, `unit_flags`, `pool_id`, `patch_min`, `patch_max`) VALUES ('213106', '530', '1', NULL, '0', '-2508.9', '7555.52', '-1.63478', '4.96375', '300', '0', '0', '3834', '0', '0', '0', '0', '0', '10');
INSERT INTO game_event_creature (`event`, `guid`) VALUES ('1', '213106');
INSERT INTO creature_entry (`spawnID`, `entry`) VALUES ('213105', '16781');
-- Has LK modelid 16413 already in creature template, set to 0.
INSERT INTO creature (`spawnID`, `map`, `spawnMask`, `modelid`, `equipment_id`, `position_x`, `position_y`, `position_z`, `orientation`, `spawntimesecs`, `spawndist`, `currentwaypoint`, `curhealth`, `curmana`, `MovementType`, `unit_flags`, `pool_id`, `patch_min`, `patch_max`) VALUES ('213105', '530', '1', NULL, '0', '-2507.02', '7550.21', '-0.997479', '1.49936', '300', '0', '0', '3052', '0', '0', '0', '0', '0', '10');
INSERT INTO game_event_creature (`event`, `guid`) VALUES ('1', '213105');
INSERT INTO creature_entry (`spawnID`, `entry`) VALUES ('213104', '16781');
INSERT INTO creature (`spawnID`, `map`, `spawnMask`, `modelid`, `equipment_id`, `position_x`, `position_y`, `position_z`, `orientation`, `spawntimesecs`, `spawndist`, `currentwaypoint`, `curhealth`, `curmana`, `MovementType`, `unit_flags`, `pool_id`, `patch_min`, `patch_max`) VALUES ('213104', '530', '1', '16447', '0', '-2500.29', '7532.45', '-0.97989', '2.51488', '300', '0', '0', '4050', '0', '0', '0', '0', '0', '10');
INSERT INTO game_event_creature (`event`, `guid`) VALUES ('1', '213104');
INSERT INTO creature_entry (`spawnID`, `entry`) VALUES ('213103', '16781');
-- Has LK modelid 16412 already in creature template, set to 0.
INSERT INTO creature (`spawnID`, `map`, `spawnMask`, `modelid`, `equipment_id`, `position_x`, `position_y`, `position_z`, `orientation`, `spawntimesecs`, `spawndist`, `currentwaypoint`, `curhealth`, `curmana`, `MovementType`, `unit_flags`, `pool_id`, `patch_min`, `patch_max`) VALUES ('213103', '530', '1', NULL, '0', '-2504.03', '7528.3', '-0.64438', '0.776008', '300', '0', '0', '1782', '0', '0', '0', '0', '0', '10');
INSERT INTO game_event_creature (`event`, `guid`) VALUES ('1', '213103');
INSERT INTO creature_entry (`spawnID`, `entry`) VALUES ('212850', '16781');
-- Has LK modelid 16412 already in creature template, set to 0.
INSERT INTO creature (`spawnID`, `map`, `spawnMask`, `modelid`, `equipment_id`, `position_x`, `position_y`, `position_z`, `orientation`, `spawntimesecs`, `spawndist`, `currentwaypoint`, `curhealth`, `curmana`, `MovementType`, `unit_flags`, `pool_id`, `patch_min`, `patch_max`) VALUES ('212850', '530', '1', NULL, '0', '3125.3', '3727.87', '142.621', '5.58132', '300', '0', '0', '3237', '0', '0', '0', '0', '0', '10');
INSERT INTO game_event_creature (`event`, `guid`) VALUES ('1', '212850');
INSERT INTO creature_entry (`spawnID`, `entry`) VALUES ('212849', '16781');
INSERT INTO creature (`spawnID`, `map`, `spawnMask`, `modelid`, `equipment_id`, `position_x`, `position_y`, `position_z`, `orientation`, `spawntimesecs`, `spawndist`, `currentwaypoint`, `curhealth`, `curmana`, `MovementType`, `unit_flags`, `pool_id`, `patch_min`, `patch_max`) VALUES ('212849', '530', '1', '16447', '0', '3120.66', '3721', '145.281', '2.74995', '300', '0', '0', '1990', '0', '0', '0', '0', '0', '10');
INSERT INTO game_event_creature (`event`, `guid`) VALUES ('1', '212849');
INSERT INTO creature_entry (`spawnID`, `entry`) VALUES ('94723', '16781');
INSERT INTO creature (`spawnID`, `map`, `spawnMask`, `modelid`, `equipment_id`, `position_x`, `position_y`, `position_z`, `orientation`, `spawntimesecs`, `spawndist`, `currentwaypoint`, `curhealth`, `curmana`, `MovementType`, `unit_flags`, `pool_id`, `patch_min`, `patch_max`) VALUES ('94723', '1', '1', '16438', '0', '-2333.01', '-607.47', '-8.5825', '4.26458', '300', '0', '0', '3427', '0', '0', '0', '0', '0', '10');
INSERT INTO game_event_creature (`event`, `guid`) VALUES ('1', '94723');
INSERT INTO creature_entry (`spawnID`, `entry`) VALUES ('212848', '16781');
INSERT INTO creature (`spawnID`, `map`, `spawnMask`, `modelid`, `equipment_id`, `position_x`, `position_y`, `position_z`, `orientation`, `spawntimesecs`, `spawndist`, `currentwaypoint`, `curhealth`, `curmana`, `MovementType`, `unit_flags`, `pool_id`, `patch_min`, `patch_max`) VALUES ('212848', '530', '1', '16435', '0', '3115.55', '3726.49', '145.316', '4.10869', '300', '0', '0', '2961', '0', '0', '0', '0', '0', '10');
INSERT INTO game_event_creature (`event`, `guid`) VALUES ('1', '212848');
INSERT INTO creature_entry (`spawnID`, `entry`) VALUES ('212847', '16781');
INSERT INTO creature (`spawnID`, `map`, `spawnMask`, `modelid`, `equipment_id`, `position_x`, `position_y`, `position_z`, `orientation`, `spawntimesecs`, `spawndist`, `currentwaypoint`, `curhealth`, `curmana`, `MovementType`, `unit_flags`, `pool_id`, `patch_min`, `patch_max`) VALUES ('212847', '530', '1', '21084', '0', '3105.5', '3720.48', '144.815', '0.250816', '300', '0', '0', '4050', '0', '0', '0', '0', '0', '10');
INSERT INTO game_event_creature (`event`, `guid`) VALUES ('1', '212847');
INSERT INTO creature_entry (`spawnID`, `entry`) VALUES ('212602', '16781');
INSERT INTO creature (`spawnID`, `map`, `spawnMask`, `modelid`, `equipment_id`, `position_x`, `position_y`, `position_z`, `orientation`, `spawntimesecs`, `spawndist`, `currentwaypoint`, `curhealth`, `curmana`, `MovementType`, `unit_flags`, `pool_id`, `patch_min`, `patch_max`) VALUES ('212602', '530', '1', '16448', '0', '-4194.72', '-12303.8', '0.665216', '3.58718', '300', '0', '0', '3624', '0', '0', '0', '0', '0', '10');
INSERT INTO game_event_creature (`event`, `guid`) VALUES ('1', '212602');
INSERT INTO creature_entry (`spawnID`, `entry`) VALUES ('212601', '16781');
INSERT INTO creature (`spawnID`, `map`, `spawnMask`, `modelid`, `equipment_id`, `position_x`, `position_y`, `position_z`, `orientation`, `spawntimesecs`, `spawndist`, `currentwaypoint`, `curhealth`, `curmana`, `MovementType`, `unit_flags`, `pool_id`, `patch_min`, `patch_max`) VALUES ('212601', '530', '1', '16433', '0', '-4204.16', '-12316.3', '1.96402', '4.73543', '300', '0', '0', '3144', '0', '0', '0', '0', '0', '10');
INSERT INTO game_event_creature (`event`, `guid`) VALUES ('1', '212601');
INSERT INTO creature_entry (`spawnID`, `entry`) VALUES ('212600', '16781');
INSERT INTO creature (`spawnID`, `map`, `spawnMask`, `modelid`, `equipment_id`, `position_x`, `position_y`, `position_z`, `orientation`, `spawntimesecs`, `spawndist`, `currentwaypoint`, `curhealth`, `curmana`, `MovementType`, `unit_flags`, `pool_id`, `patch_min`, `patch_max`) VALUES ('212600', '530', '1', '21084', '0', '-4204.2', '-12322.9', '2.18588', '1.49174', '300', '0', '0', '3834', '0', '0', '0', '0', '0', '10');
INSERT INTO game_event_creature (`event`, `guid`) VALUES ('1', '212600');
INSERT INTO creature_entry (`spawnID`, `entry`) VALUES ('212599', '16781');
-- Has LK modelid 16412 already in creature template, set to 0.
INSERT INTO creature (`spawnID`, `map`, `spawnMask`, `modelid`, `equipment_id`, `position_x`, `position_y`, `position_z`, `orientation`, `spawntimesecs`, `spawndist`, `currentwaypoint`, `curhealth`, `curmana`, `MovementType`, `unit_flags`, `pool_id`, `patch_min`, `patch_max`) VALUES ('212599', '530', '1', NULL, '0', '-4205.15', '-12284.2', '2.51655', '4.81948', '300', '0', '0', '1585', '0', '0', '0', '0', '0', '10');
INSERT INTO game_event_creature (`event`, `guid`) VALUES ('1', '212599');
INSERT INTO creature_entry (`spawnID`, `entry`) VALUES ('94724', '16781');
INSERT INTO creature (`spawnID`, `map`, `spawnMask`, `modelid`, `equipment_id`, `position_x`, `position_y`, `position_z`, `orientation`, `spawntimesecs`, `spawndist`, `currentwaypoint`, `curhealth`, `curmana`, `MovementType`, `unit_flags`, `pool_id`, `patch_min`, `patch_max`) VALUES ('94724', '1', '1', '16438', '0', '-2336.28', '-611.022', '-8.02869', '1.1973', '300', '0', '0', '2138', '0', '0', '0', '0', '0', '10');
INSERT INTO game_event_creature (`event`, `guid`) VALUES ('1', '94724');
INSERT INTO creature_entry (`spawnID`, `entry`) VALUES ('94698', '16781');
INSERT INTO creature (`spawnID`, `map`, `spawnMask`, `modelid`, `equipment_id`, `position_x`, `position_y`, `position_z`, `orientation`, `spawntimesecs`, `spawndist`, `currentwaypoint`, `curhealth`, `curmana`, `MovementType`, `unit_flags`, `pool_id`, `patch_min`, `patch_max`) VALUES ('94698', '1', '1', '16445', '0', '-2336.15', '-605.978', '-8.47793', '5.03898', '300', '0', '0', '3834', '0', '0', '0', '0', '0', '10');
INSERT INTO game_event_creature (`event`, `guid`) VALUES ('1', '94698');
INSERT INTO creature_entry (`spawnID`, `entry`) VALUES ('202741', '16781');
INSERT INTO creature (`spawnID`, `map`, `spawnMask`, `modelid`, `equipment_id`, `position_x`, `position_y`, `position_z`, `orientation`, `spawntimesecs`, `spawndist`, `currentwaypoint`, `curhealth`, `curmana`, `MovementType`, `unit_flags`, `pool_id`, `patch_min`, `patch_max`) VALUES ('202741', '530', '1', NULL, '0', '9371.48', '-6786.65', '14.438', '0', '120', '0', '0', '1', '0', '0', '0', '0', '0', '10');
INSERT INTO game_event_creature (`event`, `guid`) VALUES ('1', '202741');
INSERT INTO creature_entry (`spawnID`, `entry`) VALUES ('202742', '16781');
INSERT INTO creature (`spawnID`, `map`, `spawnMask`, `modelid`, `equipment_id`, `position_x`, `position_y`, `position_z`, `orientation`, `spawntimesecs`, `spawndist`, `currentwaypoint`, `curhealth`, `curmana`, `MovementType`, `unit_flags`, `pool_id`, `patch_min`, `patch_max`) VALUES ('202742', '530', '1', NULL, '0', '9374.86', '-6787.51', '14.522', '0', '120', '0', '0', '1', '0', '0', '0', '0', '0', '10');
INSERT INTO game_event_creature (`event`, `guid`) VALUES ('1', '202742');
INSERT INTO creature_entry (`spawnID`, `entry`) VALUES ('202743', '16781');
INSERT INTO creature (`spawnID`, `map`, `spawnMask`, `modelid`, `equipment_id`, `position_x`, `position_y`, `position_z`, `orientation`, `spawntimesecs`, `spawndist`, `currentwaypoint`, `curhealth`, `curmana`, `MovementType`, `unit_flags`, `pool_id`, `patch_min`, `patch_max`) VALUES ('202743', '530', '1', NULL, '0', '9384.72', '-6786.87', '14.206', '0', '120', '0', '0', '1', '0', '0', '0', '0', '0', '10');
INSERT INTO game_event_creature (`event`, `guid`) VALUES ('1', '202743');
INSERT INTO creature_entry (`spawnID`, `entry`) VALUES ('202744', '16781');
INSERT INTO creature (`spawnID`, `map`, `spawnMask`, `modelid`, `equipment_id`, `position_x`, `position_y`, `position_z`, `orientation`, `spawntimesecs`, `spawndist`, `currentwaypoint`, `curhealth`, `curmana`, `MovementType`, `unit_flags`, `pool_id`, `patch_min`, `patch_max`) VALUES ('202744', '530', '1', NULL, '0', '9388.75', '-6788', '14.106', '0', '120', '0', '0', '1', '0', '0', '0', '0', '0', '10');
INSERT INTO game_event_creature (`event`, `guid`) VALUES ('1', '202744');
INSERT INTO creature_entry (`spawnID`, `entry`) VALUES ('202746', '16781');
INSERT INTO creature (`spawnID`, `map`, `spawnMask`, `modelid`, `equipment_id`, `position_x`, `position_y`, `position_z`, `orientation`, `spawntimesecs`, `spawndist`, `currentwaypoint`, `curhealth`, `curmana`, `MovementType`, `unit_flags`, `pool_id`, `patch_min`, `patch_max`) VALUES ('202746', '530', '1', '21085', '0', '9793.19', '-7259.97', '26.315', '0', '120', '0', '0', '1', '0', '0', '0', '0', '0', '10');
INSERT INTO game_event_creature (`event`, `guid`) VALUES ('1', '202746');
INSERT INTO creature_entry (`spawnID`, `entry`) VALUES ('202747', '16781');
INSERT INTO creature (`spawnID`, `map`, `spawnMask`, `modelid`, `equipment_id`, `position_x`, `position_y`, `position_z`, `orientation`, `spawntimesecs`, `spawndist`, `currentwaypoint`, `curhealth`, `curmana`, `MovementType`, `unit_flags`, `pool_id`, `patch_min`, `patch_max`) VALUES ('202747', '530', '1', NULL, '0', '9796.87', '-7261.26', '26.352', '0', '120', '0', '0', '1', '0', '0', '0', '0', '0', '10');
INSERT INTO game_event_creature (`event`, `guid`) VALUES ('1', '202747');
INSERT INTO creature_entry (`spawnID`, `entry`) VALUES ('202748', '16781');
INSERT INTO creature (`spawnID`, `map`, `spawnMask`, `modelid`, `equipment_id`, `position_x`, `position_y`, `position_z`, `orientation`, `spawntimesecs`, `spawndist`, `currentwaypoint`, `curhealth`, `curmana`, `MovementType`, `unit_flags`, `pool_id`, `patch_min`, `patch_max`) VALUES ('202748', '530', '1', '16436', '0', '9797.41', '-7244.81', '26.148', '0', '120', '0', '0', '1', '0', '0', '0', '0', '0', '10');
INSERT INTO game_event_creature (`event`, `guid`) VALUES ('1', '202748');
INSERT INTO creature_entry (`spawnID`, `entry`) VALUES ('202749', '16781');
INSERT INTO creature (`spawnID`, `map`, `spawnMask`, `modelid`, `equipment_id`, `position_x`, `position_y`, `position_z`, `orientation`, `spawntimesecs`, `spawndist`, `currentwaypoint`, `curhealth`, `curmana`, `MovementType`, `unit_flags`, `pool_id`, `patch_min`, `patch_max`) VALUES ('202749', '530', '1', '21086', '0', '9800.87', '-7248.8', '26.215', '0', '120', '0', '0', '1', '0', '0', '0', '0', '0', '10');
INSERT INTO game_event_creature (`event`, `guid`) VALUES ('1', '202749');
INSERT INTO creature_entry (`spawnID`, `entry`) VALUES ('202752', '16781');
INSERT INTO creature (`spawnID`, `map`, `spawnMask`, `modelid`, `equipment_id`, `position_x`, `position_y`, `position_z`, `orientation`, `spawntimesecs`, `spawndist`, `currentwaypoint`, `curhealth`, `curmana`, `MovementType`, `unit_flags`, `pool_id`, `patch_min`, `patch_max`) VALUES ('202752', '530', '1', NULL, '0', '7670.5', '-6830.04', '78.694', '0', '120', '0', '0', '1', '0', '0', '0', '0', '0', '10');
INSERT INTO game_event_creature (`event`, `guid`) VALUES ('1', '202752');
INSERT INTO creature_entry (`spawnID`, `entry`) VALUES ('202753', '16781');
INSERT INTO creature (`spawnID`, `map`, `spawnMask`, `modelid`, `equipment_id`, `position_x`, `position_y`, `position_z`, `orientation`, `spawntimesecs`, `spawndist`, `currentwaypoint`, `curhealth`, `curmana`, `MovementType`, `unit_flags`, `pool_id`, `patch_min`, `patch_max`) VALUES ('202753', '530', '1', NULL, '0', '7674.28', '-6840.68', '79.92', '0', '120', '0', '0', '1', '0', '0', '0', '0', '0', '10');
INSERT INTO game_event_creature (`event`, `guid`) VALUES ('1', '202753');
INSERT INTO creature_entry (`spawnID`, `entry`) VALUES ('202754', '16781');
INSERT INTO creature (`spawnID`, `map`, `spawnMask`, `modelid`, `equipment_id`, `position_x`, `position_y`, `position_z`, `orientation`, `spawntimesecs`, `spawndist`, `currentwaypoint`, `curhealth`, `curmana`, `MovementType`, `unit_flags`, `pool_id`, `patch_min`, `patch_max`) VALUES ('202754', '530', '1', NULL, '0', '7674.88', '-6831.93', '78.884', '0', '120', '0', '0', '1', '0', '0', '0', '0', '0', '10');
INSERT INTO game_event_creature (`event`, `guid`) VALUES ('1', '202754');
INSERT INTO creature_entry (`spawnID`, `entry`) VALUES ('202755', '16781');
INSERT INTO creature (`spawnID`, `map`, `spawnMask`, `modelid`, `equipment_id`, `position_x`, `position_y`, `position_z`, `orientation`, `spawntimesecs`, `spawndist`, `currentwaypoint`, `curhealth`, `curmana`, `MovementType`, `unit_flags`, `pool_id`, `patch_min`, `patch_max`) VALUES ('202755', '530', '1', NULL, '0', '7678.85', '-6843.01', '79.78', '0', '120', '0', '0', '1', '0', '0', '0', '0', '0', '10');
INSERT INTO game_event_creature (`event`, `guid`) VALUES ('1', '202755');
INSERT INTO creature_entry (`spawnID`, `entry`) VALUES ('202759', '16781');
INSERT INTO creature (`spawnID`, `map`, `spawnMask`, `modelid`, `equipment_id`, `position_x`, `position_y`, `position_z`, `orientation`, `spawntimesecs`, `spawndist`, `currentwaypoint`, `curhealth`, `curmana`, `MovementType`, `unit_flags`, `pool_id`, `patch_min`, `patch_max`) VALUES ('202759', '0', '1', NULL, '0', '2278.23', '439.366', '34.141', '0', '120', '0', '0', '1', '0', '0', '0', '0', '0', '10');
INSERT INTO game_event_creature (`event`, `guid`) VALUES ('1', '202759');
INSERT INTO creature_entry (`spawnID`, `entry`) VALUES ('202760', '16781');
INSERT INTO creature (`spawnID`, `map`, `spawnMask`, `modelid`, `equipment_id`, `position_x`, `position_y`, `position_z`, `orientation`, `spawntimesecs`, `spawndist`, `currentwaypoint`, `curhealth`, `curmana`, `MovementType`, `unit_flags`, `pool_id`, `patch_min`, `patch_max`) VALUES ('202760', '0', '1', NULL, '0', '2279.18', '435.57', '34.176', '0', '120', '0', '0', '1', '0', '0', '0', '0', '0', '10');
INSERT INTO game_event_creature (`event`, `guid`) VALUES ('1', '202760');
INSERT INTO creature_entry (`spawnID`, `entry`) VALUES ('202761', '16781');
INSERT INTO creature (`spawnID`, `map`, `spawnMask`, `modelid`, `equipment_id`, `position_x`, `position_y`, `position_z`, `orientation`, `spawntimesecs`, `spawndist`, `currentwaypoint`, `curhealth`, `curmana`, `MovementType`, `unit_flags`, `pool_id`, `patch_min`, `patch_max`) VALUES ('202761', '0', '1', NULL, '0', '2289.64', '428.393', '34.879', '0', '120', '0', '0', '1', '0', '0', '0', '0', '0', '10');
INSERT INTO game_event_creature (`event`, `guid`) VALUES ('1', '202761');
INSERT INTO creature_entry (`spawnID`, `entry`) VALUES ('202762', '16781');
INSERT INTO creature (`spawnID`, `map`, `spawnMask`, `modelid`, `equipment_id`, `position_x`, `position_y`, `position_z`, `orientation`, `spawntimesecs`, `spawndist`, `currentwaypoint`, `curhealth`, `curmana`, `MovementType`, `unit_flags`, `pool_id`, `patch_min`, `patch_max`) VALUES ('202762', '0', '1', NULL, '0', '2291.09', '432.024', '35.478', '0', '120', '0', '0', '1', '0', '0', '0', '0', '0', '10');
INSERT INTO game_event_creature (`event`, `guid`) VALUES ('1', '202762');
INSERT INTO creature_entry (`spawnID`, `entry`) VALUES ('202764', '16781');
INSERT INTO creature (`spawnID`, `map`, `spawnMask`, `modelid`, `equipment_id`, `position_x`, `position_y`, `position_z`, `orientation`, `spawntimesecs`, `spawndist`, `currentwaypoint`, `curhealth`, `curmana`, `MovementType`, `unit_flags`, `pool_id`, `patch_min`, `patch_max`) VALUES ('202764', '530', '1', NULL, '0', '-3790.32', '-11510.5', '-134.645', '0', '120', '0', '0', '1', '0', '0', '0', '0', '0', '10');
INSERT INTO game_event_creature (`event`, `guid`) VALUES ('1', '202764');
INSERT INTO creature_entry (`spawnID`, `entry`) VALUES ('202765', '16781');
INSERT INTO creature (`spawnID`, `map`, `spawnMask`, `modelid`, `equipment_id`, `position_x`, `position_y`, `position_z`, `orientation`, `spawntimesecs`, `spawndist`, `currentwaypoint`, `curhealth`, `curmana`, `MovementType`, `unit_flags`, `pool_id`, `patch_min`, `patch_max`) VALUES ('202765', '530', '1', '21084', '0', '-3795.79', '-11510.4', '-134.709', '0', '120', '0', '0', '1', '0', '0', '0', '0', '0', '10');
INSERT INTO game_event_creature (`event`, `guid`) VALUES ('1', '202765');
INSERT INTO creature_entry (`spawnID`, `entry`) VALUES ('202766', '16781');
INSERT INTO creature (`spawnID`, `map`, `spawnMask`, `modelid`, `equipment_id`, `position_x`, `position_y`, `position_z`, `orientation`, `spawntimesecs`, `spawndist`, `currentwaypoint`, `curhealth`, `curmana`, `MovementType`, `unit_flags`, `pool_id`, `patch_min`, `patch_max`) VALUES ('202766', '530', '1', NULL, '0', '-3814.24', '-11505.8', '-138.451', '0', '120', '0', '0', '1', '0', '0', '0', '0', '0', '10');
INSERT INTO game_event_creature (`event`, `guid`) VALUES ('1', '202766');
INSERT INTO creature_entry (`spawnID`, `entry`) VALUES ('202767', '16781');
INSERT INTO creature (`spawnID`, `map`, `spawnMask`, `modelid`, `equipment_id`, `position_x`, `position_y`, `position_z`, `orientation`, `spawntimesecs`, `spawndist`, `currentwaypoint`, `curhealth`, `curmana`, `MovementType`, `unit_flags`, `pool_id`, `patch_min`, `patch_max`) VALUES ('202767', '530', '1', NULL, '0', '-3815.92', '-11510.3', '-138.488', '0', '120', '0', '0', '1', '0', '0', '0', '0', '0', '10');
INSERT INTO game_event_creature (`event`, `guid`) VALUES ('1', '202767');
INSERT INTO creature_entry (`spawnID`, `entry`) VALUES ('210411', '16781');
INSERT INTO creature (`spawnID`, `map`, `spawnMask`, `modelid`, `equipment_id`, `position_x`, `position_y`, `position_z`, `orientation`, `spawntimesecs`, `spawndist`, `currentwaypoint`, `curhealth`, `curmana`, `MovementType`, `unit_flags`, `pool_id`, `patch_min`, `patch_max`) VALUES ('210411', '571', '1', '16438', '0', '4464.65', '5615.53', '56.9756', '0.761036', '300', '0', '0', '3427', '0', '0', '0', '0', '5', '10');
INSERT INTO game_event_creature (`event`, `guid`) VALUES ('1', '210411');
INSERT INTO creature_entry (`spawnID`, `entry`) VALUES ('211541', '16781');
INSERT INTO creature (`spawnID`, `map`, `spawnMask`, `modelid`, `equipment_id`, `position_x`, `position_y`, `position_z`, `orientation`, `spawntimesecs`, `spawndist`, `currentwaypoint`, `curhealth`, `curmana`, `MovementType`, `unit_flags`, `pool_id`, `patch_min`, `patch_max`) VALUES ('211541', '571', '1', '16438', '0', '5520.46', '-724.236', '148.091', '0.741081', '300', '0', '0', '3427', '0', '0', '0', '0', '5', '10');
INSERT INTO game_event_creature (`event`, `guid`) VALUES ('1', '211541');
INSERT INTO creature_entry (`spawnID`, `entry`) VALUES ('211540', '16781');
INSERT INTO creature (`spawnID`, `map`, `spawnMask`, `modelid`, `equipment_id`, `position_x`, `position_y`, `position_z`, `orientation`, `spawntimesecs`, `spawndist`, `currentwaypoint`, `curhealth`, `curmana`, `MovementType`, `unit_flags`, `pool_id`, `patch_min`, `patch_max`) VALUES ('211540', '571', '1', '16446', '0', '5523.19', '-720.827', '148.211', '5.25948', '300', '0', '0', '2961', '0', '0', '0', '0', '5', '10');
INSERT INTO game_event_creature (`event`, `guid`) VALUES ('1', '211540');
INSERT INTO creature_entry (`spawnID`, `entry`) VALUES ('94696', '16781');
INSERT INTO creature (`spawnID`, `map`, `spawnMask`, `modelid`, `equipment_id`, `position_x`, `position_y`, `position_z`, `orientation`, `spawntimesecs`, `spawndist`, `currentwaypoint`, `curhealth`, `curmana`, `MovementType`, `unit_flags`, `pool_id`, `patch_min`, `patch_max`) VALUES ('94696', '1', '1', '16446', '0', '-2336.91', '-619.347', '-7.48957', '1.3426', '300', '0', '0', '3942', '0', '0', '0', '0', '0', '10');
INSERT INTO game_event_creature (`event`, `guid`) VALUES ('1', '94696');
INSERT INTO creature_entry (`spawnID`, `entry`) VALUES ('209666', '16781');
INSERT INTO creature (`spawnID`, `map`, `spawnMask`, `modelid`, `equipment_id`, `position_x`, `position_y`, `position_z`, `orientation`, `spawntimesecs`, `spawndist`, `currentwaypoint`, `curhealth`, `curmana`, `MovementType`, `unit_flags`, `pool_id`, `patch_min`, `patch_max`) VALUES ('209666', '530', '1', '16444', '0', '2269.74', '6134.05', '137.055', '6.04866', '300', '0', '0', '2699', '0', '0', '0', '0', '0', '10');
INSERT INTO game_event_creature (`event`, `guid`) VALUES ('1', '209666');
INSERT INTO creature_entry (`spawnID`, `entry`) VALUES ('94518', '16781');
INSERT INTO creature (`spawnID`, `map`, `spawnMask`, `modelid`, `equipment_id`, `position_x`, `position_y`, `position_z`, `orientation`, `spawntimesecs`, `spawndist`, `currentwaypoint`, `curhealth`, `curmana`, `MovementType`, `unit_flags`, `pool_id`, `patch_min`, `patch_max`) VALUES ('94518', '530', '1', '21085', '0', '-3061.44', '2392.12', '62.0978', '0.0381287', '300', '0', '0', '3834', '0', '0', '0', '0', '0', '10');
INSERT INTO game_event_creature (`event`, `guid`) VALUES ('1', '94518');
INSERT INTO creature_entry (`spawnID`, `entry`) VALUES ('94656', '16781');
INSERT INTO creature (`spawnID`, `map`, `spawnMask`, `modelid`, `equipment_id`, `position_x`, `position_y`, `position_z`, `orientation`, `spawntimesecs`, `spawndist`, `currentwaypoint`, `curhealth`, `curmana`, `MovementType`, `unit_flags`, `pool_id`, `patch_min`, `patch_max`) VALUES ('94656', '530', '1', '16438', '0', '-3058.96', '2387.94', '62.7011', '1.21073', '300', '0', '0', '2292', '0', '0', '0', '0', '0', '10');
INSERT INTO game_event_creature (`event`, `guid`) VALUES ('1', '94656');
INSERT INTO creature_entry (`spawnID`, `entry`) VALUES ('94694', '16781');
INSERT INTO creature (`spawnID`, `map`, `spawnMask`, `modelid`, `equipment_id`, `position_x`, `position_y`, `position_z`, `orientation`, `spawntimesecs`, `spawndist`, `currentwaypoint`, `curhealth`, `curmana`, `MovementType`, `unit_flags`, `pool_id`, `patch_min`, `patch_max`) VALUES ('94694', '530', '1', '16443', '0', '-3055.48', '2394.64', '61.4168', '3.79155', '300', '0', '0', '1716', '0', '0', '0', '0', '0', '10');
INSERT INTO game_event_creature (`event`, `guid`) VALUES ('1', '94694');
INSERT INTO creature_entry (`spawnID`, `entry`) VALUES ('11001', '16781');
-- Has LK modelid 16432 already in creature template, set to 0.
INSERT INTO creature (`spawnID`, `map`, `spawnMask`, `modelid`, `equipment_id`, `position_x`, `position_y`, `position_z`, `orientation`, `spawntimesecs`, `spawndist`, `currentwaypoint`, `curhealth`, `curmana`, `MovementType`, `unit_flags`, `pool_id`, `patch_min`, `patch_max`) VALUES ('11001', '530', '1', NULL, '0', '-3047.02', '2383.16', '62.5462', '2.35427', '300', '0', '0', '3427', '0', '0', '0', '0', '0', '10');
INSERT INTO game_event_creature (`event`, `guid`) VALUES ('1', '11001');
INSERT INTO creature_entry (`spawnID`, `entry`) VALUES ('209667', '16781');
INSERT INTO creature (`spawnID`, `map`, `spawnMask`, `modelid`, `equipment_id`, `position_x`, `position_y`, `position_z`, `orientation`, `spawntimesecs`, `spawndist`, `currentwaypoint`, `curhealth`, `curmana`, `MovementType`, `unit_flags`, `pool_id`, `patch_min`, `patch_max`) VALUES ('209667', '530', '1', '16442', '0', '2271.41', '6128.35', '137.214', '0.679679', '300', '0', '0', '1990', '0', '0', '0', '0', '0', '10');
INSERT INTO game_event_creature (`event`, `guid`) VALUES ('1', '209667');
INSERT INTO creature_entry (`spawnID`, `entry`) VALUES ('209668', '16781');
INSERT INTO creature (`spawnID`, `map`, `spawnMask`, `modelid`, `equipment_id`, `position_x`, `position_y`, `position_z`, `orientation`, `spawntimesecs`, `spawndist`, `currentwaypoint`, `curhealth`, `curmana`, `MovementType`, `unit_flags`, `pool_id`, `patch_min`, `patch_max`) VALUES ('209668', '530', '1', '21085', '0', '2271.34', '6158.77', '138.457', '0.683606', '300', '0', '0', '2371', '0', '0', '0', '0', '0', '10');
INSERT INTO game_event_creature (`event`, `guid`) VALUES ('1', '209668');
INSERT INTO creature_entry (`spawnID`, `entry`) VALUES ('209669', '16781');
INSERT INTO creature (`spawnID`, `map`, `spawnMask`, `modelid`, `equipment_id`, `position_x`, `position_y`, `position_z`, `orientation`, `spawntimesecs`, `spawndist`, `currentwaypoint`, `curhealth`, `curmana`, `MovementType`, `unit_flags`, `pool_id`, `patch_min`, `patch_max`) VALUES ('209669', '530', '1', '16436', '0', '2300.8', '6167.7', '136.322', '5.55072', '300', '0', '0', '1651', '0', '0', '0', '0', '0', '10');
INSERT INTO game_event_creature (`event`, `guid`) VALUES ('1', '209669');
INSERT INTO creature_entry (`spawnID`, `entry`) VALUES ('209670', '16781');
INSERT INTO creature (`spawnID`, `map`, `spawnMask`, `modelid`, `equipment_id`, `position_x`, `position_y`, `position_z`, `orientation`, `spawntimesecs`, `spawndist`, `currentwaypoint`, `curhealth`, `curmana`, `MovementType`, `unit_flags`, `pool_id`, `patch_min`, `patch_max`) VALUES ('209670', '530', '1', '21086', '0', '2304.68', '6161.6', '134.924', '1.72976', '300', '0', '0', '2062', '0', '0', '0', '0', '0', '10');
INSERT INTO game_event_creature (`event`, `guid`) VALUES ('1', '209670');
INSERT INTO creature_entry (`spawnID`, `entry`) VALUES ('209926', '16781');
-- Has LK modelid 16432 already in creature template, set to 0.
INSERT INTO creature (`spawnID`, `map`, `spawnMask`, `modelid`, `equipment_id`, `position_x`, `position_y`, `position_z`, `orientation`, `spawntimesecs`, `spawndist`, `currentwaypoint`, `curhealth`, `curmana`, `MovementType`, `unit_flags`, `pool_id`, `patch_min`, `patch_max`) VALUES ('209926', '530', '1', NULL, '0', '2933.41', '3708.45', '144.048', '5.94399', '300', '0', '0', '3624', '0', '0', '0', '0', '0', '10');
INSERT INTO game_event_creature (`event`, `guid`) VALUES ('1', '209926');
INSERT INTO creature_entry (`spawnID`, `entry`) VALUES ('209927', '16781');
-- Has LK modelid 16431 already in creature template, set to 0.
INSERT INTO creature (`spawnID`, `map`, `spawnMask`, `modelid`, `equipment_id`, `position_x`, `position_y`, `position_z`, `orientation`, `spawntimesecs`, `spawndist`, `currentwaypoint`, `curhealth`, `curmana`, `MovementType`, `unit_flags`, `pool_id`, `patch_min`, `patch_max`) VALUES ('209927', '530', '1', NULL, '0', '2935.32', '3705.25', '143.374', '1.8505', '300', '0', '0', '2371', '0', '0', '0', '0', '0', '10');
INSERT INTO game_event_creature (`event`, `guid`) VALUES ('1', '209927');
INSERT INTO creature_entry (`spawnID`, `entry`) VALUES ('209928', '16781');
INSERT INTO creature (`spawnID`, `map`, `spawnMask`, `modelid`, `equipment_id`, `position_x`, `position_y`, `position_z`, `orientation`, `spawntimesecs`, `spawndist`, `currentwaypoint`, `curhealth`, `curmana`, `MovementType`, `unit_flags`, `pool_id`, `patch_min`, `patch_max`) VALUES ('209928', '530', '1', '16442', '0', '2917.5', '3683.52', '144.197', '0.0558533', '300', '0', '0', '1524', '0', '0', '0', '0', '0', '10');
INSERT INTO game_event_creature (`event`, `guid`) VALUES ('1', '209928');
INSERT INTO creature_entry (`spawnID`, `entry`) VALUES ('209929', '16781');
INSERT INTO creature (`spawnID`, `map`, `spawnMask`, `modelid`, `equipment_id`, `position_x`, `position_y`, `position_z`, `orientation`, `spawntimesecs`, `spawndist`, `currentwaypoint`, `curhealth`, `curmana`, `MovementType`, `unit_flags`, `pool_id`, `patch_min`, `patch_max`) VALUES ('209929', '530', '1', '16436', '0', '2922.56', '3684.94', '143.823', '3.96478', '300', '0', '0', '3624', '0', '0', '0', '0', '0', '10');
INSERT INTO game_event_creature (`event`, `guid`) VALUES ('1', '209929');
INSERT INTO creature_entry (`spawnID`, `entry`) VALUES ('210412', '16781');
INSERT INTO creature (`spawnID`, `map`, `spawnMask`, `modelid`, `equipment_id`, `position_x`, `position_y`, `position_z`, `orientation`, `spawntimesecs`, `spawndist`, `currentwaypoint`, `curhealth`, `curmana`, `MovementType`, `unit_flags`, `pool_id`, `patch_min`, `patch_max`) VALUES ('210412', '571', '1', '16443', '0', '4463.64', '5619.44', '57.2937', '0.348702', '300', '0', '0', '3237', '0', '0', '0', '0', '5', '10');
INSERT INTO game_event_creature (`event`, `guid`) VALUES ('1', '210412');
INSERT INTO creature_entry (`spawnID`, `entry`) VALUES ('210413', '16781');
-- Has LK modelid 16432 already in creature template, set to 0.
INSERT INTO creature (`spawnID`, `map`, `spawnMask`, `modelid`, `equipment_id`, `position_x`, `position_y`, `position_z`, `orientation`, `spawntimesecs`, `spawndist`, `currentwaypoint`, `curhealth`, `curmana`, `MovementType`, `unit_flags`, `pool_id`, `patch_min`, `patch_max`) VALUES ('210413', '571', '1', NULL, '0', '4468.31', '5631.88', '59.2365', '4.61106', '300', '0', '0', '2292', '0', '0', '0', '0', '5', '10');
INSERT INTO game_event_creature (`event`, `guid`) VALUES ('1', '210413');
INSERT INTO creature_entry (`spawnID`, `entry`) VALUES ('210414', '16781');
INSERT INTO creature (`spawnID`, `map`, `spawnMask`, `modelid`, `equipment_id`, `position_x`, `position_y`, `position_z`, `orientation`, `spawntimesecs`, `spawndist`, `currentwaypoint`, `curhealth`, `curmana`, `MovementType`, `unit_flags`, `pool_id`, `patch_min`, `patch_max`) VALUES ('210414', '571', '1', '16438', '0', '4431.68', '5629.68', '55.7222', '0.687992', '300', '0', '0', '3144', '0', '0', '0', '0', '5', '10');
INSERT INTO game_event_creature (`event`, `guid`) VALUES ('1', '210414');
INSERT INTO creature_entry (`spawnID`, `entry`) VALUES ('210415', '16781');
INSERT INTO creature (`spawnID`, `map`, `spawnMask`, `modelid`, `equipment_id`, `position_x`, `position_y`, `position_z`, `orientation`, `spawntimesecs`, `spawndist`, `currentwaypoint`, `curhealth`, `curmana`, `MovementType`, `unit_flags`, `pool_id`, `patch_min`, `patch_max`) VALUES ('210415', '571', '1', '16444', '0', '4437.48', '5636.46', '57.3127', '4.94564', '300', '0', '0', '3524', '0', '0', '0', '0', '5', '10');
INSERT INTO game_event_creature (`event`, `guid`) VALUES ('1', '210415');
INSERT INTO creature_entry (`spawnID`, `entry`) VALUES ('210426', '16781');
INSERT INTO creature (`spawnID`, `map`, `spawnMask`, `modelid`, `equipment_id`, `position_x`, `position_y`, `position_z`, `orientation`, `spawntimesecs`, `spawndist`, `currentwaypoint`, `curhealth`, `curmana`, `MovementType`, `unit_flags`, `pool_id`, `patch_min`, `patch_max`) VALUES ('210426', '571', '1', '16436', '0', '3769.56', '1489.51', '91.3562', '6.25787', '300', '0', '0', '3052', '0', '0', '0', '0', '5', '10');
INSERT INTO game_event_creature (`event`, `guid`) VALUES ('1', '210426');
INSERT INTO creature_entry (`spawnID`, `entry`) VALUES ('210427', '16781');
-- Has LK modelid 16432 already in creature template, set to 0.
INSERT INTO creature (`spawnID`, `map`, `spawnMask`, `modelid`, `equipment_id`, `position_x`, `position_y`, `position_z`, `orientation`, `spawntimesecs`, `spawndist`, `currentwaypoint`, `curhealth`, `curmana`, `MovementType`, `unit_flags`, `pool_id`, `patch_min`, `patch_max`) VALUES ('210427', '571', '1', NULL, '0', '3769.51', '1485.73', '92.0116', '0.944649', '300', '0', '0', '3728', '0', '0', '0', '0', '5', '10');
INSERT INTO game_event_creature (`event`, `guid`) VALUES ('1', '210427');
INSERT INTO creature_entry (`spawnID`, `entry`) VALUES ('210428', '16781');
INSERT INTO creature (`spawnID`, `map`, `spawnMask`, `modelid`, `equipment_id`, `position_x`, `position_y`, `position_z`, `orientation`, `spawntimesecs`, `spawndist`, `currentwaypoint`, `curhealth`, `curmana`, `MovementType`, `unit_flags`, `pool_id`, `patch_min`, `patch_max`) VALUES ('210428', '571', '1', '16443', '0', '3781.98', '1488.53', '90.6925', '3.65584', '300', '0', '0', '3524', '0', '0', '0', '0', '5', '10');
INSERT INTO game_event_creature (`event`, `guid`) VALUES ('1', '210428');
INSERT INTO creature_entry (`spawnID`, `entry`) VALUES ('210682', '16781');
INSERT INTO creature (`spawnID`, `map`, `spawnMask`, `modelid`, `equipment_id`, `position_x`, `position_y`, `position_z`, `orientation`, `spawntimesecs`, `spawndist`, `currentwaypoint`, `curhealth`, `curmana`, `MovementType`, `unit_flags`, `pool_id`, `patch_min`, `patch_max`) VALUES ('210682', '571', '1', '21086', '0', '3361.63', '-2146.48', '124.113', '6.12412', '300', '0', '0', '2453', '0', '0', '0', '0', '5', '10');
INSERT INTO game_event_creature (`event`, `guid`) VALUES ('1', '210682');
INSERT INTO creature_entry (`spawnID`, `entry`) VALUES ('210683', '16781');
INSERT INTO creature (`spawnID`, `map`, `spawnMask`, `modelid`, `equipment_id`, `position_x`, `position_y`, `position_z`, `orientation`, `spawntimesecs`, `spawndist`, `currentwaypoint`, `curhealth`, `curmana`, `MovementType`, `unit_flags`, `pool_id`, `patch_min`, `patch_max`) VALUES ('210683', '571', '1', '16442', '0', '3362.85', '-2143.59', '124.017', '5.52722', '300', '0', '0', '3331', '0', '0', '0', '0', '5', '10');
INSERT INTO game_event_creature (`event`, `guid`) VALUES ('1', '210683');
INSERT INTO creature_entry (`spawnID`, `entry`) VALUES ('210684', '16781');
INSERT INTO creature (`spawnID`, `map`, `spawnMask`, `modelid`, `equipment_id`, `position_x`, `position_y`, `position_z`, `orientation`, `spawntimesecs`, `spawndist`, `currentwaypoint`, `curhealth`, `curmana`, `MovementType`, `unit_flags`, `pool_id`, `patch_min`, `patch_max`) VALUES ('210684', '571', '1', '16445', '0', '3365.06', '-2149.12', '124.395', '2.17279', '300', '0', '0', '3331', '0', '0', '0', '0', '5', '10');
INSERT INTO game_event_creature (`event`, `guid`) VALUES ('1', '210684');
INSERT INTO creature_entry (`spawnID`, `entry`) VALUES ('210685', '16781');
INSERT INTO creature (`spawnID`, `map`, `spawnMask`, `modelid`, `equipment_id`, `position_x`, `position_y`, `position_z`, `orientation`, `spawntimesecs`, `spawndist`, `currentwaypoint`, `curhealth`, `curmana`, `MovementType`, `unit_flags`, `pool_id`, `patch_min`, `patch_max`) VALUES ('210685', '571', '1', '16438', '0', '3376.29', '-2142.8', '124.829', '3.63755', '300', '0', '0', '1919', '0', '0', '0', '0', '5', '10');
INSERT INTO game_event_creature (`event`, `guid`) VALUES ('1', '210685');
INSERT INTO creature_entry (`spawnID`, `entry`) VALUES ('210946', '16781');
INSERT INTO creature (`spawnID`, `map`, `spawnMask`, `modelid`, `equipment_id`, `position_x`, `position_y`, `position_z`, `orientation`, `spawntimesecs`, `spawndist`, `currentwaypoint`, `curhealth`, `curmana`, `MovementType`, `unit_flags`, `pool_id`, `patch_min`, `patch_max`) VALUES ('210946', '571', '1', '16436', '0', '2611.27', '-4353.51', '276.147', '2.90625', '300', '0', '0', '3942', '0', '0', '0', '0', '5', '10');
INSERT INTO game_event_creature (`event`, `guid`) VALUES ('1', '210946');
INSERT INTO creature_entry (`spawnID`, `entry`) VALUES ('210947', '16781');
INSERT INTO creature (`spawnID`, `map`, `spawnMask`, `modelid`, `equipment_id`, `position_x`, `position_y`, `position_z`, `orientation`, `spawntimesecs`, `spawndist`, `currentwaypoint`, `curhealth`, `curmana`, `MovementType`, `unit_flags`, `pool_id`, `patch_min`, `patch_max`) VALUES ('210947', '571', '1', '16442', '0', '2607.34', '-4349.77', '275.811', '4.8831', '300', '0', '0', '3427', '0', '0', '0', '0', '5', '10');
INSERT INTO game_event_creature (`event`, `guid`) VALUES ('1', '210947');
INSERT INTO creature_entry (`spawnID`, `entry`) VALUES ('210948', '16781');
-- Has LK modelid 16431 already in creature template, set to 0.
INSERT INTO creature (`spawnID`, `map`, `spawnMask`, `modelid`, `equipment_id`, `position_x`, `position_y`, `position_z`, `orientation`, `spawntimesecs`, `spawndist`, `currentwaypoint`, `curhealth`, `curmana`, `MovementType`, `unit_flags`, `pool_id`, `patch_min`, `patch_max`) VALUES ('210948', '571', '1', NULL, '0', '2591.12', '-4366.18', '275.385', '1.70773', '300', '0', '0', '2533', '0', '0', '0', '0', '5', '10');
INSERT INTO game_event_creature (`event`, `guid`) VALUES ('1', '210948');
INSERT INTO creature_entry (`spawnID`, `entry`) VALUES ('210949', '16781');
INSERT INTO creature (`spawnID`, `map`, `spawnMask`, `modelid`, `equipment_id`, `position_x`, `position_y`, `position_z`, `orientation`, `spawntimesecs`, `spawndist`, `currentwaypoint`, `curhealth`, `curmana`, `MovementType`, `unit_flags`, `pool_id`, `patch_min`, `patch_max`) VALUES ('210949', '571', '1', '16443', '0', '2589.82', '-4356.76', '275.862', '4.90509', '300', '0', '0', '1524', '0', '0', '0', '0', '5', '10');
INSERT INTO game_event_creature (`event`, `guid`) VALUES ('1', '210949');
INSERT INTO creature_entry (`spawnID`, `entry`) VALUES ('210950', '16781');
INSERT INTO creature (`spawnID`, `map`, `spawnMask`, `modelid`, `equipment_id`, `position_x`, `position_y`, `position_z`, `orientation`, `spawntimesecs`, `spawndist`, `currentwaypoint`, `curhealth`, `curmana`, `MovementType`, `unit_flags`, `pool_id`, `patch_min`, `patch_max`) VALUES ('210950', '571', '1', '21086', '0', '2582.78', '-4356.01', '276.146', '6.05884', '300', '0', '0', '2533', '0', '0', '0', '0', '5', '10');
INSERT INTO game_event_creature (`event`, `guid`) VALUES ('1', '210950');
INSERT INTO creature_entry (`spawnID`, `entry`) VALUES ('210983', '16781');
INSERT INTO creature (`spawnID`, `map`, `spawnMask`, `modelid`, `equipment_id`, `position_x`, `position_y`, `position_z`, `orientation`, `spawntimesecs`, `spawndist`, `currentwaypoint`, `curhealth`, `curmana`, `MovementType`, `unit_flags`, `pool_id`, `patch_min`, `patch_max`) VALUES ('210983', '571', '1', '16446', '0', '5271.7', '-2776.47', '292.419', '5.91363', '300', '0', '0', '2533', '0', '0', '0', '0', '5', '10');
INSERT INTO game_event_creature (`event`, `guid`) VALUES ('1', '210983');
INSERT INTO creature_entry (`spawnID`, `entry`) VALUES ('210984', '16781');
INSERT INTO creature (`spawnID`, `map`, `spawnMask`, `modelid`, `equipment_id`, `position_x`, `position_y`, `position_z`, `orientation`, `spawntimesecs`, `spawndist`, `currentwaypoint`, `curhealth`, `curmana`, `MovementType`, `unit_flags`, `pool_id`, `patch_min`, `patch_max`) VALUES ('210984', '571', '1', '16438', '0', '5271.27', '-2780.54', '292.419', '1.37088', '300', '0', '0', '1919', '0', '0', '0', '0', '5', '10');
INSERT INTO game_event_creature (`event`, `guid`) VALUES ('1', '210984');
INSERT INTO creature_entry (`spawnID`, `entry`) VALUES ('211256', '16781');
INSERT INTO creature (`spawnID`, `map`, `spawnMask`, `modelid`, `equipment_id`, `position_x`, `position_y`, `position_z`, `orientation`, `spawntimesecs`, `spawndist`, `currentwaypoint`, `curhealth`, `curmana`, `MovementType`, `unit_flags`, `pool_id`, `patch_min`, `patch_max`) VALUES ('211256', '571', '1', '16436', '0', '5508.26', '4891.52', '-197.537', '3.49338', '300', '0', '0', '1919', '0', '0', '0', '0', '5', '10');
INSERT INTO game_event_creature (`event`, `guid`) VALUES ('1', '211256');
INSERT INTO creature_entry (`spawnID`, `entry`) VALUES ('211257', '16781');
INSERT INTO creature (`spawnID`, `map`, `spawnMask`, `modelid`, `equipment_id`, `position_x`, `position_y`, `position_z`, `orientation`, `spawntimesecs`, `spawndist`, `currentwaypoint`, `curhealth`, `curmana`, `MovementType`, `unit_flags`, `pool_id`, `patch_min`, `patch_max`) VALUES ('211257', '571', '1', '16442', '0', '5503.99', '4886.98', '-198.356', '1.25892', '300', '0', '0', '2961', '0', '0', '0', '0', '5', '10');
INSERT INTO game_event_creature (`event`, `guid`) VALUES ('1', '211257');
INSERT INTO creature_entry (`spawnID`, `entry`) VALUES ('211258', '16781');
INSERT INTO creature (`spawnID`, `map`, `spawnMask`, `modelid`, `equipment_id`, `position_x`, `position_y`, `position_z`, `orientation`, `spawntimesecs`, `spawndist`, `currentwaypoint`, `curhealth`, `curmana`, `MovementType`, `unit_flags`, `pool_id`, `patch_min`, `patch_max`) VALUES ('211258', '571', '1', '16445', '0', '5500.44', '4895', '-198.054', '5.57939', '300', '0', '0', '2453', '0', '0', '0', '0', '5', '10');
INSERT INTO game_event_creature (`event`, `guid`) VALUES ('1', '211258');
INSERT INTO creature_entry (`spawnID`, `entry`) VALUES ('211259', '16781');
INSERT INTO creature (`spawnID`, `map`, `spawnMask`, `modelid`, `equipment_id`, `position_x`, `position_y`, `position_z`, `orientation`, `spawntimesecs`, `spawndist`, `currentwaypoint`, `curhealth`, `curmana`, `MovementType`, `unit_flags`, `pool_id`, `patch_min`, `patch_max`) VALUES ('211259', '571', '1', '16436', '0', '5513.58', '4886.29', '-197.178', '2.68991', '300', '0', '0', '2614', '0', '0', '0', '0', '5', '10');
INSERT INTO game_event_creature (`event`, `guid`) VALUES ('1', '211259');
INSERT INTO creature_entry (`spawnID`, `entry`) VALUES ('211260', '16781');
INSERT INTO creature (`spawnID`, `map`, `spawnMask`, `modelid`, `equipment_id`, `position_x`, `position_y`, `position_z`, `orientation`, `spawntimesecs`, `spawndist`, `currentwaypoint`, `curhealth`, `curmana`, `MovementType`, `unit_flags`, `pool_id`, `patch_min`, `patch_max`) VALUES ('211260', '571', '1', '16444', '0', '5511.2', '4870.94', '-198.257', '4.65341', '300', '0', '0', '3728', '0', '0', '0', '0', '5', '10');
INSERT INTO game_event_creature (`event`, `guid`) VALUES ('1', '211260');
INSERT INTO creature_entry (`spawnID`, `entry`) VALUES ('211542', '16781');
INSERT INTO creature (`spawnID`, `map`, `spawnMask`, `modelid`, `equipment_id`, `position_x`, `position_y`, `position_z`, `orientation`, `spawntimesecs`, `spawndist`, `currentwaypoint`, `curhealth`, `curmana`, `MovementType`, `unit_flags`, `pool_id`, `patch_min`, `patch_max`) VALUES ('211542', '571', '1', '16443', '0', '5525.58', '-732.861', '148.853', '5.66631', '300', '0', '0', '3624', '0', '0', '0', '0', '5', '10');
INSERT INTO game_event_creature (`event`, `guid`) VALUES ('1', '211542');
INSERT INTO creature_entry (`spawnID`, `entry`) VALUES ('211543', '16781');
INSERT INTO creature (`spawnID`, `map`, `spawnMask`, `modelid`, `equipment_id`, `position_x`, `position_y`, `position_z`, `orientation`, `spawntimesecs`, `spawndist`, `currentwaypoint`, `curhealth`, `curmana`, `MovementType`, `unit_flags`, `pool_id`, `patch_min`, `patch_max`) VALUES ('211543', '571', '1', '16438', '0', '5535.22', '-748.433', '151.399', '5.70637', '300', '0', '0', '1585', '0', '0', '0', '0', '5', '10');
INSERT INTO game_event_creature (`event`, `guid`) VALUES ('1', '211543');
INSERT INTO creature_entry (`spawnID`, `entry`) VALUES ('211544', '16781');
INSERT INTO creature (`spawnID`, `map`, `spawnMask`, `modelid`, `equipment_id`, `position_x`, `position_y`, `position_z`, `orientation`, `spawntimesecs`, `spawndist`, `currentwaypoint`, `curhealth`, `curmana`, `MovementType`, `unit_flags`, `pool_id`, `patch_min`, `patch_max`) VALUES ('211544', '571', '1', '16438', '0', '5540.74', '-753.426', '153.249', '2.39199', '300', '0', '0', '3427', '0', '0', '0', '0', '5', '10');
INSERT INTO game_event_creature (`event`, `guid`) VALUES ('1', '211544');
INSERT INTO creature_entry (`spawnID`, `entry`) VALUES ('211520', '16781');
INSERT INTO creature (`spawnID`, `map`, `spawnMask`, `modelid`, `equipment_id`, `position_x`, `position_y`, `position_z`, `orientation`, `spawntimesecs`, `spawndist`, `currentwaypoint`, `curhealth`, `curmana`, `MovementType`, `unit_flags`, `pool_id`, `patch_min`, `patch_max`) VALUES ('211520', '571', '1', '16438', '0', '6166.94', '-1008.14', '407.495', '4.42539', '300', '0', '0', '3834', '0', '0', '0', '0', '5', '10');
INSERT INTO game_event_creature (`event`, `guid`) VALUES ('1', '211520');
INSERT INTO creature_entry (`spawnID`, `entry`) VALUES ('211521', '16781');
INSERT INTO creature (`spawnID`, `map`, `spawnMask`, `modelid`, `equipment_id`, `position_x`, `position_y`, `position_z`, `orientation`, `spawntimesecs`, `spawndist`, `currentwaypoint`, `curhealth`, `curmana`, `MovementType`, `unit_flags`, `pool_id`, `patch_min`, `patch_max`) VALUES ('211521', '571', '1', '16442', '0', '6161.54', '-1013.07', '407.498', '6.11635', '300', '0', '0', '3624', '0', '0', '0', '0', '5', '10');
INSERT INTO game_event_creature (`event`, `guid`) VALUES ('1', '211521');
INSERT INTO creature_entry (`spawnID`, `entry`) VALUES ('211522', '16781');
INSERT INTO creature (`spawnID`, `map`, `spawnMask`, `modelid`, `equipment_id`, `position_x`, `position_y`, `position_z`, `orientation`, `spawntimesecs`, `spawndist`, `currentwaypoint`, `curhealth`, `curmana`, `MovementType`, `unit_flags`, `pool_id`, `patch_min`, `patch_max`) VALUES ('211522', '571', '1', '21086', '0', '6164.34', '-1020.92', '408.305', '1.35684', '300', '0', '0', '2292', '0', '0', '0', '0', '5', '10');
INSERT INTO game_event_creature (`event`, `guid`) VALUES ('1', '211522');
INSERT INTO creature_entry (`spawnID`, `entry`) VALUES ('211523', '16781');
-- Has LK modelid 29243, set to 0.
INSERT INTO creature (`spawnID`, `map`, `spawnMask`, `modelid`, `equipment_id`, `position_x`, `position_y`, `position_z`, `orientation`, `spawntimesecs`, `spawndist`, `currentwaypoint`, `curhealth`, `curmana`, `MovementType`, `unit_flags`, `pool_id`, `patch_min`, `patch_max`) VALUES ('211523', '571', '1', NULL, '0', '6150.78', '-1024.97', '408.505', '2.09119', '300', '0', '0', '3237', '0', '0', '0', '0', '5', '10');
INSERT INTO game_event_creature (`event`, `guid`) VALUES ('1', '211523');
INSERT INTO creature_entry (`spawnID`, `entry`) VALUES ('85192', '16781');
INSERT INTO creature (`spawnID`, `map`, `spawnMask`, `modelid`, `equipment_id`, `position_x`, `position_y`, `position_z`, `orientation`, `spawntimesecs`, `spawndist`, `currentwaypoint`, `curhealth`, `curmana`, `MovementType`, `unit_flags`, `pool_id`, `patch_min`, `patch_max`) VALUES ('85192', '530', '1', '16434', '0', '183.656', '6001.85', '23.9098', '5.76245', '300', '0', '0', '3834', '0', '0', '0', '0', '0', '10');
INSERT INTO game_event_creature (`event`, `guid`) VALUES ('1', '85192');
INSERT INTO creature_entry (`spawnID`, `entry`) VALUES ('85193', '16781');
INSERT INTO creature (`spawnID`, `map`, `spawnMask`, `modelid`, `equipment_id`, `position_x`, `position_y`, `position_z`, `orientation`, `spawntimesecs`, `spawndist`, `currentwaypoint`, `curhealth`, `curmana`, `MovementType`, `unit_flags`, `pool_id`, `patch_min`, `patch_max`) VALUES ('85193', '530', '1', '16433', '0', '183.666', '5998.61', '23.7887', '1.12075', '300', '0', '0', '3144', '0', '0', '0', '0', '0', '10');
INSERT INTO game_event_creature (`event`, `guid`) VALUES ('1', '85193');
INSERT INTO creature_entry (`spawnID`, `entry`) VALUES ('85194', '16781');
INSERT INTO creature (`spawnID`, `map`, `spawnMask`, `modelid`, `equipment_id`, `position_x`, `position_y`, `position_z`, `orientation`, `spawntimesecs`, `spawndist`, `currentwaypoint`, `curhealth`, `curmana`, `MovementType`, `unit_flags`, `pool_id`, `patch_min`, `patch_max`) VALUES ('85194', '530', '1', '16435', '0', '181.842', '5991.56', '22.9939', '0.808944', '300', '0', '0', '2871', '0', '0', '0', '0', '0', '10');
INSERT INTO game_event_creature (`event`, `guid`) VALUES ('1', '85194');
INSERT INTO creature_entry (`spawnID`, `entry`) VALUES ('85195', '16781');
INSERT INTO creature (`spawnID`, `map`, `spawnMask`, `modelid`, `equipment_id`, `position_x`, `position_y`, `position_z`, `orientation`, `spawntimesecs`, `spawndist`, `currentwaypoint`, `curhealth`, `curmana`, `MovementType`, `unit_flags`, `pool_id`, `patch_min`, `patch_max`) VALUES ('85195', '530', '1', '16433', '0', '184.16', '5995.16', '23.7236', '4.20658', '300', '0', '0', '2453', '0', '0', '0', '0', '0', '10');
INSERT INTO game_event_creature (`event`, `guid`) VALUES ('1', '85195');
INSERT INTO creature_entry (`spawnID`, `entry`) VALUES ('213097', '16781');
-- Has LK modelid 16412 already in creature template, set to 0.
INSERT INTO creature (`spawnID`, `map`, `spawnMask`, `modelid`, `equipment_id`, `position_x`, `position_y`, `position_z`, `orientation`, `spawntimesecs`, `spawndist`, `currentwaypoint`, `curhealth`, `curmana`, `MovementType`, `unit_flags`, `pool_id`, `patch_min`, `patch_max`) VALUES ('213097', '530', '1', NULL, '0', '2048.81', '6582.75', '135.962', '2.2637', '300', '0', '0', '3524', '0', '0', '0', '0', '0', '10');
INSERT INTO game_event_creature (`event`, `guid`) VALUES ('1', '213097');
INSERT INTO creature_entry (`spawnID`, `entry`) VALUES ('213098', '16781');
INSERT INTO creature (`spawnID`, `map`, `spawnMask`, `modelid`, `equipment_id`, `position_x`, `position_y`, `position_z`, `orientation`, `spawntimesecs`, `spawndist`, `currentwaypoint`, `curhealth`, `curmana`, `MovementType`, `unit_flags`, `pool_id`, `patch_min`, `patch_max`) VALUES ('213098', '530', '1', '16434', '0', '2044.15', '6588.86', '135.588', '5.3888', '300', '0', '0', '2062', '0', '0', '0', '0', '0', '10');
INSERT INTO game_event_creature (`event`, `guid`) VALUES ('1', '213098');
INSERT INTO creature_entry (`spawnID`, `entry`) VALUES ('213099', '16781');
INSERT INTO creature (`spawnID`, `map`, `spawnMask`, `modelid`, `equipment_id`, `position_x`, `position_y`, `position_z`, `orientation`, `spawntimesecs`, `spawndist`, `currentwaypoint`, `curhealth`, `curmana`, `MovementType`, `unit_flags`, `pool_id`, `patch_min`, `patch_max`) VALUES ('213099', '530', '1', '16448', '0', '2035.12', '6612.1', '138.394', '1.97939', '300', '0', '0', '2138', '0', '0', '0', '0', '0', '10');
INSERT INTO game_event_creature (`event`, `guid`) VALUES ('1', '213099');
INSERT INTO creature_entry (`spawnID`, `entry`) VALUES ('213100', '16781');
INSERT INTO creature (`spawnID`, `map`, `spawnMask`, `modelid`, `equipment_id`, `position_x`, `position_y`, `position_z`, `orientation`, `spawntimesecs`, `spawndist`, `currentwaypoint`, `curhealth`, `curmana`, `MovementType`, `unit_flags`, `pool_id`, `patch_min`, `patch_max`) VALUES ('213100', '530', '1', '16433', '0', '2031.53', '6616.98', '138.934', '5.30162', '300', '0', '0', '3728', '0', '0', '0', '0', '0', '10');
INSERT INTO game_event_creature (`event`, `guid`) VALUES ('1', '213100');
INSERT INTO creature_entry (`spawnID`, `entry`) VALUES ('78649', '16781');
INSERT INTO creature (`spawnID`, `map`, `spawnMask`, `modelid`, `equipment_id`, `position_x`, `position_y`, `position_z`, `orientation`, `spawntimesecs`, `spawndist`, `currentwaypoint`, `curhealth`, `curmana`, `MovementType`, `unit_flags`, `pool_id`, `patch_min`, `patch_max`) VALUES ('78649', '530', '1', '16448', '0', '-2999.23', '4136.4', '2.31857', '4.96681', '300', '0', '0', '1716', '0', '0', '0', '0', '0', '10');
INSERT INTO game_event_creature (`event`, `guid`) VALUES ('1', '78649');
INSERT INTO creature_entry (`spawnID`, `entry`) VALUES ('78650', '16781');
INSERT INTO creature (`spawnID`, `map`, `spawnMask`, `modelid`, `equipment_id`, `position_x`, `position_y`, `position_z`, `orientation`, `spawntimesecs`, `spawndist`, `currentwaypoint`, `curhealth`, `curmana`, `MovementType`, `unit_flags`, `pool_id`, `patch_min`, `patch_max`) VALUES ('78650', '530', '1', '16434', '0', '-2997.71', '4131.23', '3.04313', '1.92339', '300', '0', '0', '2699', '0', '0', '0', '0', '0', '10');
INSERT INTO game_event_creature (`event`, `guid`) VALUES ('1', '78650');
INSERT INTO creature_entry (`spawnID`, `entry`) VALUES ('78651', '16781');
INSERT INTO creature (`spawnID`, `map`, `spawnMask`, `modelid`, `equipment_id`, `position_x`, `position_y`, `position_z`, `orientation`, `spawntimesecs`, `spawndist`, `currentwaypoint`, `curhealth`, `curmana`, `MovementType`, `unit_flags`, `pool_id`, `patch_min`, `patch_max`) VALUES ('78651', '530', '1', '16442', '0', '-2992.17', '4134.37', '3.88179', '3.20281', '300', '0', '0', '3052', '0', '0', '0', '0', '0', '10');
INSERT INTO game_event_creature (`event`, `guid`) VALUES ('1', '78651');
INSERT INTO creature_entry (`spawnID`, `entry`) VALUES ('213728', '16781');
INSERT INTO creature (`spawnID`, `map`, `spawnMask`, `modelid`, `equipment_id`, `position_x`, `position_y`, `position_z`, `orientation`, `spawntimesecs`, `spawndist`, `currentwaypoint`, `curhealth`, `curmana`, `MovementType`, `unit_flags`, `pool_id`, `patch_min`, `patch_max`) VALUES ('213728', '571', '1', '16434', '0', '4142.22', '5389.34', '26.5072', '1.07266', '300', '0', '0', '1524', '0', '0', '0', '0', '5', '10');
INSERT INTO game_event_creature (`event`, `guid`) VALUES ('1', '213728');
INSERT INTO creature_entry (`spawnID`, `entry`) VALUES ('213729', '16781');
INSERT INTO creature (`spawnID`, `map`, `spawnMask`, `modelid`, `equipment_id`, `position_x`, `position_y`, `position_z`, `orientation`, `spawntimesecs`, `spawndist`, `currentwaypoint`, `curhealth`, `curmana`, `MovementType`, `unit_flags`, `pool_id`, `patch_min`, `patch_max`) VALUES ('213729', '571', '1', '16435', '0', '4141.25', '5394.58', '27.4716', '5.24156', '300', '0', '0', '2961', '0', '0', '0', '0', '5', '10');
INSERT INTO game_event_creature (`event`, `guid`) VALUES ('1', '213729');
INSERT INTO creature_entry (`spawnID`, `entry`) VALUES ('213731', '16781');
-- Has LK modelid 16412 already in creature template, set to 0.
INSERT INTO creature (`spawnID`, `map`, `spawnMask`, `modelid`, `equipment_id`, `position_x`, `position_y`, `position_z`, `orientation`, `spawntimesecs`, `spawndist`, `currentwaypoint`, `curhealth`, `curmana`, `MovementType`, `unit_flags`, `pool_id`, `patch_min`, `patch_max`) VALUES ('213731', '571', '1', NULL, '0', '4147.28', '5407.75', '28.0446', '1.51327', '300', '0', '0', '1848', '0', '0', '0', '0', '5', '10');
INSERT INTO game_event_creature (`event`, `guid`) VALUES ('1', '213731');
INSERT INTO creature_entry (`spawnID`, `entry`) VALUES ('213732', '16781');
-- Has LK modelid 16413 already in creature template, set to 0.
INSERT INTO creature (`spawnID`, `map`, `spawnMask`, `modelid`, `equipment_id`, `position_x`, `position_y`, `position_z`, `orientation`, `spawntimesecs`, `spawndist`, `currentwaypoint`, `curhealth`, `curmana`, `MovementType`, `unit_flags`, `pool_id`, `patch_min`, `patch_max`) VALUES ('213732', '571', '1', NULL, '0', '4145.26', '5412.3', '28.2783', '5.25177', '300', '0', '0', '3237', '0', '0', '0', '0', '5', '10');
INSERT INTO game_event_creature (`event`, `guid`) VALUES ('1', '213732');
INSERT INTO creature_entry (`spawnID`, `entry`) VALUES ('213733', '16781');
INSERT INTO creature (`spawnID`, `map`, `spawnMask`, `modelid`, `equipment_id`, `position_x`, `position_y`, `position_z`, `orientation`, `spawntimesecs`, `spawndist`, `currentwaypoint`, `curhealth`, `curmana`, `MovementType`, `unit_flags`, `pool_id`, `patch_min`, `patch_max`) VALUES ('213733', '571', '1', '21084', '0', '3946.4', '-634.725', '242.332', '2.18478', '300', '0', '0', '1990', '0', '0', '0', '0', '5', '10');
INSERT INTO game_event_creature (`event`, `guid`) VALUES ('1', '213733');
INSERT INTO creature_entry (`spawnID`, `entry`) VALUES ('213737', '16781');
INSERT INTO creature (`spawnID`, `map`, `spawnMask`, `modelid`, `equipment_id`, `position_x`, `position_y`, `position_z`, `orientation`, `spawntimesecs`, `spawndist`, `currentwaypoint`, `curhealth`, `curmana`, `MovementType`, `unit_flags`, `pool_id`, `patch_min`, `patch_max`) VALUES ('213737', '571', '1', '16435', '0', '3944.54', '-631.516', '242.718', '5.2062', '300', '0', '0', '3834', '0', '0', '0', '0', '5', '10');
INSERT INTO game_event_creature (`event`, `guid`) VALUES ('1', '213737');
INSERT INTO creature_entry (`spawnID`, `entry`) VALUES ('213738', '16781');
INSERT INTO creature (`spawnID`, `map`, `spawnMask`, `modelid`, `equipment_id`, `position_x`, `position_y`, `position_z`, `orientation`, `spawntimesecs`, `spawndist`, `currentwaypoint`, `curhealth`, `curmana`, `MovementType`, `unit_flags`, `pool_id`, `patch_min`, `patch_max`) VALUES ('213738', '571', '1', '16434', '0', '3942.9', '-606.703', '241.48', '2.36464', '300', '0', '0', '2871', '0', '0', '0', '0', '5', '10');
INSERT INTO game_event_creature (`event`, `guid`) VALUES ('1', '213738');
INSERT INTO creature_entry (`spawnID`, `entry`) VALUES ('213739', '16781');
INSERT INTO creature (`spawnID`, `map`, `spawnMask`, `modelid`, `equipment_id`, `position_x`, `position_y`, `position_z`, `orientation`, `spawntimesecs`, `spawndist`, `currentwaypoint`, `curhealth`, `curmana`, `MovementType`, `unit_flags`, `pool_id`, `patch_min`, `patch_max`) VALUES ('213739', '571', '1', '21083', '0', '3940.65', '-603.007', '241.622', '5.10253', '300', '0', '0', '1524', '0', '0', '0', '0', '5', '10');
INSERT INTO game_event_creature (`event`, `guid`) VALUES ('1', '213739');
INSERT INTO creature_entry (`spawnID`, `entry`) VALUES ('213746', '16781');
INSERT INTO creature (`spawnID`, `map`, `spawnMask`, `modelid`, `equipment_id`, `position_x`, `position_y`, `position_z`, `orientation`, `spawntimesecs`, `spawndist`, `currentwaypoint`, `curhealth`, `curmana`, `MovementType`, `unit_flags`, `pool_id`, `patch_min`, `patch_max`) VALUES ('213746', '571', '1', '21083', '0', '3410.97', '-2879.33', '201.095', '0.0940601', '300', '0', '0', '2062', '0', '0', '0', '0', '5', '10');
INSERT INTO game_event_creature (`event`, `guid`) VALUES ('1', '213746');
INSERT INTO creature_entry (`spawnID`, `entry`) VALUES ('213747', '16781');
INSERT INTO creature (`spawnID`, `map`, `spawnMask`, `modelid`, `equipment_id`, `position_x`, `position_y`, `position_z`, `orientation`, `spawntimesecs`, `spawndist`, `currentwaypoint`, `curhealth`, `curmana`, `MovementType`, `unit_flags`, `pool_id`, `patch_min`, `patch_max`) VALUES ('213747', '571', '1', '16435', '0', '3413.05', '-2875.08', '200.954', '4.47815', '300', '0', '0', '2215', '0', '0', '0', '0', '5', '10');
INSERT INTO game_event_creature (`event`, `guid`) VALUES ('1', '213747');
INSERT INTO creature_entry (`spawnID`, `entry`) VALUES ('213748', '16781');
INSERT INTO creature (`spawnID`, `map`, `spawnMask`, `modelid`, `equipment_id`, `position_x`, `position_y`, `position_z`, `orientation`, `spawntimesecs`, `spawndist`, `currentwaypoint`, `curhealth`, `curmana`, `MovementType`, `unit_flags`, `pool_id`, `patch_min`, `patch_max`) VALUES ('213748', '571', '1', '16414', '0', '3416.95', '-2876.6', '201.513', '3.22073', '300', '0', '0', '1651', '0', '0', '0', '0', '5', '10');
INSERT INTO game_event_creature (`event`, `guid`) VALUES ('1', '213748');
INSERT INTO creature_entry (`spawnID`, `entry`) VALUES ('213790', '16781');
INSERT INTO creature (`spawnID`, `map`, `spawnMask`, `modelid`, `equipment_id`, `position_x`, `position_y`, `position_z`, `orientation`, `spawntimesecs`, `spawndist`, `currentwaypoint`, `curhealth`, `curmana`, `MovementType`, `unit_flags`, `pool_id`, `patch_min`, `patch_max`) VALUES ('213790', '571', '1', '21083', '0', '5598.5', '-2620.43', '292.418', '3.79122', '300', '0', '0', '1716', '0', '0', '0', '0', '5', '10');
INSERT INTO game_event_creature (`event`, `guid`) VALUES ('1', '213790');
INSERT INTO creature_entry (`spawnID`, `entry`) VALUES ('213791', '16781');
-- Has LK modelid 16412 already in creature template, set to 0.
INSERT INTO creature (`spawnID`, `map`, `spawnMask`, `modelid`, `equipment_id`, `position_x`, `position_y`, `position_z`, `orientation`, `spawntimesecs`, `spawndist`, `currentwaypoint`, `curhealth`, `curmana`, `MovementType`, `unit_flags`, `pool_id`, `patch_min`, `patch_max`) VALUES ('213791', '571', '1', NULL, '0', '5595.44', '-2624.43', '292.418', '0.957505', '300', '0', '0', '2215', '0', '0', '0', '0', '5', '10');
INSERT INTO game_event_creature (`event`, `guid`) VALUES ('1', '213791');
INSERT INTO creature_entry (`spawnID`, `entry`) VALUES ('213792', '16781');
INSERT INTO creature (`spawnID`, `map`, `spawnMask`, `modelid`, `equipment_id`, `position_x`, `position_y`, `position_z`, `orientation`, `spawntimesecs`, `spawndist`, `currentwaypoint`, `curhealth`, `curmana`, `MovementType`, `unit_flags`, `pool_id`, `patch_min`, `patch_max`) VALUES ('213792', '571', '1', '16448', '0', '5591.45', '-2618.79', '292.418', '5.53402', '300', '0', '0', '2961', '0', '0', '0', '0', '5', '10');
INSERT INTO game_event_creature (`event`, `guid`) VALUES ('1', '213792');
INSERT INTO creature_entry (`spawnID`, `entry`) VALUES ('213793', '16781');
INSERT INTO creature (`spawnID`, `map`, `spawnMask`, `modelid`, `equipment_id`, `position_x`, `position_y`, `position_z`, `orientation`, `spawntimesecs`, `spawndist`, `currentwaypoint`, `curhealth`, `curmana`, `MovementType`, `unit_flags`, `pool_id`, `patch_min`, `patch_max`) VALUES ('213793', '571', '1', '16414', '0', '5608.18', '-2627.1', '292.38', '2.59506', '300', '0', '0', '2961', '0', '0', '0', '0', '5', '10');
INSERT INTO game_event_creature (`event`, `guid`) VALUES ('1', '213793');
INSERT INTO creature_entry (`spawnID`, `entry`) VALUES ('213794', '16781');
INSERT INTO creature (`spawnID`, `map`, `spawnMask`, `modelid`, `equipment_id`, `position_x`, `position_y`, `position_z`, `orientation`, `spawntimesecs`, `spawndist`, `currentwaypoint`, `curhealth`, `curmana`, `MovementType`, `unit_flags`, `pool_id`, `patch_min`, `patch_max`) VALUES ('213794', '571', '1', '16433', '0', '5350.19', '4865.15', '-189.023', '5.81181', '300', '0', '0', '2614', '0', '0', '0', '0', '5', '10');
INSERT INTO game_event_creature (`event`, `guid`) VALUES ('1', '213794');
INSERT INTO creature_entry (`spawnID`, `entry`) VALUES ('213795', '16781');
INSERT INTO creature (`spawnID`, `map`, `spawnMask`, `modelid`, `equipment_id`, `position_x`, `position_y`, `position_z`, `orientation`, `spawntimesecs`, `spawndist`, `currentwaypoint`, `curhealth`, `curmana`, `MovementType`, `unit_flags`, `pool_id`, `patch_min`, `patch_max`) VALUES ('213795', '571', '1', '21084', '0', '5349.94', '4860.03', '-189.519', '5.81181', '300', '0', '0', '1716', '0', '0', '0', '0', '5', '10');
INSERT INTO game_event_creature (`event`, `guid`) VALUES ('1', '213795');
INSERT INTO creature_entry (`spawnID`, `entry`) VALUES ('213796', '16781');
-- Has LK modelid 16412 already in creature template, set to 0.
INSERT INTO creature (`spawnID`, `map`, `spawnMask`, `modelid`, `equipment_id`, `position_x`, `position_y`, `position_z`, `orientation`, `spawntimesecs`, `spawndist`, `currentwaypoint`, `curhealth`, `curmana`, `MovementType`, `unit_flags`, `pool_id`, `patch_min`, `patch_max`) VALUES ('213796', '571', '1', NULL, '0', '5359.3', '4851.5', '-195.433', '2.15971', '300', '0', '0', '2453', '0', '0', '0', '0', '5', '10');
INSERT INTO game_event_creature (`event`, `guid`) VALUES ('1', '213796');
INSERT INTO creature_entry (`spawnID`, `entry`) VALUES ('213797', '16781');
INSERT INTO creature (`spawnID`, `map`, `spawnMask`, `modelid`, `equipment_id`, `position_x`, `position_y`, `position_z`, `orientation`, `spawntimesecs`, `spawndist`, `currentwaypoint`, `curhealth`, `curmana`, `MovementType`, `unit_flags`, `pool_id`, `patch_min`, `patch_max`) VALUES ('213797', '571', '1', '16434', '0', '5361.68', '4857.43', '-195.012', '2.85086', '300', '0', '0', '1919', '0', '0', '0', '0', '5', '10');
INSERT INTO game_event_creature (`event`, `guid`) VALUES ('1', '213797');
INSERT INTO creature_entry (`spawnID`, `entry`) VALUES ('213800', '16781');
INSERT INTO creature (`spawnID`, `map`, `spawnMask`, `modelid`, `equipment_id`, `position_x`, `position_y`, `position_z`, `orientation`, `spawntimesecs`, `spawndist`, `currentwaypoint`, `curhealth`, `curmana`, `MovementType`, `unit_flags`, `pool_id`, `patch_min`, `patch_max`) VALUES ('213800', '571', '1', '21084', '0', '2475.51', '-4899.2', '264.631', '4.34609', '300', '0', '0', '2215', '0', '0', '0', '0', '5', '10');
INSERT INTO game_event_creature (`event`, `guid`) VALUES ('1', '213800');
INSERT INTO creature_entry (`spawnID`, `entry`) VALUES ('213801', '16781');
-- Has LK modelid 16412 already in creature template, set to 0.
INSERT INTO creature (`spawnID`, `map`, `spawnMask`, `modelid`, `equipment_id`, `position_x`, `position_y`, `position_z`, `orientation`, `spawntimesecs`, `spawndist`, `currentwaypoint`, `curhealth`, `curmana`, `MovementType`, `unit_flags`, `pool_id`, `patch_min`, `patch_max`) VALUES ('213801', '571', '1', NULL, '0', '2473.2', '-4903.93', '264.472', '1.13459', '300', '0', '0', '1585', '0', '0', '0', '0', '5', '10');
INSERT INTO game_event_creature (`event`, `guid`) VALUES ('1', '213801');
INSERT INTO creature_entry (`spawnID`, `entry`) VALUES ('213802', '16781');
INSERT INTO creature (`spawnID`, `map`, `spawnMask`, `modelid`, `equipment_id`, `position_x`, `position_y`, `position_z`, `orientation`, `spawntimesecs`, `spawndist`, `currentwaypoint`, `curhealth`, `curmana`, `MovementType`, `unit_flags`, `pool_id`, `patch_min`, `patch_max`) VALUES ('213802', '571', '1', '16434', '0', '2470.25', '-4897.93', '264.079', '5.37967', '300', '0', '0', '2614', '0', '0', '0', '0', '5', '10');
INSERT INTO game_event_creature (`event`, `guid`) VALUES ('1', '213802');
INSERT INTO creature_entry (`spawnID`, `entry`) VALUES ('213803', '16781');
INSERT INTO creature (`spawnID`, `map`, `spawnMask`, `modelid`, `equipment_id`, `position_x`, `position_y`, `position_z`, `orientation`, `spawntimesecs`, `spawndist`, `currentwaypoint`, `curhealth`, `curmana`, `MovementType`, `unit_flags`, `pool_id`, `patch_min`, `patch_max`) VALUES ('213803', '571', '1', '16435', '0', '2460.73', '-4908.81', '263.856', '1.98283', '300', '0', '0', '1919', '0', '0', '0', '0', '5', '10');
INSERT INTO game_event_creature (`event`, `guid`) VALUES ('1', '213803');
INSERT INTO creature_entry (`spawnID`, `entry`) VALUES ('213806', '16781');
INSERT INTO creature (`spawnID`, `map`, `spawnMask`, `modelid`, `equipment_id`, `position_x`, `position_y`, `position_z`, `orientation`, `spawntimesecs`, `spawndist`, `currentwaypoint`, `curhealth`, `curmana`, `MovementType`, `unit_flags`, `pool_id`, `patch_min`, `patch_max`) VALUES ('213806', '571', '1', '16448', '0', '5158.08', '-705.974', '168.467', '3.02341', '300', '0', '0', '1919', '0', '0', '0', '0', '5', '10');
INSERT INTO game_event_creature (`event`, `guid`) VALUES ('1', '213806');
INSERT INTO creature_entry (`spawnID`, `entry`) VALUES ('213807', '16781');
INSERT INTO creature (`spawnID`, `map`, `spawnMask`, `modelid`, `equipment_id`, `position_x`, `position_y`, `position_z`, `orientation`, `spawntimesecs`, `spawndist`, `currentwaypoint`, `curhealth`, `curmana`, `MovementType`, `unit_flags`, `pool_id`, `patch_min`, `patch_max`) VALUES ('213807', '571', '1', '16434', '0', '5156.52', '-702.266', '168.843', '4.44812', '300', '0', '0', '2871', '0', '0', '0', '0', '5', '10');
INSERT INTO game_event_creature (`event`, `guid`) VALUES ('1', '213807');
INSERT INTO creature_entry (`spawnID`, `entry`) VALUES ('213808', '16781');
INSERT INTO creature (`spawnID`, `map`, `spawnMask`, `modelid`, `equipment_id`, `position_x`, `position_y`, `position_z`, `orientation`, `spawntimesecs`, `spawndist`, `currentwaypoint`, `curhealth`, `curmana`, `MovementType`, `unit_flags`, `pool_id`, `patch_min`, `patch_max`) VALUES ('213808', '571', '1', '16433', '0', '5151.8', '-705.612', '169.955', '0.254876', '300', '0', '0', '3728', '0', '0', '0', '0', '5', '10');
INSERT INTO game_event_creature (`event`, `guid`) VALUES ('1', '213808');
INSERT INTO creature_entry (`spawnID`, `entry`) VALUES ('213809', '16781');
INSERT INTO creature (`spawnID`, `map`, `spawnMask`, `modelid`, `equipment_id`, `position_x`, `position_y`, `position_z`, `orientation`, `spawntimesecs`, `spawndist`, `currentwaypoint`, `curhealth`, `curmana`, `MovementType`, `unit_flags`, `pool_id`, `patch_min`, `patch_max`) VALUES ('213809', '571', '1', '21084', '0', '5128.25', '-708.394', '173.711', '1.15808', '300', '0', '0', '3144', '0', '0', '0', '0', '5', '10');
INSERT INTO game_event_creature (`event`, `guid`) VALUES ('1', '213809');
INSERT INTO creature_entry (`spawnID`, `entry`) VALUES ('213813', '16781');
INSERT INTO creature (`spawnID`, `map`, `spawnMask`, `modelid`, `equipment_id`, `position_x`, `position_y`, `position_z`, `orientation`, `spawntimesecs`, `spawndist`, `currentwaypoint`, `curhealth`, `curmana`, `MovementType`, `unit_flags`, `pool_id`, `patch_min`, `patch_max`) VALUES ('213813', '571', '1', '16434', '0', '6065.56', '-1113.57', '420.54', '4.16241', '300', '0', '0', '3427', '0', '0', '0', '0', '5', '10');
INSERT INTO game_event_creature (`event`, `guid`) VALUES ('1', '213813');
INSERT INTO creature_entry (`spawnID`, `entry`) VALUES ('213814', '16781');
-- Has LK modelid 16412 already in creature template, set to 0.
INSERT INTO creature (`spawnID`, `map`, `spawnMask`, `modelid`, `equipment_id`, `position_x`, `position_y`, `position_z`, `orientation`, `spawntimesecs`, `spawndist`, `currentwaypoint`, `curhealth`, `curmana`, `MovementType`, `unit_flags`, `pool_id`, `patch_min`, `patch_max`) VALUES ('213814', '571', '1', NULL, '0', '6066.28', '-1119.17', '420.628', '1.60201', '300', '0', '0', '2871', '0', '0', '0', '0', '5', '10');
INSERT INTO game_event_creature (`event`, `guid`) VALUES ('1', '213814');
INSERT INTO creature_entry (`spawnID`, `entry`) VALUES ('213815', '16781');
INSERT INTO creature (`spawnID`, `map`, `spawnMask`, `modelid`, `equipment_id`, `position_x`, `position_y`, `position_z`, `orientation`, `spawntimesecs`, `spawndist`, `currentwaypoint`, `curhealth`, `curmana`, `MovementType`, `unit_flags`, `pool_id`, `patch_min`, `patch_max`) VALUES ('213815', '571', '1', '16442', '0', '6061.11', '-1119.26', '420.736', '0.384647', '300', '0', '0', '1919', '0', '0', '0', '0', '5', '10');
INSERT INTO game_event_creature (`event`, `guid`) VALUES ('1', '213815');
INSERT INTO creature_entry (`spawnID`, `entry`) VALUES ('213816', '16781');
INSERT INTO creature (`spawnID`, `map`, `spawnMask`, `modelid`, `equipment_id`, `position_x`, `position_y`, `position_z`, `orientation`, `spawntimesecs`, `spawndist`, `currentwaypoint`, `curhealth`, `curmana`, `MovementType`, `unit_flags`, `pool_id`, `patch_min`, `patch_max`) VALUES ('213816', '571', '1', '16447', '0', '6057.52', '-1108.18', '421.177', '5.5188', '300', '0', '0', '3237', '0', '0', '0', '0', '5', '10');
INSERT INTO game_event_creature (`event`, `guid`) VALUES ('1', '213816');
INSERT INTO creature_entry (`spawnID`, `entry`) VALUES ('152406', '16781');
INSERT INTO creature (`spawnID`, `map`, `spawnMask`, `modelid`, `equipment_id`, `position_x`, `position_y`, `position_z`, `orientation`, `spawntimesecs`, `spawndist`, `currentwaypoint`, `curhealth`, `curmana`, `MovementType`, `unit_flags`, `pool_id`, `patch_min`, `patch_max`) VALUES ('152406', '530', '1', NULL, '0', '-3814.35', '-11505.7', '-138.534', '2.81721', '120', '0', '0', '1', '0', '0', '0', '0', '0', '10');
INSERT INTO game_event_creature (`event`, `guid`) VALUES ('1', '152406');
INSERT INTO creature_entry (`spawnID`, `entry`) VALUES ('152407', '16781');
INSERT INTO creature (`spawnID`, `map`, `spawnMask`, `modelid`, `equipment_id`, `position_x`, `position_y`, `position_z`, `orientation`, `spawntimesecs`, `spawndist`, `currentwaypoint`, `curhealth`, `curmana`, `MovementType`, `unit_flags`, `pool_id`, `patch_min`, `patch_max`) VALUES ('152407', '530', '1', NULL, '0', '-3816.08', '-11510.3', '-138.573', '1.88337', '120', '0', '0', '1', '0', '0', '0', '0', '0', '10');
INSERT INTO game_event_creature (`event`, `guid`) VALUES ('1', '152407');
INSERT INTO creature_entry (`spawnID`, `entry`) VALUES ('165585', '16781');
INSERT INTO creature (`spawnID`, `map`, `spawnMask`, `modelid`, `equipment_id`, `position_x`, `position_y`, `position_z`, `orientation`, `spawntimesecs`, `spawndist`, `currentwaypoint`, `curhealth`, `curmana`, `MovementType`, `unit_flags`, `pool_id`, `patch_min`, `patch_max`) VALUES ('165585', '0', '1', '16433', '0', '-8824.21', '861.431', '98.9968', '4.82972', '300', '0', '0', '4050', '0', '0', '0', '0', '0', '10');
INSERT INTO game_event_creature (`event`, `guid`) VALUES ('1', '165585');
INSERT INTO creature_entry (`spawnID`, `entry`) VALUES ('165586', '16781');
INSERT INTO creature (`spawnID`, `map`, `spawnMask`, `modelid`, `equipment_id`, `position_x`, `position_y`, `position_z`, `orientation`, `spawntimesecs`, `spawndist`, `currentwaypoint`, `curhealth`, `curmana`, `MovementType`, `unit_flags`, `pool_id`, `patch_min`, `patch_max`) VALUES ('165586', '0', '1', '16433', '0', '-8826.99', '859.058', '99.0299', '0.149527', '300', '0', '0', '3331', '0', '0', '0', '0', '0', '10');
INSERT INTO game_event_creature (`event`, `guid`) VALUES ('1', '165586');
DELETE ce, c1, c2, sg FROM creature_entry ce LEFT JOIN conditions c1 ON c1.ConditionTypeOrReference = 31 AND c1.ConditionValue1 = 3 AND c1.ConditionValue3 = 1093155 LEFT JOIN conditions c2 ON c2.SourceTypeOrReferenceId = 22 AND c2.SourceId = 0 AND c1.SourceEntry = -1093155 LEFT JOIN spawn_group sg ON sg.spawnId = 1093155 AND spawnType = 0 WHERE ce.spawnID = 1093155;
DELETE ce, c1, c2, sg FROM creature_entry ce LEFT JOIN conditions c1 ON c1.ConditionTypeOrReference = 31 AND c1.ConditionValue1 = 3 AND c1.ConditionValue3 = 1093250 LEFT JOIN conditions c2 ON c2.SourceTypeOrReferenceId = 22 AND c2.SourceId = 0 AND c1.SourceEntry = -1093250 LEFT JOIN spawn_group sg ON sg.spawnId = 1093250 AND spawnType = 0 WHERE ce.spawnID = 1093250;
DELETE ce, c1, c2, sg FROM creature_entry ce LEFT JOIN conditions c1 ON c1.ConditionTypeOrReference = 31 AND c1.ConditionValue1 = 3 AND c1.ConditionValue3 = 1093257 LEFT JOIN conditions c2 ON c2.SourceTypeOrReferenceId = 22 AND c2.SourceId = 0 AND c1.SourceEntry = -1093257 LEFT JOIN spawn_group sg ON sg.spawnId = 1093257 AND spawnType = 0 WHERE ce.spawnID = 1093257;
DELETE ce, c1, c2, sg FROM creature_entry ce LEFT JOIN conditions c1 ON c1.ConditionTypeOrReference = 31 AND c1.ConditionValue1 = 3 AND c1.ConditionValue3 = 1093324 LEFT JOIN conditions c2 ON c2.SourceTypeOrReferenceId = 22 AND c2.SourceId = 0 AND c1.SourceEntry = -1093324 LEFT JOIN spawn_group sg ON sg.spawnId = 1093324 AND spawnType = 0 WHERE ce.spawnID = 1093324;
DELETE ce, c1, c2, sg FROM creature_entry ce LEFT JOIN conditions c1 ON c1.ConditionTypeOrReference = 31 AND c1.ConditionValue1 = 3 AND c1.ConditionValue3 = 1093325 LEFT JOIN conditions c2 ON c2.SourceTypeOrReferenceId = 22 AND c2.SourceId = 0 AND c1.SourceEntry = -1093325 LEFT JOIN spawn_group sg ON sg.spawnId = 1093325 AND spawnType = 0 WHERE ce.spawnID = 1093325;
DELETE ce, c1, c2, sg FROM creature_entry ce LEFT JOIN conditions c1 ON c1.ConditionTypeOrReference = 31 AND c1.ConditionValue1 = 3 AND c1.ConditionValue3 = 1093334 LEFT JOIN conditions c2 ON c2.SourceTypeOrReferenceId = 22 AND c2.SourceId = 0 AND c1.SourceEntry = -1093334 LEFT JOIN spawn_group sg ON sg.spawnId = 1093334 AND spawnType = 0 WHERE ce.spawnID = 1093334;


-- Importing creature spawn with guid 202716 with import type REPLACE_ALL


-- Importing creature spawn with guid 202715 with import type REPLACE_ALL


-- Importing creature spawn with guid 202714 with import type REPLACE_ALL


-- Importing creature spawn with guid 68542 with import type REPLACE_ALL


-- Importing creature spawn with guid 68554 with import type REPLACE_ALL


-- Importing creature spawn with guid 68555 with import type REPLACE_ALL


-- Importing creature spawn with guid 68556 with import type REPLACE_ALL


-- Importing creature spawn with guid 68557 with import type REPLACE_ALL


-- Importing creature spawn with guid 68572 with import type REPLACE_ALL


-- Importing creature spawn with guid 68573 with import type REPLACE_ALL


-- Importing creature spawn with guid 68574 with import type REPLACE_ALL


-- Importing creature spawn with guid 68575 with import type REPLACE_ALL


-- Importing creature spawn with guid 68576 with import type REPLACE_ALL


-- Importing creature spawn with guid 68728 with import type REPLACE_ALL


-- Importing creature spawn with guid 68737 with import type REPLACE_ALL


-- Importing creature spawn with guid 68837 with import type REPLACE_ALL


-- Importing creature spawn with guid 68932 with import type REPLACE_ALL


-- Importing creature spawn with guid 68933 with import type REPLACE_ALL


-- Importing creature spawn with guid 68934 with import type REPLACE_ALL


-- Importing creature spawn with guid 68935 with import type REPLACE_ALL


-- Importing creature spawn with guid 40534 with import type REPLACE_ALL


-- Importing creature spawn with guid 79522 with import type REPLACE_ALL


-- Importing creature spawn with guid 79550 with import type REPLACE_ALL


-- Importing creature spawn with guid 79558 with import type REPLACE_ALL


-- Importing creature spawn with guid 79580 with import type REPLACE_ALL


-- Importing creature spawn with guid 145136 with import type REPLACE_ALL
INSERT INTO creature_entry (`spawnID`, `entry`) VALUES ('145136', '21788');
INSERT INTO creature (`spawnID`, `map`, `spawnMask`, `modelid`, `equipment_id`, `position_x`, `position_y`, `position_z`, `orientation`, `spawntimesecs`, `spawndist`, `currentwaypoint`, `curhealth`, `curmana`, `MovementType`, `unit_flags`, `pool_id`, `patch_min`, `patch_max`) VALUES ('145136', '530', '1', NULL, '0', '-3104.33', '2552.01', '61.7518', '5.3801', '120', '0', '0', '0', '0', '0', '0', '0', '0', '10');
INSERT INTO spawn_group (`groupId`, `spawnType`, `spawnId`) VALUES ('2', '0', '145136');
INSERT INTO creature_entry (`spawnID`, `entry`) VALUES ('145135', '21788');
INSERT INTO creature (`spawnID`, `map`, `spawnMask`, `modelid`, `equipment_id`, `position_x`, `position_y`, `position_z`, `orientation`, `spawntimesecs`, `spawndist`, `currentwaypoint`, `curhealth`, `curmana`, `MovementType`, `unit_flags`, `pool_id`, `patch_min`, `patch_max`) VALUES ('145135', '530', '1', NULL, '0', '-3016.36', '2549.72', '79.1196', '1.29154', '120', '0', '0', '0', '0', '0', '0', '0', '0', '10');
INSERT INTO spawn_group (`groupId`, `spawnType`, `spawnId`) VALUES ('2', '0', '145135');
INSERT INTO creature_entry (`spawnID`, `entry`) VALUES ('145134', '21788');
INSERT INTO creature (`spawnID`, `map`, `spawnMask`, `modelid`, `equipment_id`, `position_x`, `position_y`, `position_z`, `orientation`, `spawntimesecs`, `spawndist`, `currentwaypoint`, `curhealth`, `curmana`, `MovementType`, `unit_flags`, `pool_id`, `patch_min`, `patch_max`) VALUES ('145134', '530', '1', NULL, '0', '-3022.7', '2512.11', '68.6565', '0.383972', '120', '0', '0', '0', '0', '0', '0', '0', '0', '10');
INSERT INTO spawn_group (`groupId`, `spawnType`, `spawnId`) VALUES ('2', '0', '145134');
INSERT INTO creature_entry (`spawnID`, `entry`) VALUES ('145133', '21788');
INSERT INTO creature (`spawnID`, `map`, `spawnMask`, `modelid`, `equipment_id`, `position_x`, `position_y`, `position_z`, `orientation`, `spawntimesecs`, `spawndist`, `currentwaypoint`, `curhealth`, `curmana`, `MovementType`, `unit_flags`, `pool_id`, `patch_min`, `patch_max`) VALUES ('145133', '530', '1', NULL, '0', '-3061.44', '2541.2', '62.3585', '4.36161', '120', '0', '0', '0', '0', '0', '0', '0', '0', '10');
INSERT INTO spawn_group (`groupId`, `spawnType`, `spawnId`) VALUES ('2', '0', '145133');
INSERT INTO creature_entry (`spawnID`, `entry`) VALUES ('145132', '21788');
INSERT INTO creature (`spawnID`, `map`, `spawnMask`, `modelid`, `equipment_id`, `position_x`, `position_y`, `position_z`, `orientation`, `spawntimesecs`, `spawndist`, `currentwaypoint`, `curhealth`, `curmana`, `MovementType`, `unit_flags`, `pool_id`, `patch_min`, `patch_max`) VALUES ('145132', '530', '1', NULL, '0', '-3020.44', '2502.76', '62.7676', '0.296706', '120', '0', '0', '0', '0', '0', '0', '0', '0', '10');
INSERT INTO spawn_group (`groupId`, `spawnType`, `spawnId`) VALUES ('2', '0', '145132');
INSERT INTO creature_entry (`spawnID`, `entry`) VALUES ('145131', '21788');
INSERT INTO creature (`spawnID`, `map`, `spawnMask`, `modelid`, `equipment_id`, `position_x`, `position_y`, `position_z`, `orientation`, `spawntimesecs`, `spawndist`, `currentwaypoint`, `curhealth`, `curmana`, `MovementType`, `unit_flags`, `pool_id`, `patch_min`, `patch_max`) VALUES ('145131', '530', '1', NULL, '0', '-3001.51', '2507.45', '61.3395', '1.55334', '120', '0', '0', '0', '0', '0', '0', '0', '0', '10');
INSERT INTO spawn_group (`groupId`, `spawnType`, `spawnId`) VALUES ('2', '0', '145131');
INSERT INTO creature_entry (`spawnID`, `entry`) VALUES ('145130', '21788');
INSERT INTO creature (`spawnID`, `map`, `spawnMask`, `modelid`, `equipment_id`, `position_x`, `position_y`, `position_z`, `orientation`, `spawntimesecs`, `spawndist`, `currentwaypoint`, `curhealth`, `curmana`, `MovementType`, `unit_flags`, `pool_id`, `patch_min`, `patch_max`) VALUES ('145130', '530', '1', NULL, '0', '-3036.08', '2528.19', '63.4115', '5.16617', '120', '0', '0', '0', '0', '0', '0', '0', '0', '10');
INSERT INTO spawn_group (`groupId`, `spawnType`, `spawnId`) VALUES ('2', '0', '145130');
INSERT INTO creature_entry (`spawnID`, `entry`) VALUES ('145129', '21788');
INSERT INTO creature (`spawnID`, `map`, `spawnMask`, `modelid`, `equipment_id`, `position_x`, `position_y`, `position_z`, `orientation`, `spawntimesecs`, `spawndist`, `currentwaypoint`, `curhealth`, `curmana`, `MovementType`, `unit_flags`, `pool_id`, `patch_min`, `patch_max`) VALUES ('145129', '530', '1', NULL, '0', '-3130.25', '2537.19', '61.8125', '0.925025', '120', '0', '0', '0', '0', '0', '0', '0', '0', '10');
INSERT INTO spawn_group (`groupId`, `spawnType`, `spawnId`) VALUES ('2', '0', '145129');
INSERT INTO creature_entry (`spawnID`, `entry`) VALUES ('145128', '21788');
INSERT INTO creature (`spawnID`, `map`, `spawnMask`, `modelid`, `equipment_id`, `position_x`, `position_y`, `position_z`, `orientation`, `spawntimesecs`, `spawndist`, `currentwaypoint`, `curhealth`, `curmana`, `MovementType`, `unit_flags`, `pool_id`, `patch_min`, `patch_max`) VALUES ('145128', '530', '1', NULL, '0', '-3067.42', '2495.91', '64.7398', '1.5708', '120', '0', '0', '0', '0', '0', '0', '0', '0', '10');
INSERT INTO spawn_group (`groupId`, `spawnType`, `spawnId`) VALUES ('2', '0', '145128');
INSERT INTO creature_entry (`spawnID`, `entry`) VALUES ('145127', '21788');
INSERT INTO creature (`spawnID`, `map`, `spawnMask`, `modelid`, `equipment_id`, `position_x`, `position_y`, `position_z`, `orientation`, `spawntimesecs`, `spawndist`, `currentwaypoint`, `curhealth`, `curmana`, `MovementType`, `unit_flags`, `pool_id`, `patch_min`, `patch_max`) VALUES ('145127', '530', '1', NULL, '0', '-3079.53', '2527.94', '62.6586', '0.15708', '120', '0', '0', '0', '0', '0', '0', '0', '0', '10');
INSERT INTO spawn_group (`groupId`, `spawnType`, `spawnId`) VALUES ('2', '0', '145127');
INSERT INTO creature_entry (`spawnID`, `entry`) VALUES ('145126', '21788');
INSERT INTO creature (`spawnID`, `map`, `spawnMask`, `modelid`, `equipment_id`, `position_x`, `position_y`, `position_z`, `orientation`, `spawntimesecs`, `spawndist`, `currentwaypoint`, `curhealth`, `curmana`, `MovementType`, `unit_flags`, `pool_id`, `patch_min`, `patch_max`) VALUES ('145126', '530', '1', NULL, '0', '-3034.21', '2499.92', '63.1432', '1.48353', '120', '0', '0', '0', '0', '0', '0', '0', '0', '10');
INSERT INTO spawn_group (`groupId`, `spawnType`, `spawnId`) VALUES ('2', '0', '145126');
INSERT INTO creature_entry (`spawnID`, `entry`) VALUES ('145125', '21788');
INSERT INTO creature (`spawnID`, `map`, `spawnMask`, `modelid`, `equipment_id`, `position_x`, `position_y`, `position_z`, `orientation`, `spawntimesecs`, `spawndist`, `currentwaypoint`, `curhealth`, `curmana`, `MovementType`, `unit_flags`, `pool_id`, `patch_min`, `patch_max`) VALUES ('145125', '530', '1', NULL, '0', '-3122.75', '2501.01', '62.7039', '5.51524', '120', '0', '0', '0', '0', '0', '0', '0', '0', '10');
INSERT INTO spawn_group (`groupId`, `spawnType`, `spawnId`) VALUES ('2', '0', '145125');
INSERT INTO creature_entry (`spawnID`, `entry`) VALUES ('145124', '21788');
INSERT INTO creature (`spawnID`, `map`, `spawnMask`, `modelid`, `equipment_id`, `position_x`, `position_y`, `position_z`, `orientation`, `spawntimesecs`, `spawndist`, `currentwaypoint`, `curhealth`, `curmana`, `MovementType`, `unit_flags`, `pool_id`, `patch_min`, `patch_max`) VALUES ('145124', '530', '1', NULL, '0', '-3061.51', '2459.65', '65.1814', '4.5204', '120', '0', '0', '0', '0', '0', '0', '0', '0', '10');
INSERT INTO spawn_group (`groupId`, `spawnType`, `spawnId`) VALUES ('2', '0', '145124');
INSERT INTO creature_entry (`spawnID`, `entry`) VALUES ('145123', '21788');
INSERT INTO creature (`spawnID`, `map`, `spawnMask`, `modelid`, `equipment_id`, `position_x`, `position_y`, `position_z`, `orientation`, `spawntimesecs`, `spawndist`, `currentwaypoint`, `curhealth`, `curmana`, `MovementType`, `unit_flags`, `pool_id`, `patch_min`, `patch_max`) VALUES ('145123', '530', '1', NULL, '0', '-3125.39', '2489.52', '62.0623', '5.11381', '120', '0', '0', '0', '0', '0', '0', '0', '0', '10');
INSERT INTO spawn_group (`groupId`, `spawnType`, `spawnId`) VALUES ('2', '0', '145123');
INSERT INTO creature_entry (`spawnID`, `entry`) VALUES ('145122', '21788');
INSERT INTO creature (`spawnID`, `map`, `spawnMask`, `modelid`, `equipment_id`, `position_x`, `position_y`, `position_z`, `orientation`, `spawntimesecs`, `spawndist`, `currentwaypoint`, `curhealth`, `curmana`, `MovementType`, `unit_flags`, `pool_id`, `patch_min`, `patch_max`) VALUES ('145122', '530', '1', NULL, '0', '-3068.81', '2447.56', '64.6261', '1.38029', '120', '0', '0', '0', '0', '0', '0', '0', '0', '10');
INSERT INTO spawn_group (`groupId`, `spawnType`, `spawnId`) VALUES ('2', '0', '145122');
INSERT INTO creature_entry (`spawnID`, `entry`) VALUES ('145121', '21788');
INSERT INTO creature (`spawnID`, `map`, `spawnMask`, `modelid`, `equipment_id`, `position_x`, `position_y`, `position_z`, `orientation`, `spawntimesecs`, `spawndist`, `currentwaypoint`, `curhealth`, `curmana`, `MovementType`, `unit_flags`, `pool_id`, `patch_min`, `patch_max`) VALUES ('145121', '530', '1', NULL, '0', '-3138.01', '2452.76', '63.8288', '4.15388', '120', '0', '0', '0', '0', '0', '0', '0', '0', '10');
INSERT INTO spawn_group (`groupId`, `spawnType`, `spawnId`) VALUES ('2', '0', '145121');
INSERT INTO creature_entry (`spawnID`, `entry`) VALUES ('145120', '21788');
INSERT INTO creature (`spawnID`, `map`, `spawnMask`, `modelid`, `equipment_id`, `position_x`, `position_y`, `position_z`, `orientation`, `spawntimesecs`, `spawndist`, `currentwaypoint`, `curhealth`, `curmana`, `MovementType`, `unit_flags`, `pool_id`, `patch_min`, `patch_max`) VALUES ('145120', '530', '1', NULL, '0', '-3115.36', '2440.23', '64.6714', '1.90241', '120', '0', '0', '0', '0', '0', '0', '0', '0', '10');
INSERT INTO spawn_group (`groupId`, `spawnType`, `spawnId`) VALUES ('2', '0', '145120');
INSERT INTO creature_entry (`spawnID`, `entry`) VALUES ('145119', '21788');
INSERT INTO creature (`spawnID`, `map`, `spawnMask`, `modelid`, `equipment_id`, `position_x`, `position_y`, `position_z`, `orientation`, `spawntimesecs`, `spawndist`, `currentwaypoint`, `curhealth`, `curmana`, `MovementType`, `unit_flags`, `pool_id`, `patch_min`, `patch_max`) VALUES ('145119', '530', '1', NULL, '0', '-3090.62', '2402.48', '63.1453', '4.31096', '120', '0', '0', '0', '0', '0', '0', '0', '0', '10');
INSERT INTO spawn_group (`groupId`, `spawnType`, `spawnId`) VALUES ('2', '0', '145119');
INSERT INTO creature_entry (`spawnID`, `entry`) VALUES ('145137', '21788');
INSERT INTO creature (`spawnID`, `map`, `spawnMask`, `modelid`, `equipment_id`, `position_x`, `position_y`, `position_z`, `orientation`, `spawntimesecs`, `spawndist`, `currentwaypoint`, `curhealth`, `curmana`, `MovementType`, `unit_flags`, `pool_id`, `patch_min`, `patch_max`) VALUES ('145137', '530', '1', NULL, '0', '-3115.36', '2556.79', '61.9194', '0.314159', '120', '0', '0', '0', '0', '0', '0', '0', '0', '10');
INSERT INTO spawn_group (`groupId`, `spawnType`, `spawnId`) VALUES ('2', '0', '145137');
INSERT INTO creature_entry (`spawnID`, `entry`) VALUES ('145138', '21788');
INSERT INTO creature (`spawnID`, `map`, `spawnMask`, `modelid`, `equipment_id`, `position_x`, `position_y`, `position_z`, `orientation`, `spawntimesecs`, `spawndist`, `currentwaypoint`, `curhealth`, `curmana`, `MovementType`, `unit_flags`, `pool_id`, `patch_min`, `patch_max`) VALUES ('145138', '530', '1', NULL, '0', '-3133.63', '2548.74', '62.054', '6.19592', '120', '0', '0', '0', '0', '0', '0', '0', '0', '10');
INSERT INTO spawn_group (`groupId`, `spawnType`, `spawnId`) VALUES ('2', '0', '145138');
INSERT INTO creature_entry (`spawnID`, `entry`) VALUES ('145139', '21788');
INSERT INTO creature (`spawnID`, `map`, `spawnMask`, `modelid`, `equipment_id`, `position_x`, `position_y`, `position_z`, `orientation`, `spawntimesecs`, `spawndist`, `currentwaypoint`, `curhealth`, `curmana`, `MovementType`, `unit_flags`, `pool_id`, `patch_min`, `patch_max`) VALUES ('145139', '530', '1', NULL, '0', '-2985.53', '2556.82', '76.6267', '3.9619', '120', '0', '0', '0', '0', '0', '0', '0', '0', '10');
INSERT INTO spawn_group (`groupId`, `spawnType`, `spawnId`) VALUES ('2', '0', '145139');
INSERT INTO creature_entry (`spawnID`, `entry`) VALUES ('145141', '21788');
INSERT INTO creature (`spawnID`, `map`, `spawnMask`, `modelid`, `equipment_id`, `position_x`, `position_y`, `position_z`, `orientation`, `spawntimesecs`, `spawndist`, `currentwaypoint`, `curhealth`, `curmana`, `MovementType`, `unit_flags`, `pool_id`, `patch_min`, `patch_max`) VALUES ('145141', '530', '1', NULL, '0', '-3116.47', '2572.71', '61.8892', '0.10472', '120', '0', '0', '0', '0', '0', '0', '0', '0', '10');
INSERT INTO spawn_group (`groupId`, `spawnType`, `spawnId`) VALUES ('2', '0', '145141');
INSERT INTO creature_entry (`spawnID`, `entry`) VALUES ('145142', '21788');
INSERT INTO creature (`spawnID`, `map`, `spawnMask`, `modelid`, `equipment_id`, `position_x`, `position_y`, `position_z`, `orientation`, `spawntimesecs`, `spawndist`, `currentwaypoint`, `curhealth`, `curmana`, `MovementType`, `unit_flags`, `pool_id`, `patch_min`, `patch_max`) VALUES ('145142', '530', '1', NULL, '0', '-3090.44', '2579.88', '61.8531', '4.81711', '120', '0', '0', '0', '0', '0', '0', '0', '0', '10');
INSERT INTO spawn_group (`groupId`, `spawnType`, `spawnId`) VALUES ('2', '0', '145142');
INSERT INTO creature_entry (`spawnID`, `entry`) VALUES ('145143', '21788');
INSERT INTO creature (`spawnID`, `map`, `spawnMask`, `modelid`, `equipment_id`, `position_x`, `position_y`, `position_z`, `orientation`, `spawntimesecs`, `spawndist`, `currentwaypoint`, `curhealth`, `curmana`, `MovementType`, `unit_flags`, `pool_id`, `patch_min`, `patch_max`) VALUES ('145143', '530', '1', NULL, '0', '-3147.67', '2577.58', '62.381', '1.8675', '120', '0', '0', '0', '0', '0', '0', '0', '0', '10');
INSERT INTO spawn_group (`groupId`, `spawnType`, `spawnId`) VALUES ('2', '0', '145143');
INSERT INTO creature_entry (`spawnID`, `entry`) VALUES ('145144', '21788');
INSERT INTO creature (`spawnID`, `map`, `spawnMask`, `modelid`, `equipment_id`, `position_x`, `position_y`, `position_z`, `orientation`, `spawntimesecs`, `spawndist`, `currentwaypoint`, `curhealth`, `curmana`, `MovementType`, `unit_flags`, `pool_id`, `patch_min`, `patch_max`) VALUES ('145144', '530', '1', NULL, '0', '-3133.15', '2585.91', '61.8072', '2.86234', '120', '0', '0', '0', '0', '0', '0', '0', '0', '10');
INSERT INTO spawn_group (`groupId`, `spawnType`, `spawnId`) VALUES ('2', '0', '145144');
INSERT INTO creature_entry (`spawnID`, `entry`) VALUES ('145146', '21788');
INSERT INTO creature (`spawnID`, `map`, `spawnMask`, `modelid`, `equipment_id`, `position_x`, `position_y`, `position_z`, `orientation`, `spawntimesecs`, `spawndist`, `currentwaypoint`, `curhealth`, `curmana`, `MovementType`, `unit_flags`, `pool_id`, `patch_min`, `patch_max`) VALUES ('145146', '530', '1', NULL, '0', '-3163.9', '2579.59', '62.7035', '0.488692', '120', '0', '0', '0', '0', '0', '0', '0', '0', '10');
INSERT INTO spawn_group (`groupId`, `spawnType`, `spawnId`) VALUES ('2', '0', '145146');
INSERT INTO creature_entry (`spawnID`, `entry`) VALUES ('145147', '21788');
INSERT INTO creature (`spawnID`, `map`, `spawnMask`, `modelid`, `equipment_id`, `position_x`, `position_y`, `position_z`, `orientation`, `spawntimesecs`, `spawndist`, `currentwaypoint`, `curhealth`, `curmana`, `MovementType`, `unit_flags`, `pool_id`, `patch_min`, `patch_max`) VALUES ('145147', '530', '1', NULL, '0', '-3144.15', '2617.15', '61.8556', '3.75246', '120', '0', '0', '0', '0', '0', '0', '0', '0', '10');
INSERT INTO spawn_group (`groupId`, `spawnType`, `spawnId`) VALUES ('2', '0', '145147');
INSERT INTO creature_entry (`spawnID`, `entry`) VALUES ('145148', '21788');
INSERT INTO creature (`spawnID`, `map`, `spawnMask`, `modelid`, `equipment_id`, `position_x`, `position_y`, `position_z`, `orientation`, `spawntimesecs`, `spawndist`, `currentwaypoint`, `curhealth`, `curmana`, `MovementType`, `unit_flags`, `pool_id`, `patch_min`, `patch_max`) VALUES ('145148', '530', '1', NULL, '0', '-2963.02', '2518.09', '78.1958', '0.10472', '120', '0', '0', '0', '0', '0', '0', '0', '0', '10');
INSERT INTO spawn_group (`groupId`, `spawnType`, `spawnId`) VALUES ('2', '0', '145148');
INSERT INTO creature_entry (`spawnID`, `entry`) VALUES ('145149', '21788');
INSERT INTO creature (`spawnID`, `map`, `spawnMask`, `modelid`, `equipment_id`, `position_x`, `position_y`, `position_z`, `orientation`, `spawntimesecs`, `spawndist`, `currentwaypoint`, `curhealth`, `curmana`, `MovementType`, `unit_flags`, `pool_id`, `patch_min`, `patch_max`) VALUES ('145149', '530', '1', NULL, '0', '-2965.68', '2540.96', '76.6267', '4.45059', '120', '0', '0', '0', '0', '0', '0', '0', '0', '10');
INSERT INTO spawn_group (`groupId`, `spawnType`, `spawnId`) VALUES ('2', '0', '145149');
INSERT INTO creature_entry (`spawnID`, `entry`) VALUES ('145150', '21788');
INSERT INTO creature (`spawnID`, `map`, `spawnMask`, `modelid`, `equipment_id`, `position_x`, `position_y`, `position_z`, `orientation`, `spawntimesecs`, `spawndist`, `currentwaypoint`, `curhealth`, `curmana`, `MovementType`, `unit_flags`, `pool_id`, `patch_min`, `patch_max`) VALUES ('145150', '530', '1', NULL, '0', '-2977.32', '2574.98', '76.6267', '1.41372', '120', '0', '0', '0', '0', '0', '0', '0', '0', '10');
INSERT INTO spawn_group (`groupId`, `spawnType`, `spawnId`) VALUES ('2', '0', '145150');
INSERT INTO creature_entry (`spawnID`, `entry`) VALUES ('145151', '21788');
INSERT INTO creature (`spawnID`, `map`, `spawnMask`, `modelid`, `equipment_id`, `position_x`, `position_y`, `position_z`, `orientation`, `spawntimesecs`, `spawndist`, `currentwaypoint`, `curhealth`, `curmana`, `MovementType`, `unit_flags`, `pool_id`, `patch_min`, `patch_max`) VALUES ('145151', '530', '1', NULL, '0', '-2999.42', '2619.98', '76.7438', '1.65806', '120', '0', '0', '0', '0', '0', '0', '0', '0', '10');
INSERT INTO spawn_group (`groupId`, `spawnType`, `spawnId`) VALUES ('2', '0', '145151');
INSERT INTO creature_entry (`spawnID`, `entry`) VALUES ('145152', '21788');
INSERT INTO creature (`spawnID`, `map`, `spawnMask`, `modelid`, `equipment_id`, `position_x`, `position_y`, `position_z`, `orientation`, `spawntimesecs`, `spawndist`, `currentwaypoint`, `curhealth`, `curmana`, `MovementType`, `unit_flags`, `pool_id`, `patch_min`, `patch_max`) VALUES ('145152', '530', '1', NULL, '0', '-3046.55', '2641.27', '76.6267', '5.91667', '120', '0', '0', '0', '0', '0', '0', '0', '0', '10');
INSERT INTO spawn_group (`groupId`, `spawnType`, `spawnId`) VALUES ('2', '0', '145152');
INSERT INTO creature_entry (`spawnID`, `entry`) VALUES ('145153', '21788');
INSERT INTO creature (`spawnID`, `map`, `spawnMask`, `modelid`, `equipment_id`, `position_x`, `position_y`, `position_z`, `orientation`, `spawntimesecs`, `spawndist`, `currentwaypoint`, `curhealth`, `curmana`, `MovementType`, `unit_flags`, `pool_id`, `patch_min`, `patch_max`) VALUES ('145153', '530', '1', NULL, '0', '-3028.98', '2656.45', '77.0468', '4.20624', '120', '0', '0', '0', '0', '0', '0', '0', '0', '10');
INSERT INTO spawn_group (`groupId`, `spawnType`, `spawnId`) VALUES ('2', '0', '145153');
INSERT INTO creature_entry (`spawnID`, `entry`) VALUES ('145154', '21788');
INSERT INTO creature (`spawnID`, `map`, `spawnMask`, `modelid`, `equipment_id`, `position_x`, `position_y`, `position_z`, `orientation`, `spawntimesecs`, `spawndist`, `currentwaypoint`, `curhealth`, `curmana`, `MovementType`, `unit_flags`, `pool_id`, `patch_min`, `patch_max`) VALUES ('145154', '530', '1', NULL, '0', '-2945.42', '2632.53', '91.9781', '3.91042', '120', '0', '0', '0', '0', '0', '0', '0', '0', '10');
INSERT INTO spawn_group (`groupId`, `spawnType`, `spawnId`) VALUES ('2', '0', '145154');
INSERT INTO creature_entry (`spawnID`, `entry`) VALUES ('145155', '21788');
INSERT INTO creature (`spawnID`, `map`, `spawnMask`, `modelid`, `equipment_id`, `position_x`, `position_y`, `position_z`, `orientation`, `spawntimesecs`, `spawndist`, `currentwaypoint`, `curhealth`, `curmana`, `MovementType`, `unit_flags`, `pool_id`, `patch_min`, `patch_max`) VALUES ('145155', '530', '1', NULL, '0', '-2907.58', '2603.01', '93.7636', '2.42601', '120', '0', '0', '0', '0', '0', '0', '0', '0', '10');
INSERT INTO spawn_group (`groupId`, `spawnType`, `spawnId`) VALUES ('2', '0', '145155');
INSERT INTO creature_entry (`spawnID`, `entry`) VALUES ('145156', '21788');
INSERT INTO creature (`spawnID`, `map`, `spawnMask`, `modelid`, `equipment_id`, `position_x`, `position_y`, `position_z`, `orientation`, `spawntimesecs`, `spawndist`, `currentwaypoint`, `curhealth`, `curmana`, `MovementType`, `unit_flags`, `pool_id`, `patch_min`, `patch_max`) VALUES ('145156', '530', '1', NULL, '0', '-2903.63', '2615.3', '93.7636', '3.07178', '120', '0', '0', '0', '0', '0', '0', '0', '0', '10');
INSERT INTO spawn_group (`groupId`, `spawnType`, `spawnId`) VALUES ('2', '0', '145156');
INSERT INTO creature_entry (`spawnID`, `entry`) VALUES ('145157', '21788');
INSERT INTO creature (`spawnID`, `map`, `spawnMask`, `modelid`, `equipment_id`, `position_x`, `position_y`, `position_z`, `orientation`, `spawntimesecs`, `spawndist`, `currentwaypoint`, `curhealth`, `curmana`, `MovementType`, `unit_flags`, `pool_id`, `patch_min`, `patch_max`) VALUES ('145157', '530', '1', NULL, '0', '-2926.18', '2646.12', '93.7365', '3.68265', '120', '0', '0', '0', '0', '0', '0', '0', '0', '10');
INSERT INTO spawn_group (`groupId`, `spawnType`, `spawnId`) VALUES ('2', '0', '145157');
INSERT INTO creature_entry (`spawnID`, `entry`) VALUES ('145158', '21788');
INSERT INTO creature (`spawnID`, `map`, `spawnMask`, `modelid`, `equipment_id`, `position_x`, `position_y`, `position_z`, `orientation`, `spawntimesecs`, `spawndist`, `currentwaypoint`, `curhealth`, `curmana`, `MovementType`, `unit_flags`, `pool_id`, `patch_min`, `patch_max`) VALUES ('145158', '530', '1', NULL, '0', '-2932.27', '2652.53', '93.7619', '3.9619', '120', '0', '0', '0', '0', '0', '0', '0', '0', '10');
INSERT INTO spawn_group (`groupId`, `spawnType`, `spawnId`) VALUES ('2', '0', '145158');
INSERT INTO creature_entry (`spawnID`, `entry`) VALUES ('145159', '21788');
INSERT INTO creature (`spawnID`, `map`, `spawnMask`, `modelid`, `equipment_id`, `position_x`, `position_y`, `position_z`, `orientation`, `spawntimesecs`, `spawndist`, `currentwaypoint`, `curhealth`, `curmana`, `MovementType`, `unit_flags`, `pool_id`, `patch_min`, `patch_max`) VALUES ('145159', '530', '1', NULL, '0', '-2939.04', '2675.21', '93.7636', '4.43314', '120', '0', '0', '0', '0', '0', '0', '0', '0', '10');
INSERT INTO spawn_group (`groupId`, `spawnType`, `spawnId`) VALUES ('2', '0', '145159');
DELETE ce, c1, c2, sg FROM creature_entry ce LEFT JOIN conditions c1 ON c1.ConditionTypeOrReference = 31 AND c1.ConditionValue1 = 3 AND c1.ConditionValue3 = 1078649 LEFT JOIN conditions c2 ON c2.SourceTypeOrReferenceId = 22 AND c2.SourceId = 0 AND c1.SourceEntry = -1078649 LEFT JOIN spawn_group sg ON sg.spawnId = 1078649 AND spawnType = 0 WHERE ce.spawnID = 1078649;
DELETE ce, c1, c2, sg FROM creature_entry ce LEFT JOIN conditions c1 ON c1.ConditionTypeOrReference = 31 AND c1.ConditionValue1 = 3 AND c1.ConditionValue3 = 1078657 LEFT JOIN conditions c2 ON c2.SourceTypeOrReferenceId = 22 AND c2.SourceId = 0 AND c1.SourceEntry = -1078657 LEFT JOIN spawn_group sg ON sg.spawnId = 1078657 AND spawnType = 0 WHERE ce.spawnID = 1078657;
DELETE ce, c1, c2, sg FROM creature_entry ce LEFT JOIN conditions c1 ON c1.ConditionTypeOrReference = 31 AND c1.ConditionValue1 = 3 AND c1.ConditionValue3 = 1078661 LEFT JOIN conditions c2 ON c2.SourceTypeOrReferenceId = 22 AND c2.SourceId = 0 AND c1.SourceEntry = -1078661 LEFT JOIN spawn_group sg ON sg.spawnId = 1078661 AND spawnType = 0 WHERE ce.spawnID = 1078661;
DELETE ce, c1, c2, sg FROM creature_entry ce LEFT JOIN conditions c1 ON c1.ConditionTypeOrReference = 31 AND c1.ConditionValue1 = 3 AND c1.ConditionValue3 = 1084720 LEFT JOIN conditions c2 ON c2.SourceTypeOrReferenceId = 22 AND c2.SourceId = 0 AND c1.SourceEntry = -1084720 LEFT JOIN spawn_group sg ON sg.spawnId = 1084720 AND spawnType = 0 WHERE ce.spawnID = 1084720;
DELETE ce, c1, c2, sg FROM creature_entry ce LEFT JOIN conditions c1 ON c1.ConditionTypeOrReference = 31 AND c1.ConditionValue1 = 3 AND c1.ConditionValue3 = 1085069 LEFT JOIN conditions c2 ON c2.SourceTypeOrReferenceId = 22 AND c2.SourceId = 0 AND c1.SourceEntry = -1085069 LEFT JOIN spawn_group sg ON sg.spawnId = 1085069 AND spawnType = 0 WHERE ce.spawnID = 1085069;
DELETE ce, c1, c2, sg FROM creature_entry ce LEFT JOIN conditions c1 ON c1.ConditionTypeOrReference = 31 AND c1.ConditionValue1 = 3 AND c1.ConditionValue3 = 1085080 LEFT JOIN conditions c2 ON c2.SourceTypeOrReferenceId = 22 AND c2.SourceId = 0 AND c1.SourceEntry = -1085080 LEFT JOIN spawn_group sg ON sg.spawnId = 1085080 AND spawnType = 0 WHERE ce.spawnID = 1085080;
DELETE ce, c1, c2, sg FROM creature_entry ce LEFT JOIN conditions c1 ON c1.ConditionTypeOrReference = 31 AND c1.ConditionValue1 = 3 AND c1.ConditionValue3 = 1085081 LEFT JOIN conditions c2 ON c2.SourceTypeOrReferenceId = 22 AND c2.SourceId = 0 AND c1.SourceEntry = -1085081 LEFT JOIN spawn_group sg ON sg.spawnId = 1085081 AND spawnType = 0 WHERE ce.spawnID = 1085081;
DELETE ce, c1, c2, sg FROM creature_entry ce LEFT JOIN conditions c1 ON c1.ConditionTypeOrReference = 31 AND c1.ConditionValue1 = 3 AND c1.ConditionValue3 = 1085082 LEFT JOIN conditions c2 ON c2.SourceTypeOrReferenceId = 22 AND c2.SourceId = 0 AND c1.SourceEntry = -1085082 LEFT JOIN spawn_group sg ON sg.spawnId = 1085082 AND spawnType = 0 WHERE ce.spawnID = 1085082;
DELETE ce, c1, c2, sg FROM creature_entry ce LEFT JOIN conditions c1 ON c1.ConditionTypeOrReference = 31 AND c1.ConditionValue1 = 3 AND c1.ConditionValue3 = 1085083 LEFT JOIN conditions c2 ON c2.SourceTypeOrReferenceId = 22 AND c2.SourceId = 0 AND c1.SourceEntry = -1085083 LEFT JOIN spawn_group sg ON sg.spawnId = 1085083 AND spawnType = 0 WHERE ce.spawnID = 1085083;
DELETE ce, c1, c2, sg FROM creature_entry ce LEFT JOIN conditions c1 ON c1.ConditionTypeOrReference = 31 AND c1.ConditionValue1 = 3 AND c1.ConditionValue3 = 1085084 LEFT JOIN conditions c2 ON c2.SourceTypeOrReferenceId = 22 AND c2.SourceId = 0 AND c1.SourceEntry = -1085084 LEFT JOIN spawn_group sg ON sg.spawnId = 1085084 AND spawnType = 0 WHERE ce.spawnID = 1085084;
DELETE ce, c1, c2, sg FROM creature_entry ce LEFT JOIN conditions c1 ON c1.ConditionTypeOrReference = 31 AND c1.ConditionValue1 = 3 AND c1.ConditionValue3 = 1092583 LEFT JOIN conditions c2 ON c2.SourceTypeOrReferenceId = 22 AND c2.SourceId = 0 AND c1.SourceEntry = -1092583 LEFT JOIN spawn_group sg ON sg.spawnId = 1092583 AND spawnType = 0 WHERE ce.spawnID = 1092583;
DELETE ce, c1, c2, sg FROM creature_entry ce LEFT JOIN conditions c1 ON c1.ConditionTypeOrReference = 31 AND c1.ConditionValue1 = 3 AND c1.ConditionValue3 = 1093077 LEFT JOIN conditions c2 ON c2.SourceTypeOrReferenceId = 22 AND c2.SourceId = 0 AND c1.SourceEntry = -1093077 LEFT JOIN spawn_group sg ON sg.spawnId = 1093077 AND spawnType = 0 WHERE ce.spawnID = 1093077;
DELETE ce, c1, c2, sg FROM creature_entry ce LEFT JOIN conditions c1 ON c1.ConditionTypeOrReference = 31 AND c1.ConditionValue1 = 3 AND c1.ConditionValue3 = 1093079 LEFT JOIN conditions c2 ON c2.SourceTypeOrReferenceId = 22 AND c2.SourceId = 0 AND c1.SourceEntry = -1093079 LEFT JOIN spawn_group sg ON sg.spawnId = 1093079 AND spawnType = 0 WHERE ce.spawnID = 1093079;
DELETE ce, c1, c2, sg FROM creature_entry ce LEFT JOIN conditions c1 ON c1.ConditionTypeOrReference = 31 AND c1.ConditionValue1 = 3 AND c1.ConditionValue3 = 1093083 LEFT JOIN conditions c2 ON c2.SourceTypeOrReferenceId = 22 AND c2.SourceId = 0 AND c1.SourceEntry = -1093083 LEFT JOIN spawn_group sg ON sg.spawnId = 1093083 AND spawnType = 0 WHERE ce.spawnID = 1093083;
DELETE ce, c1, c2, sg FROM creature_entry ce LEFT JOIN conditions c1 ON c1.ConditionTypeOrReference = 31 AND c1.ConditionValue1 = 3 AND c1.ConditionValue3 = 1093108 LEFT JOIN conditions c2 ON c2.SourceTypeOrReferenceId = 22 AND c2.SourceId = 0 AND c1.SourceEntry = -1093108 LEFT JOIN spawn_group sg ON sg.spawnId = 1093108 AND spawnType = 0 WHERE ce.spawnID = 1093108;
DELETE ce, c1, c2, sg FROM creature_entry ce LEFT JOIN conditions c1 ON c1.ConditionTypeOrReference = 31 AND c1.ConditionValue1 = 3 AND c1.ConditionValue3 = 1093109 LEFT JOIN conditions c2 ON c2.SourceTypeOrReferenceId = 22 AND c2.SourceId = 0 AND c1.SourceEntry = -1093109 LEFT JOIN spawn_group sg ON sg.spawnId = 1093109 AND spawnType = 0 WHERE ce.spawnID = 1093109;


-- Importing creature spawn with guid 145135 with import type REPLACE_ALL


-- Importing creature spawn with guid 145134 with import type REPLACE_ALL


-- Importing creature spawn with guid 145133 with import type REPLACE_ALL


-- Importing creature spawn with guid 145132 with import type REPLACE_ALL


-- Importing creature spawn with guid 145131 with import type REPLACE_ALL


-- Importing creature spawn with guid 145130 with import type REPLACE_ALL


-- Importing creature spawn with guid 145129 with import type REPLACE_ALL


-- Importing creature spawn with guid 145128 with import type REPLACE_ALL


-- Importing creature spawn with guid 145127 with import type REPLACE_ALL


-- Importing creature spawn with guid 145126 with import type REPLACE_ALL


-- Importing creature spawn with guid 145125 with import type REPLACE_ALL


-- Importing creature spawn with guid 145124 with import type REPLACE_ALL


-- Importing creature spawn with guid 145123 with import type REPLACE_ALL


-- Importing creature spawn with guid 145122 with import type REPLACE_ALL


-- Importing creature spawn with guid 145121 with import type REPLACE_ALL


-- Importing creature spawn with guid 145120 with import type REPLACE_ALL


-- Importing creature spawn with guid 145119 with import type REPLACE_ALL


-- Importing creature spawn with guid 51799 with import type REPLACE_ALL
INSERT INTO creature_entry (`spawnID`, `entry`) VALUES ('43854', '11733');
-- Has LK modelid 12154 already in creature template, set to 0.
INSERT INTO creature (`spawnID`, `map`, `spawnMask`, `modelid`, `equipment_id`, `position_x`, `position_y`, `position_z`, `orientation`, `spawntimesecs`, `spawndist`, `currentwaypoint`, `curhealth`, `curmana`, `MovementType`, `unit_flags`, `pool_id`, `patch_min`, `patch_max`) VALUES ('43854', '1', '1', NULL, '0', '-7730.75', '618.764', '-45.412', '0.105159', '300', '10', '0', '3849', '0', '1', '0', '0', '0', '10');
INSERT INTO spawn_group (`groupId`, `spawnType`, `spawnId`) VALUES ('2', '0', '43854');
INSERT INTO creature_entry (`spawnID`, `entry`) VALUES ('43856', '11733');
-- Has LK modelid 12154 already in creature template, set to 0.
INSERT INTO creature (`spawnID`, `map`, `spawnMask`, `modelid`, `equipment_id`, `position_x`, `position_y`, `position_z`, `orientation`, `spawntimesecs`, `spawndist`, `currentwaypoint`, `curhealth`, `curmana`, `MovementType`, `unit_flags`, `pool_id`, `patch_min`, `patch_max`) VALUES ('43856', '1', '1', NULL, '0', '-7782.31', '577.35', '-40.9354', '6.22649', '300', '25', '0', '3849', '0', '1', '0', '0', '0', '10');
INSERT INTO spawn_group (`groupId`, `spawnType`, `spawnId`) VALUES ('2', '0', '43856');
INSERT INTO creature_entry (`spawnID`, `entry`) VALUES ('43860', '11733');
-- Has LK modelid 12154 already in creature template, set to 0.
INSERT INTO creature (`spawnID`, `map`, `spawnMask`, `modelid`, `equipment_id`, `position_x`, `position_y`, `position_z`, `orientation`, `spawntimesecs`, `spawndist`, `currentwaypoint`, `curhealth`, `curmana`, `MovementType`, `unit_flags`, `pool_id`, `patch_min`, `patch_max`) VALUES ('43860', '1', '1', NULL, '0', '-7786.77', '396.057', '-31.1785', '2.95109', '300', '25', '0', '3849', '0', '1', '0', '0', '0', '10');
INSERT INTO spawn_group (`groupId`, `spawnType`, `spawnId`) VALUES ('2', '0', '43860');


-- Importing creature spawn with guid 51798 with import type REPLACE_ALL


-- Importing creature spawn with guid 51797 with import type REPLACE_ALL


-- Importing creature spawn with guid 51796 with import type REPLACE_ALL


-- Importing creature spawn with guid 36898 with import type REPLACE_ALL


-- Importing creature spawn with guid 37499 with import type REPLACE_ALL


-- Importing creature spawn with guid 37500 with import type REPLACE_ALL


-- Importing creature spawn with guid 37501 with import type REPLACE_ALL


-- Importing creature spawn with guid 37505 with import type REPLACE_ALL


-- Importing creature spawn with guid 37507 with import type REPLACE_ALL


-- Importing creature spawn with guid 37509 with import type REPLACE_ALL


-- Importing creature spawn with guid 37782 with import type REPLACE_ALL
INSERT INTO creature_entry (`spawnID`, `entry`) VALUES ('87019', '2187');
INSERT INTO creature (`spawnID`, `map`, `spawnMask`, `modelid`, `equipment_id`, `position_x`, `position_y`, `position_z`, `orientation`, `spawntimesecs`, `spawndist`, `currentwaypoint`, `curhealth`, `curmana`, `MovementType`, `unit_flags`, `pool_id`, `patch_min`, `patch_max`) VALUES ('87019', '1', '1', NULL, '0', '7951.68', '-761.708', '-16.9966', '2.80779', '300', '8', '0', '1', '0', '1', '0', '0', '0', '10');
INSERT INTO creature_entry (`spawnID`, `entry`) VALUES ('87020', '2187');
INSERT INTO creature (`spawnID`, `map`, `spawnMask`, `modelid`, `equipment_id`, `position_x`, `position_y`, `position_z`, `orientation`, `spawntimesecs`, `spawndist`, `currentwaypoint`, `curhealth`, `curmana`, `MovementType`, `unit_flags`, `pool_id`, `patch_min`, `patch_max`) VALUES ('87020', '1', '1', NULL, '0', '7943.62', '-902.689', '-19.8649', '2.64677', '300', '8', '0', '1', '0', '1', '0', '0', '0', '10');
INSERT INTO creature_entry (`spawnID`, `entry`) VALUES ('87021', '2187');
INSERT INTO creature (`spawnID`, `map`, `spawnMask`, `modelid`, `equipment_id`, `position_x`, `position_y`, `position_z`, `orientation`, `spawntimesecs`, `spawndist`, `currentwaypoint`, `curhealth`, `curmana`, `MovementType`, `unit_flags`, `pool_id`, `patch_min`, `patch_max`) VALUES ('87021', '1', '1', NULL, '0', '8035.47', '-775.006', '-30.7854', '0.0148895', '300', '8', '0', '1', '0', '1', '0', '0', '0', '10');


-- Importing creature spawn with guid 37783 with import type REPLACE_ALL


-- Importing creature spawn with guid 37784 with import type REPLACE_ALL


-- Importing creature spawn with guid 37785 with import type REPLACE_ALL


-- Importing creature spawn with guid 37786 with import type REPLACE_ALL


-- Importing creature spawn with guid 37787 with import type REPLACE_ALL


-- Importing creature spawn with guid 37788 with import type REPLACE_ALL


-- Importing creature spawn with guid 37789 with import type REPLACE_ALL


-- Importing creature spawn with guid 37790 with import type REPLACE_ALL


-- Importing creature spawn with guid 37791 with import type REPLACE_ALL


-- Importing creature spawn with guid 37792 with import type REPLACE_ALL


-- Importing creature spawn with guid 37793 with import type REPLACE_ALL


-- Importing creature spawn with guid 37794 with import type REPLACE_ALL


-- Importing creature spawn with guid 37795 with import type REPLACE_ALL


-- Importing creature spawn with guid 37796 with import type REPLACE_ALL


-- Importing creature spawn with guid 37797 with import type REPLACE_ALL


-- Importing creature spawn with guid 37798 with import type REPLACE_ALL


-- Importing creature spawn with guid 37799 with import type REPLACE_ALL


-- Importing creature spawn with guid 37800 with import type REPLACE_ALL


-- Importing creature spawn with guid 37801 with import type REPLACE_ALL


-- Importing creature spawn with guid 37802 with import type REPLACE_ALL


-- Importing creature spawn with guid 37803 with import type REPLACE_ALL


-- Importing creature spawn with guid 37804 with import type REPLACE_ALL


-- Importing creature spawn with guid 37805 with import type REPLACE_ALL


-- Importing creature spawn with guid 37806 with import type REPLACE_ALL


-- Importing creature spawn with guid 37807 with import type REPLACE_ALL


-- Importing creature spawn with guid 37808 with import type REPLACE_ALL


-- Importing creature spawn with guid 39257 with import type REPLACE_ALL


-- Importing creature spawn with guid 51795 with import type REPLACE_ALL


-- Importing creature spawn with guid 51794 with import type REPLACE_ALL


-- Importing creature spawn with guid 42343 with import type REPLACE_ALL


-- Importing creature spawn with guid 42344 with import type REPLACE_ALL


-- Importing creature spawn with guid 42346 with import type REPLACE_ALL


-- Importing creature spawn with guid 42348 with import type REPLACE_ALL


-- Importing creature spawn with guid 42350 with import type REPLACE_ALL


-- Importing creature spawn with guid 42353 with import type REPLACE_ALL


-- Importing creature spawn with guid 42374 with import type REPLACE_ALL


-- Importing creature spawn with guid 42375 with import type REPLACE_ALL


-- Importing creature spawn with guid 42376 with import type REPLACE_ALL


-- Importing creature spawn with guid 42377 with import type REPLACE_ALL


-- Importing creature spawn with guid 42378 with import type REPLACE_ALL


-- Importing creature spawn with guid 42379 with import type REPLACE_ALL


-- Importing creature spawn with guid 42380 with import type REPLACE_ALL


-- Importing creature spawn with guid 42399 with import type REPLACE_ALL


-- Importing creature spawn with guid 42402 with import type REPLACE_ALL


-- Importing creature spawn with guid 42404 with import type REPLACE_ALL


-- Importing creature spawn with guid 42422 with import type REPLACE_ALL


-- Importing creature spawn with guid 42423 with import type REPLACE_ALL


-- Importing creature spawn with guid 42425 with import type REPLACE_ALL


-- Importing creature spawn with guid 42427 with import type REPLACE_ALL


-- Importing creature spawn with guid 42433 with import type REPLACE_ALL


-- Importing creature spawn with guid 42434 with import type REPLACE_ALL


-- Importing creature spawn with guid 42435 with import type REPLACE_ALL


-- Importing creature spawn with guid 42438 with import type REPLACE_ALL


-- Importing creature spawn with guid 42439 with import type REPLACE_ALL


-- Importing creature spawn with guid 42441 with import type REPLACE_ALL


-- Importing creature spawn with guid 42445 with import type REPLACE_ALL


-- Importing creature spawn with guid 42446 with import type REPLACE_ALL


-- Importing creature spawn with guid 42447 with import type REPLACE_ALL


-- Importing creature spawn with guid 42452 with import type REPLACE_ALL


-- Importing creature spawn with guid 42455 with import type REPLACE_ALL


-- Importing creature spawn with guid 42456 with import type REPLACE_ALL


-- Importing creature spawn with guid 42457 with import type REPLACE_ALL


-- Importing creature spawn with guid 42458 with import type REPLACE_ALL


-- Importing creature spawn with guid 42459 with import type REPLACE_ALL


-- Importing creature spawn with guid 42461 with import type REPLACE_ALL


-- Importing creature spawn with guid 42464 with import type REPLACE_ALL


-- Importing creature spawn with guid 42465 with import type REPLACE_ALL


-- Importing creature spawn with guid 42469 with import type REPLACE_ALL


-- Importing creature spawn with guid 42472 with import type REPLACE_ALL


-- Importing creature spawn with guid 42474 with import type REPLACE_ALL


-- Importing creature spawn with guid 42475 with import type REPLACE_ALL


-- Importing creature spawn with guid 42478 with import type REPLACE_ALL


-- Importing creature spawn with guid 42479 with import type REPLACE_ALL


-- Importing creature spawn with guid 42484 with import type REPLACE_ALL


-- Importing creature spawn with guid 42486 with import type REPLACE_ALL


-- Importing creature spawn with guid 42487 with import type REPLACE_ALL


-- Importing creature spawn with guid 42488 with import type REPLACE_ALL


-- Importing creature spawn with guid 42493 with import type REPLACE_ALL


-- Importing creature spawn with guid 42496 with import type REPLACE_ALL


-- Importing creature spawn with guid 42498 with import type REPLACE_ALL


-- Importing creature spawn with guid 42501 with import type REPLACE_ALL


-- Importing creature spawn with guid 42502 with import type REPLACE_ALL


-- Importing creature spawn with guid 42504 with import type REPLACE_ALL


-- Importing creature spawn with guid 42506 with import type REPLACE_ALL


-- Importing creature spawn with guid 42512 with import type REPLACE_ALL


-- Importing creature spawn with guid 42517 with import type REPLACE_ALL


-- Importing creature spawn with guid 42529 with import type REPLACE_ALL


-- Importing creature spawn with guid 42532 with import type REPLACE_ALL


-- Importing creature spawn with guid 42537 with import type REPLACE_ALL


-- Importing creature spawn with guid 42538 with import type REPLACE_ALL


-- Importing creature spawn with guid 42540 with import type REPLACE_ALL


-- Importing creature spawn with guid 42542 with import type REPLACE_ALL


-- Importing creature spawn with guid 42544 with import type REPLACE_ALL


-- Importing creature spawn with guid 42546 with import type REPLACE_ALL


-- Importing creature spawn with guid 42547 with import type REPLACE_ALL


-- Importing creature spawn with guid 42548 with import type REPLACE_ALL


-- Importing creature spawn with guid 42549 with import type REPLACE_ALL


-- Importing creature spawn with guid 42554 with import type REPLACE_ALL


-- Importing creature spawn with guid 42556 with import type REPLACE_ALL


-- Importing creature spawn with guid 42557 with import type REPLACE_ALL


-- Importing creature spawn with guid 42559 with import type REPLACE_ALL


-- Importing creature spawn with guid 42560 with import type REPLACE_ALL


-- Importing creature spawn with guid 42561 with import type REPLACE_ALL


-- Importing creature spawn with guid 42563 with import type REPLACE_ALL


-- Importing creature spawn with guid 42636 with import type REPLACE_ALL


-- Importing creature spawn with guid 42649 with import type REPLACE_ALL


-- Importing creature spawn with guid 42650 with import type REPLACE_ALL


-- Importing creature spawn with guid 42653 with import type REPLACE_ALL


-- Importing creature spawn with guid 42654 with import type REPLACE_ALL


-- Importing creature spawn with guid 42670 with import type REPLACE_ALL


-- Importing creature spawn with guid 42728 with import type REPLACE_ALL


-- Importing creature spawn with guid 42731 with import type REPLACE_ALL


-- Importing creature spawn with guid 42899 with import type REPLACE_ALL
INSERT INTO creature_entry (`spawnID`, `entry`) VALUES ('42899', '15185');
-- Has LK modelid 6370 already in creature template, set to 0.
INSERT INTO creature (`spawnID`, `map`, `spawnMask`, `modelid`, `equipment_id`, `position_x`, `position_y`, `position_z`, `orientation`, `spawntimesecs`, `spawndist`, `currentwaypoint`, `curhealth`, `curmana`, `MovementType`, `unit_flags`, `pool_id`, `patch_min`, `patch_max`) VALUES ('42899', '1', '1', NULL, '0', '-7866.33', '1810.08', '191.26', '0.120977', '600', '25', '0', '3237', '0', '1', '0', '0', '0', '10');


-- Importing creature spawn with guid 42900 with import type REPLACE_ALL


-- Importing creature spawn with guid 42901 with import type REPLACE_ALL


-- Importing creature spawn with guid 42902 with import type REPLACE_ALL


-- Importing creature spawn with guid 42903 with import type REPLACE_ALL


-- Importing creature spawn with guid 48228 with import type REPLACE_ALL


-- Importing creature spawn with guid 43693 with import type REPLACE_ALL
INSERT INTO creature_entry (`spawnID`, `entry`) VALUES ('43746', '11729');
-- Has LK modelid 12160 already in creature template, set to 0.
INSERT INTO creature (`spawnID`, `map`, `spawnMask`, `modelid`, `equipment_id`, `position_x`, `position_y`, `position_z`, `orientation`, `spawntimesecs`, `spawndist`, `currentwaypoint`, `curhealth`, `curmana`, `MovementType`, `unit_flags`, `pool_id`, `patch_min`, `patch_max`) VALUES ('43746', '1', '1', NULL, '0', '-7450.82', '1809.73', '-62.1409', '5.55597', '300', '3', '0', '3849', '0', '1', '0', '0', '0', '10');
INSERT INTO spawn_group (`groupId`, `spawnType`, `spawnId`) VALUES ('2', '0', '43746');


-- Importing creature spawn with guid 43698 with import type REPLACE_ALL


-- Importing creature spawn with guid 43699 with import type REPLACE_ALL


-- Importing creature spawn with guid 43700 with import type REPLACE_ALL


-- Importing creature spawn with guid 43706 with import type REPLACE_ALL


-- Importing creature spawn with guid 43710 with import type REPLACE_ALL


-- Importing creature spawn with guid 43711 with import type REPLACE_ALL


-- Importing creature spawn with guid 43712 with import type REPLACE_ALL


-- Importing creature spawn with guid 43713 with import type REPLACE_ALL


-- Importing creature spawn with guid 43714 with import type REPLACE_ALL


-- Importing creature spawn with guid 43715 with import type REPLACE_ALL


-- Importing creature spawn with guid 43716 with import type REPLACE_ALL


-- Importing creature spawn with guid 43717 with import type REPLACE_ALL


-- Importing creature spawn with guid 43718 with import type REPLACE_ALL


-- Importing creature spawn with guid 43719 with import type REPLACE_ALL


-- Importing creature spawn with guid 43720 with import type REPLACE_ALL


-- Importing creature spawn with guid 43721 with import type REPLACE_ALL


-- Importing creature spawn with guid 43722 with import type REPLACE_ALL


-- Importing creature spawn with guid 43723 with import type REPLACE_ALL


-- Importing creature spawn with guid 43724 with import type REPLACE_ALL


-- Importing creature spawn with guid 43725 with import type REPLACE_ALL


-- Importing creature spawn with guid 43726 with import type REPLACE_ALL


-- Importing creature spawn with guid 43728 with import type REPLACE_ALL


-- Importing creature spawn with guid 43734 with import type REPLACE_ALL


-- Importing creature spawn with guid 43735 with import type REPLACE_ALL


-- Importing creature spawn with guid 43744 with import type REPLACE_ALL


-- Importing creature spawn with guid 43745 with import type REPLACE_ALL


-- Importing creature spawn with guid 43746 with import type REPLACE_ALL


-- Importing creature spawn with guid 43747 with import type REPLACE_ALL


-- Importing creature spawn with guid 43841 with import type REPLACE_ALL


-- Importing creature spawn with guid 43842 with import type REPLACE_ALL


-- Importing creature spawn with guid 43843 with import type REPLACE_ALL


-- Importing creature spawn with guid 43844 with import type REPLACE_ALL


-- Importing creature spawn with guid 43845 with import type REPLACE_ALL


-- Importing creature spawn with guid 43846 with import type REPLACE_ALL


-- Importing creature spawn with guid 43847 with import type REPLACE_ALL


-- Importing creature spawn with guid 43848 with import type REPLACE_ALL


-- Importing creature spawn with guid 43849 with import type REPLACE_ALL


-- Importing creature spawn with guid 43850 with import type REPLACE_ALL


-- Importing creature spawn with guid 43851 with import type REPLACE_ALL


-- Importing creature spawn with guid 43852 with import type REPLACE_ALL


-- Importing creature spawn with guid 43853 with import type REPLACE_ALL


-- Importing creature spawn with guid 43854 with import type REPLACE_ALL


-- Importing creature spawn with guid 43855 with import type REPLACE_ALL


-- Importing creature spawn with guid 43856 with import type REPLACE_ALL


-- Importing creature spawn with guid 43857 with import type REPLACE_ALL


-- Importing creature spawn with guid 43858 with import type REPLACE_ALL


-- Importing creature spawn with guid 43859 with import type REPLACE_ALL


-- Importing creature spawn with guid 43860 with import type REPLACE_ALL


-- Importing creature spawn with guid 43861 with import type REPLACE_ALL


-- Importing creature spawn with guid 43862 with import type REPLACE_ALL


-- Importing creature spawn with guid 43863 with import type REPLACE_ALL


-- Importing creature spawn with guid 43864 with import type REPLACE_ALL


-- Importing creature spawn with guid 43865 with import type REPLACE_ALL


-- Importing creature spawn with guid 43866 with import type REPLACE_ALL


-- Importing creature spawn with guid 43867 with import type REPLACE_ALL


-- Importing creature spawn with guid 43868 with import type REPLACE_ALL


-- Importing creature spawn with guid 43869 with import type REPLACE_ALL


-- Importing creature spawn with guid 43870 with import type REPLACE_ALL


-- Importing creature spawn with guid 43871 with import type REPLACE_ALL


-- Importing creature spawn with guid 43872 with import type REPLACE_ALL


-- Importing creature spawn with guid 43873 with import type REPLACE_ALL


-- Importing creature spawn with guid 43874 with import type REPLACE_ALL


-- Importing creature spawn with guid 43875 with import type REPLACE_ALL


-- Importing creature spawn with guid 43876 with import type REPLACE_ALL


-- Importing creature spawn with guid 43877 with import type REPLACE_ALL


-- Importing creature spawn with guid 43878 with import type REPLACE_ALL


-- Importing creature spawn with guid 43879 with import type REPLACE_ALL


-- Importing creature spawn with guid 43880 with import type REPLACE_ALL


-- Importing creature spawn with guid 43881 with import type REPLACE_ALL


-- Importing creature spawn with guid 43882 with import type REPLACE_ALL


-- Importing creature spawn with guid 43883 with import type REPLACE_ALL


-- Importing creature spawn with guid 43884 with import type REPLACE_ALL


-- Importing creature spawn with guid 43885 with import type REPLACE_ALL


-- Importing creature spawn with guid 43886 with import type REPLACE_ALL


-- Importing creature spawn with guid 43887 with import type REPLACE_ALL


-- Importing creature spawn with guid 43888 with import type REPLACE_ALL


-- Importing creature spawn with guid 43889 with import type REPLACE_ALL


-- Importing creature spawn with guid 43890 with import type REPLACE_ALL


-- Importing creature spawn with guid 43891 with import type REPLACE_ALL


-- Importing creature spawn with guid 43892 with import type REPLACE_ALL


-- Importing creature spawn with guid 43893 with import type REPLACE_ALL


-- Importing creature spawn with guid 43894 with import type REPLACE_ALL


-- Importing creature spawn with guid 43895 with import type REPLACE_ALL


-- Importing creature spawn with guid 43896 with import type REPLACE_ALL


-- Importing creature spawn with guid 43897 with import type REPLACE_ALL


-- Importing creature spawn with guid 43898 with import type REPLACE_ALL


-- Importing creature spawn with guid 43899 with import type REPLACE_ALL


-- Importing creature spawn with guid 43900 with import type REPLACE_ALL


-- Importing creature spawn with guid 43901 with import type REPLACE_ALL


-- Importing creature spawn with guid 43902 with import type REPLACE_ALL


-- Importing creature spawn with guid 43903 with import type REPLACE_ALL


-- Importing creature spawn with guid 43904 with import type REPLACE_ALL


-- Importing creature spawn with guid 43905 with import type REPLACE_ALL


-- Importing creature spawn with guid 43906 with import type REPLACE_ALL


-- Importing creature spawn with guid 46505 with import type REPLACE_ALL


-- Importing creature spawn with guid 46506 with import type REPLACE_ALL


-- Importing creature spawn with guid 46507 with import type REPLACE_ALL


-- Importing creature spawn with guid 46509 with import type REPLACE_ALL


-- Importing creature spawn with guid 46510 with import type REPLACE_ALL


-- Importing creature spawn with guid 46511 with import type REPLACE_ALL


-- Importing creature spawn with guid 46512 with import type REPLACE_ALL


-- Importing creature spawn with guid 46513 with import type REPLACE_ALL


-- Importing creature spawn with guid 46514 with import type REPLACE_ALL


-- Importing creature spawn with guid 46515 with import type REPLACE_ALL


-- Importing creature spawn with guid 46516 with import type REPLACE_ALL


-- Importing creature spawn with guid 46517 with import type REPLACE_ALL


-- Importing creature spawn with guid 46518 with import type REPLACE_ALL


-- Importing creature spawn with guid 46519 with import type REPLACE_ALL


-- Importing creature spawn with guid 46520 with import type REPLACE_ALL


-- Importing creature spawn with guid 46521 with import type REPLACE_ALL


-- Importing creature spawn with guid 46522 with import type REPLACE_ALL


-- Importing creature spawn with guid 46523 with import type REPLACE_ALL


-- Importing creature spawn with guid 46524 with import type REPLACE_ALL


-- Importing creature spawn with guid 46525 with import type REPLACE_ALL


-- Importing creature spawn with guid 46526 with import type REPLACE_ALL


-- Importing creature spawn with guid 46527 with import type REPLACE_ALL


-- Importing creature spawn with guid 46528 with import type REPLACE_ALL


-- Importing creature spawn with guid 46529 with import type REPLACE_ALL


-- Importing creature spawn with guid 46530 with import type REPLACE_ALL


-- Importing creature spawn with guid 46531 with import type REPLACE_ALL


-- Importing creature spawn with guid 46532 with import type REPLACE_ALL


-- Importing creature spawn with guid 46533 with import type REPLACE_ALL


-- Importing creature spawn with guid 46534 with import type REPLACE_ALL


-- Importing creature spawn with guid 46535 with import type REPLACE_ALL


-- Importing creature spawn with guid 46536 with import type REPLACE_ALL


-- Importing creature spawn with guid 46537 with import type REPLACE_ALL


-- Importing creature spawn with guid 46538 with import type REPLACE_ALL


-- Importing creature spawn with guid 46539 with import type REPLACE_ALL


-- Importing creature spawn with guid 46540 with import type REPLACE_ALL


-- Importing creature spawn with guid 46541 with import type REPLACE_ALL


-- Importing creature spawn with guid 46542 with import type REPLACE_ALL


-- Importing creature spawn with guid 46543 with import type REPLACE_ALL


-- Importing creature spawn with guid 46544 with import type REPLACE_ALL


-- Importing creature spawn with guid 46545 with import type REPLACE_ALL


-- Importing creature spawn with guid 46546 with import type REPLACE_ALL


-- Importing creature spawn with guid 46547 with import type REPLACE_ALL


-- Importing creature spawn with guid 46548 with import type REPLACE_ALL


-- Importing creature spawn with guid 46549 with import type REPLACE_ALL


-- Importing creature spawn with guid 46550 with import type REPLACE_ALL


-- Importing creature spawn with guid 46551 with import type REPLACE_ALL


-- Importing creature spawn with guid 46552 with import type REPLACE_ALL


-- Importing creature spawn with guid 46553 with import type REPLACE_ALL


-- Importing creature spawn with guid 46554 with import type REPLACE_ALL


-- Importing creature spawn with guid 46555 with import type REPLACE_ALL


-- Importing creature spawn with guid 46556 with import type REPLACE_ALL


-- Importing creature spawn with guid 46557 with import type REPLACE_ALL


-- Importing creature spawn with guid 46558 with import type REPLACE_ALL


-- Importing creature spawn with guid 46804 with import type REPLACE_ALL
INSERT INTO creature_entry (`spawnID`, `entry`) VALUES ('46804', '26258');
-- Has LK modelid 11686 already in creature template, set to 0.
INSERT INTO creature (`spawnID`, `map`, `spawnMask`, `modelid`, `equipment_id`, `position_x`, `position_y`, `position_z`, `orientation`, `spawntimesecs`, `spawndist`, `currentwaypoint`, `curhealth`, `curmana`, `MovementType`, `unit_flags`, `pool_id`, `patch_min`, `patch_max`) VALUES ('46804', '1', '1', NULL, '0', '9780.64', '1021.38', '1299.88', '0', '300', '0', '0', '42', '0', '0', '0', '0', '0', '10');
INSERT INTO creature_entry (`spawnID`, `entry`) VALUES ('94753', '26258');
-- Has LK modelid 11686 already in creature template, set to 0.
INSERT INTO creature (`spawnID`, `map`, `spawnMask`, `modelid`, `equipment_id`, `position_x`, `position_y`, `position_z`, `orientation`, `spawntimesecs`, `spawndist`, `currentwaypoint`, `curhealth`, `curmana`, `MovementType`, `unit_flags`, `pool_id`, `patch_min`, `patch_max`) VALUES ('94753', '1', '1', NULL, '0', '8701.21', '932.422', '14.9063', '0', '300', '0', '0', '42', '0', '0', '0', '0', '0', '10');
INSERT INTO game_event_creature (`event`, `guid`) VALUES ('1', '94753');
INSERT INTO creature_entry (`spawnID`, `entry`) VALUES ('94760', '26258');
-- Has LK modelid 11686 already in creature template, set to 0.
INSERT INTO creature (`spawnID`, `map`, `spawnMask`, `modelid`, `equipment_id`, `position_x`, `position_y`, `position_z`, `orientation`, `spawntimesecs`, `spawndist`, `currentwaypoint`, `curhealth`, `curmana`, `MovementType`, `unit_flags`, `pool_id`, `patch_min`, `patch_max`) VALUES ('94760', '0', '1', NULL, '0', '-1209.6', '-2674.88', '45.4445', '0', '300', '0', '0', '42', '0', '0', '0', '0', '0', '10');
INSERT INTO game_event_creature (`event`, `guid`) VALUES ('1', '94760');
INSERT INTO creature_entry (`spawnID`, `entry`) VALUES ('94761', '26258');
-- Has LK modelid 11686 already in creature template, set to 0.
INSERT INTO creature (`spawnID`, `map`, `spawnMask`, `modelid`, `equipment_id`, `position_x`, `position_y`, `position_z`, `orientation`, `spawntimesecs`, `spawndist`, `currentwaypoint`, `curhealth`, `curmana`, `MovementType`, `unit_flags`, `pool_id`, `patch_min`, `patch_max`) VALUES ('94761', '1', '1', NULL, '0', '-7214.68', '-3857.39', '11.5776', '0', '300', '0', '0', '42', '0', '0', '0', '0', '0', '10');
INSERT INTO game_event_creature (`event`, `guid`) VALUES ('1', '94761');
INSERT INTO creature_entry (`spawnID`, `entry`) VALUES ('94762', '26258');
-- Has LK modelid 11686 already in creature template, set to 0.
INSERT INTO creature (`spawnID`, `map`, `spawnMask`, `modelid`, `equipment_id`, `position_x`, `position_y`, `position_z`, `orientation`, `spawntimesecs`, `spawndist`, `currentwaypoint`, `curhealth`, `curmana`, `MovementType`, `unit_flags`, `pool_id`, `patch_min`, `patch_max`) VALUES ('94762', '1', '1', NULL, '0', '-6767.7', '528.854', '-1.51864', '0', '300', '0', '0', '42', '0', '0', '0', '0', '0', '10');
INSERT INTO game_event_creature (`event`, `guid`) VALUES ('1', '94762');
INSERT INTO creature_entry (`spawnID`, `entry`) VALUES ('94765', '26258');
-- Has LK modelid 11686 already in creature template, set to 0.
INSERT INTO creature (`spawnID`, `map`, `spawnMask`, `modelid`, `equipment_id`, `position_x`, `position_y`, `position_z`, `orientation`, `spawntimesecs`, `spawndist`, `currentwaypoint`, `curhealth`, `curmana`, `MovementType`, `unit_flags`, `pool_id`, `patch_min`, `patch_max`) VALUES ('94765', '0', '1', NULL, '0', '-14286.1', '63.8062', '0.771693', '0', '300', '0', '0', '42', '0', '0', '0', '0', '0', '10');
INSERT INTO game_event_creature (`event`, `guid`) VALUES ('1', '94765');


-- Importing creature spawn with guid 46805 with import type REPLACE_ALL
INSERT INTO creature_entry (`spawnID`, `entry`) VALUES ('137656', '4242');
INSERT INTO creature (`spawnID`, `map`, `spawnMask`, `modelid`, `equipment_id`, `position_x`, `position_y`, `position_z`, `orientation`, `spawntimesecs`, `spawndist`, `currentwaypoint`, `curhealth`, `curmana`, `MovementType`, `unit_flags`, `pool_id`, `patch_min`, `patch_max`) VALUES ('137656', '1', '1', NULL, '0', '10296.3', '2551.93', '1334.79', '0.578794', '300', '5', '0', '1', '0', '1', '0', '0', '0', '10');
INSERT INTO creature_entry (`spawnID`, `entry`) VALUES ('137655', '4242');
INSERT INTO creature (`spawnID`, `map`, `spawnMask`, `modelid`, `equipment_id`, `position_x`, `position_y`, `position_z`, `orientation`, `spawntimesecs`, `spawndist`, `currentwaypoint`, `curhealth`, `curmana`, `MovementType`, `unit_flags`, `pool_id`, `patch_min`, `patch_max`) VALUES ('137655', '1', '1', NULL, '0', '10211.2', '2672.79', '1321.91', '5.53195', '300', '5', '0', '1', '0', '1', '0', '0', '0', '10');


-- Importing creature spawn with guid 46806 with import type REPLACE_ALL


-- Importing creature spawn with guid 46807 with import type REPLACE_ALL


-- Importing creature spawn with guid 46808 with import type REPLACE_ALL


-- Importing creature spawn with guid 46888 with import type REPLACE_ALL


-- Importing creature spawn with guid 46889 with import type REPLACE_ALL


-- Importing creature spawn with guid 46906 with import type REPLACE_ALL
INSERT INTO creature_entry (`spawnID`, `entry`) VALUES ('145512', '25535');
INSERT INTO creature (`spawnID`, `map`, `spawnMask`, `modelid`, `equipment_id`, `position_x`, `position_y`, `position_z`, `orientation`, `spawntimesecs`, `spawndist`, `currentwaypoint`, `curhealth`, `curmana`, `MovementType`, `unit_flags`, `pool_id`, `patch_min`, `patch_max`) VALUES ('145512', '530', '1', NULL, '0', '9823.53', '-7229.14', '27.9129', '0', '300', '0', '0', '1', '0', '0', '0', '0', '0', '10');
INSERT INTO creature_addon (`spawnID`, `path_id`, `mount`, `bytes0`, `bytes1`, `bytes2`, `emote`, `auras`) VALUES ('145512', NULL, '0', '0', '0', '4097', '0', NULL);
INSERT INTO game_event_creature (`event`, `guid`) VALUES ('1', '145512');
INSERT INTO creature_entry (`spawnID`, `entry`) VALUES ('145511', '25535');
INSERT INTO creature (`spawnID`, `map`, `spawnMask`, `modelid`, `equipment_id`, `position_x`, `position_y`, `position_z`, `orientation`, `spawntimesecs`, `spawndist`, `currentwaypoint`, `curhealth`, `curmana`, `MovementType`, `unit_flags`, `pool_id`, `patch_min`, `patch_max`) VALUES ('145511', '530', '1', NULL, '0', '9817.46', '-7221.35', '27.9115', '0', '300', '0', '0', '1', '0', '0', '0', '0', '0', '10');
INSERT INTO creature_addon (`spawnID`, `path_id`, `mount`, `bytes0`, `bytes1`, `bytes2`, `emote`, `auras`) VALUES ('145511', NULL, '0', '0', '0', '4097', '0', '45723');
INSERT INTO game_event_creature (`event`, `guid`) VALUES ('1', '145511');
INSERT INTO creature_entry (`spawnID`, `entry`) VALUES ('145510', '25535');
INSERT INTO creature (`spawnID`, `map`, `spawnMask`, `modelid`, `equipment_id`, `position_x`, `position_y`, `position_z`, `orientation`, `spawntimesecs`, `spawndist`, `currentwaypoint`, `curhealth`, `curmana`, `MovementType`, `unit_flags`, `pool_id`, `patch_min`, `patch_max`) VALUES ('145510', '0', '1', NULL, '0', '1837.35', '213.087', '62.1371', '0', '300', '0', '0', '1', '0', '0', '0', '0', '0', '10');
INSERT INTO creature_addon (`spawnID`, `path_id`, `mount`, `bytes0`, `bytes1`, `bytes2`, `emote`, `auras`) VALUES ('145510', NULL, '0', '0', '0', '4097', '0', NULL);
INSERT INTO game_event_creature (`event`, `guid`) VALUES ('1', '145510');
INSERT INTO creature_entry (`spawnID`, `entry`) VALUES ('145509', '25535');
INSERT INTO creature (`spawnID`, `map`, `spawnMask`, `modelid`, `equipment_id`, `position_x`, `position_y`, `position_z`, `orientation`, `spawntimesecs`, `spawndist`, `currentwaypoint`, `curhealth`, `curmana`, `MovementType`, `unit_flags`, `pool_id`, `patch_min`, `patch_max`) VALUES ('145509', '0', '1', NULL, '0', '1840.91', '216.2', '61.8722', '0', '300', '0', '0', '1', '0', '0', '0', '0', '0', '10');
INSERT INTO creature_addon (`spawnID`, `path_id`, `mount`, `bytes0`, `bytes1`, `bytes2`, `emote`, `auras`) VALUES ('145509', NULL, '0', '0', '0', '4097', '0', NULL);
INSERT INTO game_event_creature (`event`, `guid`) VALUES ('1', '145509');
INSERT INTO creature_entry (`spawnID`, `entry`) VALUES ('145508', '25535');
INSERT INTO creature (`spawnID`, `map`, `spawnMask`, `modelid`, `equipment_id`, `position_x`, `position_y`, `position_z`, `orientation`, `spawntimesecs`, `spawndist`, `currentwaypoint`, `curhealth`, `curmana`, `MovementType`, `unit_flags`, `pool_id`, `patch_min`, `patch_max`) VALUES ('145508', '0', '1', NULL, '0', '1838.16', '218.816', '61.9465', '0', '300', '0', '0', '1', '0', '0', '0', '0', '0', '10');
INSERT INTO creature_addon (`spawnID`, `path_id`, `mount`, `bytes0`, `bytes1`, `bytes2`, `emote`, `auras`) VALUES ('145508', NULL, '0', '0', '0', '4097', '0', NULL);
INSERT INTO game_event_creature (`event`, `guid`) VALUES ('1', '145508');
INSERT INTO creature_entry (`spawnID`, `entry`) VALUES ('145507', '25535');
INSERT INTO creature (`spawnID`, `map`, `spawnMask`, `modelid`, `equipment_id`, `position_x`, `position_y`, `position_z`, `orientation`, `spawntimesecs`, `spawndist`, `currentwaypoint`, `curhealth`, `curmana`, `MovementType`, `unit_flags`, `pool_id`, `patch_min`, `patch_max`) VALUES ('145507', '0', '1', NULL, '0', '1840.17', '222.403', '62.0145', '0', '300', '0', '0', '1', '0', '0', '0', '0', '0', '10');
INSERT INTO creature_addon (`spawnID`, `path_id`, `mount`, `bytes0`, `bytes1`, `bytes2`, `emote`, `auras`) VALUES ('145507', NULL, '0', '0', '0', '4097', '0', NULL);
INSERT INTO game_event_creature (`event`, `guid`) VALUES ('1', '145507');
INSERT INTO creature_entry (`spawnID`, `entry`) VALUES ('145506', '25535');
INSERT INTO creature (`spawnID`, `map`, `spawnMask`, `modelid`, `equipment_id`, `position_x`, `position_y`, `position_z`, `orientation`, `spawntimesecs`, `spawndist`, `currentwaypoint`, `curhealth`, `curmana`, `MovementType`, `unit_flags`, `pool_id`, `patch_min`, `patch_max`) VALUES ('145506', '0', '1', NULL, '0', '1837.14', '225.555', '62.0426', '0', '300', '0', '0', '1', '0', '0', '0', '0', '0', '10');
INSERT INTO creature_addon (`spawnID`, `path_id`, `mount`, `bytes0`, `bytes1`, `bytes2`, `emote`, `auras`) VALUES ('145506', NULL, '0', '0', '0', '4097', '0', '45723');
INSERT INTO game_event_creature (`event`, `guid`) VALUES ('1', '145506');
INSERT INTO creature_entry (`spawnID`, `entry`) VALUES ('145505', '25535');
INSERT INTO creature (`spawnID`, `map`, `spawnMask`, `modelid`, `equipment_id`, `position_x`, `position_y`, `position_z`, `orientation`, `spawntimesecs`, `spawndist`, `currentwaypoint`, `curhealth`, `curmana`, `MovementType`, `unit_flags`, `pool_id`, `patch_min`, `patch_max`) VALUES ('145505', '1', '1', NULL, '0', '1925.28', '-4321.31', '23.4577', '0', '300', '0', '0', '1', '0', '0', '0', '0', '0', '10');
INSERT INTO creature_addon (`spawnID`, `path_id`, `mount`, `bytes0`, `bytes1`, `bytes2`, `emote`, `auras`) VALUES ('145505', NULL, '0', '0', '0', '4097', '0', NULL);
INSERT INTO game_event_creature (`event`, `guid`) VALUES ('1', '145505');
INSERT INTO creature_entry (`spawnID`, `entry`) VALUES ('145504', '25535');
INSERT INTO creature (`spawnID`, `map`, `spawnMask`, `modelid`, `equipment_id`, `position_x`, `position_y`, `position_z`, `orientation`, `spawntimesecs`, `spawndist`, `currentwaypoint`, `curhealth`, `curmana`, `MovementType`, `unit_flags`, `pool_id`, `patch_min`, `patch_max`) VALUES ('145504', '1', '1', NULL, '0', '1923.91', '-4315.28', '24.2867', '0', '300', '0', '0', '1', '0', '0', '0', '0', '0', '10');
INSERT INTO creature_addon (`spawnID`, `path_id`, `mount`, `bytes0`, `bytes1`, `bytes2`, `emote`, `auras`) VALUES ('145504', NULL, '0', '0', '0', '4097', '0', NULL);
INSERT INTO game_event_creature (`event`, `guid`) VALUES ('1', '145504');
INSERT INTO creature_entry (`spawnID`, `entry`) VALUES ('145503', '25535');
INSERT INTO creature (`spawnID`, `map`, `spawnMask`, `modelid`, `equipment_id`, `position_x`, `position_y`, `position_z`, `orientation`, `spawntimesecs`, `spawndist`, `currentwaypoint`, `curhealth`, `curmana`, `MovementType`, `unit_flags`, `pool_id`, `patch_min`, `patch_max`) VALUES ('145503', '1', '1', NULL, '0', '1920.34', '-4319.12', '23.6321', '0', '300', '0', '0', '1', '0', '0', '0', '0', '0', '10');
INSERT INTO creature_addon (`spawnID`, `path_id`, `mount`, `bytes0`, `bytes1`, `bytes2`, `emote`, `auras`) VALUES ('145503', NULL, '0', '0', '0', '4097', '0', NULL);
INSERT INTO game_event_creature (`event`, `guid`) VALUES ('1', '145503');
INSERT INTO creature_entry (`spawnID`, `entry`) VALUES ('145502', '25535');
INSERT INTO creature (`spawnID`, `map`, `spawnMask`, `modelid`, `equipment_id`, `position_x`, `position_y`, `position_z`, `orientation`, `spawntimesecs`, `spawndist`, `currentwaypoint`, `curhealth`, `curmana`, `MovementType`, `unit_flags`, `pool_id`, `patch_min`, `patch_max`) VALUES ('145502', '1', '1', NULL, '0', '1918.05', '-4314.79', '24.6562', '0', '300', '0', '0', '1', '0', '0', '0', '0', '0', '10');
INSERT INTO creature_addon (`spawnID`, `path_id`, `mount`, `bytes0`, `bytes1`, `bytes2`, `emote`, `auras`) VALUES ('145502', NULL, '0', '0', '0', '4097', '0', NULL);
INSERT INTO game_event_creature (`event`, `guid`) VALUES ('1', '145502');
INSERT INTO creature_entry (`spawnID`, `entry`) VALUES ('145501', '25535');
INSERT INTO creature (`spawnID`, `map`, `spawnMask`, `modelid`, `equipment_id`, `position_x`, `position_y`, `position_z`, `orientation`, `spawntimesecs`, `spawndist`, `currentwaypoint`, `curhealth`, `curmana`, `MovementType`, `unit_flags`, `pool_id`, `patch_min`, `patch_max`) VALUES ('145501', '1', '1', NULL, '0', '1915.7', '-4320.43', '23.6215', '0', '300', '0', '0', '1', '0', '0', '0', '0', '0', '10');
INSERT INTO creature_addon (`spawnID`, `path_id`, `mount`, `bytes0`, `bytes1`, `bytes2`, `emote`, `auras`) VALUES ('145501', NULL, '0', '0', '0', '4097', '0', '45723');
INSERT INTO game_event_creature (`event`, `guid`) VALUES ('1', '145501');
INSERT INTO creature_entry (`spawnID`, `entry`) VALUES ('145500', '25535');
INSERT INTO creature (`spawnID`, `map`, `spawnMask`, `modelid`, `equipment_id`, `position_x`, `position_y`, `position_z`, `orientation`, `spawntimesecs`, `spawndist`, `currentwaypoint`, `curhealth`, `curmana`, `MovementType`, `unit_flags`, `pool_id`, `patch_min`, `patch_max`) VALUES ('145500', '1', '1', NULL, '0', '-1035.84', '312.571', '136.455', '0', '300', '0', '0', '1', '0', '0', '0', '0', '0', '10');
INSERT INTO creature_addon (`spawnID`, `path_id`, `mount`, `bytes0`, `bytes1`, `bytes2`, `emote`, `auras`) VALUES ('145500', NULL, '0', '0', '0', '4097', '0', NULL);
INSERT INTO game_event_creature (`event`, `guid`) VALUES ('1', '145500');
INSERT INTO creature_entry (`spawnID`, `entry`) VALUES ('145499', '25535');
INSERT INTO creature (`spawnID`, `map`, `spawnMask`, `modelid`, `equipment_id`, `position_x`, `position_y`, `position_z`, `orientation`, `spawntimesecs`, `spawndist`, `currentwaypoint`, `curhealth`, `curmana`, `MovementType`, `unit_flags`, `pool_id`, `patch_min`, `patch_max`) VALUES ('145499', '1', '1', NULL, '0', '-1041.57', '313.124', '135.073', '0', '300', '0', '0', '1', '0', '0', '0', '0', '0', '10');
INSERT INTO creature_addon (`spawnID`, `path_id`, `mount`, `bytes0`, `bytes1`, `bytes2`, `emote`, `auras`) VALUES ('145499', NULL, '0', '0', '0', '4097', '0', NULL);
INSERT INTO game_event_creature (`event`, `guid`) VALUES ('1', '145499');
INSERT INTO creature_entry (`spawnID`, `entry`) VALUES ('145498', '25535');
INSERT INTO creature (`spawnID`, `map`, `spawnMask`, `modelid`, `equipment_id`, `position_x`, `position_y`, `position_z`, `orientation`, `spawntimesecs`, `spawndist`, `currentwaypoint`, `curhealth`, `curmana`, `MovementType`, `unit_flags`, `pool_id`, `patch_min`, `patch_max`) VALUES ('145498', '1', '1', NULL, '0', '-1042.59', '306.597', '136.243', '0', '300', '0', '0', '1', '0', '0', '0', '0', '0', '10');
INSERT INTO creature_addon (`spawnID`, `path_id`, `mount`, `bytes0`, `bytes1`, `bytes2`, `emote`, `auras`) VALUES ('145498', NULL, '0', '0', '0', '4097', '0', NULL);
INSERT INTO game_event_creature (`event`, `guid`) VALUES ('1', '145498');
INSERT INTO creature_entry (`spawnID`, `entry`) VALUES ('145497', '25535');
INSERT INTO creature (`spawnID`, `map`, `spawnMask`, `modelid`, `equipment_id`, `position_x`, `position_y`, `position_z`, `orientation`, `spawntimesecs`, `spawndist`, `currentwaypoint`, `curhealth`, `curmana`, `MovementType`, `unit_flags`, `pool_id`, `patch_min`, `patch_max`) VALUES ('145497', '1', '1', NULL, '0', '-1049.06', '306.612', '134.733', '0', '300', '0', '0', '1', '0', '0', '0', '0', '0', '10');
INSERT INTO creature_addon (`spawnID`, `path_id`, `mount`, `bytes0`, `bytes1`, `bytes2`, `emote`, `auras`) VALUES ('145497', NULL, '0', '0', '0', '4097', '0', NULL);
INSERT INTO game_event_creature (`event`, `guid`) VALUES ('1', '145497');
INSERT INTO creature_entry (`spawnID`, `entry`) VALUES ('145496', '25535');
INSERT INTO creature (`spawnID`, `map`, `spawnMask`, `modelid`, `equipment_id`, `position_x`, `position_y`, `position_z`, `orientation`, `spawntimesecs`, `spawndist`, `currentwaypoint`, `curhealth`, `curmana`, `MovementType`, `unit_flags`, `pool_id`, `patch_min`, `patch_max`) VALUES ('145496', '1', '1', NULL, '0', '-1048.85', '299.991', '136.202', '0', '300', '0', '0', '1', '0', '0', '0', '0', '0', '10');
INSERT INTO creature_addon (`spawnID`, `path_id`, `mount`, `bytes0`, `bytes1`, `bytes2`, `emote`, `auras`) VALUES ('145496', NULL, '0', '0', '0', '4097', '0', '45723');
INSERT INTO game_event_creature (`event`, `guid`) VALUES ('1', '145496');
INSERT INTO creature_entry (`spawnID`, `entry`) VALUES ('145513', '25535');
INSERT INTO creature (`spawnID`, `map`, `spawnMask`, `modelid`, `equipment_id`, `position_x`, `position_y`, `position_z`, `orientation`, `spawntimesecs`, `spawndist`, `currentwaypoint`, `curhealth`, `curmana`, `MovementType`, `unit_flags`, `pool_id`, `patch_min`, `patch_max`) VALUES ('145513', '530', '1', NULL, '0', '9817.67', '-7227.85', '27.9026', '0', '300', '0', '0', '1', '0', '0', '0', '0', '0', '10');
INSERT INTO creature_addon (`spawnID`, `path_id`, `mount`, `bytes0`, `bytes1`, `bytes2`, `emote`, `auras`) VALUES ('145513', NULL, '0', '0', '0', '4097', '0', NULL);
INSERT INTO game_event_creature (`event`, `guid`) VALUES ('1', '145513');
INSERT INTO creature_entry (`spawnID`, `entry`) VALUES ('145514', '25535');
INSERT INTO creature (`spawnID`, `map`, `spawnMask`, `modelid`, `equipment_id`, `position_x`, `position_y`, `position_z`, `orientation`, `spawntimesecs`, `spawndist`, `currentwaypoint`, `curhealth`, `curmana`, `MovementType`, `unit_flags`, `pool_id`, `patch_min`, `patch_max`) VALUES ('145514', '530', '1', NULL, '0', '9819.9', '-7234.5', '27.9108', '0', '300', '0', '0', '1', '0', '0', '0', '0', '0', '10');
INSERT INTO creature_addon (`spawnID`, `path_id`, `mount`, `bytes0`, `bytes1`, `bytes2`, `emote`, `auras`) VALUES ('145514', NULL, '0', '0', '0', '4097', '0', NULL);
INSERT INTO game_event_creature (`event`, `guid`) VALUES ('1', '145514');
INSERT INTO creature_entry (`spawnID`, `entry`) VALUES ('145515', '25535');
INSERT INTO creature (`spawnID`, `map`, `spawnMask`, `modelid`, `equipment_id`, `position_x`, `position_y`, `position_z`, `orientation`, `spawntimesecs`, `spawndist`, `currentwaypoint`, `curhealth`, `curmana`, `MovementType`, `unit_flags`, `pool_id`, `patch_min`, `patch_max`) VALUES ('145515', '530', '1', NULL, '0', '9810.44', '-7226.98', '27.8514', '0', '300', '0', '0', '1', '0', '0', '0', '0', '0', '10');
INSERT INTO creature_addon (`spawnID`, `path_id`, `mount`, `bytes0`, `bytes1`, `bytes2`, `emote`, `auras`) VALUES ('145515', NULL, '0', '0', '0', '4097', '0', NULL);
INSERT INTO game_event_creature (`event`, `guid`) VALUES ('1', '145515');
INSERT INTO creature_entry (`spawnID`, `entry`) VALUES ('145516', '25535');
INSERT INTO creature (`spawnID`, `map`, `spawnMask`, `modelid`, `equipment_id`, `position_x`, `position_y`, `position_z`, `orientation`, `spawntimesecs`, `spawndist`, `currentwaypoint`, `curhealth`, `curmana`, `MovementType`, `unit_flags`, `pool_id`, `patch_min`, `patch_max`) VALUES ('145516', '530', '1', NULL, '0', '-3768.78', '-11511.3', '-132.68', '0', '300', '0', '0', '1', '0', '0', '0', '0', '0', '10');
INSERT INTO creature_addon (`spawnID`, `path_id`, `mount`, `bytes0`, `bytes1`, `bytes2`, `emote`, `auras`) VALUES ('145516', NULL, '0', '0', '0', '4097', '0', '45723');
INSERT INTO game_event_creature (`event`, `guid`) VALUES ('1', '145516');
INSERT INTO creature_entry (`spawnID`, `entry`) VALUES ('145517', '25535');
INSERT INTO creature (`spawnID`, `map`, `spawnMask`, `modelid`, `equipment_id`, `position_x`, `position_y`, `position_z`, `orientation`, `spawntimesecs`, `spawndist`, `currentwaypoint`, `curhealth`, `curmana`, `MovementType`, `unit_flags`, `pool_id`, `patch_min`, `patch_max`) VALUES ('145517', '530', '1', NULL, '0', '-3773.23', '-11519.4', '-132.766', '0', '300', '0', '0', '1', '0', '0', '0', '0', '0', '10');
INSERT INTO creature_addon (`spawnID`, `path_id`, `mount`, `bytes0`, `bytes1`, `bytes2`, `emote`, `auras`) VALUES ('145517', NULL, '0', '0', '0', '4097', '0', NULL);
INSERT INTO game_event_creature (`event`, `guid`) VALUES ('1', '145517');
INSERT INTO creature_entry (`spawnID`, `entry`) VALUES ('145518', '25535');
INSERT INTO creature (`spawnID`, `map`, `spawnMask`, `modelid`, `equipment_id`, `position_x`, `position_y`, `position_z`, `orientation`, `spawntimesecs`, `spawndist`, `currentwaypoint`, `curhealth`, `curmana`, `MovementType`, `unit_flags`, `pool_id`, `patch_min`, `patch_max`) VALUES ('145518', '530', '1', NULL, '0', '-3776.4', '-11511.5', '-132.772', '0', '300', '0', '0', '1', '0', '0', '0', '0', '0', '10');
INSERT INTO creature_addon (`spawnID`, `path_id`, `mount`, `bytes0`, `bytes1`, `bytes2`, `emote`, `auras`) VALUES ('145518', NULL, '0', '0', '0', '4097', '0', NULL);
INSERT INTO game_event_creature (`event`, `guid`) VALUES ('1', '145518');
INSERT INTO creature_entry (`spawnID`, `entry`) VALUES ('145519', '25535');
INSERT INTO creature (`spawnID`, `map`, `spawnMask`, `modelid`, `equipment_id`, `position_x`, `position_y`, `position_z`, `orientation`, `spawntimesecs`, `spawndist`, `currentwaypoint`, `curhealth`, `curmana`, `MovementType`, `unit_flags`, `pool_id`, `patch_min`, `patch_max`) VALUES ('145519', '530', '1', NULL, '0', '-3780.61', '-11514.3', '-132.83', '0', '300', '0', '0', '1', '0', '0', '0', '0', '0', '10');
INSERT INTO creature_addon (`spawnID`, `path_id`, `mount`, `bytes0`, `bytes1`, `bytes2`, `emote`, `auras`) VALUES ('145519', NULL, '0', '0', '0', '4097', '0', NULL);
INSERT INTO game_event_creature (`event`, `guid`) VALUES ('1', '145519');
INSERT INTO creature_entry (`spawnID`, `entry`) VALUES ('145520', '25535');
INSERT INTO creature (`spawnID`, `map`, `spawnMask`, `modelid`, `equipment_id`, `position_x`, `position_y`, `position_z`, `orientation`, `spawntimesecs`, `spawndist`, `currentwaypoint`, `curhealth`, `curmana`, `MovementType`, `unit_flags`, `pool_id`, `patch_min`, `patch_max`) VALUES ('145520', '530', '1', NULL, '0', '-3775.32', '-11506.5', '-132.736', '0', '300', '0', '0', '1', '0', '0', '0', '0', '0', '10');
INSERT INTO creature_addon (`spawnID`, `path_id`, `mount`, `bytes0`, `bytes1`, `bytes2`, `emote`, `auras`) VALUES ('145520', NULL, '0', '0', '0', '4097', '0', NULL);
INSERT INTO game_event_creature (`event`, `guid`) VALUES ('1', '145520');
INSERT INTO creature_entry (`spawnID`, `entry`) VALUES ('145521', '25535');
INSERT INTO creature (`spawnID`, `map`, `spawnMask`, `modelid`, `equipment_id`, `position_x`, `position_y`, `position_z`, `orientation`, `spawntimesecs`, `spawndist`, `currentwaypoint`, `curhealth`, `curmana`, `MovementType`, `unit_flags`, `pool_id`, `patch_min`, `patch_max`) VALUES ('145521', '0', '1', NULL, '0', '-8818.01', '865.157', '100.771', '0', '300', '0', '0', '1', '0', '0', '0', '0', '0', '10');
INSERT INTO creature_addon (`spawnID`, `path_id`, `mount`, `bytes0`, `bytes1`, `bytes2`, `emote`, `auras`) VALUES ('145521', NULL, '0', '0', '0', '4097', '0', '45723');
INSERT INTO game_event_creature (`event`, `guid`) VALUES ('1', '145521');
INSERT INTO creature_entry (`spawnID`, `entry`) VALUES ('145522', '25535');
INSERT INTO creature (`spawnID`, `map`, `spawnMask`, `modelid`, `equipment_id`, `position_x`, `position_y`, `position_z`, `orientation`, `spawntimesecs`, `spawndist`, `currentwaypoint`, `curhealth`, `curmana`, `MovementType`, `unit_flags`, `pool_id`, `patch_min`, `patch_max`) VALUES ('145522', '0', '1', NULL, '0', '-8815.11', '860.571', '100.754', '0', '300', '0', '0', '1', '0', '0', '0', '0', '0', '10');
INSERT INTO creature_addon (`spawnID`, `path_id`, `mount`, `bytes0`, `bytes1`, `bytes2`, `emote`, `auras`) VALUES ('145522', NULL, '0', '0', '0', '4097', '0', NULL);
INSERT INTO game_event_creature (`event`, `guid`) VALUES ('1', '145522');
INSERT INTO creature_entry (`spawnID`, `entry`) VALUES ('145523', '25535');
INSERT INTO creature (`spawnID`, `map`, `spawnMask`, `modelid`, `equipment_id`, `position_x`, `position_y`, `position_z`, `orientation`, `spawntimesecs`, `spawndist`, `currentwaypoint`, `curhealth`, `curmana`, `MovementType`, `unit_flags`, `pool_id`, `patch_min`, `patch_max`) VALUES ('145523', '0', '1', NULL, '0', '-8816.62', '854.242', '100.678', '0', '300', '0', '0', '1', '0', '0', '0', '0', '0', '10');
INSERT INTO creature_addon (`spawnID`, `path_id`, `mount`, `bytes0`, `bytes1`, `bytes2`, `emote`, `auras`) VALUES ('145523', NULL, '0', '0', '0', '4097', '0', NULL);
INSERT INTO game_event_creature (`event`, `guid`) VALUES ('1', '145523');
INSERT INTO creature_entry (`spawnID`, `entry`) VALUES ('145524', '25535');
INSERT INTO creature (`spawnID`, `map`, `spawnMask`, `modelid`, `equipment_id`, `position_x`, `position_y`, `position_z`, `orientation`, `spawntimesecs`, `spawndist`, `currentwaypoint`, `curhealth`, `curmana`, `MovementType`, `unit_flags`, `pool_id`, `patch_min`, `patch_max`) VALUES ('145524', '0', '1', NULL, '0', '-8825.81', '845.772', '100.856', '0', '300', '0', '0', '1', '0', '0', '0', '0', '0', '10');
INSERT INTO creature_addon (`spawnID`, `path_id`, `mount`, `bytes0`, `bytes1`, `bytes2`, `emote`, `auras`) VALUES ('145524', NULL, '0', '0', '0', '4097', '0', NULL);
INSERT INTO game_event_creature (`event`, `guid`) VALUES ('1', '145524');
INSERT INTO creature_entry (`spawnID`, `entry`) VALUES ('145525', '25535');
INSERT INTO creature (`spawnID`, `map`, `spawnMask`, `modelid`, `equipment_id`, `position_x`, `position_y`, `position_z`, `orientation`, `spawntimesecs`, `spawndist`, `currentwaypoint`, `curhealth`, `curmana`, `MovementType`, `unit_flags`, `pool_id`, `patch_min`, `patch_max`) VALUES ('145525', '0', '1', NULL, '0', '-8819.55', '848.511', '100.744', '0', '300', '0', '0', '1', '0', '0', '0', '0', '0', '10');
INSERT INTO creature_addon (`spawnID`, `path_id`, `mount`, `bytes0`, `bytes1`, `bytes2`, `emote`, `auras`) VALUES ('145525', NULL, '0', '0', '0', '4097', '0', NULL);
INSERT INTO game_event_creature (`event`, `guid`) VALUES ('1', '145525');
INSERT INTO creature_entry (`spawnID`, `entry`) VALUES ('145526', '25535');
INSERT INTO creature (`spawnID`, `map`, `spawnMask`, `modelid`, `equipment_id`, `position_x`, `position_y`, `position_z`, `orientation`, `spawntimesecs`, `spawndist`, `currentwaypoint`, `curhealth`, `curmana`, `MovementType`, `unit_flags`, `pool_id`, `patch_min`, `patch_max`) VALUES ('145526', '0', '1', NULL, '0', '-4683.96', '-1232.55', '503.46', '0', '300', '0', '0', '1', '0', '0', '0', '0', '0', '10');
INSERT INTO creature_addon (`spawnID`, `path_id`, `mount`, `bytes0`, `bytes1`, `bytes2`, `emote`, `auras`) VALUES ('145526', NULL, '0', '0', '0', '4097', '0', '45723');
INSERT INTO game_event_creature (`event`, `guid`) VALUES ('1', '145526');
INSERT INTO creature_entry (`spawnID`, `entry`) VALUES ('145527', '25535');
INSERT INTO creature (`spawnID`, `map`, `spawnMask`, `modelid`, `equipment_id`, `position_x`, `position_y`, `position_z`, `orientation`, `spawntimesecs`, `spawndist`, `currentwaypoint`, `curhealth`, `curmana`, `MovementType`, `unit_flags`, `pool_id`, `patch_min`, `patch_max`) VALUES ('145527', '0', '1', NULL, '0', '-4677.29', '-1229.75', '503.46', '0', '300', '0', '0', '1', '0', '0', '0', '0', '0', '10');
INSERT INTO creature_addon (`spawnID`, `path_id`, `mount`, `bytes0`, `bytes1`, `bytes2`, `emote`, `auras`) VALUES ('145527', NULL, '0', '0', '0', '4097', '0', NULL);
INSERT INTO game_event_creature (`event`, `guid`) VALUES ('1', '145527');
INSERT INTO creature_entry (`spawnID`, `entry`) VALUES ('145528', '25535');
INSERT INTO creature (`spawnID`, `map`, `spawnMask`, `modelid`, `equipment_id`, `position_x`, `position_y`, `position_z`, `orientation`, `spawntimesecs`, `spawndist`, `currentwaypoint`, `curhealth`, `curmana`, `MovementType`, `unit_flags`, `pool_id`, `patch_min`, `patch_max`) VALUES ('145528', '0', '1', NULL, '0', '-4675.42', '-1224.7', '503.455', '0', '300', '0', '0', '1', '0', '0', '0', '0', '0', '10');
INSERT INTO creature_addon (`spawnID`, `path_id`, `mount`, `bytes0`, `bytes1`, `bytes2`, `emote`, `auras`) VALUES ('145528', NULL, '0', '0', '0', '4097', '0', NULL);
INSERT INTO game_event_creature (`event`, `guid`) VALUES ('1', '145528');
INSERT INTO creature_entry (`spawnID`, `entry`) VALUES ('145529', '25535');
INSERT INTO creature (`spawnID`, `map`, `spawnMask`, `modelid`, `equipment_id`, `position_x`, `position_y`, `position_z`, `orientation`, `spawntimesecs`, `spawndist`, `currentwaypoint`, `curhealth`, `curmana`, `MovementType`, `unit_flags`, `pool_id`, `patch_min`, `patch_max`) VALUES ('145529', '0', '1', NULL, '0', '-4678.74', '-1219.32', '503.455', '0', '300', '0', '0', '1', '0', '0', '0', '0', '0', '10');
INSERT INTO creature_addon (`spawnID`, `path_id`, `mount`, `bytes0`, `bytes1`, `bytes2`, `emote`, `auras`) VALUES ('145529', NULL, '0', '0', '0', '4097', '0', NULL);
INSERT INTO game_event_creature (`event`, `guid`) VALUES ('1', '145529');
INSERT INTO creature_entry (`spawnID`, `entry`) VALUES ('145530', '25535');
INSERT INTO creature (`spawnID`, `map`, `spawnMask`, `modelid`, `equipment_id`, `position_x`, `position_y`, `position_z`, `orientation`, `spawntimesecs`, `spawndist`, `currentwaypoint`, `curhealth`, `curmana`, `MovementType`, `unit_flags`, `pool_id`, `patch_min`, `patch_max`) VALUES ('145530', '0', '1', NULL, '0', '-4686.21', '-1219.01', '503.466', '0', '300', '0', '0', '1', '0', '0', '0', '0', '0', '10');
INSERT INTO creature_addon (`spawnID`, `path_id`, `mount`, `bytes0`, `bytes1`, `bytes2`, `emote`, `auras`) VALUES ('145530', NULL, '0', '0', '0', '4097', '0', NULL);
INSERT INTO game_event_creature (`event`, `guid`) VALUES ('1', '145530');


-- Importing creature spawn with guid 46908 with import type REPLACE_ALL


-- Importing creature spawn with guid 46909 with import type REPLACE_ALL


-- Importing creature spawn with guid 46910 with import type REPLACE_ALL


-- Importing creature spawn with guid 46911 with import type REPLACE_ALL


-- Importing creature spawn with guid 47575 with import type REPLACE_ALL


-- Importing creature spawn with guid 47614 with import type REPLACE_ALL


-- Importing creature spawn with guid 49852 with import type REPLACE_ALL


-- Importing creature spawn with guid 50451 with import type REPLACE_ALL


-- Importing creature spawn with guid 50452 with import type REPLACE_ALL


-- Importing creature spawn with guid 50453 with import type REPLACE_ALL


-- Importing creature spawn with guid 50454 with import type REPLACE_ALL


-- Importing creature spawn with guid 50455 with import type REPLACE_ALL


-- Importing creature spawn with guid 50456 with import type REPLACE_ALL


-- Importing creature spawn with guid 50457 with import type REPLACE_ALL


-- Importing creature spawn with guid 50458 with import type REPLACE_ALL


-- Importing creature spawn with guid 50459 with import type REPLACE_ALL


-- Importing creature spawn with guid 50460 with import type REPLACE_ALL


-- Importing creature spawn with guid 86179 with import type REPLACE_ALL
INSERT INTO creature_entry (`spawnID`, `entry`) VALUES ('152408', '26124');
INSERT INTO creature (`spawnID`, `map`, `spawnMask`, `modelid`, `equipment_id`, `position_x`, `position_y`, `position_z`, `orientation`, `spawntimesecs`, `spawndist`, `currentwaypoint`, `curhealth`, `curmana`, `MovementType`, `unit_flags`, `pool_id`, `patch_min`, `patch_max`) VALUES ('152408', '530', '1', NULL, '0', '9790.85', '-7250.58', '26.1002', '5.48896', '300', '0', '0', '3524', '0', '0', '0', '0', '0', '10');
INSERT INTO game_event_creature (`event`, `guid`) VALUES ('1', '152408');


-- Importing creature spawn with guid 86224 with import type REPLACE_ALL


-- Importing creature spawn with guid 86227 with import type REPLACE_ALL


-- Importing creature spawn with guid 212598 with import type REPLACE_ALL


-- Importing creature spawn with guid 212541 with import type REPLACE_ALL


-- Importing creature spawn with guid 212540 with import type REPLACE_ALL


-- Importing creature spawn with guid 212539 with import type REPLACE_ALL


-- Importing creature spawn with guid 212538 with import type REPLACE_ALL


-- Importing creature spawn with guid 212537 with import type REPLACE_ALL
INSERT INTO creature_entry (`spawnID`, `entry`) VALUES ('212537', '25962');
INSERT INTO creature (`spawnID`, `map`, `spawnMask`, `modelid`, `equipment_id`, `position_x`, `position_y`, `position_z`, `orientation`, `spawntimesecs`, `spawndist`, `currentwaypoint`, `curhealth`, `curmana`, `MovementType`, `unit_flags`, `pool_id`, `patch_min`, `patch_max`) VALUES ('212537', '1', '1', NULL, '1', '-4426.59', '3463.45', '14.9376', '6.14436', '300', '0', '0', '2138', '0', '0', '0', '0', '0', '10');
INSERT INTO game_event_creature (`event`, `guid`) VALUES ('1', '212537');
INSERT INTO creature_entry (`spawnID`, `entry`) VALUES ('212293', '25962');
INSERT INTO creature (`spawnID`, `map`, `spawnMask`, `modelid`, `equipment_id`, `position_x`, `position_y`, `position_z`, `orientation`, `spawntimesecs`, `spawndist`, `currentwaypoint`, `curhealth`, `curmana`, `MovementType`, `unit_flags`, `pool_id`, `patch_min`, `patch_max`) VALUES ('212293', '530', '1', NULL, '1', '-2224.37', '-11912.7', '26.95', '2.63237', '300', '0', '0', '2784', '0', '0', '0', '0', '0', '10');
INSERT INTO game_event_creature (`event`, `guid`) VALUES ('1', '212293');
INSERT INTO creature_entry (`spawnID`, `entry`) VALUES ('212038', '25962');
INSERT INTO creature (`spawnID`, `map`, `spawnMask`, `modelid`, `equipment_id`, `position_x`, `position_y`, `position_z`, `orientation`, `spawntimesecs`, `spawndist`, `currentwaypoint`, `curhealth`, `curmana`, `MovementType`, `unit_flags`, `pool_id`, `patch_min`, `patch_max`) VALUES ('212038', '0', '1', NULL, '1', '992.05', '-1438.97', '64.3942', '5.22073', '300', '0', '0', '1782', '0', '0', '0', '0', '0', '10');
INSERT INTO game_event_creature (`event`, `guid`) VALUES ('1', '212038');
INSERT INTO creature_entry (`spawnID`, `entry`) VALUES ('211797', '25962');
INSERT INTO creature (`spawnID`, `map`, `spawnMask`, `modelid`, `equipment_id`, `position_x`, `position_y`, `position_z`, `orientation`, `spawntimesecs`, `spawndist`, `currentwaypoint`, `curhealth`, `curmana`, `MovementType`, `unit_flags`, `pool_id`, `patch_min`, `patch_max`) VALUES ('211797', '0', '1', NULL, '1', '-8245.74', '-2607.85', '133.155', '3.51183', '300', '0', '0', '2533', '0', '0', '0', '0', '0', '10');
INSERT INTO game_event_creature (`event`, `guid`) VALUES ('1', '211797');
INSERT INTO creature_entry (`spawnID`, `entry`) VALUES ('213117', '25962');
INSERT INTO creature (`spawnID`, `map`, `spawnMask`, `modelid`, `equipment_id`, `position_x`, `position_y`, `position_z`, `orientation`, `spawntimesecs`, `spawndist`, `currentwaypoint`, `curhealth`, `curmana`, `MovementType`, `unit_flags`, `pool_id`, `patch_min`, `patch_max`) VALUES ('213117', '530', '1', NULL, '1', '-3962.59', '2045.64', '95.0653', '4.66928', '300', '0', '0', '1716', '0', '0', '0', '0', '0', '10');
INSERT INTO game_event_creature (`event`, `guid`) VALUES ('1', '213117');
INSERT INTO creature_entry (`spawnID`, `entry`) VALUES ('213108', '25962');
INSERT INTO creature (`spawnID`, `map`, `spawnMask`, `modelid`, `equipment_id`, `position_x`, `position_y`, `position_z`, `orientation`, `spawntimesecs`, `spawndist`, `currentwaypoint`, `curhealth`, `curmana`, `MovementType`, `unit_flags`, `pool_id`, `patch_min`, `patch_max`) VALUES ('213108', '530', '1', NULL, '1', '-2488.89', '7531.11', '-2.0437', '2.29261', '300', '0', '0', '2371', '0', '0', '0', '0', '0', '10');
INSERT INTO game_event_creature (`event`, `guid`) VALUES ('1', '213108');
INSERT INTO creature_entry (`spawnID`, `entry`) VALUES ('212851', '25962');
INSERT INTO creature (`spawnID`, `map`, `spawnMask`, `modelid`, `equipment_id`, `position_x`, `position_y`, `position_z`, `orientation`, `spawntimesecs`, `spawndist`, `currentwaypoint`, `curhealth`, `curmana`, `MovementType`, `unit_flags`, `pool_id`, `patch_min`, `patch_max`) VALUES ('212851', '530', '1', NULL, '1', '3106.88', '3712.88', '144.328', '0.980452', '300', '0', '0', '2371', '0', '0', '0', '0', '0', '10');
INSERT INTO game_event_creature (`event`, `guid`) VALUES ('1', '212851');
INSERT INTO creature_entry (`spawnID`, `entry`) VALUES ('212604', '25962');
INSERT INTO creature (`spawnID`, `map`, `spawnMask`, `modelid`, `equipment_id`, `position_x`, `position_y`, `position_z`, `orientation`, `spawntimesecs`, `spawndist`, `currentwaypoint`, `curhealth`, `curmana`, `MovementType`, `unit_flags`, `pool_id`, `patch_min`, `patch_max`) VALUES ('212604', '530', '1', NULL, '1', '-4189.94', '-12310.1', '-0.885672', '3.28087', '300', '0', '0', '2138', '0', '0', '0', '0', '0', '10');
INSERT INTO game_event_creature (`event`, `guid`) VALUES ('1', '212604');
INSERT INTO creature_entry (`spawnID`, `entry`) VALUES ('85196', '25962');
INSERT INTO creature (`spawnID`, `map`, `spawnMask`, `modelid`, `equipment_id`, `position_x`, `position_y`, `position_z`, `orientation`, `spawntimesecs`, `spawndist`, `currentwaypoint`, `curhealth`, `curmana`, `MovementType`, `unit_flags`, `pool_id`, `patch_min`, `patch_max`) VALUES ('85196', '530', '1', NULL, '1', '191.919', '5998.19', '24.2443', '4.56315', '300', '0', '0', '2453', '0', '0', '0', '0', '0', '10');
INSERT INTO game_event_creature (`event`, `guid`) VALUES ('1', '85196');
INSERT INTO creature_entry (`spawnID`, `entry`) VALUES ('213096', '25962');
INSERT INTO creature (`spawnID`, `map`, `spawnMask`, `modelid`, `equipment_id`, `position_x`, `position_y`, `position_z`, `orientation`, `spawntimesecs`, `spawndist`, `currentwaypoint`, `curhealth`, `curmana`, `MovementType`, `unit_flags`, `pool_id`, `patch_min`, `patch_max`) VALUES ('213096', '530', '1', NULL, '1', '2050.24', '6603.09', '138.073', '3.04753', '300', '0', '0', '1651', '0', '0', '0', '0', '0', '10');
INSERT INTO game_event_creature (`event`, `guid`) VALUES ('1', '213096');
INSERT INTO creature_entry (`spawnID`, `entry`) VALUES ('78648', '25962');
INSERT INTO creature (`spawnID`, `map`, `spawnMask`, `modelid`, `equipment_id`, `position_x`, `position_y`, `position_z`, `orientation`, `spawntimesecs`, `spawndist`, `currentwaypoint`, `curhealth`, `curmana`, `MovementType`, `unit_flags`, `pool_id`, `patch_min`, `patch_max`) VALUES ('78648', '530', '1', NULL, '1', '-2986.96', '4130.72', '5.04767', '2.64597', '300', '0', '0', '2533', '0', '0', '0', '0', '0', '10');
INSERT INTO game_event_creature (`event`, `guid`) VALUES ('1', '78648');
INSERT INTO creature_entry (`spawnID`, `entry`) VALUES ('213727', '25962');
INSERT INTO creature (`spawnID`, `map`, `spawnMask`, `modelid`, `equipment_id`, `position_x`, `position_y`, `position_z`, `orientation`, `spawntimesecs`, `spawndist`, `currentwaypoint`, `curhealth`, `curmana`, `MovementType`, `unit_flags`, `pool_id`, `patch_min`, `patch_max`) VALUES ('213727', '571', '1', NULL, '1', '4141.22', '5399.12', '26.8254', '0.573149', '300', '0', '0', '2215', '0', '0', '0', '0', '5', '10');
INSERT INTO game_event_creature (`event`, `guid`) VALUES ('1', '213727');
INSERT INTO creature_entry (`spawnID`, `entry`) VALUES ('213741', '25962');
INSERT INTO creature (`spawnID`, `map`, `spawnMask`, `modelid`, `equipment_id`, `position_x`, `position_y`, `position_z`, `orientation`, `spawntimesecs`, `spawndist`, `currentwaypoint`, `curhealth`, `curmana`, `MovementType`, `unit_flags`, `pool_id`, `patch_min`, `patch_max`) VALUES ('213741', '571', '1', NULL, '1', '3954.38', '-609.752', '240.94', '3.62441', '300', '0', '0', '2138', '0', '0', '0', '0', '5', '10');
INSERT INTO game_event_creature (`event`, `guid`) VALUES ('1', '213741');
INSERT INTO creature_entry (`spawnID`, `entry`) VALUES ('213742', '25962');
INSERT INTO creature (`spawnID`, `map`, `spawnMask`, `modelid`, `equipment_id`, `position_x`, `position_y`, `position_z`, `orientation`, `spawntimesecs`, `spawndist`, `currentwaypoint`, `curhealth`, `curmana`, `MovementType`, `unit_flags`, `pool_id`, `patch_min`, `patch_max`) VALUES ('213742', '571', '1', NULL, '1', '3417.9', '-2882.62', '201.901', '2.50837', '300', '0', '0', '2699', '0', '0', '0', '0', '5', '10');
INSERT INTO game_event_creature (`event`, `guid`) VALUES ('1', '213742');
INSERT INTO creature_entry (`spawnID`, `entry`) VALUES ('213752', '25962');
INSERT INTO creature (`spawnID`, `map`, `spawnMask`, `modelid`, `equipment_id`, `position_x`, `position_y`, `position_z`, `orientation`, `spawntimesecs`, `spawndist`, `currentwaypoint`, `curhealth`, `curmana`, `MovementType`, `unit_flags`, `pool_id`, `patch_min`, `patch_max`) VALUES ('213752', '571', '1', NULL, '1', '5605.14', '-2622.99', '292.418', '3.07023', '300', '0', '0', '1782', '0', '0', '0', '0', '5', '10');
INSERT INTO game_event_creature (`event`, `guid`) VALUES ('1', '213752');
INSERT INTO creature_entry (`spawnID`, `entry`) VALUES ('213798', '25962');
INSERT INTO creature (`spawnID`, `map`, `spawnMask`, `modelid`, `equipment_id`, `position_x`, `position_y`, `position_z`, `orientation`, `spawntimesecs`, `spawndist`, `currentwaypoint`, `curhealth`, `curmana`, `MovementType`, `unit_flags`, `pool_id`, `patch_min`, `patch_max`) VALUES ('213798', '571', '1', NULL, '1', '5359.25', '4865.19', '-192.408', '4.29363', '300', '0', '0', '2215', '0', '0', '0', '0', '5', '10');
INSERT INTO game_event_creature (`event`, `guid`) VALUES ('1', '213798');
INSERT INTO creature_entry (`spawnID`, `entry`) VALUES ('213804', '25962');
INSERT INTO creature (`spawnID`, `map`, `spawnMask`, `modelid`, `equipment_id`, `position_x`, `position_y`, `position_z`, `orientation`, `spawntimesecs`, `spawndist`, `currentwaypoint`, `curhealth`, `curmana`, `MovementType`, `unit_flags`, `pool_id`, `patch_min`, `patch_max`) VALUES ('213804', '571', '1', NULL, '1', '2474.94', '-4910.43', '265.088', '1.51708', '300', '0', '0', '2453', '0', '0', '0', '0', '5', '10');
INSERT INTO game_event_creature (`event`, `guid`) VALUES ('1', '213804');
INSERT INTO creature_entry (`spawnID`, `entry`) VALUES ('213810', '25962');
INSERT INTO creature (`spawnID`, `map`, `spawnMask`, `modelid`, `equipment_id`, `position_x`, `position_y`, `position_z`, `orientation`, `spawntimesecs`, `spawndist`, `currentwaypoint`, `curhealth`, `curmana`, `MovementType`, `unit_flags`, `pool_id`, `patch_min`, `patch_max`) VALUES ('213810', '571', '1', NULL, '1', '5145.91', '-709.484', '170.821', '0.499922', '300', '0', '0', '1585', '0', '0', '0', '0', '5', '10');
INSERT INTO game_event_creature (`event`, `guid`) VALUES ('1', '213810');
INSERT INTO creature_entry (`spawnID`, `entry`) VALUES ('213817', '25962');
INSERT INTO creature (`spawnID`, `map`, `spawnMask`, `modelid`, `equipment_id`, `position_x`, `position_y`, `position_z`, `orientation`, `spawntimesecs`, `spawndist`, `currentwaypoint`, `curhealth`, `curmana`, `MovementType`, `unit_flags`, `pool_id`, `patch_min`, `patch_max`) VALUES ('213817', '571', '1', NULL, '1', '6055.79', '-1113.41', '420.965', '0.639908', '300', '0', '0', '2614', '0', '0', '0', '0', '5', '10');
INSERT INTO game_event_creature (`event`, `guid`) VALUES ('1', '213817');


-- Importing creature spawn with guid 212293 with import type REPLACE_ALL


-- Importing creature spawn with guid 212292 with import type REPLACE_ALL


-- Importing creature spawn with guid 212291 with import type REPLACE_ALL


-- Importing creature spawn with guid 212290 with import type REPLACE_ALL


-- Importing creature spawn with guid 212289 with import type REPLACE_ALL


-- Importing creature spawn with guid 212042 with import type REPLACE_ALL


-- Importing creature spawn with guid 212041 with import type REPLACE_ALL


-- Importing creature spawn with guid 212040 with import type REPLACE_ALL


-- Importing creature spawn with guid 212039 with import type REPLACE_ALL


-- Importing creature spawn with guid 212038 with import type REPLACE_ALL


-- Importing creature spawn with guid 211797 with import type REPLACE_ALL


-- Importing creature spawn with guid 211794 with import type REPLACE_ALL


-- Importing creature spawn with guid 211793 with import type REPLACE_ALL


-- Importing creature spawn with guid 211792 with import type REPLACE_ALL


-- Importing creature spawn with guid 211791 with import type REPLACE_ALL


-- Importing creature spawn with guid 86644 with import type REPLACE_ALL


-- Importing creature spawn with guid 86645 with import type REPLACE_ALL


-- Importing creature spawn with guid 86646 with import type REPLACE_ALL


-- Importing creature spawn with guid 86703 with import type REPLACE_ALL


-- Importing creature spawn with guid 86705 with import type REPLACE_ALL


-- Importing creature spawn with guid 86706 with import type REPLACE_ALL


-- Importing creature spawn with guid 86707 with import type REPLACE_ALL


-- Importing creature spawn with guid 86708 with import type REPLACE_ALL


-- Importing creature spawn with guid 86709 with import type REPLACE_ALL


-- Importing creature spawn with guid 86710 with import type REPLACE_ALL


-- Importing creature spawn with guid 86712 with import type REPLACE_ALL


-- Importing creature spawn with guid 86713 with import type REPLACE_ALL


-- Importing creature spawn with guid 86714 with import type REPLACE_ALL


-- Importing creature spawn with guid 86715 with import type REPLACE_ALL


-- Importing creature spawn with guid 86716 with import type REPLACE_ALL


-- Importing creature spawn with guid 86896 with import type REPLACE_ALL


-- Importing creature spawn with guid 86897 with import type REPLACE_ALL


-- Importing creature spawn with guid 86898 with import type REPLACE_ALL


-- Importing creature spawn with guid 86901 with import type REPLACE_ALL


-- Importing creature spawn with guid 86924 with import type REPLACE_ALL


-- Importing creature spawn with guid 87086 with import type REPLACE_ALL


-- Importing creature spawn with guid 88899 with import type REPLACE_ALL


-- Importing creature spawn with guid 90486 with import type REPLACE_ALL


-- Importing creature spawn with guid 90492 with import type REPLACE_ALL


-- Importing creature spawn with guid 90493 with import type REPLACE_ALL


-- Importing creature spawn with guid 90494 with import type REPLACE_ALL
INSERT INTO creature_entry (`spawnID`, `entry`) VALUES ('152405', '26221');
INSERT INTO creature (`spawnID`, `map`, `spawnMask`, `modelid`, `equipment_id`, `position_x`, `position_y`, `position_z`, `orientation`, `spawntimesecs`, `spawndist`, `currentwaypoint`, `curhealth`, `curmana`, `MovementType`, `unit_flags`, `pool_id`, `patch_min`, `patch_max`) VALUES ('152405', '530', '1', NULL, '1', '-3796.67', '-11496.8', '-134.748', '2.2101', '300', '0', '0', '8982', '3155', '0', '0', '0', '0', '10');
INSERT INTO game_event_creature (`event`, `guid`) VALUES ('1', '152405');
INSERT INTO creature_entry (`spawnID`, `entry`) VALUES ('165587', '26221');
INSERT INTO creature (`spawnID`, `map`, `spawnMask`, `modelid`, `equipment_id`, `position_x`, `position_y`, `position_z`, `orientation`, `spawntimesecs`, `spawndist`, `currentwaypoint`, `curhealth`, `curmana`, `MovementType`, `unit_flags`, `pool_id`, `patch_min`, `patch_max`) VALUES ('165587', '0', '1', NULL, '1', '-8832.81', '861.687', '98.8931', '0.880735', '300', '0', '0', '8982', '3155', '0', '0', '0', '0', '10');
INSERT INTO game_event_creature (`event`, `guid`) VALUES ('1', '165587');


-- Importing creature spawn with guid 90495 with import type REPLACE_ALL


-- Importing creature spawn with guid 90496 with import type REPLACE_ALL


-- Importing creature spawn with guid 90498 with import type REPLACE_ALL


-- Importing creature spawn with guid 90499 with import type REPLACE_ALL


-- Importing creature spawn with guid 90508 with import type REPLACE_ALL


-- Importing creature spawn with guid 90509 with import type REPLACE_ALL
INSERT INTO creature_entry (`spawnID`, `entry`) VALUES ('202769', '25975');
INSERT INTO creature (`spawnID`, `map`, `spawnMask`, `modelid`, `equipment_id`, `position_x`, `position_y`, `position_z`, `orientation`, `spawntimesecs`, `spawndist`, `currentwaypoint`, `curhealth`, `curmana`, `MovementType`, `unit_flags`, `pool_id`, `patch_min`, `patch_max`) VALUES ('202769', '530', '1', NULL, '1', '-3789.96', '-11498.6', '-134.597', '0', '120', '0', '0', '1', '0', '0', '0', '0', '0', '10');
INSERT INTO game_event_creature (`event`, `guid`) VALUES ('1', '202769');


-- Importing creature spawn with guid 90510 with import type REPLACE_ALL


-- Importing creature spawn with guid 90512 with import type REPLACE_ALL


-- Importing creature spawn with guid 94421 with import type REPLACE_ALL


-- Importing creature spawn with guid 94475 with import type REPLACE_ALL


-- Importing creature spawn with guid 94477 with import type REPLACE_ALL


-- Importing creature spawn with guid 94485 with import type REPLACE_ALL


-- Importing creature spawn with guid 94486 with import type REPLACE_ALL


-- Importing creature spawn with guid 94487 with import type REPLACE_ALL


-- Importing creature spawn with guid 94488 with import type REPLACE_ALL


-- Importing creature spawn with guid 94489 with import type REPLACE_ALL


-- Importing creature spawn with guid 94509 with import type REPLACE_ALL


-- Importing creature spawn with guid 94510 with import type REPLACE_ALL


-- Importing creature spawn with guid 94511 with import type REPLACE_ALL


-- Importing creature spawn with guid 94512 with import type REPLACE_ALL


-- Importing creature spawn with guid 94514 with import type REPLACE_ALL


-- Importing creature spawn with guid 94515 with import type REPLACE_ALL


-- Importing creature spawn with guid 94516 with import type REPLACE_ALL


-- Importing creature spawn with guid 94517 with import type REPLACE_ALL


-- Importing creature spawn with guid 94519 with import type REPLACE_ALL


-- Importing creature spawn with guid 94520 with import type REPLACE_ALL


-- Importing creature spawn with guid 94521 with import type REPLACE_ALL


-- Importing creature spawn with guid 94522 with import type REPLACE_ALL


-- Importing creature spawn with guid 94523 with import type REPLACE_ALL


-- Importing creature spawn with guid 94524 with import type REPLACE_ALL


-- Importing creature spawn with guid 94525 with import type REPLACE_ALL


-- Importing creature spawn with guid 94526 with import type REPLACE_ALL


-- Importing creature spawn with guid 94527 with import type REPLACE_ALL


-- Importing creature spawn with guid 94528 with import type REPLACE_ALL


-- Importing creature spawn with guid 94529 with import type REPLACE_ALL


-- Importing creature spawn with guid 94530 with import type REPLACE_ALL


-- Importing creature spawn with guid 94531 with import type REPLACE_ALL


-- Importing creature spawn with guid 94532 with import type REPLACE_ALL


-- Importing creature spawn with guid 94533 with import type REPLACE_ALL


-- Importing creature spawn with guid 94534 with import type REPLACE_ALL


-- Importing creature spawn with guid 94535 with import type REPLACE_ALL


-- Importing creature spawn with guid 94536 with import type REPLACE_ALL


-- Importing creature spawn with guid 94537 with import type REPLACE_ALL


-- Importing creature spawn with guid 94538 with import type REPLACE_ALL


-- Importing creature spawn with guid 94539 with import type REPLACE_ALL


-- Importing creature spawn with guid 94540 with import type REPLACE_ALL


-- Importing creature spawn with guid 94541 with import type REPLACE_ALL


-- Importing creature spawn with guid 94542 with import type REPLACE_ALL


-- Importing creature spawn with guid 94543 with import type REPLACE_ALL


-- Importing creature spawn with guid 94544 with import type REPLACE_ALL


-- Importing creature spawn with guid 94545 with import type REPLACE_ALL


-- Importing creature spawn with guid 94546 with import type REPLACE_ALL


-- Importing creature spawn with guid 94547 with import type REPLACE_ALL


-- Importing creature spawn with guid 94548 with import type REPLACE_ALL


-- Importing creature spawn with guid 94549 with import type REPLACE_ALL


-- Importing creature spawn with guid 94550 with import type REPLACE_ALL


-- Importing creature spawn with guid 94552 with import type REPLACE_ALL


-- Importing creature spawn with guid 94558 with import type REPLACE_ALL


-- Importing creature spawn with guid 94559 with import type REPLACE_ALL


-- Importing creature spawn with guid 94560 with import type REPLACE_ALL


-- Importing creature spawn with guid 94561 with import type REPLACE_ALL


-- Importing creature spawn with guid 94562 with import type REPLACE_ALL


-- Importing creature spawn with guid 94563 with import type REPLACE_ALL


-- Importing creature spawn with guid 94564 with import type REPLACE_ALL


-- Importing creature spawn with guid 94565 with import type REPLACE_ALL


-- Importing creature spawn with guid 94566 with import type REPLACE_ALL


-- Importing creature spawn with guid 94567 with import type REPLACE_ALL


-- Importing creature spawn with guid 94568 with import type REPLACE_ALL


-- Importing creature spawn with guid 94569 with import type REPLACE_ALL


-- Importing creature spawn with guid 94570 with import type REPLACE_ALL


-- Importing creature spawn with guid 94571 with import type REPLACE_ALL


-- Importing creature spawn with guid 94572 with import type REPLACE_ALL


-- Importing creature spawn with guid 94573 with import type REPLACE_ALL


-- Importing creature spawn with guid 94574 with import type REPLACE_ALL


-- Importing creature spawn with guid 94575 with import type REPLACE_ALL


-- Importing creature spawn with guid 94576 with import type REPLACE_ALL


-- Importing creature spawn with guid 94577 with import type REPLACE_ALL


-- Importing creature spawn with guid 94578 with import type REPLACE_ALL


-- Importing creature spawn with guid 94580 with import type REPLACE_ALL


-- Importing creature spawn with guid 94581 with import type REPLACE_ALL


-- Importing creature spawn with guid 94582 with import type REPLACE_ALL


-- Importing creature spawn with guid 94583 with import type REPLACE_ALL


-- Importing creature spawn with guid 94584 with import type REPLACE_ALL


-- Importing creature spawn with guid 94585 with import type REPLACE_ALL


-- Importing creature spawn with guid 94586 with import type REPLACE_ALL


-- Importing creature spawn with guid 94587 with import type REPLACE_ALL


-- Importing creature spawn with guid 94588 with import type REPLACE_ALL


-- Importing creature spawn with guid 94589 with import type REPLACE_ALL


-- Importing creature spawn with guid 94590 with import type REPLACE_ALL


-- Importing creature spawn with guid 94591 with import type REPLACE_ALL


-- Importing creature spawn with guid 94592 with import type REPLACE_ALL


-- Importing creature spawn with guid 94593 with import type REPLACE_ALL


-- Importing creature spawn with guid 94594 with import type REPLACE_ALL


-- Importing creature spawn with guid 94595 with import type REPLACE_ALL


-- Importing creature spawn with guid 94596 with import type REPLACE_ALL


-- Importing creature spawn with guid 94597 with import type REPLACE_ALL


-- Importing creature spawn with guid 94598 with import type REPLACE_ALL


-- Importing creature spawn with guid 94599 with import type REPLACE_ALL


-- Importing creature spawn with guid 94600 with import type REPLACE_ALL


-- Importing creature spawn with guid 94601 with import type REPLACE_ALL


-- Importing creature spawn with guid 94602 with import type REPLACE_ALL


-- Importing creature spawn with guid 94603 with import type REPLACE_ALL


-- Importing creature spawn with guid 94604 with import type REPLACE_ALL


-- Importing creature spawn with guid 94606 with import type REPLACE_ALL


-- Importing creature spawn with guid 94607 with import type REPLACE_ALL


-- Importing creature spawn with guid 94608 with import type REPLACE_ALL


-- Importing creature spawn with guid 94609 with import type REPLACE_ALL


-- Importing creature spawn with guid 94610 with import type REPLACE_ALL


-- Importing creature spawn with guid 94611 with import type REPLACE_ALL


-- Importing creature spawn with guid 94612 with import type REPLACE_ALL


-- Importing creature spawn with guid 94613 with import type REPLACE_ALL


-- Importing creature spawn with guid 94614 with import type REPLACE_ALL


-- Importing creature spawn with guid 94615 with import type REPLACE_ALL


-- Importing creature spawn with guid 94616 with import type REPLACE_ALL


-- Importing creature spawn with guid 94617 with import type REPLACE_ALL


-- Importing creature spawn with guid 94618 with import type REPLACE_ALL


-- Importing creature spawn with guid 94619 with import type REPLACE_ALL


-- Importing creature spawn with guid 94620 with import type REPLACE_ALL


-- Importing creature spawn with guid 94621 with import type REPLACE_ALL


-- Importing creature spawn with guid 94622 with import type REPLACE_ALL


-- Importing creature spawn with guid 94623 with import type REPLACE_ALL


-- Importing creature spawn with guid 94624 with import type REPLACE_ALL


-- Importing creature spawn with guid 94625 with import type REPLACE_ALL


-- Importing creature spawn with guid 94626 with import type REPLACE_ALL


-- Importing creature spawn with guid 94627 with import type REPLACE_ALL


-- Importing creature spawn with guid 94628 with import type REPLACE_ALL


-- Importing creature spawn with guid 94629 with import type REPLACE_ALL


-- Importing creature spawn with guid 94630 with import type REPLACE_ALL


-- Importing creature spawn with guid 94631 with import type REPLACE_ALL


-- Importing creature spawn with guid 94632 with import type REPLACE_ALL


-- Importing creature spawn with guid 94633 with import type REPLACE_ALL


-- Importing creature spawn with guid 94634 with import type REPLACE_ALL


-- Importing creature spawn with guid 94635 with import type REPLACE_ALL


-- Importing creature spawn with guid 94636 with import type REPLACE_ALL


-- Importing creature spawn with guid 94637 with import type REPLACE_ALL


-- Importing creature spawn with guid 94638 with import type REPLACE_ALL


-- Importing creature spawn with guid 94639 with import type REPLACE_ALL


-- Importing creature spawn with guid 94640 with import type REPLACE_ALL


-- Importing creature spawn with guid 94641 with import type REPLACE_ALL


-- Importing creature spawn with guid 94642 with import type REPLACE_ALL


-- Importing creature spawn with guid 94643 with import type REPLACE_ALL


-- Importing creature spawn with guid 94644 with import type REPLACE_ALL


-- Importing creature spawn with guid 94645 with import type REPLACE_ALL


-- Importing creature spawn with guid 94646 with import type REPLACE_ALL


-- Importing creature spawn with guid 94647 with import type REPLACE_ALL


-- Importing creature spawn with guid 94648 with import type REPLACE_ALL


-- Importing creature spawn with guid 94650 with import type REPLACE_ALL


-- Importing creature spawn with guid 94651 with import type REPLACE_ALL


-- Importing creature spawn with guid 94652 with import type REPLACE_ALL


-- Importing creature spawn with guid 94653 with import type REPLACE_ALL


-- Importing creature spawn with guid 94654 with import type REPLACE_ALL


-- Importing creature spawn with guid 94655 with import type REPLACE_ALL


-- Importing creature spawn with guid 94657 with import type REPLACE_ALL


-- Importing creature spawn with guid 94658 with import type REPLACE_ALL


-- Importing creature spawn with guid 94659 with import type REPLACE_ALL


-- Importing creature spawn with guid 94660 with import type REPLACE_ALL


-- Importing creature spawn with guid 94661 with import type REPLACE_ALL


-- Importing creature spawn with guid 94662 with import type REPLACE_ALL


-- Importing creature spawn with guid 94663 with import type REPLACE_ALL


-- Importing creature spawn with guid 94664 with import type REPLACE_ALL


-- Importing creature spawn with guid 94665 with import type REPLACE_ALL


-- Importing creature spawn with guid 94666 with import type REPLACE_ALL


-- Importing creature spawn with guid 94667 with import type REPLACE_ALL


-- Importing creature spawn with guid 94668 with import type REPLACE_ALL


-- Importing creature spawn with guid 94669 with import type REPLACE_ALL


-- Importing creature spawn with guid 94670 with import type REPLACE_ALL


-- Importing creature spawn with guid 94671 with import type REPLACE_ALL


-- Importing creature spawn with guid 94672 with import type REPLACE_ALL


-- Importing creature spawn with guid 94673 with import type REPLACE_ALL


-- Importing creature spawn with guid 94674 with import type REPLACE_ALL


-- Importing creature spawn with guid 94675 with import type REPLACE_ALL


-- Importing creature spawn with guid 94676 with import type REPLACE_ALL


-- Importing creature spawn with guid 94677 with import type REPLACE_ALL


-- Importing creature spawn with guid 94678 with import type REPLACE_ALL


-- Importing creature spawn with guid 94679 with import type REPLACE_ALL


-- Importing creature spawn with guid 94680 with import type REPLACE_ALL


-- Importing creature spawn with guid 94681 with import type REPLACE_ALL


-- Importing creature spawn with guid 94682 with import type REPLACE_ALL


-- Importing creature spawn with guid 94683 with import type REPLACE_ALL


-- Importing creature spawn with guid 94684 with import type REPLACE_ALL


-- Importing creature spawn with guid 94685 with import type REPLACE_ALL


-- Importing creature spawn with guid 94686 with import type REPLACE_ALL


-- Importing creature spawn with guid 94687 with import type REPLACE_ALL


-- Importing creature spawn with guid 94688 with import type REPLACE_ALL


-- Importing creature spawn with guid 94689 with import type REPLACE_ALL


-- Importing creature spawn with guid 94690 with import type REPLACE_ALL


-- Importing creature spawn with guid 94691 with import type REPLACE_ALL


-- Importing creature spawn with guid 94692 with import type REPLACE_ALL


-- Importing creature spawn with guid 94693 with import type REPLACE_ALL


-- Importing creature spawn with guid 94695 with import type REPLACE_ALL


-- Importing creature spawn with guid 94697 with import type REPLACE_ALL


-- Importing creature spawn with guid 94699 with import type REPLACE_ALL


-- Importing creature spawn with guid 94701 with import type REPLACE_ALL


-- Importing creature spawn with guid 94702 with import type REPLACE_ALL


-- Importing creature spawn with guid 94703 with import type REPLACE_ALL


-- Importing creature spawn with guid 94705 with import type REPLACE_ALL


-- Importing creature spawn with guid 94706 with import type REPLACE_ALL


-- Importing creature spawn with guid 94707 with import type REPLACE_ALL


-- Importing creature spawn with guid 94708 with import type REPLACE_ALL


-- Importing creature spawn with guid 94709 with import type REPLACE_ALL


-- Importing creature spawn with guid 94712 with import type REPLACE_ALL


-- Importing creature spawn with guid 94713 with import type REPLACE_ALL


-- Importing creature spawn with guid 94714 with import type REPLACE_ALL


-- Importing creature spawn with guid 94715 with import type REPLACE_ALL


-- Importing creature spawn with guid 94717 with import type REPLACE_ALL


-- Importing creature spawn with guid 94718 with import type REPLACE_ALL


-- Importing creature spawn with guid 94719 with import type REPLACE_ALL


-- Importing creature spawn with guid 94720 with import type REPLACE_ALL


-- Importing creature spawn with guid 94721 with import type REPLACE_ALL


-- Importing creature spawn with guid 94722 with import type REPLACE_ALL


-- Importing creature spawn with guid 94725 with import type REPLACE_ALL


-- Importing creature spawn with guid 94726 with import type REPLACE_ALL


-- Importing creature spawn with guid 94727 with import type REPLACE_ALL


-- Importing creature spawn with guid 94728 with import type REPLACE_ALL


-- Importing creature spawn with guid 94729 with import type REPLACE_ALL


-- Importing creature spawn with guid 94730 with import type REPLACE_ALL


-- Importing creature spawn with guid 94731 with import type REPLACE_ALL


-- Importing creature spawn with guid 94732 with import type REPLACE_ALL


-- Importing creature spawn with guid 94736 with import type REPLACE_ALL


-- Importing creature spawn with guid 94737 with import type REPLACE_ALL


-- Importing creature spawn with guid 165584 with import type REPLACE_ALL


-- Importing creature spawn with guid 94740 with import type REPLACE_ALL


-- Importing creature spawn with guid 94741 with import type REPLACE_ALL


-- Importing creature spawn with guid 94742 with import type REPLACE_ALL


-- Importing creature spawn with guid 94743 with import type REPLACE_ALL


-- Importing creature spawn with guid 94744 with import type REPLACE_ALL


-- Importing creature spawn with guid 94745 with import type REPLACE_ALL


-- Importing creature spawn with guid 94746 with import type REPLACE_ALL


-- Importing creature spawn with guid 94747 with import type REPLACE_ALL


-- Importing creature spawn with guid 94748 with import type REPLACE_ALL


-- Importing creature spawn with guid 94749 with import type REPLACE_ALL


-- Importing creature spawn with guid 94750 with import type REPLACE_ALL


-- Importing creature spawn with guid 94751 with import type REPLACE_ALL


-- Importing creature spawn with guid 94752 with import type REPLACE_ALL


-- Importing creature spawn with guid 94753 with import type REPLACE_ALL


-- Importing creature spawn with guid 94754 with import type REPLACE_ALL


-- Importing creature spawn with guid 94755 with import type REPLACE_ALL


-- Importing creature spawn with guid 94756 with import type REPLACE_ALL


-- Importing creature spawn with guid 94757 with import type REPLACE_ALL


-- Importing creature spawn with guid 94758 with import type REPLACE_ALL


-- Importing creature spawn with guid 94759 with import type REPLACE_ALL


-- Importing creature spawn with guid 94760 with import type REPLACE_ALL


-- Importing creature spawn with guid 94761 with import type REPLACE_ALL


-- Importing creature spawn with guid 94762 with import type REPLACE_ALL


-- Importing creature spawn with guid 94763 with import type REPLACE_ALL


-- Importing creature spawn with guid 94764 with import type REPLACE_ALL


-- Importing creature spawn with guid 94765 with import type REPLACE_ALL


-- Importing creature spawn with guid 94766 with import type REPLACE_ALL


-- Importing creature spawn with guid 94767 with import type REPLACE_ALL


-- Importing creature spawn with guid 94768 with import type REPLACE_ALL


-- Importing creature spawn with guid 94769 with import type REPLACE_ALL


-- Importing creature spawn with guid 94770 with import type REPLACE_ALL


-- Importing creature spawn with guid 94771 with import type REPLACE_ALL


-- Importing creature spawn with guid 94772 with import type REPLACE_ALL


-- Importing creature spawn with guid 94773 with import type REPLACE_ALL


-- Importing creature spawn with guid 94774 with import type REPLACE_ALL


-- Importing creature spawn with guid 94775 with import type REPLACE_ALL


-- Importing creature spawn with guid 94776 with import type REPLACE_ALL


-- Importing creature spawn with guid 213117 with import type REPLACE_ALL


-- Importing creature spawn with guid 213116 with import type REPLACE_ALL


-- Importing creature spawn with guid 213115 with import type REPLACE_ALL


-- Importing creature spawn with guid 213114 with import type REPLACE_ALL


-- Importing creature spawn with guid 213113 with import type REPLACE_ALL


-- Importing creature spawn with guid 213108 with import type REPLACE_ALL


-- Importing creature spawn with guid 213106 with import type REPLACE_ALL


-- Importing creature spawn with guid 213105 with import type REPLACE_ALL


-- Importing creature spawn with guid 213104 with import type REPLACE_ALL


-- Importing creature spawn with guid 213103 with import type REPLACE_ALL


-- Importing creature spawn with guid 212851 with import type REPLACE_ALL


-- Importing creature spawn with guid 212850 with import type REPLACE_ALL


-- Importing creature spawn with guid 212849 with import type REPLACE_ALL


-- Importing creature spawn with guid 94723 with import type REPLACE_ALL


-- Importing creature spawn with guid 212848 with import type REPLACE_ALL


-- Importing creature spawn with guid 212847 with import type REPLACE_ALL


-- Importing creature spawn with guid 212604 with import type REPLACE_ALL


-- Importing creature spawn with guid 212602 with import type REPLACE_ALL


-- Importing creature spawn with guid 212601 with import type REPLACE_ALL


-- Importing creature spawn with guid 212600 with import type REPLACE_ALL


-- Importing creature spawn with guid 212599 with import type REPLACE_ALL


-- Importing creature spawn with guid 94801 with import type REPLACE_ALL


-- Importing creature spawn with guid 94802 with import type REPLACE_ALL


-- Importing creature spawn with guid 94803 with import type REPLACE_ALL


-- Importing creature spawn with guid 94804 with import type REPLACE_ALL


-- Importing creature spawn with guid 94805 with import type REPLACE_ALL


-- Importing creature spawn with guid 94806 with import type REPLACE_ALL


-- Importing creature spawn with guid 94807 with import type REPLACE_ALL


-- Importing creature spawn with guid 94808 with import type REPLACE_ALL


-- Importing creature spawn with guid 94809 with import type REPLACE_ALL


-- Importing creature spawn with guid 94810 with import type REPLACE_ALL


-- Importing creature spawn with guid 94811 with import type REPLACE_ALL


-- Importing creature spawn with guid 94812 with import type REPLACE_ALL


-- Importing creature spawn with guid 94813 with import type REPLACE_ALL


-- Importing creature spawn with guid 94814 with import type REPLACE_ALL


-- Importing creature spawn with guid 94815 with import type REPLACE_ALL


-- Importing creature spawn with guid 94816 with import type REPLACE_ALL


-- Importing creature spawn with guid 94817 with import type REPLACE_ALL


-- Importing creature spawn with guid 94818 with import type REPLACE_ALL


-- Importing creature spawn with guid 94819 with import type REPLACE_ALL


-- Importing creature spawn with guid 94820 with import type REPLACE_ALL


-- Importing creature spawn with guid 94821 with import type REPLACE_ALL


-- Importing creature spawn with guid 94822 with import type REPLACE_ALL


-- Importing creature spawn with guid 94823 with import type REPLACE_ALL


-- Importing creature spawn with guid 94824 with import type REPLACE_ALL


-- Importing creature spawn with guid 94825 with import type REPLACE_ALL


-- Importing creature spawn with guid 94826 with import type REPLACE_ALL


-- Importing creature spawn with guid 94827 with import type REPLACE_ALL


-- Importing creature spawn with guid 94828 with import type REPLACE_ALL


-- Importing creature spawn with guid 94829 with import type REPLACE_ALL


-- Importing creature spawn with guid 94830 with import type REPLACE_ALL


-- Importing creature spawn with guid 94831 with import type REPLACE_ALL


-- Importing creature spawn with guid 94832 with import type REPLACE_ALL


-- Importing creature spawn with guid 94833 with import type REPLACE_ALL


-- Importing creature spawn with guid 94834 with import type REPLACE_ALL


-- Importing creature spawn with guid 94835 with import type REPLACE_ALL


-- Importing creature spawn with guid 94836 with import type REPLACE_ALL


-- Importing creature spawn with guid 94837 with import type REPLACE_ALL


-- Importing creature spawn with guid 94838 with import type REPLACE_ALL


-- Importing creature spawn with guid 94839 with import type REPLACE_ALL


-- Importing creature spawn with guid 94840 with import type REPLACE_ALL


-- Importing creature spawn with guid 94841 with import type REPLACE_ALL


-- Importing creature spawn with guid 94842 with import type REPLACE_ALL


-- Importing creature spawn with guid 94843 with import type REPLACE_ALL


-- Importing creature spawn with guid 94844 with import type REPLACE_ALL


-- Importing creature spawn with guid 94845 with import type REPLACE_ALL


-- Importing creature spawn with guid 94846 with import type REPLACE_ALL


-- Importing creature spawn with guid 94847 with import type REPLACE_ALL


-- Importing creature spawn with guid 94848 with import type REPLACE_ALL


-- Importing creature spawn with guid 94849 with import type REPLACE_ALL


-- Importing creature spawn with guid 94850 with import type REPLACE_ALL


-- Importing creature spawn with guid 94851 with import type REPLACE_ALL


-- Importing creature spawn with guid 94852 with import type REPLACE_ALL


-- Importing creature spawn with guid 94853 with import type REPLACE_ALL


-- Importing creature spawn with guid 94854 with import type REPLACE_ALL


-- Importing creature spawn with guid 94855 with import type REPLACE_ALL
INSERT INTO creature_entry (`spawnID`, `entry`) VALUES ('202768', '16817');
INSERT INTO creature (`spawnID`, `map`, `spawnMask`, `modelid`, `equipment_id`, `position_x`, `position_y`, `position_z`, `orientation`, `spawntimesecs`, `spawndist`, `currentwaypoint`, `curhealth`, `curmana`, `MovementType`, `unit_flags`, `pool_id`, `patch_min`, `patch_max`) VALUES ('202768', '530', '1', NULL, '0', '-3787.91', '-11506.1', '-134.6', '0', '120', '0', '0', '1', '0', '0', '0', '0', '0', '10');
INSERT INTO game_event_creature (`event`, `guid`) VALUES ('1', '202768');
INSERT INTO creature_entry (`spawnID`, `entry`) VALUES ('165589', '16817');
INSERT INTO creature (`spawnID`, `map`, `spawnMask`, `modelid`, `equipment_id`, `position_x`, `position_y`, `position_z`, `orientation`, `spawntimesecs`, `spawndist`, `currentwaypoint`, `curhealth`, `curmana`, `MovementType`, `unit_flags`, `pool_id`, `patch_min`, `patch_max`) VALUES ('165589', '0', '1', NULL, '0', '-8831.73', '854.756', '99.1285', '5.71407', '300', '0', '0', '3052', '0', '0', '0', '0', '0', '10');
INSERT INTO game_event_creature (`event`, `guid`) VALUES ('1', '165589');


-- Importing creature spawn with guid 94856 with import type REPLACE_ALL


-- Importing creature spawn with guid 94857 with import type REPLACE_ALL


-- Importing creature spawn with guid 94858 with import type REPLACE_ALL
INSERT INTO creature_entry (`spawnID`, `entry`) VALUES ('202750', '16818');
INSERT INTO creature (`spawnID`, `map`, `spawnMask`, `modelid`, `equipment_id`, `position_x`, `position_y`, `position_z`, `orientation`, `spawntimesecs`, `spawndist`, `currentwaypoint`, `curhealth`, `curmana`, `MovementType`, `unit_flags`, `pool_id`, `patch_min`, `patch_max`) VALUES ('202750', '530', '1', NULL, '0', '9807', '-7246.82', '26.216', '0', '120', '0', '0', '1', '0', '0', '0', '0', '0', '10');
INSERT INTO game_event_creature (`event`, `guid`) VALUES ('1', '202750');


-- Importing creature spawn with guid 94859 with import type REPLACE_ALL


-- Importing creature spawn with guid 94860 with import type REPLACE_ALL


-- Importing creature spawn with guid 94861 with import type REPLACE_ALL


-- Importing creature spawn with guid 94864 with import type REPLACE_ALL


-- Importing creature spawn with guid 94865 with import type REPLACE_ALL


-- Importing creature spawn with guid 94866 with import type REPLACE_ALL


-- Importing creature spawn with guid 94867 with import type REPLACE_ALL


-- Importing creature spawn with guid 94868 with import type REPLACE_ALL


-- Importing creature spawn with guid 94869 with import type REPLACE_ALL


-- Importing creature spawn with guid 94870 with import type REPLACE_ALL


-- Importing creature spawn with guid 94871 with import type REPLACE_ALL


-- Importing creature spawn with guid 94872 with import type REPLACE_ALL


-- Importing creature spawn with guid 94873 with import type REPLACE_ALL


-- Importing creature spawn with guid 94874 with import type REPLACE_ALL


-- Importing creature spawn with guid 94875 with import type REPLACE_ALL


-- Importing creature spawn with guid 94876 with import type REPLACE_ALL


-- Importing creature spawn with guid 94877 with import type REPLACE_ALL


-- Importing creature spawn with guid 94878 with import type REPLACE_ALL


-- Importing creature spawn with guid 94879 with import type REPLACE_ALL


-- Importing creature spawn with guid 94880 with import type REPLACE_ALL


-- Importing creature spawn with guid 94881 with import type REPLACE_ALL


-- Importing creature spawn with guid 94882 with import type REPLACE_ALL


-- Importing creature spawn with guid 94883 with import type REPLACE_ALL


-- Importing creature spawn with guid 94884 with import type REPLACE_ALL


-- Importing creature spawn with guid 94885 with import type REPLACE_ALL


-- Importing creature spawn with guid 94886 with import type REPLACE_ALL


-- Importing creature spawn with guid 94887 with import type REPLACE_ALL


-- Importing creature spawn with guid 94888 with import type REPLACE_ALL


-- Importing creature spawn with guid 94889 with import type REPLACE_ALL


-- Importing creature spawn with guid 94890 with import type REPLACE_ALL


-- Importing creature spawn with guid 94891 with import type REPLACE_ALL


-- Importing creature spawn with guid 94892 with import type REPLACE_ALL


-- Importing creature spawn with guid 94893 with import type REPLACE_ALL


-- Importing creature spawn with guid 94894 with import type REPLACE_ALL


-- Importing creature spawn with guid 94895 with import type REPLACE_ALL


-- Importing creature spawn with guid 94896 with import type REPLACE_ALL


-- Importing creature spawn with guid 94897 with import type REPLACE_ALL


-- Importing creature spawn with guid 94898 with import type REPLACE_ALL


-- Importing creature spawn with guid 94899 with import type REPLACE_ALL


-- Importing creature spawn with guid 94900 with import type REPLACE_ALL


-- Importing creature spawn with guid 94901 with import type REPLACE_ALL


-- Importing creature spawn with guid 94902 with import type REPLACE_ALL


-- Importing creature spawn with guid 94903 with import type REPLACE_ALL


-- Importing creature spawn with guid 94904 with import type REPLACE_ALL


-- Importing creature spawn with guid 94905 with import type REPLACE_ALL


-- Importing creature spawn with guid 94906 with import type REPLACE_ALL


-- Importing creature spawn with guid 94907 with import type REPLACE_ALL


-- Importing creature spawn with guid 94908 with import type REPLACE_ALL


-- Importing creature spawn with guid 94909 with import type REPLACE_ALL


-- Importing creature spawn with guid 94910 with import type REPLACE_ALL


-- Importing creature spawn with guid 94911 with import type REPLACE_ALL


-- Importing creature spawn with guid 94912 with import type REPLACE_ALL


-- Importing creature spawn with guid 94913 with import type REPLACE_ALL


-- Importing creature spawn with guid 94914 with import type REPLACE_ALL


-- Importing creature spawn with guid 94915 with import type REPLACE_ALL


-- Importing creature spawn with guid 94916 with import type REPLACE_ALL


-- Importing creature spawn with guid 94917 with import type REPLACE_ALL


-- Importing creature spawn with guid 94918 with import type REPLACE_ALL


-- Importing creature spawn with guid 94919 with import type REPLACE_ALL


-- Importing creature spawn with guid 94938 with import type REPLACE_ALL
INSERT INTO creature_entry (`spawnID`, `entry`) VALUES ('94950', '26355');
-- Has LK modelid 11686 already in creature template, set to 0.
INSERT INTO creature (`spawnID`, `map`, `spawnMask`, `modelid`, `equipment_id`, `position_x`, `position_y`, `position_z`, `orientation`, `spawntimesecs`, `spawndist`, `currentwaypoint`, `curhealth`, `curmana`, `MovementType`, `unit_flags`, `pool_id`, `patch_min`, `patch_max`) VALUES ('94950', '1', '1', NULL, '0', '-7120.51', '-3655.11', '8.90535', '0', '300', '0', '0', '42', '0', '0', '0', '0', '0', '10');
INSERT INTO game_event_creature (`event`, `guid`) VALUES ('1', '94950');
INSERT INTO creature_entry (`spawnID`, `entry`) VALUES ('94956', '26355');
-- Has LK modelid 11686 already in creature template, set to 0.
INSERT INTO creature (`spawnID`, `map`, `spawnMask`, `modelid`, `equipment_id`, `position_x`, `position_y`, `position_z`, `orientation`, `spawntimesecs`, `spawndist`, `currentwaypoint`, `curhealth`, `curmana`, `MovementType`, `unit_flags`, `pool_id`, `patch_min`, `patch_max`) VALUES ('94956', '0', '1', NULL, '0', '-14374.7', '117.921', '1.53653', '0', '300', '0', '0', '42', '0', '0', '0', '0', '0', '10');
INSERT INTO game_event_creature (`event`, `guid`) VALUES ('1', '94956');


-- Importing creature spawn with guid 94939 with import type REPLACE_ALL


-- Importing creature spawn with guid 94940 with import type REPLACE_ALL


-- Importing creature spawn with guid 94941 with import type REPLACE_ALL


-- Importing creature spawn with guid 94942 with import type REPLACE_ALL


-- Importing creature spawn with guid 94943 with import type REPLACE_ALL


-- Importing creature spawn with guid 94944 with import type REPLACE_ALL


-- Importing creature spawn with guid 94945 with import type REPLACE_ALL


-- Importing creature spawn with guid 94946 with import type REPLACE_ALL


-- Importing creature spawn with guid 94947 with import type REPLACE_ALL


-- Importing creature spawn with guid 94948 with import type REPLACE_ALL


-- Importing creature spawn with guid 94949 with import type REPLACE_ALL


-- Importing creature spawn with guid 94950 with import type REPLACE_ALL


-- Importing creature spawn with guid 94951 with import type REPLACE_ALL


-- Importing creature spawn with guid 94952 with import type REPLACE_ALL


-- Importing creature spawn with guid 94953 with import type REPLACE_ALL


-- Importing creature spawn with guid 94954 with import type REPLACE_ALL


-- Importing creature spawn with guid 94955 with import type REPLACE_ALL


-- Importing creature spawn with guid 94956 with import type REPLACE_ALL


-- Importing creature spawn with guid 94957 with import type REPLACE_ALL


-- Importing creature spawn with guid 94958 with import type REPLACE_ALL


-- Importing creature spawn with guid 94959 with import type REPLACE_ALL


-- Importing creature spawn with guid 94960 with import type REPLACE_ALL


-- Importing creature spawn with guid 94961 with import type REPLACE_ALL


-- Importing creature spawn with guid 94962 with import type REPLACE_ALL


-- Importing creature spawn with guid 94963 with import type REPLACE_ALL


-- Importing creature spawn with guid 94964 with import type REPLACE_ALL


-- Importing creature spawn with guid 134649 with import type REPLACE_ALL


-- Importing creature spawn with guid 143655 with import type REPLACE_ALL


-- Importing creature spawn with guid 143654 with import type REPLACE_ALL


-- Importing creature spawn with guid 143653 with import type REPLACE_ALL


-- Importing creature spawn with guid 143652 with import type REPLACE_ALL


-- Importing creature spawn with guid 143651 with import type REPLACE_ALL


-- Importing creature spawn with guid 143650 with import type REPLACE_ALL


-- Importing creature spawn with guid 143648 with import type REPLACE_ALL


-- Importing creature spawn with guid 143647 with import type REPLACE_ALL


-- Importing creature spawn with guid 132597 with import type REPLACE_ALL
INSERT INTO creature_entry (`spawnID`, `entry`) VALUES ('132597', '21787');
-- Has LK modelid 20682 already in creature template, set to 0.
INSERT INTO creature (`spawnID`, `map`, `spawnMask`, `modelid`, `equipment_id`, `position_x`, `position_y`, `position_z`, `orientation`, `spawntimesecs`, `spawndist`, `currentwaypoint`, `curhealth`, `curmana`, `MovementType`, `unit_flags`, `pool_id`, `patch_min`, `patch_max`) VALUES ('132597', '530', '1', NULL, '1', '-3981.25', '3134.06', '363.35', '1.11851', '180', '5', '0', '5744', '3231', '1', '0', '0', '0', '10');
INSERT INTO creature_addon (`spawnID`, `path_id`, `mount`, `bytes0`, `bytes1`, `bytes2`, `emote`, `auras`) VALUES ('132597', NULL, '0', '0', '65536', '1', '0', '37411');
INSERT INTO creature_entry (`spawnID`, `entry`) VALUES ('132588', '21787');
-- Has LK modelid 20682 already in creature template, set to 0.
INSERT INTO creature (`spawnID`, `map`, `spawnMask`, `modelid`, `equipment_id`, `position_x`, `position_y`, `position_z`, `orientation`, `spawntimesecs`, `spawndist`, `currentwaypoint`, `curhealth`, `curmana`, `MovementType`, `unit_flags`, `pool_id`, `patch_min`, `patch_max`) VALUES ('132588', '530', '1', NULL, '1', '-3652.21', '3750.04', '302.07', '3.72422', '180', '5', '0', '5744', '3231', '1', '0', '0', '0', '10');
INSERT INTO creature_addon (`spawnID`, `path_id`, `mount`, `bytes0`, `bytes1`, `bytes2`, `emote`, `auras`) VALUES ('132588', NULL, '0', '0', '65536', '1', '0', '37411');
INSERT INTO creature_entry (`spawnID`, `entry`) VALUES ('132589', '21787');
-- Has LK modelid 20682 already in creature template, set to 0.
INSERT INTO creature (`spawnID`, `map`, `spawnMask`, `modelid`, `equipment_id`, `position_x`, `position_y`, `position_z`, `orientation`, `spawntimesecs`, `spawndist`, `currentwaypoint`, `curhealth`, `curmana`, `MovementType`, `unit_flags`, `pool_id`, `patch_min`, `patch_max`) VALUES ('132589', '530', '1', NULL, '1', '-3868.04', '3675.77', '335.904', '5.61996', '180', '0', '0', '5744', '3231', '0', '0', '0', '0', '10');
INSERT INTO creature_addon (`spawnID`, `path_id`, `mount`, `bytes0`, `bytes1`, `bytes2`, `emote`, `auras`) VALUES ('132589', NULL, '0', '0', '65536', '1', '0', '37411');
INSERT INTO creature_entry (`spawnID`, `entry`) VALUES ('132590', '21787');
-- Has LK modelid 20682 already in creature template, set to 0.
INSERT INTO creature (`spawnID`, `map`, `spawnMask`, `modelid`, `equipment_id`, `position_x`, `position_y`, `position_z`, `orientation`, `spawntimesecs`, `spawndist`, `currentwaypoint`, `curhealth`, `curmana`, `MovementType`, `unit_flags`, `pool_id`, `patch_min`, `patch_max`) VALUES ('132590', '530', '1', NULL, '1', '-3856.78', '3784.41', '334.808', '3.27176', '180', '5', '0', '5744', '3231', '1', '0', '0', '0', '10');
INSERT INTO creature_addon (`spawnID`, `path_id`, `mount`, `bytes0`, `bytes1`, `bytes2`, `emote`, `auras`) VALUES ('132590', NULL, '0', '0', '65536', '1', '0', '37411');
INSERT INTO creature_entry (`spawnID`, `entry`) VALUES ('132599', '21787');
-- Has LK modelid 20682 already in creature template, set to 0.
INSERT INTO creature (`spawnID`, `map`, `spawnMask`, `modelid`, `equipment_id`, `position_x`, `position_y`, `position_z`, `orientation`, `spawntimesecs`, `spawndist`, `currentwaypoint`, `curhealth`, `curmana`, `MovementType`, `unit_flags`, `pool_id`, `patch_min`, `patch_max`) VALUES ('132599', '530', '1', NULL, '1', '-4008.98', '3126.44', '362.605', '0.628319', '180', '0', '0', '5744', '3231', '0', '0', '0', '0', '10');
INSERT INTO creature_addon (`spawnID`, `path_id`, `mount`, `bytes0`, `bytes1`, `bytes2`, `emote`, `auras`) VALUES ('132599', NULL, '0', '0', '65536', '1', '0', '37411');
INSERT INTO creature_entry (`spawnID`, `entry`) VALUES ('132608', '21787');
-- Has LK modelid 20682 already in creature template, set to 0.
INSERT INTO creature (`spawnID`, `map`, `spawnMask`, `modelid`, `equipment_id`, `position_x`, `position_y`, `position_z`, `orientation`, `spawntimesecs`, `spawndist`, `currentwaypoint`, `curhealth`, `curmana`, `MovementType`, `unit_flags`, `pool_id`, `patch_min`, `patch_max`) VALUES ('132608', '530', '1', NULL, '1', '-3689.96', '3739.63', '278.505', '2.46821', '180', '5', '0', '5744', '3231', '1', '0', '0', '0', '10');
INSERT INTO creature_addon (`spawnID`, `path_id`, `mount`, `bytes0`, `bytes1`, `bytes2`, `emote`, `auras`) VALUES ('132608', NULL, '0', '0', '65536', '1', '0', '37411');
INSERT INTO creature_entry (`spawnID`, `entry`) VALUES ('132601', '21787');
-- Has LK modelid 20682 already in creature template, set to 0.
INSERT INTO creature (`spawnID`, `map`, `spawnMask`, `modelid`, `equipment_id`, `position_x`, `position_y`, `position_z`, `orientation`, `spawntimesecs`, `spawndist`, `currentwaypoint`, `curhealth`, `curmana`, `MovementType`, `unit_flags`, `pool_id`, `patch_min`, `patch_max`) VALUES ('132601', '530', '1', NULL, '1', '-3888.01', '3080.66', '373.795', '2.35619', '180', '0', '0', '5744', '3231', '0', '0', '0', '0', '10');
INSERT INTO creature_addon (`spawnID`, `path_id`, `mount`, `bytes0`, `bytes1`, `bytes2`, `emote`, `auras`) VALUES ('132601', NULL, '0', '0', '65536', '1', '0', '37411');
INSERT INTO creature_entry (`spawnID`, `entry`) VALUES ('132604', '21787');
-- Has LK modelid 20682 already in creature template, set to 0.
INSERT INTO creature (`spawnID`, `map`, `spawnMask`, `modelid`, `equipment_id`, `position_x`, `position_y`, `position_z`, `orientation`, `spawntimesecs`, `spawndist`, `currentwaypoint`, `curhealth`, `curmana`, `MovementType`, `unit_flags`, `pool_id`, `patch_min`, `patch_max`) VALUES ('132604', '530', '1', NULL, '1', '-3928.49', '3024', '356.789', '3.38834', '180', '5', '0', '5744', '3231', '1', '0', '0', '0', '10');
INSERT INTO creature_addon (`spawnID`, `path_id`, `mount`, `bytes0`, `bytes1`, `bytes2`, `emote`, `auras`) VALUES ('132604', NULL, '0', '0', '65536', '1', '0', '37411');
INSERT INTO creature_entry (`spawnID`, `entry`) VALUES ('132603', '21787');
-- Has LK modelid 20682 already in creature template, set to 0.
INSERT INTO creature (`spawnID`, `map`, `spawnMask`, `modelid`, `equipment_id`, `position_x`, `position_y`, `position_z`, `orientation`, `spawntimesecs`, `spawndist`, `currentwaypoint`, `curhealth`, `curmana`, `MovementType`, `unit_flags`, `pool_id`, `patch_min`, `patch_max`) VALUES ('132603', '530', '1', NULL, '1', '-3905.07', '3118.49', '328.602', '1.05528', '180', '5', '0', '5744', '3231', '1', '0', '0', '0', '10');
INSERT INTO creature_addon (`spawnID`, `path_id`, `mount`, `bytes0`, `bytes1`, `bytes2`, `emote`, `auras`) VALUES ('132603', NULL, '0', '0', '65536', '1', '0', '37411');
INSERT INTO creature_entry (`spawnID`, `entry`) VALUES ('132606', '21787');
-- Has LK modelid 20682 already in creature template, set to 0.
INSERT INTO creature (`spawnID`, `map`, `spawnMask`, `modelid`, `equipment_id`, `position_x`, `position_y`, `position_z`, `orientation`, `spawntimesecs`, `spawndist`, `currentwaypoint`, `curhealth`, `curmana`, `MovementType`, `unit_flags`, `pool_id`, `patch_min`, `patch_max`) VALUES ('132606', '530', '1', NULL, '1', '-3860.19', '3299.72', '274.4', '2.79491', '180', '5', '0', '5744', '3231', '1', '0', '0', '0', '10');
INSERT INTO creature_addon (`spawnID`, `path_id`, `mount`, `bytes0`, `bytes1`, `bytes2`, `emote`, `auras`) VALUES ('132606', NULL, '0', '0', '65536', '1', '0', '37411');
INSERT INTO creature_entry (`spawnID`, `entry`) VALUES ('132600', '21787');
-- Has LK modelid 20682 already in creature template, set to 0.
INSERT INTO creature (`spawnID`, `map`, `spawnMask`, `modelid`, `equipment_id`, `position_x`, `position_y`, `position_z`, `orientation`, `spawntimesecs`, `spawndist`, `currentwaypoint`, `curhealth`, `curmana`, `MovementType`, `unit_flags`, `pool_id`, `patch_min`, `patch_max`) VALUES ('132600', '530', '1', NULL, '1', '-3912.38', '3095.58', '374.718', '5.33981', '180', '5', '0', '5744', '3231', '1', '0', '0', '0', '10');
INSERT INTO creature_addon (`spawnID`, `path_id`, `mount`, `bytes0`, `bytes1`, `bytes2`, `emote`, `auras`) VALUES ('132600', NULL, '0', '0', '65536', '1', '0', '37411');
INSERT INTO creature_entry (`spawnID`, `entry`) VALUES ('132605', '21787');
-- Has LK modelid 20682 already in creature template, set to 0.
INSERT INTO creature (`spawnID`, `map`, `spawnMask`, `modelid`, `equipment_id`, `position_x`, `position_y`, `position_z`, `orientation`, `spawntimesecs`, `spawndist`, `currentwaypoint`, `curhealth`, `curmana`, `MovementType`, `unit_flags`, `pool_id`, `patch_min`, `patch_max`) VALUES ('132605', '530', '1', NULL, '1', '-3823.37', '3332.76', '324.128', '5.96903', '180', '0', '0', '5744', '3231', '0', '0', '0', '0', '10');
INSERT INTO creature_addon (`spawnID`, `path_id`, `mount`, `bytes0`, `bytes1`, `bytes2`, `emote`, `auras`) VALUES ('132605', NULL, '0', '0', '65536', '1', '0', '37411');
INSERT INTO creature_entry (`spawnID`, `entry`) VALUES ('132602', '21787');
-- Has LK modelid 20682 already in creature template, set to 0.
INSERT INTO creature (`spawnID`, `map`, `spawnMask`, `modelid`, `equipment_id`, `position_x`, `position_y`, `position_z`, `orientation`, `spawntimesecs`, `spawndist`, `currentwaypoint`, `curhealth`, `curmana`, `MovementType`, `unit_flags`, `pool_id`, `patch_min`, `patch_max`) VALUES ('132602', '530', '1', NULL, '1', '-3894.91', '3109.16', '374.639', '5.7573', '180', '5', '0', '5744', '3231', '1', '0', '0', '0', '10');
INSERT INTO creature_addon (`spawnID`, `path_id`, `mount`, `bytes0`, `bytes1`, `bytes2`, `emote`, `auras`) VALUES ('132602', NULL, '0', '0', '65536', '1', '0', '37411');
INSERT INTO creature_entry (`spawnID`, `entry`) VALUES ('132572', '21787');
-- Has LK modelid 20682 already in creature template, set to 0.
INSERT INTO creature (`spawnID`, `map`, `spawnMask`, `modelid`, `equipment_id`, `position_x`, `position_y`, `position_z`, `orientation`, `spawntimesecs`, `spawndist`, `currentwaypoint`, `curhealth`, `curmana`, `MovementType`, `unit_flags`, `pool_id`, `patch_min`, `patch_max`) VALUES ('132572', '530', '1', NULL, '1', '-3888.48', '3686.15', '335.73', '0.012985', '180', '0', '0', '5744', '3231', '0', '0', '0', '0', '10');
INSERT INTO creature_entry (`spawnID`, `entry`) VALUES ('132578', '21787');
-- Has LK modelid 20682 already in creature template, set to 0.
INSERT INTO creature (`spawnID`, `map`, `spawnMask`, `modelid`, `equipment_id`, `position_x`, `position_y`, `position_z`, `orientation`, `spawntimesecs`, `spawndist`, `currentwaypoint`, `curhealth`, `curmana`, `MovementType`, `unit_flags`, `pool_id`, `patch_min`, `patch_max`) VALUES ('132578', '530', '1', NULL, '1', '-4172.24', '3180.69', '315.689', '0.797436', '180', '5', '0', '5744', '3231', '1', '0', '0', '0', '10');
INSERT INTO creature_addon (`spawnID`, `path_id`, `mount`, `bytes0`, `bytes1`, `bytes2`, `emote`, `auras`) VALUES ('132578', NULL, '0', '0', '65536', '1', '0', '37411');
INSERT INTO creature_entry (`spawnID`, `entry`) VALUES ('132579', '21787');
-- Has LK modelid 20682 already in creature template, set to 0.
INSERT INTO creature (`spawnID`, `map`, `spawnMask`, `modelid`, `equipment_id`, `position_x`, `position_y`, `position_z`, `orientation`, `spawntimesecs`, `spawndist`, `currentwaypoint`, `curhealth`, `curmana`, `MovementType`, `unit_flags`, `pool_id`, `patch_min`, `patch_max`) VALUES ('132579', '530', '1', NULL, '1', '-4119.26', '3012.94', '344.139', '0.269749', '180', '5', '0', '5744', '3231', '1', '0', '0', '0', '10');
INSERT INTO creature_addon (`spawnID`, `path_id`, `mount`, `bytes0`, `bytes1`, `bytes2`, `emote`, `auras`) VALUES ('132579', NULL, '0', '0', '65536', '1', '0', '37411');
INSERT INTO creature_entry (`spawnID`, `entry`) VALUES ('132575', '21787');
-- Has LK modelid 20682 already in creature template, set to 0.
INSERT INTO creature (`spawnID`, `map`, `spawnMask`, `modelid`, `equipment_id`, `position_x`, `position_y`, `position_z`, `orientation`, `spawntimesecs`, `spawndist`, `currentwaypoint`, `curhealth`, `curmana`, `MovementType`, `unit_flags`, `pool_id`, `patch_min`, `patch_max`) VALUES ('132575', '530', '1', NULL, '1', '-4073.67', '3189.92', '296.58', '5.52521', '180', '5', '0', '5744', '3231', '1', '0', '0', '0', '10');
INSERT INTO creature_addon (`spawnID`, `path_id`, `mount`, `bytes0`, `bytes1`, `bytes2`, `emote`, `auras`) VALUES ('132575', NULL, '0', '0', '65536', '1', '0', '37411');
INSERT INTO creature_entry (`spawnID`, `entry`) VALUES ('132580', '21787');
-- Has LK modelid 20682 already in creature template, set to 0.
INSERT INTO creature (`spawnID`, `map`, `spawnMask`, `modelid`, `equipment_id`, `position_x`, `position_y`, `position_z`, `orientation`, `spawntimesecs`, `spawndist`, `currentwaypoint`, `curhealth`, `curmana`, `MovementType`, `unit_flags`, `pool_id`, `patch_min`, `patch_max`) VALUES ('132580', '530', '1', NULL, '1', '-3689.91', '3322.45', '283.165', '3.8139', '180', '5', '0', '5744', '3231', '1', '0', '0', '0', '10');
INSERT INTO creature_addon (`spawnID`, `path_id`, `mount`, `bytes0`, `bytes1`, `bytes2`, `emote`, `auras`) VALUES ('132580', NULL, '0', '0', '65536', '1', '0', '37411');
INSERT INTO creature_entry (`spawnID`, `entry`) VALUES ('132581', '21787');
-- Has LK modelid 20682 already in creature template, set to 0.
INSERT INTO creature (`spawnID`, `map`, `spawnMask`, `modelid`, `equipment_id`, `position_x`, `position_y`, `position_z`, `orientation`, `spawntimesecs`, `spawndist`, `currentwaypoint`, `curhealth`, `curmana`, `MovementType`, `unit_flags`, `pool_id`, `patch_min`, `patch_max`) VALUES ('132581', '530', '1', NULL, '1', '-3703.61', '3307.41', '312.231', '2.68364', '180', '5', '0', '5744', '3231', '1', '0', '0', '0', '10');
INSERT INTO creature_addon (`spawnID`, `path_id`, `mount`, `bytes0`, `bytes1`, `bytes2`, `emote`, `auras`) VALUES ('132581', NULL, '0', '0', '65536', '1', '0', '37411');
INSERT INTO creature_entry (`spawnID`, `entry`) VALUES ('132607', '21787');
-- Has LK modelid 20682 already in creature template, set to 0.
INSERT INTO creature (`spawnID`, `map`, `spawnMask`, `modelid`, `equipment_id`, `position_x`, `position_y`, `position_z`, `orientation`, `spawntimesecs`, `spawndist`, `currentwaypoint`, `curhealth`, `curmana`, `MovementType`, `unit_flags`, `pool_id`, `patch_min`, `patch_max`) VALUES ('132607', '530', '1', NULL, '1', '-3831.4', '3353.79', '324.05', '3.65661', '180', '5', '0', '5744', '3231', '1', '0', '0', '0', '10');
INSERT INTO creature_addon (`spawnID`, `path_id`, `mount`, `bytes0`, `bytes1`, `bytes2`, `emote`, `auras`) VALUES ('132607', NULL, '0', '0', '65536', '1', '0', '37411');
INSERT INTO creature_entry (`spawnID`, `entry`) VALUES ('132598', '21787');
-- Has LK modelid 20682 already in creature template, set to 0.
INSERT INTO creature (`spawnID`, `map`, `spawnMask`, `modelid`, `equipment_id`, `position_x`, `position_y`, `position_z`, `orientation`, `spawntimesecs`, `spawndist`, `currentwaypoint`, `curhealth`, `curmana`, `MovementType`, `unit_flags`, `pool_id`, `patch_min`, `patch_max`) VALUES ('132598', '530', '1', NULL, '1', '-4065.68', '3273.31', '332.931', '5.70723', '180', '0', '0', '5744', '3231', '0', '0', '0', '0', '10');
INSERT INTO creature_addon (`spawnID`, `path_id`, `mount`, `bytes0`, `bytes1`, `bytes2`, `emote`, `auras`) VALUES ('132598', NULL, '0', '0', '65536', '1', '0', '37411');
INSERT INTO creature_entry (`spawnID`, `entry`) VALUES ('132594', '21787');
-- Has LK modelid 20682 already in creature template, set to 0.
INSERT INTO creature (`spawnID`, `map`, `spawnMask`, `modelid`, `equipment_id`, `position_x`, `position_y`, `position_z`, `orientation`, `spawntimesecs`, `spawndist`, `currentwaypoint`, `curhealth`, `curmana`, `MovementType`, `unit_flags`, `pool_id`, `patch_min`, `patch_max`) VALUES ('132594', '530', '1', NULL, '1', '-3940.65', '3222.22', '334.057', '3.14159', '180', '0', '0', '5744', '3231', '0', '0', '0', '0', '10');
INSERT INTO creature_addon (`spawnID`, `path_id`, `mount`, `bytes0`, `bytes1`, `bytes2`, `emote`, `auras`) VALUES ('132594', NULL, '0', '0', '65536', '1', '0', '37411');
INSERT INTO creature_entry (`spawnID`, `entry`) VALUES ('132595', '21787');
-- Has LK modelid 20682 already in creature template, set to 0.
INSERT INTO creature (`spawnID`, `map`, `spawnMask`, `modelid`, `equipment_id`, `position_x`, `position_y`, `position_z`, `orientation`, `spawntimesecs`, `spawndist`, `currentwaypoint`, `curhealth`, `curmana`, `MovementType`, `unit_flags`, `pool_id`, `patch_min`, `patch_max`) VALUES ('132595', '530', '1', NULL, '1', '-3962.31', '3243.75', '333.492', '2.70791', '180', '5', '0', '5744', '3231', '1', '0', '0', '0', '10');
INSERT INTO creature_addon (`spawnID`, `path_id`, `mount`, `bytes0`, `bytes1`, `bytes2`, `emote`, `auras`) VALUES ('132595', NULL, '0', '0', '65536', '1', '0', '37411');
INSERT INTO creature_entry (`spawnID`, `entry`) VALUES ('132576', '21787');
-- Has LK modelid 20682 already in creature template, set to 0.
INSERT INTO creature (`spawnID`, `map`, `spawnMask`, `modelid`, `equipment_id`, `position_x`, `position_y`, `position_z`, `orientation`, `spawntimesecs`, `spawndist`, `currentwaypoint`, `curhealth`, `curmana`, `MovementType`, `unit_flags`, `pool_id`, `patch_min`, `patch_max`) VALUES ('132576', '530', '1', NULL, '1', '-4096.88', '3018.4', '344.202', '4.29351', '180', '0', '0', '5744', '3231', '0', '0', '0', '0', '10');
INSERT INTO creature_addon (`spawnID`, `path_id`, `mount`, `bytes0`, `bytes1`, `bytes2`, `emote`, `auras`) VALUES ('132576', NULL, '0', '0', '65536', '1', '0', '37411');
INSERT INTO creature_entry (`spawnID`, `entry`) VALUES ('132596', '21787');
-- Has LK modelid 20682 already in creature template, set to 0.
INSERT INTO creature (`spawnID`, `map`, `spawnMask`, `modelid`, `equipment_id`, `position_x`, `position_y`, `position_z`, `orientation`, `spawntimesecs`, `spawndist`, `currentwaypoint`, `curhealth`, `curmana`, `MovementType`, `unit_flags`, `pool_id`, `patch_min`, `patch_max`) VALUES ('132596', '530', '1', NULL, '1', '-4038.8', '3258.21', '332.854', '5.57701', '180', '5', '0', '5744', '3231', '1', '0', '0', '0', '10');
INSERT INTO creature_addon (`spawnID`, `path_id`, `mount`, `bytes0`, `bytes1`, `bytes2`, `emote`, `auras`) VALUES ('132596', NULL, '0', '0', '65536', '1', '0', '37411');
INSERT INTO creature_entry (`spawnID`, `entry`) VALUES ('132584', '21787');
-- Has LK modelid 20682 already in creature template, set to 0.
INSERT INTO creature (`spawnID`, `map`, `spawnMask`, `modelid`, `equipment_id`, `position_x`, `position_y`, `position_z`, `orientation`, `spawntimesecs`, `spawndist`, `currentwaypoint`, `curhealth`, `curmana`, `MovementType`, `unit_flags`, `pool_id`, `patch_min`, `patch_max`) VALUES ('132584', '530', '1', NULL, '1', '-3668.44', '3371.38', '312.609', '3.98343', '180', '5', '0', '5744', '3231', '1', '0', '0', '0', '10');
INSERT INTO creature_addon (`spawnID`, `path_id`, `mount`, `bytes0`, `bytes1`, `bytes2`, `emote`, `auras`) VALUES ('132584', NULL, '0', '0', '65536', '1', '0', '37411');
INSERT INTO creature_entry (`spawnID`, `entry`) VALUES ('132582', '21787');
-- Has LK modelid 20682 already in creature template, set to 0.
INSERT INTO creature (`spawnID`, `map`, `spawnMask`, `modelid`, `equipment_id`, `position_x`, `position_y`, `position_z`, `orientation`, `spawntimesecs`, `spawndist`, `currentwaypoint`, `curhealth`, `curmana`, `MovementType`, `unit_flags`, `pool_id`, `patch_min`, `patch_max`) VALUES ('132582', '530', '1', NULL, '1', '-3668.63', '3395.73', '312.211', '4.53786', '180', '0', '0', '5744', '3231', '0', '0', '0', '0', '10');
INSERT INTO creature_addon (`spawnID`, `path_id`, `mount`, `bytes0`, `bytes1`, `bytes2`, `emote`, `auras`) VALUES ('132582', NULL, '0', '0', '65536', '1', '0', '37411');
INSERT INTO creature_entry (`spawnID`, `entry`) VALUES ('132583', '21787');
-- Has LK modelid 20682 already in creature template, set to 0.
INSERT INTO creature (`spawnID`, `map`, `spawnMask`, `modelid`, `equipment_id`, `position_x`, `position_y`, `position_z`, `orientation`, `spawntimesecs`, `spawndist`, `currentwaypoint`, `curhealth`, `curmana`, `MovementType`, `unit_flags`, `pool_id`, `patch_min`, `patch_max`) VALUES ('132583', '530', '1', NULL, '1', '-3649.2', '3379.72', '312.337', '1.02974', '180', '0', '0', '5744', '3231', '0', '0', '0', '0', '10');
INSERT INTO creature_addon (`spawnID`, `path_id`, `mount`, `bytes0`, `bytes1`, `bytes2`, `emote`, `auras`) VALUES ('132583', NULL, '0', '0', '65536', '1', '0', '37411');
INSERT INTO creature_entry (`spawnID`, `entry`) VALUES ('132585', '21787');
-- Has LK modelid 20682 already in creature template, set to 0.
INSERT INTO creature (`spawnID`, `map`, `spawnMask`, `modelid`, `equipment_id`, `position_x`, `position_y`, `position_z`, `orientation`, `spawntimesecs`, `spawndist`, `currentwaypoint`, `curhealth`, `curmana`, `MovementType`, `unit_flags`, `pool_id`, `patch_min`, `patch_max`) VALUES ('132585', '530', '1', NULL, '1', '-3687.17', '3287.76', '312.312', '2.60054', '180', '0', '0', '5744', '3231', '0', '0', '0', '0', '10');
INSERT INTO creature_addon (`spawnID`, `path_id`, `mount`, `bytes0`, `bytes1`, `bytes2`, `emote`, `auras`) VALUES ('132585', NULL, '0', '0', '65536', '1', '0', '37411');
INSERT INTO creature_entry (`spawnID`, `entry`) VALUES ('132591', '21787');
-- Has LK modelid 20682 already in creature template, set to 0.
INSERT INTO creature (`spawnID`, `map`, `spawnMask`, `modelid`, `equipment_id`, `position_x`, `position_y`, `position_z`, `orientation`, `spawntimesecs`, `spawndist`, `currentwaypoint`, `curhealth`, `curmana`, `MovementType`, `unit_flags`, `pool_id`, `patch_min`, `patch_max`) VALUES ('132591', '530', '1', NULL, '1', '-3705.89', '3787.89', '302.813', '3.03866', '180', '5', '0', '5744', '3231', '1', '0', '0', '0', '10');
INSERT INTO creature_addon (`spawnID`, `path_id`, `mount`, `bytes0`, `bytes1`, `bytes2`, `emote`, `auras`) VALUES ('132591', NULL, '0', '0', '65536', '1', '0', '37411');
INSERT INTO creature_entry (`spawnID`, `entry`) VALUES ('132592', '21787');
-- Has LK modelid 20682 already in creature template, set to 0.
INSERT INTO creature (`spawnID`, `map`, `spawnMask`, `modelid`, `equipment_id`, `position_x`, `position_y`, `position_z`, `orientation`, `spawntimesecs`, `spawndist`, `currentwaypoint`, `curhealth`, `curmana`, `MovementType`, `unit_flags`, `pool_id`, `patch_min`, `patch_max`) VALUES ('132592', '530', '1', NULL, '1', '-3882.73', '3661.17', '335.997', '4.62512', '180', '0', '0', '5744', '3231', '0', '0', '0', '0', '10');
INSERT INTO creature_addon (`spawnID`, `path_id`, `mount`, `bytes0`, `bytes1`, `bytes2`, `emote`, `auras`) VALUES ('132592', NULL, '0', '0', '65536', '1', '0', '37411');
INSERT INTO creature_entry (`spawnID`, `entry`) VALUES ('132593', '21787');
-- Has LK modelid 20682 already in creature template, set to 0.
INSERT INTO creature (`spawnID`, `map`, `spawnMask`, `modelid`, `equipment_id`, `position_x`, `position_y`, `position_z`, `orientation`, `spawntimesecs`, `spawndist`, `currentwaypoint`, `curhealth`, `curmana`, `MovementType`, `unit_flags`, `pool_id`, `patch_min`, `patch_max`) VALUES ('132593', '530', '1', NULL, '1', '-3727.48', '3789.05', '302.126', '5.34071', '180', '0', '0', '5744', '3231', '0', '0', '0', '0', '10');
INSERT INTO creature_addon (`spawnID`, `path_id`, `mount`, `bytes0`, `bytes1`, `bytes2`, `emote`, `auras`) VALUES ('132593', NULL, '0', '0', '65536', '1', '0', '37411');
INSERT INTO creature_entry (`spawnID`, `entry`) VALUES ('132586', '21787');
-- Has LK modelid 20682 already in creature template, set to 0.
INSERT INTO creature (`spawnID`, `map`, `spawnMask`, `modelid`, `equipment_id`, `position_x`, `position_y`, `position_z`, `orientation`, `spawntimesecs`, `spawndist`, `currentwaypoint`, `curhealth`, `curmana`, `MovementType`, `unit_flags`, `pool_id`, `patch_min`, `patch_max`) VALUES ('132586', '530', '1', NULL, '1', '-3707.91', '3807.72', '302.27', '2.58309', '180', '0', '0', '5744', '3231', '0', '0', '0', '0', '10');
INSERT INTO creature_addon (`spawnID`, `path_id`, `mount`, `bytes0`, `bytes1`, `bytes2`, `emote`, `auras`) VALUES ('132586', NULL, '0', '0', '65536', '1', '0', '37411');
INSERT INTO creature_entry (`spawnID`, `entry`) VALUES ('132587', '21787');
-- Has LK modelid 20682 already in creature template, set to 0.
INSERT INTO creature (`spawnID`, `map`, `spawnMask`, `modelid`, `equipment_id`, `position_x`, `position_y`, `position_z`, `orientation`, `spawntimesecs`, `spawndist`, `currentwaypoint`, `curhealth`, `curmana`, `MovementType`, `unit_flags`, `pool_id`, `patch_min`, `patch_max`) VALUES ('132587', '530', '1', NULL, '1', '-3886.83', '3783.83', '334.878', '2.05949', '180', '0', '0', '5744', '3231', '0', '0', '0', '0', '10');
INSERT INTO creature_addon (`spawnID`, `path_id`, `mount`, `bytes0`, `bytes1`, `bytes2`, `emote`, `auras`) VALUES ('132587', NULL, '0', '0', '65536', '1', '0', '37411');
INSERT INTO creature_entry (`spawnID`, `entry`) VALUES ('132577', '21787');
-- Has LK modelid 20682 already in creature template, set to 0.
INSERT INTO creature (`spawnID`, `map`, `spawnMask`, `modelid`, `equipment_id`, `position_x`, `position_y`, `position_z`, `orientation`, `spawntimesecs`, `spawndist`, `currentwaypoint`, `curhealth`, `curmana`, `MovementType`, `unit_flags`, `pool_id`, `patch_min`, `patch_max`) VALUES ('132577', '530', '1', NULL, '1', '-4184.73', '3057.09', '344.165', '3.68932', '180', '5', '0', '5744', '3231', '1', '0', '0', '0', '10');
INSERT INTO creature_addon (`spawnID`, `path_id`, `mount`, `bytes0`, `bytes1`, `bytes2`, `emote`, `auras`) VALUES ('132577', NULL, '0', '0', '65536', '1', '0', '37411');
INSERT INTO creature_entry (`spawnID`, `entry`) VALUES ('132574', '21787');
-- Has LK modelid 20682 already in creature template, set to 0.
INSERT INTO creature (`spawnID`, `map`, `spawnMask`, `modelid`, `equipment_id`, `position_x`, `position_y`, `position_z`, `orientation`, `spawntimesecs`, `spawndist`, `currentwaypoint`, `curhealth`, `curmana`, `MovementType`, `unit_flags`, `pool_id`, `patch_min`, `patch_max`) VALUES ('132574', '530', '1', NULL, '1', '-4153.82', '3042.43', '315.881', '3.34082', '180', '5', '0', '5744', '3231', '1', '0', '0', '0', '10');
INSERT INTO creature_addon (`spawnID`, `path_id`, `mount`, `bytes0`, `bytes1`, `bytes2`, `emote`, `auras`) VALUES ('132574', NULL, '0', '0', '65536', '1', '0', '37411');
DELETE ce, c1, c2, sg FROM creature_entry ce LEFT JOIN conditions c1 ON c1.ConditionTypeOrReference = 31 AND c1.ConditionValue1 = 3 AND c1.ConditionValue3 = 1095951 LEFT JOIN conditions c2 ON c2.SourceTypeOrReferenceId = 22 AND c2.SourceId = 0 AND c1.SourceEntry = -1095951 LEFT JOIN spawn_group sg ON sg.spawnId = 1095951 AND spawnType = 0 WHERE ce.spawnID = 1095951;
DELETE ce, c1, c2, sg FROM creature_entry ce LEFT JOIN conditions c1 ON c1.ConditionTypeOrReference = 31 AND c1.ConditionValue1 = 3 AND c1.ConditionValue3 = 1095952 LEFT JOIN conditions c2 ON c2.SourceTypeOrReferenceId = 22 AND c2.SourceId = 0 AND c1.SourceEntry = -1095952 LEFT JOIN spawn_group sg ON sg.spawnId = 1095952 AND spawnType = 0 WHERE ce.spawnID = 1095952;
DELETE ce, c1, c2, sg FROM creature_entry ce LEFT JOIN conditions c1 ON c1.ConditionTypeOrReference = 31 AND c1.ConditionValue1 = 3 AND c1.ConditionValue3 = 1095953 LEFT JOIN conditions c2 ON c2.SourceTypeOrReferenceId = 22 AND c2.SourceId = 0 AND c1.SourceEntry = -1095953 LEFT JOIN spawn_group sg ON sg.spawnId = 1095953 AND spawnType = 0 WHERE ce.spawnID = 1095953;
DELETE ce, c1, c2, sg FROM creature_entry ce LEFT JOIN conditions c1 ON c1.ConditionTypeOrReference = 31 AND c1.ConditionValue1 = 3 AND c1.ConditionValue3 = 1095954 LEFT JOIN conditions c2 ON c2.SourceTypeOrReferenceId = 22 AND c2.SourceId = 0 AND c1.SourceEntry = -1095954 LEFT JOIN spawn_group sg ON sg.spawnId = 1095954 AND spawnType = 0 WHERE ce.spawnID = 1095954;
DELETE ce, c1, c2, sg FROM creature_entry ce LEFT JOIN conditions c1 ON c1.ConditionTypeOrReference = 31 AND c1.ConditionValue1 = 3 AND c1.ConditionValue3 = 1095955 LEFT JOIN conditions c2 ON c2.SourceTypeOrReferenceId = 22 AND c2.SourceId = 0 AND c1.SourceEntry = -1095955 LEFT JOIN spawn_group sg ON sg.spawnId = 1095955 AND spawnType = 0 WHERE ce.spawnID = 1095955;
DELETE ce, c1, c2, sg FROM creature_entry ce LEFT JOIN conditions c1 ON c1.ConditionTypeOrReference = 31 AND c1.ConditionValue1 = 3 AND c1.ConditionValue3 = 1095956 LEFT JOIN conditions c2 ON c2.SourceTypeOrReferenceId = 22 AND c2.SourceId = 0 AND c1.SourceEntry = -1095956 LEFT JOIN spawn_group sg ON sg.spawnId = 1095956 AND spawnType = 0 WHERE ce.spawnID = 1095956;
DELETE ce, c1, c2, sg FROM creature_entry ce LEFT JOIN conditions c1 ON c1.ConditionTypeOrReference = 31 AND c1.ConditionValue1 = 3 AND c1.ConditionValue3 = 1095957 LEFT JOIN conditions c2 ON c2.SourceTypeOrReferenceId = 22 AND c2.SourceId = 0 AND c1.SourceEntry = -1095957 LEFT JOIN spawn_group sg ON sg.spawnId = 1095957 AND spawnType = 0 WHERE ce.spawnID = 1095957;
DELETE ce, c1, c2, sg FROM creature_entry ce LEFT JOIN conditions c1 ON c1.ConditionTypeOrReference = 31 AND c1.ConditionValue1 = 3 AND c1.ConditionValue3 = 1095958 LEFT JOIN conditions c2 ON c2.SourceTypeOrReferenceId = 22 AND c2.SourceId = 0 AND c1.SourceEntry = -1095958 LEFT JOIN spawn_group sg ON sg.spawnId = 1095958 AND spawnType = 0 WHERE ce.spawnID = 1095958;
DELETE ce, c1, c2, sg FROM creature_entry ce LEFT JOIN conditions c1 ON c1.ConditionTypeOrReference = 31 AND c1.ConditionValue1 = 3 AND c1.ConditionValue3 = 1095959 LEFT JOIN conditions c2 ON c2.SourceTypeOrReferenceId = 22 AND c2.SourceId = 0 AND c1.SourceEntry = -1095959 LEFT JOIN spawn_group sg ON sg.spawnId = 1095959 AND spawnType = 0 WHERE ce.spawnID = 1095959;
DELETE ce, c1, c2, sg FROM creature_entry ce LEFT JOIN conditions c1 ON c1.ConditionTypeOrReference = 31 AND c1.ConditionValue1 = 3 AND c1.ConditionValue3 = 1095960 LEFT JOIN conditions c2 ON c2.SourceTypeOrReferenceId = 22 AND c2.SourceId = 0 AND c1.SourceEntry = -1095960 LEFT JOIN spawn_group sg ON sg.spawnId = 1095960 AND spawnType = 0 WHERE ce.spawnID = 1095960;


-- Importing creature spawn with guid 132588 with import type REPLACE_ALL


-- Importing creature spawn with guid 132589 with import type REPLACE_ALL


-- Importing creature spawn with guid 132590 with import type REPLACE_ALL


-- Importing creature spawn with guid 146630 with import type REPLACE_ALL


-- Importing creature spawn with guid 203098 with import type REPLACE_ALL


-- Importing creature spawn with guid 132599 with import type REPLACE_ALL


-- Importing creature spawn with guid 213227 with import type REPLACE_ALL


-- Importing creature spawn with guid 213225 with import type REPLACE_ALL


-- Importing creature spawn with guid 213241 with import type REPLACE_ALL


-- Importing creature spawn with guid 213240 with import type REPLACE_ALL


-- Importing creature spawn with guid 213239 with import type REPLACE_ALL


-- Importing creature spawn with guid 213238 with import type REPLACE_ALL


-- Importing creature spawn with guid 213237 with import type REPLACE_ALL


-- Importing creature spawn with guid 213236 with import type REPLACE_ALL


-- Importing creature spawn with guid 213235 with import type REPLACE_ALL


-- Importing creature spawn with guid 105994 with import type REPLACE_ALL


-- Importing creature spawn with guid 105997 with import type REPLACE_ALL


-- Importing creature spawn with guid 105998 with import type REPLACE_ALL


-- Importing creature spawn with guid 105999 with import type REPLACE_ALL


-- Importing creature spawn with guid 106000 with import type REPLACE_ALL


-- Importing creature spawn with guid 106001 with import type REPLACE_ALL


-- Importing creature spawn with guid 106002 with import type REPLACE_ALL


-- Importing creature spawn with guid 106003 with import type REPLACE_ALL


-- Importing creature spawn with guid 106004 with import type REPLACE_ALL


-- Importing creature spawn with guid 106005 with import type REPLACE_ALL


-- Importing creature spawn with guid 106006 with import type REPLACE_ALL


-- Importing creature spawn with guid 106007 with import type REPLACE_ALL


-- Importing creature spawn with guid 106008 with import type REPLACE_ALL


-- Importing creature spawn with guid 106009 with import type REPLACE_ALL


-- Importing creature spawn with guid 106010 with import type REPLACE_ALL


-- Importing creature spawn with guid 106011 with import type REPLACE_ALL


-- Importing creature spawn with guid 106012 with import type REPLACE_ALL


-- Importing creature spawn with guid 106013 with import type REPLACE_ALL


-- Importing creature spawn with guid 106014 with import type REPLACE_ALL


-- Importing creature spawn with guid 106015 with import type REPLACE_ALL


-- Importing creature spawn with guid 106016 with import type REPLACE_ALL


-- Importing creature spawn with guid 106017 with import type REPLACE_ALL


-- Importing creature spawn with guid 106018 with import type REPLACE_ALL


-- Importing creature spawn with guid 106019 with import type REPLACE_ALL


-- Importing creature spawn with guid 106020 with import type REPLACE_ALL


-- Importing creature spawn with guid 106021 with import type REPLACE_ALL


-- Importing creature spawn with guid 106022 with import type REPLACE_ALL


-- Importing creature spawn with guid 106023 with import type REPLACE_ALL


-- Importing creature spawn with guid 106024 with import type REPLACE_ALL


-- Importing creature spawn with guid 106025 with import type REPLACE_ALL


-- Importing creature spawn with guid 106026 with import type REPLACE_ALL


-- Importing creature spawn with guid 106027 with import type REPLACE_ALL


-- Importing creature spawn with guid 106028 with import type REPLACE_ALL


-- Importing creature spawn with guid 106029 with import type REPLACE_ALL


-- Importing creature spawn with guid 106030 with import type REPLACE_ALL


-- Importing creature spawn with guid 106031 with import type REPLACE_ALL


-- Importing creature spawn with guid 106032 with import type REPLACE_ALL


-- Importing creature spawn with guid 106033 with import type REPLACE_ALL


-- Importing creature spawn with guid 106034 with import type REPLACE_ALL


-- Importing creature spawn with guid 106041 with import type REPLACE_ALL


-- Importing creature spawn with guid 106046 with import type REPLACE_ALL


-- Importing creature spawn with guid 106047 with import type REPLACE_ALL


-- Importing creature spawn with guid 106048 with import type REPLACE_ALL


-- Importing creature spawn with guid 106049 with import type REPLACE_ALL


-- Importing creature spawn with guid 106050 with import type REPLACE_ALL


-- Importing creature spawn with guid 106051 with import type REPLACE_ALL


-- Importing creature spawn with guid 106052 with import type REPLACE_ALL


-- Importing creature spawn with guid 106053 with import type REPLACE_ALL


-- Importing creature spawn with guid 106054 with import type REPLACE_ALL


-- Importing creature spawn with guid 106055 with import type REPLACE_ALL


-- Importing creature spawn with guid 106056 with import type REPLACE_ALL


-- Importing creature spawn with guid 106057 with import type REPLACE_ALL


-- Importing creature spawn with guid 106058 with import type REPLACE_ALL


-- Importing creature spawn with guid 106059 with import type REPLACE_ALL


-- Importing creature spawn with guid 106060 with import type REPLACE_ALL


-- Importing creature spawn with guid 106061 with import type REPLACE_ALL


-- Importing creature spawn with guid 106062 with import type REPLACE_ALL


-- Importing creature spawn with guid 106063 with import type REPLACE_ALL


-- Importing creature spawn with guid 106064 with import type REPLACE_ALL


-- Importing creature spawn with guid 106066 with import type REPLACE_ALL


-- Importing creature spawn with guid 106067 with import type REPLACE_ALL


-- Importing creature spawn with guid 106068 with import type REPLACE_ALL


-- Importing creature spawn with guid 106069 with import type REPLACE_ALL


-- Importing creature spawn with guid 106070 with import type REPLACE_ALL


-- Importing creature spawn with guid 106074 with import type REPLACE_ALL


-- Importing creature spawn with guid 106075 with import type REPLACE_ALL


-- Importing creature spawn with guid 106076 with import type REPLACE_ALL


-- Importing creature spawn with guid 106077 with import type REPLACE_ALL


-- Importing creature spawn with guid 106078 with import type REPLACE_ALL


-- Importing creature spawn with guid 106081 with import type REPLACE_ALL


-- Importing creature spawn with guid 106082 with import type REPLACE_ALL


-- Importing creature spawn with guid 106083 with import type REPLACE_ALL


-- Importing creature spawn with guid 106084 with import type REPLACE_ALL


-- Importing creature spawn with guid 106085 with import type REPLACE_ALL


-- Importing creature spawn with guid 106086 with import type REPLACE_ALL


-- Importing creature spawn with guid 106087 with import type REPLACE_ALL


-- Importing creature spawn with guid 106088 with import type REPLACE_ALL


-- Importing creature spawn with guid 106089 with import type REPLACE_ALL


-- Importing creature spawn with guid 106090 with import type REPLACE_ALL


-- Importing creature spawn with guid 106091 with import type REPLACE_ALL


-- Importing creature spawn with guid 106092 with import type REPLACE_ALL


-- Importing creature spawn with guid 106093 with import type REPLACE_ALL


-- Importing creature spawn with guid 106094 with import type REPLACE_ALL


-- Importing creature spawn with guid 106095 with import type REPLACE_ALL


-- Importing creature spawn with guid 106096 with import type REPLACE_ALL


-- Importing creature spawn with guid 106097 with import type REPLACE_ALL


-- Importing creature spawn with guid 106098 with import type REPLACE_ALL


-- Importing creature spawn with guid 106099 with import type REPLACE_ALL


-- Importing creature spawn with guid 106181 with import type REPLACE_ALL


-- Importing creature spawn with guid 106182 with import type REPLACE_ALL


-- Importing creature spawn with guid 106183 with import type REPLACE_ALL


-- Importing creature spawn with guid 106184 with import type REPLACE_ALL


-- Importing creature spawn with guid 106185 with import type REPLACE_ALL


-- Importing creature spawn with guid 132542 with import type REPLACE_ALL
INSERT INTO creature_entry (`spawnID`, `entry`) VALUES ('132542', '21763');
-- Has LK modelid 18012 already in creature template, set to 0.
INSERT INTO creature (`spawnID`, `map`, `spawnMask`, `modelid`, `equipment_id`, `position_x`, `position_y`, `position_z`, `orientation`, `spawntimesecs`, `spawndist`, `currentwaypoint`, `curhealth`, `curmana`, `MovementType`, `unit_flags`, `pool_id`, `patch_min`, `patch_max`) VALUES ('132542', '530', '1', NULL, '1', '-4165.78', '3043.88', '314.137', '4.09046', '180', '5', '0', '5744', '3231', '1', '0', '0', '0', '10');
INSERT INTO creature_entry (`spawnID`, `entry`) VALUES ('132544', '21763');
-- Has LK modelid 18012 already in creature template, set to 0.
INSERT INTO creature (`spawnID`, `map`, `spawnMask`, `modelid`, `equipment_id`, `position_x`, `position_y`, `position_z`, `orientation`, `spawntimesecs`, `spawndist`, `currentwaypoint`, `curhealth`, `curmana`, `MovementType`, `unit_flags`, `pool_id`, `patch_min`, `patch_max`) VALUES ('132544', '530', '1', NULL, '1', '-4162.6', '3135.13', '317.82', '1.70399', '180', '5', '0', '5744', '3231', '1', '0', '0', '0', '10');
INSERT INTO creature_entry (`spawnID`, `entry`) VALUES ('132545', '21763');
-- Has LK modelid 18012 already in creature template, set to 0.
INSERT INTO creature (`spawnID`, `map`, `spawnMask`, `modelid`, `equipment_id`, `position_x`, `position_y`, `position_z`, `orientation`, `spawntimesecs`, `spawndist`, `currentwaypoint`, `curhealth`, `curmana`, `MovementType`, `unit_flags`, `pool_id`, `patch_min`, `patch_max`) VALUES ('132545', '530', '1', NULL, '1', '-3676.85', '3323.91', '283.683', '2.6417', '180', '5', '0', '5744', '3231', '1', '0', '0', '0', '10');
INSERT INTO creature_entry (`spawnID`, `entry`) VALUES ('132546', '21763');
-- Has LK modelid 18012 already in creature template, set to 0.
INSERT INTO creature (`spawnID`, `map`, `spawnMask`, `modelid`, `equipment_id`, `position_x`, `position_y`, `position_z`, `orientation`, `spawntimesecs`, `spawndist`, `currentwaypoint`, `curhealth`, `curmana`, `MovementType`, `unit_flags`, `pool_id`, `patch_min`, `patch_max`) VALUES ('132546', '530', '1', NULL, '1', '-3689.46', '3353.99', '283.803', '1.25522', '180', '5', '0', '5744', '3231', '1', '0', '0', '0', '10');
INSERT INTO creature_entry (`spawnID`, `entry`) VALUES ('132543', '21763');
-- Has LK modelid 18012 already in creature template, set to 0.
INSERT INTO creature (`spawnID`, `map`, `spawnMask`, `modelid`, `equipment_id`, `position_x`, `position_y`, `position_z`, `orientation`, `spawntimesecs`, `spawndist`, `currentwaypoint`, `curhealth`, `curmana`, `MovementType`, `unit_flags`, `pool_id`, `patch_min`, `patch_max`) VALUES ('132543', '530', '1', NULL, '1', '-4061.73', '3158.32', '299.835', '2.2989', '180', '5', '0', '5744', '3231', '1', '0', '0', '0', '10');
INSERT INTO creature_entry (`spawnID`, `entry`) VALUES ('132539', '21763');
-- Has LK modelid 18012 already in creature template, set to 0.
INSERT INTO creature (`spawnID`, `map`, `spawnMask`, `modelid`, `equipment_id`, `position_x`, `position_y`, `position_z`, `orientation`, `spawntimesecs`, `spawndist`, `currentwaypoint`, `curhealth`, `curmana`, `MovementType`, `unit_flags`, `pool_id`, `patch_min`, `patch_max`) VALUES ('132539', '530', '1', NULL, '1', '-3955.25', '3120.99', '341.185', '3.06961', '180', '5', '0', '5744', '3231', '1', '0', '0', '0', '10');
INSERT INTO creature_entry (`spawnID`, `entry`) VALUES ('132547', '21763');
-- Has LK modelid 18012 already in creature template, set to 0.
INSERT INTO creature (`spawnID`, `map`, `spawnMask`, `modelid`, `equipment_id`, `position_x`, `position_y`, `position_z`, `orientation`, `spawntimesecs`, `spawndist`, `currentwaypoint`, `curhealth`, `curmana`, `MovementType`, `unit_flags`, `pool_id`, `patch_min`, `patch_max`) VALUES ('132547', '530', '1', NULL, '1', '-4079.7', '3355.62', '284.948', '4.04741', '180', '5', '0', '5744', '3231', '1', '0', '0', '0', '10');
INSERT INTO creature_entry (`spawnID`, `entry`) VALUES ('132540', '21763');
-- Has LK modelid 18012 already in creature template, set to 0.
INSERT INTO creature (`spawnID`, `map`, `spawnMask`, `modelid`, `equipment_id`, `position_x`, `position_y`, `position_z`, `orientation`, `spawntimesecs`, `spawndist`, `currentwaypoint`, `curhealth`, `curmana`, `MovementType`, `unit_flags`, `pool_id`, `patch_min`, `patch_max`) VALUES ('132540', '530', '1', NULL, '1', '-3998.51', '3017.21', '359.422', '4.61651', '180', '5', '0', '5744', '3231', '1', '0', '0', '0', '10');
INSERT INTO creature_entry (`spawnID`, `entry`) VALUES ('132541', '21763');
-- Has LK modelid 18012 already in creature template, set to 0.
INSERT INTO creature (`spawnID`, `map`, `spawnMask`, `modelid`, `equipment_id`, `position_x`, `position_y`, `position_z`, `orientation`, `spawntimesecs`, `spawndist`, `currentwaypoint`, `curhealth`, `curmana`, `MovementType`, `unit_flags`, `pool_id`, `patch_min`, `patch_max`) VALUES ('132541', '530', '1', NULL, '1', '-4075.33', '3114.4', '314.683', '3.89314', '180', '5', '0', '5744', '3231', '1', '0', '0', '0', '10');
INSERT INTO creature_entry (`spawnID`, `entry`) VALUES ('132550', '21763');
-- Has LK modelid 18012 already in creature template, set to 0.
INSERT INTO creature (`spawnID`, `map`, `spawnMask`, `modelid`, `equipment_id`, `position_x`, `position_y`, `position_z`, `orientation`, `spawntimesecs`, `spawndist`, `currentwaypoint`, `curhealth`, `curmana`, `MovementType`, `unit_flags`, `pool_id`, `patch_min`, `patch_max`) VALUES ('132550', '530', '1', NULL, '1', '-3846.77', '3292.91', '274.808', '0.36994', '180', '5', '0', '5744', '3231', '1', '0', '0', '0', '10');
INSERT INTO creature_entry (`spawnID`, `entry`) VALUES ('132548', '21763');
-- Has LK modelid 18012 already in creature template, set to 0.
INSERT INTO creature (`spawnID`, `map`, `spawnMask`, `modelid`, `equipment_id`, `position_x`, `position_y`, `position_z`, `orientation`, `spawntimesecs`, `spawndist`, `currentwaypoint`, `curhealth`, `curmana`, `MovementType`, `unit_flags`, `pool_id`, `patch_min`, `patch_max`) VALUES ('132548', '530', '1', NULL, '1', '-3944.63', '3053.94', '354.48', '5.54064', '180', '5', '0', '5744', '3231', '1', '0', '0', '0', '10');
INSERT INTO creature_entry (`spawnID`, `entry`) VALUES ('132549', '21763');
-- Has LK modelid 18012 already in creature template, set to 0.
INSERT INTO creature (`spawnID`, `map`, `spawnMask`, `modelid`, `equipment_id`, `position_x`, `position_y`, `position_z`, `orientation`, `spawntimesecs`, `spawndist`, `currentwaypoint`, `curhealth`, `curmana`, `MovementType`, `unit_flags`, `pool_id`, `patch_min`, `patch_max`) VALUES ('132549', '530', '1', NULL, '1', '-3917.16', '3059.94', '359.78', '4.43946', '180', '5', '0', '5744', '3231', '1', '0', '0', '0', '10');
INSERT INTO creature_entry (`spawnID`, `entry`) VALUES ('132551', '21763');
-- Has LK modelid 18012 already in creature template, set to 0.
INSERT INTO creature (`spawnID`, `map`, `spawnMask`, `modelid`, `equipment_id`, `position_x`, `position_y`, `position_z`, `orientation`, `spawntimesecs`, `spawndist`, `currentwaypoint`, `curhealth`, `curmana`, `MovementType`, `unit_flags`, `pool_id`, `patch_min`, `patch_max`) VALUES ('132551', '530', '1', NULL, '1', '-3677.84', '3715.54', '277.269', '2.78555', '180', '5', '0', '5744', '3231', '1', '0', '0', '0', '10');
INSERT INTO creature_entry (`spawnID`, `entry`) VALUES ('132552', '21763');
-- Has LK modelid 18012 already in creature template, set to 0.
INSERT INTO creature (`spawnID`, `map`, `spawnMask`, `modelid`, `equipment_id`, `position_x`, `position_y`, `position_z`, `orientation`, `spawntimesecs`, `spawndist`, `currentwaypoint`, `curhealth`, `curmana`, `MovementType`, `unit_flags`, `pool_id`, `patch_min`, `patch_max`) VALUES ('132552', '530', '1', NULL, '1', '-3825.59', '3781.83', '277.049', '2.53055', '180', '5', '0', '5744', '3231', '1', '0', '0', '0', '10');
DELETE ce, c1, c2, sg FROM creature_entry ce LEFT JOIN conditions c1 ON c1.ConditionTypeOrReference = 31 AND c1.ConditionValue1 = 3 AND c1.ConditionValue3 = 1095939 LEFT JOIN conditions c2 ON c2.SourceTypeOrReferenceId = 22 AND c2.SourceId = 0 AND c1.SourceEntry = -1095939 LEFT JOIN spawn_group sg ON sg.spawnId = 1095939 AND spawnType = 0 WHERE ce.spawnID = 1095939;
DELETE ce, c1, c2, sg FROM creature_entry ce LEFT JOIN conditions c1 ON c1.ConditionTypeOrReference = 31 AND c1.ConditionValue1 = 3 AND c1.ConditionValue3 = 1095940 LEFT JOIN conditions c2 ON c2.SourceTypeOrReferenceId = 22 AND c2.SourceId = 0 AND c1.SourceEntry = -1095940 LEFT JOIN spawn_group sg ON sg.spawnId = 1095940 AND spawnType = 0 WHERE ce.spawnID = 1095940;
DELETE ce, c1, c2, sg FROM creature_entry ce LEFT JOIN conditions c1 ON c1.ConditionTypeOrReference = 31 AND c1.ConditionValue1 = 3 AND c1.ConditionValue3 = 1095941 LEFT JOIN conditions c2 ON c2.SourceTypeOrReferenceId = 22 AND c2.SourceId = 0 AND c1.SourceEntry = -1095941 LEFT JOIN spawn_group sg ON sg.spawnId = 1095941 AND spawnType = 0 WHERE ce.spawnID = 1095941;
DELETE ce, c1, c2, sg FROM creature_entry ce LEFT JOIN conditions c1 ON c1.ConditionTypeOrReference = 31 AND c1.ConditionValue1 = 3 AND c1.ConditionValue3 = 1095942 LEFT JOIN conditions c2 ON c2.SourceTypeOrReferenceId = 22 AND c2.SourceId = 0 AND c1.SourceEntry = -1095942 LEFT JOIN spawn_group sg ON sg.spawnId = 1095942 AND spawnType = 0 WHERE ce.spawnID = 1095942;
DELETE ce, c1, c2, sg FROM creature_entry ce LEFT JOIN conditions c1 ON c1.ConditionTypeOrReference = 31 AND c1.ConditionValue1 = 3 AND c1.ConditionValue3 = 1095943 LEFT JOIN conditions c2 ON c2.SourceTypeOrReferenceId = 22 AND c2.SourceId = 0 AND c1.SourceEntry = -1095943 LEFT JOIN spawn_group sg ON sg.spawnId = 1095943 AND spawnType = 0 WHERE ce.spawnID = 1095943;
DELETE ce, c1, c2, sg FROM creature_entry ce LEFT JOIN conditions c1 ON c1.ConditionTypeOrReference = 31 AND c1.ConditionValue1 = 3 AND c1.ConditionValue3 = 1095944 LEFT JOIN conditions c2 ON c2.SourceTypeOrReferenceId = 22 AND c2.SourceId = 0 AND c1.SourceEntry = -1095944 LEFT JOIN spawn_group sg ON sg.spawnId = 1095944 AND spawnType = 0 WHERE ce.spawnID = 1095944;
DELETE ce, c1, c2, sg FROM creature_entry ce LEFT JOIN conditions c1 ON c1.ConditionTypeOrReference = 31 AND c1.ConditionValue1 = 3 AND c1.ConditionValue3 = 1095945 LEFT JOIN conditions c2 ON c2.SourceTypeOrReferenceId = 22 AND c2.SourceId = 0 AND c1.SourceEntry = -1095945 LEFT JOIN spawn_group sg ON sg.spawnId = 1095945 AND spawnType = 0 WHERE ce.spawnID = 1095945;
DELETE ce, c1, c2, sg FROM creature_entry ce LEFT JOIN conditions c1 ON c1.ConditionTypeOrReference = 31 AND c1.ConditionValue1 = 3 AND c1.ConditionValue3 = 1095946 LEFT JOIN conditions c2 ON c2.SourceTypeOrReferenceId = 22 AND c2.SourceId = 0 AND c1.SourceEntry = -1095946 LEFT JOIN spawn_group sg ON sg.spawnId = 1095946 AND spawnType = 0 WHERE ce.spawnID = 1095946;
DELETE ce, c1, c2, sg FROM creature_entry ce LEFT JOIN conditions c1 ON c1.ConditionTypeOrReference = 31 AND c1.ConditionValue1 = 3 AND c1.ConditionValue3 = 1095947 LEFT JOIN conditions c2 ON c2.SourceTypeOrReferenceId = 22 AND c2.SourceId = 0 AND c1.SourceEntry = -1095947 LEFT JOIN spawn_group sg ON sg.spawnId = 1095947 AND spawnType = 0 WHERE ce.spawnID = 1095947;
DELETE ce, c1, c2, sg FROM creature_entry ce LEFT JOIN conditions c1 ON c1.ConditionTypeOrReference = 31 AND c1.ConditionValue1 = 3 AND c1.ConditionValue3 = 1095948 LEFT JOIN conditions c2 ON c2.SourceTypeOrReferenceId = 22 AND c2.SourceId = 0 AND c1.SourceEntry = -1095948 LEFT JOIN spawn_group sg ON sg.spawnId = 1095948 AND spawnType = 0 WHERE ce.spawnID = 1095948;
DELETE ce, c1, c2, sg FROM creature_entry ce LEFT JOIN conditions c1 ON c1.ConditionTypeOrReference = 31 AND c1.ConditionValue1 = 3 AND c1.ConditionValue3 = 1095949 LEFT JOIN conditions c2 ON c2.SourceTypeOrReferenceId = 22 AND c2.SourceId = 0 AND c1.SourceEntry = -1095949 LEFT JOIN spawn_group sg ON sg.spawnId = 1095949 AND spawnType = 0 WHERE ce.spawnID = 1095949;
DELETE ce, c1, c2, sg FROM creature_entry ce LEFT JOIN conditions c1 ON c1.ConditionTypeOrReference = 31 AND c1.ConditionValue1 = 3 AND c1.ConditionValue3 = 1095950 LEFT JOIN conditions c2 ON c2.SourceTypeOrReferenceId = 22 AND c2.SourceId = 0 AND c1.SourceEntry = -1095950 LEFT JOIN spawn_group sg ON sg.spawnId = 1095950 AND spawnType = 0 WHERE ce.spawnID = 1095950;


-- Importing creature spawn with guid 132608 with import type REPLACE_ALL


-- Importing creature spawn with guid 106814 with import type REPLACE_ALL


-- Importing creature spawn with guid 28656 with import type REPLACE_ALL


-- Importing creature spawn with guid 28655 with import type REPLACE_ALL


-- Importing creature spawn with guid 28654 with import type REPLACE_ALL


-- Importing creature spawn with guid 132544 with import type REPLACE_ALL


-- Importing creature spawn with guid 132545 with import type REPLACE_ALL


-- Importing creature spawn with guid 132546 with import type REPLACE_ALL


-- Importing creature spawn with guid 132601 with import type REPLACE_ALL


-- Importing creature spawn with guid 132543 with import type REPLACE_ALL


-- Importing creature spawn with guid 132604 with import type REPLACE_ALL


-- Importing creature spawn with guid 132603 with import type REPLACE_ALL


-- Importing creature spawn with guid 132539 with import type REPLACE_ALL


-- Importing creature spawn with guid 132606 with import type REPLACE_ALL


-- Importing creature spawn with guid 132600 with import type REPLACE_ALL


-- Importing creature spawn with guid 107839 with import type REPLACE_ALL


-- Importing creature spawn with guid 107840 with import type REPLACE_ALL


-- Importing creature spawn with guid 107841 with import type REPLACE_ALL


-- Importing creature spawn with guid 107842 with import type REPLACE_ALL


-- Importing creature spawn with guid 107843 with import type REPLACE_ALL


-- Importing creature spawn with guid 107844 with import type REPLACE_ALL


-- Importing creature spawn with guid 107845 with import type REPLACE_ALL


-- Importing creature spawn with guid 107846 with import type REPLACE_ALL


-- Importing creature spawn with guid 107847 with import type REPLACE_ALL


-- Importing creature spawn with guid 107848 with import type REPLACE_ALL


-- Importing creature spawn with guid 107849 with import type REPLACE_ALL


-- Importing creature spawn with guid 107851 with import type REPLACE_ALL


-- Importing creature spawn with guid 107852 with import type REPLACE_ALL


-- Importing creature spawn with guid 107853 with import type REPLACE_ALL


-- Importing creature spawn with guid 107854 with import type REPLACE_ALL


-- Importing creature spawn with guid 107855 with import type REPLACE_ALL


-- Importing creature spawn with guid 107856 with import type REPLACE_ALL


-- Importing creature spawn with guid 107857 with import type REPLACE_ALL


-- Importing creature spawn with guid 107858 with import type REPLACE_ALL


-- Importing creature spawn with guid 107859 with import type REPLACE_ALL


-- Importing creature spawn with guid 107860 with import type REPLACE_ALL


-- Importing creature spawn with guid 107861 with import type REPLACE_ALL


-- Importing creature spawn with guid 107862 with import type REPLACE_ALL


-- Importing creature spawn with guid 107863 with import type REPLACE_ALL


-- Importing creature spawn with guid 107864 with import type REPLACE_ALL


-- Importing creature spawn with guid 107865 with import type REPLACE_ALL


-- Importing creature spawn with guid 107866 with import type REPLACE_ALL


-- Importing creature spawn with guid 107867 with import type REPLACE_ALL


-- Importing creature spawn with guid 107868 with import type REPLACE_ALL


-- Importing creature spawn with guid 107869 with import type REPLACE_ALL


-- Importing creature spawn with guid 107870 with import type REPLACE_ALL


-- Importing creature spawn with guid 107871 with import type REPLACE_ALL


-- Importing creature spawn with guid 107872 with import type REPLACE_ALL


-- Importing creature spawn with guid 107873 with import type REPLACE_ALL


-- Importing creature spawn with guid 107874 with import type REPLACE_ALL


-- Importing creature spawn with guid 107875 with import type REPLACE_ALL


-- Importing creature spawn with guid 107876 with import type REPLACE_ALL


-- Importing creature spawn with guid 107877 with import type REPLACE_ALL


-- Importing creature spawn with guid 107878 with import type REPLACE_ALL


-- Importing creature spawn with guid 107879 with import type REPLACE_ALL


-- Importing creature spawn with guid 107880 with import type REPLACE_ALL


-- Importing creature spawn with guid 107881 with import type REPLACE_ALL


-- Importing creature spawn with guid 107882 with import type REPLACE_ALL


-- Importing creature spawn with guid 107883 with import type REPLACE_ALL


-- Importing creature spawn with guid 107884 with import type REPLACE_ALL


-- Importing creature spawn with guid 107885 with import type REPLACE_ALL


-- Importing creature spawn with guid 107886 with import type REPLACE_ALL


-- Importing creature spawn with guid 107887 with import type REPLACE_ALL


-- Importing creature spawn with guid 107888 with import type REPLACE_ALL


-- Importing creature spawn with guid 107889 with import type REPLACE_ALL


-- Importing creature spawn with guid 107890 with import type REPLACE_ALL


-- Importing creature spawn with guid 107891 with import type REPLACE_ALL


-- Importing creature spawn with guid 107892 with import type REPLACE_ALL


-- Importing creature spawn with guid 107893 with import type REPLACE_ALL


-- Importing creature spawn with guid 107894 with import type REPLACE_ALL


-- Importing creature spawn with guid 107895 with import type REPLACE_ALL


-- Importing creature spawn with guid 107896 with import type REPLACE_ALL


-- Importing creature spawn with guid 107897 with import type REPLACE_ALL


-- Importing creature spawn with guid 107898 with import type REPLACE_ALL


-- Importing creature spawn with guid 107899 with import type REPLACE_ALL


-- Importing creature spawn with guid 107900 with import type REPLACE_ALL


-- Importing creature spawn with guid 107901 with import type REPLACE_ALL


-- Importing creature spawn with guid 107903 with import type REPLACE_ALL


-- Importing creature spawn with guid 107904 with import type REPLACE_ALL


-- Importing creature spawn with guid 107905 with import type REPLACE_ALL


-- Importing creature spawn with guid 107906 with import type REPLACE_ALL


-- Importing creature spawn with guid 107907 with import type REPLACE_ALL


-- Importing creature spawn with guid 107908 with import type REPLACE_ALL


-- Importing creature spawn with guid 107909 with import type REPLACE_ALL


-- Importing creature spawn with guid 107910 with import type REPLACE_ALL


-- Importing creature spawn with guid 107911 with import type REPLACE_ALL


-- Importing creature spawn with guid 107912 with import type REPLACE_ALL


-- Importing creature spawn with guid 107913 with import type REPLACE_ALL


-- Importing creature spawn with guid 107914 with import type REPLACE_ALL


-- Importing creature spawn with guid 107915 with import type REPLACE_ALL


-- Importing creature spawn with guid 107916 with import type REPLACE_ALL


-- Importing creature spawn with guid 107917 with import type REPLACE_ALL


-- Importing creature spawn with guid 107918 with import type REPLACE_ALL


-- Importing creature spawn with guid 107920 with import type REPLACE_ALL


-- Importing creature spawn with guid 107922 with import type REPLACE_ALL


-- Importing creature spawn with guid 107927 with import type REPLACE_ALL


-- Importing creature spawn with guid 107928 with import type REPLACE_ALL


-- Importing creature spawn with guid 107929 with import type REPLACE_ALL


-- Importing creature spawn with guid 107933 with import type REPLACE_ALL


-- Importing creature spawn with guid 107936 with import type REPLACE_ALL


-- Importing creature spawn with guid 107937 with import type REPLACE_ALL


-- Importing creature spawn with guid 107938 with import type REPLACE_ALL


-- Importing creature spawn with guid 107939 with import type REPLACE_ALL


-- Importing creature spawn with guid 107943 with import type REPLACE_ALL


-- Importing creature spawn with guid 107970 with import type REPLACE_ALL


-- Importing creature spawn with guid 107973 with import type REPLACE_ALL


-- Importing creature spawn with guid 107974 with import type REPLACE_ALL


-- Importing creature spawn with guid 107982 with import type REPLACE_ALL


-- Importing creature spawn with guid 107997 with import type REPLACE_ALL


-- Importing creature spawn with guid 108012 with import type REPLACE_ALL


-- Importing creature spawn with guid 108013 with import type REPLACE_ALL


-- Importing creature spawn with guid 108014 with import type REPLACE_ALL


-- Importing creature spawn with guid 108015 with import type REPLACE_ALL


-- Importing creature spawn with guid 108016 with import type REPLACE_ALL


-- Importing creature spawn with guid 108017 with import type REPLACE_ALL


-- Importing creature spawn with guid 108018 with import type REPLACE_ALL


-- Importing creature spawn with guid 132547 with import type REPLACE_ALL


-- Importing creature spawn with guid 132605 with import type REPLACE_ALL


-- Importing creature spawn with guid 132540 with import type REPLACE_ALL


-- Importing creature spawn with guid 132541 with import type REPLACE_ALL


-- Importing creature spawn with guid 132602 with import type REPLACE_ALL


-- Importing creature spawn with guid 132572 with import type REPLACE_ALL


-- Importing creature spawn with guid 125608 with import type REPLACE_ALL


-- Importing creature spawn with guid 125607 with import type REPLACE_ALL


-- Importing creature spawn with guid 125606 with import type REPLACE_ALL


-- Importing creature spawn with guid 110738 with import type REPLACE_ALL


-- Importing creature spawn with guid 110739 with import type REPLACE_ALL


-- Importing creature spawn with guid 110740 with import type REPLACE_ALL


-- Importing creature spawn with guid 110748 with import type REPLACE_ALL


-- Importing creature spawn with guid 110749 with import type REPLACE_ALL


-- Importing creature spawn with guid 110750 with import type REPLACE_ALL


-- Importing creature spawn with guid 110763 with import type REPLACE_ALL


-- Importing creature spawn with guid 110764 with import type REPLACE_ALL


-- Importing creature spawn with guid 110765 with import type REPLACE_ALL


-- Importing creature spawn with guid 110771 with import type REPLACE_ALL


-- Importing creature spawn with guid 110773 with import type REPLACE_ALL


-- Importing creature spawn with guid 110774 with import type REPLACE_ALL


-- Importing creature spawn with guid 132578 with import type REPLACE_ALL


-- Importing creature spawn with guid 132579 with import type REPLACE_ALL


-- Importing creature spawn with guid 132575 with import type REPLACE_ALL


-- Importing creature spawn with guid 52267 with import type REPLACE_ALL


-- Importing creature spawn with guid 132580 with import type REPLACE_ALL


-- Importing creature spawn with guid 132550 with import type REPLACE_ALL


-- Importing creature spawn with guid 132581 with import type REPLACE_ALL


-- Importing creature spawn with guid 132548 with import type REPLACE_ALL


-- Importing creature spawn with guid 132549 with import type REPLACE_ALL


-- Importing creature spawn with guid 132607 with import type REPLACE_ALL


-- Importing creature spawn with guid 28647 with import type REPLACE_ALL


-- Importing creature spawn with guid 143646 with import type REPLACE_ALL


-- Importing creature spawn with guid 143645 with import type REPLACE_ALL


-- Importing creature spawn with guid 143644 with import type REPLACE_ALL


-- Importing creature spawn with guid 143640 with import type REPLACE_ALL


-- Importing creature spawn with guid 143639 with import type REPLACE_ALL


-- Importing creature spawn with guid 143637 with import type REPLACE_ALL


-- Importing creature spawn with guid 143636 with import type REPLACE_ALL


-- Importing creature spawn with guid 143635 with import type REPLACE_ALL


-- Importing creature spawn with guid 132598 with import type REPLACE_ALL


-- Importing creature spawn with guid 132594 with import type REPLACE_ALL


-- Importing creature spawn with guid 132595 with import type REPLACE_ALL


-- Importing creature spawn with guid 132576 with import type REPLACE_ALL


-- Importing creature spawn with guid 132596 with import type REPLACE_ALL


-- Importing creature spawn with guid 132584 with import type REPLACE_ALL


-- Importing creature spawn with guid 132582 with import type REPLACE_ALL


-- Importing creature spawn with guid 132583 with import type REPLACE_ALL


-- Importing creature spawn with guid 132585 with import type REPLACE_ALL


-- Importing creature spawn with guid 132551 with import type REPLACE_ALL


-- Importing creature spawn with guid 132552 with import type REPLACE_ALL


-- Importing creature spawn with guid 132591 with import type REPLACE_ALL


-- Importing creature spawn with guid 132592 with import type REPLACE_ALL


-- Importing creature spawn with guid 132593 with import type REPLACE_ALL


-- Importing creature spawn with guid 132586 with import type REPLACE_ALL


-- Importing creature spawn with guid 132587 with import type REPLACE_ALL


-- Importing creature spawn with guid 132577 with import type REPLACE_ALL


-- Importing creature spawn with guid 132574 with import type REPLACE_ALL


-- Importing creature spawn with guid 125605 with import type REPLACE_ALL


-- Importing creature spawn with guid 125604 with import type REPLACE_ALL


-- Importing creature spawn with guid 125603 with import type REPLACE_ALL


-- Importing creature spawn with guid 125602 with import type REPLACE_ALL


-- Importing creature spawn with guid 125601 with import type REPLACE_ALL


-- Importing creature spawn with guid 119054 with import type REPLACE_ALL


-- Importing creature spawn with guid 12548 with import type REPLACE_ALL


-- Importing creature spawn with guid 120726 with import type REPLACE_ALL


-- Importing creature spawn with guid 120727 with import type REPLACE_ALL


-- Importing creature spawn with guid 120728 with import type REPLACE_ALL


-- Importing creature spawn with guid 120733 with import type REPLACE_ALL


-- Importing creature spawn with guid 120734 with import type REPLACE_ALL


-- Importing creature spawn with guid 120735 with import type REPLACE_ALL


-- Importing creature spawn with guid 120736 with import type REPLACE_ALL


-- Importing creature spawn with guid 120737 with import type REPLACE_ALL


-- Importing creature spawn with guid 120738 with import type REPLACE_ALL


-- Importing creature spawn with guid 120739 with import type REPLACE_ALL


-- Importing creature spawn with guid 120740 with import type REPLACE_ALL


-- Importing creature spawn with guid 120741 with import type REPLACE_ALL


-- Importing creature spawn with guid 120742 with import type REPLACE_ALL


-- Importing creature spawn with guid 120743 with import type REPLACE_ALL


-- Importing creature spawn with guid 120744 with import type REPLACE_ALL


-- Importing creature spawn with guid 120745 with import type REPLACE_ALL


-- Importing creature spawn with guid 120746 with import type REPLACE_ALL


-- Importing creature spawn with guid 120747 with import type REPLACE_ALL


-- Importing creature spawn with guid 120748 with import type REPLACE_ALL


-- Importing creature spawn with guid 120756 with import type REPLACE_ALL


-- Importing creature spawn with guid 120757 with import type REPLACE_ALL


-- Importing creature spawn with guid 120758 with import type REPLACE_ALL


-- Importing creature spawn with guid 120759 with import type REPLACE_ALL


-- Importing creature spawn with guid 120762 with import type REPLACE_ALL


-- Importing creature spawn with guid 120766 with import type REPLACE_ALL


-- Importing creature spawn with guid 120767 with import type REPLACE_ALL


-- Importing creature spawn with guid 137689 with import type REPLACE_ALL


-- Importing creature spawn with guid 137688 with import type REPLACE_ALL


-- Importing creature spawn with guid 137687 with import type REPLACE_ALL


-- Importing creature spawn with guid 137699 with import type REPLACE_ALL


-- Importing creature spawn with guid 137698 with import type REPLACE_ALL


-- Importing creature spawn with guid 137697 with import type REPLACE_ALL


-- Importing creature spawn with guid 137696 with import type REPLACE_ALL


-- Importing creature spawn with guid 200121 with import type REPLACE_ALL


-- Importing creature spawn with guid 200120 with import type REPLACE_ALL


-- Importing creature spawn with guid 200119 with import type REPLACE_ALL


-- Importing creature spawn with guid 200118 with import type REPLACE_ALL


-- Importing creature spawn with guid 137695 with import type REPLACE_ALL


-- Importing creature spawn with guid 137694 with import type REPLACE_ALL


-- Importing creature spawn with guid 40592 with import type REPLACE_ALL


-- Importing creature spawn with guid 34058 with import type REPLACE_ALL


-- Importing creature spawn with guid 34054 with import type REPLACE_ALL


-- Importing creature spawn with guid 34053 with import type REPLACE_ALL


-- Importing creature spawn with guid 29882 with import type REPLACE_ALL


-- Importing creature spawn with guid 137656 with import type REPLACE_ALL


-- Importing creature spawn with guid 137655 with import type REPLACE_ALL


-- Importing creature spawn with guid 137693 with import type REPLACE_ALL


-- Importing creature spawn with guid 137692 with import type REPLACE_ALL


-- Importing creature spawn with guid 137691 with import type REPLACE_ALL


-- Importing creature spawn with guid 137690 with import type REPLACE_ALL


-- Importing creature spawn with guid 213233 with import type REPLACE_ALL


-- Importing creature spawn with guid 213231 with import type REPLACE_ALL


-- Importing creature spawn with guid 213229 with import type REPLACE_ALL


-- Importing creature spawn with guid 45224 with import type REPLACE_ALL


-- Importing creature spawn with guid 45223 with import type REPLACE_ALL


-- Importing creature spawn with guid 45213 with import type REPLACE_ALL


-- Importing creature spawn with guid 94513 with import type REPLACE_ALL


-- Importing creature spawn with guid 94724 with import type REPLACE_ALL


-- Importing creature spawn with guid 94698 with import type REPLACE_ALL


-- Importing creature spawn with guid 80437 with import type REPLACE_ALL


-- Importing creature spawn with guid 126866 with import type REPLACE_ALL


-- Importing creature spawn with guid 128137 with import type REPLACE_ALL


-- Importing creature spawn with guid 128138 with import type REPLACE_ALL


-- Importing creature spawn with guid 128139 with import type REPLACE_ALL


-- Importing creature spawn with guid 128140 with import type REPLACE_ALL


-- Importing creature spawn with guid 128141 with import type REPLACE_ALL


-- Importing creature spawn with guid 128142 with import type REPLACE_ALL


-- Importing creature spawn with guid 128143 with import type REPLACE_ALL


-- Importing creature spawn with guid 128144 with import type REPLACE_ALL


-- Importing creature spawn with guid 128145 with import type REPLACE_ALL


-- Importing creature spawn with guid 128146 with import type REPLACE_ALL


-- Importing creature spawn with guid 128147 with import type REPLACE_ALL


-- Importing creature spawn with guid 128148 with import type REPLACE_ALL


-- Importing creature spawn with guid 128149 with import type REPLACE_ALL


-- Importing creature spawn with guid 128150 with import type REPLACE_ALL


-- Importing creature spawn with guid 128151 with import type REPLACE_ALL


-- Importing creature spawn with guid 128152 with import type REPLACE_ALL


-- Importing creature spawn with guid 128153 with import type REPLACE_ALL


-- Importing creature spawn with guid 128154 with import type REPLACE_ALL


-- Importing creature spawn with guid 128155 with import type REPLACE_ALL


-- Importing creature spawn with guid 128156 with import type REPLACE_ALL


-- Importing creature spawn with guid 128157 with import type REPLACE_ALL


-- Importing creature spawn with guid 128158 with import type REPLACE_ALL


-- Importing creature spawn with guid 128159 with import type REPLACE_ALL


-- Importing creature spawn with guid 128160 with import type REPLACE_ALL


-- Importing creature spawn with guid 128161 with import type REPLACE_ALL


-- Importing creature spawn with guid 128162 with import type REPLACE_ALL


-- Importing creature spawn with guid 128163 with import type REPLACE_ALL


-- Importing creature spawn with guid 128164 with import type REPLACE_ALL


-- Importing creature spawn with guid 128165 with import type REPLACE_ALL


-- Importing creature spawn with guid 128166 with import type REPLACE_ALL


-- Importing creature spawn with guid 128167 with import type REPLACE_ALL


-- Importing creature spawn with guid 128168 with import type REPLACE_ALL


-- Importing creature spawn with guid 128169 with import type REPLACE_ALL


-- Importing creature spawn with guid 128170 with import type REPLACE_ALL


-- Importing creature spawn with guid 207005 with import type REPLACE_ALL


-- Importing creature spawn with guid 207004 with import type REPLACE_ALL


-- Importing creature spawn with guid 207003 with import type REPLACE_ALL


-- Importing creature spawn with guid 207002 with import type REPLACE_ALL


-- Importing creature spawn with guid 207001 with import type REPLACE_ALL


-- Importing creature spawn with guid 207053 with import type REPLACE_ALL


-- Importing creature spawn with guid 207052 with import type REPLACE_ALL


-- Importing creature spawn with guid 207051 with import type REPLACE_ALL


-- Importing creature spawn with guid 207050 with import type REPLACE_ALL


-- Importing creature spawn with guid 207049 with import type REPLACE_ALL


-- Importing creature spawn with guid 207048 with import type REPLACE_ALL


-- Importing creature spawn with guid 207047 with import type REPLACE_ALL


-- Importing creature spawn with guid 207046 with import type REPLACE_ALL


-- Importing creature spawn with guid 207045 with import type REPLACE_ALL


-- Importing creature spawn with guid 207044 with import type REPLACE_ALL


-- Importing creature spawn with guid 207043 with import type REPLACE_ALL


-- Importing creature spawn with guid 207042 with import type REPLACE_ALL


-- Importing creature spawn with guid 207041 with import type REPLACE_ALL


-- Importing creature spawn with guid 207040 with import type REPLACE_ALL


-- Importing creature spawn with guid 207039 with import type REPLACE_ALL


-- Importing creature spawn with guid 207038 with import type REPLACE_ALL


-- Importing creature spawn with guid 207037 with import type REPLACE_ALL


-- Importing creature spawn with guid 207036 with import type REPLACE_ALL


-- Importing creature spawn with guid 207035 with import type REPLACE_ALL


-- Importing creature spawn with guid 207034 with import type REPLACE_ALL


-- Importing creature spawn with guid 207033 with import type REPLACE_ALL


-- Importing creature spawn with guid 207032 with import type REPLACE_ALL


-- Importing creature spawn with guid 207031 with import type REPLACE_ALL


-- Importing creature spawn with guid 207030 with import type REPLACE_ALL


-- Importing creature spawn with guid 207029 with import type REPLACE_ALL


-- Importing creature spawn with guid 207028 with import type REPLACE_ALL


-- Importing creature spawn with guid 207027 with import type REPLACE_ALL


-- Importing creature spawn with guid 207026 with import type REPLACE_ALL


-- Importing creature spawn with guid 207025 with import type REPLACE_ALL


-- Importing creature spawn with guid 207024 with import type REPLACE_ALL


-- Importing creature spawn with guid 207023 with import type REPLACE_ALL


-- Importing creature spawn with guid 207022 with import type REPLACE_ALL


-- Importing creature spawn with guid 207021 with import type REPLACE_ALL


-- Importing creature spawn with guid 207020 with import type REPLACE_ALL


-- Importing creature spawn with guid 207019 with import type REPLACE_ALL


-- Importing creature spawn with guid 207018 with import type REPLACE_ALL


-- Importing creature spawn with guid 207017 with import type REPLACE_ALL


-- Importing creature spawn with guid 207016 with import type REPLACE_ALL


-- Importing creature spawn with guid 207015 with import type REPLACE_ALL


-- Importing creature spawn with guid 207014 with import type REPLACE_ALL


-- Importing creature spawn with guid 207013 with import type REPLACE_ALL


-- Importing creature spawn with guid 207012 with import type REPLACE_ALL


-- Importing creature spawn with guid 207011 with import type REPLACE_ALL


-- Importing creature spawn with guid 207010 with import type REPLACE_ALL


-- Importing creature spawn with guid 207009 with import type REPLACE_ALL


-- Importing creature spawn with guid 207008 with import type REPLACE_ALL


-- Importing creature spawn with guid 207007 with import type REPLACE_ALL


-- Importing creature spawn with guid 207006 with import type REPLACE_ALL


-- Importing creature spawn with guid 207057 with import type REPLACE_ALL


-- Importing creature spawn with guid 207056 with import type REPLACE_ALL


-- Importing creature spawn with guid 207055 with import type REPLACE_ALL


-- Importing creature spawn with guid 207054 with import type REPLACE_ALL


-- Importing creature spawn with guid 70701 with import type REPLACE_ALL


-- Importing creature spawn with guid 70352 with import type REPLACE_ALL


-- Importing creature spawn with guid 69728 with import type REPLACE_ALL


-- Importing creature spawn with guid 69726 with import type REPLACE_ALL


-- Importing creature spawn with guid 66697 with import type REPLACE_ALL


-- Importing creature spawn with guid 66695 with import type REPLACE_ALL


-- Importing creature spawn with guid 131385 with import type REPLACE_ALL


-- Importing creature spawn with guid 131386 with import type REPLACE_ALL


-- Importing creature spawn with guid 131387 with import type REPLACE_ALL


-- Importing creature spawn with guid 131388 with import type REPLACE_ALL


-- Importing creature spawn with guid 131389 with import type REPLACE_ALL


-- Importing creature spawn with guid 131839 with import type REPLACE_ALL


-- Importing creature spawn with guid 132630 with import type REPLACE_ALL


-- Importing creature spawn with guid 132635 with import type REPLACE_ALL


-- Importing creature spawn with guid 132650 with import type REPLACE_ALL


-- Importing creature spawn with guid 132651 with import type REPLACE_ALL


-- Importing creature spawn with guid 132675 with import type REPLACE_ALL


-- Importing creature spawn with guid 132677 with import type REPLACE_ALL


-- Importing creature spawn with guid 132774 with import type REPLACE_ALL


-- Importing creature spawn with guid 132775 with import type REPLACE_ALL


-- Importing creature spawn with guid 132776 with import type REPLACE_ALL


-- Importing creature spawn with guid 132778 with import type REPLACE_ALL


-- Importing creature spawn with guid 132780 with import type REPLACE_ALL


-- Importing creature spawn with guid 132781 with import type REPLACE_ALL
INSERT INTO creature_entry (`spawnID`, `entry`) VALUES ('132781', '21651');
-- Has LK modelid 21352 already in creature template, set to 0.
INSERT INTO creature (`spawnID`, `map`, `spawnMask`, `modelid`, `equipment_id`, `position_x`, `position_y`, `position_z`, `orientation`, `spawntimesecs`, `spawndist`, `currentwaypoint`, `curhealth`, `curmana`, `MovementType`, `unit_flags`, `pool_id`, `patch_min`, `patch_max`) VALUES ('132781', '530', '1', NULL, '1', '-4147.02', '3048.13', '314.756', '1.7099', '180', '5', '0', '7181', '0', '1', '0', '0', '0', '10');
INSERT INTO creature_addon (`spawnID`, `path_id`, `mount`, `bytes0`, `bytes1`, `bytes2`, `emote`, `auras`) VALUES ('132781', NULL, '0', '0', '65536', '1', '0', '37411');
INSERT INTO creature_entry (`spawnID`, `entry`) VALUES ('132782', '21651');
-- Has LK modelid 21352 already in creature template, set to 0.
INSERT INTO creature (`spawnID`, `map`, `spawnMask`, `modelid`, `equipment_id`, `position_x`, `position_y`, `position_z`, `orientation`, `spawntimesecs`, `spawndist`, `currentwaypoint`, `curhealth`, `curmana`, `MovementType`, `unit_flags`, `pool_id`, `patch_min`, `patch_max`) VALUES ('132782', '530', '1', NULL, '1', '-4112.76', '3033.49', '344.448', '3.15194', '180', '5', '0', '7181', '0', '1', '0', '0', '0', '10');
INSERT INTO creature_addon (`spawnID`, `path_id`, `mount`, `bytes0`, `bytes1`, `bytes2`, `emote`, `auras`) VALUES ('132782', NULL, '0', '0', '65536', '1', '0', '37411');
INSERT INTO creature_entry (`spawnID`, `entry`) VALUES ('132783', '21651');
-- Has LK modelid 21352 already in creature template, set to 0.
INSERT INTO creature (`spawnID`, `map`, `spawnMask`, `modelid`, `equipment_id`, `position_x`, `position_y`, `position_z`, `orientation`, `spawntimesecs`, `spawndist`, `currentwaypoint`, `curhealth`, `curmana`, `MovementType`, `unit_flags`, `pool_id`, `patch_min`, `patch_max`) VALUES ('132783', '530', '1', NULL, '1', '-4098.58', '3014.3', '344.291', '1.13446', '180', '0', '0', '7181', '0', '0', '0', '0', '0', '10');
INSERT INTO creature_addon (`spawnID`, `path_id`, `mount`, `bytes0`, `bytes1`, `bytes2`, `emote`, `auras`) VALUES ('132783', NULL, '0', '0', '65536', '1', '0', '37411');
INSERT INTO creature_entry (`spawnID`, `entry`) VALUES ('132784', '21651');
-- Has LK modelid 21352 already in creature template, set to 0.
INSERT INTO creature (`spawnID`, `map`, `spawnMask`, `modelid`, `equipment_id`, `position_x`, `position_y`, `position_z`, `orientation`, `spawntimesecs`, `spawndist`, `currentwaypoint`, `curhealth`, `curmana`, `MovementType`, `unit_flags`, `pool_id`, `patch_min`, `patch_max`) VALUES ('132784', '530', '1', NULL, '1', '-4176.09', '3038.24', '343.674', '6.17941', '180', '5', '0', '7181', '0', '1', '0', '0', '0', '10');
INSERT INTO creature_addon (`spawnID`, `path_id`, `mount`, `bytes0`, `bytes1`, `bytes2`, `emote`, `auras`) VALUES ('132784', NULL, '0', '0', '65536', '1', '0', '37411');
INSERT INTO creature_entry (`spawnID`, `entry`) VALUES ('132785', '21651');
-- Has LK modelid 21352 already in creature template, set to 0.
INSERT INTO creature (`spawnID`, `map`, `spawnMask`, `modelid`, `equipment_id`, `position_x`, `position_y`, `position_z`, `orientation`, `spawntimesecs`, `spawndist`, `currentwaypoint`, `curhealth`, `curmana`, `MovementType`, `unit_flags`, `pool_id`, `patch_min`, `patch_max`) VALUES ('132785', '530', '1', NULL, '1', '-4201.8', '3048.26', '344.139', '4.2222', '180', '5', '0', '7181', '0', '1', '0', '0', '0', '10');
INSERT INTO creature_addon (`spawnID`, `path_id`, `mount`, `bytes0`, `bytes1`, `bytes2`, `emote`, `auras`) VALUES ('132785', NULL, '0', '0', '65536', '1', '0', '37411');
INSERT INTO creature_entry (`spawnID`, `entry`) VALUES ('132786', '21651');
-- Has LK modelid 21352 already in creature template, set to 0.
INSERT INTO creature (`spawnID`, `map`, `spawnMask`, `modelid`, `equipment_id`, `position_x`, `position_y`, `position_z`, `orientation`, `spawntimesecs`, `spawndist`, `currentwaypoint`, `curhealth`, `curmana`, `MovementType`, `unit_flags`, `pool_id`, `patch_min`, `patch_max`) VALUES ('132786', '530', '1', NULL, '1', '-4176.15', '3186', '315.189', '0.123457', '180', '5', '0', '7181', '0', '1', '0', '0', '0', '10');
INSERT INTO creature_addon (`spawnID`, `path_id`, `mount`, `bytes0`, `bytes1`, `bytes2`, `emote`, `auras`) VALUES ('132786', NULL, '0', '0', '65544', '1', '0', '37411');
INSERT INTO creature_entry (`spawnID`, `entry`) VALUES ('132787', '21651');
-- Has LK modelid 21352 already in creature template, set to 0.
INSERT INTO creature (`spawnID`, `map`, `spawnMask`, `modelid`, `equipment_id`, `position_x`, `position_y`, `position_z`, `orientation`, `spawntimesecs`, `spawndist`, `currentwaypoint`, `curhealth`, `curmana`, `MovementType`, `unit_flags`, `pool_id`, `patch_min`, `patch_max`) VALUES ('132787', '530', '1', NULL, '1', '-3669.3', '3390.64', '312.961', '1.48353', '180', '0', '0', '7181', '0', '0', '0', '0', '0', '10');
INSERT INTO creature_addon (`spawnID`, `path_id`, `mount`, `bytes0`, `bytes1`, `bytes2`, `emote`, `auras`) VALUES ('132787', NULL, '0', '0', '65536', '1', '0', '37411');
INSERT INTO creature_entry (`spawnID`, `entry`) VALUES ('132788', '21651');
-- Has LK modelid 21352 already in creature template, set to 0.
INSERT INTO creature (`spawnID`, `map`, `spawnMask`, `modelid`, `equipment_id`, `position_x`, `position_y`, `position_z`, `orientation`, `spawntimesecs`, `spawndist`, `currentwaypoint`, `curhealth`, `curmana`, `MovementType`, `unit_flags`, `pool_id`, `patch_min`, `patch_max`) VALUES ('132788', '530', '1', NULL, '1', '-3691.59', '3290.75', '312.3', '5.70723', '180', '0', '0', '7181', '0', '0', '0', '0', '0', '10');
INSERT INTO creature_addon (`spawnID`, `path_id`, `mount`, `bytes0`, `bytes1`, `bytes2`, `emote`, `auras`) VALUES ('132788', NULL, '0', '0', '65536', '1', '0', '37411');
INSERT INTO creature_entry (`spawnID`, `entry`) VALUES ('132789', '21651');
-- Has LK modelid 21352 already in creature template, set to 0.
INSERT INTO creature (`spawnID`, `map`, `spawnMask`, `modelid`, `equipment_id`, `position_x`, `position_y`, `position_z`, `orientation`, `spawntimesecs`, `spawndist`, `currentwaypoint`, `curhealth`, `curmana`, `MovementType`, `unit_flags`, `pool_id`, `patch_min`, `patch_max`) VALUES ('132789', '530', '1', NULL, '1', '-3682.13', '3317.18', '311.703', '2.16765', '180', '5', '0', '7181', '0', '1', '0', '0', '0', '10');
INSERT INTO creature_addon (`spawnID`, `path_id`, `mount`, `bytes0`, `bytes1`, `bytes2`, `emote`, `auras`) VALUES ('132789', NULL, '0', '0', '65536', '1', '0', '37411');
INSERT INTO creature_entry (`spawnID`, `entry`) VALUES ('132790', '21651');
-- Has LK modelid 21352 already in creature template, set to 0.
INSERT INTO creature (`spawnID`, `map`, `spawnMask`, `modelid`, `equipment_id`, `position_x`, `position_y`, `position_z`, `orientation`, `spawntimesecs`, `spawndist`, `currentwaypoint`, `curhealth`, `curmana`, `MovementType`, `unit_flags`, `pool_id`, `patch_min`, `patch_max`) VALUES ('132790', '530', '1', NULL, '1', '-3647.5', '3383.45', '312.345', '4.2237', '180', '0', '0', '7181', '0', '0', '0', '0', '0', '10');
INSERT INTO creature_addon (`spawnID`, `path_id`, `mount`, `bytes0`, `bytes1`, `bytes2`, `emote`, `auras`) VALUES ('132790', NULL, '0', '0', '65536', '1', '0', '37411');
INSERT INTO creature_entry (`spawnID`, `entry`) VALUES ('132791', '21651');
-- Has LK modelid 21352 already in creature template, set to 0.
INSERT INTO creature (`spawnID`, `map`, `spawnMask`, `modelid`, `equipment_id`, `position_x`, `position_y`, `position_z`, `orientation`, `spawntimesecs`, `spawndist`, `currentwaypoint`, `curhealth`, `curmana`, `MovementType`, `unit_flags`, `pool_id`, `patch_min`, `patch_max`) VALUES ('132791', '530', '1', NULL, '1', '-3711.1', '3809.29', '302.272', '6.10865', '180', '0', '0', '7181', '0', '0', '0', '0', '0', '10');
INSERT INTO creature_addon (`spawnID`, `path_id`, `mount`, `bytes0`, `bytes1`, `bytes2`, `emote`, `auras`) VALUES ('132791', NULL, '0', '0', '65536', '1', '0', '37411');
INSERT INTO creature_entry (`spawnID`, `entry`) VALUES ('132792', '21651');
-- Has LK modelid 21352 already in creature template, set to 0.
INSERT INTO creature (`spawnID`, `map`, `spawnMask`, `modelid`, `equipment_id`, `position_x`, `position_y`, `position_z`, `orientation`, `spawntimesecs`, `spawndist`, `currentwaypoint`, `curhealth`, `curmana`, `MovementType`, `unit_flags`, `pool_id`, `patch_min`, `patch_max`) VALUES ('132792', '530', '1', NULL, '1', '-3889.44', '3788.59', '334.885', '5.25344', '180', '0', '0', '7181', '0', '0', '0', '0', '0', '10');
INSERT INTO creature_addon (`spawnID`, `path_id`, `mount`, `bytes0`, `bytes1`, `bytes2`, `emote`, `auras`) VALUES ('132792', NULL, '0', '0', '65536', '1', '0', '37411');
INSERT INTO creature_entry (`spawnID`, `entry`) VALUES ('132793', '21651');
-- Has LK modelid 21352 already in creature template, set to 0.
INSERT INTO creature (`spawnID`, `map`, `spawnMask`, `modelid`, `equipment_id`, `position_x`, `position_y`, `position_z`, `orientation`, `spawntimesecs`, `spawndist`, `currentwaypoint`, `curhealth`, `curmana`, `MovementType`, `unit_flags`, `pool_id`, `patch_min`, `patch_max`) VALUES ('132793', '530', '1', NULL, '1', '-3629.73', '3753.23', '302.146', '2.28489', '180', '5', '0', '7181', '0', '1', '0', '0', '0', '10');
INSERT INTO creature_addon (`spawnID`, `path_id`, `mount`, `bytes0`, `bytes1`, `bytes2`, `emote`, `auras`) VALUES ('132793', NULL, '0', '0', '65536', '1', '0', '37411');
INSERT INTO creature_entry (`spawnID`, `entry`) VALUES ('132794', '21651');
-- Has LK modelid 21352 already in creature template, set to 0.
INSERT INTO creature (`spawnID`, `map`, `spawnMask`, `modelid`, `equipment_id`, `position_x`, `position_y`, `position_z`, `orientation`, `spawntimesecs`, `spawndist`, `currentwaypoint`, `curhealth`, `curmana`, `MovementType`, `unit_flags`, `pool_id`, `patch_min`, `patch_max`) VALUES ('132794', '530', '1', NULL, '1', '-3643.24', '3771.67', '301.829', '1.12922', '180', '5', '0', '7181', '0', '1', '0', '0', '0', '10');
INSERT INTO creature_addon (`spawnID`, `path_id`, `mount`, `bytes0`, `bytes1`, `bytes2`, `emote`, `auras`) VALUES ('132794', NULL, '0', '0', '65536', '1', '0', '37411');
INSERT INTO creature_entry (`spawnID`, `entry`) VALUES ('132795', '21651');
-- Has LK modelid 21352 already in creature template, set to 0.
INSERT INTO creature (`spawnID`, `map`, `spawnMask`, `modelid`, `equipment_id`, `position_x`, `position_y`, `position_z`, `orientation`, `spawntimesecs`, `spawndist`, `currentwaypoint`, `curhealth`, `curmana`, `MovementType`, `unit_flags`, `pool_id`, `patch_min`, `patch_max`) VALUES ('132795', '530', '1', NULL, '1', '-3725.2', '3785.74', '302.199', '2.23402', '180', '0', '0', '7181', '0', '0', '0', '0', '0', '10');
INSERT INTO creature_addon (`spawnID`, `path_id`, `mount`, `bytes0`, `bytes1`, `bytes2`, `emote`, `auras`) VALUES ('132795', NULL, '0', '0', '65536', '1', '0', '37411');
INSERT INTO creature_entry (`spawnID`, `entry`) VALUES ('132796', '21651');
-- Has LK modelid 21352 already in creature template, set to 0.
INSERT INTO creature (`spawnID`, `map`, `spawnMask`, `modelid`, `equipment_id`, `position_x`, `position_y`, `position_z`, `orientation`, `spawntimesecs`, `spawndist`, `currentwaypoint`, `curhealth`, `curmana`, `MovementType`, `unit_flags`, `pool_id`, `patch_min`, `patch_max`) VALUES ('132796', '530', '1', NULL, '1', '-3899.41', '3680.73', '335.81', '2.39109', '180', '5', '0', '7181', '0', '1', '0', '0', '0', '10');
INSERT INTO creature_addon (`spawnID`, `path_id`, `mount`, `bytes0`, `bytes1`, `bytes2`, `emote`, `auras`) VALUES ('132796', NULL, '0', '0', '65536', '1', '0', '37411');
INSERT INTO creature_entry (`spawnID`, `entry`) VALUES ('132797', '21651');
-- Has LK modelid 21352 already in creature template, set to 0.
INSERT INTO creature (`spawnID`, `map`, `spawnMask`, `modelid`, `equipment_id`, `position_x`, `position_y`, `position_z`, `orientation`, `spawntimesecs`, `spawndist`, `currentwaypoint`, `curhealth`, `curmana`, `MovementType`, `unit_flags`, `pool_id`, `patch_min`, `patch_max`) VALUES ('132797', '530', '1', NULL, '1', '-3862.81', '3671.75', '335.951', '2.47837', '180', '0', '0', '7181', '0', '0', '0', '0', '0', '10');
INSERT INTO creature_addon (`spawnID`, `path_id`, `mount`, `bytes0`, `bytes1`, `bytes2`, `emote`, `auras`) VALUES ('132797', NULL, '0', '0', '65536', '1', '0', '37411');
INSERT INTO creature_entry (`spawnID`, `entry`) VALUES ('132798', '21651');
-- Has LK modelid 21352 already in creature template, set to 0.
INSERT INTO creature (`spawnID`, `map`, `spawnMask`, `modelid`, `equipment_id`, `position_x`, `position_y`, `position_z`, `orientation`, `spawntimesecs`, `spawndist`, `currentwaypoint`, `curhealth`, `curmana`, `MovementType`, `unit_flags`, `pool_id`, `patch_min`, `patch_max`) VALUES ('132798', '530', '1', NULL, '1', '-3883.7', '3654.49', '336.01', '1.41372', '180', '0', '0', '7181', '0', '0', '0', '0', '0', '10');
INSERT INTO creature_addon (`spawnID`, `path_id`, `mount`, `bytes0`, `bytes1`, `bytes2`, `emote`, `auras`) VALUES ('132798', NULL, '0', '0', '65536', '1', '0', '37411');
INSERT INTO creature_entry (`spawnID`, `entry`) VALUES ('132799', '21651');
-- Has LK modelid 21352 already in creature template, set to 0.
INSERT INTO creature (`spawnID`, `map`, `spawnMask`, `modelid`, `equipment_id`, `position_x`, `position_y`, `position_z`, `orientation`, `spawntimesecs`, `spawndist`, `currentwaypoint`, `curhealth`, `curmana`, `MovementType`, `unit_flags`, `pool_id`, `patch_min`, `patch_max`) VALUES ('132799', '530', '1', NULL, '1', '-3882.21', '3753.61', '334.807', '4.22583', '180', '5', '0', '7181', '0', '1', '0', '0', '0', '10');
INSERT INTO creature_addon (`spawnID`, `path_id`, `mount`, `bytes0`, `bytes1`, `bytes2`, `emote`, `auras`) VALUES ('132799', NULL, '0', '0', '65536', '1', '0', '37411');
INSERT INTO creature_entry (`spawnID`, `entry`) VALUES ('132800', '21651');
-- Has LK modelid 21352 already in creature template, set to 0.
INSERT INTO creature (`spawnID`, `map`, `spawnMask`, `modelid`, `equipment_id`, `position_x`, `position_y`, `position_z`, `orientation`, `spawntimesecs`, `spawndist`, `currentwaypoint`, `curhealth`, `curmana`, `MovementType`, `unit_flags`, `pool_id`, `patch_min`, `patch_max`) VALUES ('132800', '530', '1', NULL, '1', '-4049.61', '3296.16', '332.852', '4.94173', '180', '5', '0', '7181', '0', '1', '0', '0', '0', '10');
INSERT INTO creature_addon (`spawnID`, `path_id`, `mount`, `bytes0`, `bytes1`, `bytes2`, `emote`, `auras`) VALUES ('132800', NULL, '0', '0', '65536', '1', '0', '37411');
INSERT INTO creature_entry (`spawnID`, `entry`) VALUES ('132801', '21651');
-- Has LK modelid 21352 already in creature template, set to 0.
INSERT INTO creature (`spawnID`, `map`, `spawnMask`, `modelid`, `equipment_id`, `position_x`, `position_y`, `position_z`, `orientation`, `spawntimesecs`, `spawndist`, `currentwaypoint`, `curhealth`, `curmana`, `MovementType`, `unit_flags`, `pool_id`, `patch_min`, `patch_max`) VALUES ('132801', '530', '1', NULL, '1', '-4059.92', '3269.66', '332.927', '2.58309', '180', '0', '0', '7181', '0', '0', '0', '0', '0', '10');
INSERT INTO creature_addon (`spawnID`, `path_id`, `mount`, `bytes0`, `bytes1`, `bytes2`, `emote`, `auras`) VALUES ('132801', NULL, '0', '0', '65536', '1', '0', '37411');
INSERT INTO creature_entry (`spawnID`, `entry`) VALUES ('132802', '21651');
-- Has LK modelid 21352 already in creature template, set to 0.
INSERT INTO creature (`spawnID`, `map`, `spawnMask`, `modelid`, `equipment_id`, `position_x`, `position_y`, `position_z`, `orientation`, `spawntimesecs`, `spawndist`, `currentwaypoint`, `curhealth`, `curmana`, `MovementType`, `unit_flags`, `pool_id`, `patch_min`, `patch_max`) VALUES ('132802', '530', '1', NULL, '1', '-3946.89', '3222', '334.047', '0.034907', '180', '0', '0', '7181', '0', '0', '0', '0', '0', '10');
INSERT INTO creature_addon (`spawnID`, `path_id`, `mount`, `bytes0`, `bytes1`, `bytes2`, `emote`, `auras`) VALUES ('132802', NULL, '0', '0', '65536', '1', '0', '37411');
INSERT INTO creature_entry (`spawnID`, `entry`) VALUES ('132803', '21651');
-- Has LK modelid 21352 already in creature template, set to 0.
INSERT INTO creature (`spawnID`, `map`, `spawnMask`, `modelid`, `equipment_id`, `position_x`, `position_y`, `position_z`, `orientation`, `spawntimesecs`, `spawndist`, `currentwaypoint`, `curhealth`, `curmana`, `MovementType`, `unit_flags`, `pool_id`, `patch_min`, `patch_max`) VALUES ('132803', '530', '1', NULL, '1', '-3976.7', '3217.71', '333.824', '5.49841', '180', '5', '0', '7181', '0', '1', '0', '0', '0', '10');
INSERT INTO creature_addon (`spawnID`, `path_id`, `mount`, `bytes0`, `bytes1`, `bytes2`, `emote`, `auras`) VALUES ('132803', NULL, '0', '0', '65544', '1', '0', '37411');
INSERT INTO creature_entry (`spawnID`, `entry`) VALUES ('132804', '21651');
-- Has LK modelid 21352 already in creature template, set to 0.
INSERT INTO creature (`spawnID`, `map`, `spawnMask`, `modelid`, `equipment_id`, `position_x`, `position_y`, `position_z`, `orientation`, `spawntimesecs`, `spawndist`, `currentwaypoint`, `curhealth`, `curmana`, `MovementType`, `unit_flags`, `pool_id`, `patch_min`, `patch_max`) VALUES ('132804', '530', '1', NULL, '1', '-3884.69', '3111.29', '362.534', '3.82302', '180', '5', '0', '7181', '0', '1', '0', '0', '0', '10');
INSERT INTO creature_addon (`spawnID`, `path_id`, `mount`, `bytes0`, `bytes1`, `bytes2`, `emote`, `auras`) VALUES ('132804', NULL, '0', '0', '65536', '1', '0', '37411');
INSERT INTO creature_entry (`spawnID`, `entry`) VALUES ('132805', '21651');
-- Has LK modelid 21352 already in creature template, set to 0.
INSERT INTO creature (`spawnID`, `map`, `spawnMask`, `modelid`, `equipment_id`, `position_x`, `position_y`, `position_z`, `orientation`, `spawntimesecs`, `spawndist`, `currentwaypoint`, `curhealth`, `curmana`, `MovementType`, `unit_flags`, `pool_id`, `patch_min`, `patch_max`) VALUES ('132805', '530', '1', NULL, '1', '-3998.81', '3150.83', '363.331', '6.0169', '180', '5', '0', '7181', '0', '1', '0', '0', '0', '10');
INSERT INTO creature_addon (`spawnID`, `path_id`, `mount`, `bytes0`, `bytes1`, `bytes2`, `emote`, `auras`) VALUES ('132805', NULL, '0', '0', '65536', '1', '0', '37411');
INSERT INTO creature_entry (`spawnID`, `entry`) VALUES ('132806', '21651');
-- Has LK modelid 21352 already in creature template, set to 0.
INSERT INTO creature (`spawnID`, `map`, `spawnMask`, `modelid`, `equipment_id`, `position_x`, `position_y`, `position_z`, `orientation`, `spawntimesecs`, `spawndist`, `currentwaypoint`, `curhealth`, `curmana`, `MovementType`, `unit_flags`, `pool_id`, `patch_min`, `patch_max`) VALUES ('132806', '530', '1', NULL, '1', '-3893.43', '3075.96', '362.592', '3.08923', '180', '0', '0', '7181', '0', '0', '0', '0', '0', '10');
INSERT INTO creature_addon (`spawnID`, `path_id`, `mount`, `bytes0`, `bytes1`, `bytes2`, `emote`, `auras`) VALUES ('132806', NULL, '0', '0', '65536', '1', '0', '37411');
INSERT INTO creature_entry (`spawnID`, `entry`) VALUES ('132807', '21651');
-- Has LK modelid 21352 already in creature template, set to 0.
INSERT INTO creature (`spawnID`, `map`, `spawnMask`, `modelid`, `equipment_id`, `position_x`, `position_y`, `position_z`, `orientation`, `spawntimesecs`, `spawndist`, `currentwaypoint`, `curhealth`, `curmana`, `MovementType`, `unit_flags`, `pool_id`, `patch_min`, `patch_max`) VALUES ('132807', '530', '1', NULL, '1', '-4002.44', '3127.34', '363.567', '3.76991', '180', '0', '0', '7181', '0', '0', '0', '0', '0', '10');
INSERT INTO creature_addon (`spawnID`, `path_id`, `mount`, `bytes0`, `bytes1`, `bytes2`, `emote`, `auras`) VALUES ('132807', NULL, '0', '0', '65536', '1', '0', '37411');
INSERT INTO creature_entry (`spawnID`, `entry`) VALUES ('132808', '21651');
-- Has LK modelid 21352 already in creature template, set to 0.
INSERT INTO creature (`spawnID`, `map`, `spawnMask`, `modelid`, `equipment_id`, `position_x`, `position_y`, `position_z`, `orientation`, `spawntimesecs`, `spawndist`, `currentwaypoint`, `curhealth`, `curmana`, `MovementType`, `unit_flags`, `pool_id`, `patch_min`, `patch_max`) VALUES ('132808', '530', '1', NULL, '1', '-3906.72', '3111.91', '328.477', '1.78354', '180', '5', '0', '7181', '0', '1', '0', '0', '0', '10');
INSERT INTO creature_addon (`spawnID`, `path_id`, `mount`, `bytes0`, `bytes1`, `bytes2`, `emote`, `auras`) VALUES ('132808', NULL, '0', '0', '65536', '1', '0', '37411');
INSERT INTO creature_entry (`spawnID`, `entry`) VALUES ('132809', '21651');
-- Has LK modelid 21352 already in creature template, set to 0.
INSERT INTO creature (`spawnID`, `map`, `spawnMask`, `modelid`, `equipment_id`, `position_x`, `position_y`, `position_z`, `orientation`, `spawntimesecs`, `spawndist`, `currentwaypoint`, `curhealth`, `curmana`, `MovementType`, `unit_flags`, `pool_id`, `patch_min`, `patch_max`) VALUES ('132809', '530', '1', NULL, '1', '-3894.04', '3086.47', '374.747', '5.53269', '180', '0', '0', '7181', '0', '0', '0', '0', '0', '10');
INSERT INTO creature_addon (`spawnID`, `path_id`, `mount`, `bytes0`, `bytes1`, `bytes2`, `emote`, `auras`) VALUES ('132809', NULL, '0', '0', '65536', '1', '0', '37411');
INSERT INTO creature_entry (`spawnID`, `entry`) VALUES ('132810', '21651');
-- Has LK modelid 21352 already in creature template, set to 0.
INSERT INTO creature (`spawnID`, `map`, `spawnMask`, `modelid`, `equipment_id`, `position_x`, `position_y`, `position_z`, `orientation`, `spawntimesecs`, `spawndist`, `currentwaypoint`, `curhealth`, `curmana`, `MovementType`, `unit_flags`, `pool_id`, `patch_min`, `patch_max`) VALUES ('132810', '530', '1', NULL, '1', '-3920.92', '3017.97', '356.789', '4.39217', '180', '5', '0', '7181', '0', '1', '0', '0', '0', '10');
INSERT INTO creature_addon (`spawnID`, `path_id`, `mount`, `bytes0`, `bytes1`, `bytes2`, `emote`, `auras`) VALUES ('132810', NULL, '0', '0', '65544', '1', '0', '37411');
INSERT INTO creature_entry (`spawnID`, `entry`) VALUES ('132811', '21651');
-- Has LK modelid 21352 already in creature template, set to 0.
INSERT INTO creature (`spawnID`, `map`, `spawnMask`, `modelid`, `equipment_id`, `position_x`, `position_y`, `position_z`, `orientation`, `spawntimesecs`, `spawndist`, `currentwaypoint`, `curhealth`, `curmana`, `MovementType`, `unit_flags`, `pool_id`, `patch_min`, `patch_max`) VALUES ('132811', '530', '1', NULL, '1', '-3852.52', '3323.43', '324.054', '1.04193', '180', '5', '0', '7181', '0', '1', '0', '0', '0', '10');
INSERT INTO creature_addon (`spawnID`, `path_id`, `mount`, `bytes0`, `bytes1`, `bytes2`, `emote`, `auras`) VALUES ('132811', NULL, '0', '0', '65536', '1', '0', '37411');
INSERT INTO creature_entry (`spawnID`, `entry`) VALUES ('132812', '21651');
-- Has LK modelid 21352 already in creature template, set to 0.
INSERT INTO creature (`spawnID`, `map`, `spawnMask`, `modelid`, `equipment_id`, `position_x`, `position_y`, `position_z`, `orientation`, `spawntimesecs`, `spawndist`, `currentwaypoint`, `curhealth`, `curmana`, `MovementType`, `unit_flags`, `pool_id`, `patch_min`, `patch_max`) VALUES ('132812', '530', '1', NULL, '1', '-3818.04', '3330.86', '324.138', '2.79253', '180', '0', '0', '7181', '0', '0', '0', '0', '0', '10');
INSERT INTO creature_addon (`spawnID`, `path_id`, `mount`, `bytes0`, `bytes1`, `bytes2`, `emote`, `auras`) VALUES ('132812', NULL, '0', '0', '65536', '1', '0', '37411');
INSERT INTO creature_entry (`spawnID`, `entry`) VALUES ('132813', '21651');
-- Has LK modelid 21352 already in creature template, set to 0.
INSERT INTO creature (`spawnID`, `map`, `spawnMask`, `modelid`, `equipment_id`, `position_x`, `position_y`, `position_z`, `orientation`, `spawntimesecs`, `spawndist`, `currentwaypoint`, `curhealth`, `curmana`, `MovementType`, `unit_flags`, `pool_id`, `patch_min`, `patch_max`) VALUES ('132813', '530', '1', NULL, '1', '-3685.91', '3733.82', '279.505', '4.67674', '180', '5', '0', '7181', '0', '1', '0', '0', '0', '10');
INSERT INTO creature_addon (`spawnID`, `path_id`, `mount`, `bytes0`, `bytes1`, `bytes2`, `emote`, `auras`) VALUES ('132813', NULL, '0', '0', '65536', '1', '0', '37411');
DELETE ce, c1, c2, sg FROM creature_entry ce LEFT JOIN conditions c1 ON c1.ConditionTypeOrReference = 31 AND c1.ConditionValue1 = 3 AND c1.ConditionValue3 = 1095931 LEFT JOIN conditions c2 ON c2.SourceTypeOrReferenceId = 22 AND c2.SourceId = 0 AND c1.SourceEntry = -1095931 LEFT JOIN spawn_group sg ON sg.spawnId = 1095931 AND spawnType = 0 WHERE ce.spawnID = 1095931;
DELETE ce, c1, c2, sg FROM creature_entry ce LEFT JOIN conditions c1 ON c1.ConditionTypeOrReference = 31 AND c1.ConditionValue1 = 3 AND c1.ConditionValue3 = 1095932 LEFT JOIN conditions c2 ON c2.SourceTypeOrReferenceId = 22 AND c2.SourceId = 0 AND c1.SourceEntry = -1095932 LEFT JOIN spawn_group sg ON sg.spawnId = 1095932 AND spawnType = 0 WHERE ce.spawnID = 1095932;
DELETE ce, c1, c2, sg FROM creature_entry ce LEFT JOIN conditions c1 ON c1.ConditionTypeOrReference = 31 AND c1.ConditionValue1 = 3 AND c1.ConditionValue3 = 1095933 LEFT JOIN conditions c2 ON c2.SourceTypeOrReferenceId = 22 AND c2.SourceId = 0 AND c1.SourceEntry = -1095933 LEFT JOIN spawn_group sg ON sg.spawnId = 1095933 AND spawnType = 0 WHERE ce.spawnID = 1095933;
DELETE ce, c1, c2, sg FROM creature_entry ce LEFT JOIN conditions c1 ON c1.ConditionTypeOrReference = 31 AND c1.ConditionValue1 = 3 AND c1.ConditionValue3 = 1095934 LEFT JOIN conditions c2 ON c2.SourceTypeOrReferenceId = 22 AND c2.SourceId = 0 AND c1.SourceEntry = -1095934 LEFT JOIN spawn_group sg ON sg.spawnId = 1095934 AND spawnType = 0 WHERE ce.spawnID = 1095934;
DELETE ce, c1, c2, sg FROM creature_entry ce LEFT JOIN conditions c1 ON c1.ConditionTypeOrReference = 31 AND c1.ConditionValue1 = 3 AND c1.ConditionValue3 = 1095935 LEFT JOIN conditions c2 ON c2.SourceTypeOrReferenceId = 22 AND c2.SourceId = 0 AND c1.SourceEntry = -1095935 LEFT JOIN spawn_group sg ON sg.spawnId = 1095935 AND spawnType = 0 WHERE ce.spawnID = 1095935;
DELETE ce, c1, c2, sg FROM creature_entry ce LEFT JOIN conditions c1 ON c1.ConditionTypeOrReference = 31 AND c1.ConditionValue1 = 3 AND c1.ConditionValue3 = 1095936 LEFT JOIN conditions c2 ON c2.SourceTypeOrReferenceId = 22 AND c2.SourceId = 0 AND c1.SourceEntry = -1095936 LEFT JOIN spawn_group sg ON sg.spawnId = 1095936 AND spawnType = 0 WHERE ce.spawnID = 1095936;
DELETE ce, c1, c2, sg FROM creature_entry ce LEFT JOIN conditions c1 ON c1.ConditionTypeOrReference = 31 AND c1.ConditionValue1 = 3 AND c1.ConditionValue3 = 1095937 LEFT JOIN conditions c2 ON c2.SourceTypeOrReferenceId = 22 AND c2.SourceId = 0 AND c1.SourceEntry = -1095937 LEFT JOIN spawn_group sg ON sg.spawnId = 1095937 AND spawnType = 0 WHERE ce.spawnID = 1095937;
DELETE ce, c1, c2, sg FROM creature_entry ce LEFT JOIN conditions c1 ON c1.ConditionTypeOrReference = 31 AND c1.ConditionValue1 = 3 AND c1.ConditionValue3 = 1095938 LEFT JOIN conditions c2 ON c2.SourceTypeOrReferenceId = 22 AND c2.SourceId = 0 AND c1.SourceEntry = -1095938 LEFT JOIN spawn_group sg ON sg.spawnId = 1095938 AND spawnType = 0 WHERE ce.spawnID = 1095938;


-- Importing creature spawn with guid 132782 with import type REPLACE_ALL


-- Importing creature spawn with guid 132783 with import type REPLACE_ALL


-- Importing creature spawn with guid 132784 with import type REPLACE_ALL


-- Importing creature spawn with guid 132785 with import type REPLACE_ALL


-- Importing creature spawn with guid 132786 with import type REPLACE_ALL


-- Importing creature spawn with guid 132787 with import type REPLACE_ALL


-- Importing creature spawn with guid 132788 with import type REPLACE_ALL


-- Importing creature spawn with guid 132789 with import type REPLACE_ALL


-- Importing creature spawn with guid 132790 with import type REPLACE_ALL


-- Importing creature spawn with guid 132791 with import type REPLACE_ALL


-- Importing creature spawn with guid 132792 with import type REPLACE_ALL


-- Importing creature spawn with guid 132793 with import type REPLACE_ALL


-- Importing creature spawn with guid 132794 with import type REPLACE_ALL


-- Importing creature spawn with guid 132795 with import type REPLACE_ALL


-- Importing creature spawn with guid 132796 with import type REPLACE_ALL


-- Importing creature spawn with guid 132797 with import type REPLACE_ALL


-- Importing creature spawn with guid 132798 with import type REPLACE_ALL


-- Importing creature spawn with guid 132799 with import type REPLACE_ALL


-- Importing creature spawn with guid 132800 with import type REPLACE_ALL


-- Importing creature spawn with guid 132801 with import type REPLACE_ALL


-- Importing creature spawn with guid 132802 with import type REPLACE_ALL


-- Importing creature spawn with guid 132803 with import type REPLACE_ALL


-- Importing creature spawn with guid 132804 with import type REPLACE_ALL


-- Importing creature spawn with guid 132805 with import type REPLACE_ALL


-- Importing creature spawn with guid 132806 with import type REPLACE_ALL


-- Importing creature spawn with guid 132807 with import type REPLACE_ALL


-- Importing creature spawn with guid 132808 with import type REPLACE_ALL


-- Importing creature spawn with guid 132809 with import type REPLACE_ALL


-- Importing creature spawn with guid 132810 with import type REPLACE_ALL


-- Importing creature spawn with guid 132811 with import type REPLACE_ALL


-- Importing creature spawn with guid 132812 with import type REPLACE_ALL


-- Importing creature spawn with guid 132813 with import type REPLACE_ALL


-- Importing creature spawn with guid 132837 with import type REPLACE_ALL


-- Importing creature spawn with guid 132839 with import type REPLACE_ALL


-- Importing creature spawn with guid 132840 with import type REPLACE_ALL


-- Importing creature spawn with guid 132841 with import type REPLACE_ALL


-- Importing creature spawn with guid 132842 with import type REPLACE_ALL


-- Importing creature spawn with guid 132937 with import type REPLACE_ALL


-- Importing creature spawn with guid 132938 with import type REPLACE_ALL


-- Importing creature spawn with guid 132939 with import type REPLACE_ALL


-- Importing creature spawn with guid 133044 with import type REPLACE_ALL


-- Importing creature spawn with guid 133045 with import type REPLACE_ALL


-- Importing creature spawn with guid 133046 with import type REPLACE_ALL


-- Importing creature spawn with guid 133047 with import type REPLACE_ALL


-- Importing creature spawn with guid 133048 with import type REPLACE_ALL


-- Importing creature spawn with guid 133049 with import type REPLACE_ALL


-- Importing creature spawn with guid 133050 with import type REPLACE_ALL


-- Importing creature spawn with guid 133308 with import type REPLACE_ALL


-- Importing creature spawn with guid 133309 with import type REPLACE_ALL


-- Importing creature spawn with guid 133310 with import type REPLACE_ALL


-- Importing creature spawn with guid 133311 with import type REPLACE_ALL


-- Importing creature spawn with guid 133312 with import type REPLACE_ALL


-- Importing creature spawn with guid 133313 with import type REPLACE_ALL


-- Importing creature spawn with guid 133314 with import type REPLACE_ALL


-- Importing creature spawn with guid 133318 with import type REPLACE_ALL


-- Importing creature spawn with guid 133319 with import type REPLACE_ALL


-- Importing creature spawn with guid 133321 with import type REPLACE_ALL


-- Importing creature spawn with guid 133322 with import type REPLACE_ALL


-- Importing creature spawn with guid 133323 with import type REPLACE_ALL


-- Importing creature spawn with guid 133907 with import type REPLACE_ALL


-- Importing creature spawn with guid 134006 with import type REPLACE_ALL


-- Importing creature spawn with guid 134473 with import type REPLACE_ALL


-- Importing creature spawn with guid 134474 with import type REPLACE_ALL


-- Importing creature spawn with guid 134475 with import type REPLACE_ALL


-- Importing creature spawn with guid 28675 with import type REPLACE_ALL


-- Importing creature spawn with guid 28676 with import type REPLACE_ALL


-- Importing creature spawn with guid 28678 with import type REPLACE_ALL


-- Importing creature spawn with guid 28679 with import type REPLACE_ALL


-- Importing creature spawn with guid 28680 with import type REPLACE_ALL


-- Importing creature spawn with guid 28681 with import type REPLACE_ALL


-- Importing creature spawn with guid 28682 with import type REPLACE_ALL


-- Importing creature spawn with guid 28683 with import type REPLACE_ALL


-- Importing creature spawn with guid 28684 with import type REPLACE_ALL


-- Importing creature spawn with guid 28685 with import type REPLACE_ALL


-- Importing creature spawn with guid 88247 with import type REPLACE_ALL


-- Importing creature spawn with guid 202363 with import type REPLACE_ALL


-- Importing creature spawn with guid 202369 with import type REPLACE_ALL


-- Importing creature spawn with guid 202370 with import type REPLACE_ALL


-- Importing creature spawn with guid 202371 with import type REPLACE_ALL


-- Importing creature spawn with guid 202372 with import type REPLACE_ALL


-- Importing creature spawn with guid 202373 with import type REPLACE_ALL


-- Importing creature spawn with guid 202720 with import type REPLACE_ALL


-- Importing creature spawn with guid 202732 with import type REPLACE_ALL


-- Importing creature spawn with guid 202741 with import type REPLACE_ALL


-- Importing creature spawn with guid 202742 with import type REPLACE_ALL


-- Importing creature spawn with guid 202743 with import type REPLACE_ALL


-- Importing creature spawn with guid 202744 with import type REPLACE_ALL


-- Importing creature spawn with guid 202745 with import type REPLACE_ALL


-- Importing creature spawn with guid 202746 with import type REPLACE_ALL


-- Importing creature spawn with guid 202747 with import type REPLACE_ALL


-- Importing creature spawn with guid 202748 with import type REPLACE_ALL


-- Importing creature spawn with guid 202749 with import type REPLACE_ALL


-- Importing creature spawn with guid 202750 with import type REPLACE_ALL


-- Importing creature spawn with guid 202751 with import type REPLACE_ALL


-- Importing creature spawn with guid 202752 with import type REPLACE_ALL


-- Importing creature spawn with guid 202753 with import type REPLACE_ALL


-- Importing creature spawn with guid 202754 with import type REPLACE_ALL


-- Importing creature spawn with guid 202755 with import type REPLACE_ALL


-- Importing creature spawn with guid 202756 with import type REPLACE_ALL


-- Importing creature spawn with guid 202759 with import type REPLACE_ALL


-- Importing creature spawn with guid 202760 with import type REPLACE_ALL


-- Importing creature spawn with guid 202761 with import type REPLACE_ALL


-- Importing creature spawn with guid 202762 with import type REPLACE_ALL


-- Importing creature spawn with guid 202763 with import type REPLACE_ALL


-- Importing creature spawn with guid 202764 with import type REPLACE_ALL


-- Importing creature spawn with guid 202765 with import type REPLACE_ALL


-- Importing creature spawn with guid 202766 with import type REPLACE_ALL


-- Importing creature spawn with guid 202767 with import type REPLACE_ALL


-- Importing creature spawn with guid 202768 with import type REPLACE_ALL


-- Importing creature spawn with guid 202769 with import type REPLACE_ALL


-- Importing creature spawn with guid 202770 with import type REPLACE_ALL


-- Importing creature spawn with guid 202864 with import type REPLACE_ALL


-- Importing creature spawn with guid 203095 with import type REPLACE_ALL


-- Importing creature spawn with guid 203096 with import type REPLACE_ALL


-- Importing creature spawn with guid 203097 with import type REPLACE_ALL


-- Importing creature spawn with guid 203104 with import type REPLACE_ALL


-- Importing creature spawn with guid 203105 with import type REPLACE_ALL


-- Importing creature spawn with guid 203106 with import type REPLACE_ALL


-- Importing creature spawn with guid 203107 with import type REPLACE_ALL


-- Importing creature spawn with guid 203108 with import type REPLACE_ALL


-- Importing creature spawn with guid 203109 with import type REPLACE_ALL


-- Importing creature spawn with guid 203110 with import type REPLACE_ALL


-- Importing creature spawn with guid 203111 with import type REPLACE_ALL


-- Importing creature spawn with guid 203112 with import type REPLACE_ALL


-- Importing creature spawn with guid 203113 with import type REPLACE_ALL


-- Importing creature spawn with guid 203114 with import type REPLACE_ALL


-- Importing creature spawn with guid 203115 with import type REPLACE_ALL


-- Importing creature spawn with guid 203116 with import type REPLACE_ALL


-- Importing creature spawn with guid 203117 with import type REPLACE_ALL


-- Importing creature spawn with guid 203118 with import type REPLACE_ALL


-- Importing creature spawn with guid 203119 with import type REPLACE_ALL


-- Importing creature spawn with guid 203120 with import type REPLACE_ALL


-- Importing creature spawn with guid 203121 with import type REPLACE_ALL


-- Importing creature spawn with guid 1864 with import type REPLACE_ALL


-- Importing creature spawn with guid 28648 with import type REPLACE_ALL


-- Importing creature spawn with guid 62884 with import type REPLACE_ALL


-- Importing creature spawn with guid 62883 with import type REPLACE_ALL


-- Importing creature spawn with guid 134848 with import type REPLACE_ALL


-- Importing creature spawn with guid 134961 with import type REPLACE_ALL


-- Importing creature spawn with guid 134963 with import type REPLACE_ALL


-- Importing creature spawn with guid 134964 with import type REPLACE_ALL


-- Importing creature spawn with guid 134965 with import type REPLACE_ALL


-- Importing creature spawn with guid 134966 with import type REPLACE_ALL


-- Importing creature spawn with guid 134967 with import type REPLACE_ALL


-- Importing creature spawn with guid 134970 with import type REPLACE_ALL


-- Importing creature spawn with guid 134971 with import type REPLACE_ALL


-- Importing creature spawn with guid 134978 with import type REPLACE_ALL
INSERT INTO creature_entry (`spawnID`, `entry`) VALUES ('134978', '19177');
INSERT INTO creature (`spawnID`, `map`, `spawnMask`, `modelid`, `equipment_id`, `position_x`, `position_y`, `position_z`, `orientation`, `spawntimesecs`, `spawndist`, `currentwaypoint`, `curhealth`, `curmana`, `MovementType`, `unit_flags`, `pool_id`, `patch_min`, `patch_max`) VALUES ('134978', '1', '1', NULL, '0', '1688.01', '-4350.19', '61.2691', '2.56413', '300', '0', '0', '42', '0', '0', '0', '0', '0', '10');
INSERT INTO game_event_creature (`event`, `guid`) VALUES ('51', '134978');
INSERT INTO creature_entry (`spawnID`, `entry`) VALUES ('134979', '19177');
INSERT INTO creature (`spawnID`, `map`, `spawnMask`, `modelid`, `equipment_id`, `position_x`, `position_y`, `position_z`, `orientation`, `spawntimesecs`, `spawndist`, `currentwaypoint`, `curhealth`, `curmana`, `MovementType`, `unit_flags`, `pool_id`, `patch_min`, `patch_max`) VALUES ('134979', '1', '1', NULL, '0', '1685.07', '-4352.88', '61.7253', '1.79601', '300', '0', '0', '42', '0', '0', '0', '0', '0', '10');
INSERT INTO game_event_creature (`event`, `guid`) VALUES ('51', '134979');
INSERT INTO creature_entry (`spawnID`, `entry`) VALUES ('134903', '19177');
INSERT INTO creature (`spawnID`, `map`, `spawnMask`, `modelid`, `equipment_id`, `position_x`, `position_y`, `position_z`, `orientation`, `spawntimesecs`, `spawndist`, `currentwaypoint`, `curhealth`, `curmana`, `MovementType`, `unit_flags`, `pool_id`, `patch_min`, `patch_max`) VALUES ('134903', '1', '1', NULL, '0', '1748.94', '-4497.53', '28.793', '5.47104', '300', '0', '0', '42', '0', '0', '0', '0', '0', '10');
INSERT INTO game_event_creature (`event`, `guid`) VALUES ('51', '134903');
INSERT INTO creature_entry (`spawnID`, `entry`) VALUES ('134904', '19177');
INSERT INTO creature (`spawnID`, `map`, `spawnMask`, `modelid`, `equipment_id`, `position_x`, `position_y`, `position_z`, `orientation`, `spawntimesecs`, `spawndist`, `currentwaypoint`, `curhealth`, `curmana`, `MovementType`, `unit_flags`, `pool_id`, `patch_min`, `patch_max`) VALUES ('134904', '1', '1', NULL, '0', '1752.58', '-4499.43', '28.2911', '2.89886', '300', '0', '0', '42', '0', '0', '0', '0', '0', '10');
INSERT INTO game_event_creature (`event`, `guid`) VALUES ('51', '134904');
DELETE ce, c1, c2, sg FROM creature_entry ce LEFT JOIN conditions c1 ON c1.ConditionTypeOrReference = 31 AND c1.ConditionValue1 = 3 AND c1.ConditionValue3 = 1085545 LEFT JOIN conditions c2 ON c2.SourceTypeOrReferenceId = 22 AND c2.SourceId = 0 AND c1.SourceEntry = -1085545 LEFT JOIN spawn_group sg ON sg.spawnId = 1085545 AND spawnType = 0 WHERE ce.spawnID = 1085545;
DELETE ce, c1, c2, sg FROM creature_entry ce LEFT JOIN conditions c1 ON c1.ConditionTypeOrReference = 31 AND c1.ConditionValue1 = 3 AND c1.ConditionValue3 = 1085549 LEFT JOIN conditions c2 ON c2.SourceTypeOrReferenceId = 22 AND c2.SourceId = 0 AND c1.SourceEntry = -1085549 LEFT JOIN spawn_group sg ON sg.spawnId = 1085549 AND spawnType = 0 WHERE ce.spawnID = 1085549;


-- Importing creature spawn with guid 134979 with import type REPLACE_ALL


-- Importing creature spawn with guid 134982 with import type REPLACE_ALL
INSERT INTO creature_entry (`spawnID`, `entry`) VALUES ('134982', '19175');
INSERT INTO creature (`spawnID`, `map`, `spawnMask`, `modelid`, `equipment_id`, `position_x`, `position_y`, `position_z`, `orientation`, `spawntimesecs`, `spawndist`, `currentwaypoint`, `curhealth`, `curmana`, `MovementType`, `unit_flags`, `pool_id`, `patch_min`, `patch_max`) VALUES ('134982', '1', '1', NULL, '0', '1607.39', '-4402.93', '10.3933', '3.11715', '300', '0', '0', '42', '0', '0', '0', '0', '0', '10');
INSERT INTO game_event_creature (`event`, `guid`) VALUES ('51', '134982');
INSERT INTO creature_entry (`spawnID`, `entry`) VALUES ('134983', '19175');
INSERT INTO creature (`spawnID`, `map`, `spawnMask`, `modelid`, `equipment_id`, `position_x`, `position_y`, `position_z`, `orientation`, `spawntimesecs`, `spawndist`, `currentwaypoint`, `curhealth`, `curmana`, `MovementType`, `unit_flags`, `pool_id`, `patch_min`, `patch_max`) VALUES ('134983', '1', '1', NULL, '0', '1603.36', '-4404.49', '9.30901', '0.627438', '300', '0', '0', '42', '0', '0', '0', '0', '0', '10');
INSERT INTO game_event_creature (`event`, `guid`) VALUES ('51', '134983');
INSERT INTO creature_entry (`spawnID`, `entry`) VALUES ('134901', '19175');
INSERT INTO creature (`spawnID`, `map`, `spawnMask`, `modelid`, `equipment_id`, `position_x`, `position_y`, `position_z`, `orientation`, `spawntimesecs`, `spawndist`, `currentwaypoint`, `curhealth`, `curmana`, `MovementType`, `unit_flags`, `pool_id`, `patch_min`, `patch_max`) VALUES ('134901', '1', '1', NULL, '0', '1609.47', '-4323.21', '2.33176', '3.34811', '300', '0', '0', '42', '0', '0', '0', '0', '0', '10');
INSERT INTO game_event_creature (`event`, `guid`) VALUES ('51', '134901');
INSERT INTO creature_entry (`spawnID`, `entry`) VALUES ('134902', '19175');
INSERT INTO creature (`spawnID`, `map`, `spawnMask`, `modelid`, `equipment_id`, `position_x`, `position_y`, `position_z`, `orientation`, `spawntimesecs`, `spawndist`, `currentwaypoint`, `curhealth`, `curmana`, `MovementType`, `unit_flags`, `pool_id`, `patch_min`, `patch_max`) VALUES ('134902', '1', '1', NULL, '0', '1605.95', '-4324.2', '2.19915', '0.0101724', '300', '0', '0', '42', '0', '0', '0', '0', '0', '10');
INSERT INTO game_event_creature (`event`, `guid`) VALUES ('51', '134902');
DELETE ce, c1, c2, sg FROM creature_entry ce LEFT JOIN conditions c1 ON c1.ConditionTypeOrReference = 31 AND c1.ConditionValue1 = 3 AND c1.ConditionValue3 = 1085550 LEFT JOIN conditions c2 ON c2.SourceTypeOrReferenceId = 22 AND c2.SourceId = 0 AND c1.SourceEntry = -1085550 LEFT JOIN spawn_group sg ON sg.spawnId = 1085550 AND spawnType = 0 WHERE ce.spawnID = 1085550;
DELETE ce, c1, c2, sg FROM creature_entry ce LEFT JOIN conditions c1 ON c1.ConditionTypeOrReference = 31 AND c1.ConditionValue1 = 3 AND c1.ConditionValue3 = 1085760 LEFT JOIN conditions c2 ON c2.SourceTypeOrReferenceId = 22 AND c2.SourceId = 0 AND c1.SourceEntry = -1085760 LEFT JOIN spawn_group sg ON sg.spawnId = 1085760 AND spawnType = 0 WHERE ce.spawnID = 1085760;


-- Importing creature spawn with guid 134983 with import type REPLACE_ALL


-- Importing creature spawn with guid 134984 with import type REPLACE_ALL


-- Importing creature spawn with guid 134985 with import type REPLACE_ALL


-- Importing creature spawn with guid 134986 with import type REPLACE_ALL


-- Importing creature spawn with guid 134987 with import type REPLACE_ALL


-- Importing creature spawn with guid 134988 with import type REPLACE_ALL


-- Importing creature spawn with guid 134989 with import type REPLACE_ALL


-- Importing creature spawn with guid 134990 with import type REPLACE_ALL


-- Importing creature spawn with guid 134991 with import type REPLACE_ALL


-- Importing creature spawn with guid 134992 with import type REPLACE_ALL


-- Importing creature spawn with guid 134993 with import type REPLACE_ALL


-- Importing creature spawn with guid 134994 with import type REPLACE_ALL


-- Importing creature spawn with guid 85632 with import type REPLACE_ALL
INSERT INTO creature_entry (`spawnID`, `entry`) VALUES ('85634', '15195');
INSERT INTO creature (`spawnID`, `map`, `spawnMask`, `modelid`, `equipment_id`, `position_x`, `position_y`, `position_z`, `orientation`, `spawntimesecs`, `spawndist`, `currentwaypoint`, `curhealth`, `curmana`, `MovementType`, `unit_flags`, `pool_id`, `patch_min`, `patch_max`) VALUES ('85634', '0', '1', NULL, '0', '1732.31', '520.874', '36.3326', '1.30942', '300', '0', '0', '45780', '0', '0', '0', '0', '0', '10');
INSERT INTO game_event_creature (`event`, `guid`) VALUES ('12', '85634');


-- Importing creature spawn with guid 85633 with import type REPLACE_ALL


-- Importing creature spawn with guid 85634 with import type REPLACE_ALL


-- Importing creature spawn with guid 108869 with import type REPLACE_ALL


-- Importing creature spawn with guid 108870 with import type REPLACE_ALL


-- Importing creature spawn with guid 108871 with import type REPLACE_ALL


-- Importing creature spawn with guid 108872 with import type REPLACE_ALL


-- Importing creature spawn with guid 108873 with import type REPLACE_ALL


-- Importing creature spawn with guid 108874 with import type REPLACE_ALL


-- Importing creature spawn with guid 108875 with import type REPLACE_ALL


-- Importing creature spawn with guid 108876 with import type REPLACE_ALL


-- Importing creature spawn with guid 108877 with import type REPLACE_ALL


-- Importing creature spawn with guid 108878 with import type REPLACE_ALL


-- Importing creature spawn with guid 108879 with import type REPLACE_ALL


-- Importing creature spawn with guid 108880 with import type REPLACE_ALL


-- Importing creature spawn with guid 45222 with import type REPLACE_ALL


-- Importing creature spawn with guid 142770 with import type REPLACE_ALL


-- Importing creature spawn with guid 76266 with import type REPLACE_ALL


-- Importing creature spawn with guid 76267 with import type REPLACE_ALL


-- Importing creature spawn with guid 76268 with import type REPLACE_ALL


-- Importing creature spawn with guid 145512 with import type REPLACE_ALL


-- Importing creature spawn with guid 210411 with import type REPLACE_ALL


-- Importing creature spawn with guid 145511 with import type REPLACE_ALL


-- Importing creature spawn with guid 210425 with import type REPLACE_ALL


-- Importing creature spawn with guid 145510 with import type REPLACE_ALL


-- Importing creature spawn with guid 145509 with import type REPLACE_ALL


-- Importing creature spawn with guid 145508 with import type REPLACE_ALL


-- Importing creature spawn with guid 145507 with import type REPLACE_ALL


-- Importing creature spawn with guid 145506 with import type REPLACE_ALL


-- Importing creature spawn with guid 211541 with import type REPLACE_ALL


-- Importing creature spawn with guid 211540 with import type REPLACE_ALL


-- Importing creature spawn with guid 145505 with import type REPLACE_ALL


-- Importing creature spawn with guid 145504 with import type REPLACE_ALL


-- Importing creature spawn with guid 94696 with import type REPLACE_ALL


-- Importing creature spawn with guid 145503 with import type REPLACE_ALL


-- Importing creature spawn with guid 145502 with import type REPLACE_ALL


-- Importing creature spawn with guid 145501 with import type REPLACE_ALL


-- Importing creature spawn with guid 145500 with import type REPLACE_ALL


-- Importing creature spawn with guid 145499 with import type REPLACE_ALL


-- Importing creature spawn with guid 145498 with import type REPLACE_ALL


-- Importing creature spawn with guid 145497 with import type REPLACE_ALL


-- Importing creature spawn with guid 209666 with import type REPLACE_ALL


-- Importing creature spawn with guid 145496 with import type REPLACE_ALL


-- Importing creature spawn with guid 134650 with import type REPLACE_ALL


-- Importing creature spawn with guid 134651 with import type REPLACE_ALL


-- Importing creature spawn with guid 134652 with import type REPLACE_ALL


-- Importing creature spawn with guid 134653 with import type REPLACE_ALL


-- Importing creature spawn with guid 134654 with import type REPLACE_ALL


-- Importing creature spawn with guid 134655 with import type REPLACE_ALL


-- Importing creature spawn with guid 134656 with import type REPLACE_ALL


-- Importing creature spawn with guid 134657 with import type REPLACE_ALL


-- Importing creature spawn with guid 134658 with import type REPLACE_ALL


-- Importing creature spawn with guid 134659 with import type REPLACE_ALL


-- Importing creature spawn with guid 134660 with import type REPLACE_ALL


-- Importing creature spawn with guid 134661 with import type REPLACE_ALL


-- Importing creature spawn with guid 134662 with import type REPLACE_ALL


-- Importing creature spawn with guid 134663 with import type REPLACE_ALL


-- Importing creature spawn with guid 134664 with import type REPLACE_ALL


-- Importing creature spawn with guid 134665 with import type REPLACE_ALL


-- Importing creature spawn with guid 134666 with import type REPLACE_ALL


-- Importing creature spawn with guid 134667 with import type REPLACE_ALL


-- Importing creature spawn with guid 134668 with import type REPLACE_ALL


-- Importing creature spawn with guid 134669 with import type REPLACE_ALL


-- Importing creature spawn with guid 134670 with import type REPLACE_ALL


-- Importing creature spawn with guid 134678 with import type REPLACE_ALL


-- Importing creature spawn with guid 134679 with import type REPLACE_ALL


-- Importing creature spawn with guid 134680 with import type REPLACE_ALL


-- Importing creature spawn with guid 134681 with import type REPLACE_ALL


-- Importing creature spawn with guid 134682 with import type REPLACE_ALL


-- Importing creature spawn with guid 77840 with import type REPLACE_ALL


-- Importing creature spawn with guid 77841 with import type REPLACE_ALL


-- Importing creature spawn with guid 77842 with import type REPLACE_ALL


-- Importing creature spawn with guid 78634 with import type REPLACE_ALL


-- Importing creature spawn with guid 78635 with import type REPLACE_ALL


-- Importing creature spawn with guid 78636 with import type REPLACE_ALL


-- Importing creature spawn with guid 78637 with import type REPLACE_ALL


-- Importing creature spawn with guid 78638 with import type REPLACE_ALL


-- Importing creature spawn with guid 78639 with import type REPLACE_ALL


-- Importing creature spawn with guid 78640 with import type REPLACE_ALL


-- Importing creature spawn with guid 78641 with import type REPLACE_ALL


-- Importing creature spawn with guid 213242 with import type REPLACE_ALL


-- Importing creature spawn with guid 213243 with import type REPLACE_ALL


-- Importing creature spawn with guid 213244 with import type REPLACE_ALL


-- Importing creature spawn with guid 213245 with import type REPLACE_ALL


-- Importing creature spawn with guid 213246 with import type REPLACE_ALL


-- Importing creature spawn with guid 213247 with import type REPLACE_ALL


-- Importing creature spawn with guid 213248 with import type REPLACE_ALL


-- Importing creature spawn with guid 213249 with import type REPLACE_ALL


-- Importing creature spawn with guid 213250 with import type REPLACE_ALL


-- Importing creature spawn with guid 213251 with import type REPLACE_ALL


-- Importing creature spawn with guid 213252 with import type REPLACE_ALL


-- Importing creature spawn with guid 213253 with import type REPLACE_ALL


-- Importing creature spawn with guid 213254 with import type REPLACE_ALL


-- Importing creature spawn with guid 213255 with import type REPLACE_ALL


-- Importing creature spawn with guid 213256 with import type REPLACE_ALL


-- Importing creature spawn with guid 213257 with import type REPLACE_ALL


-- Importing creature spawn with guid 213258 with import type REPLACE_ALL


-- Importing creature spawn with guid 213259 with import type REPLACE_ALL


-- Importing creature spawn with guid 213260 with import type REPLACE_ALL


-- Importing creature spawn with guid 213261 with import type REPLACE_ALL


-- Importing creature spawn with guid 213262 with import type REPLACE_ALL


-- Importing creature spawn with guid 213263 with import type REPLACE_ALL


-- Importing creature spawn with guid 213264 with import type REPLACE_ALL


-- Importing creature spawn with guid 213265 with import type REPLACE_ALL


-- Importing creature spawn with guid 213266 with import type REPLACE_ALL


-- Importing creature spawn with guid 213267 with import type REPLACE_ALL


-- Importing creature spawn with guid 213268 with import type REPLACE_ALL


-- Importing creature spawn with guid 213269 with import type REPLACE_ALL


-- Importing creature spawn with guid 213270 with import type REPLACE_ALL


-- Importing creature spawn with guid 213271 with import type REPLACE_ALL


-- Importing creature spawn with guid 213272 with import type REPLACE_ALL


-- Importing creature spawn with guid 213273 with import type REPLACE_ALL


-- Importing creature spawn with guid 213274 with import type REPLACE_ALL


-- Importing creature spawn with guid 213275 with import type REPLACE_ALL


-- Importing creature spawn with guid 213276 with import type REPLACE_ALL


-- Importing creature spawn with guid 213277 with import type REPLACE_ALL


-- Importing creature spawn with guid 213278 with import type REPLACE_ALL


-- Importing creature spawn with guid 213279 with import type REPLACE_ALL


-- Importing creature spawn with guid 213280 with import type REPLACE_ALL


-- Importing creature spawn with guid 213281 with import type REPLACE_ALL


-- Importing creature spawn with guid 213282 with import type REPLACE_ALL


-- Importing creature spawn with guid 213283 with import type REPLACE_ALL


-- Importing creature spawn with guid 213284 with import type REPLACE_ALL


-- Importing creature spawn with guid 213285 with import type REPLACE_ALL


-- Importing creature spawn with guid 213286 with import type REPLACE_ALL


-- Importing creature spawn with guid 213287 with import type REPLACE_ALL


-- Importing creature spawn with guid 213288 with import type REPLACE_ALL


-- Importing creature spawn with guid 213289 with import type REPLACE_ALL


-- Importing creature spawn with guid 213290 with import type REPLACE_ALL


-- Importing creature spawn with guid 213291 with import type REPLACE_ALL


-- Importing creature spawn with guid 213292 with import type REPLACE_ALL


-- Importing creature spawn with guid 213293 with import type REPLACE_ALL


-- Importing creature spawn with guid 213294 with import type REPLACE_ALL


-- Importing creature spawn with guid 213295 with import type REPLACE_ALL


-- Importing creature spawn with guid 213296 with import type REPLACE_ALL


-- Importing creature spawn with guid 213297 with import type REPLACE_ALL


-- Importing creature spawn with guid 213298 with import type REPLACE_ALL


-- Importing creature spawn with guid 213299 with import type REPLACE_ALL


-- Importing creature spawn with guid 213300 with import type REPLACE_ALL


-- Importing creature spawn with guid 213301 with import type REPLACE_ALL


-- Importing creature spawn with guid 213486 with import type REPLACE_ALL
INSERT INTO creature_entry (`spawnID`, `entry`) VALUES ('213486', '21736');
INSERT INTO creature (`spawnID`, `map`, `spawnMask`, `modelid`, `equipment_id`, `position_x`, `position_y`, `position_z`, `orientation`, `spawntimesecs`, `spawndist`, `currentwaypoint`, `curhealth`, `curmana`, `MovementType`, `unit_flags`, `pool_id`, `patch_min`, `patch_max`) VALUES ('213486', '530', '1', NULL, '0', '-3818.35', '2217.67', '91.9902', '0', '180', '0', '0', '1', '0', '0', '0', '0', '0', '10');
INSERT INTO creature_entry (`spawnID`, `entry`) VALUES ('213485', '21736');
INSERT INTO creature (`spawnID`, `map`, `spawnMask`, `modelid`, `equipment_id`, `position_x`, `position_y`, `position_z`, `orientation`, `spawntimesecs`, `spawndist`, `currentwaypoint`, `curhealth`, `curmana`, `MovementType`, `unit_flags`, `pool_id`, `patch_min`, `patch_max`) VALUES ('213485', '530', '1', NULL, '0', '-3685.95', '2118.92', '77.4775', '0.698132', '180', '0', '0', '1', '0', '0', '0', '0', '0', '10');
INSERT INTO creature_entry (`spawnID`, `entry`) VALUES ('213484', '21736');
INSERT INTO creature (`spawnID`, `map`, `spawnMask`, `modelid`, `equipment_id`, `position_x`, `position_y`, `position_z`, `orientation`, `spawntimesecs`, `spawndist`, `currentwaypoint`, `curhealth`, `curmana`, `MovementType`, `unit_flags`, `pool_id`, `patch_min`, `patch_max`) VALUES ('213484', '530', '1', NULL, '0', '-3682.09', '2116.41', '76.8222', '0', '180', '0', '0', '1', '0', '0', '0', '0', '0', '10');
INSERT INTO creature_entry (`spawnID`, `entry`) VALUES ('213483', '21736');
INSERT INTO creature (`spawnID`, `map`, `spawnMask`, `modelid`, `equipment_id`, `position_x`, `position_y`, `position_z`, `orientation`, `spawntimesecs`, `spawndist`, `currentwaypoint`, `curhealth`, `curmana`, `MovementType`, `unit_flags`, `pool_id`, `patch_min`, `patch_max`) VALUES ('213483', '530', '1', NULL, '0', '-3783.68', '2247.26', '87.0725', '1.89578', '180', '0', '0', '1', '0', '0', '0', '0', '0', '10');
INSERT INTO creature_entry (`spawnID`, `entry`) VALUES ('213482', '21736');
INSERT INTO creature (`spawnID`, `map`, `spawnMask`, `modelid`, `equipment_id`, `position_x`, `position_y`, `position_z`, `orientation`, `spawntimesecs`, `spawndist`, `currentwaypoint`, `curhealth`, `curmana`, `MovementType`, `unit_flags`, `pool_id`, `patch_min`, `patch_max`) VALUES ('213482', '530', '1', NULL, '0', '-3785.57', '2248.95', '87.3234', '5.98307', '180', '0', '0', '1', '0', '0', '0', '0', '0', '10');
INSERT INTO creature_entry (`spawnID`, `entry`) VALUES ('213481', '21736');
INSERT INTO creature (`spawnID`, `map`, `spawnMask`, `modelid`, `equipment_id`, `position_x`, `position_y`, `position_z`, `orientation`, `spawntimesecs`, `spawndist`, `currentwaypoint`, `curhealth`, `curmana`, `MovementType`, `unit_flags`, `pool_id`, `patch_min`, `patch_max`) VALUES ('213481', '530', '1', NULL, '0', '-3782.46', '2248.53', '86.3502', '5.43831', '180', '0', '0', '1', '0', '0', '0', '0', '0', '10');
INSERT INTO creature_entry (`spawnID`, `entry`) VALUES ('213480', '21736');
INSERT INTO creature (`spawnID`, `map`, `spawnMask`, `modelid`, `equipment_id`, `position_x`, `position_y`, `position_z`, `orientation`, `spawntimesecs`, `spawndist`, `currentwaypoint`, `curhealth`, `curmana`, `MovementType`, `unit_flags`, `pool_id`, `patch_min`, `patch_max`) VALUES ('213480', '530', '1', NULL, '0', '-3686.29', '2185.27', '76.3048', '5.32325', '180', '0', '0', '1', '0', '0', '0', '0', '0', '10');
INSERT INTO creature_entry (`spawnID`, `entry`) VALUES ('213479', '21736');
INSERT INTO creature (`spawnID`, `map`, `spawnMask`, `modelid`, `equipment_id`, `position_x`, `position_y`, `position_z`, `orientation`, `spawntimesecs`, `spawndist`, `currentwaypoint`, `curhealth`, `curmana`, `MovementType`, `unit_flags`, `pool_id`, `patch_min`, `patch_max`) VALUES ('213479', '530', '1', NULL, '0', '-3952.43', '1920.92', '95.1838', '4.11875', '180', '0', '0', '1', '0', '0', '0', '0', '0', '10');
INSERT INTO creature_entry (`spawnID`, `entry`) VALUES ('213478', '21736');
INSERT INTO creature (`spawnID`, `map`, `spawnMask`, `modelid`, `equipment_id`, `position_x`, `position_y`, `position_z`, `orientation`, `spawntimesecs`, `spawndist`, `currentwaypoint`, `curhealth`, `curmana`, `MovementType`, `unit_flags`, `pool_id`, `patch_min`, `patch_max`) VALUES ('213478', '530', '1', NULL, '0', '-3881.39', '1953.14', '98.5108', '0', '180', '0', '0', '1', '0', '0', '0', '0', '0', '10');
INSERT INTO creature_entry (`spawnID`, `entry`) VALUES ('213477', '21736');
INSERT INTO creature (`spawnID`, `map`, `spawnMask`, `modelid`, `equipment_id`, `position_x`, `position_y`, `position_z`, `orientation`, `spawntimesecs`, `spawndist`, `currentwaypoint`, `curhealth`, `curmana`, `MovementType`, `unit_flags`, `pool_id`, `patch_min`, `patch_max`) VALUES ('213477', '530', '1', NULL, '0', '-3754.19', '1949.79', '95.4333', '0.0704429', '180', '0', '0', '1', '0', '0', '0', '0', '0', '10');
INSERT INTO creature_entry (`spawnID`, `entry`) VALUES ('213476', '21736');
INSERT INTO creature (`spawnID`, `map`, `spawnMask`, `modelid`, `equipment_id`, `position_x`, `position_y`, `position_z`, `orientation`, `spawntimesecs`, `spawndist`, `currentwaypoint`, `curhealth`, `curmana`, `MovementType`, `unit_flags`, `pool_id`, `patch_min`, `patch_max`) VALUES ('213476', '530', '1', NULL, '0', '-3786.92', '2213.98', '86.3502', '0', '180', '0', '0', '1', '0', '0', '0', '0', '0', '10');
INSERT INTO creature_entry (`spawnID`, `entry`) VALUES ('213475', '21736');
INSERT INTO creature (`spawnID`, `map`, `spawnMask`, `modelid`, `equipment_id`, `position_x`, `position_y`, `position_z`, `orientation`, `spawntimesecs`, `spawndist`, `currentwaypoint`, `curhealth`, `curmana`, `MovementType`, `unit_flags`, `pool_id`, `patch_min`, `patch_max`) VALUES ('213475', '530', '1', NULL, '0', '-3785.56', '2220.83', '86.7886', '0', '180', '0', '0', '1', '0', '0', '0', '0', '0', '10');
INSERT INTO creature_entry (`spawnID`, `entry`) VALUES ('213474', '21736');
INSERT INTO creature (`spawnID`, `map`, `spawnMask`, `modelid`, `equipment_id`, `position_x`, `position_y`, `position_z`, `orientation`, `spawntimesecs`, `spawndist`, `currentwaypoint`, `curhealth`, `curmana`, `MovementType`, `unit_flags`, `pool_id`, `patch_min`, `patch_max`) VALUES ('213474', '530', '1', NULL, '0', '-3716.63', '2086.98', '79.5143', '0', '180', '0', '0', '1', '0', '0', '0', '0', '0', '10');
INSERT INTO creature_entry (`spawnID`, `entry`) VALUES ('213473', '21736');
INSERT INTO creature (`spawnID`, `map`, `spawnMask`, `modelid`, `equipment_id`, `position_x`, `position_y`, `position_z`, `orientation`, `spawntimesecs`, `spawndist`, `currentwaypoint`, `curhealth`, `curmana`, `MovementType`, `unit_flags`, `pool_id`, `patch_min`, `patch_max`) VALUES ('213473', '530', '1', NULL, '0', '-3716.57', '2179.32', '77.1013', '0', '180', '0', '0', '1', '0', '0', '0', '0', '0', '10');
INSERT INTO creature_entry (`spawnID`, `entry`) VALUES ('213472', '21736');
INSERT INTO creature (`spawnID`, `map`, `spawnMask`, `modelid`, `equipment_id`, `position_x`, `position_y`, `position_z`, `orientation`, `spawntimesecs`, `spawndist`, `currentwaypoint`, `curhealth`, `curmana`, `MovementType`, `unit_flags`, `pool_id`, `patch_min`, `patch_max`) VALUES ('213472', '530', '1', NULL, '0', '-3717.73', '2184.82', '77.3479', '0', '180', '0', '0', '1', '0', '0', '0', '0', '0', '10');
INSERT INTO creature_entry (`spawnID`, `entry`) VALUES ('213471', '21736');
INSERT INTO creature (`spawnID`, `map`, `spawnMask`, `modelid`, `equipment_id`, `position_x`, `position_y`, `position_z`, `orientation`, `spawntimesecs`, `spawndist`, `currentwaypoint`, `curhealth`, `curmana`, `MovementType`, `unit_flags`, `pool_id`, `patch_min`, `patch_max`) VALUES ('213471', '530', '1', NULL, '0', '-3718.01', '2181.99', '76.9964', '5.81195', '180', '0', '0', '1', '0', '0', '0', '0', '0', '10');
INSERT INTO creature_entry (`spawnID`, `entry`) VALUES ('213470', '21736');
INSERT INTO creature (`spawnID`, `map`, `spawnMask`, `modelid`, `equipment_id`, `position_x`, `position_y`, `position_z`, `orientation`, `spawntimesecs`, `spawndist`, `currentwaypoint`, `curhealth`, `curmana`, `MovementType`, `unit_flags`, `pool_id`, `patch_min`, `patch_max`) VALUES ('213470', '530', '1', NULL, '0', '-3782.4', '1951.75', '92.5993', '5.88176', '180', '0', '0', '1', '0', '0', '0', '0', '0', '10');
INSERT INTO creature_entry (`spawnID`, `entry`) VALUES ('213469', '21736');
INSERT INTO creature (`spawnID`, `map`, `spawnMask`, `modelid`, `equipment_id`, `position_x`, `position_y`, `position_z`, `orientation`, `spawntimesecs`, `spawndist`, `currentwaypoint`, `curhealth`, `curmana`, `MovementType`, `unit_flags`, `pool_id`, `patch_min`, `patch_max`) VALUES ('213469', '530', '1', NULL, '0', '-3786.52', '2084.91', '87.8585', '5.71', '180', '0', '0', '1', '0', '0', '0', '0', '0', '10');
INSERT INTO creature_entry (`spawnID`, `entry`) VALUES ('213468', '21736');
INSERT INTO creature (`spawnID`, `map`, `spawnMask`, `modelid`, `equipment_id`, `position_x`, `position_y`, `position_z`, `orientation`, `spawntimesecs`, `spawndist`, `currentwaypoint`, `curhealth`, `curmana`, `MovementType`, `unit_flags`, `pool_id`, `patch_min`, `patch_max`) VALUES ('213468', '530', '1', NULL, '0', '-3853.69', '2179.85', '96.3002', '0', '180', '0', '0', '1', '0', '0', '0', '0', '0', '10');
INSERT INTO creature_entry (`spawnID`, `entry`) VALUES ('213467', '21736');
INSERT INTO creature (`spawnID`, `map`, `spawnMask`, `modelid`, `equipment_id`, `position_x`, `position_y`, `position_z`, `orientation`, `spawntimesecs`, `spawndist`, `currentwaypoint`, `curhealth`, `curmana`, `MovementType`, `unit_flags`, `pool_id`, `patch_min`, `patch_max`) VALUES ('213467', '530', '1', NULL, '0', '-3850.17', '2177.79', '95.9984', '1.51347', '180', '0', '0', '1', '0', '0', '0', '0', '0', '10');
INSERT INTO creature_entry (`spawnID`, `entry`) VALUES ('213466', '21736');
INSERT INTO creature (`spawnID`, `map`, `spawnMask`, `modelid`, `equipment_id`, `position_x`, `position_y`, `position_z`, `orientation`, `spawntimesecs`, `spawndist`, `currentwaypoint`, `curhealth`, `curmana`, `MovementType`, `unit_flags`, `pool_id`, `patch_min`, `patch_max`) VALUES ('213466', '530', '1', NULL, '0', '-3715.14', '2083.42', '79.667', '0', '180', '0', '0', '1', '0', '0', '0', '0', '0', '10');
INSERT INTO creature_entry (`spawnID`, `entry`) VALUES ('213465', '21736');
INSERT INTO creature (`spawnID`, `map`, `spawnMask`, `modelid`, `equipment_id`, `position_x`, `position_y`, `position_z`, `orientation`, `spawntimesecs`, `spawndist`, `currentwaypoint`, `curhealth`, `curmana`, `MovementType`, `unit_flags`, `pool_id`, `patch_min`, `patch_max`) VALUES ('213465', '530', '1', NULL, '0', '-3785.58', '1919.08', '96.3058', '0', '180', '0', '0', '1', '0', '0', '0', '0', '0', '10');
INSERT INTO creature_entry (`spawnID`, `entry`) VALUES ('213487', '21736');
INSERT INTO creature (`spawnID`, `map`, `spawnMask`, `modelid`, `equipment_id`, `position_x`, `position_y`, `position_z`, `orientation`, `spawntimesecs`, `spawndist`, `currentwaypoint`, `curhealth`, `curmana`, `MovementType`, `unit_flags`, `pool_id`, `patch_min`, `patch_max`) VALUES ('213487', '530', '1', NULL, '0', '-3816.83', '2214.18', '91.1546', '0', '180', '0', '0', '1', '0', '0', '0', '0', '0', '10');
INSERT INTO creature_entry (`spawnID`, `entry`) VALUES ('213488', '21736');
INSERT INTO creature (`spawnID`, `map`, `spawnMask`, `modelid`, `equipment_id`, `position_x`, `position_y`, `position_z`, `orientation`, `spawntimesecs`, `spawndist`, `currentwaypoint`, `curhealth`, `curmana`, `MovementType`, `unit_flags`, `pool_id`, `patch_min`, `patch_max`) VALUES ('213488', '530', '1', NULL, '0', '-3815.68', '2219.7', '91.4394', '6.26573', '180', '0', '0', '1', '0', '0', '0', '0', '0', '10');
INSERT INTO creature_entry (`spawnID`, `entry`) VALUES ('213489', '21736');
INSERT INTO creature (`spawnID`, `map`, `spawnMask`, `modelid`, `equipment_id`, `position_x`, `position_y`, `position_z`, `orientation`, `spawntimesecs`, `spawndist`, `currentwaypoint`, `curhealth`, `curmana`, `MovementType`, `unit_flags`, `pool_id`, `patch_min`, `patch_max`) VALUES ('213489', '530', '1', NULL, '0', '-3717.92', '2153.13', '79.0351', '0', '180', '0', '0', '1', '0', '0', '0', '0', '0', '10');
INSERT INTO creature_entry (`spawnID`, `entry`) VALUES ('213490', '21736');
INSERT INTO creature (`spawnID`, `map`, `spawnMask`, `modelid`, `equipment_id`, `position_x`, `position_y`, `position_z`, `orientation`, `spawntimesecs`, `spawndist`, `currentwaypoint`, `curhealth`, `curmana`, `MovementType`, `unit_flags`, `pool_id`, `patch_min`, `patch_max`) VALUES ('213490', '530', '1', NULL, '0', '-3717.99', '2148.66', '79.0158', '0', '180', '0', '0', '1', '0', '0', '0', '0', '0', '10');
INSERT INTO creature_entry (`spawnID`, `entry`) VALUES ('213491', '21736');
INSERT INTO creature (`spawnID`, `map`, `spawnMask`, `modelid`, `equipment_id`, `position_x`, `position_y`, `position_z`, `orientation`, `spawntimesecs`, `spawndist`, `currentwaypoint`, `curhealth`, `curmana`, `MovementType`, `unit_flags`, `pool_id`, `patch_min`, `patch_max`) VALUES ('213491', '530', '1', NULL, '0', '-3849.33', '2250.66', '96.7316', '0.383972', '180', '0', '0', '1', '0', '0', '0', '0', '0', '10');
INSERT INTO creature_entry (`spawnID`, `entry`) VALUES ('213492', '21736');
INSERT INTO creature (`spawnID`, `map`, `spawnMask`, `modelid`, `equipment_id`, `position_x`, `position_y`, `position_z`, `orientation`, `spawntimesecs`, `spawndist`, `currentwaypoint`, `curhealth`, `curmana`, `MovementType`, `unit_flags`, `pool_id`, `patch_min`, `patch_max`) VALUES ('213492', '530', '1', NULL, '0', '-3814.68', '2022.83', '93.9146', '0', '180', '0', '0', '1', '0', '0', '0', '0', '0', '10');
INSERT INTO creature_entry (`spawnID`, `entry`) VALUES ('213493', '21736');
INSERT INTO creature (`spawnID`, `map`, `spawnMask`, `modelid`, `equipment_id`, `position_x`, `position_y`, `position_z`, `orientation`, `spawntimesecs`, `spawndist`, `currentwaypoint`, `curhealth`, `curmana`, `MovementType`, `unit_flags`, `pool_id`, `patch_min`, `patch_max`) VALUES ('213493', '530', '1', NULL, '0', '-3816.91', '2020.72', '93.3668', '5.79449', '180', '0', '0', '1', '0', '0', '0', '0', '0', '10');
INSERT INTO creature_entry (`spawnID`, `entry`) VALUES ('213494', '21736');
INSERT INTO creature (`spawnID`, `map`, `spawnMask`, `modelid`, `equipment_id`, `position_x`, `position_y`, `position_z`, `orientation`, `spawntimesecs`, `spawndist`, `currentwaypoint`, `curhealth`, `curmana`, `MovementType`, `unit_flags`, `pool_id`, `patch_min`, `patch_max`) VALUES ('213494', '530', '1', NULL, '0', '-3817.03', '2024.6', '93.945', '5.22532', '180', '0', '0', '1', '0', '0', '0', '0', '0', '10');
INSERT INTO creature_entry (`spawnID`, `entry`) VALUES ('213495', '21736');
INSERT INTO creature (`spawnID`, `map`, `spawnMask`, `modelid`, `equipment_id`, `position_x`, `position_y`, `position_z`, `orientation`, `spawntimesecs`, `spawndist`, `currentwaypoint`, `curhealth`, `curmana`, `MovementType`, `unit_flags`, `pool_id`, `patch_min`, `patch_max`) VALUES ('213495', '530', '1', NULL, '0', '-3849.96', '1985.67', '95.3459', '0', '180', '0', '0', '1', '0', '0', '0', '0', '0', '10');
INSERT INTO creature_entry (`spawnID`, `entry`) VALUES ('213496', '21736');
INSERT INTO creature (`spawnID`, `map`, `spawnMask`, `modelid`, `equipment_id`, `position_x`, `position_y`, `position_z`, `orientation`, `spawntimesecs`, `spawndist`, `currentwaypoint`, `curhealth`, `curmana`, `MovementType`, `unit_flags`, `pool_id`, `patch_min`, `patch_max`) VALUES ('213496', '530', '1', NULL, '0', '-3783.07', '2182.53', '81.1265', '0', '180', '0', '0', '1', '0', '0', '0', '0', '0', '10');
INSERT INTO creature_entry (`spawnID`, `entry`) VALUES ('213497', '21736');
INSERT INTO creature (`spawnID`, `map`, `spawnMask`, `modelid`, `equipment_id`, `position_x`, `position_y`, `position_z`, `orientation`, `spawntimesecs`, `spawndist`, `currentwaypoint`, `curhealth`, `curmana`, `MovementType`, `unit_flags`, `pool_id`, `patch_min`, `patch_max`) VALUES ('213497', '530', '1', NULL, '0', '-3913.25', '1920.68', '92.8024', '0', '180', '0', '0', '1', '0', '0', '0', '0', '0', '10');
INSERT INTO creature_entry (`spawnID`, `entry`) VALUES ('213498', '21736');
INSERT INTO creature (`spawnID`, `map`, `spawnMask`, `modelid`, `equipment_id`, `position_x`, `position_y`, `position_z`, `orientation`, `spawntimesecs`, `spawndist`, `currentwaypoint`, `curhealth`, `curmana`, `MovementType`, `unit_flags`, `pool_id`, `patch_min`, `patch_max`) VALUES ('213498', '530', '1', NULL, '0', '-3979.57', '1950.71', '94.987', '5.51524', '180', '0', '0', '1', '0', '0', '0', '0', '0', '10');
INSERT INTO creature_entry (`spawnID`, `entry`) VALUES ('213499', '21736');
INSERT INTO creature (`spawnID`, `map`, `spawnMask`, `modelid`, `equipment_id`, `position_x`, `position_y`, `position_z`, `orientation`, `spawntimesecs`, `spawndist`, `currentwaypoint`, `curhealth`, `curmana`, `MovementType`, `unit_flags`, `pool_id`, `patch_min`, `patch_max`) VALUES ('213499', '530', '1', NULL, '0', '-3716.55', '1987.61', '84.9503', '4.70907', '180', '0', '0', '1', '0', '0', '0', '0', '0', '10');
INSERT INTO creature_entry (`spawnID`, `entry`) VALUES ('213500', '21736');
INSERT INTO creature (`spawnID`, `map`, `spawnMask`, `modelid`, `equipment_id`, `position_x`, `position_y`, `position_z`, `orientation`, `spawntimesecs`, `spawndist`, `currentwaypoint`, `curhealth`, `curmana`, `MovementType`, `unit_flags`, `pool_id`, `patch_min`, `patch_max`) VALUES ('213500', '530', '1', NULL, '0', '-3718.37', '1979.32', '85.1133', '0', '180', '0', '0', '1', '0', '0', '0', '0', '0', '10');
INSERT INTO creature_entry (`spawnID`, `entry`) VALUES ('213501', '21736');
INSERT INTO creature (`spawnID`, `map`, `spawnMask`, `modelid`, `equipment_id`, `position_x`, `position_y`, `position_z`, `orientation`, `spawntimesecs`, `spawndist`, `currentwaypoint`, `curhealth`, `curmana`, `MovementType`, `unit_flags`, `pool_id`, `patch_min`, `patch_max`) VALUES ('213501', '530', '1', NULL, '0', '-3684.91', '2151.81', '77.5243', '5.91667', '180', '0', '0', '1', '0', '0', '0', '0', '0', '10');
INSERT INTO creature_entry (`spawnID`, `entry`) VALUES ('213502', '21736');
INSERT INTO creature (`spawnID`, `map`, `spawnMask`, `modelid`, `equipment_id`, `position_x`, `position_y`, `position_z`, `orientation`, `spawntimesecs`, `spawndist`, `currentwaypoint`, `curhealth`, `curmana`, `MovementType`, `unit_flags`, `pool_id`, `patch_min`, `patch_max`) VALUES ('213502', '530', '1', NULL, '0', '-3685.33', '2149.28', '77.7535', '0', '180', '0', '0', '1', '0', '0', '0', '0', '0', '10');
INSERT INTO creature_entry (`spawnID`, `entry`) VALUES ('213503', '21736');
INSERT INTO creature (`spawnID`, `map`, `spawnMask`, `modelid`, `equipment_id`, `position_x`, `position_y`, `position_z`, `orientation`, `spawntimesecs`, `spawndist`, `currentwaypoint`, `curhealth`, `curmana`, `MovementType`, `unit_flags`, `pool_id`, `patch_min`, `patch_max`) VALUES ('213503', '530', '1', NULL, '0', '-3919.77', '1921.04', '92.5448', '4.03171', '180', '0', '0', '1', '0', '0', '0', '0', '0', '10');
INSERT INTO creature_entry (`spawnID`, `entry`) VALUES ('213504', '21736');
INSERT INTO creature (`spawnID`, `map`, `spawnMask`, `modelid`, `equipment_id`, `position_x`, `position_y`, `position_z`, `orientation`, `spawntimesecs`, `spawndist`, `currentwaypoint`, `curhealth`, `curmana`, `MovementType`, `unit_flags`, `pool_id`, `patch_min`, `patch_max`) VALUES ('213504', '530', '1', NULL, '0', '-3681.64', '2150.36', '77.1464', '0', '180', '0', '0', '1', '0', '0', '0', '0', '0', '10');
INSERT INTO creature_entry (`spawnID`, `entry`) VALUES ('213505', '21736');
INSERT INTO creature (`spawnID`, `map`, `spawnMask`, `modelid`, `equipment_id`, `position_x`, `position_y`, `position_z`, `orientation`, `spawntimesecs`, `spawndist`, `currentwaypoint`, `curhealth`, `curmana`, `MovementType`, `unit_flags`, `pool_id`, `patch_min`, `patch_max`) VALUES ('213505', '530', '1', NULL, '0', '-3851.5', '1983.19', '95.4765', '5.64457', '180', '0', '0', '1', '0', '0', '0', '0', '0', '10');
INSERT INTO creature_entry (`spawnID`, `entry`) VALUES ('213506', '21736');
INSERT INTO creature (`spawnID`, `map`, `spawnMask`, `modelid`, `equipment_id`, `position_x`, `position_y`, `position_z`, `orientation`, `spawntimesecs`, `spawndist`, `currentwaypoint`, `curhealth`, `curmana`, `MovementType`, `unit_flags`, `pool_id`, `patch_min`, `patch_max`) VALUES ('213506', '530', '1', NULL, '0', '-3652.89', '2115.46', '73.8765', '0.909804', '180', '0', '0', '1', '0', '0', '0', '0', '0', '10');
INSERT INTO creature_entry (`spawnID`, `entry`) VALUES ('213507', '21736');
INSERT INTO creature (`spawnID`, `map`, `spawnMask`, `modelid`, `equipment_id`, `position_x`, `position_y`, `position_z`, `orientation`, `spawntimesecs`, `spawndist`, `currentwaypoint`, `curhealth`, `curmana`, `MovementType`, `unit_flags`, `pool_id`, `patch_min`, `patch_max`) VALUES ('213507', '530', '1', NULL, '0', '-3650.39', '2119.66', '74.1085', '5.79449', '180', '0', '0', '1', '0', '0', '0', '0', '0', '10');
INSERT INTO creature_entry (`spawnID`, `entry`) VALUES ('213508', '21736');
INSERT INTO creature (`spawnID`, `map`, `spawnMask`, `modelid`, `equipment_id`, `position_x`, `position_y`, `position_z`, `orientation`, `spawntimesecs`, `spawndist`, `currentwaypoint`, `curhealth`, `curmana`, `MovementType`, `unit_flags`, `pool_id`, `patch_min`, `patch_max`) VALUES ('213508', '530', '1', NULL, '0', '-3682.16', '2078.71', '79.5883', '0', '180', '0', '0', '1', '0', '0', '0', '0', '0', '10');
INSERT INTO creature_entry (`spawnID`, `entry`) VALUES ('213509', '21736');
INSERT INTO creature (`spawnID`, `map`, `spawnMask`, `modelid`, `equipment_id`, `position_x`, `position_y`, `position_z`, `orientation`, `spawntimesecs`, `spawndist`, `currentwaypoint`, `curhealth`, `curmana`, `MovementType`, `unit_flags`, `pool_id`, `patch_min`, `patch_max`) VALUES ('213509', '530', '1', NULL, '0', '-3786.78', '2048.4', '91.2117', '0.100633', '180', '0', '0', '1', '0', '0', '0', '0', '0', '10');
INSERT INTO creature_entry (`spawnID`, `entry`) VALUES ('213510', '21736');
INSERT INTO creature (`spawnID`, `map`, `spawnMask`, `modelid`, `equipment_id`, `position_x`, `position_y`, `position_z`, `orientation`, `spawntimesecs`, `spawndist`, `currentwaypoint`, `curhealth`, `curmana`, `MovementType`, `unit_flags`, `pool_id`, `patch_min`, `patch_max`) VALUES ('213510', '530', '1', NULL, '0', '-3784.84', '2049.61', '90.9764', '0', '180', '0', '0', '1', '0', '0', '0', '0', '0', '10');
INSERT INTO creature_entry (`spawnID`, `entry`) VALUES ('213511', '21736');
INSERT INTO creature (`spawnID`, `map`, `spawnMask`, `modelid`, `equipment_id`, `position_x`, `position_y`, `position_z`, `orientation`, `spawntimesecs`, `spawndist`, `currentwaypoint`, `curhealth`, `curmana`, `MovementType`, `unit_flags`, `pool_id`, `patch_min`, `patch_max`) VALUES ('213511', '530', '1', NULL, '0', '-3782.78', '2052.59', '90.7233', '6.26573', '180', '0', '0', '1', '0', '0', '0', '0', '0', '10');
INSERT INTO creature_entry (`spawnID`, `entry`) VALUES ('213512', '21736');
INSERT INTO creature (`spawnID`, `map`, `spawnMask`, `modelid`, `equipment_id`, `position_x`, `position_y`, `position_z`, `orientation`, `spawntimesecs`, `spawndist`, `currentwaypoint`, `curhealth`, `curmana`, `MovementType`, `unit_flags`, `pool_id`, `patch_min`, `patch_max`) VALUES ('213512', '530', '1', NULL, '0', '-3717.93', '2119.38', '79.2324', '0.331613', '180', '0', '0', '1', '0', '0', '0', '0', '0', '10');
INSERT INTO creature_entry (`spawnID`, `entry`) VALUES ('213513', '21736');
INSERT INTO creature (`spawnID`, `map`, `spawnMask`, `modelid`, `equipment_id`, `position_x`, `position_y`, `position_z`, `orientation`, `spawntimesecs`, `spawndist`, `currentwaypoint`, `curhealth`, `curmana`, `MovementType`, `unit_flags`, `pool_id`, `patch_min`, `patch_max`) VALUES ('213513', '530', '1', NULL, '0', '-3714.14', '2114.77', '78.9608', '0', '180', '0', '0', '1', '0', '0', '0', '0', '0', '10');
INSERT INTO creature_entry (`spawnID`, `entry`) VALUES ('213514', '21736');
INSERT INTO creature (`spawnID`, `map`, `spawnMask`, `modelid`, `equipment_id`, `position_x`, `position_y`, `position_z`, `orientation`, `spawntimesecs`, `spawndist`, `currentwaypoint`, `curhealth`, `curmana`, `MovementType`, `unit_flags`, `pool_id`, `patch_min`, `patch_max`) VALUES ('213514', '530', '1', NULL, '0', '-3718.75', '2114.67', '79.0996', '0', '180', '0', '0', '1', '0', '0', '0', '0', '0', '10');
INSERT INTO creature_entry (`spawnID`, `entry`) VALUES ('213515', '21736');
INSERT INTO creature (`spawnID`, `map`, `spawnMask`, `modelid`, `equipment_id`, `position_x`, `position_y`, `position_z`, `orientation`, `spawntimesecs`, `spawndist`, `currentwaypoint`, `curhealth`, `curmana`, `MovementType`, `unit_flags`, `pool_id`, `patch_min`, `patch_max`) VALUES ('213515', '530', '1', NULL, '0', '-3749.7', '1947.88', '96.3955', '0', '180', '0', '0', '1', '0', '0', '0', '0', '0', '10');
INSERT INTO creature_entry (`spawnID`, `entry`) VALUES ('213516', '21736');
INSERT INTO creature (`spawnID`, `map`, `spawnMask`, `modelid`, `equipment_id`, `position_x`, `position_y`, `position_z`, `orientation`, `spawntimesecs`, `spawndist`, `currentwaypoint`, `curhealth`, `curmana`, `MovementType`, `unit_flags`, `pool_id`, `patch_min`, `patch_max`) VALUES ('213516', '530', '1', NULL, '0', '-3750.45', '1952.5', '95.5874', '0.610865', '180', '0', '0', '1', '0', '0', '0', '0', '0', '10');
INSERT INTO creature_entry (`spawnID`, `entry`) VALUES ('213517', '21736');
INSERT INTO creature (`spawnID`, `map`, `spawnMask`, `modelid`, `equipment_id`, `position_x`, `position_y`, `position_z`, `orientation`, `spawntimesecs`, `spawndist`, `currentwaypoint`, `curhealth`, `curmana`, `MovementType`, `unit_flags`, `pool_id`, `patch_min`, `patch_max`) VALUES ('213517', '530', '1', NULL, '0', '-3850.19', '2248.61', '96.6362', '0.439979', '180', '0', '0', '1', '0', '0', '0', '0', '0', '10');
INSERT INTO creature_entry (`spawnID`, `entry`) VALUES ('213518', '21736');
INSERT INTO creature (`spawnID`, `map`, `spawnMask`, `modelid`, `equipment_id`, `position_x`, `position_y`, `position_z`, `orientation`, `spawntimesecs`, `spawndist`, `currentwaypoint`, `curhealth`, `curmana`, `MovementType`, `unit_flags`, `pool_id`, `patch_min`, `patch_max`) VALUES ('213518', '530', '1', NULL, '0', '-3843.34', '2325.27', '133.095', '5.5383', '180', '0', '0', '1', '0', '0', '0', '0', '0', '10');
INSERT INTO creature_entry (`spawnID`, `entry`) VALUES ('213519', '21736');
INSERT INTO creature (`spawnID`, `map`, `spawnMask`, `modelid`, `equipment_id`, `position_x`, `position_y`, `position_z`, `orientation`, `spawntimesecs`, `spawndist`, `currentwaypoint`, `curhealth`, `curmana`, `MovementType`, `unit_flags`, `pool_id`, `patch_min`, `patch_max`) VALUES ('213519', '530', '1', NULL, '0', '-3844.59', '2322.04', '131.801', '0.0543121', '180', '0', '0', '1', '0', '0', '0', '0', '0', '10');
INSERT INTO creature_entry (`spawnID`, `entry`) VALUES ('213520', '21736');
INSERT INTO creature (`spawnID`, `map`, `spawnMask`, `modelid`, `equipment_id`, `position_x`, `position_y`, `position_z`, `orientation`, `spawntimesecs`, `spawndist`, `currentwaypoint`, `curhealth`, `curmana`, `MovementType`, `unit_flags`, `pool_id`, `patch_min`, `patch_max`) VALUES ('213520', '530', '1', NULL, '0', '-3717.63', '2144.39', '78.5683', '4.83456', '180', '0', '0', '1', '0', '0', '0', '0', '0', '10');
INSERT INTO creature_entry (`spawnID`, `entry`) VALUES ('213521', '21736');
INSERT INTO creature (`spawnID`, `map`, `spawnMask`, `modelid`, `equipment_id`, `position_x`, `position_y`, `position_z`, `orientation`, `spawntimesecs`, `spawndist`, `currentwaypoint`, `curhealth`, `curmana`, `MovementType`, `unit_flags`, `pool_id`, `patch_min`, `patch_max`) VALUES ('213521', '530', '1', NULL, '0', '-3842.38', '2318.64', '130.537', '0', '180', '0', '0', '1', '0', '0', '0', '0', '0', '10');
INSERT INTO creature_entry (`spawnID`, `entry`) VALUES ('213522', '21736');
INSERT INTO creature (`spawnID`, `map`, `spawnMask`, `modelid`, `equipment_id`, `position_x`, `position_y`, `position_z`, `orientation`, `spawntimesecs`, `spawndist`, `currentwaypoint`, `curhealth`, `curmana`, `MovementType`, `unit_flags`, `pool_id`, `patch_min`, `patch_max`) VALUES ('213522', '530', '1', NULL, '0', '-3685.12', '2087.13', '78.9718', '0', '180', '0', '0', '1', '0', '0', '0', '0', '0', '10');
INSERT INTO creature_entry (`spawnID`, `entry`) VALUES ('213523', '21736');
INSERT INTO creature (`spawnID`, `map`, `spawnMask`, `modelid`, `equipment_id`, `position_x`, `position_y`, `position_z`, `orientation`, `spawntimesecs`, `spawndist`, `currentwaypoint`, `curhealth`, `curmana`, `MovementType`, `unit_flags`, `pool_id`, `patch_min`, `patch_max`) VALUES ('213523', '530', '1', NULL, '0', '-3684.64', '2082.53', '79.1267', '0', '180', '0', '0', '1', '0', '0', '0', '0', '0', '10');
INSERT INTO creature_entry (`spawnID`, `entry`) VALUES ('213524', '21736');
INSERT INTO creature (`spawnID`, `map`, `spawnMask`, `modelid`, `equipment_id`, `position_x`, `position_y`, `position_z`, `orientation`, `spawntimesecs`, `spawndist`, `currentwaypoint`, `curhealth`, `curmana`, `MovementType`, `unit_flags`, `pool_id`, `patch_min`, `patch_max`) VALUES ('213524', '530', '1', NULL, '0', '-3753.19', '1981.28', '89.3615', '0', '180', '0', '0', '1', '0', '0', '0', '0', '0', '10');
INSERT INTO creature_entry (`spawnID`, `entry`) VALUES ('213525', '21736');
INSERT INTO creature (`spawnID`, `map`, `spawnMask`, `modelid`, `equipment_id`, `position_x`, `position_y`, `position_z`, `orientation`, `spawntimesecs`, `spawndist`, `currentwaypoint`, `curhealth`, `curmana`, `MovementType`, `unit_flags`, `pool_id`, `patch_min`, `patch_max`) VALUES ('213525', '530', '1', NULL, '0', '-3978.54', '1982.71', '96.863', '5.14872', '180', '0', '0', '1', '0', '0', '0', '0', '0', '10');
INSERT INTO creature_entry (`spawnID`, `entry`) VALUES ('213526', '21736');
INSERT INTO creature (`spawnID`, `map`, `spawnMask`, `modelid`, `equipment_id`, `position_x`, `position_y`, `position_z`, `orientation`, `spawntimesecs`, `spawndist`, `currentwaypoint`, `curhealth`, `curmana`, `MovementType`, `unit_flags`, `pool_id`, `patch_min`, `patch_max`) VALUES ('213526', '530', '1', NULL, '0', '-3981.72', '1983.76', '96.5964', '4.01426', '180', '0', '0', '1', '0', '0', '0', '0', '0', '10');
INSERT INTO creature_entry (`spawnID`, `entry`) VALUES ('213527', '21736');
INSERT INTO creature (`spawnID`, `map`, `spawnMask`, `modelid`, `equipment_id`, `position_x`, `position_y`, `position_z`, `orientation`, `spawntimesecs`, `spawndist`, `currentwaypoint`, `curhealth`, `curmana`, `MovementType`, `unit_flags`, `pool_id`, `patch_min`, `patch_max`) VALUES ('213527', '530', '1', NULL, '0', '-3947.18', '1920.29', '94.7486', '3.99669', '180', '0', '0', '1', '0', '0', '0', '0', '0', '10');
INSERT INTO creature_entry (`spawnID`, `entry`) VALUES ('213528', '21736');
INSERT INTO creature (`spawnID`, `map`, `spawnMask`, `modelid`, `equipment_id`, `position_x`, `position_y`, `position_z`, `orientation`, `spawntimesecs`, `spawndist`, `currentwaypoint`, `curhealth`, `curmana`, `MovementType`, `unit_flags`, `pool_id`, `patch_min`, `patch_max`) VALUES ('213528', '530', '1', NULL, '0', '-3950.26', '1919.68', '95.2418', '4.77955', '180', '0', '0', '1', '0', '0', '0', '0', '0', '10');
INSERT INTO creature_entry (`spawnID`, `entry`) VALUES ('213529', '21736');
INSERT INTO creature (`spawnID`, `map`, `spawnMask`, `modelid`, `equipment_id`, `position_x`, `position_y`, `position_z`, `orientation`, `spawntimesecs`, `spawndist`, `currentwaypoint`, `curhealth`, `curmana`, `MovementType`, `unit_flags`, `pool_id`, `patch_min`, `patch_max`) VALUES ('213529', '530', '1', NULL, '0', '-3779.93', '1946.84', '94.3535', '0', '180', '0', '0', '1', '0', '0', '0', '0', '0', '10');
INSERT INTO creature_entry (`spawnID`, `entry`) VALUES ('213530', '21736');
INSERT INTO creature (`spawnID`, `map`, `spawnMask`, `modelid`, `equipment_id`, `position_x`, `position_y`, `position_z`, `orientation`, `spawntimesecs`, `spawndist`, `currentwaypoint`, `curhealth`, `curmana`, `MovementType`, `unit_flags`, `pool_id`, `patch_min`, `patch_max`) VALUES ('213530', '530', '1', NULL, '0', '-3784.46', '1948.8', '93.0182', '0.597023', '180', '0', '0', '1', '0', '0', '0', '0', '0', '10');
INSERT INTO creature_entry (`spawnID`, `entry`) VALUES ('213531', '21736');
INSERT INTO creature (`spawnID`, `map`, `spawnMask`, `modelid`, `equipment_id`, `position_x`, `position_y`, `position_z`, `orientation`, `spawntimesecs`, `spawndist`, `currentwaypoint`, `curhealth`, `curmana`, `MovementType`, `unit_flags`, `pool_id`, `patch_min`, `patch_max`) VALUES ('213531', '530', '1', NULL, '0', '-3748.74', '1982.88', '88.6388', '6.22246', '180', '0', '0', '1', '0', '0', '0', '0', '0', '10');
INSERT INTO creature_entry (`spawnID`, `entry`) VALUES ('213532', '21736');
INSERT INTO creature (`spawnID`, `map`, `spawnMask`, `modelid`, `equipment_id`, `position_x`, `position_y`, `position_z`, `orientation`, `spawntimesecs`, `spawndist`, `currentwaypoint`, `curhealth`, `curmana`, `MovementType`, `unit_flags`, `pool_id`, `patch_min`, `patch_max`) VALUES ('213532', '530', '1', NULL, '0', '-3750', '1986.58', '88.0943', '5.49779', '180', '0', '0', '1', '0', '0', '0', '0', '0', '10');
INSERT INTO creature_entry (`spawnID`, `entry`) VALUES ('213533', '21736');
INSERT INTO creature (`spawnID`, `map`, `spawnMask`, `modelid`, `equipment_id`, `position_x`, `position_y`, `position_z`, `orientation`, `spawntimesecs`, `spawndist`, `currentwaypoint`, `curhealth`, `curmana`, `MovementType`, `unit_flags`, `pool_id`, `patch_min`, `patch_max`) VALUES ('213533', '530', '1', NULL, '0', '-3787.39', '2080.84', '87.944', '0.498282', '180', '0', '0', '1', '0', '0', '0', '0', '0', '10');
INSERT INTO creature_entry (`spawnID`, `entry`) VALUES ('213534', '21736');
INSERT INTO creature (`spawnID`, `map`, `spawnMask`, `modelid`, `equipment_id`, `position_x`, `position_y`, `position_z`, `orientation`, `spawntimesecs`, `spawndist`, `currentwaypoint`, `curhealth`, `curmana`, `MovementType`, `unit_flags`, `pool_id`, `patch_min`, `patch_max`) VALUES ('213534', '530', '1', NULL, '0', '-3783.19', '2078.48', '86.8759', '1.6395', '180', '0', '0', '1', '0', '0', '0', '0', '0', '10');
INSERT INTO creature_entry (`spawnID`, `entry`) VALUES ('213535', '21736');
INSERT INTO creature (`spawnID`, `map`, `spawnMask`, `modelid`, `equipment_id`, `position_x`, `position_y`, `position_z`, `orientation`, `spawntimesecs`, `spawndist`, `currentwaypoint`, `curhealth`, `curmana`, `MovementType`, `unit_flags`, `pool_id`, `patch_min`, `patch_max`) VALUES ('213535', '530', '1', NULL, '0', '-3782.32', '1916.5', '97.6116', '6.22939', '180', '0', '0', '1', '0', '0', '0', '0', '0', '10');
INSERT INTO creature_entry (`spawnID`, `entry`) VALUES ('213536', '21736');
INSERT INTO creature (`spawnID`, `map`, `spawnMask`, `modelid`, `equipment_id`, `position_x`, `position_y`, `position_z`, `orientation`, `spawntimesecs`, `spawndist`, `currentwaypoint`, `curhealth`, `curmana`, `MovementType`, `unit_flags`, `pool_id`, `patch_min`, `patch_max`) VALUES ('213536', '530', '1', NULL, '0', '-3782.48', '1921.9', '96.7306', '4.3898', '180', '0', '0', '1', '0', '0', '0', '0', '0', '10');
INSERT INTO creature_entry (`spawnID`, `entry`) VALUES ('213537', '21736');
INSERT INTO creature (`spawnID`, `map`, `spawnMask`, `modelid`, `equipment_id`, `position_x`, `position_y`, `position_z`, `orientation`, `spawntimesecs`, `spawndist`, `currentwaypoint`, `curhealth`, `curmana`, `MovementType`, `unit_flags`, `pool_id`, `patch_min`, `patch_max`) VALUES ('213537', '530', '1', NULL, '0', '-3984.23', '1987.55', '96.017', '3.9619', '180', '0', '0', '1', '0', '0', '0', '0', '0', '10');
INSERT INTO creature_entry (`spawnID`, `entry`) VALUES ('213541', '21736');
INSERT INTO creature (`spawnID`, `map`, `spawnMask`, `modelid`, `equipment_id`, `position_x`, `position_y`, `position_z`, `orientation`, `spawntimesecs`, `spawndist`, `currentwaypoint`, `curhealth`, `curmana`, `MovementType`, `unit_flags`, `pool_id`, `patch_min`, `patch_max`) VALUES ('213541', '530', '1', NULL, '0', '-3913.5', '1951.79', '94.3755', '6.21461', '180', '0', '0', '1', '0', '0', '0', '0', '0', '10');
INSERT INTO creature_entry (`spawnID`, `entry`) VALUES ('213542', '21736');
INSERT INTO creature (`spawnID`, `map`, `spawnMask`, `modelid`, `equipment_id`, `position_x`, `position_y`, `position_z`, `orientation`, `spawntimesecs`, `spawndist`, `currentwaypoint`, `curhealth`, `curmana`, `MovementType`, `unit_flags`, `pool_id`, `patch_min`, `patch_max`) VALUES ('213542', '530', '1', NULL, '0', '-3920.38', '1951.79', '93.7829', '4.17134', '180', '0', '0', '1', '0', '0', '0', '0', '0', '10');
INSERT INTO creature_entry (`spawnID`, `entry`) VALUES ('213544', '21736');
INSERT INTO creature (`spawnID`, `map`, `spawnMask`, `modelid`, `equipment_id`, `position_x`, `position_y`, `position_z`, `orientation`, `spawntimesecs`, `spawndist`, `currentwaypoint`, `curhealth`, `curmana`, `MovementType`, `unit_flags`, `pool_id`, `patch_min`, `patch_max`) VALUES ('213544', '530', '1', NULL, '0', '-3850.65', '1949.48', '93.8178', '0.664798', '180', '0', '0', '1', '0', '0', '0', '0', '0', '10');
INSERT INTO creature_entry (`spawnID`, `entry`) VALUES ('213545', '21736');
INSERT INTO creature (`spawnID`, `map`, `spawnMask`, `modelid`, `equipment_id`, `position_x`, `position_y`, `position_z`, `orientation`, `spawntimesecs`, `spawndist`, `currentwaypoint`, `curhealth`, `curmana`, `MovementType`, `unit_flags`, `pool_id`, `patch_min`, `patch_max`) VALUES ('213545', '530', '1', NULL, '0', '-4016.16', '1984.24', '91.071', '3.85718', '180', '0', '0', '1', '0', '0', '0', '0', '0', '10');
INSERT INTO creature_entry (`spawnID`, `entry`) VALUES ('213546', '21736');
INSERT INTO creature (`spawnID`, `map`, `spawnMask`, `modelid`, `equipment_id`, `position_x`, `position_y`, `position_z`, `orientation`, `spawntimesecs`, `spawndist`, `currentwaypoint`, `curhealth`, `curmana`, `MovementType`, `unit_flags`, `pool_id`, `patch_min`, `patch_max`) VALUES ('213546', '530', '1', NULL, '0', '-4013.18', '1984.28', '92.1228', '4.72984', '180', '0', '0', '1', '0', '0', '0', '0', '0', '10');
INSERT INTO creature_entry (`spawnID`, `entry`) VALUES ('213548', '21736');
INSERT INTO creature (`spawnID`, `map`, `spawnMask`, `modelid`, `equipment_id`, `position_x`, `position_y`, `position_z`, `orientation`, `spawntimesecs`, `spawndist`, `currentwaypoint`, `curhealth`, `curmana`, `MovementType`, `unit_flags`, `pool_id`, `patch_min`, `patch_max`) VALUES ('213548', '530', '1', NULL, '0', '-3847.54', '2020.76', '95.211', '0', '180', '0', '0', '1', '0', '0', '0', '0', '0', '10');
INSERT INTO creature_entry (`spawnID`, `entry`) VALUES ('213549', '21736');
INSERT INTO creature (`spawnID`, `map`, `spawnMask`, `modelid`, `equipment_id`, `position_x`, `position_y`, `position_z`, `orientation`, `spawntimesecs`, `spawndist`, `currentwaypoint`, `curhealth`, `curmana`, `MovementType`, `unit_flags`, `pool_id`, `patch_min`, `patch_max`) VALUES ('213549', '530', '1', NULL, '0', '-3853.92', '1981.77', '95.4638', '0', '180', '0', '0', '1', '0', '0', '0', '0', '0', '10');
INSERT INTO creature_entry (`spawnID`, `entry`) VALUES ('213555', '21736');
INSERT INTO creature (`spawnID`, `map`, `spawnMask`, `modelid`, `equipment_id`, `position_x`, `position_y`, `position_z`, `orientation`, `spawntimesecs`, `spawndist`, `currentwaypoint`, `curhealth`, `curmana`, `MovementType`, `unit_flags`, `pool_id`, `patch_min`, `patch_max`) VALUES ('213555', '530', '1', NULL, '0', '-3852.29', '2014.96', '95.095', '0', '180', '0', '0', '1', '0', '0', '0', '0', '0', '10');
INSERT INTO creature_entry (`spawnID`, `entry`) VALUES ('213556', '21736');
INSERT INTO creature (`spawnID`, `map`, `spawnMask`, `modelid`, `equipment_id`, `position_x`, `position_y`, `position_z`, `orientation`, `spawntimesecs`, `spawndist`, `currentwaypoint`, `curhealth`, `curmana`, `MovementType`, `unit_flags`, `pool_id`, `patch_min`, `patch_max`) VALUES ('213556', '530', '1', NULL, '0', '-3849.63', '2016.78', '95.2278', '5.46288', '180', '0', '0', '1', '0', '0', '0', '0', '0', '10');
INSERT INTO creature_entry (`spawnID`, `entry`) VALUES ('213557', '21736');
INSERT INTO creature (`spawnID`, `map`, `spawnMask`, `modelid`, `equipment_id`, `position_x`, `position_y`, `position_z`, `orientation`, `spawntimesecs`, `spawndist`, `currentwaypoint`, `curhealth`, `curmana`, `MovementType`, `unit_flags`, `pool_id`, `patch_min`, `patch_max`) VALUES ('213557', '530', '1', NULL, '0', '-3820.57', '2126.73', '93.36', '0', '180', '0', '0', '1', '0', '0', '0', '0', '0', '10');
INSERT INTO creature_entry (`spawnID`, `entry`) VALUES ('213558', '21736');
INSERT INTO creature (`spawnID`, `map`, `spawnMask`, `modelid`, `equipment_id`, `position_x`, `position_y`, `position_z`, `orientation`, `spawntimesecs`, `spawndist`, `currentwaypoint`, `curhealth`, `curmana`, `MovementType`, `unit_flags`, `pool_id`, `patch_min`, `patch_max`) VALUES ('213558', '530', '1', NULL, '0', '-3784.55', '2280.51', '83.0447', '0.217424', '180', '0', '0', '1', '0', '0', '0', '0', '0', '10');
INSERT INTO creature_entry (`spawnID`, `entry`) VALUES ('213559', '21736');
INSERT INTO creature (`spawnID`, `map`, `spawnMask`, `modelid`, `equipment_id`, `position_x`, `position_y`, `position_z`, `orientation`, `spawntimesecs`, `spawndist`, `currentwaypoint`, `curhealth`, `curmana`, `MovementType`, `unit_flags`, `pool_id`, `patch_min`, `patch_max`) VALUES ('213559', '530', '1', NULL, '0', '-3880.89', '2292.53', '136.864', '0', '180', '0', '0', '1', '0', '0', '0', '0', '0', '10');
INSERT INTO creature_entry (`spawnID`, `entry`) VALUES ('213560', '21736');
INSERT INTO creature (`spawnID`, `map`, `spawnMask`, `modelid`, `equipment_id`, `position_x`, `position_y`, `position_z`, `orientation`, `spawntimesecs`, `spawndist`, `currentwaypoint`, `curhealth`, `curmana`, `MovementType`, `unit_flags`, `pool_id`, `patch_min`, `patch_max`) VALUES ('213560', '530', '1', NULL, '0', '-3881.62', '2298.13', '135.939', '5.51524', '180', '0', '0', '1', '0', '0', '0', '0', '0', '10');
INSERT INTO creature_entry (`spawnID`, `entry`) VALUES ('213561', '21736');
INSERT INTO creature (`spawnID`, `map`, `spawnMask`, `modelid`, `equipment_id`, `position_x`, `position_y`, `position_z`, `orientation`, `spawntimesecs`, `spawndist`, `currentwaypoint`, `curhealth`, `curmana`, `MovementType`, `unit_flags`, `pool_id`, `patch_min`, `patch_max`) VALUES ('213561', '530', '1', NULL, '0', '-3882.95', '2295.41', '136.627', '0', '180', '0', '0', '1', '0', '0', '0', '0', '0', '10');
INSERT INTO creature_entry (`spawnID`, `entry`) VALUES ('213562', '21736');
INSERT INTO creature (`spawnID`, `map`, `spawnMask`, `modelid`, `equipment_id`, `position_x`, `position_y`, `position_z`, `orientation`, `spawntimesecs`, `spawndist`, `currentwaypoint`, `curhealth`, `curmana`, `MovementType`, `unit_flags`, `pool_id`, `patch_min`, `patch_max`) VALUES ('213562', '530', '1', NULL, '0', '-3884.25', '2011.73', '95.1782', '0', '180', '0', '0', '1', '0', '0', '0', '0', '0', '10');
INSERT INTO creature_entry (`spawnID`, `entry`) VALUES ('213563', '21736');
INSERT INTO creature (`spawnID`, `map`, `spawnMask`, `modelid`, `equipment_id`, `position_x`, `position_y`, `position_z`, `orientation`, `spawntimesecs`, `spawndist`, `currentwaypoint`, `curhealth`, `curmana`, `MovementType`, `unit_flags`, `pool_id`, `patch_min`, `patch_max`) VALUES ('213563', '530', '1', NULL, '0', '-3879.03', '2017.4', '95.5696', '4.13187', '180', '0', '0', '1', '0', '0', '0', '0', '0', '10');
INSERT INTO creature_entry (`spawnID`, `entry`) VALUES ('213564', '21736');
INSERT INTO creature (`spawnID`, `map`, `spawnMask`, `modelid`, `equipment_id`, `position_x`, `position_y`, `position_z`, `orientation`, `spawntimesecs`, `spawndist`, `currentwaypoint`, `curhealth`, `curmana`, `MovementType`, `unit_flags`, `pool_id`, `patch_min`, `patch_max`) VALUES ('213564', '530', '1', NULL, '0', '-3883.85', '2016.75', '95.3125', '6.07375', '180', '0', '0', '1', '0', '0', '0', '0', '0', '10');
INSERT INTO creature_entry (`spawnID`, `entry`) VALUES ('213566', '21736');
INSERT INTO creature (`spawnID`, `map`, `spawnMask`, `modelid`, `equipment_id`, `position_x`, `position_y`, `position_z`, `orientation`, `spawntimesecs`, `spawndist`, `currentwaypoint`, `curhealth`, `curmana`, `MovementType`, `unit_flags`, `pool_id`, `patch_min`, `patch_max`) VALUES ('213566', '530', '1', NULL, '0', '-3880.3', '1988.2', '97.1691', '0', '180', '0', '0', '1', '0', '0', '0', '0', '0', '10');
INSERT INTO creature_entry (`spawnID`, `entry`) VALUES ('213568', '21736');
INSERT INTO creature (`spawnID`, `map`, `spawnMask`, `modelid`, `equipment_id`, `position_x`, `position_y`, `position_z`, `orientation`, `spawntimesecs`, `spawndist`, `currentwaypoint`, `curhealth`, `curmana`, `MovementType`, `unit_flags`, `pool_id`, `patch_min`, `patch_max`) VALUES ('213568', '530', '1', NULL, '0', '-3718.88', '2080.07', '79.8679', '0', '180', '0', '0', '1', '0', '0', '0', '0', '0', '10');
INSERT INTO creature_entry (`spawnID`, `entry`) VALUES ('213569', '21736');
INSERT INTO creature (`spawnID`, `map`, `spawnMask`, `modelid`, `equipment_id`, `position_x`, `position_y`, `position_z`, `orientation`, `spawntimesecs`, `spawndist`, `currentwaypoint`, `curhealth`, `curmana`, `MovementType`, `unit_flags`, `pool_id`, `patch_min`, `patch_max`) VALUES ('213569', '530', '1', NULL, '0', '-3815.65', '2286.57', '91.3382', '5.08287', '180', '0', '0', '1', '0', '0', '0', '0', '0', '10');
INSERT INTO creature_entry (`spawnID`, `entry`) VALUES ('213570', '21736');
INSERT INTO creature (`spawnID`, `map`, `spawnMask`, `modelid`, `equipment_id`, `position_x`, `position_y`, `position_z`, `orientation`, `spawntimesecs`, `spawndist`, `currentwaypoint`, `curhealth`, `curmana`, `MovementType`, `unit_flags`, `pool_id`, `patch_min`, `patch_max`) VALUES ('213570', '530', '1', NULL, '0', '-3816.48', '2282.41', '91.1319', '0.0231909', '180', '0', '0', '1', '0', '0', '0', '0', '0', '10');
INSERT INTO creature_entry (`spawnID`, `entry`) VALUES ('213571', '21736');
INSERT INTO creature (`spawnID`, `map`, `spawnMask`, `modelid`, `equipment_id`, `position_x`, `position_y`, `position_z`, `orientation`, `spawntimesecs`, `spawndist`, `currentwaypoint`, `curhealth`, `curmana`, `MovementType`, `unit_flags`, `pool_id`, `patch_min`, `patch_max`) VALUES ('213571', '530', '1', NULL, '0', '-3818.96', '2287.28', '92.4559', '5.50754', '180', '0', '0', '1', '0', '0', '0', '0', '0', '10');
INSERT INTO creature_entry (`spawnID`, `entry`) VALUES ('213572', '21736');
INSERT INTO creature (`spawnID`, `map`, `spawnMask`, `modelid`, `equipment_id`, `position_x`, `position_y`, `position_z`, `orientation`, `spawntimesecs`, `spawndist`, `currentwaypoint`, `curhealth`, `curmana`, `MovementType`, `unit_flags`, `pool_id`, `patch_min`, `patch_max`) VALUES ('213572', '530', '1', NULL, '0', '-3950.78', '1952.54', '93.8305', '4.79965', '180', '0', '0', '1', '0', '0', '0', '0', '0', '10');
INSERT INTO creature_entry (`spawnID`, `entry`) VALUES ('213573', '21736');
INSERT INTO creature (`spawnID`, `map`, `spawnMask`, `modelid`, `equipment_id`, `position_x`, `position_y`, `position_z`, `orientation`, `spawntimesecs`, `spawndist`, `currentwaypoint`, `curhealth`, `curmana`, `MovementType`, `unit_flags`, `pool_id`, `patch_min`, `patch_max`) VALUES ('213573', '530', '1', NULL, '0', '-3953.53', '1951.76', '94.1391', '5.38143', '180', '0', '0', '1', '0', '0', '0', '0', '0', '10');
INSERT INTO creature_entry (`spawnID`, `entry`) VALUES ('213574', '21736');
INSERT INTO creature (`spawnID`, `map`, `spawnMask`, `modelid`, `equipment_id`, `position_x`, `position_y`, `position_z`, `orientation`, `spawntimesecs`, `spawndist`, `currentwaypoint`, `curhealth`, `curmana`, `MovementType`, `unit_flags`, `pool_id`, `patch_min`, `patch_max`) VALUES ('213574', '530', '1', NULL, '0', '-3949.22', '1952.47', '93.8664', '4.36705', '180', '0', '0', '1', '0', '0', '0', '0', '0', '10');
INSERT INTO creature_entry (`spawnID`, `entry`) VALUES ('213575', '21736');
INSERT INTO creature (`spawnID`, `map`, `spawnMask`, `modelid`, `equipment_id`, `position_x`, `position_y`, `position_z`, `orientation`, `spawntimesecs`, `spawndist`, `currentwaypoint`, `curhealth`, `curmana`, `MovementType`, `unit_flags`, `pool_id`, `patch_min`, `patch_max`) VALUES ('213575', '530', '1', NULL, '0', '-3781.53', '2285.77', '82.5744', '5.01095', '180', '0', '0', '1', '0', '0', '0', '0', '0', '10');
INSERT INTO creature_entry (`spawnID`, `entry`) VALUES ('213576', '21736');
INSERT INTO creature (`spawnID`, `map`, `spawnMask`, `modelid`, `equipment_id`, `position_x`, `position_y`, `position_z`, `orientation`, `spawntimesecs`, `spawndist`, `currentwaypoint`, `curhealth`, `curmana`, `MovementType`, `unit_flags`, `pool_id`, `patch_min`, `patch_max`) VALUES ('213576', '530', '1', NULL, '0', '-3817.67', '2048.63', '94.6403', '0.0146101', '180', '0', '0', '1', '0', '0', '0', '0', '0', '10');
INSERT INTO creature_entry (`spawnID`, `entry`) VALUES ('213578', '21736');
INSERT INTO creature (`spawnID`, `map`, `spawnMask`, `modelid`, `equipment_id`, `position_x`, `position_y`, `position_z`, `orientation`, `spawntimesecs`, `spawndist`, `currentwaypoint`, `curhealth`, `curmana`, `MovementType`, `unit_flags`, `pool_id`, `patch_min`, `patch_max`) VALUES ('213578', '530', '1', NULL, '0', '-3813', '2052.78', '94.7772', '0', '180', '0', '0', '1', '0', '0', '0', '0', '0', '10');
INSERT INTO creature_entry (`spawnID`, `entry`) VALUES ('213579', '21736');
INSERT INTO creature (`spawnID`, `map`, `spawnMask`, `modelid`, `equipment_id`, `position_x`, `position_y`, `position_z`, `orientation`, `spawntimesecs`, `spawndist`, `currentwaypoint`, `curhealth`, `curmana`, `MovementType`, `unit_flags`, `pool_id`, `patch_min`, `patch_max`) VALUES ('213579', '530', '1', NULL, '0', '-3917.14', '1950.4', '93.879', '4.74729', '180', '0', '0', '1', '0', '0', '0', '0', '0', '10');
INSERT INTO creature_entry (`spawnID`, `entry`) VALUES ('213580', '21736');
INSERT INTO creature (`spawnID`, `map`, `spawnMask`, `modelid`, `equipment_id`, `position_x`, `position_y`, `position_z`, `orientation`, `spawntimesecs`, `spawndist`, `currentwaypoint`, `curhealth`, `curmana`, `MovementType`, `unit_flags`, `pool_id`, `patch_min`, `patch_max`) VALUES ('213580', '530', '1', NULL, '0', '-3847.08', '2215.74', '93.8787', '0', '180', '0', '0', '1', '0', '0', '0', '0', '0', '10');
INSERT INTO creature_entry (`spawnID`, `entry`) VALUES ('213581', '21736');
INSERT INTO creature (`spawnID`, `map`, `spawnMask`, `modelid`, `equipment_id`, `position_x`, `position_y`, `position_z`, `orientation`, `spawntimesecs`, `spawndist`, `currentwaypoint`, `curhealth`, `curmana`, `MovementType`, `unit_flags`, `pool_id`, `patch_min`, `patch_max`) VALUES ('213581', '530', '1', NULL, '0', '-3852.24', '2220.79', '94.3686', '5.59166', '180', '0', '0', '1', '0', '0', '0', '0', '0', '10');
INSERT INTO creature_entry (`spawnID`, `entry`) VALUES ('213582', '21736');
INSERT INTO creature (`spawnID`, `map`, `spawnMask`, `modelid`, `equipment_id`, `position_x`, `position_y`, `position_z`, `orientation`, `spawntimesecs`, `spawndist`, `currentwaypoint`, `curhealth`, `curmana`, `MovementType`, `unit_flags`, `pool_id`, `patch_min`, `patch_max`) VALUES ('213582', '530', '1', NULL, '0', '-3784.76', '2154.45', '81.3961', '0', '180', '0', '0', '1', '0', '0', '0', '0', '0', '10');
INSERT INTO creature_entry (`spawnID`, `entry`) VALUES ('213583', '21736');
INSERT INTO creature (`spawnID`, `map`, `spawnMask`, `modelid`, `equipment_id`, `position_x`, `position_y`, `position_z`, `orientation`, `spawntimesecs`, `spawndist`, `currentwaypoint`, `curhealth`, `curmana`, `MovementType`, `unit_flags`, `pool_id`, `patch_min`, `patch_max`) VALUES ('213583', '530', '1', NULL, '0', '-3788.01', '2159.03', '82.3003', '0', '180', '0', '0', '1', '0', '0', '0', '0', '0', '10');
INSERT INTO creature_entry (`spawnID`, `entry`) VALUES ('213584', '21736');
INSERT INTO creature (`spawnID`, `map`, `spawnMask`, `modelid`, `equipment_id`, `position_x`, `position_y`, `position_z`, `orientation`, `spawntimesecs`, `spawndist`, `currentwaypoint`, `curhealth`, `curmana`, `MovementType`, `unit_flags`, `pool_id`, `patch_min`, `patch_max`) VALUES ('213584', '530', '1', NULL, '0', '-3781.76', '2150.46', '80.1654', '0', '180', '0', '0', '1', '0', '0', '0', '0', '0', '10');
INSERT INTO creature_entry (`spawnID`, `entry`) VALUES ('213585', '21736');
INSERT INTO creature (`spawnID`, `map`, `spawnMask`, `modelid`, `equipment_id`, `position_x`, `position_y`, `position_z`, `orientation`, `spawntimesecs`, `spawndist`, `currentwaypoint`, `curhealth`, `curmana`, `MovementType`, `unit_flags`, `pool_id`, `patch_min`, `patch_max`) VALUES ('213585', '530', '1', NULL, '0', '-3784', '2186.59', '81.3785', '0', '180', '0', '0', '1', '0', '0', '0', '0', '0', '10');
INSERT INTO creature_entry (`spawnID`, `entry`) VALUES ('213586', '21736');
INSERT INTO creature (`spawnID`, `map`, `spawnMask`, `modelid`, `equipment_id`, `position_x`, `position_y`, `position_z`, `orientation`, `spawntimesecs`, `spawndist`, `currentwaypoint`, `curhealth`, `curmana`, `MovementType`, `unit_flags`, `pool_id`, `patch_min`, `patch_max`) VALUES ('213586', '530', '1', NULL, '0', '-3819.33', '2185.38', '90.9276', '5.96903', '180', '0', '0', '1', '0', '0', '0', '0', '0', '10');
INSERT INTO creature_entry (`spawnID`, `entry`) VALUES ('213587', '21736');
INSERT INTO creature (`spawnID`, `map`, `spawnMask`, `modelid`, `equipment_id`, `position_x`, `position_y`, `position_z`, `orientation`, `spawntimesecs`, `spawndist`, `currentwaypoint`, `curhealth`, `curmana`, `MovementType`, `unit_flags`, `pool_id`, `patch_min`, `patch_max`) VALUES ('213587', '530', '1', NULL, '0', '-3817.73', '2181.53', '91.1193', '0', '180', '0', '0', '1', '0', '0', '0', '0', '0', '10');
INSERT INTO creature_entry (`spawnID`, `entry`) VALUES ('213588', '21736');
INSERT INTO creature (`spawnID`, `map`, `spawnMask`, `modelid`, `equipment_id`, `position_x`, `position_y`, `position_z`, `orientation`, `spawntimesecs`, `spawndist`, `currentwaypoint`, `curhealth`, `curmana`, `MovementType`, `unit_flags`, `pool_id`, `patch_min`, `patch_max`) VALUES ('213588', '530', '1', NULL, '0', '-3820.37', '2178.93', '92.1361', '0', '180', '0', '0', '1', '0', '0', '0', '0', '0', '10');
INSERT INTO creature_entry (`spawnID`, `entry`) VALUES ('213590', '21736');
INSERT INTO creature (`spawnID`, `map`, `spawnMask`, `modelid`, `equipment_id`, `position_x`, `position_y`, `position_z`, `orientation`, `spawntimesecs`, `spawndist`, `currentwaypoint`, `curhealth`, `curmana`, `MovementType`, `unit_flags`, `pool_id`, `patch_min`, `patch_max`) VALUES ('213590', '530', '1', NULL, '0', '-3682.02', '2184.71', '76.1499', '0', '180', '0', '0', '1', '0', '0', '0', '0', '0', '10');


-- Importing creature spawn with guid 213485 with import type REPLACE_ALL


-- Importing creature spawn with guid 213484 with import type REPLACE_ALL


-- Importing creature spawn with guid 213483 with import type REPLACE_ALL


-- Importing creature spawn with guid 213482 with import type REPLACE_ALL


-- Importing creature spawn with guid 213481 with import type REPLACE_ALL


-- Importing creature spawn with guid 213480 with import type REPLACE_ALL


-- Importing creature spawn with guid 213479 with import type REPLACE_ALL


-- Importing creature spawn with guid 213478 with import type REPLACE_ALL


-- Importing creature spawn with guid 213477 with import type REPLACE_ALL


-- Importing creature spawn with guid 213476 with import type REPLACE_ALL


-- Importing creature spawn with guid 213475 with import type REPLACE_ALL


-- Importing creature spawn with guid 213474 with import type REPLACE_ALL


-- Importing creature spawn with guid 213473 with import type REPLACE_ALL


-- Importing creature spawn with guid 213472 with import type REPLACE_ALL


-- Importing creature spawn with guid 213471 with import type REPLACE_ALL


-- Importing creature spawn with guid 213470 with import type REPLACE_ALL


-- Importing creature spawn with guid 213469 with import type REPLACE_ALL


-- Importing creature spawn with guid 213468 with import type REPLACE_ALL


-- Importing creature spawn with guid 213467 with import type REPLACE_ALL


-- Importing creature spawn with guid 213466 with import type REPLACE_ALL


-- Importing creature spawn with guid 213465 with import type REPLACE_ALL


-- Importing creature spawn with guid 213464 with import type REPLACE_ALL
INSERT INTO creature_entry (`spawnID`, `entry`) VALUES ('213464', '21417');
INSERT INTO creature (`spawnID`, `map`, `spawnMask`, `modelid`, `equipment_id`, `position_x`, `position_y`, `position_z`, `orientation`, `spawntimesecs`, `spawndist`, `currentwaypoint`, `curhealth`, `curmana`, `MovementType`, `unit_flags`, `pool_id`, `patch_min`, `patch_max`) VALUES ('213464', '530', '1', NULL, '0', '-3782.97', '2082.78', '107.031', '5.49779', '180', '0', '0', '1', '0', '0', '0', '0', '0', '10');
INSERT INTO creature_entry (`spawnID`, `entry`) VALUES ('213463', '21417');
INSERT INTO creature (`spawnID`, `map`, `spawnMask`, `modelid`, `equipment_id`, `position_x`, `position_y`, `position_z`, `orientation`, `spawntimesecs`, `spawndist`, `currentwaypoint`, `curhealth`, `curmana`, `MovementType`, `unit_flags`, `pool_id`, `patch_min`, `patch_max`) VALUES ('213463', '530', '1', NULL, '0', '-3715.78', '2084.16', '101.084', '2.61799', '180', '0', '0', '1', '0', '0', '0', '0', '0', '10');
INSERT INTO creature_entry (`spawnID`, `entry`) VALUES ('213462', '21417');
INSERT INTO creature (`spawnID`, `map`, `spawnMask`, `modelid`, `equipment_id`, `position_x`, `position_y`, `position_z`, `orientation`, `spawntimesecs`, `spawndist`, `currentwaypoint`, `curhealth`, `curmana`, `MovementType`, `unit_flags`, `pool_id`, `patch_min`, `patch_max`) VALUES ('213462', '530', '1', NULL, '0', '-3749.31', '1949.23', '119.26', '0.628318', '180', '0', '0', '1', '0', '0', '0', '0', '0', '10');
INSERT INTO creature_entry (`spawnID`, `entry`) VALUES ('213461', '21417');
INSERT INTO creature (`spawnID`, `map`, `spawnMask`, `modelid`, `equipment_id`, `position_x`, `position_y`, `position_z`, `orientation`, `spawntimesecs`, `spawndist`, `currentwaypoint`, `curhealth`, `curmana`, `MovementType`, `unit_flags`, `pool_id`, `patch_min`, `patch_max`) VALUES ('213461', '530', '1', NULL, '0', '-3783.13', '1918.5', '118.92', '0.10472', '180', '0', '0', '1', '0', '0', '0', '0', '0', '10');
INSERT INTO creature_entry (`spawnID`, `entry`) VALUES ('213460', '21417');
INSERT INTO creature (`spawnID`, `map`, `spawnMask`, `modelid`, `equipment_id`, `position_x`, `position_y`, `position_z`, `orientation`, `spawntimesecs`, `spawndist`, `currentwaypoint`, `curhealth`, `curmana`, `MovementType`, `unit_flags`, `pool_id`, `patch_min`, `patch_max`) VALUES ('213460', '530', '1', NULL, '0', '-3839.57', '2322.99', '155.46', '4.29351', '180', '0', '0', '1', '0', '0', '0', '0', '0', '10');
INSERT INTO creature_entry (`spawnID`, `entry`) VALUES ('213459', '21417');
INSERT INTO creature (`spawnID`, `map`, `spawnMask`, `modelid`, `equipment_id`, `position_x`, `position_y`, `position_z`, `orientation`, `spawntimesecs`, `spawndist`, `currentwaypoint`, `curhealth`, `curmana`, `MovementType`, `unit_flags`, `pool_id`, `patch_min`, `patch_max`) VALUES ('213459', '530', '1', NULL, '0', '-3716.97', '2117.05', '102.136', '0.523599', '180', '0', '0', '1', '0', '0', '0', '0', '0', '10');
INSERT INTO creature_entry (`spawnID`, `entry`) VALUES ('213450', '21417');
INSERT INTO creature (`spawnID`, `map`, `spawnMask`, `modelid`, `equipment_id`, `position_x`, `position_y`, `position_z`, `orientation`, `spawntimesecs`, `spawndist`, `currentwaypoint`, `curhealth`, `curmana`, `MovementType`, `unit_flags`, `pool_id`, `patch_min`, `patch_max`) VALUES ('213450', '530', '1', NULL, '0', '-3782.85', '1949.92', '115.209', '3.1765', '180', '0', '0', '1', '0', '0', '0', '0', '0', '10');
INSERT INTO creature_entry (`spawnID`, `entry`) VALUES ('213449', '21417');
INSERT INTO creature (`spawnID`, `map`, `spawnMask`, `modelid`, `equipment_id`, `position_x`, `position_y`, `position_z`, `orientation`, `spawntimesecs`, `spawndist`, `currentwaypoint`, `curhealth`, `curmana`, `MovementType`, `unit_flags`, `pool_id`, `patch_min`, `patch_max`) VALUES ('213449', '530', '1', NULL, '0', '-3783.97', '2183.78', '100.273', '6.10865', '180', '0', '0', '1', '0', '0', '0', '0', '0', '10');
INSERT INTO creature_entry (`spawnID`, `entry`) VALUES ('213448', '21417');
INSERT INTO creature (`spawnID`, `map`, `spawnMask`, `modelid`, `equipment_id`, `position_x`, `position_y`, `position_z`, `orientation`, `spawntimesecs`, `spawndist`, `currentwaypoint`, `curhealth`, `curmana`, `MovementType`, `unit_flags`, `pool_id`, `patch_min`, `patch_max`) VALUES ('213448', '530', '1', NULL, '0', '-3782.79', '2048.17', '109.419', '0.10472', '180', '0', '0', '1', '0', '0', '0', '0', '0', '10');
INSERT INTO creature_entry (`spawnID`, `entry`) VALUES ('213447', '21417');
INSERT INTO creature (`spawnID`, `map`, `spawnMask`, `modelid`, `equipment_id`, `position_x`, `position_y`, `position_z`, `orientation`, `spawntimesecs`, `spawndist`, `currentwaypoint`, `curhealth`, `curmana`, `MovementType`, `unit_flags`, `pool_id`, `patch_min`, `patch_max`) VALUES ('213447', '530', '1', NULL, '0', '-3816.28', '2217.19', '111.539', '0.558505', '180', '0', '0', '1', '0', '0', '0', '0', '0', '10');
INSERT INTO creature_entry (`spawnID`, `entry`) VALUES ('213446', '21417');
INSERT INTO creature (`spawnID`, `map`, `spawnMask`, `modelid`, `equipment_id`, `position_x`, `position_y`, `position_z`, `orientation`, `spawntimesecs`, `spawndist`, `currentwaypoint`, `curhealth`, `curmana`, `MovementType`, `unit_flags`, `pool_id`, `patch_min`, `patch_max`) VALUES ('213446', '530', '1', NULL, '0', '-3883.46', '2284.49', '163.004', '4.7822', '180', '0', '0', '1', '0', '0', '0', '0', '0', '10');
INSERT INTO creature_entry (`spawnID`, `entry`) VALUES ('213443', '21417');
INSERT INTO creature (`spawnID`, `map`, `spawnMask`, `modelid`, `equipment_id`, `position_x`, `position_y`, `position_z`, `orientation`, `spawntimesecs`, `spawndist`, `currentwaypoint`, `curhealth`, `curmana`, `MovementType`, `unit_flags`, `pool_id`, `patch_min`, `patch_max`) VALUES ('213443', '530', '1', NULL, '0', '-3815.91', '2283.84', '114.505', '1.09956', '180', '0', '0', '1', '0', '0', '0', '0', '0', '10');
INSERT INTO creature_entry (`spawnID`, `entry`) VALUES ('213442', '21417');
INSERT INTO creature (`spawnID`, `map`, `spawnMask`, `modelid`, `equipment_id`, `position_x`, `position_y`, `position_z`, `orientation`, `spawntimesecs`, `spawndist`, `currentwaypoint`, `curhealth`, `curmana`, `MovementType`, `unit_flags`, `pool_id`, `patch_min`, `patch_max`) VALUES ('213442', '530', '1', NULL, '0', '-3716.39', '1983.24', '103.94', '1.67552', '180', '0', '0', '1', '0', '0', '0', '0', '0', '10');
INSERT INTO creature_entry (`spawnID`, `entry`) VALUES ('213440', '21417');
INSERT INTO creature (`spawnID`, `map`, `spawnMask`, `modelid`, `equipment_id`, `position_x`, `position_y`, `position_z`, `orientation`, `spawntimesecs`, `spawndist`, `currentwaypoint`, `curhealth`, `curmana`, `MovementType`, `unit_flags`, `pool_id`, `patch_min`, `patch_max`) VALUES ('213440', '530', '1', NULL, '0', '-3683.69', '2149.84', '100.588', '4.18879', '180', '0', '0', '1', '0', '0', '0', '0', '0', '10');
INSERT INTO creature_entry (`spawnID`, `entry`) VALUES ('213435', '21417');
INSERT INTO creature (`spawnID`, `map`, `spawnMask`, `modelid`, `equipment_id`, `position_x`, `position_y`, `position_z`, `orientation`, `spawntimesecs`, `spawndist`, `currentwaypoint`, `curhealth`, `curmana`, `MovementType`, `unit_flags`, `pool_id`, `patch_min`, `patch_max`) VALUES ('213435', '530', '1', NULL, '0', '-3250.52', '2415.47', '74.2758', '4.29351', '180', '0', '0', '1', '0', '0', '0', '0', '0', '10');
INSERT INTO creature_entry (`spawnID`, `entry`) VALUES ('213415', '21417');
INSERT INTO creature (`spawnID`, `map`, `spawnMask`, `modelid`, `equipment_id`, `position_x`, `position_y`, `position_z`, `orientation`, `spawntimesecs`, `spawndist`, `currentwaypoint`, `curhealth`, `curmana`, `MovementType`, `unit_flags`, `pool_id`, `patch_min`, `patch_max`) VALUES ('213415', '530', '1', NULL, '0', '-3782.36', '2150.69', '96.6612', '4.85202', '180', '0', '0', '1', '0', '0', '0', '0', '0', '10');
INSERT INTO creature_entry (`spawnID`, `entry`) VALUES ('213414', '21417');
INSERT INTO creature (`spawnID`, `map`, `spawnMask`, `modelid`, `equipment_id`, `position_x`, `position_y`, `position_z`, `orientation`, `spawntimesecs`, `spawndist`, `currentwaypoint`, `curhealth`, `curmana`, `MovementType`, `unit_flags`, `pool_id`, `patch_min`, `patch_max`) VALUES ('213414', '530', '1', NULL, '0', '-3683.92', '2083.78', '100.328', '5.25344', '180', '0', '0', '1', '0', '0', '0', '0', '0', '10');
INSERT INTO creature_entry (`spawnID`, `entry`) VALUES ('213412', '21417');
INSERT INTO creature (`spawnID`, `map`, `spawnMask`, `modelid`, `equipment_id`, `position_x`, `position_y`, `position_z`, `orientation`, `spawntimesecs`, `spawndist`, `currentwaypoint`, `curhealth`, `curmana`, `MovementType`, `unit_flags`, `pool_id`, `patch_min`, `patch_max`) VALUES ('213412', '530', '1', NULL, '0', '-3816.52', '2183.86', '111.585', '3.54302', '180', '0', '0', '1', '0', '0', '0', '0', '0', '10');
INSERT INTO creature_entry (`spawnID`, `entry`) VALUES ('213390', '21417');
INSERT INTO creature (`spawnID`, `map`, `spawnMask`, `modelid`, `equipment_id`, `position_x`, `position_y`, `position_z`, `orientation`, `spawntimesecs`, `spawndist`, `currentwaypoint`, `curhealth`, `curmana`, `MovementType`, `unit_flags`, `pool_id`, `patch_min`, `patch_max`) VALUES ('213390', '530', '1', NULL, '0', '-3151.26', '2384.2', '75.5486', '1.01229', '180', '0', '0', '1', '0', '0', '0', '0', '0', '10');
INSERT INTO creature_entry (`spawnID`, `entry`) VALUES ('213388', '21417');
INSERT INTO creature (`spawnID`, `map`, `spawnMask`, `modelid`, `equipment_id`, `position_x`, `position_y`, `position_z`, `orientation`, `spawntimesecs`, `spawndist`, `currentwaypoint`, `curhealth`, `curmana`, `MovementType`, `unit_flags`, `pool_id`, `patch_min`, `patch_max`) VALUES ('213388', '530', '1', NULL, '0', '-3782.92', '2216.47', '106.744', '4.20624', '180', '0', '0', '1', '0', '0', '0', '0', '0', '10');
INSERT INTO creature_entry (`spawnID`, `entry`) VALUES ('213386', '21417');
INSERT INTO creature (`spawnID`, `map`, `spawnMask`, `modelid`, `equipment_id`, `position_x`, `position_y`, `position_z`, `orientation`, `spawntimesecs`, `spawndist`, `currentwaypoint`, `curhealth`, `curmana`, `MovementType`, `unit_flags`, `pool_id`, `patch_min`, `patch_max`) VALUES ('213386', '530', '1', NULL, '0', '-3716.86', '2184.77', '100.334', '3.38594', '180', '0', '0', '1', '0', '0', '0', '0', '0', '10');
INSERT INTO creature_entry (`spawnID`, `entry`) VALUES ('213385', '21417');
INSERT INTO creature (`spawnID`, `map`, `spawnMask`, `modelid`, `equipment_id`, `position_x`, `position_y`, `position_z`, `orientation`, `spawntimesecs`, `spawndist`, `currentwaypoint`, `curhealth`, `curmana`, `MovementType`, `unit_flags`, `pool_id`, `patch_min`, `patch_max`) VALUES ('213385', '530', '1', NULL, '0', '-3848.53', '2249.43', '117.77', '0.383972', '180', '0', '0', '1', '0', '0', '0', '0', '0', '10');
INSERT INTO creature_entry (`spawnID`, `entry`) VALUES ('213384', '21417');
INSERT INTO creature (`spawnID`, `map`, `spawnMask`, `modelid`, `equipment_id`, `position_x`, `position_y`, `position_z`, `orientation`, `spawntimesecs`, `spawndist`, `currentwaypoint`, `curhealth`, `curmana`, `MovementType`, `unit_flags`, `pool_id`, `patch_min`, `patch_max`) VALUES ('213384', '530', '1', NULL, '0', '-3717.34', '2150.09', '102.483', '4.86947', '180', '0', '0', '1', '0', '0', '0', '0', '0', '10');
INSERT INTO creature_entry (`spawnID`, `entry`) VALUES ('213383', '21417');
INSERT INTO creature (`spawnID`, `map`, `spawnMask`, `modelid`, `equipment_id`, `position_x`, `position_y`, `position_z`, `orientation`, `spawntimesecs`, `spawndist`, `currentwaypoint`, `curhealth`, `curmana`, `MovementType`, `unit_flags`, `pool_id`, `patch_min`, `patch_max`) VALUES ('213383', '530', '1', NULL, '0', '-3684.18', '2183.21', '98.8751', '0.767945', '180', '0', '0', '1', '0', '0', '0', '0', '0', '10');
INSERT INTO creature_entry (`spawnID`, `entry`) VALUES ('213382', '21417');
INSERT INTO creature (`spawnID`, `map`, `spawnMask`, `modelid`, `equipment_id`, `position_x`, `position_y`, `position_z`, `orientation`, `spawntimesecs`, `spawndist`, `currentwaypoint`, `curhealth`, `curmana`, `MovementType`, `unit_flags`, `pool_id`, `patch_min`, `patch_max`) VALUES ('213382', '530', '1', NULL, '0', '-3684.21', '2116.27', '98.7243', '1.01229', '180', '0', '0', '1', '0', '0', '0', '0', '0', '10');
INSERT INTO creature_entry (`spawnID`, `entry`) VALUES ('213381', '21417');
INSERT INTO creature (`spawnID`, `map`, `spawnMask`, `modelid`, `equipment_id`, `position_x`, `position_y`, `position_z`, `orientation`, `spawntimesecs`, `spawndist`, `currentwaypoint`, `curhealth`, `curmana`, `MovementType`, `unit_flags`, `pool_id`, `patch_min`, `patch_max`) VALUES ('213381', '530', '1', NULL, '0', '-3784.33', '2250.31', '108.411', '1.20428', '180', '0', '0', '1', '0', '0', '0', '0', '0', '10');
INSERT INTO creature_entry (`spawnID`, `entry`) VALUES ('213380', '21417');
INSERT INTO creature (`spawnID`, `map`, `spawnMask`, `modelid`, `equipment_id`, `position_x`, `position_y`, `position_z`, `orientation`, `spawntimesecs`, `spawndist`, `currentwaypoint`, `curhealth`, `curmana`, `MovementType`, `unit_flags`, `pool_id`, `patch_min`, `patch_max`) VALUES ('213380', '530', '1', NULL, '0', '-3847.75', '2182.98', '118.241', '2.87979', '180', '0', '0', '1', '0', '0', '0', '0', '0', '10');
INSERT INTO creature_entry (`spawnID`, `entry`) VALUES ('213378', '21417');
INSERT INTO creature (`spawnID`, `map`, `spawnMask`, `modelid`, `equipment_id`, `position_x`, `position_y`, `position_z`, `orientation`, `spawntimesecs`, `spawndist`, `currentwaypoint`, `curhealth`, `curmana`, `MovementType`, `unit_flags`, `pool_id`, `patch_min`, `patch_max`) VALUES ('213378', '530', '1', NULL, '0', '-3750.13', '1982.46', '110.636', '0.20944', '180', '0', '0', '1', '0', '0', '0', '0', '0', '10');
INSERT INTO creature_entry (`spawnID`, `entry`) VALUES ('213377', '21417');
INSERT INTO creature (`spawnID`, `map`, `spawnMask`, `modelid`, `equipment_id`, `position_x`, `position_y`, `position_z`, `orientation`, `spawntimesecs`, `spawndist`, `currentwaypoint`, `curhealth`, `curmana`, `MovementType`, `unit_flags`, `pool_id`, `patch_min`, `patch_max`) VALUES ('213377', '530', '1', NULL, '0', '-3650.55', '2117.25', '96.151', '4.99164', '180', '0', '0', '1', '0', '0', '0', '0', '0', '10');
INSERT INTO creature_entry (`spawnID`, `entry`) VALUES ('213376', '21417');
INSERT INTO creature (`spawnID`, `map`, `spawnMask`, `modelid`, `equipment_id`, `position_x`, `position_y`, `position_z`, `orientation`, `spawntimesecs`, `spawndist`, `currentwaypoint`, `curhealth`, `curmana`, `MovementType`, `unit_flags`, `pool_id`, `patch_min`, `patch_max`) VALUES ('213376', '530', '1', NULL, '0', '-3782.23', '2284.06', '106.409', '0.506145', '180', '0', '0', '1', '0', '0', '0', '0', '0', '10');
INSERT INTO creature_entry (`spawnID`, `entry`) VALUES ('213375', '21417');
INSERT INTO creature (`spawnID`, `map`, `spawnMask`, `modelid`, `equipment_id`, `position_x`, `position_y`, `position_z`, `orientation`, `spawntimesecs`, `spawndist`, `currentwaypoint`, `curhealth`, `curmana`, `MovementType`, `unit_flags`, `pool_id`, `patch_min`, `patch_max`) VALUES ('213375', '530', '1', NULL, '0', '-3848.73', '2218.54', '115.873', '5.72468', '180', '0', '0', '1', '0', '0', '0', '0', '0', '10');
DELETE ce, c1, c2, sg FROM creature_entry ce LEFT JOIN conditions c1 ON c1.ConditionTypeOrReference = 31 AND c1.ConditionValue1 = 3 AND c1.ConditionValue3 = 1074113 LEFT JOIN conditions c2 ON c2.SourceTypeOrReferenceId = 22 AND c2.SourceId = 0 AND c1.SourceEntry = -1074113 LEFT JOIN spawn_group sg ON sg.spawnId = 1074113 AND spawnType = 0 WHERE ce.spawnID = 1074113;
DELETE ce, c1, c2, sg FROM creature_entry ce LEFT JOIN conditions c1 ON c1.ConditionTypeOrReference = 31 AND c1.ConditionValue1 = 3 AND c1.ConditionValue3 = 1074114 LEFT JOIN conditions c2 ON c2.SourceTypeOrReferenceId = 22 AND c2.SourceId = 0 AND c1.SourceEntry = -1074114 LEFT JOIN spawn_group sg ON sg.spawnId = 1074114 AND spawnType = 0 WHERE ce.spawnID = 1074114;
DELETE ce, c1, c2, sg FROM creature_entry ce LEFT JOIN conditions c1 ON c1.ConditionTypeOrReference = 31 AND c1.ConditionValue1 = 3 AND c1.ConditionValue3 = 1074118 LEFT JOIN conditions c2 ON c2.SourceTypeOrReferenceId = 22 AND c2.SourceId = 0 AND c1.SourceEntry = -1074118 LEFT JOIN spawn_group sg ON sg.spawnId = 1074118 AND spawnType = 0 WHERE ce.spawnID = 1074118;
DELETE ce, c1, c2, sg FROM creature_entry ce LEFT JOIN conditions c1 ON c1.ConditionTypeOrReference = 31 AND c1.ConditionValue1 = 3 AND c1.ConditionValue3 = 1074119 LEFT JOIN conditions c2 ON c2.SourceTypeOrReferenceId = 22 AND c2.SourceId = 0 AND c1.SourceEntry = -1074119 LEFT JOIN spawn_group sg ON sg.spawnId = 1074119 AND spawnType = 0 WHERE ce.spawnID = 1074119;
DELETE ce, c1, c2, sg FROM creature_entry ce LEFT JOIN conditions c1 ON c1.ConditionTypeOrReference = 31 AND c1.ConditionValue1 = 3 AND c1.ConditionValue3 = 1074121 LEFT JOIN conditions c2 ON c2.SourceTypeOrReferenceId = 22 AND c2.SourceId = 0 AND c1.SourceEntry = -1074121 LEFT JOIN spawn_group sg ON sg.spawnId = 1074121 AND spawnType = 0 WHERE ce.spawnID = 1074121;
DELETE ce, c1, c2, sg FROM creature_entry ce LEFT JOIN conditions c1 ON c1.ConditionTypeOrReference = 31 AND c1.ConditionValue1 = 3 AND c1.ConditionValue3 = 1074122 LEFT JOIN conditions c2 ON c2.SourceTypeOrReferenceId = 22 AND c2.SourceId = 0 AND c1.SourceEntry = -1074122 LEFT JOIN spawn_group sg ON sg.spawnId = 1074122 AND spawnType = 0 WHERE ce.spawnID = 1074122;
DELETE ce, c1, c2, sg FROM creature_entry ce LEFT JOIN conditions c1 ON c1.ConditionTypeOrReference = 31 AND c1.ConditionValue1 = 3 AND c1.ConditionValue3 = 1074123 LEFT JOIN conditions c2 ON c2.SourceTypeOrReferenceId = 22 AND c2.SourceId = 0 AND c1.SourceEntry = -1074123 LEFT JOIN spawn_group sg ON sg.spawnId = 1074123 AND spawnType = 0 WHERE ce.spawnID = 1074123;
DELETE ce, c1, c2, sg FROM creature_entry ce LEFT JOIN conditions c1 ON c1.ConditionTypeOrReference = 31 AND c1.ConditionValue1 = 3 AND c1.ConditionValue3 = 1074124 LEFT JOIN conditions c2 ON c2.SourceTypeOrReferenceId = 22 AND c2.SourceId = 0 AND c1.SourceEntry = -1074124 LEFT JOIN spawn_group sg ON sg.spawnId = 1074124 AND spawnType = 0 WHERE ce.spawnID = 1074124;
DELETE ce, c1, c2, sg FROM creature_entry ce LEFT JOIN conditions c1 ON c1.ConditionTypeOrReference = 31 AND c1.ConditionValue1 = 3 AND c1.ConditionValue3 = 1074125 LEFT JOIN conditions c2 ON c2.SourceTypeOrReferenceId = 22 AND c2.SourceId = 0 AND c1.SourceEntry = -1074125 LEFT JOIN spawn_group sg ON sg.spawnId = 1074125 AND spawnType = 0 WHERE ce.spawnID = 1074125;
DELETE ce, c1, c2, sg FROM creature_entry ce LEFT JOIN conditions c1 ON c1.ConditionTypeOrReference = 31 AND c1.ConditionValue1 = 3 AND c1.ConditionValue3 = 1074126 LEFT JOIN conditions c2 ON c2.SourceTypeOrReferenceId = 22 AND c2.SourceId = 0 AND c1.SourceEntry = -1074126 LEFT JOIN spawn_group sg ON sg.spawnId = 1074126 AND spawnType = 0 WHERE ce.spawnID = 1074126;
DELETE ce, c1, c2, sg FROM creature_entry ce LEFT JOIN conditions c1 ON c1.ConditionTypeOrReference = 31 AND c1.ConditionValue1 = 3 AND c1.ConditionValue3 = 1074127 LEFT JOIN conditions c2 ON c2.SourceTypeOrReferenceId = 22 AND c2.SourceId = 0 AND c1.SourceEntry = -1074127 LEFT JOIN spawn_group sg ON sg.spawnId = 1074127 AND spawnType = 0 WHERE ce.spawnID = 1074127;
DELETE ce, c1, c2, sg FROM creature_entry ce LEFT JOIN conditions c1 ON c1.ConditionTypeOrReference = 31 AND c1.ConditionValue1 = 3 AND c1.ConditionValue3 = 1074128 LEFT JOIN conditions c2 ON c2.SourceTypeOrReferenceId = 22 AND c2.SourceId = 0 AND c1.SourceEntry = -1074128 LEFT JOIN spawn_group sg ON sg.spawnId = 1074128 AND spawnType = 0 WHERE ce.spawnID = 1074128;
DELETE ce, c1, c2, sg FROM creature_entry ce LEFT JOIN conditions c1 ON c1.ConditionTypeOrReference = 31 AND c1.ConditionValue1 = 3 AND c1.ConditionValue3 = 1074129 LEFT JOIN conditions c2 ON c2.SourceTypeOrReferenceId = 22 AND c2.SourceId = 0 AND c1.SourceEntry = -1074129 LEFT JOIN spawn_group sg ON sg.spawnId = 1074129 AND spawnType = 0 WHERE ce.spawnID = 1074129;
DELETE ce, c1, c2, sg FROM creature_entry ce LEFT JOIN conditions c1 ON c1.ConditionTypeOrReference = 31 AND c1.ConditionValue1 = 3 AND c1.ConditionValue3 = 1074130 LEFT JOIN conditions c2 ON c2.SourceTypeOrReferenceId = 22 AND c2.SourceId = 0 AND c1.SourceEntry = -1074130 LEFT JOIN spawn_group sg ON sg.spawnId = 1074130 AND spawnType = 0 WHERE ce.spawnID = 1074130;
DELETE ce, c1, c2, sg FROM creature_entry ce LEFT JOIN conditions c1 ON c1.ConditionTypeOrReference = 31 AND c1.ConditionValue1 = 3 AND c1.ConditionValue3 = 1074131 LEFT JOIN conditions c2 ON c2.SourceTypeOrReferenceId = 22 AND c2.SourceId = 0 AND c1.SourceEntry = -1074131 LEFT JOIN spawn_group sg ON sg.spawnId = 1074131 AND spawnType = 0 WHERE ce.spawnID = 1074131;
DELETE ce, c1, c2, sg FROM creature_entry ce LEFT JOIN conditions c1 ON c1.ConditionTypeOrReference = 31 AND c1.ConditionValue1 = 3 AND c1.ConditionValue3 = 1074132 LEFT JOIN conditions c2 ON c2.SourceTypeOrReferenceId = 22 AND c2.SourceId = 0 AND c1.SourceEntry = -1074132 LEFT JOIN spawn_group sg ON sg.spawnId = 1074132 AND spawnType = 0 WHERE ce.spawnID = 1074132;
DELETE ce, c1, c2, sg FROM creature_entry ce LEFT JOIN conditions c1 ON c1.ConditionTypeOrReference = 31 AND c1.ConditionValue1 = 3 AND c1.ConditionValue3 = 1074133 LEFT JOIN conditions c2 ON c2.SourceTypeOrReferenceId = 22 AND c2.SourceId = 0 AND c1.SourceEntry = -1074133 LEFT JOIN spawn_group sg ON sg.spawnId = 1074133 AND spawnType = 0 WHERE ce.spawnID = 1074133;
DELETE ce, c1, c2, sg FROM creature_entry ce LEFT JOIN conditions c1 ON c1.ConditionTypeOrReference = 31 AND c1.ConditionValue1 = 3 AND c1.ConditionValue3 = 1074134 LEFT JOIN conditions c2 ON c2.SourceTypeOrReferenceId = 22 AND c2.SourceId = 0 AND c1.SourceEntry = -1074134 LEFT JOIN spawn_group sg ON sg.spawnId = 1074134 AND spawnType = 0 WHERE ce.spawnID = 1074134;
DELETE ce, c1, c2, sg FROM creature_entry ce LEFT JOIN conditions c1 ON c1.ConditionTypeOrReference = 31 AND c1.ConditionValue1 = 3 AND c1.ConditionValue3 = 1074135 LEFT JOIN conditions c2 ON c2.SourceTypeOrReferenceId = 22 AND c2.SourceId = 0 AND c1.SourceEntry = -1074135 LEFT JOIN spawn_group sg ON sg.spawnId = 1074135 AND spawnType = 0 WHERE ce.spawnID = 1074135;
DELETE ce, c1, c2, sg FROM creature_entry ce LEFT JOIN conditions c1 ON c1.ConditionTypeOrReference = 31 AND c1.ConditionValue1 = 3 AND c1.ConditionValue3 = 1074136 LEFT JOIN conditions c2 ON c2.SourceTypeOrReferenceId = 22 AND c2.SourceId = 0 AND c1.SourceEntry = -1074136 LEFT JOIN spawn_group sg ON sg.spawnId = 1074136 AND spawnType = 0 WHERE ce.spawnID = 1074136;
DELETE ce, c1, c2, sg FROM creature_entry ce LEFT JOIN conditions c1 ON c1.ConditionTypeOrReference = 31 AND c1.ConditionValue1 = 3 AND c1.ConditionValue3 = 1074137 LEFT JOIN conditions c2 ON c2.SourceTypeOrReferenceId = 22 AND c2.SourceId = 0 AND c1.SourceEntry = -1074137 LEFT JOIN spawn_group sg ON sg.spawnId = 1074137 AND spawnType = 0 WHERE ce.spawnID = 1074137;


-- Importing creature spawn with guid 213463 with import type REPLACE_ALL


-- Importing creature spawn with guid 213462 with import type REPLACE_ALL


-- Importing creature spawn with guid 213461 with import type REPLACE_ALL


-- Importing creature spawn with guid 213460 with import type REPLACE_ALL


-- Importing creature spawn with guid 213459 with import type REPLACE_ALL


-- Importing creature spawn with guid 213458 with import type REPLACE_ALL


-- Importing creature spawn with guid 213457 with import type REPLACE_ALL


-- Importing creature spawn with guid 213456 with import type REPLACE_ALL


-- Importing creature spawn with guid 213455 with import type REPLACE_ALL


-- Importing creature spawn with guid 213454 with import type REPLACE_ALL


-- Importing creature spawn with guid 213453 with import type REPLACE_ALL


-- Importing creature spawn with guid 213452 with import type REPLACE_ALL


-- Importing creature spawn with guid 213451 with import type REPLACE_ALL


-- Importing creature spawn with guid 213450 with import type REPLACE_ALL


-- Importing creature spawn with guid 213449 with import type REPLACE_ALL


-- Importing creature spawn with guid 213448 with import type REPLACE_ALL


-- Importing creature spawn with guid 213447 with import type REPLACE_ALL


-- Importing creature spawn with guid 213446 with import type REPLACE_ALL


-- Importing creature spawn with guid 213445 with import type REPLACE_ALL


-- Importing creature spawn with guid 213444 with import type REPLACE_ALL


-- Importing creature spawn with guid 213443 with import type REPLACE_ALL


-- Importing creature spawn with guid 213442 with import type REPLACE_ALL


-- Importing creature spawn with guid 213441 with import type REPLACE_ALL


-- Importing creature spawn with guid 213440 with import type REPLACE_ALL


-- Importing creature spawn with guid 213439 with import type REPLACE_ALL


-- Importing creature spawn with guid 213438 with import type REPLACE_ALL


-- Importing creature spawn with guid 213437 with import type REPLACE_ALL


-- Importing creature spawn with guid 213436 with import type REPLACE_ALL


-- Importing creature spawn with guid 213435 with import type REPLACE_ALL


-- Importing creature spawn with guid 213434 with import type REPLACE_ALL


-- Importing creature spawn with guid 213433 with import type REPLACE_ALL


-- Importing creature spawn with guid 213432 with import type REPLACE_ALL


-- Importing creature spawn with guid 213431 with import type REPLACE_ALL


-- Importing creature spawn with guid 213430 with import type REPLACE_ALL


-- Importing creature spawn with guid 213429 with import type REPLACE_ALL


-- Importing creature spawn with guid 213428 with import type REPLACE_ALL


-- Importing creature spawn with guid 213427 with import type REPLACE_ALL


-- Importing creature spawn with guid 213426 with import type REPLACE_ALL


-- Importing creature spawn with guid 213425 with import type REPLACE_ALL


-- Importing creature spawn with guid 213424 with import type REPLACE_ALL


-- Importing creature spawn with guid 213423 with import type REPLACE_ALL


-- Importing creature spawn with guid 213422 with import type REPLACE_ALL


-- Importing creature spawn with guid 213421 with import type REPLACE_ALL


-- Importing creature spawn with guid 213420 with import type REPLACE_ALL


-- Importing creature spawn with guid 213419 with import type REPLACE_ALL


-- Importing creature spawn with guid 213418 with import type REPLACE_ALL


-- Importing creature spawn with guid 213417 with import type REPLACE_ALL


-- Importing creature spawn with guid 213416 with import type REPLACE_ALL


-- Importing creature spawn with guid 213415 with import type REPLACE_ALL


-- Importing creature spawn with guid 213414 with import type REPLACE_ALL


-- Importing creature spawn with guid 213413 with import type REPLACE_ALL


-- Importing creature spawn with guid 213412 with import type REPLACE_ALL


-- Importing creature spawn with guid 213411 with import type REPLACE_ALL


-- Importing creature spawn with guid 213410 with import type REPLACE_ALL


-- Importing creature spawn with guid 213409 with import type REPLACE_ALL


-- Importing creature spawn with guid 213408 with import type REPLACE_ALL


-- Importing creature spawn with guid 213407 with import type REPLACE_ALL


-- Importing creature spawn with guid 213406 with import type REPLACE_ALL


-- Importing creature spawn with guid 213405 with import type REPLACE_ALL


-- Importing creature spawn with guid 213404 with import type REPLACE_ALL


-- Importing creature spawn with guid 213403 with import type REPLACE_ALL


-- Importing creature spawn with guid 213402 with import type REPLACE_ALL


-- Importing creature spawn with guid 213401 with import type REPLACE_ALL


-- Importing creature spawn with guid 213400 with import type REPLACE_ALL


-- Importing creature spawn with guid 213399 with import type REPLACE_ALL


-- Importing creature spawn with guid 213398 with import type REPLACE_ALL


-- Importing creature spawn with guid 213397 with import type REPLACE_ALL


-- Importing creature spawn with guid 213396 with import type REPLACE_ALL


-- Importing creature spawn with guid 213395 with import type REPLACE_ALL


-- Importing creature spawn with guid 213394 with import type REPLACE_ALL


-- Importing creature spawn with guid 213393 with import type REPLACE_ALL


-- Importing creature spawn with guid 213392 with import type REPLACE_ALL


-- Importing creature spawn with guid 213391 with import type REPLACE_ALL


-- Importing creature spawn with guid 213390 with import type REPLACE_ALL


-- Importing creature spawn with guid 213389 with import type REPLACE_ALL


-- Importing creature spawn with guid 213388 with import type REPLACE_ALL


-- Importing creature spawn with guid 213387 with import type REPLACE_ALL


-- Importing creature spawn with guid 213386 with import type REPLACE_ALL


-- Importing creature spawn with guid 213385 with import type REPLACE_ALL


-- Importing creature spawn with guid 213384 with import type REPLACE_ALL


-- Importing creature spawn with guid 213383 with import type REPLACE_ALL


-- Importing creature spawn with guid 213382 with import type REPLACE_ALL


-- Importing creature spawn with guid 213381 with import type REPLACE_ALL


-- Importing creature spawn with guid 213380 with import type REPLACE_ALL


-- Importing creature spawn with guid 213379 with import type REPLACE_ALL


-- Importing creature spawn with guid 213378 with import type REPLACE_ALL


-- Importing creature spawn with guid 213377 with import type REPLACE_ALL


-- Importing creature spawn with guid 213376 with import type REPLACE_ALL


-- Importing creature spawn with guid 213375 with import type REPLACE_ALL


-- Importing creature spawn with guid 213374 with import type REPLACE_ALL


-- Importing creature spawn with guid 213487 with import type REPLACE_ALL


-- Importing creature spawn with guid 213488 with import type REPLACE_ALL


-- Importing creature spawn with guid 213489 with import type REPLACE_ALL


-- Importing creature spawn with guid 213490 with import type REPLACE_ALL


-- Importing creature spawn with guid 213491 with import type REPLACE_ALL


-- Importing creature spawn with guid 213492 with import type REPLACE_ALL


-- Importing creature spawn with guid 213493 with import type REPLACE_ALL


-- Importing creature spawn with guid 213494 with import type REPLACE_ALL


-- Importing creature spawn with guid 213495 with import type REPLACE_ALL


-- Importing creature spawn with guid 213496 with import type REPLACE_ALL


-- Importing creature spawn with guid 213497 with import type REPLACE_ALL


-- Importing creature spawn with guid 213498 with import type REPLACE_ALL


-- Importing creature spawn with guid 213499 with import type REPLACE_ALL


-- Importing creature spawn with guid 213500 with import type REPLACE_ALL


-- Importing creature spawn with guid 213501 with import type REPLACE_ALL


-- Importing creature spawn with guid 213502 with import type REPLACE_ALL


-- Importing creature spawn with guid 213503 with import type REPLACE_ALL


-- Importing creature spawn with guid 213504 with import type REPLACE_ALL


-- Importing creature spawn with guid 213505 with import type REPLACE_ALL


-- Importing creature spawn with guid 213506 with import type REPLACE_ALL


-- Importing creature spawn with guid 213507 with import type REPLACE_ALL


-- Importing creature spawn with guid 213508 with import type REPLACE_ALL


-- Importing creature spawn with guid 213509 with import type REPLACE_ALL


-- Importing creature spawn with guid 213510 with import type REPLACE_ALL


-- Importing creature spawn with guid 213511 with import type REPLACE_ALL


-- Importing creature spawn with guid 213512 with import type REPLACE_ALL


-- Importing creature spawn with guid 213513 with import type REPLACE_ALL


-- Importing creature spawn with guid 213514 with import type REPLACE_ALL


-- Importing creature spawn with guid 213515 with import type REPLACE_ALL


-- Importing creature spawn with guid 213516 with import type REPLACE_ALL


-- Importing creature spawn with guid 213517 with import type REPLACE_ALL


-- Importing creature spawn with guid 213518 with import type REPLACE_ALL


-- Importing creature spawn with guid 213519 with import type REPLACE_ALL


-- Importing creature spawn with guid 213520 with import type REPLACE_ALL


-- Importing creature spawn with guid 213521 with import type REPLACE_ALL


-- Importing creature spawn with guid 213522 with import type REPLACE_ALL


-- Importing creature spawn with guid 213523 with import type REPLACE_ALL


-- Importing creature spawn with guid 213524 with import type REPLACE_ALL


-- Importing creature spawn with guid 213525 with import type REPLACE_ALL


-- Importing creature spawn with guid 213526 with import type REPLACE_ALL


-- Importing creature spawn with guid 213527 with import type REPLACE_ALL


-- Importing creature spawn with guid 213528 with import type REPLACE_ALL


-- Importing creature spawn with guid 213529 with import type REPLACE_ALL


-- Importing creature spawn with guid 213530 with import type REPLACE_ALL


-- Importing creature spawn with guid 213531 with import type REPLACE_ALL


-- Importing creature spawn with guid 213532 with import type REPLACE_ALL


-- Importing creature spawn with guid 213533 with import type REPLACE_ALL


-- Importing creature spawn with guid 213534 with import type REPLACE_ALL


-- Importing creature spawn with guid 213535 with import type REPLACE_ALL


-- Importing creature spawn with guid 213536 with import type REPLACE_ALL


-- Importing creature spawn with guid 213537 with import type REPLACE_ALL


-- Importing creature spawn with guid 213538 with import type REPLACE_ALL


-- Importing creature spawn with guid 213539 with import type REPLACE_ALL


-- Importing creature spawn with guid 213540 with import type REPLACE_ALL


-- Importing creature spawn with guid 213541 with import type REPLACE_ALL


-- Importing creature spawn with guid 213542 with import type REPLACE_ALL


-- Importing creature spawn with guid 213543 with import type REPLACE_ALL


-- Importing creature spawn with guid 213544 with import type REPLACE_ALL


-- Importing creature spawn with guid 213545 with import type REPLACE_ALL


-- Importing creature spawn with guid 213546 with import type REPLACE_ALL


-- Importing creature spawn with guid 213547 with import type REPLACE_ALL


-- Importing creature spawn with guid 213548 with import type REPLACE_ALL


-- Importing creature spawn with guid 213549 with import type REPLACE_ALL


-- Importing creature spawn with guid 213550 with import type REPLACE_ALL


-- Importing creature spawn with guid 213551 with import type REPLACE_ALL


-- Importing creature spawn with guid 213552 with import type REPLACE_ALL


-- Importing creature spawn with guid 213553 with import type REPLACE_ALL


-- Importing creature spawn with guid 213554 with import type REPLACE_ALL


-- Importing creature spawn with guid 213555 with import type REPLACE_ALL


-- Importing creature spawn with guid 213556 with import type REPLACE_ALL


-- Importing creature spawn with guid 213557 with import type REPLACE_ALL


-- Importing creature spawn with guid 213558 with import type REPLACE_ALL


-- Importing creature spawn with guid 213559 with import type REPLACE_ALL


-- Importing creature spawn with guid 213560 with import type REPLACE_ALL


-- Importing creature spawn with guid 213561 with import type REPLACE_ALL


-- Importing creature spawn with guid 213562 with import type REPLACE_ALL


-- Importing creature spawn with guid 213563 with import type REPLACE_ALL


-- Importing creature spawn with guid 213564 with import type REPLACE_ALL


-- Importing creature spawn with guid 213565 with import type REPLACE_ALL


-- Importing creature spawn with guid 213566 with import type REPLACE_ALL


-- Importing creature spawn with guid 213567 with import type REPLACE_ALL


-- Importing creature spawn with guid 213568 with import type REPLACE_ALL


-- Importing creature spawn with guid 213569 with import type REPLACE_ALL


-- Importing creature spawn with guid 213570 with import type REPLACE_ALL


-- Importing creature spawn with guid 213571 with import type REPLACE_ALL


-- Importing creature spawn with guid 213572 with import type REPLACE_ALL


-- Importing creature spawn with guid 213573 with import type REPLACE_ALL


-- Importing creature spawn with guid 213574 with import type REPLACE_ALL


-- Importing creature spawn with guid 213575 with import type REPLACE_ALL


-- Importing creature spawn with guid 213576 with import type REPLACE_ALL


-- Importing creature spawn with guid 213577 with import type REPLACE_ALL


-- Importing creature spawn with guid 213578 with import type REPLACE_ALL


-- Importing creature spawn with guid 213579 with import type REPLACE_ALL


-- Importing creature spawn with guid 213580 with import type REPLACE_ALL


-- Importing creature spawn with guid 213581 with import type REPLACE_ALL


-- Importing creature spawn with guid 213582 with import type REPLACE_ALL


-- Importing creature spawn with guid 213583 with import type REPLACE_ALL


-- Importing creature spawn with guid 213584 with import type REPLACE_ALL


-- Importing creature spawn with guid 213585 with import type REPLACE_ALL


-- Importing creature spawn with guid 213586 with import type REPLACE_ALL


-- Importing creature spawn with guid 213587 with import type REPLACE_ALL


-- Importing creature spawn with guid 213588 with import type REPLACE_ALL


-- Importing creature spawn with guid 213589 with import type REPLACE_ALL


-- Importing creature spawn with guid 213590 with import type REPLACE_ALL


-- Importing creature spawn with guid 213591 with import type REPLACE_ALL
INSERT INTO creature_entry (`spawnID`, `entry`) VALUES ('213592', '21749');
INSERT INTO creature (`spawnID`, `map`, `spawnMask`, `modelid`, `equipment_id`, `position_x`, `position_y`, `position_z`, `orientation`, `spawntimesecs`, `spawndist`, `currentwaypoint`, `curhealth`, `curmana`, `MovementType`, `unit_flags`, `pool_id`, `patch_min`, `patch_max`) VALUES ('213592', '530', '1', NULL, '0', '-3246.36', '2545.46', '63.6607', '3.52556', '180', '0', '0', '1', '0', '0', '0', '0', '0', '10');
INSERT INTO creature_entry (`spawnID`, `entry`) VALUES ('213593', '21749');
INSERT INTO creature (`spawnID`, `map`, `spawnMask`, `modelid`, `equipment_id`, `position_x`, `position_y`, `position_z`, `orientation`, `spawntimesecs`, `spawndist`, `currentwaypoint`, `curhealth`, `curmana`, `MovementType`, `unit_flags`, `pool_id`, `patch_min`, `patch_max`) VALUES ('213593', '530', '1', NULL, '0', '-3246.62', '2549.45', '63.677', '3.07178', '180', '0', '0', '1', '0', '0', '0', '0', '0', '10');
INSERT INTO creature_entry (`spawnID`, `entry`) VALUES ('213596', '21749');
INSERT INTO creature (`spawnID`, `map`, `spawnMask`, `modelid`, `equipment_id`, `position_x`, `position_y`, `position_z`, `orientation`, `spawntimesecs`, `spawndist`, `currentwaypoint`, `curhealth`, `curmana`, `MovementType`, `unit_flags`, `pool_id`, `patch_min`, `patch_max`) VALUES ('213596', '530', '1', NULL, '0', '-3284.34', '2445.2', '64.4028', '4.11898', '180', '0', '0', '1', '0', '0', '0', '0', '0', '10');
INSERT INTO creature_entry (`spawnID`, `entry`) VALUES ('213597', '21749');
INSERT INTO creature (`spawnID`, `map`, `spawnMask`, `modelid`, `equipment_id`, `position_x`, `position_y`, `position_z`, `orientation`, `spawntimesecs`, `spawndist`, `currentwaypoint`, `curhealth`, `curmana`, `MovementType`, `unit_flags`, `pool_id`, `patch_min`, `patch_max`) VALUES ('213597', '530', '1', NULL, '0', '-3283.27', '2451.87', '65.0236', '2.54818', '180', '0', '0', '1', '0', '0', '0', '0', '0', '10');
INSERT INTO creature_entry (`spawnID`, `entry`) VALUES ('213598', '21749');
INSERT INTO creature (`spawnID`, `map`, `spawnMask`, `modelid`, `equipment_id`, `position_x`, `position_y`, `position_z`, `orientation`, `spawntimesecs`, `spawndist`, `currentwaypoint`, `curhealth`, `curmana`, `MovementType`, `unit_flags`, `pool_id`, `patch_min`, `patch_max`) VALUES ('213598', '530', '1', NULL, '0', '-3281.78', '2448.1', '64.9098', '3.22886', '180', '0', '0', '1', '0', '0', '0', '0', '0', '10');
INSERT INTO creature_entry (`spawnID`, `entry`) VALUES ('213599', '21749');
INSERT INTO creature (`spawnID`, `map`, `spawnMask`, `modelid`, `equipment_id`, `position_x`, `position_y`, `position_z`, `orientation`, `spawntimesecs`, `spawndist`, `currentwaypoint`, `curhealth`, `curmana`, `MovementType`, `unit_flags`, `pool_id`, `patch_min`, `patch_max`) VALUES ('213599', '530', '1', NULL, '0', '-3249.78', '2520.57', '64.0871', '5.34508', '180', '0', '0', '1', '0', '0', '0', '0', '0', '10');
INSERT INTO creature_entry (`spawnID`, `entry`) VALUES ('213600', '21749');
INSERT INTO creature (`spawnID`, `map`, `spawnMask`, `modelid`, `equipment_id`, `position_x`, `position_y`, `position_z`, `orientation`, `spawntimesecs`, `spawndist`, `currentwaypoint`, `curhealth`, `curmana`, `MovementType`, `unit_flags`, `pool_id`, `patch_min`, `patch_max`) VALUES ('213600', '530', '1', NULL, '0', '-3213.95', '2584.84', '63.7307', '0.619795', '180', '0', '0', '1', '0', '0', '0', '0', '0', '10');
INSERT INTO creature_entry (`spawnID`, `entry`) VALUES ('213601', '21749');
INSERT INTO creature (`spawnID`, `map`, `spawnMask`, `modelid`, `equipment_id`, `position_x`, `position_y`, `position_z`, `orientation`, `spawntimesecs`, `spawndist`, `currentwaypoint`, `curhealth`, `curmana`, `MovementType`, `unit_flags`, `pool_id`, `patch_min`, `patch_max`) VALUES ('213601', '530', '1', NULL, '0', '-3214.3', '2585.42', '63.7307', '0.469131', '180', '0', '0', '1', '0', '0', '0', '0', '0', '10');
INSERT INTO creature_entry (`spawnID`, `entry`) VALUES ('213603', '21749');
INSERT INTO creature (`spawnID`, `map`, `spawnMask`, `modelid`, `equipment_id`, `position_x`, `position_y`, `position_z`, `orientation`, `spawntimesecs`, `spawndist`, `currentwaypoint`, `curhealth`, `curmana`, `MovementType`, `unit_flags`, `pool_id`, `patch_min`, `patch_max`) VALUES ('213603', '530', '1', NULL, '0', '-3283.04', '2418.76', '61.6165', '4.39603', '180', '0', '0', '1', '0', '0', '0', '0', '0', '10');
INSERT INTO creature_entry (`spawnID`, `entry`) VALUES ('213607', '21749');
INSERT INTO creature (`spawnID`, `map`, `spawnMask`, `modelid`, `equipment_id`, `position_x`, `position_y`, `position_z`, `orientation`, `spawntimesecs`, `spawndist`, `currentwaypoint`, `curhealth`, `curmana`, `MovementType`, `unit_flags`, `pool_id`, `patch_min`, `patch_max`) VALUES ('213607', '530', '1', NULL, '0', '-3146', '2348.05', '59.6359', '4.81711', '180', '0', '0', '1', '0', '0', '0', '0', '0', '10');
INSERT INTO creature_entry (`spawnID`, `entry`) VALUES ('213608', '21749');
INSERT INTO creature (`spawnID`, `map`, `spawnMask`, `modelid`, `equipment_id`, `position_x`, `position_y`, `position_z`, `orientation`, `spawntimesecs`, `spawndist`, `currentwaypoint`, `curhealth`, `curmana`, `MovementType`, `unit_flags`, `pool_id`, `patch_min`, `patch_max`) VALUES ('213608', '530', '1', NULL, '0', '-3151.25', '2349.23', '60.0225', '3.47321', '180', '0', '0', '1', '0', '0', '0', '0', '0', '10');
INSERT INTO creature_entry (`spawnID`, `entry`) VALUES ('213611', '21749');
INSERT INTO creature (`spawnID`, `map`, `spawnMask`, `modelid`, `equipment_id`, `position_x`, `position_y`, `position_z`, `orientation`, `spawntimesecs`, `spawndist`, `currentwaypoint`, `curhealth`, `curmana`, `MovementType`, `unit_flags`, `pool_id`, `patch_min`, `patch_max`) VALUES ('213611', '530', '1', NULL, '0', '-3219.26', '2651.72', '63.4758', '2.58309', '180', '0', '0', '1', '0', '0', '0', '0', '0', '10');
INSERT INTO creature_entry (`spawnID`, `entry`) VALUES ('213612', '21749');
INSERT INTO creature (`spawnID`, `map`, `spawnMask`, `modelid`, `equipment_id`, `position_x`, `position_y`, `position_z`, `orientation`, `spawntimesecs`, `spawndist`, `currentwaypoint`, `curhealth`, `curmana`, `MovementType`, `unit_flags`, `pool_id`, `patch_min`, `patch_max`) VALUES ('213612', '530', '1', NULL, '0', '-3186.19', '2319.14', '63.5586', '4.41568', '180', '0', '0', '1', '0', '0', '0', '0', '0', '10');
INSERT INTO creature_entry (`spawnID`, `entry`) VALUES ('213613', '21749');
INSERT INTO creature (`spawnID`, `map`, `spawnMask`, `modelid`, `equipment_id`, `position_x`, `position_y`, `position_z`, `orientation`, `spawntimesecs`, `spawndist`, `currentwaypoint`, `curhealth`, `curmana`, `MovementType`, `unit_flags`, `pool_id`, `patch_min`, `patch_max`) VALUES ('213613', '530', '1', NULL, '0', '-3281.88', '2416.86', '61.2065', '3.68265', '180', '0', '0', '1', '0', '0', '0', '0', '0', '10');
INSERT INTO creature_entry (`spawnID`, `entry`) VALUES ('213614', '21749');
INSERT INTO creature (`spawnID`, `map`, `spawnMask`, `modelid`, `equipment_id`, `position_x`, `position_y`, `position_z`, `orientation`, `spawntimesecs`, `spawndist`, `currentwaypoint`, `curhealth`, `curmana`, `MovementType`, `unit_flags`, `pool_id`, `patch_min`, `patch_max`) VALUES ('213614', '530', '1', NULL, '0', '-3211.26', '2481.64', '58.0894', '2.70443', '180', '0', '0', '1', '0', '0', '0', '0', '0', '10');
INSERT INTO creature_entry (`spawnID`, `entry`) VALUES ('213616', '21749');
INSERT INTO creature (`spawnID`, `map`, `spawnMask`, `modelid`, `equipment_id`, `position_x`, `position_y`, `position_z`, `orientation`, `spawntimesecs`, `spawndist`, `currentwaypoint`, `curhealth`, `curmana`, `MovementType`, `unit_flags`, `pool_id`, `patch_min`, `patch_max`) VALUES ('213616', '530', '1', NULL, '0', '-3218.53', '2386.45', '61.9123', '2.33874', '180', '0', '0', '1', '0', '0', '0', '0', '0', '10');
INSERT INTO creature_entry (`spawnID`, `entry`) VALUES ('213617', '21749');
INSERT INTO creature (`spawnID`, `map`, `spawnMask`, `modelid`, `equipment_id`, `position_x`, `position_y`, `position_z`, `orientation`, `spawntimesecs`, `spawndist`, `currentwaypoint`, `curhealth`, `curmana`, `MovementType`, `unit_flags`, `pool_id`, `patch_min`, `patch_max`) VALUES ('213617', '530', '1', NULL, '0', '-3250.82', '2420.06', '61.5133', '2.26893', '180', '0', '0', '1', '0', '0', '0', '0', '0', '10');
INSERT INTO creature_entry (`spawnID`, `entry`) VALUES ('213618', '21749');
INSERT INTO creature (`spawnID`, `map`, `spawnMask`, `modelid`, `equipment_id`, `position_x`, `position_y`, `position_z`, `orientation`, `spawntimesecs`, `spawndist`, `currentwaypoint`, `curhealth`, `curmana`, `MovementType`, `unit_flags`, `pool_id`, `patch_min`, `patch_max`) VALUES ('213618', '530', '1', NULL, '0', '-3247.84', '2413.42', '62.3897', '4.3134', '180', '0', '0', '1', '0', '0', '0', '0', '0', '10');
INSERT INTO creature_entry (`spawnID`, `entry`) VALUES ('213621', '21749');
INSERT INTO creature (`spawnID`, `map`, `spawnMask`, `modelid`, `equipment_id`, `position_x`, `position_y`, `position_z`, `orientation`, `spawntimesecs`, `spawndist`, `currentwaypoint`, `curhealth`, `curmana`, `MovementType`, `unit_flags`, `pool_id`, `patch_min`, `patch_max`) VALUES ('213621', '530', '1', NULL, '0', '-3149.5', '2483.53', '62.2221', '3.15905', '180', '0', '0', '1', '0', '0', '0', '0', '0', '10');
INSERT INTO creature_entry (`spawnID`, `entry`) VALUES ('213622', '21749');
INSERT INTO creature (`spawnID`, `map`, `spawnMask`, `modelid`, `equipment_id`, `position_x`, `position_y`, `position_z`, `orientation`, `spawntimesecs`, `spawndist`, `currentwaypoint`, `curhealth`, `curmana`, `MovementType`, `unit_flags`, `pool_id`, `patch_min`, `patch_max`) VALUES ('213622', '530', '1', NULL, '0', '-3150.07', '2479.77', '62.2322', '3.94444', '180', '0', '0', '1', '0', '0', '0', '0', '0', '10');
INSERT INTO creature_entry (`spawnID`, `entry`) VALUES ('213624', '21749');
INSERT INTO creature (`spawnID`, `map`, `spawnMask`, `modelid`, `equipment_id`, `position_x`, `position_y`, `position_z`, `orientation`, `spawntimesecs`, `spawndist`, `currentwaypoint`, `curhealth`, `curmana`, `MovementType`, `unit_flags`, `pool_id`, `patch_min`, `patch_max`) VALUES ('213624', '530', '1', NULL, '0', '-3151.63', '2487.38', '62.1705', '2.40855', '180', '0', '0', '1', '0', '0', '0', '0', '0', '10');
INSERT INTO creature_entry (`spawnID`, `entry`) VALUES ('213625', '21749');
INSERT INTO creature (`spawnID`, `map`, `spawnMask`, `modelid`, `equipment_id`, `position_x`, `position_y`, `position_z`, `orientation`, `spawntimesecs`, `spawndist`, `currentwaypoint`, `curhealth`, `curmana`, `MovementType`, `unit_flags`, `pool_id`, `patch_min`, `patch_max`) VALUES ('213625', '530', '1', NULL, '0', '-3215.22', '2414.58', '62.5409', '3.33976', '180', '0', '0', '1', '0', '0', '0', '0', '0', '10');
INSERT INTO creature_entry (`spawnID`, `entry`) VALUES ('213628', '21749');
INSERT INTO creature (`spawnID`, `map`, `spawnMask`, `modelid`, `equipment_id`, `position_x`, `position_y`, `position_z`, `orientation`, `spawntimesecs`, `spawndist`, `currentwaypoint`, `curhealth`, `curmana`, `MovementType`, `unit_flags`, `pool_id`, `patch_min`, `patch_max`) VALUES ('213628', '530', '1', NULL, '0', '-3051.35', '2751.04', '69.2869', '3.28122', '180', '0', '0', '1', '0', '0', '0', '0', '0', '10');
INSERT INTO creature_entry (`spawnID`, `entry`) VALUES ('213631', '21749');
INSERT INTO creature (`spawnID`, `map`, `spawnMask`, `modelid`, `equipment_id`, `position_x`, `position_y`, `position_z`, `orientation`, `spawntimesecs`, `spawndist`, `currentwaypoint`, `curhealth`, `curmana`, `MovementType`, `unit_flags`, `pool_id`, `patch_min`, `patch_max`) VALUES ('213631', '530', '1', NULL, '0', '-3248.94', '2416.6', '61.7177', '3.57389', '180', '0', '0', '1', '0', '0', '0', '0', '0', '10');
INSERT INTO creature_entry (`spawnID`, `entry`) VALUES ('213634', '21749');
INSERT INTO creature (`spawnID`, `map`, `spawnMask`, `modelid`, `equipment_id`, `position_x`, `position_y`, `position_z`, `orientation`, `spawntimesecs`, `spawndist`, `currentwaypoint`, `curhealth`, `curmana`, `MovementType`, `unit_flags`, `pool_id`, `patch_min`, `patch_max`) VALUES ('213634', '530', '1', NULL, '0', '-3148.2', '2352.59', '59.1356', '3.00197', '180', '0', '0', '1', '0', '0', '0', '0', '0', '10');
INSERT INTO creature_entry (`spawnID`, `entry`) VALUES ('213637', '21749');
INSERT INTO creature (`spawnID`, `map`, `spawnMask`, `modelid`, `equipment_id`, `position_x`, `position_y`, `position_z`, `orientation`, `spawntimesecs`, `spawndist`, `currentwaypoint`, `curhealth`, `curmana`, `MovementType`, `unit_flags`, `pool_id`, `patch_min`, `patch_max`) VALUES ('213637', '530', '1', NULL, '0', '-3182.53', '2379.63', '62.0841', '2.10439', '180', '0', '0', '1', '0', '0', '0', '0', '0', '10');
INSERT INTO creature_entry (`spawnID`, `entry`) VALUES ('213639', '21749');
INSERT INTO creature (`spawnID`, `map`, `spawnMask`, `modelid`, `equipment_id`, `position_x`, `position_y`, `position_z`, `orientation`, `spawntimesecs`, `spawndist`, `currentwaypoint`, `curhealth`, `curmana`, `MovementType`, `unit_flags`, `pool_id`, `patch_min`, `patch_max`) VALUES ('213639', '530', '1', NULL, '0', '-3217.24', '2354.24', '62.3244', '5.45712', '180', '0', '0', '1', '0', '0', '0', '0', '0', '10');
INSERT INTO creature_entry (`spawnID`, `entry`) VALUES ('213641', '21749');
INSERT INTO creature (`spawnID`, `map`, `spawnMask`, `modelid`, `equipment_id`, `position_x`, `position_y`, `position_z`, `orientation`, `spawntimesecs`, `spawndist`, `currentwaypoint`, `curhealth`, `curmana`, `MovementType`, `unit_flags`, `pool_id`, `patch_min`, `patch_max`) VALUES ('213641', '530', '1', NULL, '0', '-3213.73', '2353.16', '62.4851', '5.3058', '180', '0', '0', '1', '0', '0', '0', '0', '0', '10');
INSERT INTO creature_entry (`spawnID`, `entry`) VALUES ('213642', '21749');
INSERT INTO creature (`spawnID`, `map`, `spawnMask`, `modelid`, `equipment_id`, `position_x`, `position_y`, `position_z`, `orientation`, `spawntimesecs`, `spawndist`, `currentwaypoint`, `curhealth`, `curmana`, `MovementType`, `unit_flags`, `pool_id`, `patch_min`, `patch_max`) VALUES ('213642', '530', '1', NULL, '0', '-3250.02', '2350.69', '61.1829', '2.28638', '180', '0', '0', '1', '0', '0', '0', '0', '0', '10');
INSERT INTO creature_entry (`spawnID`, `entry`) VALUES ('213647', '21749');
INSERT INTO creature (`spawnID`, `map`, `spawnMask`, `modelid`, `equipment_id`, `position_x`, `position_y`, `position_z`, `orientation`, `spawntimesecs`, `spawndist`, `currentwaypoint`, `curhealth`, `curmana`, `MovementType`, `unit_flags`, `pool_id`, `patch_min`, `patch_max`) VALUES ('213647', '530', '1', NULL, '0', '-3047.52', '2684.6', '63.556', '1.74533', '180', '0', '0', '1', '0', '0', '0', '0', '0', '10');
INSERT INTO creature_entry (`spawnID`, `entry`) VALUES ('213649', '21749');
INSERT INTO creature (`spawnID`, `map`, `spawnMask`, `modelid`, `equipment_id`, `position_x`, `position_y`, `position_z`, `orientation`, `spawntimesecs`, `spawndist`, `currentwaypoint`, `curhealth`, `curmana`, `MovementType`, `unit_flags`, `pool_id`, `patch_min`, `patch_max`) VALUES ('213649', '530', '1', NULL, '0', '-3212.99', '2553.25', '61.727', '1.71042', '180', '0', '0', '1', '0', '0', '0', '0', '0', '10');
INSERT INTO creature_entry (`spawnID`, `entry`) VALUES ('213657', '21749');
INSERT INTO creature (`spawnID`, `map`, `spawnMask`, `modelid`, `equipment_id`, `position_x`, `position_y`, `position_z`, `orientation`, `spawntimesecs`, `spawndist`, `currentwaypoint`, `curhealth`, `curmana`, `MovementType`, `unit_flags`, `pool_id`, `patch_min`, `patch_max`) VALUES ('213657', '530', '1', NULL, '0', '-3186.12', '2416.53', '64.458', '3.82227', '180', '0', '0', '1', '0', '0', '0', '0', '0', '10');
INSERT INTO creature_entry (`spawnID`, `entry`) VALUES ('213658', '21749');
INSERT INTO creature (`spawnID`, `map`, `spawnMask`, `modelid`, `equipment_id`, `position_x`, `position_y`, `position_z`, `orientation`, `spawntimesecs`, `spawndist`, `currentwaypoint`, `curhealth`, `curmana`, `MovementType`, `unit_flags`, `pool_id`, `patch_min`, `patch_max`) VALUES ('213658', '530', '1', NULL, '0', '-3183.56', '2417.41', '65.0422', '3.38', '180', '0', '0', '1', '0', '0', '0', '0', '0', '10');
INSERT INTO creature_entry (`spawnID`, `entry`) VALUES ('213659', '21749');
INSERT INTO creature (`spawnID`, `map`, `spawnMask`, `modelid`, `equipment_id`, `position_x`, `position_y`, `position_z`, `orientation`, `spawntimesecs`, `spawndist`, `currentwaypoint`, `curhealth`, `curmana`, `MovementType`, `unit_flags`, `pool_id`, `patch_min`, `patch_max`) VALUES ('213659', '530', '1', NULL, '0', '-3117.41', '2655.36', '61.8383', '1.91986', '180', '0', '0', '1', '0', '0', '0', '0', '0', '10');
INSERT INTO creature_entry (`spawnID`, `entry`) VALUES ('213662', '21749');
INSERT INTO creature (`spawnID`, `map`, `spawnMask`, `modelid`, `equipment_id`, `position_x`, `position_y`, `position_z`, `orientation`, `spawntimesecs`, `spawndist`, `currentwaypoint`, `curhealth`, `curmana`, `MovementType`, `unit_flags`, `pool_id`, `patch_min`, `patch_max`) VALUES ('213662', '530', '1', NULL, '0', '-3152.98', '2381.1', '62.6964', '4.67748', '180', '0', '0', '1', '0', '0', '0', '0', '0', '10');
INSERT INTO creature_entry (`spawnID`, `entry`) VALUES ('213663', '21749');
INSERT INTO creature (`spawnID`, `map`, `spawnMask`, `modelid`, `equipment_id`, `position_x`, `position_y`, `position_z`, `orientation`, `spawntimesecs`, `spawndist`, `currentwaypoint`, `curhealth`, `curmana`, `MovementType`, `unit_flags`, `pool_id`, `patch_min`, `patch_max`) VALUES ('213663', '530', '1', NULL, '0', '-3148.18', '2380.82', '61.5207', '5.18363', '180', '0', '0', '1', '0', '0', '0', '0', '0', '10');
INSERT INTO creature_entry (`spawnID`, `entry`) VALUES ('213664', '21749');
INSERT INTO creature (`spawnID`, `map`, `spawnMask`, `modelid`, `equipment_id`, `position_x`, `position_y`, `position_z`, `orientation`, `spawntimesecs`, `spawndist`, `currentwaypoint`, `curhealth`, `curmana`, `MovementType`, `unit_flags`, `pool_id`, `patch_min`, `patch_max`) VALUES ('213664', '530', '1', NULL, '0', '-3119.37', '2716.55', '63.1144', '3.45575', '180', '0', '0', '1', '0', '0', '0', '0', '0', '10');
INSERT INTO creature_entry (`spawnID`, `entry`) VALUES ('213669', '21749');
INSERT INTO creature (`spawnID`, `map`, `spawnMask`, `modelid`, `equipment_id`, `position_x`, `position_y`, `position_z`, `orientation`, `spawntimesecs`, `spawndist`, `currentwaypoint`, `curhealth`, `curmana`, `MovementType`, `unit_flags`, `pool_id`, `patch_min`, `patch_max`) VALUES ('213669', '530', '1', NULL, '0', '-3180.96', '2545.82', '62.2625', '4.86947', '180', '0', '0', '1', '0', '0', '0', '0', '0', '10');
INSERT INTO creature_entry (`spawnID`, `entry`) VALUES ('213671', '21749');
INSERT INTO creature (`spawnID`, `map`, `spawnMask`, `modelid`, `equipment_id`, `position_x`, `position_y`, `position_z`, `orientation`, `spawntimesecs`, `spawndist`, `currentwaypoint`, `curhealth`, `curmana`, `MovementType`, `unit_flags`, `pool_id`, `patch_min`, `patch_max`) VALUES ('213671', '530', '1', NULL, '0', '-3248.13', '2346.42', '61.3907', '4.67748', '180', '0', '0', '1', '0', '0', '0', '0', '0', '10');
INSERT INTO creature_entry (`spawnID`, `entry`) VALUES ('213672', '21749');
INSERT INTO creature (`spawnID`, `map`, `spawnMask`, `modelid`, `equipment_id`, `position_x`, `position_y`, `position_z`, `orientation`, `spawntimesecs`, `spawndist`, `currentwaypoint`, `curhealth`, `curmana`, `MovementType`, `unit_flags`, `pool_id`, `patch_min`, `patch_max`) VALUES ('213672', '530', '1', NULL, '0', '-3253.99', '2387.43', '62.5187', '2.82743', '180', '0', '0', '1', '0', '0', '0', '0', '0', '10');
INSERT INTO creature_entry (`spawnID`, `entry`) VALUES ('213677', '21749');
INSERT INTO creature (`spawnID`, `map`, `spawnMask`, `modelid`, `equipment_id`, `position_x`, `position_y`, `position_z`, `orientation`, `spawntimesecs`, `spawndist`, `currentwaypoint`, `curhealth`, `curmana`, `MovementType`, `unit_flags`, `pool_id`, `patch_min`, `patch_max`) VALUES ('213677', '530', '1', NULL, '0', '-3186.65', '2420.53', '65.4963', '2.9147', '180', '0', '0', '1', '0', '0', '0', '0', '0', '10');
INSERT INTO creature_entry (`spawnID`, `entry`) VALUES ('213681', '21749');
INSERT INTO creature (`spawnID`, `map`, `spawnMask`, `modelid`, `equipment_id`, `position_x`, `position_y`, `position_z`, `orientation`, `spawntimesecs`, `spawndist`, `currentwaypoint`, `curhealth`, `curmana`, `MovementType`, `unit_flags`, `pool_id`, `patch_min`, `patch_max`) VALUES ('213681', '530', '1', NULL, '0', '-3183.18', '2323.69', '63.3015', '2.86234', '180', '0', '0', '1', '0', '0', '0', '0', '0', '10');
INSERT INTO creature_entry (`spawnID`, `entry`) VALUES ('213684', '21749');
INSERT INTO creature (`spawnID`, `map`, `spawnMask`, `modelid`, `equipment_id`, `position_x`, `position_y`, `position_z`, `orientation`, `spawntimesecs`, `spawndist`, `currentwaypoint`, `curhealth`, `curmana`, `MovementType`, `unit_flags`, `pool_id`, `patch_min`, `patch_max`) VALUES ('213684', '530', '1', NULL, '0', '-3153.71', '2385.18', '62.8946', '3.63029', '180', '0', '0', '1', '0', '0', '0', '0', '0', '10');
INSERT INTO creature_entry (`spawnID`, `entry`) VALUES ('213685', '21749');
INSERT INTO creature (`spawnID`, `map`, `spawnMask`, `modelid`, `equipment_id`, `position_x`, `position_y`, `position_z`, `orientation`, `spawntimesecs`, `spawndist`, `currentwaypoint`, `curhealth`, `curmana`, `MovementType`, `unit_flags`, `pool_id`, `patch_min`, `patch_max`) VALUES ('213685', '530', '1', NULL, '0', '-3180.49', '2384.36', '61.8433', '5.42797', '180', '0', '0', '1', '0', '0', '0', '0', '0', '10');
INSERT INTO creature_entry (`spawnID`, `entry`) VALUES ('213687', '21749');
INSERT INTO creature (`spawnID`, `map`, `spawnMask`, `modelid`, `equipment_id`, `position_x`, `position_y`, `position_z`, `orientation`, `spawntimesecs`, `spawndist`, `currentwaypoint`, `curhealth`, `curmana`, `MovementType`, `unit_flags`, `pool_id`, `patch_min`, `patch_max`) VALUES ('213687', '530', '1', NULL, '0', '-3213.8', '2346.8', '62.4221', '4.08407', '180', '0', '0', '1', '0', '0', '0', '0', '0', '10');
INSERT INTO creature_entry (`spawnID`, `entry`) VALUES ('213688', '21749');
INSERT INTO creature (`spawnID`, `map`, `spawnMask`, `modelid`, `equipment_id`, `position_x`, `position_y`, `position_z`, `orientation`, `spawntimesecs`, `spawndist`, `currentwaypoint`, `curhealth`, `curmana`, `MovementType`, `unit_flags`, `pool_id`, `patch_min`, `patch_max`) VALUES ('213688', '530', '1', NULL, '0', '-3084.45', '2688.92', '62.2637', '1.64061', '180', '0', '0', '1', '0', '0', '0', '0', '0', '10');
INSERT INTO creature_entry (`spawnID`, `entry`) VALUES ('213689', '21749');
INSERT INTO creature (`spawnID`, `map`, `spawnMask`, `modelid`, `equipment_id`, `position_x`, `position_y`, `position_z`, `orientation`, `spawntimesecs`, `spawndist`, `currentwaypoint`, `curhealth`, `curmana`, `MovementType`, `unit_flags`, `pool_id`, `patch_min`, `patch_max`) VALUES ('213689', '530', '1', NULL, '0', '-3247.64', '2646.16', '60.596', '1.66291', '180', '0', '0', '1', '0', '0', '0', '0', '0', '10');
INSERT INTO creature_entry (`spawnID`, `entry`) VALUES ('213691', '21749');
INSERT INTO creature (`spawnID`, `map`, `spawnMask`, `modelid`, `equipment_id`, `position_x`, `position_y`, `position_z`, `orientation`, `spawntimesecs`, `spawndist`, `currentwaypoint`, `curhealth`, `curmana`, `MovementType`, `unit_flags`, `pool_id`, `patch_min`, `patch_max`) VALUES ('213691', '530', '1', NULL, '0', '-3182.07', '2520.25', '62.9584', '2.32129', '180', '0', '0', '1', '0', '0', '0', '0', '0', '10');
INSERT INTO creature_entry (`spawnID`, `entry`) VALUES ('213692', '21749');
INSERT INTO creature (`spawnID`, `map`, `spawnMask`, `modelid`, `equipment_id`, `position_x`, `position_y`, `position_z`, `orientation`, `spawntimesecs`, `spawndist`, `currentwaypoint`, `curhealth`, `curmana`, `MovementType`, `unit_flags`, `pool_id`, `patch_min`, `patch_max`) VALUES ('213692', '530', '1', NULL, '0', '-3185.56', '2348.93', '62.995', '4.62512', '180', '0', '0', '1', '0', '0', '0', '0', '0', '10');
INSERT INTO creature_entry (`spawnID`, `entry`) VALUES ('213693', '21749');
INSERT INTO creature (`spawnID`, `map`, `spawnMask`, `modelid`, `equipment_id`, `position_x`, `position_y`, `position_z`, `orientation`, `spawntimesecs`, `spawndist`, `currentwaypoint`, `curhealth`, `curmana`, `MovementType`, `unit_flags`, `pool_id`, `patch_min`, `patch_max`) VALUES ('213693', '530', '1', NULL, '0', '-3181.81', '2351.65', '63.5921', '5.61996', '180', '0', '0', '1', '0', '0', '0', '0', '0', '10');
INSERT INTO creature_entry (`spawnID`, `entry`) VALUES ('213694', '21749');
INSERT INTO creature (`spawnID`, `map`, `spawnMask`, `modelid`, `equipment_id`, `position_x`, `position_y`, `position_z`, `orientation`, `spawntimesecs`, `spawndist`, `currentwaypoint`, `curhealth`, `curmana`, `MovementType`, `unit_flags`, `pool_id`, `patch_min`, `patch_max`) VALUES ('213694', '530', '1', NULL, '0', '-3188.8', '2352.03', '63.1234', '0.236535', '180', '0', '0', '1', '0', '0', '0', '0', '0', '10');
INSERT INTO creature_entry (`spawnID`, `entry`) VALUES ('213695', '21749');
INSERT INTO creature (`spawnID`, `map`, `spawnMask`, `modelid`, `equipment_id`, `position_x`, `position_y`, `position_z`, `orientation`, `spawntimesecs`, `spawndist`, `currentwaypoint`, `curhealth`, `curmana`, `MovementType`, `unit_flags`, `pool_id`, `patch_min`, `patch_max`) VALUES ('213695', '530', '1', NULL, '0', '-3215.53', '2322.65', '62.4336', '4.17134', '180', '0', '0', '1', '0', '0', '0', '0', '0', '10');
INSERT INTO creature_entry (`spawnID`, `entry`) VALUES ('213696', '21749');
INSERT INTO creature (`spawnID`, `map`, `spawnMask`, `modelid`, `equipment_id`, `position_x`, `position_y`, `position_z`, `orientation`, `spawntimesecs`, `spawndist`, `currentwaypoint`, `curhealth`, `curmana`, `MovementType`, `unit_flags`, `pool_id`, `patch_min`, `patch_max`) VALUES ('213696', '530', '1', NULL, '0', '-3219.71', '2319.09', '62.8676', '3.28122', '180', '0', '0', '1', '0', '0', '0', '0', '0', '10');
INSERT INTO creature_entry (`spawnID`, `entry`) VALUES ('213697', '21749');
INSERT INTO creature (`spawnID`, `map`, `spawnMask`, `modelid`, `equipment_id`, `position_x`, `position_y`, `position_z`, `orientation`, `spawntimesecs`, `spawndist`, `currentwaypoint`, `curhealth`, `curmana`, `MovementType`, `unit_flags`, `pool_id`, `patch_min`, `patch_max`) VALUES ('213697', '530', '1', NULL, '0', '-3212.78', '2318.2', '62.6336', '5.28835', '180', '0', '0', '1', '0', '0', '0', '0', '0', '10');
INSERT INTO creature_entry (`spawnID`, `entry`) VALUES ('213703', '21749');
INSERT INTO creature (`spawnID`, `map`, `spawnMask`, `modelid`, `equipment_id`, `position_x`, `position_y`, `position_z`, `orientation`, `spawntimesecs`, `spawndist`, `currentwaypoint`, `curhealth`, `curmana`, `MovementType`, `unit_flags`, `pool_id`, `patch_min`, `patch_max`) VALUES ('213703', '530', '1', NULL, '0', '-3015.37', '2688.58', '65.1848', '2.9363', '180', '0', '0', '1', '0', '0', '0', '0', '0', '10');
INSERT INTO creature_entry (`spawnID`, `entry`) VALUES ('213707', '21749');
INSERT INTO creature (`spawnID`, `map`, `spawnMask`, `modelid`, `equipment_id`, `position_x`, `position_y`, `position_z`, `orientation`, `spawntimesecs`, `spawndist`, `currentwaypoint`, `curhealth`, `curmana`, `MovementType`, `unit_flags`, `pool_id`, `patch_min`, `patch_max`) VALUES ('213707', '530', '1', NULL, '0', '-3183.84', '2512.93', '63.1895', '4.41568', '180', '0', '0', '1', '0', '0', '0', '0', '0', '10');
INSERT INTO creature_entry (`spawnID`, `entry`) VALUES ('213708', '21749');
INSERT INTO creature (`spawnID`, `map`, `spawnMask`, `modelid`, `equipment_id`, `position_x`, `position_y`, `position_z`, `orientation`, `spawntimesecs`, `spawndist`, `currentwaypoint`, `curhealth`, `curmana`, `MovementType`, `unit_flags`, `pool_id`, `patch_min`, `patch_max`) VALUES ('213708', '530', '1', NULL, '0', '-3187.32', '2518.06', '63.2177', '3.57792', '180', '0', '0', '1', '0', '0', '0', '0', '0', '10');
INSERT INTO creature_entry (`spawnID`, `entry`) VALUES ('213709', '21749');
INSERT INTO creature (`spawnID`, `map`, `spawnMask`, `modelid`, `equipment_id`, `position_x`, `position_y`, `position_z`, `orientation`, `spawntimesecs`, `spawndist`, `currentwaypoint`, `curhealth`, `curmana`, `MovementType`, `unit_flags`, `pool_id`, `patch_min`, `patch_max`) VALUES ('213709', '530', '1', NULL, '0', '-3216.19', '2380.6', '61.8377', '5.46288', '180', '0', '0', '1', '0', '0', '0', '0', '0', '10');
INSERT INTO creature_entry (`spawnID`, `entry`) VALUES ('213713', '21749');
INSERT INTO creature (`spawnID`, `map`, `spawnMask`, `modelid`, `equipment_id`, `position_x`, `position_y`, `position_z`, `orientation`, `spawntimesecs`, `spawndist`, `currentwaypoint`, `curhealth`, `curmana`, `MovementType`, `unit_flags`, `pool_id`, `patch_min`, `patch_max`) VALUES ('213713', '530', '1', NULL, '0', '-3254.25', '2613.7', '61.7522', '1.91052', '180', '0', '0', '1', '0', '0', '0', '0', '0', '10');
INSERT INTO creature_entry (`spawnID`, `entry`) VALUES ('213717', '21749');
INSERT INTO creature (`spawnID`, `map`, `spawnMask`, `modelid`, `equipment_id`, `position_x`, `position_y`, `position_z`, `orientation`, `spawntimesecs`, `spawndist`, `currentwaypoint`, `curhealth`, `curmana`, `MovementType`, `unit_flags`, `pool_id`, `patch_min`, `patch_max`) VALUES ('213717', '530', '1', NULL, '0', '-3279.98', '2415.29', '60.908', '3.31003', '180', '0', '0', '1', '0', '0', '0', '0', '0', '10');
INSERT INTO creature_entry (`spawnID`, `entry`) VALUES ('213719', '21749');
INSERT INTO creature (`spawnID`, `map`, `spawnMask`, `modelid`, `equipment_id`, `position_x`, `position_y`, `position_z`, `orientation`, `spawntimesecs`, `spawndist`, `currentwaypoint`, `curhealth`, `curmana`, `MovementType`, `unit_flags`, `pool_id`, `patch_min`, `patch_max`) VALUES ('213719', '530', '1', NULL, '0', '-3216.98', '2383.44', '61.853', '3.82227', '180', '0', '0', '1', '0', '0', '0', '0', '0', '10');
DELETE ce, c1, c2, sg FROM creature_entry ce LEFT JOIN conditions c1 ON c1.ConditionTypeOrReference = 31 AND c1.ConditionValue1 = 3 AND c1.ConditionValue3 = 1075148 LEFT JOIN conditions c2 ON c2.SourceTypeOrReferenceId = 22 AND c2.SourceId = 0 AND c1.SourceEntry = -1075148 LEFT JOIN spawn_group sg ON sg.spawnId = 1075148 AND spawnType = 0 WHERE ce.spawnID = 1075148;
DELETE ce, c1, c2, sg FROM creature_entry ce LEFT JOIN conditions c1 ON c1.ConditionTypeOrReference = 31 AND c1.ConditionValue1 = 3 AND c1.ConditionValue3 = 1075150 LEFT JOIN conditions c2 ON c2.SourceTypeOrReferenceId = 22 AND c2.SourceId = 0 AND c1.SourceEntry = -1075150 LEFT JOIN spawn_group sg ON sg.spawnId = 1075150 AND spawnType = 0 WHERE ce.spawnID = 1075150;
DELETE ce, c1, c2, sg FROM creature_entry ce LEFT JOIN conditions c1 ON c1.ConditionTypeOrReference = 31 AND c1.ConditionValue1 = 3 AND c1.ConditionValue3 = 1075155 LEFT JOIN conditions c2 ON c2.SourceTypeOrReferenceId = 22 AND c2.SourceId = 0 AND c1.SourceEntry = -1075155 LEFT JOIN spawn_group sg ON sg.spawnId = 1075155 AND spawnType = 0 WHERE ce.spawnID = 1075155;
DELETE ce, c1, c2, sg FROM creature_entry ce LEFT JOIN conditions c1 ON c1.ConditionTypeOrReference = 31 AND c1.ConditionValue1 = 3 AND c1.ConditionValue3 = 1075156 LEFT JOIN conditions c2 ON c2.SourceTypeOrReferenceId = 22 AND c2.SourceId = 0 AND c1.SourceEntry = -1075156 LEFT JOIN spawn_group sg ON sg.spawnId = 1075156 AND spawnType = 0 WHERE ce.spawnID = 1075156;
DELETE ce, c1, c2, sg FROM creature_entry ce LEFT JOIN conditions c1 ON c1.ConditionTypeOrReference = 31 AND c1.ConditionValue1 = 3 AND c1.ConditionValue3 = 1075159 LEFT JOIN conditions c2 ON c2.SourceTypeOrReferenceId = 22 AND c2.SourceId = 0 AND c1.SourceEntry = -1075159 LEFT JOIN spawn_group sg ON sg.spawnId = 1075159 AND spawnType = 0 WHERE ce.spawnID = 1075159;
DELETE ce, c1, c2, sg FROM creature_entry ce LEFT JOIN conditions c1 ON c1.ConditionTypeOrReference = 31 AND c1.ConditionValue1 = 3 AND c1.ConditionValue3 = 1075188 LEFT JOIN conditions c2 ON c2.SourceTypeOrReferenceId = 22 AND c2.SourceId = 0 AND c1.SourceEntry = -1075188 LEFT JOIN spawn_group sg ON sg.spawnId = 1075188 AND spawnType = 0 WHERE ce.spawnID = 1075188;
DELETE ce, c1, c2, sg FROM creature_entry ce LEFT JOIN conditions c1 ON c1.ConditionTypeOrReference = 31 AND c1.ConditionValue1 = 3 AND c1.ConditionValue3 = 1075195 LEFT JOIN conditions c2 ON c2.SourceTypeOrReferenceId = 22 AND c2.SourceId = 0 AND c1.SourceEntry = -1075195 LEFT JOIN spawn_group sg ON sg.spawnId = 1075195 AND spawnType = 0 WHERE ce.spawnID = 1075195;
DELETE ce, c1, c2, sg FROM creature_entry ce LEFT JOIN conditions c1 ON c1.ConditionTypeOrReference = 31 AND c1.ConditionValue1 = 3 AND c1.ConditionValue3 = 1075201 LEFT JOIN conditions c2 ON c2.SourceTypeOrReferenceId = 22 AND c2.SourceId = 0 AND c1.SourceEntry = -1075201 LEFT JOIN spawn_group sg ON sg.spawnId = 1075201 AND spawnType = 0 WHERE ce.spawnID = 1075201;
DELETE ce, c1, c2, sg FROM creature_entry ce LEFT JOIN conditions c1 ON c1.ConditionTypeOrReference = 31 AND c1.ConditionValue1 = 3 AND c1.ConditionValue3 = 1075202 LEFT JOIN conditions c2 ON c2.SourceTypeOrReferenceId = 22 AND c2.SourceId = 0 AND c1.SourceEntry = -1075202 LEFT JOIN spawn_group sg ON sg.spawnId = 1075202 AND spawnType = 0 WHERE ce.spawnID = 1075202;
DELETE ce, c1, c2, sg FROM creature_entry ce LEFT JOIN conditions c1 ON c1.ConditionTypeOrReference = 31 AND c1.ConditionValue1 = 3 AND c1.ConditionValue3 = 1075207 LEFT JOIN conditions c2 ON c2.SourceTypeOrReferenceId = 22 AND c2.SourceId = 0 AND c1.SourceEntry = -1075207 LEFT JOIN spawn_group sg ON sg.spawnId = 1075207 AND spawnType = 0 WHERE ce.spawnID = 1075207;
DELETE ce, c1, c2, sg FROM creature_entry ce LEFT JOIN conditions c1 ON c1.ConditionTypeOrReference = 31 AND c1.ConditionValue1 = 3 AND c1.ConditionValue3 = 1310795 LEFT JOIN conditions c2 ON c2.SourceTypeOrReferenceId = 22 AND c2.SourceId = 0 AND c1.SourceEntry = -1310795 LEFT JOIN spawn_group sg ON sg.spawnId = 1310795 AND spawnType = 0 WHERE ce.spawnID = 1310795;
DELETE ce, c1, c2, sg FROM creature_entry ce LEFT JOIN conditions c1 ON c1.ConditionTypeOrReference = 31 AND c1.ConditionValue1 = 3 AND c1.ConditionValue3 = 1310802 LEFT JOIN conditions c2 ON c2.SourceTypeOrReferenceId = 22 AND c2.SourceId = 0 AND c1.SourceEntry = -1310802 LEFT JOIN spawn_group sg ON sg.spawnId = 1310802 AND spawnType = 0 WHERE ce.spawnID = 1310802;
DELETE ce, c1, c2, sg FROM creature_entry ce LEFT JOIN conditions c1 ON c1.ConditionTypeOrReference = 31 AND c1.ConditionValue1 = 3 AND c1.ConditionValue3 = 1310808 LEFT JOIN conditions c2 ON c2.SourceTypeOrReferenceId = 22 AND c2.SourceId = 0 AND c1.SourceEntry = -1310808 LEFT JOIN spawn_group sg ON sg.spawnId = 1310808 AND spawnType = 0 WHERE ce.spawnID = 1310808;


-- Importing creature spawn with guid 213592 with import type REPLACE_ALL


-- Importing creature spawn with guid 213593 with import type REPLACE_ALL


-- Importing creature spawn with guid 213594 with import type REPLACE_ALL


-- Importing creature spawn with guid 213595 with import type REPLACE_ALL


-- Importing creature spawn with guid 213596 with import type REPLACE_ALL


-- Importing creature spawn with guid 213597 with import type REPLACE_ALL


-- Importing creature spawn with guid 213598 with import type REPLACE_ALL


-- Importing creature spawn with guid 213599 with import type REPLACE_ALL


-- Importing creature spawn with guid 213600 with import type REPLACE_ALL


-- Importing creature spawn with guid 213601 with import type REPLACE_ALL


-- Importing creature spawn with guid 213602 with import type REPLACE_ALL


-- Importing creature spawn with guid 213603 with import type REPLACE_ALL


-- Importing creature spawn with guid 213604 with import type REPLACE_ALL


-- Importing creature spawn with guid 213605 with import type REPLACE_ALL


-- Importing creature spawn with guid 213606 with import type REPLACE_ALL


-- Importing creature spawn with guid 213607 with import type REPLACE_ALL


-- Importing creature spawn with guid 213608 with import type REPLACE_ALL


-- Importing creature spawn with guid 213609 with import type REPLACE_ALL


-- Importing creature spawn with guid 213610 with import type REPLACE_ALL


-- Importing creature spawn with guid 213611 with import type REPLACE_ALL


-- Importing creature spawn with guid 213612 with import type REPLACE_ALL


-- Importing creature spawn with guid 213613 with import type REPLACE_ALL


-- Importing creature spawn with guid 213614 with import type REPLACE_ALL


-- Importing creature spawn with guid 213615 with import type REPLACE_ALL


-- Importing creature spawn with guid 213616 with import type REPLACE_ALL


-- Importing creature spawn with guid 213617 with import type REPLACE_ALL


-- Importing creature spawn with guid 213618 with import type REPLACE_ALL


-- Importing creature spawn with guid 213619 with import type REPLACE_ALL


-- Importing creature spawn with guid 213620 with import type REPLACE_ALL


-- Importing creature spawn with guid 213621 with import type REPLACE_ALL


-- Importing creature spawn with guid 213622 with import type REPLACE_ALL


-- Importing creature spawn with guid 213623 with import type REPLACE_ALL


-- Importing creature spawn with guid 213624 with import type REPLACE_ALL


-- Importing creature spawn with guid 213625 with import type REPLACE_ALL


-- Importing creature spawn with guid 213626 with import type REPLACE_ALL


-- Importing creature spawn with guid 213627 with import type REPLACE_ALL


-- Importing creature spawn with guid 213628 with import type REPLACE_ALL


-- Importing creature spawn with guid 213629 with import type REPLACE_ALL


-- Importing creature spawn with guid 213630 with import type REPLACE_ALL


-- Importing creature spawn with guid 213631 with import type REPLACE_ALL


-- Importing creature spawn with guid 213632 with import type REPLACE_ALL


-- Importing creature spawn with guid 213633 with import type REPLACE_ALL


-- Importing creature spawn with guid 213634 with import type REPLACE_ALL


-- Importing creature spawn with guid 213635 with import type REPLACE_ALL


-- Importing creature spawn with guid 213636 with import type REPLACE_ALL


-- Importing creature spawn with guid 213637 with import type REPLACE_ALL


-- Importing creature spawn with guid 213638 with import type REPLACE_ALL


-- Importing creature spawn with guid 213639 with import type REPLACE_ALL


-- Importing creature spawn with guid 213640 with import type REPLACE_ALL


-- Importing creature spawn with guid 213641 with import type REPLACE_ALL


-- Importing creature spawn with guid 213642 with import type REPLACE_ALL


-- Importing creature spawn with guid 213643 with import type REPLACE_ALL


-- Importing creature spawn with guid 213644 with import type REPLACE_ALL


-- Importing creature spawn with guid 213645 with import type REPLACE_ALL


-- Importing creature spawn with guid 213646 with import type REPLACE_ALL


-- Importing creature spawn with guid 213647 with import type REPLACE_ALL


-- Importing creature spawn with guid 213648 with import type REPLACE_ALL


-- Importing creature spawn with guid 213649 with import type REPLACE_ALL


-- Importing creature spawn with guid 213650 with import type REPLACE_ALL


-- Importing creature spawn with guid 213651 with import type REPLACE_ALL


-- Importing creature spawn with guid 213652 with import type REPLACE_ALL


-- Importing creature spawn with guid 213653 with import type REPLACE_ALL


-- Importing creature spawn with guid 213654 with import type REPLACE_ALL


-- Importing creature spawn with guid 213655 with import type REPLACE_ALL


-- Importing creature spawn with guid 213656 with import type REPLACE_ALL


-- Importing creature spawn with guid 213657 with import type REPLACE_ALL


-- Importing creature spawn with guid 213658 with import type REPLACE_ALL


-- Importing creature spawn with guid 213659 with import type REPLACE_ALL


-- Importing creature spawn with guid 213660 with import type REPLACE_ALL


-- Importing creature spawn with guid 213661 with import type REPLACE_ALL


-- Importing creature spawn with guid 213662 with import type REPLACE_ALL


-- Importing creature spawn with guid 213663 with import type REPLACE_ALL


-- Importing creature spawn with guid 213664 with import type REPLACE_ALL


-- Importing creature spawn with guid 213665 with import type REPLACE_ALL


-- Importing creature spawn with guid 213666 with import type REPLACE_ALL


-- Importing creature spawn with guid 213667 with import type REPLACE_ALL


-- Importing creature spawn with guid 213668 with import type REPLACE_ALL


-- Importing creature spawn with guid 213669 with import type REPLACE_ALL


-- Importing creature spawn with guid 213670 with import type REPLACE_ALL


-- Importing creature spawn with guid 213671 with import type REPLACE_ALL


-- Importing creature spawn with guid 213672 with import type REPLACE_ALL


-- Importing creature spawn with guid 213673 with import type REPLACE_ALL


-- Importing creature spawn with guid 213674 with import type REPLACE_ALL


-- Importing creature spawn with guid 213675 with import type REPLACE_ALL


-- Importing creature spawn with guid 213676 with import type REPLACE_ALL


-- Importing creature spawn with guid 213677 with import type REPLACE_ALL


-- Importing creature spawn with guid 213678 with import type REPLACE_ALL


-- Importing creature spawn with guid 213679 with import type REPLACE_ALL


-- Importing creature spawn with guid 213680 with import type REPLACE_ALL


-- Importing creature spawn with guid 213681 with import type REPLACE_ALL


-- Importing creature spawn with guid 213682 with import type REPLACE_ALL


-- Importing creature spawn with guid 213683 with import type REPLACE_ALL


-- Importing creature spawn with guid 213684 with import type REPLACE_ALL


-- Importing creature spawn with guid 213685 with import type REPLACE_ALL


-- Importing creature spawn with guid 213686 with import type REPLACE_ALL


-- Importing creature spawn with guid 213687 with import type REPLACE_ALL


-- Importing creature spawn with guid 213688 with import type REPLACE_ALL


-- Importing creature spawn with guid 213689 with import type REPLACE_ALL


-- Importing creature spawn with guid 213690 with import type REPLACE_ALL


-- Importing creature spawn with guid 213691 with import type REPLACE_ALL


-- Importing creature spawn with guid 213692 with import type REPLACE_ALL


-- Importing creature spawn with guid 213693 with import type REPLACE_ALL


-- Importing creature spawn with guid 213694 with import type REPLACE_ALL


-- Importing creature spawn with guid 213695 with import type REPLACE_ALL


-- Importing creature spawn with guid 213696 with import type REPLACE_ALL


-- Importing creature spawn with guid 213697 with import type REPLACE_ALL


-- Importing creature spawn with guid 213698 with import type REPLACE_ALL


-- Importing creature spawn with guid 213699 with import type REPLACE_ALL


-- Importing creature spawn with guid 213700 with import type REPLACE_ALL


-- Importing creature spawn with guid 213701 with import type REPLACE_ALL


-- Importing creature spawn with guid 213702 with import type REPLACE_ALL


-- Importing creature spawn with guid 213703 with import type REPLACE_ALL


-- Importing creature spawn with guid 213704 with import type REPLACE_ALL


-- Importing creature spawn with guid 213705 with import type REPLACE_ALL


-- Importing creature spawn with guid 213706 with import type REPLACE_ALL


-- Importing creature spawn with guid 213707 with import type REPLACE_ALL


-- Importing creature spawn with guid 213708 with import type REPLACE_ALL


-- Importing creature spawn with guid 213709 with import type REPLACE_ALL


-- Importing creature spawn with guid 213710 with import type REPLACE_ALL


-- Importing creature spawn with guid 213711 with import type REPLACE_ALL


-- Importing creature spawn with guid 213712 with import type REPLACE_ALL


-- Importing creature spawn with guid 213713 with import type REPLACE_ALL


-- Importing creature spawn with guid 213714 with import type REPLACE_ALL


-- Importing creature spawn with guid 213715 with import type REPLACE_ALL


-- Importing creature spawn with guid 213716 with import type REPLACE_ALL


-- Importing creature spawn with guid 213717 with import type REPLACE_ALL


-- Importing creature spawn with guid 213718 with import type REPLACE_ALL


-- Importing creature spawn with guid 213719 with import type REPLACE_ALL


-- Importing creature spawn with guid 74961 with import type REPLACE_ALL


-- Importing creature spawn with guid 74962 with import type REPLACE_ALL


-- Importing creature spawn with guid 74963 with import type REPLACE_ALL


-- Importing creature spawn with guid 74964 with import type REPLACE_ALL


-- Importing creature spawn with guid 74965 with import type REPLACE_ALL


-- Importing creature spawn with guid 74966 with import type REPLACE_ALL


-- Importing creature spawn with guid 74967 with import type REPLACE_ALL


-- Importing creature spawn with guid 74968 with import type REPLACE_ALL


-- Importing creature spawn with guid 74969 with import type REPLACE_ALL


-- Importing creature spawn with guid 74970 with import type REPLACE_ALL


-- Importing creature spawn with guid 74971 with import type REPLACE_ALL


-- Importing creature spawn with guid 74972 with import type REPLACE_ALL


-- Importing creature spawn with guid 75068 with import type REPLACE_ALL


-- Importing creature spawn with guid 75069 with import type REPLACE_ALL


-- Importing creature spawn with guid 75070 with import type REPLACE_ALL


-- Importing creature spawn with guid 75071 with import type REPLACE_ALL


-- Importing creature spawn with guid 75072 with import type REPLACE_ALL


-- Importing creature spawn with guid 75073 with import type REPLACE_ALL


-- Importing creature spawn with guid 75074 with import type REPLACE_ALL


-- Importing creature spawn with guid 75075 with import type REPLACE_ALL


-- Importing creature spawn with guid 75076 with import type REPLACE_ALL


-- Importing creature spawn with guid 75077 with import type REPLACE_ALL


-- Importing creature spawn with guid 75078 with import type REPLACE_ALL


-- Importing creature spawn with guid 75079 with import type REPLACE_ALL


-- Importing creature spawn with guid 75080 with import type REPLACE_ALL


-- Importing creature spawn with guid 75081 with import type REPLACE_ALL


-- Importing creature spawn with guid 143660 with import type REPLACE_ALL


-- Importing creature spawn with guid 143661 with import type REPLACE_ALL


-- Importing creature spawn with guid 143662 with import type REPLACE_ALL


-- Importing creature spawn with guid 143663 with import type REPLACE_ALL


-- Importing creature spawn with guid 143664 with import type REPLACE_ALL


-- Importing creature spawn with guid 143666 with import type REPLACE_ALL


-- Importing creature spawn with guid 143667 with import type REPLACE_ALL


-- Importing creature spawn with guid 143668 with import type REPLACE_ALL


-- Importing creature spawn with guid 143669 with import type REPLACE_ALL


-- Importing creature spawn with guid 143670 with import type REPLACE_ALL


-- Importing creature spawn with guid 143671 with import type REPLACE_ALL


-- Importing creature spawn with guid 143672 with import type REPLACE_ALL


-- Importing creature spawn with guid 143673 with import type REPLACE_ALL


-- Importing creature spawn with guid 143674 with import type REPLACE_ALL


-- Importing creature spawn with guid 143675 with import type REPLACE_ALL


-- Importing creature spawn with guid 143676 with import type REPLACE_ALL


-- Importing creature spawn with guid 143677 with import type REPLACE_ALL


-- Importing creature spawn with guid 143678 with import type REPLACE_ALL


-- Importing creature spawn with guid 143679 with import type REPLACE_ALL


-- Importing creature spawn with guid 143680 with import type REPLACE_ALL


-- Importing creature spawn with guid 143681 with import type REPLACE_ALL


-- Importing creature spawn with guid 143682 with import type REPLACE_ALL


-- Importing creature spawn with guid 143683 with import type REPLACE_ALL


-- Importing creature spawn with guid 143684 with import type REPLACE_ALL


-- Importing creature spawn with guid 143685 with import type REPLACE_ALL


-- Importing creature spawn with guid 143686 with import type REPLACE_ALL


-- Importing creature spawn with guid 143687 with import type REPLACE_ALL


-- Importing creature spawn with guid 143688 with import type REPLACE_ALL


-- Importing creature spawn with guid 143689 with import type REPLACE_ALL


-- Importing creature spawn with guid 143690 with import type REPLACE_ALL


-- Importing creature spawn with guid 143691 with import type REPLACE_ALL


-- Importing creature spawn with guid 143692 with import type REPLACE_ALL


-- Importing creature spawn with guid 143693 with import type REPLACE_ALL


-- Importing creature spawn with guid 143694 with import type REPLACE_ALL


-- Importing creature spawn with guid 143695 with import type REPLACE_ALL


-- Importing creature spawn with guid 143696 with import type REPLACE_ALL


-- Importing creature spawn with guid 143698 with import type REPLACE_ALL


-- Importing creature spawn with guid 143699 with import type REPLACE_ALL


-- Importing creature spawn with guid 143702 with import type REPLACE_ALL


-- Importing creature spawn with guid 143703 with import type REPLACE_ALL


-- Importing creature spawn with guid 143704 with import type REPLACE_ALL


-- Importing creature spawn with guid 143709 with import type REPLACE_ALL


-- Importing creature spawn with guid 143710 with import type REPLACE_ALL


-- Importing creature spawn with guid 143711 with import type REPLACE_ALL


-- Importing creature spawn with guid 143712 with import type REPLACE_ALL


-- Importing creature spawn with guid 143716 with import type REPLACE_ALL


-- Importing creature spawn with guid 143717 with import type REPLACE_ALL


-- Importing creature spawn with guid 143718 with import type REPLACE_ALL


-- Importing creature spawn with guid 143719 with import type REPLACE_ALL


-- Importing creature spawn with guid 143720 with import type REPLACE_ALL


-- Importing creature spawn with guid 143721 with import type REPLACE_ALL


-- Importing creature spawn with guid 143722 with import type REPLACE_ALL


-- Importing creature spawn with guid 143723 with import type REPLACE_ALL


-- Importing creature spawn with guid 143724 with import type REPLACE_ALL


-- Importing creature spawn with guid 143726 with import type REPLACE_ALL
INSERT INTO creature_entry (`spawnID`, `entry`) VALUES ('143726', '23169');
INSERT INTO creature (`spawnID`, `map`, `spawnMask`, `modelid`, `equipment_id`, `position_x`, `position_y`, `position_z`, `orientation`, `spawntimesecs`, `spawndist`, `currentwaypoint`, `curhealth`, `curmana`, `MovementType`, `unit_flags`, `pool_id`, `patch_min`, `patch_max`) VALUES ('143726', '530', '1', NULL, '0', '-4967.99', '620.932', '15.9711', '4.67637', '300', '4', '0', '4299', '0', '1', '0', '0', '0', '10');
INSERT INTO spawn_group (`groupId`, `spawnType`, `spawnId`) VALUES ('2', '0', '143726');
INSERT INTO creature_entry (`spawnID`, `entry`) VALUES ('143731', '23169');
INSERT INTO creature (`spawnID`, `map`, `spawnMask`, `modelid`, `equipment_id`, `position_x`, `position_y`, `position_z`, `orientation`, `spawntimesecs`, `spawndist`, `currentwaypoint`, `curhealth`, `curmana`, `MovementType`, `unit_flags`, `pool_id`, `patch_min`, `patch_max`) VALUES ('143731', '530', '1', NULL, '0', '-5010.13', '689.911', '18.9269', '5.89491', '300', '4', '0', '4299', '0', '1', '0', '0', '0', '10');
INSERT INTO spawn_group (`groupId`, `spawnType`, `spawnId`) VALUES ('2', '0', '143731');
INSERT INTO creature_entry (`spawnID`, `entry`) VALUES ('143733', '23169');
INSERT INTO creature (`spawnID`, `map`, `spawnMask`, `modelid`, `equipment_id`, `position_x`, `position_y`, `position_z`, `orientation`, `spawntimesecs`, `spawndist`, `currentwaypoint`, `curhealth`, `curmana`, `MovementType`, `unit_flags`, `pool_id`, `patch_min`, `patch_max`) VALUES ('143733', '530', '1', NULL, '0', '-5013.31', '639.056', '23.5544', '1.21291', '300', '4', '0', '4299', '0', '1', '0', '0', '0', '10');
INSERT INTO spawn_group (`groupId`, `spawnType`, `spawnId`) VALUES ('2', '0', '143733');
INSERT INTO creature_entry (`spawnID`, `entry`) VALUES ('143735', '23169');
INSERT INTO creature (`spawnID`, `map`, `spawnMask`, `modelid`, `equipment_id`, `position_x`, `position_y`, `position_z`, `orientation`, `spawntimesecs`, `spawndist`, `currentwaypoint`, `curhealth`, `curmana`, `MovementType`, `unit_flags`, `pool_id`, `patch_min`, `patch_max`) VALUES ('143735', '530', '1', NULL, '0', '-4979.91', '633.551', '20.3067', '5.37258', '300', '4', '0', '4299', '0', '1', '0', '0', '0', '10');
INSERT INTO spawn_group (`groupId`, `spawnType`, `spawnId`) VALUES ('2', '0', '143735');
INSERT INTO creature_entry (`spawnID`, `entry`) VALUES ('143737', '23169');
INSERT INTO creature (`spawnID`, `map`, `spawnMask`, `modelid`, `equipment_id`, `position_x`, `position_y`, `position_z`, `orientation`, `spawntimesecs`, `spawndist`, `currentwaypoint`, `curhealth`, `curmana`, `MovementType`, `unit_flags`, `pool_id`, `patch_min`, `patch_max`) VALUES ('143737', '530', '1', NULL, '0', '-4966.19', '655.646', '20.2252', '5.77068', '300', '4', '0', '4299', '0', '1', '0', '0', '0', '10');
INSERT INTO spawn_group (`groupId`, `spawnType`, `spawnId`) VALUES ('2', '0', '143737');
INSERT INTO creature_entry (`spawnID`, `entry`) VALUES ('143742', '23169');
INSERT INTO creature (`spawnID`, `map`, `spawnMask`, `modelid`, `equipment_id`, `position_x`, `position_y`, `position_z`, `orientation`, `spawntimesecs`, `spawndist`, `currentwaypoint`, `curhealth`, `curmana`, `MovementType`, `unit_flags`, `pool_id`, `patch_min`, `patch_max`) VALUES ('143742', '530', '1', NULL, '0', '-4920.44', '554.348', '6.81108', '1.59274', '300', '4', '0', '4299', '0', '1', '0', '0', '0', '10');
INSERT INTO spawn_group (`groupId`, `spawnType`, `spawnId`) VALUES ('2', '0', '143742');
INSERT INTO creature_entry (`spawnID`, `entry`) VALUES ('143743', '23169');
INSERT INTO creature (`spawnID`, `map`, `spawnMask`, `modelid`, `equipment_id`, `position_x`, `position_y`, `position_z`, `orientation`, `spawntimesecs`, `spawndist`, `currentwaypoint`, `curhealth`, `curmana`, `MovementType`, `unit_flags`, `pool_id`, `patch_min`, `patch_max`) VALUES ('143743', '530', '1', NULL, '0', '-4885.11', '529.774', '-0.0718832', '3.10488', '300', '4', '0', '4299', '0', '1', '0', '0', '0', '10');
INSERT INTO spawn_group (`groupId`, `spawnType`, `spawnId`) VALUES ('2', '0', '143743');
INSERT INTO creature_entry (`spawnID`, `entry`) VALUES ('143745', '23169');
INSERT INTO creature (`spawnID`, `map`, `spawnMask`, `modelid`, `equipment_id`, `position_x`, `position_y`, `position_z`, `orientation`, `spawntimesecs`, `spawndist`, `currentwaypoint`, `curhealth`, `curmana`, `MovementType`, `unit_flags`, `pool_id`, `patch_min`, `patch_max`) VALUES ('143745', '530', '1', NULL, '0', '-4958.08', '598.221', '13.3254', '2.34514', '300', '4', '0', '4299', '0', '1', '0', '0', '0', '10');
INSERT INTO spawn_group (`groupId`, `spawnType`, `spawnId`) VALUES ('2', '0', '143745');
INSERT INTO creature_entry (`spawnID`, `entry`) VALUES ('143746', '23169');
INSERT INTO creature (`spawnID`, `map`, `spawnMask`, `modelid`, `equipment_id`, `position_x`, `position_y`, `position_z`, `orientation`, `spawntimesecs`, `spawndist`, `currentwaypoint`, `curhealth`, `curmana`, `MovementType`, `unit_flags`, `pool_id`, `patch_min`, `patch_max`) VALUES ('143746', '530', '1', NULL, '0', '-4946.53', '565.818', '8.39564', '2.17196', '300', '4', '0', '4299', '0', '1', '0', '0', '0', '10');
INSERT INTO spawn_group (`groupId`, `spawnType`, `spawnId`) VALUES ('2', '0', '143746');
INSERT INTO creature_entry (`spawnID`, `entry`) VALUES ('143751', '23169');
INSERT INTO creature (`spawnID`, `map`, `spawnMask`, `modelid`, `equipment_id`, `position_x`, `position_y`, `position_z`, `orientation`, `spawntimesecs`, `spawndist`, `currentwaypoint`, `curhealth`, `curmana`, `MovementType`, `unit_flags`, `pool_id`, `patch_min`, `patch_max`) VALUES ('143751', '530', '1', NULL, '0', '-4883.25', '474.996', '-2.79057', '0.494797', '300', '4', '0', '4299', '0', '1', '0', '0', '0', '10');
INSERT INTO spawn_group (`groupId`, `spawnType`, `spawnId`) VALUES ('2', '0', '143751');
INSERT INTO creature_entry (`spawnID`, `entry`) VALUES ('143753', '23169');
INSERT INTO creature (`spawnID`, `map`, `spawnMask`, `modelid`, `equipment_id`, `position_x`, `position_y`, `position_z`, `orientation`, `spawntimesecs`, `spawndist`, `currentwaypoint`, `curhealth`, `curmana`, `MovementType`, `unit_flags`, `pool_id`, `patch_min`, `patch_max`) VALUES ('143753', '530', '1', NULL, '0', '-4917.94', '430.338', '-1.61958', '5.61221', '300', '4', '0', '4299', '0', '1', '0', '0', '0', '10');
INSERT INTO spawn_group (`groupId`, `spawnType`, `spawnId`) VALUES ('2', '0', '143753');
INSERT INTO creature_entry (`spawnID`, `entry`) VALUES ('143755', '23169');
INSERT INTO creature (`spawnID`, `map`, `spawnMask`, `modelid`, `equipment_id`, `position_x`, `position_y`, `position_z`, `orientation`, `spawntimesecs`, `spawndist`, `currentwaypoint`, `curhealth`, `curmana`, `MovementType`, `unit_flags`, `pool_id`, `patch_min`, `patch_max`) VALUES ('143755', '530', '1', NULL, '0', '-5038.03', '350.875', '2.62308', '3.72062', '300', '4', '0', '4299', '0', '1', '0', '0', '0', '10');
INSERT INTO spawn_group (`groupId`, `spawnType`, `spawnId`) VALUES ('2', '0', '143755');
INSERT INTO creature_entry (`spawnID`, `entry`) VALUES ('143756', '23169');
INSERT INTO creature (`spawnID`, `map`, `spawnMask`, `modelid`, `equipment_id`, `position_x`, `position_y`, `position_z`, `orientation`, `spawntimesecs`, `spawndist`, `currentwaypoint`, `curhealth`, `curmana`, `MovementType`, `unit_flags`, `pool_id`, `patch_min`, `patch_max`) VALUES ('143756', '530', '1', NULL, '0', '-4973.92', '319.212', '-2.41731', '1.52532', '300', '4', '0', '4299', '0', '1', '0', '0', '0', '10');
INSERT INTO spawn_group (`groupId`, `spawnType`, `spawnId`) VALUES ('2', '0', '143756');
INSERT INTO creature_entry (`spawnID`, `entry`) VALUES ('143757', '23169');
INSERT INTO creature (`spawnID`, `map`, `spawnMask`, `modelid`, `equipment_id`, `position_x`, `position_y`, `position_z`, `orientation`, `spawntimesecs`, `spawndist`, `currentwaypoint`, `curhealth`, `curmana`, `MovementType`, `unit_flags`, `pool_id`, `patch_min`, `patch_max`) VALUES ('143757', '530', '1', NULL, '0', '-4931.09', '298.953', '-11.7131', '3.18538', '300', '4', '0', '4299', '0', '1', '0', '0', '0', '10');
INSERT INTO spawn_group (`groupId`, `spawnType`, `spawnId`) VALUES ('2', '0', '143757');
INSERT INTO creature_entry (`spawnID`, `entry`) VALUES ('143760', '23169');
INSERT INTO creature (`spawnID`, `map`, `spawnMask`, `modelid`, `equipment_id`, `position_x`, `position_y`, `position_z`, `orientation`, `spawntimesecs`, `spawndist`, `currentwaypoint`, `curhealth`, `curmana`, `MovementType`, `unit_flags`, `pool_id`, `patch_min`, `patch_max`) VALUES ('143760', '530', '1', NULL, '0', '-5010.78', '274.031', '-1.59692', '4.01841', '300', '4', '0', '4299', '0', '1', '0', '0', '0', '10');
INSERT INTO spawn_group (`groupId`, `spawnType`, `spawnId`) VALUES ('2', '0', '143760');
INSERT INTO creature_entry (`spawnID`, `entry`) VALUES ('143763', '23169');
INSERT INTO creature (`spawnID`, `map`, `spawnMask`, `modelid`, `equipment_id`, `position_x`, `position_y`, `position_z`, `orientation`, `spawntimesecs`, `spawndist`, `currentwaypoint`, `curhealth`, `curmana`, `MovementType`, `unit_flags`, `pool_id`, `patch_min`, `patch_max`) VALUES ('143763', '530', '1', NULL, '0', '-5062.85', '293.875', '-8.14983', '3.96782', '300', '4', '0', '4299', '0', '1', '0', '0', '0', '10');
INSERT INTO spawn_group (`groupId`, `spawnType`, `spawnId`) VALUES ('2', '0', '143763');
INSERT INTO creature_entry (`spawnID`, `entry`) VALUES ('143764', '23169');
INSERT INTO creature (`spawnID`, `map`, `spawnMask`, `modelid`, `equipment_id`, `position_x`, `position_y`, `position_z`, `orientation`, `spawntimesecs`, `spawndist`, `currentwaypoint`, `curhealth`, `curmana`, `MovementType`, `unit_flags`, `pool_id`, `patch_min`, `patch_max`) VALUES ('143764', '530', '1', NULL, '0', '-5018.06', '224.327', '-10.2253', '0.688617', '300', '4', '0', '4299', '0', '1', '0', '0', '0', '10');
INSERT INTO spawn_group (`groupId`, `spawnType`, `spawnId`) VALUES ('2', '0', '143764');
INSERT INTO creature_entry (`spawnID`, `entry`) VALUES ('143766', '23169');
INSERT INTO creature (`spawnID`, `map`, `spawnMask`, `modelid`, `equipment_id`, `position_x`, `position_y`, `position_z`, `orientation`, `spawntimesecs`, `spawndist`, `currentwaypoint`, `curhealth`, `curmana`, `MovementType`, `unit_flags`, `pool_id`, `patch_min`, `patch_max`) VALUES ('143766', '530', '1', NULL, '0', '-4935.26', '463.83', '0.322369', '0.162504', '300', '4', '0', '4299', '0', '1', '0', '0', '0', '10');
INSERT INTO spawn_group (`groupId`, `spawnType`, `spawnId`) VALUES ('2', '0', '143766');
INSERT INTO creature_entry (`spawnID`, `entry`) VALUES ('143767', '23169');
INSERT INTO creature (`spawnID`, `map`, `spawnMask`, `modelid`, `equipment_id`, `position_x`, `position_y`, `position_z`, `orientation`, `spawntimesecs`, `spawndist`, `currentwaypoint`, `curhealth`, `curmana`, `MovementType`, `unit_flags`, `pool_id`, `patch_min`, `patch_max`) VALUES ('143767', '530', '1', NULL, '0', '-4922.94', '501.758', '2.84953', '5.34202', '300', '4', '0', '4299', '0', '1', '0', '0', '0', '10');
INSERT INTO spawn_group (`groupId`, `spawnType`, `spawnId`) VALUES ('2', '0', '143767');
INSERT INTO creature_entry (`spawnID`, `entry`) VALUES ('143768', '23169');
INSERT INTO creature (`spawnID`, `map`, `spawnMask`, `modelid`, `equipment_id`, `position_x`, `position_y`, `position_z`, `orientation`, `spawntimesecs`, `spawndist`, `currentwaypoint`, `curhealth`, `curmana`, `MovementType`, `unit_flags`, `pool_id`, `patch_min`, `patch_max`) VALUES ('143768', '530', '1', NULL, '0', '-4975.55', '269.095', '-6.79952', '5.49943', '300', '4', '0', '4299', '0', '1', '0', '0', '0', '10');
INSERT INTO spawn_group (`groupId`, `spawnType`, `spawnId`) VALUES ('2', '0', '143768');
INSERT INTO creature_entry (`spawnID`, `entry`) VALUES ('143769', '23169');
INSERT INTO creature (`spawnID`, `map`, `spawnMask`, `modelid`, `equipment_id`, `position_x`, `position_y`, `position_z`, `orientation`, `spawntimesecs`, `spawndist`, `currentwaypoint`, `curhealth`, `curmana`, `MovementType`, `unit_flags`, `pool_id`, `patch_min`, `patch_max`) VALUES ('143769', '530', '1', NULL, '0', '-4960.4', '355.089', '-1.78741', '5.13321', '300', '4', '0', '4299', '0', '1', '0', '0', '0', '10');
INSERT INTO spawn_group (`groupId`, `spawnType`, `spawnId`) VALUES ('2', '0', '143769');
INSERT INTO creature_entry (`spawnID`, `entry`) VALUES ('143777', '23169');
INSERT INTO creature (`spawnID`, `map`, `spawnMask`, `modelid`, `equipment_id`, `position_x`, `position_y`, `position_z`, `orientation`, `spawntimesecs`, `spawndist`, `currentwaypoint`, `curhealth`, `curmana`, `MovementType`, `unit_flags`, `pool_id`, `patch_min`, `patch_max`) VALUES ('143777', '530', '1', NULL, '0', '-5094.84', '177.709', '-8.40872', '4.03879', '300', '4', '0', '4299', '0', '1', '0', '0', '0', '10');
INSERT INTO spawn_group (`groupId`, `spawnType`, `spawnId`) VALUES ('2', '0', '143777');
INSERT INTO creature_entry (`spawnID`, `entry`) VALUES ('143778', '23169');
INSERT INTO creature (`spawnID`, `map`, `spawnMask`, `modelid`, `equipment_id`, `position_x`, `position_y`, `position_z`, `orientation`, `spawntimesecs`, `spawndist`, `currentwaypoint`, `curhealth`, `curmana`, `MovementType`, `unit_flags`, `pool_id`, `patch_min`, `patch_max`) VALUES ('143778', '530', '1', NULL, '0', '-5059.07', '126.298', '-16.5597', '5.17002', '300', '4', '0', '4299', '0', '1', '0', '0', '0', '10');
INSERT INTO spawn_group (`groupId`, `spawnType`, `spawnId`) VALUES ('2', '0', '143778');
INSERT INTO creature_entry (`spawnID`, `entry`) VALUES ('143779', '23169');
INSERT INTO creature (`spawnID`, `map`, `spawnMask`, `modelid`, `equipment_id`, `position_x`, `position_y`, `position_z`, `orientation`, `spawntimesecs`, `spawndist`, `currentwaypoint`, `curhealth`, `curmana`, `MovementType`, `unit_flags`, `pool_id`, `patch_min`, `patch_max`) VALUES ('143779', '530', '1', NULL, '0', '-5109.45', '127.173', '-13.8166', '1.71806', '300', '4', '0', '4299', '0', '1', '0', '0', '0', '10');
INSERT INTO spawn_group (`groupId`, `spawnType`, `spawnId`) VALUES ('2', '0', '143779');
INSERT INTO creature_entry (`spawnID`, `entry`) VALUES ('143780', '23169');
INSERT INTO creature (`spawnID`, `map`, `spawnMask`, `modelid`, `equipment_id`, `position_x`, `position_y`, `position_z`, `orientation`, `spawntimesecs`, `spawndist`, `currentwaypoint`, `curhealth`, `curmana`, `MovementType`, `unit_flags`, `pool_id`, `patch_min`, `patch_max`) VALUES ('143780', '530', '1', NULL, '0', '-4954.41', '294.593', '-5.89805', '0.862686', '300', '4', '0', '4299', '0', '1', '0', '0', '0', '10');
INSERT INTO spawn_group (`groupId`, `spawnType`, `spawnId`) VALUES ('2', '0', '143780');
INSERT INTO creature_entry (`spawnID`, `entry`) VALUES ('143781', '23169');
INSERT INTO creature (`spawnID`, `map`, `spawnMask`, `modelid`, `equipment_id`, `position_x`, `position_y`, `position_z`, `orientation`, `spawntimesecs`, `spawndist`, `currentwaypoint`, `curhealth`, `curmana`, `MovementType`, `unit_flags`, `pool_id`, `patch_min`, `patch_max`) VALUES ('143781', '530', '1', NULL, '0', '-5116.2', '103.056', '-12.6599', '4.63843', '300', '4', '0', '4299', '0', '1', '0', '0', '0', '10');
INSERT INTO spawn_group (`groupId`, `spawnType`, `spawnId`) VALUES ('2', '0', '143781');
INSERT INTO creature_entry (`spawnID`, `entry`) VALUES ('143782', '23169');
INSERT INTO creature (`spawnID`, `map`, `spawnMask`, `modelid`, `equipment_id`, `position_x`, `position_y`, `position_z`, `orientation`, `spawntimesecs`, `spawndist`, `currentwaypoint`, `curhealth`, `curmana`, `MovementType`, `unit_flags`, `pool_id`, `patch_min`, `patch_max`) VALUES ('143782', '530', '1', NULL, '0', '-5143.03', '145.9', '-12.4776', '2.74114', '300', '4', '0', '4299', '0', '1', '0', '0', '0', '10');
INSERT INTO spawn_group (`groupId`, `spawnType`, `spawnId`) VALUES ('2', '0', '143782');
INSERT INTO creature_entry (`spawnID`, `entry`) VALUES ('143783', '23169');
INSERT INTO creature (`spawnID`, `map`, `spawnMask`, `modelid`, `equipment_id`, `position_x`, `position_y`, `position_z`, `orientation`, `spawntimesecs`, `spawndist`, `currentwaypoint`, `curhealth`, `curmana`, `MovementType`, `unit_flags`, `pool_id`, `patch_min`, `patch_max`) VALUES ('143783', '530', '1', NULL, '0', '-5110.54', '154.916', '-10.5743', '1.11505', '300', '4', '0', '4299', '0', '1', '0', '0', '0', '10');
INSERT INTO spawn_group (`groupId`, `spawnType`, `spawnId`) VALUES ('2', '0', '143783');
INSERT INTO creature_entry (`spawnID`, `entry`) VALUES ('143785', '23169');
INSERT INTO creature (`spawnID`, `map`, `spawnMask`, `modelid`, `equipment_id`, `position_x`, `position_y`, `position_z`, `orientation`, `spawntimesecs`, `spawndist`, `currentwaypoint`, `curhealth`, `curmana`, `MovementType`, `unit_flags`, `pool_id`, `patch_min`, `patch_max`) VALUES ('143785', '530', '1', NULL, '0', '-5003.26', '159.898', '-14.7386', '0.22568', '300', '4', '0', '4299', '0', '1', '0', '0', '0', '10');
INSERT INTO spawn_group (`groupId`, `spawnType`, `spawnId`) VALUES ('2', '0', '143785');
INSERT INTO creature_entry (`spawnID`, `entry`) VALUES ('143787', '23169');
INSERT INTO creature (`spawnID`, `map`, `spawnMask`, `modelid`, `equipment_id`, `position_x`, `position_y`, `position_z`, `orientation`, `spawntimesecs`, `spawndist`, `currentwaypoint`, `curhealth`, `curmana`, `MovementType`, `unit_flags`, `pool_id`, `patch_min`, `patch_max`) VALUES ('143787', '530', '1', NULL, '0', '-4975.54', '227.946', '-10.7442', '0.62282', '300', '4', '0', '4299', '0', '1', '0', '0', '0', '10');
INSERT INTO spawn_group (`groupId`, `spawnType`, `spawnId`) VALUES ('2', '0', '143787');
INSERT INTO creature_entry (`spawnID`, `entry`) VALUES ('143788', '23169');
INSERT INTO creature (`spawnID`, `map`, `spawnMask`, `modelid`, `equipment_id`, `position_x`, `position_y`, `position_z`, `orientation`, `spawntimesecs`, `spawndist`, `currentwaypoint`, `curhealth`, `curmana`, `MovementType`, `unit_flags`, `pool_id`, `patch_min`, `patch_max`) VALUES ('143788', '530', '1', NULL, '0', '-4991.77', '250.844', '-5.68125', '2.22313', '300', '4', '0', '4299', '0', '1', '0', '0', '0', '10');
INSERT INTO spawn_group (`groupId`, `spawnType`, `spawnId`) VALUES ('2', '0', '143788');
INSERT INTO creature_entry (`spawnID`, `entry`) VALUES ('143790', '23169');
INSERT INTO creature (`spawnID`, `map`, `spawnMask`, `modelid`, `equipment_id`, `position_x`, `position_y`, `position_z`, `orientation`, `spawntimesecs`, `spawndist`, `currentwaypoint`, `curhealth`, `curmana`, `MovementType`, `unit_flags`, `pool_id`, `patch_min`, `patch_max`) VALUES ('143790', '530', '1', NULL, '0', '-5001.91', '292.276', '-0.909523', '1.15177', '300', '4', '0', '4299', '0', '1', '0', '0', '0', '10');
INSERT INTO spawn_group (`groupId`, `spawnType`, `spawnId`) VALUES ('2', '0', '143790');
INSERT INTO creature_entry (`spawnID`, `entry`) VALUES ('143794', '23169');
INSERT INTO creature (`spawnID`, `map`, `spawnMask`, `modelid`, `equipment_id`, `position_x`, `position_y`, `position_z`, `orientation`, `spawntimesecs`, `spawndist`, `currentwaypoint`, `curhealth`, `curmana`, `MovementType`, `unit_flags`, `pool_id`, `patch_min`, `patch_max`) VALUES ('143794', '530', '1', NULL, '0', '-5040.05', '317.909', '-4.03592', '4.63579', '300', '4', '0', '4299', '0', '1', '0', '0', '0', '10');
INSERT INTO spawn_group (`groupId`, `spawnType`, `spawnId`) VALUES ('2', '0', '143794');
INSERT INTO creature_entry (`spawnID`, `entry`) VALUES ('143795', '23169');
INSERT INTO creature (`spawnID`, `map`, `spawnMask`, `modelid`, `equipment_id`, `position_x`, `position_y`, `position_z`, `orientation`, `spawntimesecs`, `spawndist`, `currentwaypoint`, `curhealth`, `curmana`, `MovementType`, `unit_flags`, `pool_id`, `patch_min`, `patch_max`) VALUES ('143795', '530', '1', NULL, '0', '-4957.85', '405.278', '0.924021', '3.04655', '300', '4', '0', '4299', '0', '1', '0', '0', '0', '10');
INSERT INTO spawn_group (`groupId`, `spawnType`, `spawnId`) VALUES ('2', '0', '143795');
INSERT INTO creature_entry (`spawnID`, `entry`) VALUES ('143796', '23169');
INSERT INTO creature (`spawnID`, `map`, `spawnMask`, `modelid`, `equipment_id`, `position_x`, `position_y`, `position_z`, `orientation`, `spawntimesecs`, `spawndist`, `currentwaypoint`, `curhealth`, `curmana`, `MovementType`, `unit_flags`, `pool_id`, `patch_min`, `patch_max`) VALUES ('143796', '530', '1', NULL, '0', '-4948.44', '460.188', '0.102771', '0.993547', '300', '4', '0', '4299', '0', '1', '0', '0', '0', '10');
INSERT INTO spawn_group (`groupId`, `spawnType`, `spawnId`) VALUES ('2', '0', '143796');
INSERT INTO creature_entry (`spawnID`, `entry`) VALUES ('143798', '23169');
INSERT INTO creature (`spawnID`, `map`, `spawnMask`, `modelid`, `equipment_id`, `position_x`, `position_y`, `position_z`, `orientation`, `spawntimesecs`, `spawndist`, `currentwaypoint`, `curhealth`, `curmana`, `MovementType`, `unit_flags`, `pool_id`, `patch_min`, `patch_max`) VALUES ('143798', '530', '1', NULL, '0', '-4955.56', '438.111', '2.45324', '3.58539', '300', '4', '0', '4299', '0', '1', '0', '0', '0', '10');
INSERT INTO spawn_group (`groupId`, `spawnType`, `spawnId`) VALUES ('2', '0', '143798');
INSERT INTO creature_entry (`spawnID`, `entry`) VALUES ('143799', '23169');
INSERT INTO creature (`spawnID`, `map`, `spawnMask`, `modelid`, `equipment_id`, `position_x`, `position_y`, `position_z`, `orientation`, `spawntimesecs`, `spawndist`, `currentwaypoint`, `curhealth`, `curmana`, `MovementType`, `unit_flags`, `pool_id`, `patch_min`, `patch_max`) VALUES ('143799', '530', '1', NULL, '0', '-4924.5', '453.212', '1.67316', '0.402385', '300', '4', '0', '4299', '0', '1', '0', '0', '0', '10');
INSERT INTO spawn_group (`groupId`, `spawnType`, `spawnId`) VALUES ('2', '0', '143799');
INSERT INTO creature_entry (`spawnID`, `entry`) VALUES ('143800', '23169');
INSERT INTO creature (`spawnID`, `map`, `spawnMask`, `modelid`, `equipment_id`, `position_x`, `position_y`, `position_z`, `orientation`, `spawntimesecs`, `spawndist`, `currentwaypoint`, `curhealth`, `curmana`, `MovementType`, `unit_flags`, `pool_id`, `patch_min`, `patch_max`) VALUES ('143800', '530', '1', NULL, '0', '-4978.23', '457.862', '3.57961', '5.98901', '300', '4', '0', '4299', '0', '1', '0', '0', '0', '10');
INSERT INTO spawn_group (`groupId`, `spawnType`, `spawnId`) VALUES ('2', '0', '143800');
INSERT INTO creature_entry (`spawnID`, `entry`) VALUES ('143801', '23169');
INSERT INTO creature (`spawnID`, `map`, `spawnMask`, `modelid`, `equipment_id`, `position_x`, `position_y`, `position_z`, `orientation`, `spawntimesecs`, `spawndist`, `currentwaypoint`, `curhealth`, `curmana`, `MovementType`, `unit_flags`, `pool_id`, `patch_min`, `patch_max`) VALUES ('143801', '530', '1', NULL, '0', '-4910.38', '470.403', '0.864112', '1.14185', '300', '4', '0', '4299', '0', '1', '0', '0', '0', '10');
INSERT INTO spawn_group (`groupId`, `spawnType`, `spawnId`) VALUES ('2', '0', '143801');
INSERT INTO creature_entry (`spawnID`, `entry`) VALUES ('143802', '23169');
INSERT INTO creature (`spawnID`, `map`, `spawnMask`, `modelid`, `equipment_id`, `position_x`, `position_y`, `position_z`, `orientation`, `spawntimesecs`, `spawndist`, `currentwaypoint`, `curhealth`, `curmana`, `MovementType`, `unit_flags`, `pool_id`, `patch_min`, `patch_max`) VALUES ('143802', '530', '1', NULL, '0', '-4970.95', '480.743', '4.06482', '5.43455', '300', '4', '0', '4299', '0', '1', '0', '0', '0', '10');
INSERT INTO spawn_group (`groupId`, `spawnType`, `spawnId`) VALUES ('2', '0', '143802');
INSERT INTO creature_entry (`spawnID`, `entry`) VALUES ('143808', '23169');
INSERT INTO creature (`spawnID`, `map`, `spawnMask`, `modelid`, `equipment_id`, `position_x`, `position_y`, `position_z`, `orientation`, `spawntimesecs`, `spawndist`, `currentwaypoint`, `curhealth`, `curmana`, `MovementType`, `unit_flags`, `pool_id`, `patch_min`, `patch_max`) VALUES ('143808', '530', '1', NULL, '0', '-4934.58', '535.116', '6.56459', '4.53612', '300', '4', '0', '4299', '0', '1', '0', '0', '0', '10');
INSERT INTO spawn_group (`groupId`, `spawnType`, `spawnId`) VALUES ('2', '0', '143808');
INSERT INTO creature_entry (`spawnID`, `entry`) VALUES ('143809', '23169');
INSERT INTO creature (`spawnID`, `map`, `spawnMask`, `modelid`, `equipment_id`, `position_x`, `position_y`, `position_z`, `orientation`, `spawntimesecs`, `spawndist`, `currentwaypoint`, `curhealth`, `curmana`, `MovementType`, `unit_flags`, `pool_id`, `patch_min`, `patch_max`) VALUES ('143809', '530', '1', NULL, '0', '-4906.6', '532.559', '4.95723', '1.96821', '300', '4', '0', '4299', '0', '1', '0', '0', '0', '10');
INSERT INTO spawn_group (`groupId`, `spawnType`, `spawnId`) VALUES ('2', '0', '143809');
INSERT INTO creature_entry (`spawnID`, `entry`) VALUES ('143810', '23169');
INSERT INTO creature (`spawnID`, `map`, `spawnMask`, `modelid`, `equipment_id`, `position_x`, `position_y`, `position_z`, `orientation`, `spawntimesecs`, `spawndist`, `currentwaypoint`, `curhealth`, `curmana`, `MovementType`, `unit_flags`, `pool_id`, `patch_min`, `patch_max`) VALUES ('143810', '530', '1', NULL, '0', '-4920.16', '587.094', '6.4686', '2.24315', '300', '4', '0', '4299', '0', '1', '0', '0', '0', '10');
INSERT INTO spawn_group (`groupId`, `spawnType`, `spawnId`) VALUES ('2', '0', '143810');
INSERT INTO creature_entry (`spawnID`, `entry`) VALUES ('143816', '23169');
INSERT INTO creature (`spawnID`, `map`, `spawnMask`, `modelid`, `equipment_id`, `position_x`, `position_y`, `position_z`, `orientation`, `spawntimesecs`, `spawndist`, `currentwaypoint`, `curhealth`, `curmana`, `MovementType`, `unit_flags`, `pool_id`, `patch_min`, `patch_max`) VALUES ('143816', '530', '1', NULL, '0', '-5077.74', '333.02', '5.17965', '2.50958', '300', '4', '0', '4299', '0', '1', '0', '0', '0', '10');
INSERT INTO spawn_group (`groupId`, `spawnType`, `spawnId`) VALUES ('2', '0', '143816');
INSERT INTO creature_entry (`spawnID`, `entry`) VALUES ('143819', '23169');
INSERT INTO creature (`spawnID`, `map`, `spawnMask`, `modelid`, `equipment_id`, `position_x`, `position_y`, `position_z`, `orientation`, `spawntimesecs`, `spawndist`, `currentwaypoint`, `curhealth`, `curmana`, `MovementType`, `unit_flags`, `pool_id`, `patch_min`, `patch_max`) VALUES ('143819', '530', '1', NULL, '0', '-5058.35', '196.923', '-9.94155', '5.70228', '300', '4', '0', '4299', '0', '1', '0', '0', '0', '10');
INSERT INTO spawn_group (`groupId`, `spawnType`, `spawnId`) VALUES ('2', '0', '143819');
INSERT INTO creature_entry (`spawnID`, `entry`) VALUES ('143821', '23169');
INSERT INTO creature (`spawnID`, `map`, `spawnMask`, `modelid`, `equipment_id`, `position_x`, `position_y`, `position_z`, `orientation`, `spawntimesecs`, `spawndist`, `currentwaypoint`, `curhealth`, `curmana`, `MovementType`, `unit_flags`, `pool_id`, `patch_min`, `patch_max`) VALUES ('143821', '530', '1', NULL, '0', '-5071.98', '158.804', '-10.6722', '0.0177878', '300', '4', '0', '4299', '0', '1', '0', '0', '0', '10');
INSERT INTO spawn_group (`groupId`, `spawnType`, `spawnId`) VALUES ('2', '0', '143821');
DELETE ce, c1, c2, sg FROM creature_entry ce LEFT JOIN conditions c1 ON c1.ConditionTypeOrReference = 31 AND c1.ConditionValue1 = 3 AND c1.ConditionValue3 = 1048006 LEFT JOIN conditions c2 ON c2.SourceTypeOrReferenceId = 22 AND c2.SourceId = 0 AND c1.SourceEntry = -1048006 LEFT JOIN spawn_group sg ON sg.spawnId = 1048006 AND spawnType = 0 WHERE ce.spawnID = 1048006;
DELETE ce, c1, c2, sg FROM creature_entry ce LEFT JOIN conditions c1 ON c1.ConditionTypeOrReference = 31 AND c1.ConditionValue1 = 3 AND c1.ConditionValue3 = 1048007 LEFT JOIN conditions c2 ON c2.SourceTypeOrReferenceId = 22 AND c2.SourceId = 0 AND c1.SourceEntry = -1048007 LEFT JOIN spawn_group sg ON sg.spawnId = 1048007 AND spawnType = 0 WHERE ce.spawnID = 1048007;
DELETE ce, c1, c2, sg FROM creature_entry ce LEFT JOIN conditions c1 ON c1.ConditionTypeOrReference = 31 AND c1.ConditionValue1 = 3 AND c1.ConditionValue3 = 1048008 LEFT JOIN conditions c2 ON c2.SourceTypeOrReferenceId = 22 AND c2.SourceId = 0 AND c1.SourceEntry = -1048008 LEFT JOIN spawn_group sg ON sg.spawnId = 1048008 AND spawnType = 0 WHERE ce.spawnID = 1048008;
DELETE ce, c1, c2, sg FROM creature_entry ce LEFT JOIN conditions c1 ON c1.ConditionTypeOrReference = 31 AND c1.ConditionValue1 = 3 AND c1.ConditionValue3 = 1048009 LEFT JOIN conditions c2 ON c2.SourceTypeOrReferenceId = 22 AND c2.SourceId = 0 AND c1.SourceEntry = -1048009 LEFT JOIN spawn_group sg ON sg.spawnId = 1048009 AND spawnType = 0 WHERE ce.spawnID = 1048009;
DELETE ce, c1, c2, sg FROM creature_entry ce LEFT JOIN conditions c1 ON c1.ConditionTypeOrReference = 31 AND c1.ConditionValue1 = 3 AND c1.ConditionValue3 = 1048010 LEFT JOIN conditions c2 ON c2.SourceTypeOrReferenceId = 22 AND c2.SourceId = 0 AND c1.SourceEntry = -1048010 LEFT JOIN spawn_group sg ON sg.spawnId = 1048010 AND spawnType = 0 WHERE ce.spawnID = 1048010;
DELETE ce, c1, c2, sg FROM creature_entry ce LEFT JOIN conditions c1 ON c1.ConditionTypeOrReference = 31 AND c1.ConditionValue1 = 3 AND c1.ConditionValue3 = 1048011 LEFT JOIN conditions c2 ON c2.SourceTypeOrReferenceId = 22 AND c2.SourceId = 0 AND c1.SourceEntry = -1048011 LEFT JOIN spawn_group sg ON sg.spawnId = 1048011 AND spawnType = 0 WHERE ce.spawnID = 1048011;
DELETE ce, c1, c2, sg FROM creature_entry ce LEFT JOIN conditions c1 ON c1.ConditionTypeOrReference = 31 AND c1.ConditionValue1 = 3 AND c1.ConditionValue3 = 1048012 LEFT JOIN conditions c2 ON c2.SourceTypeOrReferenceId = 22 AND c2.SourceId = 0 AND c1.SourceEntry = -1048012 LEFT JOIN spawn_group sg ON sg.spawnId = 1048012 AND spawnType = 0 WHERE ce.spawnID = 1048012;
DELETE ce, c1, c2, sg FROM creature_entry ce LEFT JOIN conditions c1 ON c1.ConditionTypeOrReference = 31 AND c1.ConditionValue1 = 3 AND c1.ConditionValue3 = 1048013 LEFT JOIN conditions c2 ON c2.SourceTypeOrReferenceId = 22 AND c2.SourceId = 0 AND c1.SourceEntry = -1048013 LEFT JOIN spawn_group sg ON sg.spawnId = 1048013 AND spawnType = 0 WHERE ce.spawnID = 1048013;
DELETE ce, c1, c2, sg FROM creature_entry ce LEFT JOIN conditions c1 ON c1.ConditionTypeOrReference = 31 AND c1.ConditionValue1 = 3 AND c1.ConditionValue3 = 1048014 LEFT JOIN conditions c2 ON c2.SourceTypeOrReferenceId = 22 AND c2.SourceId = 0 AND c1.SourceEntry = -1048014 LEFT JOIN spawn_group sg ON sg.spawnId = 1048014 AND spawnType = 0 WHERE ce.spawnID = 1048014;
DELETE ce, c1, c2, sg FROM creature_entry ce LEFT JOIN conditions c1 ON c1.ConditionTypeOrReference = 31 AND c1.ConditionValue1 = 3 AND c1.ConditionValue3 = 1048015 LEFT JOIN conditions c2 ON c2.SourceTypeOrReferenceId = 22 AND c2.SourceId = 0 AND c1.SourceEntry = -1048015 LEFT JOIN spawn_group sg ON sg.spawnId = 1048015 AND spawnType = 0 WHERE ce.spawnID = 1048015;
DELETE ce, c1, c2, sg FROM creature_entry ce LEFT JOIN conditions c1 ON c1.ConditionTypeOrReference = 31 AND c1.ConditionValue1 = 3 AND c1.ConditionValue3 = 1048016 LEFT JOIN conditions c2 ON c2.SourceTypeOrReferenceId = 22 AND c2.SourceId = 0 AND c1.SourceEntry = -1048016 LEFT JOIN spawn_group sg ON sg.spawnId = 1048016 AND spawnType = 0 WHERE ce.spawnID = 1048016;
DELETE ce, c1, c2, sg FROM creature_entry ce LEFT JOIN conditions c1 ON c1.ConditionTypeOrReference = 31 AND c1.ConditionValue1 = 3 AND c1.ConditionValue3 = 1048017 LEFT JOIN conditions c2 ON c2.SourceTypeOrReferenceId = 22 AND c2.SourceId = 0 AND c1.SourceEntry = -1048017 LEFT JOIN spawn_group sg ON sg.spawnId = 1048017 AND spawnType = 0 WHERE ce.spawnID = 1048017;
DELETE ce, c1, c2, sg FROM creature_entry ce LEFT JOIN conditions c1 ON c1.ConditionTypeOrReference = 31 AND c1.ConditionValue1 = 3 AND c1.ConditionValue3 = 1048018 LEFT JOIN conditions c2 ON c2.SourceTypeOrReferenceId = 22 AND c2.SourceId = 0 AND c1.SourceEntry = -1048018 LEFT JOIN spawn_group sg ON sg.spawnId = 1048018 AND spawnType = 0 WHERE ce.spawnID = 1048018;
DELETE ce, c1, c2, sg FROM creature_entry ce LEFT JOIN conditions c1 ON c1.ConditionTypeOrReference = 31 AND c1.ConditionValue1 = 3 AND c1.ConditionValue3 = 1048019 LEFT JOIN conditions c2 ON c2.SourceTypeOrReferenceId = 22 AND c2.SourceId = 0 AND c1.SourceEntry = -1048019 LEFT JOIN spawn_group sg ON sg.spawnId = 1048019 AND spawnType = 0 WHERE ce.spawnID = 1048019;
DELETE ce, c1, c2, sg FROM creature_entry ce LEFT JOIN conditions c1 ON c1.ConditionTypeOrReference = 31 AND c1.ConditionValue1 = 3 AND c1.ConditionValue3 = 1048020 LEFT JOIN conditions c2 ON c2.SourceTypeOrReferenceId = 22 AND c2.SourceId = 0 AND c1.SourceEntry = -1048020 LEFT JOIN spawn_group sg ON sg.spawnId = 1048020 AND spawnType = 0 WHERE ce.spawnID = 1048020;


-- Importing creature spawn with guid 143731 with import type REPLACE_ALL


-- Importing creature spawn with guid 143733 with import type REPLACE_ALL


-- Importing creature spawn with guid 143735 with import type REPLACE_ALL


-- Importing creature spawn with guid 143737 with import type REPLACE_ALL


-- Importing creature spawn with guid 143742 with import type REPLACE_ALL


-- Importing creature spawn with guid 143743 with import type REPLACE_ALL


-- Importing creature spawn with guid 143745 with import type REPLACE_ALL


-- Importing creature spawn with guid 143746 with import type REPLACE_ALL


-- Importing creature spawn with guid 143751 with import type REPLACE_ALL


-- Importing creature spawn with guid 143753 with import type REPLACE_ALL


-- Importing creature spawn with guid 143755 with import type REPLACE_ALL


-- Importing creature spawn with guid 143756 with import type REPLACE_ALL


-- Importing creature spawn with guid 143757 with import type REPLACE_ALL


-- Importing creature spawn with guid 143760 with import type REPLACE_ALL


-- Importing creature spawn with guid 143763 with import type REPLACE_ALL


-- Importing creature spawn with guid 143764 with import type REPLACE_ALL


-- Importing creature spawn with guid 143766 with import type REPLACE_ALL


-- Importing creature spawn with guid 143767 with import type REPLACE_ALL


-- Importing creature spawn with guid 143768 with import type REPLACE_ALL


-- Importing creature spawn with guid 143769 with import type REPLACE_ALL


-- Importing creature spawn with guid 143777 with import type REPLACE_ALL


-- Importing creature spawn with guid 143778 with import type REPLACE_ALL


-- Importing creature spawn with guid 143779 with import type REPLACE_ALL


-- Importing creature spawn with guid 143780 with import type REPLACE_ALL


-- Importing creature spawn with guid 143781 with import type REPLACE_ALL


-- Importing creature spawn with guid 143782 with import type REPLACE_ALL


-- Importing creature spawn with guid 143783 with import type REPLACE_ALL


-- Importing creature spawn with guid 143785 with import type REPLACE_ALL


-- Importing creature spawn with guid 143787 with import type REPLACE_ALL


-- Importing creature spawn with guid 143788 with import type REPLACE_ALL


-- Importing creature spawn with guid 143790 with import type REPLACE_ALL


-- Importing creature spawn with guid 143794 with import type REPLACE_ALL


-- Importing creature spawn with guid 143795 with import type REPLACE_ALL


-- Importing creature spawn with guid 143796 with import type REPLACE_ALL


-- Importing creature spawn with guid 143798 with import type REPLACE_ALL


-- Importing creature spawn with guid 143799 with import type REPLACE_ALL


-- Importing creature spawn with guid 143800 with import type REPLACE_ALL


-- Importing creature spawn with guid 143801 with import type REPLACE_ALL


-- Importing creature spawn with guid 143802 with import type REPLACE_ALL


-- Importing creature spawn with guid 143808 with import type REPLACE_ALL


-- Importing creature spawn with guid 143809 with import type REPLACE_ALL


-- Importing creature spawn with guid 143810 with import type REPLACE_ALL


-- Importing creature spawn with guid 143816 with import type REPLACE_ALL


-- Importing creature spawn with guid 143819 with import type REPLACE_ALL


-- Importing creature spawn with guid 143821 with import type REPLACE_ALL


-- Importing creature spawn with guid 143881 with import type REPLACE_ALL


-- Importing creature spawn with guid 130435 with import type REPLACE_ALL


-- Importing creature spawn with guid 130436 with import type REPLACE_ALL


-- Importing creature spawn with guid 130437 with import type REPLACE_ALL


-- Importing creature spawn with guid 130438 with import type REPLACE_ALL


-- Importing creature spawn with guid 130439 with import type REPLACE_ALL


-- Importing creature spawn with guid 130440 with import type REPLACE_ALL


-- Importing creature spawn with guid 130441 with import type REPLACE_ALL


-- Importing creature spawn with guid 130442 with import type REPLACE_ALL


-- Importing creature spawn with guid 130443 with import type REPLACE_ALL


-- Importing creature spawn with guid 130444 with import type REPLACE_ALL


-- Importing creature spawn with guid 130445 with import type REPLACE_ALL


-- Importing creature spawn with guid 130446 with import type REPLACE_ALL


-- Importing creature spawn with guid 130447 with import type REPLACE_ALL


-- Importing creature spawn with guid 130448 with import type REPLACE_ALL


-- Importing creature spawn with guid 130449 with import type REPLACE_ALL


-- Importing creature spawn with guid 130450 with import type REPLACE_ALL


-- Importing creature spawn with guid 130451 with import type REPLACE_ALL


-- Importing creature spawn with guid 130452 with import type REPLACE_ALL


-- Importing creature spawn with guid 130453 with import type REPLACE_ALL


-- Importing creature spawn with guid 130454 with import type REPLACE_ALL


-- Importing creature spawn with guid 130455 with import type REPLACE_ALL


-- Importing creature spawn with guid 130456 with import type REPLACE_ALL


-- Importing creature spawn with guid 130457 with import type REPLACE_ALL


-- Importing creature spawn with guid 136185 with import type REPLACE_ALL


-- Importing creature spawn with guid 136186 with import type REPLACE_ALL


-- Importing creature spawn with guid 136187 with import type REPLACE_ALL


-- Importing creature spawn with guid 136188 with import type REPLACE_ALL


-- Importing creature spawn with guid 136189 with import type REPLACE_ALL


-- Importing creature spawn with guid 136190 with import type REPLACE_ALL


-- Importing creature spawn with guid 136191 with import type REPLACE_ALL


-- Importing creature spawn with guid 136192 with import type REPLACE_ALL


-- Importing creature spawn with guid 136193 with import type REPLACE_ALL


-- Importing creature spawn with guid 136194 with import type REPLACE_ALL


-- Importing creature spawn with guid 136195 with import type REPLACE_ALL


-- Importing creature spawn with guid 136196 with import type REPLACE_ALL


-- Importing creature spawn with guid 136197 with import type REPLACE_ALL


-- Importing creature spawn with guid 136198 with import type REPLACE_ALL


-- Importing creature spawn with guid 136199 with import type REPLACE_ALL


-- Importing creature spawn with guid 136200 with import type REPLACE_ALL


-- Importing creature spawn with guid 136201 with import type REPLACE_ALL


-- Importing creature spawn with guid 136202 with import type REPLACE_ALL


-- Importing creature spawn with guid 136203 with import type REPLACE_ALL


-- Importing creature spawn with guid 136204 with import type REPLACE_ALL


-- Importing creature spawn with guid 136205 with import type REPLACE_ALL


-- Importing creature spawn with guid 136206 with import type REPLACE_ALL


-- Importing creature spawn with guid 136207 with import type REPLACE_ALL


-- Importing creature spawn with guid 136208 with import type REPLACE_ALL


-- Importing creature spawn with guid 136209 with import type REPLACE_ALL


-- Importing creature spawn with guid 136210 with import type REPLACE_ALL


-- Importing creature spawn with guid 136211 with import type REPLACE_ALL


-- Importing creature spawn with guid 136212 with import type REPLACE_ALL


-- Importing creature spawn with guid 136213 with import type REPLACE_ALL


-- Importing creature spawn with guid 136214 with import type REPLACE_ALL


-- Importing creature spawn with guid 136215 with import type REPLACE_ALL


-- Importing creature spawn with guid 136216 with import type REPLACE_ALL


-- Importing creature spawn with guid 136217 with import type REPLACE_ALL


-- Importing creature spawn with guid 136218 with import type REPLACE_ALL


-- Importing creature spawn with guid 136219 with import type REPLACE_ALL


-- Importing creature spawn with guid 136220 with import type REPLACE_ALL


-- Importing creature spawn with guid 136221 with import type REPLACE_ALL


-- Importing creature spawn with guid 136222 with import type REPLACE_ALL


-- Importing creature spawn with guid 85543 with import type REPLACE_ALL


-- Importing creature spawn with guid 85542 with import type REPLACE_ALL


-- Importing creature spawn with guid 85541 with import type REPLACE_ALL


-- Importing creature spawn with guid 85540 with import type REPLACE_ALL


-- Importing creature spawn with guid 85539 with import type REPLACE_ALL


-- Importing creature spawn with guid 85532 with import type REPLACE_ALL


-- Importing creature spawn with guid 85533 with import type REPLACE_ALL


-- Importing creature spawn with guid 85534 with import type REPLACE_ALL


-- Importing creature spawn with guid 85535 with import type REPLACE_ALL


-- Importing creature spawn with guid 85536 with import type REPLACE_ALL


-- Importing creature spawn with guid 85537 with import type REPLACE_ALL


-- Importing creature spawn with guid 85538 with import type REPLACE_ALL


-- Importing creature spawn with guid 76054 with import type REPLACE_ALL


-- Importing creature spawn with guid 76055 with import type REPLACE_ALL


-- Importing creature spawn with guid 78311 with import type REPLACE_ALL


-- Importing creature spawn with guid 134881 with import type REPLACE_ALL


-- Importing creature spawn with guid 134882 with import type REPLACE_ALL


-- Importing creature spawn with guid 134883 with import type REPLACE_ALL


-- Importing creature spawn with guid 134884 with import type REPLACE_ALL


-- Importing creature spawn with guid 134885 with import type REPLACE_ALL


-- Importing creature spawn with guid 134886 with import type REPLACE_ALL


-- Importing creature spawn with guid 134887 with import type REPLACE_ALL


-- Importing creature spawn with guid 134888 with import type REPLACE_ALL


-- Importing creature spawn with guid 134889 with import type REPLACE_ALL


-- Importing creature spawn with guid 134890 with import type REPLACE_ALL


-- Importing creature spawn with guid 134891 with import type REPLACE_ALL


-- Importing creature spawn with guid 134892 with import type REPLACE_ALL


-- Importing creature spawn with guid 134893 with import type REPLACE_ALL


-- Importing creature spawn with guid 134894 with import type REPLACE_ALL


-- Importing creature spawn with guid 134895 with import type REPLACE_ALL


-- Importing creature spawn with guid 134896 with import type REPLACE_ALL


-- Importing creature spawn with guid 134897 with import type REPLACE_ALL


-- Importing creature spawn with guid 134898 with import type REPLACE_ALL


-- Importing creature spawn with guid 134899 with import type REPLACE_ALL


-- Importing creature spawn with guid 134900 with import type REPLACE_ALL


-- Importing creature spawn with guid 134901 with import type REPLACE_ALL


-- Importing creature spawn with guid 134902 with import type REPLACE_ALL


-- Importing creature spawn with guid 134903 with import type REPLACE_ALL


-- Importing creature spawn with guid 134904 with import type REPLACE_ALL


-- Importing creature spawn with guid 134906 with import type REPLACE_ALL


-- Importing creature spawn with guid 134907 with import type REPLACE_ALL


-- Importing creature spawn with guid 134908 with import type REPLACE_ALL


-- Importing creature spawn with guid 134909 with import type REPLACE_ALL


-- Importing creature spawn with guid 134910 with import type REPLACE_ALL


-- Importing creature spawn with guid 134911 with import type REPLACE_ALL


-- Importing creature spawn with guid 134912 with import type REPLACE_ALL


-- Importing creature spawn with guid 134913 with import type REPLACE_ALL


-- Importing creature spawn with guid 134914 with import type REPLACE_ALL


-- Importing creature spawn with guid 134915 with import type REPLACE_ALL


-- Importing creature spawn with guid 134916 with import type REPLACE_ALL


-- Importing creature spawn with guid 134917 with import type REPLACE_ALL


-- Importing creature spawn with guid 134918 with import type REPLACE_ALL


-- Importing creature spawn with guid 134919 with import type REPLACE_ALL


-- Importing creature spawn with guid 134920 with import type REPLACE_ALL


-- Importing creature spawn with guid 134921 with import type REPLACE_ALL


-- Importing creature spawn with guid 134922 with import type REPLACE_ALL


-- Importing creature spawn with guid 134923 with import type REPLACE_ALL


-- Importing creature spawn with guid 134924 with import type REPLACE_ALL


-- Importing creature spawn with guid 134925 with import type REPLACE_ALL


-- Importing creature spawn with guid 134926 with import type REPLACE_ALL


-- Importing creature spawn with guid 134927 with import type REPLACE_ALL


-- Importing creature spawn with guid 134928 with import type REPLACE_ALL


-- Importing creature spawn with guid 134929 with import type REPLACE_ALL


-- Importing creature spawn with guid 134930 with import type REPLACE_ALL


-- Importing creature spawn with guid 134931 with import type REPLACE_ALL


-- Importing creature spawn with guid 134932 with import type REPLACE_ALL


-- Importing creature spawn with guid 134933 with import type REPLACE_ALL


-- Importing creature spawn with guid 134934 with import type REPLACE_ALL


-- Importing creature spawn with guid 61988 with import type REPLACE_ALL


-- Importing creature spawn with guid 61989 with import type REPLACE_ALL


-- Importing creature spawn with guid 61990 with import type REPLACE_ALL


-- Importing creature spawn with guid 61991 with import type REPLACE_ALL


-- Importing creature spawn with guid 61992 with import type REPLACE_ALL


-- Importing creature spawn with guid 61993 with import type REPLACE_ALL


-- Importing creature spawn with guid 97677 with import type REPLACE_ALL


-- Importing creature spawn with guid 97678 with import type REPLACE_ALL


-- Importing creature spawn with guid 97679 with import type REPLACE_ALL


-- Importing creature spawn with guid 97680 with import type REPLACE_ALL


-- Importing creature spawn with guid 97681 with import type REPLACE_ALL


-- Importing creature spawn with guid 97682 with import type REPLACE_ALL


-- Importing creature spawn with guid 97683 with import type REPLACE_ALL


-- Importing creature spawn with guid 97684 with import type REPLACE_ALL


-- Importing creature spawn with guid 97685 with import type REPLACE_ALL


-- Importing creature spawn with guid 97686 with import type REPLACE_ALL


-- Importing creature spawn with guid 97687 with import type REPLACE_ALL


-- Importing creature spawn with guid 97688 with import type REPLACE_ALL


-- Importing creature spawn with guid 97689 with import type REPLACE_ALL


-- Importing creature spawn with guid 97690 with import type REPLACE_ALL


-- Importing creature spawn with guid 97691 with import type REPLACE_ALL


-- Importing creature spawn with guid 97692 with import type REPLACE_ALL


-- Importing creature spawn with guid 97693 with import type REPLACE_ALL


-- Importing creature spawn with guid 97694 with import type REPLACE_ALL


-- Importing creature spawn with guid 145137 with import type REPLACE_ALL


-- Importing creature spawn with guid 145138 with import type REPLACE_ALL


-- Importing creature spawn with guid 145139 with import type REPLACE_ALL


-- Importing creature spawn with guid 145140 with import type REPLACE_ALL


-- Importing creature spawn with guid 145141 with import type REPLACE_ALL


-- Importing creature spawn with guid 145142 with import type REPLACE_ALL


-- Importing creature spawn with guid 145143 with import type REPLACE_ALL


-- Importing creature spawn with guid 145144 with import type REPLACE_ALL


-- Importing creature spawn with guid 145145 with import type REPLACE_ALL


-- Importing creature spawn with guid 145146 with import type REPLACE_ALL


-- Importing creature spawn with guid 145147 with import type REPLACE_ALL


-- Importing creature spawn with guid 145148 with import type REPLACE_ALL


-- Importing creature spawn with guid 145149 with import type REPLACE_ALL


-- Importing creature spawn with guid 145150 with import type REPLACE_ALL


-- Importing creature spawn with guid 145151 with import type REPLACE_ALL


-- Importing creature spawn with guid 145152 with import type REPLACE_ALL


-- Importing creature spawn with guid 145153 with import type REPLACE_ALL


-- Importing creature spawn with guid 145154 with import type REPLACE_ALL


-- Importing creature spawn with guid 145155 with import type REPLACE_ALL


-- Importing creature spawn with guid 145156 with import type REPLACE_ALL


-- Importing creature spawn with guid 145157 with import type REPLACE_ALL


-- Importing creature spawn with guid 145158 with import type REPLACE_ALL


-- Importing creature spawn with guid 145159 with import type REPLACE_ALL


-- Importing creature spawn with guid 145183 with import type REPLACE_ALL


-- Importing creature spawn with guid 145184 with import type REPLACE_ALL


-- Importing creature spawn with guid 145185 with import type REPLACE_ALL


-- Importing creature spawn with guid 145186 with import type REPLACE_ALL


-- Importing creature spawn with guid 145187 with import type REPLACE_ALL


-- Importing creature spawn with guid 145188 with import type REPLACE_ALL


-- Importing creature spawn with guid 145189 with import type REPLACE_ALL


-- Importing creature spawn with guid 145190 with import type REPLACE_ALL


-- Importing creature spawn with guid 145191 with import type REPLACE_ALL


-- Importing creature spawn with guid 145192 with import type REPLACE_ALL


-- Importing creature spawn with guid 145193 with import type REPLACE_ALL


-- Importing creature spawn with guid 145194 with import type REPLACE_ALL


-- Importing creature spawn with guid 145195 with import type REPLACE_ALL


-- Importing creature spawn with guid 145196 with import type REPLACE_ALL


-- Importing creature spawn with guid 145197 with import type REPLACE_ALL


-- Importing creature spawn with guid 145198 with import type REPLACE_ALL


-- Importing creature spawn with guid 145199 with import type REPLACE_ALL


-- Importing creature spawn with guid 145200 with import type REPLACE_ALL


-- Importing creature spawn with guid 145201 with import type REPLACE_ALL


-- Importing creature spawn with guid 145202 with import type REPLACE_ALL


-- Importing creature spawn with guid 145203 with import type REPLACE_ALL


-- Importing creature spawn with guid 145204 with import type REPLACE_ALL


-- Importing creature spawn with guid 145205 with import type REPLACE_ALL


-- Importing creature spawn with guid 145206 with import type REPLACE_ALL


-- Importing creature spawn with guid 145207 with import type REPLACE_ALL


-- Importing creature spawn with guid 145208 with import type REPLACE_ALL


-- Importing creature spawn with guid 145209 with import type REPLACE_ALL


-- Importing creature spawn with guid 145210 with import type REPLACE_ALL


-- Importing creature spawn with guid 145228 with import type REPLACE_ALL


-- Importing creature spawn with guid 145229 with import type REPLACE_ALL


-- Importing creature spawn with guid 145230 with import type REPLACE_ALL


-- Importing creature spawn with guid 145231 with import type REPLACE_ALL


-- Importing creature spawn with guid 145232 with import type REPLACE_ALL


-- Importing creature spawn with guid 145233 with import type REPLACE_ALL


-- Importing creature spawn with guid 145234 with import type REPLACE_ALL


-- Importing creature spawn with guid 145235 with import type REPLACE_ALL


-- Importing creature spawn with guid 145236 with import type REPLACE_ALL


-- Importing creature spawn with guid 145237 with import type REPLACE_ALL


-- Importing creature spawn with guid 145238 with import type REPLACE_ALL


-- Importing creature spawn with guid 145239 with import type REPLACE_ALL


-- Importing creature spawn with guid 145240 with import type REPLACE_ALL


-- Importing creature spawn with guid 145241 with import type REPLACE_ALL


-- Importing creature spawn with guid 145242 with import type REPLACE_ALL


-- Importing creature spawn with guid 145243 with import type REPLACE_ALL


-- Importing creature spawn with guid 145244 with import type REPLACE_ALL


-- Importing creature spawn with guid 145245 with import type REPLACE_ALL


-- Importing creature spawn with guid 145246 with import type REPLACE_ALL


-- Importing creature spawn with guid 145247 with import type REPLACE_ALL


-- Importing creature spawn with guid 145248 with import type REPLACE_ALL


-- Importing creature spawn with guid 145249 with import type REPLACE_ALL


-- Importing creature spawn with guid 145250 with import type REPLACE_ALL


-- Importing creature spawn with guid 145251 with import type REPLACE_ALL


-- Importing creature spawn with guid 145252 with import type REPLACE_ALL


-- Importing creature spawn with guid 145253 with import type REPLACE_ALL


-- Importing creature spawn with guid 145254 with import type REPLACE_ALL


-- Importing creature spawn with guid 145255 with import type REPLACE_ALL


-- Importing creature spawn with guid 145256 with import type REPLACE_ALL


-- Importing creature spawn with guid 145257 with import type REPLACE_ALL


-- Importing creature spawn with guid 145258 with import type REPLACE_ALL


-- Importing creature spawn with guid 145259 with import type REPLACE_ALL


-- Importing creature spawn with guid 145260 with import type REPLACE_ALL


-- Importing creature spawn with guid 145261 with import type REPLACE_ALL


-- Importing creature spawn with guid 145262 with import type REPLACE_ALL


-- Importing creature spawn with guid 145263 with import type REPLACE_ALL


-- Importing creature spawn with guid 145264 with import type REPLACE_ALL


-- Importing creature spawn with guid 145265 with import type REPLACE_ALL


-- Importing creature spawn with guid 145266 with import type REPLACE_ALL


-- Importing creature spawn with guid 145267 with import type REPLACE_ALL


-- Importing creature spawn with guid 145268 with import type REPLACE_ALL


-- Importing creature spawn with guid 145269 with import type REPLACE_ALL


-- Importing creature spawn with guid 145270 with import type REPLACE_ALL


-- Importing creature spawn with guid 145271 with import type REPLACE_ALL


-- Importing creature spawn with guid 145272 with import type REPLACE_ALL


-- Importing creature spawn with guid 145273 with import type REPLACE_ALL


-- Importing creature spawn with guid 145274 with import type REPLACE_ALL


-- Importing creature spawn with guid 145275 with import type REPLACE_ALL


-- Importing creature spawn with guid 145276 with import type REPLACE_ALL


-- Importing creature spawn with guid 145277 with import type REPLACE_ALL


-- Importing creature spawn with guid 145278 with import type REPLACE_ALL


-- Importing creature spawn with guid 145279 with import type REPLACE_ALL


-- Importing creature spawn with guid 145280 with import type REPLACE_ALL


-- Importing creature spawn with guid 145281 with import type REPLACE_ALL


-- Importing creature spawn with guid 145282 with import type REPLACE_ALL


-- Importing creature spawn with guid 145283 with import type REPLACE_ALL


-- Importing creature spawn with guid 145284 with import type REPLACE_ALL


-- Importing creature spawn with guid 145285 with import type REPLACE_ALL


-- Importing creature spawn with guid 145286 with import type REPLACE_ALL


-- Importing creature spawn with guid 145287 with import type REPLACE_ALL


-- Importing creature spawn with guid 145288 with import type REPLACE_ALL


-- Importing creature spawn with guid 145289 with import type REPLACE_ALL


-- Importing creature spawn with guid 145290 with import type REPLACE_ALL


-- Importing creature spawn with guid 145291 with import type REPLACE_ALL


-- Importing creature spawn with guid 145292 with import type REPLACE_ALL


-- Importing creature spawn with guid 145293 with import type REPLACE_ALL


-- Importing creature spawn with guid 145294 with import type REPLACE_ALL


-- Importing creature spawn with guid 145295 with import type REPLACE_ALL


-- Importing creature spawn with guid 145296 with import type REPLACE_ALL


-- Importing creature spawn with guid 145297 with import type REPLACE_ALL


-- Importing creature spawn with guid 145298 with import type REPLACE_ALL


-- Importing creature spawn with guid 145299 with import type REPLACE_ALL


-- Importing creature spawn with guid 145300 with import type REPLACE_ALL


-- Importing creature spawn with guid 145301 with import type REPLACE_ALL


-- Importing creature spawn with guid 145302 with import type REPLACE_ALL


-- Importing creature spawn with guid 145303 with import type REPLACE_ALL


-- Importing creature spawn with guid 145304 with import type REPLACE_ALL


-- Importing creature spawn with guid 145305 with import type REPLACE_ALL


-- Importing creature spawn with guid 145306 with import type REPLACE_ALL


-- Importing creature spawn with guid 145307 with import type REPLACE_ALL


-- Importing creature spawn with guid 145308 with import type REPLACE_ALL


-- Importing creature spawn with guid 145309 with import type REPLACE_ALL


-- Importing creature spawn with guid 145310 with import type REPLACE_ALL


-- Importing creature spawn with guid 145311 with import type REPLACE_ALL


-- Importing creature spawn with guid 145312 with import type REPLACE_ALL


-- Importing creature spawn with guid 145313 with import type REPLACE_ALL


-- Importing creature spawn with guid 145314 with import type REPLACE_ALL


-- Importing creature spawn with guid 145315 with import type REPLACE_ALL


-- Importing creature spawn with guid 145316 with import type REPLACE_ALL


-- Importing creature spawn with guid 145317 with import type REPLACE_ALL


-- Importing creature spawn with guid 145318 with import type REPLACE_ALL


-- Importing creature spawn with guid 145319 with import type REPLACE_ALL


-- Importing creature spawn with guid 145320 with import type REPLACE_ALL


-- Importing creature spawn with guid 145321 with import type REPLACE_ALL


-- Importing creature spawn with guid 145322 with import type REPLACE_ALL


-- Importing creature spawn with guid 145323 with import type REPLACE_ALL


-- Importing creature spawn with guid 145324 with import type REPLACE_ALL


-- Importing creature spawn with guid 145325 with import type REPLACE_ALL


-- Importing creature spawn with guid 145326 with import type REPLACE_ALL


-- Importing creature spawn with guid 145327 with import type REPLACE_ALL


-- Importing creature spawn with guid 145328 with import type REPLACE_ALL


-- Importing creature spawn with guid 145329 with import type REPLACE_ALL


-- Importing creature spawn with guid 145330 with import type REPLACE_ALL


-- Importing creature spawn with guid 145331 with import type REPLACE_ALL


-- Importing creature spawn with guid 145381 with import type REPLACE_ALL


-- Importing creature spawn with guid 145382 with import type REPLACE_ALL


-- Importing creature spawn with guid 145383 with import type REPLACE_ALL


-- Importing creature spawn with guid 145384 with import type REPLACE_ALL


-- Importing creature spawn with guid 145385 with import type REPLACE_ALL


-- Importing creature spawn with guid 145386 with import type REPLACE_ALL


-- Importing creature spawn with guid 145387 with import type REPLACE_ALL


-- Importing creature spawn with guid 145388 with import type REPLACE_ALL


-- Importing creature spawn with guid 145389 with import type REPLACE_ALL


-- Importing creature spawn with guid 145390 with import type REPLACE_ALL


-- Importing creature spawn with guid 145391 with import type REPLACE_ALL


-- Importing creature spawn with guid 145392 with import type REPLACE_ALL


-- Importing creature spawn with guid 145393 with import type REPLACE_ALL


-- Importing creature spawn with guid 145394 with import type REPLACE_ALL


-- Importing creature spawn with guid 145395 with import type REPLACE_ALL


-- Importing creature spawn with guid 145396 with import type REPLACE_ALL


-- Importing creature spawn with guid 145397 with import type REPLACE_ALL


-- Importing creature spawn with guid 145398 with import type REPLACE_ALL


-- Importing creature spawn with guid 145399 with import type REPLACE_ALL


-- Importing creature spawn with guid 145400 with import type REPLACE_ALL


-- Importing creature spawn with guid 145401 with import type REPLACE_ALL


-- Importing creature spawn with guid 145402 with import type REPLACE_ALL


-- Importing creature spawn with guid 145403 with import type REPLACE_ALL


-- Importing creature spawn with guid 145404 with import type REPLACE_ALL


-- Importing creature spawn with guid 145405 with import type REPLACE_ALL


-- Importing creature spawn with guid 145406 with import type REPLACE_ALL


-- Importing creature spawn with guid 145407 with import type REPLACE_ALL


-- Importing creature spawn with guid 145408 with import type REPLACE_ALL


-- Importing creature spawn with guid 145409 with import type REPLACE_ALL


-- Importing creature spawn with guid 145410 with import type REPLACE_ALL


-- Importing creature spawn with guid 145411 with import type REPLACE_ALL


-- Importing creature spawn with guid 145412 with import type REPLACE_ALL


-- Importing creature spawn with guid 145413 with import type REPLACE_ALL


-- Importing creature spawn with guid 94518 with import type REPLACE_ALL


-- Importing creature spawn with guid 94656 with import type REPLACE_ALL


-- Importing creature spawn with guid 94694 with import type REPLACE_ALL


-- Importing creature spawn with guid 11001 with import type REPLACE_ALL


-- Importing creature spawn with guid 11002 with import type REPLACE_ALL


-- Importing creature spawn with guid 209667 with import type REPLACE_ALL


-- Importing creature spawn with guid 209668 with import type REPLACE_ALL


-- Importing creature spawn with guid 209669 with import type REPLACE_ALL


-- Importing creature spawn with guid 209670 with import type REPLACE_ALL


-- Importing creature spawn with guid 209673 with import type REPLACE_ALL


-- Importing creature spawn with guid 209926 with import type REPLACE_ALL


-- Importing creature spawn with guid 209927 with import type REPLACE_ALL


-- Importing creature spawn with guid 209928 with import type REPLACE_ALL


-- Importing creature spawn with guid 209929 with import type REPLACE_ALL


-- Importing creature spawn with guid 209930 with import type REPLACE_ALL


-- Importing creature spawn with guid 210412 with import type REPLACE_ALL


-- Importing creature spawn with guid 210413 with import type REPLACE_ALL


-- Importing creature spawn with guid 210414 with import type REPLACE_ALL


-- Importing creature spawn with guid 210415 with import type REPLACE_ALL


-- Importing creature spawn with guid 210416 with import type REPLACE_ALL


-- Importing creature spawn with guid 210426 with import type REPLACE_ALL


-- Importing creature spawn with guid 210427 with import type REPLACE_ALL


-- Importing creature spawn with guid 210428 with import type REPLACE_ALL


-- Importing creature spawn with guid 210682 with import type REPLACE_ALL


-- Importing creature spawn with guid 210683 with import type REPLACE_ALL


-- Importing creature spawn with guid 210684 with import type REPLACE_ALL


-- Importing creature spawn with guid 210685 with import type REPLACE_ALL


-- Importing creature spawn with guid 210686 with import type REPLACE_ALL


-- Importing creature spawn with guid 210946 with import type REPLACE_ALL


-- Importing creature spawn with guid 210947 with import type REPLACE_ALL


-- Importing creature spawn with guid 210948 with import type REPLACE_ALL


-- Importing creature spawn with guid 210949 with import type REPLACE_ALL


-- Importing creature spawn with guid 210950 with import type REPLACE_ALL


-- Importing creature spawn with guid 210951 with import type REPLACE_ALL


-- Importing creature spawn with guid 210983 with import type REPLACE_ALL


-- Importing creature spawn with guid 210984 with import type REPLACE_ALL


-- Importing creature spawn with guid 210985 with import type REPLACE_ALL


-- Importing creature spawn with guid 211256 with import type REPLACE_ALL


-- Importing creature spawn with guid 211257 with import type REPLACE_ALL


-- Importing creature spawn with guid 211258 with import type REPLACE_ALL


-- Importing creature spawn with guid 211259 with import type REPLACE_ALL


-- Importing creature spawn with guid 211260 with import type REPLACE_ALL


-- Importing creature spawn with guid 211261 with import type REPLACE_ALL


-- Importing creature spawn with guid 211542 with import type REPLACE_ALL


-- Importing creature spawn with guid 211543 with import type REPLACE_ALL


-- Importing creature spawn with guid 211544 with import type REPLACE_ALL


-- Importing creature spawn with guid 211545 with import type REPLACE_ALL


-- Importing creature spawn with guid 211520 with import type REPLACE_ALL


-- Importing creature spawn with guid 211521 with import type REPLACE_ALL


-- Importing creature spawn with guid 211522 with import type REPLACE_ALL


-- Importing creature spawn with guid 211523 with import type REPLACE_ALL


-- Importing creature spawn with guid 211524 with import type REPLACE_ALL


-- Importing creature spawn with guid 85192 with import type REPLACE_ALL


-- Importing creature spawn with guid 85193 with import type REPLACE_ALL


-- Importing creature spawn with guid 85194 with import type REPLACE_ALL


-- Importing creature spawn with guid 85195 with import type REPLACE_ALL


-- Importing creature spawn with guid 85196 with import type REPLACE_ALL


-- Importing creature spawn with guid 213096 with import type REPLACE_ALL


-- Importing creature spawn with guid 213097 with import type REPLACE_ALL


-- Importing creature spawn with guid 213098 with import type REPLACE_ALL


-- Importing creature spawn with guid 213099 with import type REPLACE_ALL


-- Importing creature spawn with guid 213100 with import type REPLACE_ALL


-- Importing creature spawn with guid 78648 with import type REPLACE_ALL


-- Importing creature spawn with guid 78649 with import type REPLACE_ALL


-- Importing creature spawn with guid 78650 with import type REPLACE_ALL


-- Importing creature spawn with guid 78651 with import type REPLACE_ALL


-- Importing creature spawn with guid 213727 with import type REPLACE_ALL


-- Importing creature spawn with guid 213728 with import type REPLACE_ALL


-- Importing creature spawn with guid 213729 with import type REPLACE_ALL


-- Importing creature spawn with guid 213731 with import type REPLACE_ALL


-- Importing creature spawn with guid 213732 with import type REPLACE_ALL


-- Importing creature spawn with guid 213733 with import type REPLACE_ALL


-- Importing creature spawn with guid 213737 with import type REPLACE_ALL


-- Importing creature spawn with guid 213738 with import type REPLACE_ALL


-- Importing creature spawn with guid 213739 with import type REPLACE_ALL


-- Importing creature spawn with guid 213741 with import type REPLACE_ALL


-- Importing creature spawn with guid 213742 with import type REPLACE_ALL


-- Importing creature spawn with guid 213746 with import type REPLACE_ALL


-- Importing creature spawn with guid 213747 with import type REPLACE_ALL


-- Importing creature spawn with guid 213748 with import type REPLACE_ALL


-- Importing creature spawn with guid 213752 with import type REPLACE_ALL


-- Importing creature spawn with guid 213790 with import type REPLACE_ALL


-- Importing creature spawn with guid 213791 with import type REPLACE_ALL


-- Importing creature spawn with guid 213792 with import type REPLACE_ALL


-- Importing creature spawn with guid 213793 with import type REPLACE_ALL


-- Importing creature spawn with guid 213794 with import type REPLACE_ALL


-- Importing creature spawn with guid 213795 with import type REPLACE_ALL


-- Importing creature spawn with guid 213796 with import type REPLACE_ALL


-- Importing creature spawn with guid 213797 with import type REPLACE_ALL


-- Importing creature spawn with guid 213798 with import type REPLACE_ALL


-- Importing creature spawn with guid 213800 with import type REPLACE_ALL


-- Importing creature spawn with guid 213801 with import type REPLACE_ALL


-- Importing creature spawn with guid 213802 with import type REPLACE_ALL


-- Importing creature spawn with guid 213803 with import type REPLACE_ALL


-- Importing creature spawn with guid 213804 with import type REPLACE_ALL


-- Importing creature spawn with guid 213806 with import type REPLACE_ALL


-- Importing creature spawn with guid 213807 with import type REPLACE_ALL


-- Importing creature spawn with guid 213808 with import type REPLACE_ALL


-- Importing creature spawn with guid 213809 with import type REPLACE_ALL


-- Importing creature spawn with guid 213810 with import type REPLACE_ALL


-- Importing creature spawn with guid 213813 with import type REPLACE_ALL


-- Importing creature spawn with guid 213814 with import type REPLACE_ALL


-- Importing creature spawn with guid 213815 with import type REPLACE_ALL


-- Importing creature spawn with guid 213816 with import type REPLACE_ALL


-- Importing creature spawn with guid 213817 with import type REPLACE_ALL


-- Importing creature spawn with guid 152327 with import type REPLACE_ALL


-- Importing creature spawn with guid 152328 with import type REPLACE_ALL


-- Importing creature spawn with guid 152329 with import type REPLACE_ALL


-- Importing creature spawn with guid 152330 with import type REPLACE_ALL


-- Importing creature spawn with guid 152331 with import type REPLACE_ALL


-- Importing creature spawn with guid 152332 with import type REPLACE_ALL


-- Importing creature spawn with guid 152333 with import type REPLACE_ALL


-- Importing creature spawn with guid 152334 with import type REPLACE_ALL


-- Importing creature spawn with guid 152335 with import type REPLACE_ALL


-- Importing creature spawn with guid 152336 with import type REPLACE_ALL


-- Importing creature spawn with guid 152337 with import type REPLACE_ALL


-- Importing creature spawn with guid 152338 with import type REPLACE_ALL


-- Importing creature spawn with guid 152339 with import type REPLACE_ALL


-- Importing creature spawn with guid 152340 with import type REPLACE_ALL


-- Importing creature spawn with guid 152341 with import type REPLACE_ALL


-- Importing creature spawn with guid 152342 with import type REPLACE_ALL


-- Importing creature spawn with guid 152343 with import type REPLACE_ALL


-- Importing creature spawn with guid 152344 with import type REPLACE_ALL


-- Importing creature spawn with guid 152345 with import type REPLACE_ALL


-- Importing creature spawn with guid 152346 with import type REPLACE_ALL


-- Importing creature spawn with guid 152347 with import type REPLACE_ALL


-- Importing creature spawn with guid 152348 with import type REPLACE_ALL


-- Importing creature spawn with guid 152349 with import type REPLACE_ALL


-- Importing creature spawn with guid 152350 with import type REPLACE_ALL


-- Importing creature spawn with guid 152351 with import type REPLACE_ALL


-- Importing creature spawn with guid 152352 with import type REPLACE_ALL


-- Importing creature spawn with guid 152353 with import type REPLACE_ALL


-- Importing creature spawn with guid 152354 with import type REPLACE_ALL


-- Importing creature spawn with guid 152355 with import type REPLACE_ALL


-- Importing creature spawn with guid 152356 with import type REPLACE_ALL


-- Importing creature spawn with guid 152357 with import type REPLACE_ALL


-- Importing creature spawn with guid 152358 with import type REPLACE_ALL


-- Importing creature spawn with guid 152359 with import type REPLACE_ALL


-- Importing creature spawn with guid 152360 with import type REPLACE_ALL


-- Importing creature spawn with guid 152361 with import type REPLACE_ALL


-- Importing creature spawn with guid 152362 with import type REPLACE_ALL


-- Importing creature spawn with guid 152363 with import type REPLACE_ALL


-- Importing creature spawn with guid 152364 with import type REPLACE_ALL


-- Importing creature spawn with guid 152365 with import type REPLACE_ALL


-- Importing creature spawn with guid 152366 with import type REPLACE_ALL


-- Importing creature spawn with guid 152367 with import type REPLACE_ALL


-- Importing creature spawn with guid 152368 with import type REPLACE_ALL


-- Importing creature spawn with guid 152369 with import type REPLACE_ALL


-- Importing creature spawn with guid 152370 with import type REPLACE_ALL


-- Importing creature spawn with guid 152371 with import type REPLACE_ALL


-- Importing creature spawn with guid 152372 with import type REPLACE_ALL


-- Importing creature spawn with guid 152373 with import type REPLACE_ALL


-- Importing creature spawn with guid 152374 with import type REPLACE_ALL


-- Importing creature spawn with guid 152375 with import type REPLACE_ALL


-- Importing creature spawn with guid 152376 with import type REPLACE_ALL


-- Importing creature spawn with guid 152377 with import type REPLACE_ALL


-- Importing creature spawn with guid 152378 with import type REPLACE_ALL


-- Importing creature spawn with guid 152379 with import type REPLACE_ALL


-- Importing creature spawn with guid 152380 with import type REPLACE_ALL


-- Importing creature spawn with guid 152381 with import type REPLACE_ALL


-- Importing creature spawn with guid 152382 with import type REPLACE_ALL


-- Importing creature spawn with guid 152383 with import type REPLACE_ALL


-- Importing creature spawn with guid 152384 with import type REPLACE_ALL


-- Importing creature spawn with guid 152385 with import type REPLACE_ALL


-- Importing creature spawn with guid 152386 with import type REPLACE_ALL


-- Importing creature spawn with guid 152387 with import type REPLACE_ALL


-- Importing creature spawn with guid 152388 with import type REPLACE_ALL


-- Importing creature spawn with guid 152389 with import type REPLACE_ALL


-- Importing creature spawn with guid 152390 with import type REPLACE_ALL


-- Importing creature spawn with guid 152391 with import type REPLACE_ALL


-- Importing creature spawn with guid 152392 with import type REPLACE_ALL


-- Importing creature spawn with guid 152393 with import type REPLACE_ALL


-- Importing creature spawn with guid 152394 with import type REPLACE_ALL


-- Importing creature spawn with guid 152395 with import type REPLACE_ALL


-- Importing creature spawn with guid 152396 with import type REPLACE_ALL


-- Importing creature spawn with guid 152397 with import type REPLACE_ALL


-- Importing creature spawn with guid 152398 with import type REPLACE_ALL


-- Importing creature spawn with guid 152399 with import type REPLACE_ALL


-- Importing creature spawn with guid 152400 with import type REPLACE_ALL


-- Importing creature spawn with guid 152401 with import type REPLACE_ALL


-- Importing creature spawn with guid 152402 with import type REPLACE_ALL


-- Importing creature spawn with guid 152403 with import type REPLACE_ALL


-- Importing creature spawn with guid 152404 with import type REPLACE_ALL


-- Importing creature spawn with guid 152405 with import type REPLACE_ALL


-- Importing creature spawn with guid 152406 with import type REPLACE_ALL


-- Importing creature spawn with guid 152407 with import type REPLACE_ALL


-- Importing creature spawn with guid 152408 with import type REPLACE_ALL


-- Importing creature spawn with guid 165585 with import type REPLACE_ALL


-- Importing creature spawn with guid 165586 with import type REPLACE_ALL


-- Importing creature spawn with guid 165587 with import type REPLACE_ALL


-- Importing creature spawn with guid 165588 with import type REPLACE_ALL


-- Importing creature spawn with guid 165589 with import type REPLACE_ALL


-- Importing creature spawn with guid 94739 with import type REPLACE_ALL


-- Importing creature spawn with guid 145513 with import type REPLACE_ALL


-- Importing creature spawn with guid 145514 with import type REPLACE_ALL


-- Importing creature spawn with guid 145515 with import type REPLACE_ALL


-- Importing creature spawn with guid 145516 with import type REPLACE_ALL


-- Importing creature spawn with guid 145517 with import type REPLACE_ALL


-- Importing creature spawn with guid 145518 with import type REPLACE_ALL


-- Importing creature spawn with guid 145519 with import type REPLACE_ALL


-- Importing creature spawn with guid 145520 with import type REPLACE_ALL


-- Importing creature spawn with guid 145521 with import type REPLACE_ALL


-- Importing creature spawn with guid 145522 with import type REPLACE_ALL


-- Importing creature spawn with guid 145523 with import type REPLACE_ALL


-- Importing creature spawn with guid 145524 with import type REPLACE_ALL


-- Importing creature spawn with guid 145525 with import type REPLACE_ALL


-- Importing creature spawn with guid 145526 with import type REPLACE_ALL


-- Importing creature spawn with guid 145527 with import type REPLACE_ALL


-- Importing creature spawn with guid 145528 with import type REPLACE_ALL


-- Importing creature spawn with guid 145529 with import type REPLACE_ALL


-- Importing creature spawn with guid 145530 with import type REPLACE_ALL


-- Importing creature spawn with guid 145538 with import type REPLACE_ALL


-- Importing creature spawn with guid 145539 with import type REPLACE_ALL


-- Importing creature spawn with guid 145540 with import type REPLACE_ALL


-- Importing creature spawn with guid 145541 with import type REPLACE_ALL


-- Importing creature spawn with guid 145542 with import type REPLACE_ALL


-- Importing creature spawn with guid 145543 with import type REPLACE_ALL


-- Importing creature spawn with guid 145544 with import type REPLACE_ALL


-- Importing creature spawn with guid 145545 with import type REPLACE_ALL


-- Importing creature spawn with guid 145546 with import type REPLACE_ALL


-- Importing creature spawn with guid 145547 with import type REPLACE_ALL


-- Importing creature spawn with guid 145548 with import type REPLACE_ALL


-- Importing creature spawn with guid 145549 with import type REPLACE_ALL


-- Importing creature spawn with guid 145550 with import type REPLACE_ALL


-- Importing creature spawn with guid 145551 with import type REPLACE_ALL


-- Importing creature spawn with guid 145552 with import type REPLACE_ALL


-- Importing creature spawn with guid 145553 with import type REPLACE_ALL


-- Importing creature spawn with guid 145554 with import type REPLACE_ALL


-- Importing creature spawn with guid 145555 with import type REPLACE_ALL


-- Importing creature spawn with guid 145556 with import type REPLACE_ALL


-- Importing creature spawn with guid 145557 with import type REPLACE_ALL


-- Importing creature spawn with guid 145558 with import type REPLACE_ALL


-- Importing creature spawn with guid 145559 with import type REPLACE_ALL


-- Importing creature spawn with guid 145560 with import type REPLACE_ALL


-- Importing creature spawn with guid 145561 with import type REPLACE_ALL


-- Importing creature spawn with guid 145562 with import type REPLACE_ALL


-- Importing creature spawn with guid 145563 with import type REPLACE_ALL


-- Importing creature spawn with guid 145564 with import type REPLACE_ALL


-- Importing creature spawn with guid 145565 with import type REPLACE_ALL


-- Importing creature spawn with guid 145566 with import type REPLACE_ALL


-- Importing creature spawn with guid 145567 with import type REPLACE_ALL


-- Importing creature spawn with guid 145568 with import type REPLACE_ALL


-- Importing creature spawn with guid 145569 with import type REPLACE_ALL


-- Importing creature spawn with guid 145570 with import type REPLACE_ALL


-- Importing creature spawn with guid 145571 with import type REPLACE_ALL


-- Importing creature spawn with guid 145572 with import type REPLACE_ALL


-- Importing creature spawn with guid 85650 with import type REPLACE_ALL


-- Importing creature spawn with guid 85651 with import type REPLACE_ALL


-- Importing creature spawn with guid 52357 with import type REPLACE_ALL


-- Importing creature spawn with guid 52360 with import type REPLACE_ALL


-- Importing creature spawn with guid 52369 with import type REPLACE_ALL


-- Importing creature spawn with guid 52383 with import type REPLACE_ALL


-- Importing creature spawn with guid 52386 with import type REPLACE_ALL


-- Importing creature spawn with guid 52388 with import type REPLACE_ALL


-- Importing creature spawn with guid 52392 with import type REPLACE_ALL


-- Importing creature spawn with guid 52466 with import type REPLACE_ALL


-- Importing creature spawn with guid 52467 with import type REPLACE_ALL


-- Importing creature spawn with guid 52468 with import type REPLACE_ALL


-- Importing creature spawn with guid 52469 with import type REPLACE_ALL


-- Importing creature spawn with guid 52470 with import type REPLACE_ALL


-- Importing creature spawn with guid 52478 with import type REPLACE_ALL


-- Importing creature spawn with guid 52633 with import type REPLACE_ALL


-- Importing creature spawn with guid 52634 with import type REPLACE_ALL


-- Importing creature spawn with guid 52635 with import type REPLACE_ALL


-- Importing creature spawn with guid 52637 with import type REPLACE_ALL


-- Importing creature spawn with guid 52641 with import type REPLACE_ALL


-- Importing creature spawn with guid 52662 with import type REPLACE_ALL


-- Importing creature spawn with guid 53882 with import type REPLACE_ALL


-- Importing creature spawn with guid 53929 with import type REPLACE_ALL


-- Importing creature spawn with guid 53930 with import type REPLACE_ALL


-- Importing creature spawn with guid 53931 with import type REPLACE_ALL


-- Importing creature spawn with guid 54255 with import type REPLACE_ALL


-- Importing creature spawn with guid 54257 with import type REPLACE_ALL


-- Importing creature spawn with guid 54258 with import type REPLACE_ALL


-- Importing creature spawn with guid 54260 with import type REPLACE_ALL


-- Importing creature spawn with guid 54261 with import type REPLACE_ALL


-- Importing creature spawn with guid 146654 with import type REPLACE_ALL


-- Importing creature spawn with guid 146760 with import type REPLACE_ALL


-- Importing creature spawn with guid 146776 with import type REPLACE_ALL


-- Importing creature spawn with guid 146824 with import type REPLACE_ALL


-- Importing creature spawn with guid 80451 with import type REPLACE_ALL


-- Importing creature spawn with guid 80452 with import type REPLACE_ALL


-- Importing creature spawn with guid 80468 with import type REPLACE_ALL


-- Importing creature spawn with guid 80479 with import type REPLACE_ALL


-- Importing creature spawn with guid 80480 with import type REPLACE_ALL


-- Importing creature spawn with guid 80487 with import type REPLACE_ALL


-- Importing creature spawn with guid 80490 with import type REPLACE_ALL


-- Importing creature spawn with guid 80492 with import type REPLACE_ALL


-- Importing creature spawn with guid 80493 with import type REPLACE_ALL


-- Importing creature spawn with guid 80499 with import type REPLACE_ALL


-- Importing creature spawn with guid 80501 with import type REPLACE_ALL


-- Importing creature spawn with guid 36904 with import type REPLACE_ALL


-- Importing creature spawn with guid 36907 with import type REPLACE_ALL


-- Importing creature spawn with guid 36924 with import type REPLACE_ALL


-- Importing creature spawn with guid 36938 with import type REPLACE_ALL


-- Importing creature spawn with guid 36942 with import type REPLACE_ALL


-- Importing creature spawn with guid 36957 with import type REPLACE_ALL


-- Importing creature spawn with guid 36958 with import type REPLACE_ALL


-- Importing creature spawn with guid 81110 with import type REPLACE_ALL


-- Importing creature spawn with guid 81111 with import type REPLACE_ALL


-- Importing creature spawn with guid 81112 with import type REPLACE_ALL


-- Importing creature spawn with guid 81113 with import type REPLACE_ALL


-- Importing creature spawn with guid 81114 with import type REPLACE_ALL


-- Importing creature spawn with guid 81115 with import type REPLACE_ALL


-- Importing creature spawn with guid 80539 with import type REPLACE_ALL


-- Importing creature spawn with guid 80540 with import type REPLACE_ALL


-- Importing creature spawn with guid 80541 with import type REPLACE_ALL


-- Importing creature spawn with guid 80545 with import type REPLACE_ALL


-- Importing creature spawn with guid 80546 with import type REPLACE_ALL


-- Importing creature spawn with guid 80704 with import type REPLACE_ALL
INSERT INTO creature_entry (`spawnID`, `entry`) VALUES ('80704', '21041');
INSERT INTO creature (`spawnID`, `map`, `spawnMask`, `modelid`, `equipment_id`, `position_x`, `position_y`, `position_z`, `orientation`, `spawntimesecs`, `spawndist`, `currentwaypoint`, `curhealth`, `curmana`, `MovementType`, `unit_flags`, `pool_id`, `patch_min`, `patch_max`) VALUES ('80704', '530', '1', NULL, '0', '-2638.89', '1358.96', '35.9607', '0.574121', '180', '0', '0', '8', '0', '0', '0', '0', '0', '10');


-- Importing creature spawn with guid 80708 with import type REPLACE_ALL


-- Importing creature spawn with guid 80712 with import type REPLACE_ALL


-- Importing creature spawn with guid 80715 with import type REPLACE_ALL


-- Importing creature spawn with guid 80729 with import type REPLACE_ALL


-- Importing creature spawn with guid 80743 with import type REPLACE_ALL


-- Importing creature spawn with guid 81131 with import type REPLACE_ALL


-- Importing creature spawn with guid 81148 with import type REPLACE_ALL


-- Importing creature spawn with guid 81149 with import type REPLACE_ALL


-- Importing creature spawn with guid 82841 with import type REPLACE_ALL


-- Importing creature spawn with guid 82916 with import type REPLACE_ALL


-- Importing creature spawn with guid 82864 with import type REPLACE_ALL


-- Importing creature spawn with guid 82932 with import type REPLACE_ALL


-- Importing creature spawn with guid 87019 with import type REPLACE_ALL


-- Importing creature spawn with guid 87020 with import type REPLACE_ALL


-- Importing creature spawn with guid 87021 with import type REPLACE_ALL


-- Importing creature spawn with guid 94122 with import type REPLACE_ALL


-- Importing creature spawn with guid 94167 with import type REPLACE_ALL


-- Importing creature spawn with guid 94168 with import type REPLACE_ALL


-- Importing creature spawn with guid 94178 with import type REPLACE_ALL


COMMIT;
