-- Importing creature gossip with entry 3084 (Bluffwatcher) with import type GOSSIP
INSERT INTO gossip_text (`ID`, `comment`, `text0_0`, `text0_1`, `BroadcastTextID0`, `lang0`, `Probability0`, `em0_0`, `em0_1`, `em0_2`, `em0_3`, `em0_4`, `em0_5`, `text1_0`, `text1_1`, `BroadcastTextID1`, `lang1`, `Probability1`, `em1_0`, `em1_1`, `em1_2`, `em1_3`, `em1_4`, `em1_5`, `text2_0`, `text2_1`, `BroadcastTextID2`, `lang2`, `Probability2`, `em2_0`, `em2_1`, `em2_2`, `em2_3`, `em2_4`, `em2_5`, `text3_0`, `text3_1`, `BroadcastTextID3`, `lang3`, `Probability3`, `em3_0`, `em3_1`, `em3_2`, `em3_3`, `em3_4`, `em3_5`, `text4_0`, `text4_1`, `BroadcastTextID4`, `lang4`, `Probability4`, `em4_0`, `em4_1`, `em4_2`, `em4_3`, `em4_4`, `em4_5`, `text5_0`, `text5_1`, `BroadcastTextID5`, `lang5`, `Probability5`, `em5_0`, `em5_1`, `em5_2`, `em5_3`, `em5_4`, `em5_5`, `text6_0`, `text6_1`, `BroadcastTextID6`, `lang6`, `Probability6`, `em6_0`, `em6_1`, `em6_2`, `em6_3`, `em6_4`, `em6_5`, `text7_0`, `text7_1`, `BroadcastTextID7`, `lang7`, `Probability7`, `em7_0`, `em7_1`, `em7_2`, `em7_3`, `em7_4`, `em7_5`) VALUES ('1872264', 'Imported from TC', 'What are you looking for?', 'What are you looking for?', '21585', '1', '1', '0', '0', '0', '0', '0', '0', '', '', NULL, '0', '0', '0', '0', '0', '0', '0', '0', '', '', NULL, '0', '0', '0', '0', '0', '0', '0', '0', '', '', NULL, '0', '0', '0', '0', '0', '0', '0', '0', '', '', NULL, '0', '0', '0', '0', '0', '0', '0', '0', '', '', NULL, '0', '0', '0', '0', '0', '0', '0', '0', '', '', NULL, '0', '0', '0', '0', '0', '0', '0', '0', '', '', NULL, '0', '0', '0', '0', '0', '0', '0', '0');
INSERT INTO gossip_menu (`MenuID`, `TextID`) VALUES ('721', '1872264');
INSERT INTO gossip_text (`ID`, `comment`, `text0_0`, `text0_1`, `BroadcastTextID0`, `lang0`, `Probability0`, `em0_0`, `em0_1`, `em0_2`, `em0_3`, `em0_4`, `em0_5`, `text1_0`, `text1_1`, `BroadcastTextID1`, `lang1`, `Probability1`, `em1_0`, `em1_1`, `em1_2`, `em1_3`, `em1_4`, `em1_5`, `text2_0`, `text2_1`, `BroadcastTextID2`, `lang2`, `Probability2`, `em2_0`, `em2_1`, `em2_2`, `em2_3`, `em2_4`, `em2_5`, `text3_0`, `text3_1`, `BroadcastTextID3`, `lang3`, `Probability3`, `em3_0`, `em3_1`, `em3_2`, `em3_3`, `em3_4`, `em3_5`, `text4_0`, `text4_1`, `BroadcastTextID4`, `lang4`, `Probability4`, `em4_0`, `em4_1`, `em4_2`, `em4_3`, `em4_4`, `em4_5`, `text5_0`, `text5_1`, `BroadcastTextID5`, `lang5`, `Probability5`, `em5_0`, `em5_1`, `em5_2`, `em5_3`, `em5_4`, `em5_5`, `text6_0`, `text6_1`, `BroadcastTextID6`, `lang6`, `Probability6`, `em6_0`, `em6_1`, `em6_2`, `em6_3`, `em6_4`, `em6_5`, `text7_0`, `text7_1`, `BroadcastTextID7`, `lang7`, `Probability7`, `em7_0`, `em7_1`, `em7_2`, `em7_3`, `em7_4`, `em7_5`) VALUES ('1872265', 'Imported from TC', 'The Thunder Bluff Bank can be found on the lower rise.', 'The Thunder Bluff Bank can be found on the lower rise.', '3444', '1', '80', '0', '0', '0', '0', '0', '0', 'You may shed yourself of your worldly possessions at the Thunder Bluff Bank on the lower rise.', 'You may shed yourself of your worldly possessions at the Thunder Bluff Bank on the lower rise.', '5477', '1', '20', '0', '0', '0', '0', '0', '0', '', '', NULL, '0', '0', '0', '0', '0', '0', '0', '0', '', '', NULL, '0', '0', '0', '0', '0', '0', '0', '0', '', '', NULL, '0', '0', '0', '0', '0', '0', '0', '0', '', '', NULL, '0', '0', '0', '0', '0', '0', '0', '0', '', '', NULL, '0', '0', '0', '0', '0', '0', '0', '0', '', '', NULL, '0', '0', '0', '0', '0', '0', '0', '0');
INSERT INTO gossip_menu (`MenuID`, `TextID`) VALUES ('743', '1872265');
INSERT INTO points_of_interest (`ID`, `PositionX`, `PositionY`, `Icon`, `Flags`, `Importance`, `Name`, `VerifiedBuild`) VALUES ('275', '-1257.8', '24.1431', '6', '99', '0', 'Thunder Bluff Bank', '0');
INSERT INTO gossip_menu_option (`MenuID`, `OptionID`, `OptionIcon`, `OptionText`, `OptionBroadcastTextID`, `OptionType`, `OptionNpcFlag`, `ActionMenuID`, `ActionPoiID`, `BoxCoded`, `BoxMoney`, `BoxText`, `BoxBroadcastTextID`) VALUES ('721', '0', '0', 'The bank', '7066', '1', '1', '743', '275', '0', '0', '', NULL);
INSERT INTO gossip_text (`ID`, `comment`, `text0_0`, `text0_1`, `BroadcastTextID0`, `lang0`, `Probability0`, `em0_0`, `em0_1`, `em0_2`, `em0_3`, `em0_4`, `em0_5`, `text1_0`, `text1_1`, `BroadcastTextID1`, `lang1`, `Probability1`, `em1_0`, `em1_1`, `em1_2`, `em1_3`, `em1_4`, `em1_5`, `text2_0`, `text2_1`, `BroadcastTextID2`, `lang2`, `Probability2`, `em2_0`, `em2_1`, `em2_2`, `em2_3`, `em2_4`, `em2_5`, `text3_0`, `text3_1`, `BroadcastTextID3`, `lang3`, `Probability3`, `em3_0`, `em3_1`, `em3_2`, `em3_3`, `em3_4`, `em3_5`, `text4_0`, `text4_1`, `BroadcastTextID4`, `lang4`, `Probability4`, `em4_0`, `em4_1`, `em4_2`, `em4_3`, `em4_4`, `em4_5`, `text5_0`, `text5_1`, `BroadcastTextID5`, `lang5`, `Probability5`, `em5_0`, `em5_1`, `em5_2`, `em5_3`, `em5_4`, `em5_5`, `text6_0`, `text6_1`, `BroadcastTextID6`, `lang6`, `Probability6`, `em6_0`, `em6_1`, `em6_2`, `em6_3`, `em6_4`, `em6_5`, `text7_0`, `text7_1`, `BroadcastTextID7`, `lang7`, `Probability7`, `em7_0`, `em7_1`, `em7_2`, `em7_3`, `em7_4`, `em7_5`) VALUES ('1872266', 'Imported from TC', 'The Wind Rider Roost is atop the totem stairway in the center of town.', 'The Wind Rider Roost is atop the totem stairway in the center of town.', '3445', '1', '80', '0', '0', '0', '0', '0', '0', 'Ah, to soar with the great birds of the sky.  Seek out Tal at the top of the Winder Rider Roost.  He will steer you toward where you\'re going.', 'Ah, to soar with the great birds of the sky.  Seek out Tal at the top of the Winder Rider Roost.  He will steer you toward where you\'re going.', '5497', '1', '20', '0', '0', '0', '0', '0', '0', '', '', NULL, '0', '0', '0', '0', '0', '0', '0', '0', '', '', NULL, '0', '0', '0', '0', '0', '0', '0', '0', '', '', NULL, '0', '0', '0', '0', '0', '0', '0', '0', '', '', NULL, '0', '0', '0', '0', '0', '0', '0', '0', '', '', NULL, '0', '0', '0', '0', '0', '0', '0', '0', '', '', NULL, '0', '0', '0', '0', '0', '0', '0', '0');
INSERT INTO gossip_menu (`MenuID`, `TextID`) VALUES ('744', '1872266');
INSERT INTO points_of_interest (`ID`, `PositionX`, `PositionY`, `Icon`, `Flags`, `Importance`, `Name`, `VerifiedBuild`) VALUES ('276', '-1196.44', '28.2654', '6', '99', '0', 'Wind Rider Roost', '0');
INSERT INTO gossip_menu_option (`MenuID`, `OptionID`, `OptionIcon`, `OptionText`, `OptionBroadcastTextID`, `OptionType`, `OptionNpcFlag`, `ActionMenuID`, `ActionPoiID`, `BoxCoded`, `BoxMoney`, `BoxText`, `BoxBroadcastTextID`) VALUES ('721', '1', '0', 'The wind rider master', '6720', '1', '1', '744', '276', '0', '0', '', NULL);
INSERT INTO gossip_text (`ID`, `comment`, `text0_0`, `text0_1`, `BroadcastTextID0`, `lang0`, `Probability0`, `em0_0`, `em0_1`, `em0_2`, `em0_3`, `em0_4`, `em0_5`, `text1_0`, `text1_1`, `BroadcastTextID1`, `lang1`, `Probability1`, `em1_0`, `em1_1`, `em1_2`, `em1_3`, `em1_4`, `em1_5`, `text2_0`, `text2_1`, `BroadcastTextID2`, `lang2`, `Probability2`, `em2_0`, `em2_1`, `em2_2`, `em2_3`, `em2_4`, `em2_5`, `text3_0`, `text3_1`, `BroadcastTextID3`, `lang3`, `Probability3`, `em3_0`, `em3_1`, `em3_2`, `em3_3`, `em3_4`, `em3_5`, `text4_0`, `text4_1`, `BroadcastTextID4`, `lang4`, `Probability4`, `em4_0`, `em4_1`, `em4_2`, `em4_3`, `em4_4`, `em4_5`, `text5_0`, `text5_1`, `BroadcastTextID5`, `lang5`, `Probability5`, `em5_0`, `em5_1`, `em5_2`, `em5_3`, `em5_4`, `em5_5`, `text6_0`, `text6_1`, `BroadcastTextID6`, `lang6`, `Probability6`, `em6_0`, `em6_1`, `em6_2`, `em6_3`, `em6_4`, `em6_5`, `text7_0`, `text7_1`, `BroadcastTextID7`, `lang7`, `Probability7`, `em7_0`, `em7_1`, `em7_2`, `em7_3`, `em7_4`, `em7_5`) VALUES ('1872267', 'Imported from TC', 'Krumn is the bull you are looking for. He can be found on the lower rise at Thunder Bluff Civic Information.', 'Krumn is the bull you are looking for. He can be found on the lower rise at Thunder Bluff Civic Information.', '3443', '1', '80', '0', '0', '0', '0', '0', '0', 'A fellowship of kindred spirits can be a powerful force.  Krumn will help you to achieve this.  You will find him at the Thunder Bluff Civic Information center on the lower rise next to the lifts.', 'A fellowship of kindred spirits can be a powerful force.  Krumn will help you to achieve this.  You will find him at the Thunder Bluff Civic Information center on the lower rise next to the lifts.', '5484', '1', '20', '0', '0', '0', '0', '0', '0', '', '', NULL, '0', '0', '0', '0', '0', '0', '0', '0', '', '', NULL, '0', '0', '0', '0', '0', '0', '0', '0', '', '', NULL, '0', '0', '0', '0', '0', '0', '0', '0', '', '', NULL, '0', '0', '0', '0', '0', '0', '0', '0', '', '', NULL, '0', '0', '0', '0', '0', '0', '0', '0', '', '', NULL, '0', '0', '0', '0', '0', '0', '0', '0');
INSERT INTO gossip_menu (`MenuID`, `TextID`) VALUES ('742', '1872267');
INSERT INTO points_of_interest (`ID`, `PositionX`, `PositionY`, `Icon`, `Flags`, `Importance`, `Name`, `VerifiedBuild`) VALUES ('277', '-1296.5', '127.579', '6', '99', '0', 'Thunder Bluff Civic Information', '0');
INSERT INTO gossip_menu_option (`MenuID`, `OptionID`, `OptionIcon`, `OptionText`, `OptionBroadcastTextID`, `OptionType`, `OptionNpcFlag`, `ActionMenuID`, `ActionPoiID`, `BoxCoded`, `BoxMoney`, `BoxText`, `BoxBroadcastTextID`) VALUES ('721', '2', '0', 'The guild master', '2870', '1', '1', '742', '277', '0', '0', '', NULL);
INSERT INTO gossip_text (`ID`, `comment`, `text0_0`, `text0_1`, `BroadcastTextID0`, `lang0`, `Probability0`, `em0_0`, `em0_1`, `em0_2`, `em0_3`, `em0_4`, `em0_5`, `text1_0`, `text1_1`, `BroadcastTextID1`, `lang1`, `Probability1`, `em1_0`, `em1_1`, `em1_2`, `em1_3`, `em1_4`, `em1_5`, `text2_0`, `text2_1`, `BroadcastTextID2`, `lang2`, `Probability2`, `em2_0`, `em2_1`, `em2_2`, `em2_3`, `em2_4`, `em2_5`, `text3_0`, `text3_1`, `BroadcastTextID3`, `lang3`, `Probability3`, `em3_0`, `em3_1`, `em3_2`, `em3_3`, `em3_4`, `em3_5`, `text4_0`, `text4_1`, `BroadcastTextID4`, `lang4`, `Probability4`, `em4_0`, `em4_1`, `em4_2`, `em4_3`, `em4_4`, `em4_5`, `text5_0`, `text5_1`, `BroadcastTextID5`, `lang5`, `Probability5`, `em5_0`, `em5_1`, `em5_2`, `em5_3`, `em5_4`, `em5_5`, `text6_0`, `text6_1`, `BroadcastTextID6`, `lang6`, `Probability6`, `em6_0`, `em6_1`, `em6_2`, `em6_3`, `em6_4`, `em6_5`, `text7_0`, `text7_1`, `BroadcastTextID7`, `lang7`, `Probability7`, `em7_0`, `em7_1`, `em7_2`, `em7_3`, `em7_4`, `em7_5`) VALUES ('1872268', 'Imported from TC', 'Look for Innkeeper Pala in the building just south of the Thunder Bluff Bank on the lower rise.', 'Look for Innkeeper Pala in the building just south of the Thunder Bluff Bank on the lower rise.', '5498', '1', '80', '0', '0', '0', '0', '0', '0', 'Innkeeper Pala will help you rest your body and spirit.  You can find her in the building just south of the bank on the lower rise.', 'Innkeeper Pala will help you rest your body and spirit.  You can find her in the building just south of the bank on the lower rise.', '5499', '1', '20', '0', '0', '0', '0', '0', '0', '', '', NULL, '0', '0', '0', '0', '0', '0', '0', '0', '', '', NULL, '0', '0', '0', '0', '0', '0', '0', '0', '', '', NULL, '0', '0', '0', '0', '0', '0', '0', '0', '', '', NULL, '0', '0', '0', '0', '0', '0', '0', '0', '', '', NULL, '0', '0', '0', '0', '0', '0', '0', '0', '', '', NULL, '0', '0', '0', '0', '0', '0', '0', '0');
INSERT INTO gossip_menu (`MenuID`, `TextID`) VALUES ('2461', '1872268');
INSERT INTO points_of_interest (`ID`, `PositionX`, `PositionY`, `Icon`, `Flags`, `Importance`, `Name`, `VerifiedBuild`) VALUES ('278', '-1296.07', '39.7075', '6', '99', '0', 'Thunder Bluff Inn', '0');
INSERT INTO gossip_menu_option (`MenuID`, `OptionID`, `OptionIcon`, `OptionText`, `OptionBroadcastTextID`, `OptionType`, `OptionNpcFlag`, `ActionMenuID`, `ActionPoiID`, `BoxCoded`, `BoxMoney`, `BoxText`, `BoxBroadcastTextID`) VALUES ('721', '3', '0', 'The inn', '7075', '1', '1', '2461', '278', '0', '0', '', NULL);
INSERT INTO gossip_text (`ID`, `comment`, `text0_0`, `text0_1`, `BroadcastTextID0`, `lang0`, `Probability0`, `em0_0`, `em0_1`, `em0_2`, `em0_3`, `em0_4`, `em0_5`, `text1_0`, `text1_1`, `BroadcastTextID1`, `lang1`, `Probability1`, `em1_0`, `em1_1`, `em1_2`, `em1_3`, `em1_4`, `em1_5`, `text2_0`, `text2_1`, `BroadcastTextID2`, `lang2`, `Probability2`, `em2_0`, `em2_1`, `em2_2`, `em2_3`, `em2_4`, `em2_5`, `text3_0`, `text3_1`, `BroadcastTextID3`, `lang3`, `Probability3`, `em3_0`, `em3_1`, `em3_2`, `em3_3`, `em3_4`, `em3_5`, `text4_0`, `text4_1`, `BroadcastTextID4`, `lang4`, `Probability4`, `em4_0`, `em4_1`, `em4_2`, `em4_3`, `em4_4`, `em4_5`, `text5_0`, `text5_1`, `BroadcastTextID5`, `lang5`, `Probability5`, `em5_0`, `em5_1`, `em5_2`, `em5_3`, `em5_4`, `em5_5`, `text6_0`, `text6_1`, `BroadcastTextID6`, `lang6`, `Probability6`, `em6_0`, `em6_1`, `em6_2`, `em6_3`, `em6_4`, `em6_5`, `text7_0`, `text7_1`, `BroadcastTextID7`, `lang7`, `Probability7`, `em7_0`, `em7_1`, `em7_2`, `em7_3`, `em7_4`, `em7_5`) VALUES ('1872269', 'Imported from TC', 'You can find a mailbox just outside the Thunder Bluff Bank on the lower rise.', 'You can find a mailbox just outside the Thunder Bluff Bank on the lower rise.', '5500', '1', '80', '0', '0', '0', '0', '0', '0', 'I believe I noticed a new shipment of mail being delivered not too long ago.  You\'ll find the mailbox just outside the Thunder Bluff Bank on the lower rise.', 'I believe I noticed a new shipment of mail being delivered not too long ago.  You\'ll find the mailbox just outside the Thunder Bluff Bank on the lower rise.', '5501', '1', '20', '0', '0', '0', '0', '0', '0', '', '', NULL, '0', '0', '0', '0', '0', '0', '0', '0', '', '', NULL, '0', '0', '0', '0', '0', '0', '0', '0', '', '', NULL, '0', '0', '0', '0', '0', '0', '0', '0', '', '', NULL, '0', '0', '0', '0', '0', '0', '0', '0', '', '', NULL, '0', '0', '0', '0', '0', '0', '0', '0', '', '', NULL, '0', '0', '0', '0', '0', '0', '0', '0');
INSERT INTO gossip_menu (`MenuID`, `TextID`) VALUES ('2462', '1872269');
INSERT INTO points_of_interest (`ID`, `PositionX`, `PositionY`, `Icon`, `Flags`, `Importance`, `Name`, `VerifiedBuild`) VALUES ('279', '-1263.6', '44.3601', '6', '99', '0', 'Thunder Bluff Mailbox', '0');
INSERT INTO gossip_menu_option (`MenuID`, `OptionID`, `OptionIcon`, `OptionText`, `OptionBroadcastTextID`, `OptionType`, `OptionNpcFlag`, `ActionMenuID`, `ActionPoiID`, `BoxCoded`, `BoxMoney`, `BoxText`, `BoxBroadcastTextID`) VALUES ('721', '4', '0', 'The mailbox', '5514', '1', '1', '2462', '279', '0', '0', '', NULL);
INSERT INTO gossip_text (`ID`, `comment`, `text0_0`, `text0_1`, `BroadcastTextID0`, `lang0`, `Probability0`, `em0_0`, `em0_1`, `em0_2`, `em0_3`, `em0_4`, `em0_5`, `text1_0`, `text1_1`, `BroadcastTextID1`, `lang1`, `Probability1`, `em1_0`, `em1_1`, `em1_2`, `em1_3`, `em1_4`, `em1_5`, `text2_0`, `text2_1`, `BroadcastTextID2`, `lang2`, `Probability2`, `em2_0`, `em2_1`, `em2_2`, `em2_3`, `em2_4`, `em2_5`, `text3_0`, `text3_1`, `BroadcastTextID3`, `lang3`, `Probability3`, `em3_0`, `em3_1`, `em3_2`, `em3_3`, `em3_4`, `em3_5`, `text4_0`, `text4_1`, `BroadcastTextID4`, `lang4`, `Probability4`, `em4_0`, `em4_1`, `em4_2`, `em4_3`, `em4_4`, `em4_5`, `text5_0`, `text5_1`, `BroadcastTextID5`, `lang5`, `Probability5`, `em5_0`, `em5_1`, `em5_2`, `em5_3`, `em5_4`, `em5_5`, `text6_0`, `text6_1`, `BroadcastTextID6`, `lang6`, `Probability6`, `em6_0`, `em6_1`, `em6_2`, `em6_3`, `em6_4`, `em6_5`, `text7_0`, `text7_1`, `BroadcastTextID7`, `lang7`, `Probability7`, `em7_0`, `em7_1`, `em7_2`, `em7_3`, `em7_4`, `em7_5`) VALUES ('1872270', 'Imported from TC', 'It is found on the lowest section of Thunder Bluff.  Search near the bank.  It is not far from there.', 'It is found on the lowest section of Thunder Bluff.  Search near the bank.  It is not far from there.', '5502', '1', '80', '0', '0', '0', '0', '0', '0', 'The auction house can be found on the central spire of Thunder Bluff.  Search near the bottom of the Windrider\'s Tower. May your ancestors watch over you.', 'The auction house can be found on the central spire of Thunder Bluff.  Search near the bottom of the Windrider\'s Tower. May your ancestors watch over you.', '5503', '1', '20', '0', '0', '0', '0', '0', '0', '', '', NULL, '0', '0', '0', '0', '0', '0', '0', '0', '', '', NULL, '0', '0', '0', '0', '0', '0', '0', '0', '', '', NULL, '0', '0', '0', '0', '0', '0', '0', '0', '', '', NULL, '0', '0', '0', '0', '0', '0', '0', '0', '', '', NULL, '0', '0', '0', '0', '0', '0', '0', '0', '', '', NULL, '0', '0', '0', '0', '0', '0', '0', '0');
INSERT INTO gossip_menu (`MenuID`, `TextID`) VALUES ('2463', '1872270');
INSERT INTO points_of_interest (`ID`, `PositionX`, `PositionY`, `Icon`, `Flags`, `Importance`, `Name`, `VerifiedBuild`) VALUES ('280', '-1198.32', '102.054', '6', '99', '0', 'Thunder Bluff Auction house', '0');
INSERT INTO gossip_menu_option (`MenuID`, `OptionID`, `OptionIcon`, `OptionText`, `OptionBroadcastTextID`, `OptionType`, `OptionNpcFlag`, `ActionMenuID`, `ActionPoiID`, `BoxCoded`, `BoxMoney`, `BoxText`, `BoxBroadcastTextID`) VALUES ('721', '5', '0', 'The auction house', '5515', '1', '1', '2463', '280', '0', '0', '', NULL);
INSERT INTO gossip_text (`ID`, `comment`, `text0_0`, `text0_1`, `BroadcastTextID0`, `lang0`, `Probability0`, `em0_0`, `em0_1`, `em0_2`, `em0_3`, `em0_4`, `em0_5`, `text1_0`, `text1_1`, `BroadcastTextID1`, `lang1`, `Probability1`, `em1_0`, `em1_1`, `em1_2`, `em1_3`, `em1_4`, `em1_5`, `text2_0`, `text2_1`, `BroadcastTextID2`, `lang2`, `Probability2`, `em2_0`, `em2_1`, `em2_2`, `em2_3`, `em2_4`, `em2_5`, `text3_0`, `text3_1`, `BroadcastTextID3`, `lang3`, `Probability3`, `em3_0`, `em3_1`, `em3_2`, `em3_3`, `em3_4`, `em3_5`, `text4_0`, `text4_1`, `BroadcastTextID4`, `lang4`, `Probability4`, `em4_0`, `em4_1`, `em4_2`, `em4_3`, `em4_4`, `em4_5`, `text5_0`, `text5_1`, `BroadcastTextID5`, `lang5`, `Probability5`, `em5_0`, `em5_1`, `em5_2`, `em5_3`, `em5_4`, `em5_5`, `text6_0`, `text6_1`, `BroadcastTextID6`, `lang6`, `Probability6`, `em6_0`, `em6_1`, `em6_2`, `em6_3`, `em6_4`, `em6_5`, `text7_0`, `text7_1`, `BroadcastTextID7`, `lang7`, `Probability7`, `em7_0`, `em7_1`, `em7_2`, `em7_3`, `em7_4`, `em7_5`) VALUES ('1872271', 'Imported from TC', 'Ah, you seek the wisdom of Ansekhwa.  Look for him on the lower rise at Thunder Bluff Weapons.', 'Ah, you seek the wisdom of Ansekhwa.  Look for him on the lower rise at Thunder Bluff Weapons.', '7254', '1', '80', '0', '0', '0', '0', '0', '0', 'None are as skilled in the use of weapons as Ansekhwa.  It is said that he is guided by the spirits of the finest warriors of our honored ancestors.  Seek him out on the lower rise and he will teach you what you want to know.', 'None are as skilled in the use of weapons as Ansekhwa.  It is said that he is guided by the spirits of the finest warriors of our honored ancestors.  Seek him out on the lower rise and he will teach you what you want to know.', '7255', '1', '20', '0', '0', '0', '0', '0', '0', '', '', NULL, '0', '0', '0', '0', '0', '0', '0', '0', '', '', NULL, '0', '0', '0', '0', '0', '0', '0', '0', '', '', NULL, '0', '0', '0', '0', '0', '0', '0', '0', '', '', NULL, '0', '0', '0', '0', '0', '0', '0', '0', '', '', NULL, '0', '0', '0', '0', '0', '0', '0', '0', '', '', NULL, '0', '0', '0', '0', '0', '0', '0', '0');
INSERT INTO gossip_menu (`MenuID`, `TextID`) VALUES ('3725', '1872271');
INSERT INTO points_of_interest (`ID`, `PositionX`, `PositionY`, `Icon`, `Flags`, `Importance`, `Name`, `VerifiedBuild`) VALUES ('281', '-1282.31', '89.563', '6', '99', '0', 'Ansekhwa', '0');
INSERT INTO gossip_menu_option (`MenuID`, `OptionID`, `OptionIcon`, `OptionText`, `OptionBroadcastTextID`, `OptionType`, `OptionNpcFlag`, `ActionMenuID`, `ActionPoiID`, `BoxCoded`, `BoxMoney`, `BoxText`, `BoxBroadcastTextID`) VALUES ('721', '6', '0', 'The weapon master', '7253', '1', '1', '3725', '281', '0', '0', '', NULL);
INSERT INTO gossip_text (`ID`, `comment`, `text0_0`, `text0_1`, `BroadcastTextID0`, `lang0`, `Probability0`, `em0_0`, `em0_1`, `em0_2`, `em0_3`, `em0_4`, `em0_5`, `text1_0`, `text1_1`, `BroadcastTextID1`, `lang1`, `Probability1`, `em1_0`, `em1_1`, `em1_2`, `em1_3`, `em1_4`, `em1_5`, `text2_0`, `text2_1`, `BroadcastTextID2`, `lang2`, `Probability2`, `em2_0`, `em2_1`, `em2_2`, `em2_3`, `em2_4`, `em2_5`, `text3_0`, `text3_1`, `BroadcastTextID3`, `lang3`, `Probability3`, `em3_0`, `em3_1`, `em3_2`, `em3_3`, `em3_4`, `em3_5`, `text4_0`, `text4_1`, `BroadcastTextID4`, `lang4`, `Probability4`, `em4_0`, `em4_1`, `em4_2`, `em4_3`, `em4_4`, `em4_5`, `text5_0`, `text5_1`, `BroadcastTextID5`, `lang5`, `Probability5`, `em5_0`, `em5_1`, `em5_2`, `em5_3`, `em5_4`, `em5_5`, `text6_0`, `text6_1`, `BroadcastTextID6`, `lang6`, `Probability6`, `em6_0`, `em6_1`, `em6_2`, `em6_3`, `em6_4`, `em6_5`, `text7_0`, `text7_1`, `BroadcastTextID7`, `lang7`, `Probability7`, `em7_0`, `em7_1`, `em7_2`, `em7_3`, `em7_4`, `em7_5`) VALUES ('1872272', 'Imported from TC', 'It is the assistance of Bulrug that you need.  You will find him outside on the lower rise standing between the inn and the Thunder Bluff Bank.', 'It is the assistance of Bulrug that you need.  You will find him outside on the lower rise standing between the inn and the Thunder Bluff Bank.', '8516', '1', '80', '0', '0', '0', '0', '0', '0', 'The concern that you show for the welfare of your animal companions is commendable.  Bulrug, on the lower rise, can help you with that.  Seek him out between the bank and the inn.', 'The concern that you show for the welfare of your animal companions is commendable.  Bulrug, on the lower rise, can help you with that.  Seek him out between the bank and the inn.', '8517', '1', '20', '0', '0', '0', '0', '0', '0', '', '', NULL, '0', '0', '0', '0', '0', '0', '0', '0', '', '', NULL, '0', '0', '0', '0', '0', '0', '0', '0', '', '', NULL, '0', '0', '0', '0', '0', '0', '0', '0', '', '', NULL, '0', '0', '0', '0', '0', '0', '0', '0', '', '', NULL, '0', '0', '0', '0', '0', '0', '0', '0', '', '', NULL, '0', '0', '0', '0', '0', '0', '0', '0');
INSERT INTO gossip_menu (`MenuID`, `TextID`) VALUES ('4904', '1872272');
INSERT INTO points_of_interest (`ID`, `PositionX`, `PositionY`, `Icon`, `Flags`, `Importance`, `Name`, `VerifiedBuild`) VALUES ('282', '-1270.2', '48.8459', '6', '99', '0', 'Bulrug', '0');
INSERT INTO gossip_menu_option (`MenuID`, `OptionID`, `OptionIcon`, `OptionText`, `OptionBroadcastTextID`, `OptionType`, `OptionNpcFlag`, `ActionMenuID`, `ActionPoiID`, `BoxCoded`, `BoxMoney`, `BoxText`, `BoxBroadcastTextID`) VALUES ('721', '7', '0', 'The stable master', '8521', '1', '1', '4904', '282', '0', '0', '', NULL);
INSERT INTO gossip_text (`ID`, `comment`, `text0_0`, `text0_1`, `BroadcastTextID0`, `lang0`, `Probability0`, `em0_0`, `em0_1`, `em0_2`, `em0_3`, `em0_4`, `em0_5`, `text1_0`, `text1_1`, `BroadcastTextID1`, `lang1`, `Probability1`, `em1_0`, `em1_1`, `em1_2`, `em1_3`, `em1_4`, `em1_5`, `text2_0`, `text2_1`, `BroadcastTextID2`, `lang2`, `Probability2`, `em2_0`, `em2_1`, `em2_2`, `em2_3`, `em2_4`, `em2_5`, `text3_0`, `text3_1`, `BroadcastTextID3`, `lang3`, `Probability3`, `em3_0`, `em3_1`, `em3_2`, `em3_3`, `em3_4`, `em3_5`, `text4_0`, `text4_1`, `BroadcastTextID4`, `lang4`, `Probability4`, `em4_0`, `em4_1`, `em4_2`, `em4_3`, `em4_4`, `em4_5`, `text5_0`, `text5_1`, `BroadcastTextID5`, `lang5`, `Probability5`, `em5_0`, `em5_1`, `em5_2`, `em5_3`, `em5_4`, `em5_5`, `text6_0`, `text6_1`, `BroadcastTextID6`, `lang6`, `Probability6`, `em6_0`, `em6_1`, `em6_2`, `em6_3`, `em6_4`, `em6_5`, `text7_0`, `text7_1`, `BroadcastTextID7`, `lang7`, `Probability7`, `em7_0`, `em7_1`, `em7_2`, `em7_3`, `em7_4`, `em7_5`) VALUES ('1872273', 'Imported from TC', 'Go to the Hunter Rise. You will find the battlemasters there.', 'Go to the Hunter Rise. You will find the battlemasters there.', '18607', '1', '1', '0', '0', '0', '0', '0', '0', '', '', NULL, '0', '0', '0', '0', '0', '0', '0', '0', '', '', NULL, '0', '0', '0', '0', '0', '0', '0', '0', '', '', NULL, '0', '0', '0', '0', '0', '0', '0', '0', '', '', NULL, '0', '0', '0', '0', '0', '0', '0', '0', '', '', NULL, '0', '0', '0', '0', '0', '0', '0', '0', '', '', NULL, '0', '0', '0', '0', '0', '0', '0', '0', '', '', NULL, '0', '0', '0', '0', '0', '0', '0', '0');
INSERT INTO gossip_menu (`MenuID`, `TextID`) VALUES ('8223', '1872273');
INSERT INTO points_of_interest (`ID`, `PositionX`, `PositionY`, `Icon`, `Flags`, `Importance`, `Name`, `VerifiedBuild`) VALUES ('283', '-1385.74', '-85.4147', '6', '99', '0', 'Battlemasters Thunder Bluff', '0');
INSERT INTO gossip_menu_option (`MenuID`, `OptionID`, `OptionIcon`, `OptionText`, `OptionBroadcastTextID`, `OptionType`, `OptionNpcFlag`, `ActionMenuID`, `ActionPoiID`, `BoxCoded`, `BoxMoney`, `BoxText`, `BoxBroadcastTextID`) VALUES ('721', '8', '0', 'The battlemaster', '10359', '1', '1', '8223', '283', '0', '0', '', NULL);
INSERT INTO gossip_text (`ID`, `comment`, `text0_0`, `text0_1`, `BroadcastTextID0`, `lang0`, `Probability0`, `em0_0`, `em0_1`, `em0_2`, `em0_3`, `em0_4`, `em0_5`, `text1_0`, `text1_1`, `BroadcastTextID1`, `lang1`, `Probability1`, `em1_0`, `em1_1`, `em1_2`, `em1_3`, `em1_4`, `em1_5`, `text2_0`, `text2_1`, `BroadcastTextID2`, `lang2`, `Probability2`, `em2_0`, `em2_1`, `em2_2`, `em2_3`, `em2_4`, `em2_5`, `text3_0`, `text3_1`, `BroadcastTextID3`, `lang3`, `Probability3`, `em3_0`, `em3_1`, `em3_2`, `em3_3`, `em3_4`, `em3_5`, `text4_0`, `text4_1`, `BroadcastTextID4`, `lang4`, `Probability4`, `em4_0`, `em4_1`, `em4_2`, `em4_3`, `em4_4`, `em4_5`, `text5_0`, `text5_1`, `BroadcastTextID5`, `lang5`, `Probability5`, `em5_0`, `em5_1`, `em5_2`, `em5_3`, `em5_4`, `em5_5`, `text6_0`, `text6_1`, `BroadcastTextID6`, `lang6`, `Probability6`, `em6_0`, `em6_1`, `em6_2`, `em6_3`, `em6_4`, `em6_5`, `text7_0`, `text7_1`, `BroadcastTextID7`, `lang7`, `Probability7`, `em7_0`, `em7_1`, `em7_2`, `em7_3`, `em7_4`, `em7_5`) VALUES ('1872274', 'Imported from TC', 'Which trainer do you seek?', 'Which trainer do you seek?', '6769', '1', '1', '0', '0', '0', '0', '0', '0', '', '', NULL, '0', '0', '0', '0', '0', '0', '0', '0', '', '', NULL, '0', '0', '0', '0', '0', '0', '0', '0', '', '', NULL, '0', '0', '0', '0', '0', '0', '0', '0', '', '', NULL, '0', '0', '0', '0', '0', '0', '0', '0', '', '', NULL, '0', '0', '0', '0', '0', '0', '0', '0', '', '', NULL, '0', '0', '0', '0', '0', '0', '0', '0', '', '', NULL, '0', '0', '0', '0', '0', '0', '0', '0');
INSERT INTO gossip_menu (`MenuID`, `TextID`) VALUES ('740', '1872274');
INSERT INTO gossip_text (`ID`, `comment`, `text0_0`, `text0_1`, `BroadcastTextID0`, `lang0`, `Probability0`, `em0_0`, `em0_1`, `em0_2`, `em0_3`, `em0_4`, `em0_5`, `text1_0`, `text1_1`, `BroadcastTextID1`, `lang1`, `Probability1`, `em1_0`, `em1_1`, `em1_2`, `em1_3`, `em1_4`, `em1_5`, `text2_0`, `text2_1`, `BroadcastTextID2`, `lang2`, `Probability2`, `em2_0`, `em2_1`, `em2_2`, `em2_3`, `em2_4`, `em2_5`, `text3_0`, `text3_1`, `BroadcastTextID3`, `lang3`, `Probability3`, `em3_0`, `em3_1`, `em3_2`, `em3_3`, `em3_4`, `em3_5`, `text4_0`, `text4_1`, `BroadcastTextID4`, `lang4`, `Probability4`, `em4_0`, `em4_1`, `em4_2`, `em4_3`, `em4_4`, `em4_5`, `text5_0`, `text5_1`, `BroadcastTextID5`, `lang5`, `Probability5`, `em5_0`, `em5_1`, `em5_2`, `em5_3`, `em5_4`, `em5_5`, `text6_0`, `text6_1`, `BroadcastTextID6`, `lang6`, `Probability6`, `em6_0`, `em6_1`, `em6_2`, `em6_3`, `em6_4`, `em6_5`, `text7_0`, `text7_1`, `BroadcastTextID7`, `lang7`, `Probability7`, `em7_0`, `em7_1`, `em7_2`, `em7_3`, `em7_4`, `em7_5`) VALUES ('1872275', 'Imported from TC', 'Seek out Turak Runetotem in the Hall of Elders on the Elder Rise.', 'Seek out Turak Runetotem in the Hall of Elders on the Elder Rise.', '3452', '1', '80', '0', '0', '0', '0', '0', '0', 'Greetings honored one.  Turak Runetotem and the other druids have been expecting you at the Hall of Elders on Elder Rise.', 'Greetings honored one.  Turak Runetotem and the other druids have been expecting you at the Hall of Elders on Elder Rise.', '5480', '1', '20', '0', '0', '0', '0', '0', '0', '', '', NULL, '0', '0', '0', '0', '0', '0', '0', '0', '', '', NULL, '0', '0', '0', '0', '0', '0', '0', '0', '', '', NULL, '0', '0', '0', '0', '0', '0', '0', '0', '', '', NULL, '0', '0', '0', '0', '0', '0', '0', '0', '', '', NULL, '0', '0', '0', '0', '0', '0', '0', '0', '', '', NULL, '0', '0', '0', '0', '0', '0', '0', '0');
INSERT INTO gossip_menu (`MenuID`, `TextID`) VALUES ('745', '1872275');
INSERT INTO points_of_interest (`ID`, `PositionX`, `PositionY`, `Icon`, `Flags`, `Importance`, `Name`, `VerifiedBuild`) VALUES ('285', '-1054.48', '-285.076', '6', '99', '0', 'Hall of Elders', '0');
INSERT INTO gossip_menu_option (`MenuID`, `OptionID`, `OptionIcon`, `OptionText`, `OptionBroadcastTextID`, `OptionType`, `OptionNpcFlag`, `ActionMenuID`, `ActionPoiID`, `BoxCoded`, `BoxMoney`, `BoxText`, `BoxBroadcastTextID`) VALUES ('740', '0', '0', 'Druid', '45409', '1', '1', '745', '285', '0', '0', '', NULL);
INSERT INTO gossip_text (`ID`, `comment`, `text0_0`, `text0_1`, `BroadcastTextID0`, `lang0`, `Probability0`, `em0_0`, `em0_1`, `em0_2`, `em0_3`, `em0_4`, `em0_5`, `text1_0`, `text1_1`, `BroadcastTextID1`, `lang1`, `Probability1`, `em1_0`, `em1_1`, `em1_2`, `em1_3`, `em1_4`, `em1_5`, `text2_0`, `text2_1`, `BroadcastTextID2`, `lang2`, `Probability2`, `em2_0`, `em2_1`, `em2_2`, `em2_3`, `em2_4`, `em2_5`, `text3_0`, `text3_1`, `BroadcastTextID3`, `lang3`, `Probability3`, `em3_0`, `em3_1`, `em3_2`, `em3_3`, `em3_4`, `em3_5`, `text4_0`, `text4_1`, `BroadcastTextID4`, `lang4`, `Probability4`, `em4_0`, `em4_1`, `em4_2`, `em4_3`, `em4_4`, `em4_5`, `text5_0`, `text5_1`, `BroadcastTextID5`, `lang5`, `Probability5`, `em5_0`, `em5_1`, `em5_2`, `em5_3`, `em5_4`, `em5_5`, `text6_0`, `text6_1`, `BroadcastTextID6`, `lang6`, `Probability6`, `em6_0`, `em6_1`, `em6_2`, `em6_3`, `em6_4`, `em6_5`, `text7_0`, `text7_1`, `BroadcastTextID7`, `lang7`, `Probability7`, `em7_0`, `em7_1`, `em7_2`, `em7_3`, `em7_4`, `em7_5`) VALUES ('1872276', 'Imported from TC', 'Ahh, you will need to make your way over to the Hunter\'s Hall then. Several great hunters like Holt Thunderhorn can be found there on the Hunter Rise.', 'Ahh, you will need to make your way over to the Hunter\'s Hall then. Several great hunters like Holt Thunderhorn can be found there on the Hunter Rise.', '3453', '1', '80', '0', '0', '0', '0', '0', '0', 'Any friend of the animals is a friend of mine.  The Hunter\'s Hall is what you seek.  It sits atop the Hunter Rise.', 'Any friend of the animals is a friend of mine.  The Hunter\'s Hall is what you seek.  It sits atop the Hunter Rise.', '5486', '1', '20', '0', '0', '0', '0', '0', '0', '', '', NULL, '0', '0', '0', '0', '0', '0', '0', '0', '', '', NULL, '0', '0', '0', '0', '0', '0', '0', '0', '', '', NULL, '0', '0', '0', '0', '0', '0', '0', '0', '', '', NULL, '0', '0', '0', '0', '0', '0', '0', '0', '', '', NULL, '0', '0', '0', '0', '0', '0', '0', '0', '', '', NULL, '0', '0', '0', '0', '0', '0', '0', '0');
INSERT INTO gossip_menu (`MenuID`, `TextID`) VALUES ('746', '1872276');
INSERT INTO points_of_interest (`ID`, `PositionX`, `PositionY`, `Icon`, `Flags`, `Importance`, `Name`, `VerifiedBuild`) VALUES ('286', '-1416.33', '-114.285', '6', '99', '0', 'Hunter\'s Hall', '0');
INSERT INTO gossip_menu_option (`MenuID`, `OptionID`, `OptionIcon`, `OptionText`, `OptionBroadcastTextID`, `OptionType`, `OptionNpcFlag`, `ActionMenuID`, `ActionPoiID`, `BoxCoded`, `BoxMoney`, `BoxText`, `BoxBroadcastTextID`) VALUES ('740', '1', '0', 'Hunter', '50546', '1', '1', '746', '286', '0', '0', '', NULL);
INSERT INTO gossip_text (`ID`, `comment`, `text0_0`, `text0_1`, `BroadcastTextID0`, `lang0`, `Probability0`, `em0_0`, `em0_1`, `em0_2`, `em0_3`, `em0_4`, `em0_5`, `text1_0`, `text1_1`, `BroadcastTextID1`, `lang1`, `Probability1`, `em1_0`, `em1_1`, `em1_2`, `em1_3`, `em1_4`, `em1_5`, `text2_0`, `text2_1`, `BroadcastTextID2`, `lang2`, `Probability2`, `em2_0`, `em2_1`, `em2_2`, `em2_3`, `em2_4`, `em2_5`, `text3_0`, `text3_1`, `BroadcastTextID3`, `lang3`, `Probability3`, `em3_0`, `em3_1`, `em3_2`, `em3_3`, `em3_4`, `em3_5`, `text4_0`, `text4_1`, `BroadcastTextID4`, `lang4`, `Probability4`, `em4_0`, `em4_1`, `em4_2`, `em4_3`, `em4_4`, `em4_5`, `text5_0`, `text5_1`, `BroadcastTextID5`, `lang5`, `Probability5`, `em5_0`, `em5_1`, `em5_2`, `em5_3`, `em5_4`, `em5_5`, `text6_0`, `text6_1`, `BroadcastTextID6`, `lang6`, `Probability6`, `em6_0`, `em6_1`, `em6_2`, `em6_3`, `em6_4`, `em6_5`, `text7_0`, `text7_1`, `BroadcastTextID7`, `lang7`, `Probability7`, `em7_0`, `em7_1`, `em7_2`, `em7_3`, `em7_4`, `em7_5`) VALUES ('1872277', 'Imported from TC', 'A follower of the arcane are you?  Hmph!  Very well then... you can find them around the Pools of Vision underneath the Spirit Rise.', 'A follower of the arcane are you?  Hmph!  Very well then... you can find them around the Pools of Vision underneath the Spirit Rise.', '3454', '1', '80', '0', '0', '0', '0', '0', '0', 'Very sad to think what has befallen those poor undead souls.  You can find Archmage Shymm reflecting near the Pools of Vision under the Spirit Rise.', 'Very sad to think what has befallen those poor undead souls.  You can find Archmage Shymm reflecting near the Pools of Vision under the Spirit Rise.', '5488', '1', '20', '0', '0', '0', '0', '0', '0', '', '', NULL, '0', '0', '0', '0', '0', '0', '0', '0', '', '', NULL, '0', '0', '0', '0', '0', '0', '0', '0', '', '', NULL, '0', '0', '0', '0', '0', '0', '0', '0', '', '', NULL, '0', '0', '0', '0', '0', '0', '0', '0', '', '', NULL, '0', '0', '0', '0', '0', '0', '0', '0', '', '', NULL, '0', '0', '0', '0', '0', '0', '0', '0');
INSERT INTO gossip_menu (`MenuID`, `TextID`) VALUES ('747', '1872277');
INSERT INTO points_of_interest (`ID`, `PositionX`, `PositionY`, `Icon`, `Flags`, `Importance`, `Name`, `VerifiedBuild`) VALUES ('287', '-1061.21', '195.505', '6', '99', '0', 'Pools of Vision', '0');
INSERT INTO gossip_menu_option (`MenuID`, `OptionID`, `OptionIcon`, `OptionText`, `OptionBroadcastTextID`, `OptionType`, `OptionNpcFlag`, `ActionMenuID`, `ActionPoiID`, `BoxCoded`, `BoxMoney`, `BoxText`, `BoxBroadcastTextID`) VALUES ('740', '2', '0', 'Mage', '45404', '1', '1', '747', '287', '0', '0', '', NULL);
INSERT INTO gossip_text (`ID`, `comment`, `text0_0`, `text0_1`, `BroadcastTextID0`, `lang0`, `Probability0`, `em0_0`, `em0_1`, `em0_2`, `em0_3`, `em0_4`, `em0_5`, `text1_0`, `text1_1`, `BroadcastTextID1`, `lang1`, `Probability1`, `em1_0`, `em1_1`, `em1_2`, `em1_3`, `em1_4`, `em1_5`, `text2_0`, `text2_1`, `BroadcastTextID2`, `lang2`, `Probability2`, `em2_0`, `em2_1`, `em2_2`, `em2_3`, `em2_4`, `em2_5`, `text3_0`, `text3_1`, `BroadcastTextID3`, `lang3`, `Probability3`, `em3_0`, `em3_1`, `em3_2`, `em3_3`, `em3_4`, `em3_5`, `text4_0`, `text4_1`, `BroadcastTextID4`, `lang4`, `Probability4`, `em4_0`, `em4_1`, `em4_2`, `em4_3`, `em4_4`, `em4_5`, `text5_0`, `text5_1`, `BroadcastTextID5`, `lang5`, `Probability5`, `em5_0`, `em5_1`, `em5_2`, `em5_3`, `em5_4`, `em5_5`, `text6_0`, `text6_1`, `BroadcastTextID6`, `lang6`, `Probability6`, `em6_0`, `em6_1`, `em6_2`, `em6_3`, `em6_4`, `em6_5`, `text7_0`, `text7_1`, `BroadcastTextID7`, `lang7`, `Probability7`, `em7_0`, `em7_1`, `em7_2`, `em7_3`, `em7_4`, `em7_5`) VALUES ('1872278', 'Imported from TC', 'Father Cobb will be the one you want to talk to. He can be found under the Spirit Rise in the Pools of Vision cave.', 'Father Cobb will be the one you want to talk to. He can be found under the Spirit Rise in the Pools of Vision cave.', '3455', '1', '80', '0', '0', '0', '0', '0', '0', 'Despite their tragedy the Undead have come all this way to aid us.  I only hope that we can be as helpful to them.  Seek out Father Cobb near the Pools of Vision under the Spirit Rise.', 'Despite their tragedy the Undead have come all this way to aid us.  I only hope that we can be as helpful to them.  Seek out Father Cobb near the Pools of Vision under the Spirit Rise.', '5490', '1', '20', '0', '0', '0', '0', '0', '0', '', '', NULL, '0', '0', '0', '0', '0', '0', '0', '0', '', '', NULL, '0', '0', '0', '0', '0', '0', '0', '0', '', '', NULL, '0', '0', '0', '0', '0', '0', '0', '0', '', '', NULL, '0', '0', '0', '0', '0', '0', '0', '0', '', '', NULL, '0', '0', '0', '0', '0', '0', '0', '0', '', '', NULL, '0', '0', '0', '0', '0', '0', '0', '0');
INSERT INTO gossip_menu (`MenuID`, `TextID`) VALUES ('748', '1872278');
-- POI 287 is already imported
INSERT INTO gossip_menu_option (`MenuID`, `OptionID`, `OptionIcon`, `OptionText`, `OptionBroadcastTextID`, `OptionType`, `OptionNpcFlag`, `ActionMenuID`, `ActionPoiID`, `BoxCoded`, `BoxMoney`, `BoxText`, `BoxBroadcastTextID`) VALUES ('740', '3', '0', 'Priest', '45405', '1', '1', '748', '287', '0', '0', '', NULL);
INSERT INTO gossip_text (`ID`, `comment`, `text0_0`, `text0_1`, `BroadcastTextID0`, `lang0`, `Probability0`, `em0_0`, `em0_1`, `em0_2`, `em0_3`, `em0_4`, `em0_5`, `text1_0`, `text1_1`, `BroadcastTextID1`, `lang1`, `Probability1`, `em1_0`, `em1_1`, `em1_2`, `em1_3`, `em1_4`, `em1_5`, `text2_0`, `text2_1`, `BroadcastTextID2`, `lang2`, `Probability2`, `em2_0`, `em2_1`, `em2_2`, `em2_3`, `em2_4`, `em2_5`, `text3_0`, `text3_1`, `BroadcastTextID3`, `lang3`, `Probability3`, `em3_0`, `em3_1`, `em3_2`, `em3_3`, `em3_4`, `em3_5`, `text4_0`, `text4_1`, `BroadcastTextID4`, `lang4`, `Probability4`, `em4_0`, `em4_1`, `em4_2`, `em4_3`, `em4_4`, `em4_5`, `text5_0`, `text5_1`, `BroadcastTextID5`, `lang5`, `Probability5`, `em5_0`, `em5_1`, `em5_2`, `em5_3`, `em5_4`, `em5_5`, `text6_0`, `text6_1`, `BroadcastTextID6`, `lang6`, `Probability6`, `em6_0`, `em6_1`, `em6_2`, `em6_3`, `em6_4`, `em6_5`, `text7_0`, `text7_1`, `BroadcastTextID7`, `lang7`, `Probability7`, `em7_0`, `em7_1`, `em7_2`, `em7_3`, `em7_4`, `em7_5`) VALUES ('1872279', 'Imported from TC', 'The Hall of Spirits is where our shamans call home.  You can find it on the Spirit Rise.  May your ancestors watch over you.', 'The Hall of Spirits is where our shamans call home.  You can find it on the Spirit Rise.  May your ancestors watch over you.', '3456', '1', '80', '0', '0', '0', '0', '0', '0', 'The Earth Mother calls and you answer.  You will find the Hall of Spirits on the Spirit Rise.', 'The Earth Mother calls and you answer.  You will find the Hall of Spirits on the Spirit Rise.', '5491', '1', '20', '0', '0', '0', '0', '0', '0', '', '', NULL, '0', '0', '0', '0', '0', '0', '0', '0', '', '', NULL, '0', '0', '0', '0', '0', '0', '0', '0', '', '', NULL, '0', '0', '0', '0', '0', '0', '0', '0', '', '', NULL, '0', '0', '0', '0', '0', '0', '0', '0', '', '', NULL, '0', '0', '0', '0', '0', '0', '0', '0', '', '', NULL, '0', '0', '0', '0', '0', '0', '0', '0');
INSERT INTO gossip_menu (`MenuID`, `TextID`) VALUES ('749', '1872279');
INSERT INTO points_of_interest (`ID`, `PositionX`, `PositionY`, `Icon`, `Flags`, `Importance`, `Name`, `VerifiedBuild`) VALUES ('288', '-989.541', '278.253', '6', '99', '0', 'Hall of Spirits', '0');
INSERT INTO gossip_menu_option (`MenuID`, `OptionID`, `OptionIcon`, `OptionText`, `OptionBroadcastTextID`, `OptionType`, `OptionNpcFlag`, `ActionMenuID`, `ActionPoiID`, `BoxCoded`, `BoxMoney`, `BoxText`, `BoxBroadcastTextID`) VALUES ('740', '4', '0', 'Shaman', '45410', '1', '1', '749', '288', '0', '0', '', NULL);
INSERT INTO gossip_text (`ID`, `comment`, `text0_0`, `text0_1`, `BroadcastTextID0`, `lang0`, `Probability0`, `em0_0`, `em0_1`, `em0_2`, `em0_3`, `em0_4`, `em0_5`, `text1_0`, `text1_1`, `BroadcastTextID1`, `lang1`, `Probability1`, `em1_0`, `em1_1`, `em1_2`, `em1_3`, `em1_4`, `em1_5`, `text2_0`, `text2_1`, `BroadcastTextID2`, `lang2`, `Probability2`, `em2_0`, `em2_1`, `em2_2`, `em2_3`, `em2_4`, `em2_5`, `text3_0`, `text3_1`, `BroadcastTextID3`, `lang3`, `Probability3`, `em3_0`, `em3_1`, `em3_2`, `em3_3`, `em3_4`, `em3_5`, `text4_0`, `text4_1`, `BroadcastTextID4`, `lang4`, `Probability4`, `em4_0`, `em4_1`, `em4_2`, `em4_3`, `em4_4`, `em4_5`, `text5_0`, `text5_1`, `BroadcastTextID5`, `lang5`, `Probability5`, `em5_0`, `em5_1`, `em5_2`, `em5_3`, `em5_4`, `em5_5`, `text6_0`, `text6_1`, `BroadcastTextID6`, `lang6`, `Probability6`, `em6_0`, `em6_1`, `em6_2`, `em6_3`, `em6_4`, `em6_5`, `text7_0`, `text7_1`, `BroadcastTextID7`, `lang7`, `Probability7`, `em7_0`, `em7_1`, `em7_2`, `em7_3`, `em7_4`, `em7_5`) VALUES ('1872280', 'Imported from TC', 'Aspiring to join our ranks one day?  Sark Ragetotem can help you on your way.  He\'s in the Hunter\'s Hall.', 'Aspiring to join our ranks one day?  Sark Ragetotem can help you on your way.  He\'s in the Hunter\'s Hall.', '3457', '1', '80', '0', '0', '0', '0', '0', '0', 'Strong of body and spirit.  There can be no stronger combination!  Find your destiny with Sark Ragetotem in the Hunter\'s Hall.', 'Strong of body and spirit.  There can be no stronger combination!  Find your destiny with Sark Ragetotem in the Hunter\'s Hall.', '5496', '1', '20', '0', '0', '0', '0', '0', '0', '', '', NULL, '0', '0', '0', '0', '0', '0', '0', '0', '', '', NULL, '0', '0', '0', '0', '0', '0', '0', '0', '', '', NULL, '0', '0', '0', '0', '0', '0', '0', '0', '', '', NULL, '0', '0', '0', '0', '0', '0', '0', '0', '', '', NULL, '0', '0', '0', '0', '0', '0', '0', '0', '', '', NULL, '0', '0', '0', '0', '0', '0', '0', '0');
INSERT INTO gossip_menu (`MenuID`, `TextID`) VALUES ('750', '1872280');
-- POI 286 is already imported
INSERT INTO gossip_menu_option (`MenuID`, `OptionID`, `OptionIcon`, `OptionText`, `OptionBroadcastTextID`, `OptionType`, `OptionNpcFlag`, `ActionMenuID`, `ActionPoiID`, `BoxCoded`, `BoxMoney`, `BoxText`, `BoxBroadcastTextID`) VALUES ('740', '5', '0', 'Warrior', '45408', '1', '1', '750', '286', '0', '0', '', NULL);
INSERT INTO gossip_menu_option (`MenuID`, `OptionID`, `OptionIcon`, `OptionText`, `OptionBroadcastTextID`, `OptionType`, `OptionNpcFlag`, `ActionMenuID`, `ActionPoiID`, `BoxCoded`, `BoxMoney`, `BoxText`, `BoxBroadcastTextID`) VALUES ('721', '9', '0', 'A class trainer', '6792', '1', '1', '740', NULL, '0', '0', '', NULL);
INSERT INTO gossip_text (`ID`, `comment`, `text0_0`, `text0_1`, `BroadcastTextID0`, `lang0`, `Probability0`, `em0_0`, `em0_1`, `em0_2`, `em0_3`, `em0_4`, `em0_5`, `text1_0`, `text1_1`, `BroadcastTextID1`, `lang1`, `Probability1`, `em1_0`, `em1_1`, `em1_2`, `em1_3`, `em1_4`, `em1_5`, `text2_0`, `text2_1`, `BroadcastTextID2`, `lang2`, `Probability2`, `em2_0`, `em2_1`, `em2_2`, `em2_3`, `em2_4`, `em2_5`, `text3_0`, `text3_1`, `BroadcastTextID3`, `lang3`, `Probability3`, `em3_0`, `em3_1`, `em3_2`, `em3_3`, `em3_4`, `em3_5`, `text4_0`, `text4_1`, `BroadcastTextID4`, `lang4`, `Probability4`, `em4_0`, `em4_1`, `em4_2`, `em4_3`, `em4_4`, `em4_5`, `text5_0`, `text5_1`, `BroadcastTextID5`, `lang5`, `Probability5`, `em5_0`, `em5_1`, `em5_2`, `em5_3`, `em5_4`, `em5_5`, `text6_0`, `text6_1`, `BroadcastTextID6`, `lang6`, `Probability6`, `em6_0`, `em6_1`, `em6_2`, `em6_3`, `em6_4`, `em6_5`, `text7_0`, `text7_1`, `BroadcastTextID7`, `lang7`, `Probability7`, `em7_0`, `em7_1`, `em7_2`, `em7_3`, `em7_4`, `em7_5`) VALUES ('1872281', 'Imported from TC', 'Which profession?', 'Which profession?', '6775', '1', '1', '0', '0', '0', '0', '0', '0', '', '', NULL, '0', '0', '0', '0', '0', '0', '0', '0', '', '', NULL, '0', '0', '0', '0', '0', '0', '0', '0', '', '', NULL, '0', '0', '0', '0', '0', '0', '0', '0', '', '', NULL, '0', '0', '0', '0', '0', '0', '0', '0', '', '', NULL, '0', '0', '0', '0', '0', '0', '0', '0', '', '', NULL, '0', '0', '0', '0', '0', '0', '0', '0', '', '', NULL, '0', '0', '0', '0', '0', '0', '0', '0');
INSERT INTO gossip_menu (`MenuID`, `TextID`) VALUES ('751', '1872281');
-- Importing menu 780 as 57020
INSERT INTO gossip_text (`ID`, `comment`, `text0_0`, `text0_1`, `BroadcastTextID0`, `lang0`, `Probability0`, `em0_0`, `em0_1`, `em0_2`, `em0_3`, `em0_4`, `em0_5`, `text1_0`, `text1_1`, `BroadcastTextID1`, `lang1`, `Probability1`, `em1_0`, `em1_1`, `em1_2`, `em1_3`, `em1_4`, `em1_5`, `text2_0`, `text2_1`, `BroadcastTextID2`, `lang2`, `Probability2`, `em2_0`, `em2_1`, `em2_2`, `em2_3`, `em2_4`, `em2_5`, `text3_0`, `text3_1`, `BroadcastTextID3`, `lang3`, `Probability3`, `em3_0`, `em3_1`, `em3_2`, `em3_3`, `em3_4`, `em3_5`, `text4_0`, `text4_1`, `BroadcastTextID4`, `lang4`, `Probability4`, `em4_0`, `em4_1`, `em4_2`, `em4_3`, `em4_4`, `em4_5`, `text5_0`, `text5_1`, `BroadcastTextID5`, `lang5`, `Probability5`, `em5_0`, `em5_1`, `em5_2`, `em5_3`, `em5_4`, `em5_5`, `text6_0`, `text6_1`, `BroadcastTextID6`, `lang6`, `Probability6`, `em6_0`, `em6_1`, `em6_2`, `em6_3`, `em6_4`, `em6_5`, `text7_0`, `text7_1`, `BroadcastTextID7`, `lang7`, `Probability7`, `em7_0`, `em7_1`, `em7_2`, `em7_3`, `em7_4`, `em7_5`) VALUES ('1872282', 'Imported from TC', 'Then head over to Bena\'s Alchemy on the middle rise and talk to Bena herself.  She will be able to help you master the art of potion brewing.', 'Then head over to Bena\'s Alchemy on the middle rise and talk to Bena herself.  She will be able to help you master the art of potion brewing.', '3481', '1', '80', '0', '0', '0', '0', '0', '0', 'The herbs found in nature can be a powerful ally when combined with respect.  You will want to seek out Bena at her alchemy shop on the middle rise to further your training.', 'The herbs found in nature can be a powerful ally when combined with respect.  You will want to seek out Bena at her alchemy shop on the middle rise to further your training.', '5476', '1', '20', '0', '0', '0', '0', '0', '0', '', '', NULL, '0', '0', '0', '0', '0', '0', '0', '0', '', '', NULL, '0', '0', '0', '0', '0', '0', '0', '0', '', '', NULL, '0', '0', '0', '0', '0', '0', '0', '0', '', '', NULL, '0', '0', '0', '0', '0', '0', '0', '0', '', '', NULL, '0', '0', '0', '0', '0', '0', '0', '0', '', '', NULL, '0', '0', '0', '0', '0', '0', '0', '0');
INSERT INTO gossip_menu (`MenuID`, `TextID`) VALUES ('57020', '1872282');
INSERT INTO points_of_interest (`ID`, `PositionX`, `PositionY`, `Icon`, `Flags`, `Importance`, `Name`, `VerifiedBuild`) VALUES ('289', '-1085.57', '27.2931', '6', '99', '0', 'Bena\'s Alchemy', '0');
INSERT INTO gossip_menu_option (`MenuID`, `OptionID`, `OptionIcon`, `OptionText`, `OptionBroadcastTextID`, `OptionType`, `OptionNpcFlag`, `ActionMenuID`, `ActionPoiID`, `BoxCoded`, `BoxMoney`, `BoxText`, `BoxBroadcastTextID`) VALUES ('751', '0', '0', 'Alchemy', '52058', '1', '1', '57020', '289', '0', '0', '', NULL);
INSERT INTO gossip_text (`ID`, `comment`, `text0_0`, `text0_1`, `BroadcastTextID0`, `lang0`, `Probability0`, `em0_0`, `em0_1`, `em0_2`, `em0_3`, `em0_4`, `em0_5`, `text1_0`, `text1_1`, `BroadcastTextID1`, `lang1`, `Probability1`, `em1_0`, `em1_1`, `em1_2`, `em1_3`, `em1_4`, `em1_5`, `text2_0`, `text2_1`, `BroadcastTextID2`, `lang2`, `Probability2`, `em2_0`, `em2_1`, `em2_2`, `em2_3`, `em2_4`, `em2_5`, `text3_0`, `text3_1`, `BroadcastTextID3`, `lang3`, `Probability3`, `em3_0`, `em3_1`, `em3_2`, `em3_3`, `em3_4`, `em3_5`, `text4_0`, `text4_1`, `BroadcastTextID4`, `lang4`, `Probability4`, `em4_0`, `em4_1`, `em4_2`, `em4_3`, `em4_4`, `em4_5`, `text5_0`, `text5_1`, `BroadcastTextID5`, `lang5`, `Probability5`, `em5_0`, `em5_1`, `em5_2`, `em5_3`, `em5_4`, `em5_5`, `text6_0`, `text6_1`, `BroadcastTextID6`, `lang6`, `Probability6`, `em6_0`, `em6_1`, `em6_2`, `em6_3`, `em6_4`, `em6_5`, `text7_0`, `text7_1`, `BroadcastTextID7`, `lang7`, `Probability7`, `em7_0`, `em7_1`, `em7_2`, `em7_3`, `em7_4`, `em7_5`) VALUES ('1872283', 'Imported from TC', 'Looking to learn how to work an anvil and hammer, eh?  Karn Stonehoof can teach you how.  He has a smithy set up on the lower rise by the pond.', 'Looking to learn how to work an anvil and hammer, eh?  Karn Stonehoof can teach you how.  He has a smithy set up on the lower rise by the pond.', '3482', '1', '80', '0', '0', '0', '0', '0', '0', 'Metal, as with all things, should be used in balance with nature.  Karn Stonehoof has a smithy setup near the pond on the lower rise.  Seek out his wisdom.', 'Metal, as with all things, should be used in balance with nature.  Karn Stonehoof has a smithy setup near the pond on the lower rise.  Seek out his wisdom.', '5478', '1', '20', '0', '0', '0', '0', '0', '0', '', '', NULL, '0', '0', '0', '0', '0', '0', '0', '0', '', '', NULL, '0', '0', '0', '0', '0', '0', '0', '0', '', '', NULL, '0', '0', '0', '0', '0', '0', '0', '0', '', '', NULL, '0', '0', '0', '0', '0', '0', '0', '0', '', '', NULL, '0', '0', '0', '0', '0', '0', '0', '0', '', '', NULL, '0', '0', '0', '0', '0', '0', '0', '0');
INSERT INTO gossip_menu (`MenuID`, `TextID`) VALUES ('781', '1872283');
INSERT INTO points_of_interest (`ID`, `PositionX`, `PositionY`, `Icon`, `Flags`, `Importance`, `Name`, `VerifiedBuild`) VALUES ('290', '-1239.75', '104.888', '6', '99', '0', 'Karn\'s Smithy', '0');
INSERT INTO gossip_menu_option (`MenuID`, `OptionID`, `OptionIcon`, `OptionText`, `OptionBroadcastTextID`, `OptionType`, `OptionNpcFlag`, `ActionMenuID`, `ActionPoiID`, `BoxCoded`, `BoxMoney`, `BoxText`, `BoxBroadcastTextID`) VALUES ('751', '1', '0', 'Blacksmithing', '51346', '1', '1', '781', '290', '0', '0', '', NULL);
INSERT INTO gossip_text (`ID`, `comment`, `text0_0`, `text0_1`, `BroadcastTextID0`, `lang0`, `Probability0`, `em0_0`, `em0_1`, `em0_2`, `em0_3`, `em0_4`, `em0_5`, `text1_0`, `text1_1`, `BroadcastTextID1`, `lang1`, `Probability1`, `em1_0`, `em1_1`, `em1_2`, `em1_3`, `em1_4`, `em1_5`, `text2_0`, `text2_1`, `BroadcastTextID2`, `lang2`, `Probability2`, `em2_0`, `em2_1`, `em2_2`, `em2_3`, `em2_4`, `em2_5`, `text3_0`, `text3_1`, `BroadcastTextID3`, `lang3`, `Probability3`, `em3_0`, `em3_1`, `em3_2`, `em3_3`, `em3_4`, `em3_5`, `text4_0`, `text4_1`, `BroadcastTextID4`, `lang4`, `Probability4`, `em4_0`, `em4_1`, `em4_2`, `em4_3`, `em4_4`, `em4_5`, `text5_0`, `text5_1`, `BroadcastTextID5`, `lang5`, `Probability5`, `em5_0`, `em5_1`, `em5_2`, `em5_3`, `em5_4`, `em5_5`, `text6_0`, `text6_1`, `BroadcastTextID6`, `lang6`, `Probability6`, `em6_0`, `em6_1`, `em6_2`, `em6_3`, `em6_4`, `em6_5`, `text7_0`, `text7_1`, `BroadcastTextID7`, `lang7`, `Probability7`, `em7_0`, `em7_1`, `em7_2`, `em7_3`, `em7_4`, `em7_5`) VALUES ('1872284', 'Imported from TC', 'There is no finer cook in Thunder Bluff than Aska Mistrunner.  Mmmmm, I can smell what she is cooking from here.  Head over to her kitchen located on the high rise.$B$BDrat... now I am hungry.', 'There is no finer cook in Thunder Bluff than Aska Mistrunner.  Mmmmm, I can smell what she is cooking from here.  Head over to her kitchen located on the high rise.$B$BDrat... now I am hungry.', '3483', '1', '80', '0', '0', '0', '0', '0', '0', 'You honor the spirits of the animals you must slay by not letting them go to waste.  Aska Mistrunner will show you how.  She has a kitchen on the high rise.', 'You honor the spirits of the animals you must slay by not letting them go to waste.  Aska Mistrunner will show you how.  She has a kitchen on the high rise.', '5479', '1', '20', '0', '0', '0', '0', '0', '0', '', '', NULL, '0', '0', '0', '0', '0', '0', '0', '0', '', '', NULL, '0', '0', '0', '0', '0', '0', '0', '0', '', '', NULL, '0', '0', '0', '0', '0', '0', '0', '0', '', '', NULL, '0', '0', '0', '0', '0', '0', '0', '0', '', '', NULL, '0', '0', '0', '0', '0', '0', '0', '0', '', '', NULL, '0', '0', '0', '0', '0', '0', '0', '0');
INSERT INTO gossip_menu (`MenuID`, `TextID`) VALUES ('782', '1872284');
INSERT INTO points_of_interest (`ID`, `PositionX`, `PositionY`, `Icon`, `Flags`, `Importance`, `Name`, `VerifiedBuild`) VALUES ('291', '-1214.5', '-21.2327', '6', '99', '0', 'Aska\'s Kitchen', '0');
INSERT INTO gossip_menu_option (`MenuID`, `OptionID`, `OptionIcon`, `OptionText`, `OptionBroadcastTextID`, `OptionType`, `OptionNpcFlag`, `ActionMenuID`, `ActionPoiID`, `BoxCoded`, `BoxMoney`, `BoxText`, `BoxBroadcastTextID`) VALUES ('751', '2', '0', 'Cooking', '45763', '1', '1', '782', '291', '0', '0', '', NULL);
INSERT INTO gossip_text (`ID`, `comment`, `text0_0`, `text0_1`, `BroadcastTextID0`, `lang0`, `Probability0`, `em0_0`, `em0_1`, `em0_2`, `em0_3`, `em0_4`, `em0_5`, `text1_0`, `text1_1`, `BroadcastTextID1`, `lang1`, `Probability1`, `em1_0`, `em1_1`, `em1_2`, `em1_3`, `em1_4`, `em1_5`, `text2_0`, `text2_1`, `BroadcastTextID2`, `lang2`, `Probability2`, `em2_0`, `em2_1`, `em2_2`, `em2_3`, `em2_4`, `em2_5`, `text3_0`, `text3_1`, `BroadcastTextID3`, `lang3`, `Probability3`, `em3_0`, `em3_1`, `em3_2`, `em3_3`, `em3_4`, `em3_5`, `text4_0`, `text4_1`, `BroadcastTextID4`, `lang4`, `Probability4`, `em4_0`, `em4_1`, `em4_2`, `em4_3`, `em4_4`, `em4_5`, `text5_0`, `text5_1`, `BroadcastTextID5`, `lang5`, `Probability5`, `em5_0`, `em5_1`, `em5_2`, `em5_3`, `em5_4`, `em5_5`, `text6_0`, `text6_1`, `BroadcastTextID6`, `lang6`, `Probability6`, `em6_0`, `em6_1`, `em6_2`, `em6_3`, `em6_4`, `em6_5`, `text7_0`, `text7_1`, `BroadcastTextID7`, `lang7`, `Probability7`, `em7_0`, `em7_1`, `em7_2`, `em7_3`, `em7_4`, `em7_5`) VALUES ('1872285', 'Imported from TC', 'Check out Dawnstrider Enchanters on the middle rise then.  Teg will be more than happy to help you in whatever way he can.', 'Check out Dawnstrider Enchanters on the middle rise then.  Teg will be more than happy to help you in whatever way he can.', '3484', '1', '80', '0', '0', '0', '0', '0', '0', 'The profession of Enchanting displays the cycle of destruction and creation that is at the heart of nature.  Teg at the Dawnstrider Enchanters on the middle rise will show you how.', 'The profession of Enchanting displays the cycle of destruction and creation that is at the heart of nature.  Teg at the Dawnstrider Enchanters on the middle rise will show you how.', '5481', '1', '20', '0', '0', '0', '0', '0', '0', '', '', NULL, '0', '0', '0', '0', '0', '0', '0', '0', '', '', NULL, '0', '0', '0', '0', '0', '0', '0', '0', '', '', NULL, '0', '0', '0', '0', '0', '0', '0', '0', '', '', NULL, '0', '0', '0', '0', '0', '0', '0', '0', '', '', NULL, '0', '0', '0', '0', '0', '0', '0', '0', '', '', NULL, '0', '0', '0', '0', '0', '0', '0', '0');
INSERT INTO gossip_menu (`MenuID`, `TextID`) VALUES ('783', '1872285');
INSERT INTO points_of_interest (`ID`, `PositionX`, `PositionY`, `Icon`, `Flags`, `Importance`, `Name`, `VerifiedBuild`) VALUES ('292', '-1112.65', '48.2609', '6', '99', '0', 'Dawnstrider Enchanters', '0');
INSERT INTO gossip_menu_option (`MenuID`, `OptionID`, `OptionIcon`, `OptionText`, `OptionBroadcastTextID`, `OptionType`, `OptionNpcFlag`, `ActionMenuID`, `ActionPoiID`, `BoxCoded`, `BoxMoney`, `BoxText`, `BoxBroadcastTextID`) VALUES ('751', '3', '0', 'Enchanting', '52063', '1', '1', '783', '292', '0', '0', '', NULL);
INSERT INTO gossip_text (`ID`, `comment`, `text0_0`, `text0_1`, `BroadcastTextID0`, `lang0`, `Probability0`, `em0_0`, `em0_1`, `em0_2`, `em0_3`, `em0_4`, `em0_5`, `text1_0`, `text1_1`, `BroadcastTextID1`, `lang1`, `Probability1`, `em1_0`, `em1_1`, `em1_2`, `em1_3`, `em1_4`, `em1_5`, `text2_0`, `text2_1`, `BroadcastTextID2`, `lang2`, `Probability2`, `em2_0`, `em2_1`, `em2_2`, `em2_3`, `em2_4`, `em2_5`, `text3_0`, `text3_1`, `BroadcastTextID3`, `lang3`, `Probability3`, `em3_0`, `em3_1`, `em3_2`, `em3_3`, `em3_4`, `em3_5`, `text4_0`, `text4_1`, `BroadcastTextID4`, `lang4`, `Probability4`, `em4_0`, `em4_1`, `em4_2`, `em4_3`, `em4_4`, `em4_5`, `text5_0`, `text5_1`, `BroadcastTextID5`, `lang5`, `Probability5`, `em5_0`, `em5_1`, `em5_2`, `em5_3`, `em5_4`, `em5_5`, `text6_0`, `text6_1`, `BroadcastTextID6`, `lang6`, `Probability6`, `em6_0`, `em6_1`, `em6_2`, `em6_3`, `em6_4`, `em6_5`, `text7_0`, `text7_1`, `BroadcastTextID7`, `lang7`, `Probability7`, `em7_0`, `em7_1`, `em7_2`, `em7_3`, `em7_4`, `em7_5`) VALUES ('1872286', 'Imported from TC', 'First Aid is always a nice skill to have.  Many a time during battle has it saved my hide.  Visit Spiritual Healing on the Spirit Rise.  Pand Stonebinder can teach you all you need to know to save your hide as well.', 'First Aid is always a nice skill to have.  Many a time during battle has it saved my hide.  Visit Spiritual Healing on the Spirit Rise.  Pand Stonebinder can teach you all you need to know to save your hide as well.', '3485', '1', '80', '0', '0', '0', '0', '0', '0', 'Life is a struggle, and the saying that which does not kill you makes you stronger is not always true.  Sometimes wounds act slowly, which is why we have bandages.  Pand Stonebinder of the Spirit Rise can teach you the art of First Aid.', 'Life is a struggle, and the saying that which does not kill you makes you stronger is not always true.  Sometimes wounds act slowly, which is why we have bandages.  Pand Stonebinder of the Spirit Rise can teach you the art of First Aid.', '5482', '1', '20', '0', '0', '0', '0', '0', '0', '', '', NULL, '0', '0', '0', '0', '0', '0', '0', '0', '', '', NULL, '0', '0', '0', '0', '0', '0', '0', '0', '', '', NULL, '0', '0', '0', '0', '0', '0', '0', '0', '', '', NULL, '0', '0', '0', '0', '0', '0', '0', '0', '', '', NULL, '0', '0', '0', '0', '0', '0', '0', '0', '', '', NULL, '0', '0', '0', '0', '0', '0', '0', '0');
INSERT INTO gossip_menu (`MenuID`, `TextID`) VALUES ('784', '1872286');
INSERT INTO points_of_interest (`ID`, `PositionX`, `PositionY`, `Icon`, `Flags`, `Importance`, `Name`, `VerifiedBuild`) VALUES ('293', '-996.586', '200.504', '6', '99', '0', 'Spiritual Healing', '0');
INSERT INTO gossip_menu_option (`MenuID`, `OptionID`, `OptionIcon`, `OptionText`, `OptionBroadcastTextID`, `OptionType`, `OptionNpcFlag`, `ActionMenuID`, `ActionPoiID`, `BoxCoded`, `BoxMoney`, `BoxText`, `BoxBroadcastTextID`) VALUES ('751', '4', '0', 'First Aid', '52066', '1', '1', '784', '293', '0', '0', '', NULL);
INSERT INTO gossip_text (`ID`, `comment`, `text0_0`, `text0_1`, `BroadcastTextID0`, `lang0`, `Probability0`, `em0_0`, `em0_1`, `em0_2`, `em0_3`, `em0_4`, `em0_5`, `text1_0`, `text1_1`, `BroadcastTextID1`, `lang1`, `Probability1`, `em1_0`, `em1_1`, `em1_2`, `em1_3`, `em1_4`, `em1_5`, `text2_0`, `text2_1`, `BroadcastTextID2`, `lang2`, `Probability2`, `em2_0`, `em2_1`, `em2_2`, `em2_3`, `em2_4`, `em2_5`, `text3_0`, `text3_1`, `BroadcastTextID3`, `lang3`, `Probability3`, `em3_0`, `em3_1`, `em3_2`, `em3_3`, `em3_4`, `em3_5`, `text4_0`, `text4_1`, `BroadcastTextID4`, `lang4`, `Probability4`, `em4_0`, `em4_1`, `em4_2`, `em4_3`, `em4_4`, `em4_5`, `text5_0`, `text5_1`, `BroadcastTextID5`, `lang5`, `Probability5`, `em5_0`, `em5_1`, `em5_2`, `em5_3`, `em5_4`, `em5_5`, `text6_0`, `text6_1`, `BroadcastTextID6`, `lang6`, `Probability6`, `em6_0`, `em6_1`, `em6_2`, `em6_3`, `em6_4`, `em6_5`, `text7_0`, `text7_1`, `BroadcastTextID7`, `lang7`, `Probability7`, `em7_0`, `em7_1`, `em7_2`, `em7_3`, `em7_4`, `em7_5`) VALUES ('1872287', 'Imported from TC', 'Don\'t blame you for taking up fishing.  Mulgore has some the best fishing spots in Southern Kalimdor and Mountaintop Bait & Tackle on the high rise has all of the gear you\'ll need to take advantage of it.$B$BTell Kah Mistrunner that I sent ya!', 'Don\'t blame you for taking up fishing.  Mulgore has some the best fishing spots in Southern Kalimdor and Mountaintop Bait & Tackle on the high rise has all of the gear you\'ll need to take advantage of it.$B$BTell Kah Mistrunner that I sent ya!', '3486', '1', '80', '0', '0', '0', '0', '0', '0', 'Kah Mistrunner at Mountaintop Bait & Tackle on the high rise will show you the way to find inner peace and serenity while fishing for your next meal.', 'Kah Mistrunner at Mountaintop Bait & Tackle on the high rise will show you the way to find inner peace and serenity while fishing for your next meal.', '5483', '1', '20', '0', '0', '0', '0', '0', '0', '', '', NULL, '0', '0', '0', '0', '0', '0', '0', '0', '', '', NULL, '0', '0', '0', '0', '0', '0', '0', '0', '', '', NULL, '0', '0', '0', '0', '0', '0', '0', '0', '', '', NULL, '0', '0', '0', '0', '0', '0', '0', '0', '', '', NULL, '0', '0', '0', '0', '0', '0', '0', '0', '', '', NULL, '0', '0', '0', '0', '0', '0', '0', '0');
INSERT INTO gossip_menu (`MenuID`, `TextID`) VALUES ('785', '1872287');
INSERT INTO points_of_interest (`ID`, `PositionX`, `PositionY`, `Icon`, `Flags`, `Importance`, `Name`, `VerifiedBuild`) VALUES ('294', '-1169.36', '-68.878', '6', '99', '0', 'Mountaintop Bait & Tackle', '0');
INSERT INTO gossip_menu_option (`MenuID`, `OptionID`, `OptionIcon`, `OptionText`, `OptionBroadcastTextID`, `OptionType`, `OptionNpcFlag`, `ActionMenuID`, `ActionPoiID`, `BoxCoded`, `BoxMoney`, `BoxText`, `BoxBroadcastTextID`) VALUES ('751', '5', '0', 'Fishing', '45767', '1', '1', '785', '294', '0', '0', '', NULL);
INSERT INTO gossip_text (`ID`, `comment`, `text0_0`, `text0_1`, `BroadcastTextID0`, `lang0`, `Probability0`, `em0_0`, `em0_1`, `em0_2`, `em0_3`, `em0_4`, `em0_5`, `text1_0`, `text1_1`, `BroadcastTextID1`, `lang1`, `Probability1`, `em1_0`, `em1_1`, `em1_2`, `em1_3`, `em1_4`, `em1_5`, `text2_0`, `text2_1`, `BroadcastTextID2`, `lang2`, `Probability2`, `em2_0`, `em2_1`, `em2_2`, `em2_3`, `em2_4`, `em2_5`, `text3_0`, `text3_1`, `BroadcastTextID3`, `lang3`, `Probability3`, `em3_0`, `em3_1`, `em3_2`, `em3_3`, `em3_4`, `em3_5`, `text4_0`, `text4_1`, `BroadcastTextID4`, `lang4`, `Probability4`, `em4_0`, `em4_1`, `em4_2`, `em4_3`, `em4_4`, `em4_5`, `text5_0`, `text5_1`, `BroadcastTextID5`, `lang5`, `Probability5`, `em5_0`, `em5_1`, `em5_2`, `em5_3`, `em5_4`, `em5_5`, `text6_0`, `text6_1`, `BroadcastTextID6`, `lang6`, `Probability6`, `em6_0`, `em6_1`, `em6_2`, `em6_3`, `em6_4`, `em6_5`, `text7_0`, `text7_1`, `BroadcastTextID7`, `lang7`, `Probability7`, `em7_0`, `em7_1`, `em7_2`, `em7_3`, `em7_4`, `em7_5`) VALUES ('1872288', 'Imported from TC', 'Komin Winterhoof at Holistic Herbalism is the one you want to talk to then.  He can be found on the middle rise.', 'Komin Winterhoof at Holistic Herbalism is the one you want to talk to then.  He can be found on the middle rise.', '3487', '1', '80', '0', '0', '0', '0', '0', '0', 'Nature provides all that we need.  Speak to Komin Winterhoof at Holistic Herbalism on the middle rise.', 'Nature provides all that we need.  Speak to Komin Winterhoof at Holistic Herbalism on the middle rise.', '5485', '1', '20', '0', '0', '0', '0', '0', '0', '', '', NULL, '0', '0', '0', '0', '0', '0', '0', '0', '', '', NULL, '0', '0', '0', '0', '0', '0', '0', '0', '', '', NULL, '0', '0', '0', '0', '0', '0', '0', '0', '', '', NULL, '0', '0', '0', '0', '0', '0', '0', '0', '', '', NULL, '0', '0', '0', '0', '0', '0', '0', '0', '', '', NULL, '0', '0', '0', '0', '0', '0', '0', '0');
INSERT INTO gossip_menu (`MenuID`, `TextID`) VALUES ('786', '1872288');
INSERT INTO points_of_interest (`ID`, `PositionX`, `PositionY`, `Icon`, `Flags`, `Importance`, `Name`, `VerifiedBuild`) VALUES ('295', '-1137.71', '-1.51698', '6', '99', '0', 'Holistic Herbalism', '0');
INSERT INTO gossip_menu_option (`MenuID`, `OptionID`, `OptionIcon`, `OptionText`, `OptionBroadcastTextID`, `OptionType`, `OptionNpcFlag`, `ActionMenuID`, `ActionPoiID`, `BoxCoded`, `BoxMoney`, `BoxText`, `BoxBroadcastTextID`) VALUES ('751', '6', '0', 'Herbalism', '45768', '1', '1', '786', '295', '0', '0', '', NULL);
INSERT INTO gossip_text (`ID`, `comment`, `text0_0`, `text0_1`, `BroadcastTextID0`, `lang0`, `Probability0`, `em0_0`, `em0_1`, `em0_2`, `em0_3`, `em0_4`, `em0_5`, `text1_0`, `text1_1`, `BroadcastTextID1`, `lang1`, `Probability1`, `em1_0`, `em1_1`, `em1_2`, `em1_3`, `em1_4`, `em1_5`, `text2_0`, `text2_1`, `BroadcastTextID2`, `lang2`, `Probability2`, `em2_0`, `em2_1`, `em2_2`, `em2_3`, `em2_4`, `em2_5`, `text3_0`, `text3_1`, `BroadcastTextID3`, `lang3`, `Probability3`, `em3_0`, `em3_1`, `em3_2`, `em3_3`, `em3_4`, `em3_5`, `text4_0`, `text4_1`, `BroadcastTextID4`, `lang4`, `Probability4`, `em4_0`, `em4_1`, `em4_2`, `em4_3`, `em4_4`, `em4_5`, `text5_0`, `text5_1`, `BroadcastTextID5`, `lang5`, `Probability5`, `em5_0`, `em5_1`, `em5_2`, `em5_3`, `em5_4`, `em5_5`, `text6_0`, `text6_1`, `BroadcastTextID6`, `lang6`, `Probability6`, `em6_0`, `em6_1`, `em6_2`, `em6_3`, `em6_4`, `em6_5`, `text7_0`, `text7_1`, `BroadcastTextID7`, `lang7`, `Probability7`, `em7_0`, `em7_1`, `em7_2`, `em7_3`, `em7_4`, `em7_5`) VALUES ('13892', 'Imported from TC', 'Seek out Poshken Hardbinder in The Pools of Vision, below the Spirit Rise.', 'Seek out Poshken Hardbinder in The Pools of Vision, below the Spirit Rise.', '31565', '0', '1', '0', '0', '0', '0', '0', '0', '', '', NULL, '0', '0', '0', '0', '0', '0', '0', '0', '', '', NULL, '0', '0', '0', '0', '0', '0', '0', '0', '', '', NULL, '0', '0', '0', '0', '0', '0', '0', '0', '', '', NULL, '0', '0', '0', '0', '0', '0', '0', '0', '', '', NULL, '0', '0', '0', '0', '0', '0', '0', '0', '', '', NULL, '0', '0', '0', '0', '0', '0', '0', '0', '', '', NULL, '0', '0', '0', '0', '0', '0', '0', '0');
INSERT INTO gossip_menu (`MenuID`, `TextID`) VALUES ('10021', '13892');
INSERT INTO points_of_interest (`ID`, `PositionX`, `PositionY`, `Icon`, `Flags`, `Importance`, `Name`, `VerifiedBuild`) VALUES ('296', '-999.381', '213.664', '6', '99', '0', 'Thunder Bluff Inscription', '0');
INSERT INTO gossip_menu_option (`MenuID`, `OptionID`, `OptionIcon`, `OptionText`, `OptionBroadcastTextID`, `OptionType`, `OptionNpcFlag`, `ActionMenuID`, `ActionPoiID`, `BoxCoded`, `BoxMoney`, `BoxText`, `BoxBroadcastTextID`, `patch_min`) VALUES ('751', '7', '0', 'Inscription', '48811', '1', '1', '10021', '296', '0', '0', '', NULL, '5');
INSERT INTO gossip_text (`ID`, `comment`, `text0_0`, `text0_1`, `BroadcastTextID0`, `lang0`, `Probability0`, `em0_0`, `em0_1`, `em0_2`, `em0_3`, `em0_4`, `em0_5`, `text1_0`, `text1_1`, `BroadcastTextID1`, `lang1`, `Probability1`, `em1_0`, `em1_1`, `em1_2`, `em1_3`, `em1_4`, `em1_5`, `text2_0`, `text2_1`, `BroadcastTextID2`, `lang2`, `Probability2`, `em2_0`, `em2_1`, `em2_2`, `em2_3`, `em2_4`, `em2_5`, `text3_0`, `text3_1`, `BroadcastTextID3`, `lang3`, `Probability3`, `em3_0`, `em3_1`, `em3_2`, `em3_3`, `em3_4`, `em3_5`, `text4_0`, `text4_1`, `BroadcastTextID4`, `lang4`, `Probability4`, `em4_0`, `em4_1`, `em4_2`, `em4_3`, `em4_4`, `em4_5`, `text5_0`, `text5_1`, `BroadcastTextID5`, `lang5`, `Probability5`, `em5_0`, `em5_1`, `em5_2`, `em5_3`, `em5_4`, `em5_5`, `text6_0`, `text6_1`, `BroadcastTextID6`, `lang6`, `Probability6`, `em6_0`, `em6_1`, `em6_2`, `em6_3`, `em6_4`, `em6_5`, `text7_0`, `text7_1`, `BroadcastTextID7`, `lang7`, `Probability7`, `em7_0`, `em7_1`, `em7_2`, `em7_3`, `em7_4`, `em7_5`) VALUES ('1872289', 'Imported from TC', 'Go see Una at Thunder Bluff Armorers then.  It can be found on the middle rise.', 'Go see Una at Thunder Bluff Armorers then.  It can be found on the middle rise.', '3488', '1', '80', '0', '0', '0', '0', '0', '0', 'There is a symmetry in the idea of the hide of your enemy providing you with protection.  To further your leatherworking skills look for Una inside the Thunder Bluff Armorers on the middle rise.', 'There is a symmetry in the idea of the hide of your enemy providing you with protection.  To further your leatherworking skills look for Una inside the Thunder Bluff Armorers on the middle rise.', '5487', '1', '20', '0', '0', '0', '0', '0', '0', '', '', NULL, '0', '0', '0', '0', '0', '0', '0', '0', '', '', NULL, '0', '0', '0', '0', '0', '0', '0', '0', '', '', NULL, '0', '0', '0', '0', '0', '0', '0', '0', '', '', NULL, '0', '0', '0', '0', '0', '0', '0', '0', '', '', NULL, '0', '0', '0', '0', '0', '0', '0', '0', '', '', NULL, '0', '0', '0', '0', '0', '0', '0', '0');
INSERT INTO gossip_menu (`MenuID`, `TextID`) VALUES ('787', '1872289');
INSERT INTO points_of_interest (`ID`, `PositionX`, `PositionY`, `Icon`, `Flags`, `Importance`, `Name`, `VerifiedBuild`) VALUES ('297', '-1156.23', '66.8664', '6', '99', '0', 'Thunder Bluff Armorers', '0');
INSERT INTO gossip_menu_option (`MenuID`, `OptionID`, `OptionIcon`, `OptionText`, `OptionBroadcastTextID`, `OptionType`, `OptionNpcFlag`, `ActionMenuID`, `ActionPoiID`, `BoxCoded`, `BoxMoney`, `BoxText`, `BoxBroadcastTextID`) VALUES ('751', '8', '0', 'Leatherworking', '52071', '1', '1', '787', '297', '0', '0', '', NULL);
INSERT INTO gossip_text (`ID`, `comment`, `text0_0`, `text0_1`, `BroadcastTextID0`, `lang0`, `Probability0`, `em0_0`, `em0_1`, `em0_2`, `em0_3`, `em0_4`, `em0_5`, `text1_0`, `text1_1`, `BroadcastTextID1`, `lang1`, `Probability1`, `em1_0`, `em1_1`, `em1_2`, `em1_3`, `em1_4`, `em1_5`, `text2_0`, `text2_1`, `BroadcastTextID2`, `lang2`, `Probability2`, `em2_0`, `em2_1`, `em2_2`, `em2_3`, `em2_4`, `em2_5`, `text3_0`, `text3_1`, `BroadcastTextID3`, `lang3`, `Probability3`, `em3_0`, `em3_1`, `em3_2`, `em3_3`, `em3_4`, `em3_5`, `text4_0`, `text4_1`, `BroadcastTextID4`, `lang4`, `Probability4`, `em4_0`, `em4_1`, `em4_2`, `em4_3`, `em4_4`, `em4_5`, `text5_0`, `text5_1`, `BroadcastTextID5`, `lang5`, `Probability5`, `em5_0`, `em5_1`, `em5_2`, `em5_3`, `em5_4`, `em5_5`, `text6_0`, `text6_1`, `BroadcastTextID6`, `lang6`, `Probability6`, `em6_0`, `em6_1`, `em6_2`, `em6_3`, `em6_4`, `em6_5`, `text7_0`, `text7_1`, `BroadcastTextID7`, `lang7`, `Probability7`, `em7_0`, `em7_1`, `em7_2`, `em7_3`, `em7_4`, `em7_5`) VALUES ('1872290', 'Imported from TC', 'Brek Stonehoof can be found at Stonehoof Geology on the lower rise and can teach you the proper way to harvest precious ores and gems.', 'Brek Stonehoof can be found at Stonehoof Geology on the lower rise and can teach you the proper way to harvest precious ores and gems.', '3489', '1', '80', '0', '0', '0', '0', '0', '0', 'The Earth Mother holds many secrets and Brek Stonehoof can help you to discover some of them.  You will find him on the lower rise at Stonehoof Geology.', 'The Earth Mother holds many secrets and Brek Stonehoof can help you to discover some of them.  You will find him on the lower rise at Stonehoof Geology.', '5489', '1', '20', '0', '0', '0', '0', '0', '0', '', '', NULL, '0', '0', '0', '0', '0', '0', '0', '0', '', '', NULL, '0', '0', '0', '0', '0', '0', '0', '0', '', '', NULL, '0', '0', '0', '0', '0', '0', '0', '0', '', '', NULL, '0', '0', '0', '0', '0', '0', '0', '0', '', '', NULL, '0', '0', '0', '0', '0', '0', '0', '0', '', '', NULL, '0', '0', '0', '0', '0', '0', '0', '0');
INSERT INTO gossip_menu (`MenuID`, `TextID`) VALUES ('788', '1872290');
INSERT INTO points_of_interest (`ID`, `PositionX`, `PositionY`, `Icon`, `Flags`, `Importance`, `Name`, `VerifiedBuild`) VALUES ('298', '-1249.17', '155.028', '6', '99', '0', 'Stonehoof Geology', '0');
INSERT INTO gossip_menu_option (`MenuID`, `OptionID`, `OptionIcon`, `OptionText`, `OptionBroadcastTextID`, `OptionType`, `OptionNpcFlag`, `ActionMenuID`, `ActionPoiID`, `BoxCoded`, `BoxMoney`, `BoxText`, `BoxBroadcastTextID`) VALUES ('751', '9', '0', 'Mining', '51348', '1', '1', '788', '298', '0', '0', '', NULL);
INSERT INTO gossip_text (`ID`, `comment`, `text0_0`, `text0_1`, `BroadcastTextID0`, `lang0`, `Probability0`, `em0_0`, `em0_1`, `em0_2`, `em0_3`, `em0_4`, `em0_5`, `text1_0`, `text1_1`, `BroadcastTextID1`, `lang1`, `Probability1`, `em1_0`, `em1_1`, `em1_2`, `em1_3`, `em1_4`, `em1_5`, `text2_0`, `text2_1`, `BroadcastTextID2`, `lang2`, `Probability2`, `em2_0`, `em2_1`, `em2_2`, `em2_3`, `em2_4`, `em2_5`, `text3_0`, `text3_1`, `BroadcastTextID3`, `lang3`, `Probability3`, `em3_0`, `em3_1`, `em3_2`, `em3_3`, `em3_4`, `em3_5`, `text4_0`, `text4_1`, `BroadcastTextID4`, `lang4`, `Probability4`, `em4_0`, `em4_1`, `em4_2`, `em4_3`, `em4_4`, `em4_5`, `text5_0`, `text5_1`, `BroadcastTextID5`, `lang5`, `Probability5`, `em5_0`, `em5_1`, `em5_2`, `em5_3`, `em5_4`, `em5_5`, `text6_0`, `text6_1`, `BroadcastTextID6`, `lang6`, `Probability6`, `em6_0`, `em6_1`, `em6_2`, `em6_3`, `em6_4`, `em6_5`, `text7_0`, `text7_1`, `BroadcastTextID7`, `lang7`, `Probability7`, `em7_0`, `em7_1`, `em7_2`, `em7_3`, `em7_4`, `em7_5`) VALUES ('1872291', 'Imported from TC', 'Mooranta can help you learn skinning.  She can be found just outside the Thunder Bluff Armorers on the middle rise.', 'Mooranta can help you learn skinning.  She can be found just outside the Thunder Bluff Armorers on the middle rise.', '3492', '1', '80', '0', '0', '0', '0', '0', '0', 'Every scrap used makes us less wasteful and brings us closer to the Earth Mother.  Mooranta can show you the way.  Seek her just outside the Thunder Bluff Armorers on the middle rise.', 'Every scrap used makes us less wasteful and brings us closer to the Earth Mother.  Mooranta can show you the way.  Seek her just outside the Thunder Bluff Armorers on the middle rise.', '5492', '1', '20', '0', '0', '0', '0', '0', '0', '', '', NULL, '0', '0', '0', '0', '0', '0', '0', '0', '', '', NULL, '0', '0', '0', '0', '0', '0', '0', '0', '', '', NULL, '0', '0', '0', '0', '0', '0', '0', '0', '', '', NULL, '0', '0', '0', '0', '0', '0', '0', '0', '', '', NULL, '0', '0', '0', '0', '0', '0', '0', '0', '', '', NULL, '0', '0', '0', '0', '0', '0', '0', '0');
INSERT INTO gossip_menu (`MenuID`, `TextID`) VALUES ('791', '1872291');
INSERT INTO points_of_interest (`ID`, `PositionX`, `PositionY`, `Icon`, `Flags`, `Importance`, `Name`, `VerifiedBuild`) VALUES ('299', '-1148.57', '51.1842', '6', '99', '0', 'Mooranta', '0');
INSERT INTO gossip_menu_option (`MenuID`, `OptionID`, `OptionIcon`, `OptionText`, `OptionBroadcastTextID`, `OptionType`, `OptionNpcFlag`, `ActionMenuID`, `ActionPoiID`, `BoxCoded`, `BoxMoney`, `BoxText`, `BoxBroadcastTextID`) VALUES ('751', '10', '0', 'Skinning', '52076', '1', '1', '791', '299', '0', '0', '', NULL);
INSERT INTO gossip_text (`ID`, `comment`, `text0_0`, `text0_1`, `BroadcastTextID0`, `lang0`, `Probability0`, `em0_0`, `em0_1`, `em0_2`, `em0_3`, `em0_4`, `em0_5`, `text1_0`, `text1_1`, `BroadcastTextID1`, `lang1`, `Probability1`, `em1_0`, `em1_1`, `em1_2`, `em1_3`, `em1_4`, `em1_5`, `text2_0`, `text2_1`, `BroadcastTextID2`, `lang2`, `Probability2`, `em2_0`, `em2_1`, `em2_2`, `em2_3`, `em2_4`, `em2_5`, `text3_0`, `text3_1`, `BroadcastTextID3`, `lang3`, `Probability3`, `em3_0`, `em3_1`, `em3_2`, `em3_3`, `em3_4`, `em3_5`, `text4_0`, `text4_1`, `BroadcastTextID4`, `lang4`, `Probability4`, `em4_0`, `em4_1`, `em4_2`, `em4_3`, `em4_4`, `em4_5`, `text5_0`, `text5_1`, `BroadcastTextID5`, `lang5`, `Probability5`, `em5_0`, `em5_1`, `em5_2`, `em5_3`, `em5_4`, `em5_5`, `text6_0`, `text6_1`, `BroadcastTextID6`, `lang6`, `Probability6`, `em6_0`, `em6_1`, `em6_2`, `em6_3`, `em6_4`, `em6_5`, `text7_0`, `text7_1`, `BroadcastTextID7`, `lang7`, `Probability7`, `em7_0`, `em7_1`, `em7_2`, `em7_3`, `em7_4`, `em7_5`) VALUES ('1872292', 'Imported from TC', 'Tepa is renown for her clothwork.  She can be found at Thunder Bluff Armorers on the middle rise.', 'Tepa is renown for her clothwork.  She can be found at Thunder Bluff Armorers on the middle rise.', '3490', '1', '80', '0', '0', '0', '0', '0', '0', 'Clothing the tribe is as important a job as any other.  You should look for Tepa inside Thunder Bluff Armorers.  She has a natural way with the needle.', 'Clothing the tribe is as important a job as any other.  You should look for Tepa inside Thunder Bluff Armorers.  She has a natural way with the needle.', '5494', '1', '20', '0', '0', '0', '0', '0', '0', '', '', NULL, '0', '0', '0', '0', '0', '0', '0', '0', '', '', NULL, '0', '0', '0', '0', '0', '0', '0', '0', '', '', NULL, '0', '0', '0', '0', '0', '0', '0', '0', '', '', NULL, '0', '0', '0', '0', '0', '0', '0', '0', '', '', NULL, '0', '0', '0', '0', '0', '0', '0', '0', '', '', NULL, '0', '0', '0', '0', '0', '0', '0', '0');
INSERT INTO gossip_menu (`MenuID`, `TextID`) VALUES ('789', '1872292');
-- POI 297 is already imported
INSERT INTO gossip_menu_option (`MenuID`, `OptionID`, `OptionIcon`, `OptionText`, `OptionBroadcastTextID`, `OptionType`, `OptionNpcFlag`, `ActionMenuID`, `ActionPoiID`, `BoxCoded`, `BoxMoney`, `BoxText`, `BoxBroadcastTextID`) VALUES ('751', '11', '0', 'Tailoring', '52077', '1', '1', '789', '297', '0', '0', '', NULL);
INSERT INTO gossip_menu_option (`MenuID`, `OptionID`, `OptionIcon`, `OptionText`, `OptionBroadcastTextID`, `OptionType`, `OptionNpcFlag`, `ActionMenuID`, `ActionPoiID`, `BoxCoded`, `BoxMoney`, `BoxText`, `BoxBroadcastTextID`) VALUES ('721', '10', '0', 'A profession trainer', '6793', '1', '1', '751', NULL, '0', '0', '', NULL);
INSERT INTO gossip_text (`ID`, `comment`, `text0_0`, `text0_1`, `BroadcastTextID0`, `lang0`, `Probability0`, `em0_0`, `em0_1`, `em0_2`, `em0_3`, `em0_4`, `em0_5`, `text1_0`, `text1_1`, `BroadcastTextID1`, `lang1`, `Probability1`, `em1_0`, `em1_1`, `em1_2`, `em1_3`, `em1_4`, `em1_5`, `text2_0`, `text2_1`, `BroadcastTextID2`, `lang2`, `Probability2`, `em2_0`, `em2_1`, `em2_2`, `em2_3`, `em2_4`, `em2_5`, `text3_0`, `text3_1`, `BroadcastTextID3`, `lang3`, `Probability3`, `em3_0`, `em3_1`, `em3_2`, `em3_3`, `em3_4`, `em3_5`, `text4_0`, `text4_1`, `BroadcastTextID4`, `lang4`, `Probability4`, `em4_0`, `em4_1`, `em4_2`, `em4_3`, `em4_4`, `em4_5`, `text5_0`, `text5_1`, `BroadcastTextID5`, `lang5`, `Probability5`, `em5_0`, `em5_1`, `em5_2`, `em5_3`, `em5_4`, `em5_5`, `text6_0`, `text6_1`, `BroadcastTextID6`, `lang6`, `Probability6`, `em6_0`, `em6_1`, `em6_2`, `em6_3`, `em6_4`, `em6_5`, `text7_0`, `text7_1`, `BroadcastTextID7`, `lang7`, `Probability7`, `em7_0`, `em7_1`, `em7_2`, `em7_3`, `em7_4`, `em7_5`) VALUES ('14658', 'Imported from TC', 'You\'ll find Krendle Bigpockets near the zeppelin\'s perch on the western edge of Spirit Rise. I\'m not fond of the goblin contraption flying through here... but it will take you to Orgrimmar if you can stand it.', 'You\'ll find Krendle Bigpockets near the zeppelin\'s perch on the western edge of Spirit Rise. I\'m not fond of the goblin contraption flying through here... but it will take you to Orgrimmar if you can stand it.', '35141', '1', '1', '0', '1', '0', '0', '0', '0', '', '', NULL, '0', '0', '0', '0', '0', '0', '0', '0', '', '', NULL, '0', '0', '0', '0', '0', '0', '0', '0', '', '', NULL, '0', '0', '0', '0', '0', '0', '0', '0', '', '', NULL, '0', '0', '0', '0', '0', '0', '0', '0', '', '', NULL, '0', '0', '0', '0', '0', '0', '0', '0', '', '', NULL, '0', '0', '0', '0', '0', '0', '0', '0', '', '', NULL, '0', '0', '0', '0', '0', '0', '0', '0');
INSERT INTO gossip_menu (`MenuID`, `TextID`) VALUES ('10596', '14658');
INSERT INTO points_of_interest (`ID`, `PositionX`, `PositionY`, `Icon`, `Flags`, `Importance`, `Name`, `VerifiedBuild`) VALUES ('284', '-1027.62', '322.681', '6', '99', '0', 'Thunder Bluff Zeppelin', '0');
INSERT INTO gossip_menu_option (`MenuID`, `OptionID`, `OptionIcon`, `OptionText`, `OptionBroadcastTextID`, `OptionType`, `OptionNpcFlag`, `ActionMenuID`, `ActionPoiID`, `BoxCoded`, `BoxMoney`, `BoxText`, `BoxBroadcastTextID`) VALUES ('721', '12', '0', 'The zeppelin master', '5518', '1', '1', '10596', '284', '0', '0', '', NULL);
UPDATE creature_template SET npcflag = (npcflag | 1), gossip_menu_id = 721 WHERE entry = 3084;


-- Importing creature gossip with entry 4963 (Mikhail) with import type SMART
UPDATE creature_template SET ScriptName = '', AIName = 'SmartAI' WHERE entry = 4963;
DELETE FROM smart_scripts WHERE entryorguid = 4963 AND source_type = 0;
UPDATE creature_template SET ScriptName = '', AIName = 'SmartAI' WHERE entry = 4962;
DELETE FROM smart_scripts WHERE entryorguid = 4962 AND source_type = 0;
INSERT INTO waypoints (`entry`, `pointid`, `position_x`, `position_y`, `position_z`, `point_comment`) VALUES ('4962', '1', '-3804.44', '-828.048', '10.0931', '');
INSERT INTO waypoints (`entry`, `pointid`, `position_x`, `position_y`, `position_z`, `point_comment`) VALUES ('4962', '2', '-3803.93', '-835.772', '10.0777', '');
INSERT INTO waypoints (`entry`, `pointid`, `position_x`, `position_y`, `position_z`, `point_comment`) VALUES ('4962', '3', '-3792.63', '-835.671', '9.65566', '');
INSERT INTO waypoints (`entry`, `pointid`, `position_x`, `position_y`, `position_z`, `point_comment`) VALUES ('4962', '4', '-3772.43', '-835.346', '10.869', '');
INSERT INTO waypoints (`entry`, `pointid`, `position_x`, `position_y`, `position_z`, `point_comment`) VALUES ('4962', '5', '-3765.94', '-840.129', '10.8856', '');
INSERT INTO waypoints (`entry`, `pointid`, `position_x`, `position_y`, `position_z`, `point_comment`) VALUES ('4962', '6', '-3738.63', '-830.997', '11.0574', '');
INSERT INTO waypoints (`entry`, `pointid`, `position_x`, `position_y`, `position_z`, `point_comment`) VALUES ('4962', '7', '-3690.22', '-862.262', '9.96045', '');
-- Smart Waypoints 4962 are already imported
-- Smart Waypoints 4962 are already imported
-- Smart Waypoints 4962 are already imported
-- Smart Waypoints 4962 are already imported
-- SmartAI 4963 0 is already imported
-- Smart Waypoints 4962 are already imported
DELETE FROM creature_text WHERE CreatureID = 4962;
INSERT INTO creature_text (`CreatureID`, `GroupID`, `ID`, `Text`, `Type`, `Language`, `Probability`, `Emote`, `Duration`, `Sound`, `BroadcastTextId`, `TextRange`, `comment`) VALUES ('4962', '0', '0', 'Oh, it\'s on now! Bet you thought I\'d be alone too, huh?!', '12', '7', '100', '0', '0', '0', '5827', '0', 'Tapoke \"Slim\" Jahn');
INSERT INTO creature_text (`CreatureID`, `GroupID`, `ID`, `Text`, `Type`, `Language`, `Probability`, `Emote`, `Duration`, `Sound`, `BroadcastTextId`, `TextRange`, `comment`) VALUES ('4962', '1', '0', 'Okay, okay! No need to get all violent. I\'ll talk. I\'ll talk!', '12', '7', '100', '0', '0', '0', '1743', '0', 'Tapoke \"Slim\" Jahn');
INSERT INTO creature_text (`CreatureID`, `GroupID`, `ID`, `Text`, `Type`, `Language`, `Probability`, `Emote`, `Duration`, `Sound`, `BroadcastTextId`, `TextRange`, `comment`) VALUES ('4962', '2', '0', 'I have a few notes from the job back at my place. I\'ll get them and then meet you back in the inn.', '12', '7', '100', '0', '0', '0', '1744', '0', 'Tapoke \"Slim\" Jahn');
DELETE FROM smart_scripts WHERE entryorguid = 496200 AND source_type = 9;
UPDATE creature_template SET ScriptName = '', AIName = 'SmartAI' WHERE entry = 4971;
DELETE FROM smart_scripts WHERE entryorguid = 4971 AND source_type = 0;
DELETE FROM smart_scripts WHERE entryorguid = 497100 AND source_type = 9;
DELETE FROM creature_text WHERE CreatureID = 4971;
INSERT INTO creature_text (`CreatureID`, `GroupID`, `ID`, `Text`, `Type`, `Language`, `Probability`, `Emote`, `Duration`, `Sound`, `BroadcastTextId`, `TextRange`, `comment`) VALUES ('4971', '0', '0', 'Whoa! This is way more than what I bargained for, you\'re on your own, Slim!', '12', '7', '100', '0', '0', '0', '5828', '0', 'Slim\'s Friend');
INSERT INTO smart_scripts (`entryorguid`, `source_type`, `id`, `link`, `event_type`, `event_phase_mask`, `event_chance`, `event_flags`, `event_param1`, `event_param2`, `event_param3`, `event_param4`, `event_param5`, `action_type`, `action_param1`, `action_param2`, `action_param3`, `action_param4`, `action_param5`, `action_param6`, `target_type`, `target_param1`, `target_param2`, `target_param3`, `target_param4`, `target_x`, `target_y`, `target_z`, `target_o`, `comment`) VALUES ('497100', '9', '0', '0', '0', '0', '100', '0', '0', '0', '0', '0', '0', '24', '0', '0', '0', '0', '0', '0', '1', '0', '0', '0', '0', '0', '0', '0', '0', 'Slim\'s Friend - On Script - Evade'), ('497100', '9', '1', '0', '0', '0', '100', '0', '0', '0', '0', '0', '0', '2', '123', '0', '0', '0', '0', '0', '1', '0', '0', '0', '0', '0', '0', '0', '0', 'Slim\'s Friend - On Script - Set Faction 123'), ('497100', '9', '2', '0', '0', '0', '100', '0', '0', '0', '0', '0', '0', '1', '0', '0', '0', '0', '0', '0', '1', '0', '0', '0', '0', '0', '0', '0', '0', 'Slim\'s Friend - On Script - Say Line 0'), ('497100', '9', '3', '0', '0', '0', '100', '0', '6000', '6000', '0', '0', '0', '41', '0', '0', '0', '0', '0', '0', '1', '0', '0', '0', '0', '0', '0', '0', '0', 'Slim\'s Friend - On Script - Despawn');
INSERT INTO smart_scripts (`entryorguid`, `source_type`, `id`, `link`, `event_type`, `event_phase_mask`, `event_chance`, `event_flags`, `event_param1`, `event_param2`, `event_param3`, `event_param4`, `event_param5`, `action_type`, `action_param1`, `action_param2`, `action_param3`, `action_param4`, `action_param5`, `action_param6`, `target_type`, `target_param1`, `target_param2`, `target_param3`, `target_param4`, `target_x`, `target_y`, `target_z`, `target_o`, `comment`) VALUES ('4971', '0', '2', '0', '67', '0', '100', '0', '3000', '6000', '0', '0', '0', '11', '2589', '0', '0', '0', '0', '0', '2', '0', '0', '0', '0', '0', '0', '0', '0', 'Slim\'s Friend - On Behind Target - Cast Backstab'), ('4971', '0', '1', '0', '25', '0', '100', '0', '0', '0', '0', '0', '0', '11', '8601', '0', '0', '0', '0', '0', '1', '0', '0', '0', '0', '0', '0', '0', '0', 'Slim\'s Friend - On Reset - Cast \'Slowing Poison\''), ('4971', '0', '0', '0', '25', '0', '100', '0', '0', '0', '0', '0', '0', '11', '3616', '0', '0', '0', '0', '0', '1', '0', '0', '0', '0', '0', '0', '0', '0', 'Slim\'s Friend - On Reset - Cast \'Poison Proc\''), ('4971', '0', '3', '0', '38', '0', '100', '1', '1', '1', '0', '0', '0', '80', '497100', '2', '0', '0', '0', '0', '1', '0', '0', '0', '0', '0', '0', '0', '0', 'Slim\'s Friend - On Data Set - Run Script');
-- Creature text 4962 is already imported
-- Creature text 4962 is already imported
INSERT INTO smart_scripts (`entryorguid`, `source_type`, `id`, `link`, `event_type`, `event_phase_mask`, `event_chance`, `event_flags`, `event_param1`, `event_param2`, `event_param3`, `event_param4`, `event_param5`, `action_type`, `action_param1`, `action_param2`, `action_param3`, `action_param4`, `action_param5`, `action_param6`, `target_type`, `target_param1`, `target_param2`, `target_param3`, `target_param4`, `target_x`, `target_y`, `target_z`, `target_o`, `comment`) VALUES ('496200', '9', '0', '0', '0', '0', '100', '0', '0', '0', '0', '0', '0', '45', '1', '1', '0', '0', '0', '0', '19', '4971', '0', '0', '0', '0', '0', '0', '0', 'Tapoke \"Slim\" Jahn - On Script - Set Data to Slim\'s Friend'), ('496200', '9', '1', '0', '0', '0', '100', '0', '0', '0', '0', '0', '0', '2', '123', '0', '0', '0', '0', '0', '1', '0', '0', '0', '0', '0', '0', '0', '0', 'Tapoke \"Slim\" Jahn - On Script - Set Faction 123'), ('496200', '9', '2', '0', '0', '0', '100', '0', '0', '0', '0', '0', '0', '27', '0', '0', '0', '0', '0', '0', '1', '0', '0', '0', '0', '0', '0', '0', '0', 'Tapoke \"Slim\" Jahn - On Script - Stop Combat'), ('496200', '9', '3', '0', '0', '0', '100', '0', '5000', '5000', '0', '0', '0', '1', '1', '0', '0', '0', '0', '0', '1', '0', '0', '0', '0', '0', '0', '0', '0', 'Tapoke \"Slim\" Jahn - On Script - Say Line 1'), ('496200', '9', '4', '0', '0', '0', '100', '0', '5000', '5000', '0', '0', '0', '1', '2', '0', '0', '0', '0', '0', '1', '0', '0', '0', '0', '0', '0', '0', '0', 'Tapoke \"Slim\" Jahn - On Script - Say Line 2'), ('496200', '9', '5', '0', '0', '0', '100', '0', '6000', '6000', '0', '0', '0', '15', '1249', '0', '0', '0', '0', '0', '12', '1', '0', '0', '0', '0', '0', '0', '0', 'Tapoke \"Slim\" Jahn - On Script - Complete Quest \'The Missing Diplomat (Part 11)\''), ('496200', '9', '6', '0', '0', '0', '100', '0', '1000', '1000', '0', '0', '0', '45', '1', '1', '0', '0', '0', '0', '10', '9432', '0', '0', '0', '0', '0', '0', '0', 'Tapoke \"Slim\" Jahn - On Script - Set Data to Mikhail'), ('496200', '9', '7', '0', '0', '0', '100', '0', '0', '0', '0', '0', '0', '41', '0', '0', '0', '0', '0', '0', '1', '0', '0', '0', '0', '0', '0', '0', '0', 'Tapoke \"Slim\" Jahn - On Script - Despawn');
INSERT INTO smart_scripts (`entryorguid`, `source_type`, `id`, `link`, `event_type`, `event_phase_mask`, `event_chance`, `event_flags`, `event_param1`, `event_param2`, `event_param3`, `event_param4`, `event_param5`, `action_type`, `action_param1`, `action_param2`, `action_param3`, `action_param4`, `action_param5`, `action_param6`, `target_type`, `target_param1`, `target_param2`, `target_param3`, `target_param4`, `target_x`, `target_y`, `target_z`, `target_o`, `comment`) VALUES ('4962', '0', '0', '0', '38', '0', '100', '1', '1', '1', '0', '0', '0', '11', '1785', '0', '0', '0', '0', '0', '1', '0', '0', '0', '0', '0', '0', '0', '0', 'Tapoke \"Slim\" Jahn - On Data Set - Cast \'Stealth\''), ('4962', '0', '1', '0', '38', '0', '100', '1', '1', '1', '0', '0', '0', '53', '0', '4962', '0', '0', '0', '2', '1', '0', '0', '0', '0', '0', '0', '0', '0', 'Tapoke \"Slim\" Jahn - On Data Set - Start Waypoint'), ('4962', '0', '2', '0', '38', '0', '100', '1', '1', '1', '0', '0', '0', '42', '1', '0', '0', '0', '0', '0', '1', '0', '0', '0', '0', '0', '0', '0', '0', 'Tapoke \"Slim\" Jahn - On Data Set - Set Invincibility at 1 HP'), ('4962', '0', '3', '0', '40', '0', '100', '0', '3', '4962', '0', '0', '0', '28', '1785', '0', '0', '0', '0', '0', '1', '0', '0', '0', '0', '0', '0', '0', '0', 'Tapoke \"Slim\" Jahn - On Waypoint 3 Reached - Remove Aura \'Stealth\''), ('4962', '0', '4', '0', '40', '0', '100', '0', '3', '4962', '0', '0', '0', '2', '168', '0', '0', '0', '0', '0', '1', '0', '0', '0', '0', '0', '0', '0', '0', 'Tapoke \"Slim\" Jahn - On Waypoint 3 Reached - Set Faction 168'), ('4962', '0', '5', '0', '40', '0', '100', '0', '7', '4962', '0', '0', '0', '6', '1249', '0', '0', '0', '0', '0', '12', '1', '0', '0', '0', '0', '0', '0', '0', 'Tapoke \"Slim\" Jahn - On Waypoint 7 Reached - Fail Quest \'The Missing Diplomat (Part 11)\''), ('4962', '0', '6', '0', '40', '0', '100', '0', '7', '4962', '0', '0', '0', '45', '1', '1', '0', '0', '0', '0', '10', '9432', '0', '0', '0', '0', '0', '0', '0', 'Tapoke \"Slim\" Jahn - On Waypoint 7 Reached - Set Data to Mikhail'), ('4962', '0', '7', '0', '40', '0', '100', '0', '7', '4962', '0', '0', '0', '41', '0', '0', '0', '0', '0', '0', '1', '0', '0', '0', '0', '0', '0', '0', '0', 'Tapoke \"Slim\" Jahn - On Waypoint 7 Reached - Despawn'), ('4962', '0', '8', '0', '4', '0', '100', '0', '0', '0', '0', '0', '0', '1', '0', '0', '0', '0', '0', '0', '1', '0', '0', '0', '0', '0', '0', '0', '0', 'Tapoke \"Slim\" Jahn - On Aggro - Say Line 0'), ('4962', '0', '9', '0', '4', '0', '100', '0', '0', '0', '0', '0', '0', '11', '16457', '0', '0', '0', '0', '0', '1', '0', '0', '0', '0', '0', '0', '0', '0', 'Tapoke \"Slim\" Jahn - On Aggro - Cast \'Call Friends\''), ('4962', '0', '10', '0', '2', '0', '100', '1', '0', '20', '0', '0', '0', '80', '496200', '2', '0', '0', '0', '0', '1', '0', '0', '0', '0', '0', '0', '0', '0', 'Tapoke \"Slim\" Jahn - Between 0-20% Health - Run Script');
DELETE FROM smart_scripts WHERE entryorguid = 496300 AND source_type = 9;
DELETE FROM creature_text WHERE CreatureID = 4963;
INSERT INTO creature_text (`CreatureID`, `GroupID`, `ID`, `Text`, `Type`, `Language`, `Probability`, `Emote`, `Duration`, `Sound`, `BroadcastTextId`, `TextRange`, `comment`) VALUES ('4963', '0', '0', 'I\'m glad the commotions died down some around here. The last thing this place needs is another brawl.', '12', '7', '100', '0', '0', '0', '4169', '0', 'Mikhail');
INSERT INTO smart_scripts (`entryorguid`, `source_type`, `id`, `link`, `event_type`, `event_phase_mask`, `event_chance`, `event_flags`, `event_param1`, `event_param2`, `event_param3`, `event_param4`, `event_param5`, `action_type`, `action_param1`, `action_param2`, `action_param3`, `action_param4`, `action_param5`, `action_param6`, `target_type`, `target_param1`, `target_param2`, `target_param3`, `target_param4`, `target_x`, `target_y`, `target_z`, `target_o`, `comment`) VALUES ('496300', '9', '0', '0', '0', '0', '100', '0', '10000', '10000', '0', '0', '0', '1', '0', '0', '0', '0', '0', '0', '1', '0', '0', '0', '0', '0', '0', '0', '0', 'Mikhail - On Script - Say Line 0'), ('496300', '9', '1', '0', '0', '0', '100', '0', '0', '0', '0', '0', '0', '81', '2', '0', '0', '0', '0', '0', '1', '0', '0', '0', '0', '0', '0', '0', '0', 'Mikhail - On Script - Set Npc Flag Questgiver');
INSERT INTO smart_scripts (`entryorguid`, `source_type`, `id`, `link`, `event_type`, `event_phase_mask`, `event_chance`, `event_flags`, `event_param1`, `event_param2`, `event_param3`, `event_param4`, `event_param5`, `action_type`, `action_param1`, `action_param2`, `action_param3`, `action_param4`, `action_param5`, `action_param6`, `target_type`, `target_param1`, `target_param2`, `target_param3`, `target_param4`, `target_x`, `target_y`, `target_z`, `target_o`, `comment`) VALUES ('4963', '0', '0', '0', '11', '0', '100', '0', '0', '0', '0', '0', '0', '81', '2', '0', '0', '0', '0', '0', '1', '0', '0', '0', '0', '0', '0', '0', '0', 'Mikhail - On Respawn - Set Npc Flag Questgiver'), ('4963', '0', '1', '0', '19', '0', '100', '0', '1249', '0', '0', '0', '0', '81', '1', '0', '0', '0', '0', '0', '1', '0', '0', '0', '0', '0', '0', '0', '0', 'Mikhail - On Quest \'The Missing Diplomat (Part 11)\' Taken - Set Npc Flag Gossip'), ('4963', '0', '2', '0', '19', '0', '100', '0', '1249', '0', '0', '0', '0', '45', '1', '1', '0', '0', '0', '0', '10', '10873', '0', '0', '0', '0', '0', '0', '0', 'Mikhail - On Quest \'The Missing Diplomat (Part 11)\' Taken - Set Data to Tapoke \"Slim\" Jahn'), ('4963', '0', '3', '0', '19', '0', '100', '0', '1249', '0', '0', '0', '0', '64', '1', '0', '0', '0', '0', '0', '7', '0', '0', '0', '0', '0', '0', '0', '0', 'Mikhail - On Quest \'The Missing Diplomat (Part 11)\' Taken - Store Target'), ('4963', '0', '4', '0', '19', '0', '100', '0', '1249', '0', '0', '0', '0', '100', '1', '0', '0', '0', '0', '0', '10', '10873', '0', '0', '0', '0', '0', '0', '0', 'Mikhail - On Quest \'The Missing Diplomat (Part 11)\' Taken - Send Target to Tapoke \"Slim\" Jahn'), ('4963', '0', '5', '0', '38', '0', '100', '0', '1', '1', '0', '0', '0', '80', '496300', '2', '0', '0', '0', '0', '1', '0', '0', '0', '0', '0', '0', '0', '0', 'Mikhail - On Data Set - Run Script');
-- Text 1713 already present in Sun DB
INSERT INTO gossip_menu (`MenuID`, `TextID`) VALUES ('1100', '1713');
UPDATE creature_template SET npcflag = (npcflag | 1), gossip_menu_id = 1100 WHERE entry = 4963;


-- Importing creature gossip with entry 8436 (Zamael Lunthistle) with import type SMART
UPDATE creature_template SET ScriptName = '', AIName = 'SmartAI' WHERE entry = 8436;
DELETE FROM smart_scripts WHERE entryorguid = 8436 AND source_type = 0;
-- Text 1922 already present in Sun DB
INSERT INTO gossip_menu (`MenuID`, `TextID`) VALUES ('1286', '1922');
INSERT INTO gossip_menu_option (`MenuID`, `OptionID`, `OptionIcon`, `OptionText`, `OptionBroadcastTextID`, `OptionType`, `OptionNpcFlag`, `ActionMenuID`, `ActionPoiID`, `BoxCoded`, `BoxMoney`, `BoxText`, `BoxBroadcastTextID`) VALUES ('1286', '0', '0', 'Let me think about it, Zamael.', '4412', '1', '1', NULL, NULL, '0', '0', '', NULL);
INSERT INTO smart_scripts (`entryorguid`, `source_type`, `id`, `link`, `event_type`, `event_phase_mask`, `event_chance`, `event_flags`, `event_param1`, `event_param2`, `event_param3`, `event_param4`, `event_param5`, `action_type`, `action_param1`, `action_param2`, `action_param3`, `action_param4`, `action_param5`, `action_param6`, `target_type`, `target_param1`, `target_param2`, `target_param3`, `target_param4`, `target_x`, `target_y`, `target_z`, `target_o`, `comment`) VALUES ('8436', '0', '0', '1', '62', '0', '100', '512', '1286', '0', '0', '0', '0', '26', '3377', '0', '0', '0', '0', '0', '7', '0', '0', '0', '0', '0', '0', '0', '0', 'Zamael Lunthistle - On Gossip Option 0 Selected - Quest Credit \'Prayer to Elune\''), ('8436', '0', '1', '0', '61', '0', '100', '512', '0', '0', '0', '0', '0', '72', '0', '0', '0', '0', '0', '0', '7', '0', '0', '0', '0', '0', '0', '0', '0', 'Zamael Lunthistle - On Gossip Option 0 Selected - Close Gossip');
-- Text 1920 already present in Sun DB
INSERT INTO gossip_menu (`MenuID`, `TextID`) VALUES ('1285', '1920');
-- Text 1921 already present in Sun DB
INSERT INTO gossip_menu (`MenuID`, `TextID`) VALUES ('1287', '1921');
-- Menu 1286 is already imported
INSERT INTO gossip_menu_option (`MenuID`, `OptionID`, `OptionIcon`, `OptionText`, `OptionBroadcastTextID`, `OptionType`, `OptionNpcFlag`, `ActionMenuID`, `ActionPoiID`, `BoxCoded`, `BoxMoney`, `BoxText`, `BoxBroadcastTextID`) VALUES ('1287', '0', '0', 'Please continue, Zamael.', '4410', '1', '1', '1286', NULL, '0', '0', '', NULL);
INSERT INTO gossip_menu_option (`MenuID`, `OptionID`, `OptionIcon`, `OptionText`, `OptionBroadcastTextID`, `OptionType`, `OptionNpcFlag`, `ActionMenuID`, `ActionPoiID`, `BoxCoded`, `BoxMoney`, `BoxText`, `BoxBroadcastTextID`) VALUES ('1285', '0', '0', 'I wish to hear your tale.', '4408', '1', '1', '1287', NULL, '0', '0', '', NULL);
INSERT INTO conditions (`SourceTypeOrReferenceId`, `SourceGroup`, `SourceEntry`, `SourceId`, `ElseGroup`, `ConditionTypeOrReference`, `ConditionTarget`, `ConditionValue1`, `ConditionValue2`, `ConditionValue3`, `NegativeCondition`, `ErrorType`, `ErrorTextId`, `ScriptName`, `Comment`) VALUES ('15', '1285', '0', '0', '0', '9', '0', '3377', '0', '0', '0', '0', '0', '', '(autoimported) Show gossip option if player has quest 3377 but not complete');
UPDATE creature_template SET npcflag = (npcflag | 1), gossip_menu_id = 1285 WHERE entry = 8436;


-- Importing creature gossip with entry 8612 (Screecher Spirit) with import type SMART
UPDATE creature_template SET ScriptName = '', AIName = 'SmartAI' WHERE entry = 8612;
DELETE FROM smart_scripts WHERE entryorguid = 8612 AND source_type = 0;
INSERT INTO smart_scripts (`entryorguid`, `source_type`, `id`, `link`, `event_type`, `event_phase_mask`, `event_chance`, `event_flags`, `event_param1`, `event_param2`, `event_param3`, `event_param4`, `event_param5`, `action_type`, `action_param1`, `action_param2`, `action_param3`, `action_param4`, `action_param5`, `action_param6`, `target_type`, `target_param1`, `target_param2`, `target_param3`, `target_param4`, `target_x`, `target_y`, `target_z`, `target_o`, `comment`) VALUES ('8612', '0', '0', '1', '64', '0', '100', '513', '0', '0', '0', '0', '0', '33', '8612', '0', '0', '0', '0', '0', '7', '0', '0', '0', '0', '0', '0', '0', '0', 'Screecher Spirit - On Gossip Hello - Quest Credit \'Screecher Spirits\''), ('8612', '0', '1', '0', '61', '0', '100', '513', '0', '0', '0', '0', '0', '41', '6000', '0', '0', '0', '0', '0', '1', '0', '0', '0', '0', '0', '0', '0', '0', 'Screecher Spirit - On Gossip Hello - Despawn In 6000 ms');
-- Text 2039 already present in Sun DB
INSERT INTO gossip_menu (`MenuID`, `TextID`) VALUES ('1405', '2039');
UPDATE creature_template SET npcflag = (npcflag | 1), gossip_menu_id = 1405 WHERE entry = 8612;


-- Importing creature gossip with entry 8696 (Henry Stern) with import type SMART
UPDATE creature_template SET ScriptName = '', AIName = 'SmartAI' WHERE entry = 8696;
DELETE FROM smart_scripts WHERE entryorguid = 8696 AND source_type = 0;
DELETE FROM creature_text WHERE CreatureID = 8696;
INSERT INTO creature_text (`CreatureID`, `GroupID`, `ID`, `Text`, `Type`, `Language`, `Probability`, `Emote`, `Duration`, `Sound`, `BroadcastTextId`, `TextRange`, `comment`) VALUES ('8696', '0', '0', 'Thank again, $n.  Now I\'ll just wait here until it\'s safe to leave.', '12', '0', '100', '0', '0', '0', '4575', '0', 'Henry Stern');
-- Text 2113 already present in Sun DB
INSERT INTO gossip_menu (`MenuID`, `TextID`) VALUES ('1443', '2113');
-- Text 2174 already present in Sun DB
INSERT INTO gossip_menu (`MenuID`, `TextID`) VALUES ('1502', '2174');
INSERT INTO gossip_menu_option (`MenuID`, `OptionID`, `OptionIcon`, `OptionText`, `OptionBroadcastTextID`, `OptionType`, `OptionNpcFlag`, `ActionMenuID`, `ActionPoiID`, `BoxCoded`, `BoxMoney`, `BoxText`, `BoxBroadcastTextID`) VALUES ('1443', '1', '0', 'You\'re an alchemist?  So am I.  Perhaps you can teach me what you know...', '4537', '1', '1', '1502', NULL, '0', '0', '', NULL);
-- Text 2173 already present in Sun DB
INSERT INTO gossip_menu (`MenuID`, `TextID`) VALUES ('1501', '2173');
INSERT INTO gossip_menu_option (`MenuID`, `OptionID`, `OptionIcon`, `OptionText`, `OptionBroadcastTextID`, `OptionType`, `OptionNpcFlag`, `ActionMenuID`, `ActionPoiID`, `BoxCoded`, `BoxMoney`, `BoxText`, `BoxBroadcastTextID`) VALUES ('1443', '0', '0', 'You can cook?  So can I!  Is there a recipe you can teach me?', '4535', '1', '1', '1501', NULL, '0', '0', '', NULL);
-- Text 2114 already present in Sun DB
INSERT INTO gossip_menu (`MenuID`, `TextID`) VALUES ('1444', '2114');
INSERT INTO gossip_menu_option (`MenuID`, `OptionID`, `OptionIcon`, `OptionText`, `OptionBroadcastTextID`, `OptionType`, `OptionNpcFlag`, `ActionMenuID`, `ActionPoiID`, `BoxCoded`, `BoxMoney`, `BoxText`, `BoxBroadcastTextID`) VALUES ('1443', '2', '0', 'You can cook?  So can I!  Is there a recipe you can teach me?', '4535', '1', '1', '1444', NULL, '0', '0', '', NULL);
-- Text 2115 already present in Sun DB
INSERT INTO gossip_menu (`MenuID`, `TextID`) VALUES ('1442', '2115');
INSERT INTO gossip_menu_option (`MenuID`, `OptionID`, `OptionIcon`, `OptionText`, `OptionBroadcastTextID`, `OptionType`, `OptionNpcFlag`, `ActionMenuID`, `ActionPoiID`, `BoxCoded`, `BoxMoney`, `BoxText`, `BoxBroadcastTextID`) VALUES ('1443', '3', '0', 'You\'re an alchemist?  So am I.  Perhaps you can teach me what you know...', '4537', '1', '1', '1442', NULL, '0', '0', '', NULL);
INSERT INTO conditions (`SourceTypeOrReferenceId`, `SourceGroup`, `SourceEntry`, `SourceId`, `ElseGroup`, `ConditionTypeOrReference`, `ConditionTarget`, `ConditionValue1`, `ConditionValue2`, `ConditionValue3`, `NegativeCondition`, `ErrorType`, `ErrorTextId`, `ScriptName`, `Comment`) VALUES ('15', '1443', '0', '0', '0', '7', '0', '185', '180', '0', '1', '0', '0', '', '(autoimported) Show Gossip only if player does not have at least 180 skill in cooking');
INSERT INTO conditions (`SourceTypeOrReferenceId`, `SourceGroup`, `SourceEntry`, `SourceId`, `ElseGroup`, `ConditionTypeOrReference`, `ConditionTarget`, `ConditionValue1`, `ConditionValue2`, `ConditionValue3`, `NegativeCondition`, `ErrorType`, `ErrorTextId`, `ScriptName`, `Comment`) VALUES ('15', '1443', '0', '0', '0', '25', '0', '13028', '0', '0', '1', '0', '0', '', '(autoimported) Show gossip option only if player does not already know goldthorn tea recipe');
INSERT INTO conditions (`SourceTypeOrReferenceId`, `SourceGroup`, `SourceEntry`, `SourceId`, `ElseGroup`, `ConditionTypeOrReference`, `ConditionTarget`, `ConditionValue1`, `ConditionValue2`, `ConditionValue3`, `NegativeCondition`, `ErrorType`, `ErrorTextId`, `ScriptName`, `Comment`) VALUES ('15', '1443', '0', '0', '0', '7', '0', '185', '1', '0', '0', '0', '0', '', '(autoimported) Show gossip option only if player has cooking');
INSERT INTO conditions (`SourceTypeOrReferenceId`, `SourceGroup`, `SourceEntry`, `SourceId`, `ElseGroup`, `ConditionTypeOrReference`, `ConditionTarget`, `ConditionValue1`, `ConditionValue2`, `ConditionValue3`, `NegativeCondition`, `ErrorType`, `ErrorTextId`, `ScriptName`, `Comment`) VALUES ('15', '1443', '1', '0', '0', '7', '0', '171', '1', '0', '0', '0', '0', '', '(autoimported) Show gossip option only if player has Alchemy');
INSERT INTO conditions (`SourceTypeOrReferenceId`, `SourceGroup`, `SourceEntry`, `SourceId`, `ElseGroup`, `ConditionTypeOrReference`, `ConditionTarget`, `ConditionValue1`, `ConditionValue2`, `ConditionValue3`, `NegativeCondition`, `ErrorType`, `ErrorTextId`, `ScriptName`, `Comment`) VALUES ('15', '1443', '1', '0', '0', '25', '0', '3451', '0', '0', '1', '0', '0', '', '(autoimported) Show gossip option only if player does not already know Major Trolls Blood Elixir');
INSERT INTO conditions (`SourceTypeOrReferenceId`, `SourceGroup`, `SourceEntry`, `SourceId`, `ElseGroup`, `ConditionTypeOrReference`, `ConditionTarget`, `ConditionValue1`, `ConditionValue2`, `ConditionValue3`, `NegativeCondition`, `ErrorType`, `ErrorTextId`, `ScriptName`, `Comment`) VALUES ('15', '1443', '1', '0', '0', '7', '0', '171', '175', '0', '1', '0', '0', '', '(autoimported) Show gossip only if player does not have at least 175 skill in Alchemy');
INSERT INTO conditions (`SourceTypeOrReferenceId`, `SourceGroup`, `SourceEntry`, `SourceId`, `ElseGroup`, `ConditionTypeOrReference`, `ConditionTarget`, `ConditionValue1`, `ConditionValue2`, `ConditionValue3`, `NegativeCondition`, `ErrorType`, `ErrorTextId`, `ScriptName`, `Comment`) VALUES ('15', '1443', '2', '0', '0', '7', '0', '185', '1', '0', '0', '0', '0', '', '(autoimported) Show gossip option only if player has cooking');
INSERT INTO conditions (`SourceTypeOrReferenceId`, `SourceGroup`, `SourceEntry`, `SourceId`, `ElseGroup`, `ConditionTypeOrReference`, `ConditionTarget`, `ConditionValue1`, `ConditionValue2`, `ConditionValue3`, `NegativeCondition`, `ErrorType`, `ErrorTextId`, `ScriptName`, `Comment`) VALUES ('15', '1443', '2', '0', '0', '25', '0', '13028', '0', '0', '1', '0', '0', '', '(autoimported) Show gossip option only if player does not already know goldthorn tea recipe');
INSERT INTO conditions (`SourceTypeOrReferenceId`, `SourceGroup`, `SourceEntry`, `SourceId`, `ElseGroup`, `ConditionTypeOrReference`, `ConditionTarget`, `ConditionValue1`, `ConditionValue2`, `ConditionValue3`, `NegativeCondition`, `ErrorType`, `ErrorTextId`, `ScriptName`, `Comment`) VALUES ('15', '1443', '2', '0', '0', '7', '0', '185', '180', '0', '0', '0', '0', '', '(autoimported) Show Gossip only if player has at least 180 skill in cooking');
INSERT INTO conditions (`SourceTypeOrReferenceId`, `SourceGroup`, `SourceEntry`, `SourceId`, `ElseGroup`, `ConditionTypeOrReference`, `ConditionTarget`, `ConditionValue1`, `ConditionValue2`, `ConditionValue3`, `NegativeCondition`, `ErrorType`, `ErrorTextId`, `ScriptName`, `Comment`) VALUES ('15', '1443', '3', '0', '0', '7', '0', '171', '1', '0', '0', '0', '0', '', '(autoimported) Show gossip option only if player has Alchemy');
INSERT INTO conditions (`SourceTypeOrReferenceId`, `SourceGroup`, `SourceEntry`, `SourceId`, `ElseGroup`, `ConditionTypeOrReference`, `ConditionTarget`, `ConditionValue1`, `ConditionValue2`, `ConditionValue3`, `NegativeCondition`, `ErrorType`, `ErrorTextId`, `ScriptName`, `Comment`) VALUES ('15', '1443', '3', '0', '0', '25', '0', '3451', '0', '0', '1', '0', '0', '', '(autoimported) Show gossip option only if player does not already know Major Trolls Blood Elixir');
INSERT INTO conditions (`SourceTypeOrReferenceId`, `SourceGroup`, `SourceEntry`, `SourceId`, `ElseGroup`, `ConditionTypeOrReference`, `ConditionTarget`, `ConditionValue1`, `ConditionValue2`, `ConditionValue3`, `NegativeCondition`, `ErrorType`, `ErrorTextId`, `ScriptName`, `Comment`) VALUES ('15', '1443', '3', '0', '0', '7', '0', '171', '175', '0', '0', '0', '0', '', '(autoimported) Show gossip only if player has at least 175 skill in Alchemy');
-- Menu 1443 is already imported
INSERT INTO smart_scripts (`entryorguid`, `source_type`, `id`, `link`, `event_type`, `event_phase_mask`, `event_chance`, `event_flags`, `event_param1`, `event_param2`, `event_param3`, `event_param4`, `event_param5`, `action_type`, `action_param1`, `action_param2`, `action_param3`, `action_param4`, `action_param5`, `action_param6`, `target_type`, `target_param1`, `target_param2`, `target_param3`, `target_param4`, `target_x`, `target_y`, `target_z`, `target_o`, `comment`) VALUES ('8696', '0', '3', '0', '1', '2', '100', '1', '3000', '3000', '0', '0', '0', '1', '0', '0', '0', '0', '0', '0', '12', '1', '0', '0', '0', '0', '0', '0', '0', 'Henry Stern - OOC (Phase 2) - Say (No Repeat)'), ('8696', '0', '2', '0', '38', '0', '100', '512', '1', '1', '0', '0', '0', '22', '2', '0', '0', '0', '0', '0', '1', '0', '0', '0', '0', '0', '0', '0', '0', 'Henry Stern - On Data Set 1 1 - Set Phase 2'), ('8696', '0', '1', '0', '62', '0', '100', '0', '1443', '3', '0', '0', '0', '85', '13030', '0', '0', '0', '0', '0', '7', '0', '0', '0', '0', '0', '0', '0', '0', 'Henry Stern - On Gossip Select - Cast Spell Major Trolls Blood Potion'), ('8696', '0', '0', '0', '62', '0', '100', '0', '1443', '2', '0', '0', '0', '85', '13029', '0', '0', '0', '0', '0', '7', '0', '0', '0', '0', '0', '0', '0', '0', 'Henry Stern - On Gossip Select - Cast Spell Goldthorn Tea');
-- Menu 1443 is already imported
UPDATE creature_template SET npcflag = (npcflag | 1), gossip_menu_id = 1443 WHERE entry = 8696;


-- Importing creature gossip with entry 9021 (Kharan Mighthammer) with import type SMART
UPDATE creature_template SET ScriptName = '', AIName = 'SmartAI' WHERE entry = 9021;
DELETE FROM smart_scripts WHERE entryorguid = 9021 AND source_type = 0;
DELETE FROM creature_text WHERE CreatureID = 9021;
INSERT INTO creature_text (`CreatureID`, `GroupID`, `ID`, `Text`, `Type`, `Language`, `Probability`, `Emote`, `Duration`, `Sound`, `BroadcastTextId`, `TextRange`, `comment`) VALUES ('9021', '0', '0', 'Key... get the key... Gerstahn has... key.', '12', '0', '100', '0', '0', '0', '4723', '0', 'Kharan Mighthammer');
INSERT INTO creature_text (`CreatureID`, `GroupID`, `ID`, `Text`, `Type`, `Language`, `Probability`, `Emote`, `Duration`, `Sound`, `BroadcastTextId`, `TextRange`, `comment`) VALUES ('9021', '0', '1', 'Try and make yourself useful, $r. GET ME OUT OF HERE! The High Interrogator has the key.', '12', '0', '100', '0', '0', '0', '4724', '0', 'Kharan Mighthammer');
INSERT INTO creature_text (`CreatureID`, `GroupID`, `ID`, `Text`, `Type`, `Language`, `Probability`, `Emote`, `Duration`, `Sound`, `BroadcastTextId`, `TextRange`, `comment`) VALUES ('9021', '0', '2', 'HEY! HEY YOU! $R! Get me out of here!', '12', '0', '100', '0', '0', '0', '4725', '0', 'Kharan Mighthammer');
INSERT INTO creature_text (`CreatureID`, `GroupID`, `ID`, `Text`, `Type`, `Language`, `Probability`, `Emote`, `Duration`, `Sound`, `BroadcastTextId`, `TextRange`, `comment`) VALUES ('9021', '0', '3', '%s groans.', '16', '0', '100', '0', '0', '0', '4726', '0', 'Kharan Mighthammer');
INSERT INTO gossip_text (`ID`, `comment`, `text0_0`, `text0_1`, `BroadcastTextID0`, `lang0`, `Probability0`, `em0_0`, `em0_1`, `em0_2`, `em0_3`, `em0_4`, `em0_5`, `text1_0`, `text1_1`, `BroadcastTextID1`, `lang1`, `Probability1`, `em1_0`, `em1_1`, `em1_2`, `em1_3`, `em1_4`, `em1_5`, `text2_0`, `text2_1`, `BroadcastTextID2`, `lang2`, `Probability2`, `em2_0`, `em2_1`, `em2_2`, `em2_3`, `em2_4`, `em2_5`, `text3_0`, `text3_1`, `BroadcastTextID3`, `lang3`, `Probability3`, `em3_0`, `em3_1`, `em3_2`, `em3_3`, `em3_4`, `em3_5`, `text4_0`, `text4_1`, `BroadcastTextID4`, `lang4`, `Probability4`, `em4_0`, `em4_1`, `em4_2`, `em4_3`, `em4_4`, `em4_5`, `text5_0`, `text5_1`, `BroadcastTextID5`, `lang5`, `Probability5`, `em5_0`, `em5_1`, `em5_2`, `em5_3`, `em5_4`, `em5_5`, `text6_0`, `text6_1`, `BroadcastTextID6`, `lang6`, `Probability6`, `em6_0`, `em6_1`, `em6_2`, `em6_3`, `em6_4`, `em6_5`, `text7_0`, `text7_1`, `BroadcastTextID7`, `lang7`, `Probability7`, `em7_0`, `em7_1`, `em7_2`, `em7_3`, `em7_4`, `em7_5`) VALUES ('1872293', 'Imported from TC', 'She now resides at the side of Emperor Thaurissan. He has her under some sort of powerful thought altering spell... and here I sit, completely helpless.$B', '', '4749', '0', '1', '0', '1', '0', '1', '0', '0', '', '', NULL, '0', '0', '0', '0', '0', '0', '0', '0', '', '', NULL, '0', '0', '0', '0', '0', '0', '0', '0', '', '', NULL, '0', '0', '0', '0', '0', '0', '0', '0', '', '', NULL, '0', '0', '0', '0', '0', '0', '0', '0', '', '', NULL, '0', '0', '0', '0', '0', '0', '0', '0', '', '', NULL, '0', '0', '0', '0', '0', '0', '0', '0', '', '', NULL, '0', '0', '0', '0', '0', '0', '0', '0');
INSERT INTO gossip_menu (`MenuID`, `TextID`) VALUES ('1823', '1872293');
INSERT INTO gossip_menu_option (`MenuID`, `OptionID`, `OptionIcon`, `OptionText`, `OptionBroadcastTextID`, `OptionType`, `OptionNpcFlag`, `ActionMenuID`, `ActionPoiID`, `BoxCoded`, `BoxMoney`, `BoxText`, `BoxBroadcastTextID`) VALUES ('1823', '0', '0', 'The door is open, Kharan. You are a free man.', '5257', '1', '1', NULL, NULL, '0', '0', '', NULL);
-- Text 2482 is already imported as 1872293
INSERT INTO gossip_menu (`MenuID`, `TextID`) VALUES ('1839', '1872293');
INSERT INTO gossip_menu_option (`MenuID`, `OptionID`, `OptionIcon`, `OptionText`, `OptionBroadcastTextID`, `OptionType`, `OptionNpcFlag`, `ActionMenuID`, `ActionPoiID`, `BoxCoded`, `BoxMoney`, `BoxText`, `BoxBroadcastTextID`) VALUES ('1839', '0', '0', 'If it\'s any consolation, I\'ll be leaving the cell door open. How you get out is your problem. Good bye, Kharan.', '4750', '1', '1', NULL, NULL, '0', '0', '', NULL);
INSERT INTO smart_scripts (`entryorguid`, `source_type`, `id`, `link`, `event_type`, `event_phase_mask`, `event_chance`, `event_flags`, `event_param1`, `event_param2`, `event_param3`, `event_param4`, `event_param5`, `action_type`, `action_param1`, `action_param2`, `action_param3`, `action_param4`, `action_param5`, `action_param6`, `target_type`, `target_param1`, `target_param2`, `target_param3`, `target_param4`, `target_x`, `target_y`, `target_z`, `target_o`, `comment`) VALUES ('9021', '0', '0', '0', '10', '0', '100', '0', '1', '20', '40000', '60000', '1', '1', '0', '3000', '0', '0', '0', '0', '7', '0', '0', '0', '0', '0', '0', '0', '0', 'Kharan Mighthammer - Within 0-20 Range Out of Combat LoS - Say Line 0'), ('9021', '0', '1', '2', '62', '0', '100', '512', '1823', '0', '0', '0', '0', '72', '0', '0', '0', '0', '0', '0', '7', '0', '0', '0', '0', '0', '0', '0', '0', 'Kharan Mighthammer - on Gossip option 0 selected - Close Gossip'), ('9021', '0', '2', '0', '61', '0', '100', '512', '0', '0', '0', '0', '0', '15', '4342', '0', '0', '0', '0', '0', '7', '0', '0', '0', '0', '0', '0', '0', '0', 'Kharan Mighthammer - on Gossip option 0 selected - Quest Credit \'Kharan\'s Tale\''), ('9021', '0', '3', '4', '62', '0', '100', '512', '1839', '0', '0', '0', '0', '72', '0', '0', '0', '0', '0', '0', '7', '0', '0', '0', '0', '0', '0', '0', '0', 'Kharan Mighthammer - on Gossip option 0 selected - Close Gossip'), ('9021', '0', '4', '0', '61', '0', '100', '512', '0', '0', '0', '0', '0', '15', '4001', '0', '0', '0', '0', '0', '7', '0', '0', '0', '0', '0', '0', '0', '0', 'Kharan Mighthammer - on Gossip option 0 selected - Credit Quest \'What Is Going On?\'');
-- Text 2474 already present in Sun DB
INSERT INTO conditions (`SourceTypeOrReferenceId`, `SourceGroup`, `SourceEntry`, `SourceId`, `ElseGroup`, `ConditionTypeOrReference`, `ConditionTarget`, `ConditionValue1`, `ConditionValue2`, `ConditionValue3`, `NegativeCondition`, `ErrorType`, `ErrorTextId`, `ScriptName`, `Comment`) VALUES ('14', '1822', '2474', '0', '0', '6', '0', '469', '0', '0', '0', '0', '0', '', '(autoimported) Show gossip text 2474 if player is Alliance');
INSERT INTO gossip_menu (`MenuID`, `TextID`) VALUES ('1822', '2474');
-- Text 2473 already present in Sun DB
INSERT INTO conditions (`SourceTypeOrReferenceId`, `SourceGroup`, `SourceEntry`, `SourceId`, `ElseGroup`, `ConditionTypeOrReference`, `ConditionTarget`, `ConditionValue1`, `ConditionValue2`, `ConditionValue3`, `NegativeCondition`, `ErrorType`, `ErrorTextId`, `ScriptName`, `Comment`) VALUES ('14', '1822', '2473', '0', '0', '6', '0', '67', '0', '0', '0', '0', '0', '', '(autoimported) Show gossip text 2473 if player is Horde');
INSERT INTO gossip_menu (`MenuID`, `TextID`) VALUES ('1822', '2473');
-- Text 2477 already present in Sun DB
INSERT INTO gossip_menu (`MenuID`, `TextID`) VALUES ('1828', '2477');
-- Text 2478 already present in Sun DB
INSERT INTO gossip_menu (`MenuID`, `TextID`) VALUES ('1827', '2478');
-- Text 2479 already present in Sun DB
INSERT INTO gossip_menu (`MenuID`, `TextID`) VALUES ('1826', '2479');
-- Text 2480 already present in Sun DB
INSERT INTO gossip_menu (`MenuID`, `TextID`) VALUES ('1825', '2480');
-- Text 2481 already present in Sun DB
INSERT INTO gossip_menu (`MenuID`, `TextID`) VALUES ('1824', '2481');
-- Menu 1823 is already imported
INSERT INTO gossip_menu_option (`MenuID`, `OptionID`, `OptionIcon`, `OptionText`, `OptionBroadcastTextID`, `OptionType`, `OptionNpcFlag`, `ActionMenuID`, `ActionPoiID`, `BoxCoded`, `BoxMoney`, `BoxText`, `BoxBroadcastTextID`) VALUES ('1824', '0', '0', 'Indeed.', '4748', '1', '1', '1823', NULL, '0', '0', '', NULL);
INSERT INTO gossip_menu_option (`MenuID`, `OptionID`, `OptionIcon`, `OptionText`, `OptionBroadcastTextID`, `OptionType`, `OptionNpcFlag`, `ActionMenuID`, `ActionPoiID`, `BoxCoded`, `BoxMoney`, `BoxText`, `BoxBroadcastTextID`) VALUES ('1825', '0', '0', 'Continue with your story please.', '4746', '1', '1', '1824', NULL, '0', '0', '', NULL);
INSERT INTO gossip_menu_option (`MenuID`, `OptionID`, `OptionIcon`, `OptionText`, `OptionBroadcastTextID`, `OptionType`, `OptionNpcFlag`, `ActionMenuID`, `ActionPoiID`, `BoxCoded`, `BoxMoney`, `BoxText`, `BoxBroadcastTextID`) VALUES ('1826', '0', '0', 'So you suspect that someone on the inside was involved? That they were tipped off?', '4744', '1', '1', '1825', NULL, '0', '0', '', NULL);
INSERT INTO gossip_menu_option (`MenuID`, `OptionID`, `OptionIcon`, `OptionText`, `OptionBroadcastTextID`, `OptionType`, `OptionNpcFlag`, `ActionMenuID`, `ActionPoiID`, `BoxCoded`, `BoxMoney`, `BoxText`, `BoxBroadcastTextID`) VALUES ('1827', '0', '0', 'So what happened?', '4742', '1', '1', '1826', NULL, '0', '0', '', NULL);
INSERT INTO gossip_menu_option (`MenuID`, `OptionID`, `OptionIcon`, `OptionText`, `OptionBroadcastTextID`, `OptionType`, `OptionNpcFlag`, `ActionMenuID`, `ActionPoiID`, `BoxCoded`, `BoxMoney`, `BoxText`, `BoxBroadcastTextID`) VALUES ('1828', '1', '0', 'Continue...', '5256', '1', '1', '1827', NULL, '0', '0', '', NULL);
INSERT INTO gossip_menu_option (`MenuID`, `OptionID`, `OptionIcon`, `OptionText`, `OptionBroadcastTextID`, `OptionType`, `OptionNpcFlag`, `ActionMenuID`, `ActionPoiID`, `BoxCoded`, `BoxMoney`, `BoxText`, `BoxBroadcastTextID`) VALUES ('1822', '0', '0', 'All is not lost, Kharan!', '4734', '1', '1', '1828', NULL, '0', '0', '', NULL);
-- Text 2474 is already imported
INSERT INTO gossip_menu (`MenuID`, `TextID`) VALUES ('1831', '2474');
INSERT INTO gossip_text (`ID`, `comment`, `text0_0`, `text0_1`, `BroadcastTextID0`, `lang0`, `Probability0`, `em0_0`, `em0_1`, `em0_2`, `em0_3`, `em0_4`, `em0_5`, `text1_0`, `text1_1`, `BroadcastTextID1`, `lang1`, `Probability1`, `em1_0`, `em1_1`, `em1_2`, `em1_3`, `em1_4`, `em1_5`, `text2_0`, `text2_1`, `BroadcastTextID2`, `lang2`, `Probability2`, `em2_0`, `em2_1`, `em2_2`, `em2_3`, `em2_4`, `em2_5`, `text3_0`, `text3_1`, `BroadcastTextID3`, `lang3`, `Probability3`, `em3_0`, `em3_1`, `em3_2`, `em3_3`, `em3_4`, `em3_5`, `text4_0`, `text4_1`, `BroadcastTextID4`, `lang4`, `Probability4`, `em4_0`, `em4_1`, `em4_2`, `em4_3`, `em4_4`, `em4_5`, `text5_0`, `text5_1`, `BroadcastTextID5`, `lang5`, `Probability5`, `em5_0`, `em5_1`, `em5_2`, `em5_3`, `em5_4`, `em5_5`, `text6_0`, `text6_1`, `BroadcastTextID6`, `lang6`, `Probability6`, `em6_0`, `em6_1`, `em6_2`, `em6_3`, `em6_4`, `em6_5`, `text7_0`, `text7_1`, `BroadcastTextID7`, `lang7`, `Probability7`, `em7_0`, `em7_1`, `em7_2`, `em7_3`, `em7_4`, `em7_5`) VALUES ('1872294', 'Imported from TC', 'Do I look stupid to you, $r? I may as well sign her death warrant myself! Why should I trust you?$B', '', '4735', '0', '1', '0', '26', '0', '5', '0', '6', '', '', NULL, '0', '0', '0', '0', '0', '0', '0', '0', '', '', NULL, '0', '0', '0', '0', '0', '0', '0', '0', '', '', NULL, '0', '0', '0', '0', '0', '0', '0', '0', '', '', NULL, '0', '0', '0', '0', '0', '0', '0', '0', '', '', NULL, '0', '0', '0', '0', '0', '0', '0', '0', '', '', NULL, '0', '0', '0', '0', '0', '0', '0', '0', '', '', NULL, '0', '0', '0', '0', '0', '0', '0', '0');
INSERT INTO gossip_menu (`MenuID`, `TextID`) VALUES ('1832', '1872294');
-- Text 2476 already present in Sun DB
INSERT INTO gossip_menu (`MenuID`, `TextID`) VALUES ('1833', '2476');
-- Text 2477 is already imported
INSERT INTO gossip_menu (`MenuID`, `TextID`) VALUES ('1834', '2477');
-- Text 2478 is already imported
INSERT INTO gossip_menu (`MenuID`, `TextID`) VALUES ('1835', '2478');
-- Text 2479 is already imported
INSERT INTO gossip_menu (`MenuID`, `TextID`) VALUES ('1836', '2479');
-- Text 2480 is already imported
INSERT INTO gossip_menu (`MenuID`, `TextID`) VALUES ('1837', '2480');
-- Text 2481 is already imported
INSERT INTO gossip_menu (`MenuID`, `TextID`) VALUES ('1838', '2481');
-- Menu 1839 is already imported
INSERT INTO gossip_menu_option (`MenuID`, `OptionID`, `OptionIcon`, `OptionText`, `OptionBroadcastTextID`, `OptionType`, `OptionNpcFlag`, `ActionMenuID`, `ActionPoiID`, `BoxCoded`, `BoxMoney`, `BoxText`, `BoxBroadcastTextID`) VALUES ('1838', '0', '0', 'Indeed.', '4748', '1', '1', '1839', NULL, '0', '0', '', NULL);
INSERT INTO gossip_menu_option (`MenuID`, `OptionID`, `OptionIcon`, `OptionText`, `OptionBroadcastTextID`, `OptionType`, `OptionNpcFlag`, `ActionMenuID`, `ActionPoiID`, `BoxCoded`, `BoxMoney`, `BoxText`, `BoxBroadcastTextID`) VALUES ('1837', '0', '0', 'Continue with your story please.', '4746', '1', '1', '1838', NULL, '0', '0', '', NULL);
INSERT INTO gossip_menu_option (`MenuID`, `OptionID`, `OptionIcon`, `OptionText`, `OptionBroadcastTextID`, `OptionType`, `OptionNpcFlag`, `ActionMenuID`, `ActionPoiID`, `BoxCoded`, `BoxMoney`, `BoxText`, `BoxBroadcastTextID`) VALUES ('1836', '0', '0', 'So you suspect that someone on the inside was involved? That they were tipped off?', '4744', '1', '1', '1837', NULL, '0', '0', '', NULL);
INSERT INTO gossip_menu_option (`MenuID`, `OptionID`, `OptionIcon`, `OptionText`, `OptionBroadcastTextID`, `OptionType`, `OptionNpcFlag`, `ActionMenuID`, `ActionPoiID`, `BoxCoded`, `BoxMoney`, `BoxText`, `BoxBroadcastTextID`) VALUES ('1835', '0', '0', 'So what happened?', '4742', '1', '1', '1836', NULL, '0', '0', '', NULL);
INSERT INTO gossip_menu_option (`MenuID`, `OptionID`, `OptionIcon`, `OptionText`, `OptionBroadcastTextID`, `OptionType`, `OptionNpcFlag`, `ActionMenuID`, `ActionPoiID`, `BoxCoded`, `BoxMoney`, `BoxText`, `BoxBroadcastTextID`) VALUES ('1834', '0', '0', 'Which would explain why you\'re sitting in a jail cell at the bottom of a mountain, right, dwarf?', '4740', '1', '1', '1835', NULL, '0', '0', '', NULL);
INSERT INTO gossip_menu_option (`MenuID`, `OptionID`, `OptionIcon`, `OptionText`, `OptionBroadcastTextID`, `OptionType`, `OptionNpcFlag`, `ActionMenuID`, `ActionPoiID`, `BoxCoded`, `BoxMoney`, `BoxText`, `BoxBroadcastTextID`) VALUES ('1833', '0', '0', 'Nothing. My orders were to speak with you and then speak with Thrall. All I know is that Thrall is interested in saving your princess.', '4738', '1', '1', '1834', NULL, '0', '0', '', NULL);
INSERT INTO gossip_menu_option (`MenuID`, `OptionID`, `OptionIcon`, `OptionText`, `OptionBroadcastTextID`, `OptionType`, `OptionNpcFlag`, `ActionMenuID`, `ActionPoiID`, `BoxCoded`, `BoxMoney`, `BoxText`, `BoxBroadcastTextID`) VALUES ('1832', '0', '0', 'Because you are still alive and my hands aren\'t gripped firmly around your stubby little neck.', '4736', '1', '1', '1833', NULL, '0', '0', '', NULL);
INSERT INTO gossip_menu_option (`MenuID`, `OptionID`, `OptionIcon`, `OptionText`, `OptionBroadcastTextID`, `OptionType`, `OptionNpcFlag`, `ActionMenuID`, `ActionPoiID`, `BoxCoded`, `BoxMoney`, `BoxText`, `BoxBroadcastTextID`) VALUES ('1831', '0', '0', 'All is not lost, Kharan!', '4734', '1', '1', '1832', NULL, '0', '0', '', NULL);
INSERT INTO gossip_menu_option (`MenuID`, `OptionID`, `OptionIcon`, `OptionText`, `OptionBroadcastTextID`, `OptionType`, `OptionNpcFlag`, `ActionMenuID`, `ActionPoiID`, `BoxCoded`, `BoxMoney`, `BoxText`, `BoxBroadcastTextID`) VALUES ('1822', '1', '0', 'I am not here to harm you, Kharan. Gor\'shak sent me. He told me that you would speak to me about the Princess.', '4732', '1', '1', '1831', NULL, '0', '0', '', NULL);
INSERT INTO conditions (`SourceTypeOrReferenceId`, `SourceGroup`, `SourceEntry`, `SourceId`, `ElseGroup`, `ConditionTypeOrReference`, `ConditionTarget`, `ConditionValue1`, `ConditionValue2`, `ConditionValue3`, `NegativeCondition`, `ErrorType`, `ErrorTextId`, `ScriptName`, `Comment`) VALUES ('15', '1822', '1', '0', '0', '9', '0', '4001', '0', '0', '0', '0', '0', '', '(autoimported) Show gossip menu 1822 option id 1 if quest \'What Is Going On?\' has been taken.');
INSERT INTO conditions (`SourceTypeOrReferenceId`, `SourceGroup`, `SourceEntry`, `SourceId`, `ElseGroup`, `ConditionTypeOrReference`, `ConditionTarget`, `ConditionValue1`, `ConditionValue2`, `ConditionValue3`, `NegativeCondition`, `ErrorType`, `ErrorTextId`, `ScriptName`, `Comment`) VALUES ('15', '1822', '0', '0', '0', '9', '0', '4342', '0', '0', '0', '0', '0', '', '(autoimported) Show gossip menu 1822 option id 0 if quest \'Kharan\'s Tale\' has been taken.');
UPDATE creature_template SET npcflag = (npcflag | 1), gossip_menu_id = 1822 WHERE entry = 9021;


-- Importing creature gossip with entry 3296 (Orgrimmar Grunt) with import type GOSSIP
INSERT INTO gossip_text (`ID`, `comment`, `text0_0`, `text0_1`, `BroadcastTextID0`, `lang0`, `Probability0`, `em0_0`, `em0_1`, `em0_2`, `em0_3`, `em0_4`, `em0_5`, `text1_0`, `text1_1`, `BroadcastTextID1`, `lang1`, `Probability1`, `em1_0`, `em1_1`, `em1_2`, `em1_3`, `em1_4`, `em1_5`, `text2_0`, `text2_1`, `BroadcastTextID2`, `lang2`, `Probability2`, `em2_0`, `em2_1`, `em2_2`, `em2_3`, `em2_4`, `em2_5`, `text3_0`, `text3_1`, `BroadcastTextID3`, `lang3`, `Probability3`, `em3_0`, `em3_1`, `em3_2`, `em3_3`, `em3_4`, `em3_5`, `text4_0`, `text4_1`, `BroadcastTextID4`, `lang4`, `Probability4`, `em4_0`, `em4_1`, `em4_2`, `em4_3`, `em4_4`, `em4_5`, `text5_0`, `text5_1`, `BroadcastTextID5`, `lang5`, `Probability5`, `em5_0`, `em5_1`, `em5_2`, `em5_3`, `em5_4`, `em5_5`, `text6_0`, `text6_1`, `BroadcastTextID6`, `lang6`, `Probability6`, `em6_0`, `em6_1`, `em6_2`, `em6_3`, `em6_4`, `em6_5`, `text7_0`, `text7_1`, `BroadcastTextID7`, `lang7`, `Probability7`, `em7_0`, `em7_1`, `em7_2`, `em7_3`, `em7_4`, `em7_5`) VALUES ('1872295', 'Imported from TC', 'What are you looking for?', 'What are you looking for?', '21585', '1', '100', '0', '0', '0', '0', '0', '0', '', '', NULL, '0', '0', '0', '0', '0', '0', '0', '0', '', '', NULL, '0', '0', '0', '0', '0', '0', '0', '0', '', '', NULL, '0', '0', '0', '0', '0', '0', '0', '0', '', '', NULL, '0', '0', '0', '0', '0', '0', '0', '0', '', '', NULL, '0', '0', '0', '0', '0', '0', '0', '0', '', '', NULL, '0', '0', '0', '0', '0', '0', '0', '0', '', '', NULL, '0', '0', '0', '0', '0', '0', '0', '0');
INSERT INTO gossip_menu (`MenuID`, `TextID`) VALUES ('1951', '1872295');
INSERT INTO gossip_text (`ID`, `comment`, `text0_0`, `text0_1`, `BroadcastTextID0`, `lang0`, `Probability0`, `em0_0`, `em0_1`, `em0_2`, `em0_3`, `em0_4`, `em0_5`, `text1_0`, `text1_1`, `BroadcastTextID1`, `lang1`, `Probability1`, `em1_0`, `em1_1`, `em1_2`, `em1_3`, `em1_4`, `em1_5`, `text2_0`, `text2_1`, `BroadcastTextID2`, `lang2`, `Probability2`, `em2_0`, `em2_1`, `em2_2`, `em2_3`, `em2_4`, `em2_5`, `text3_0`, `text3_1`, `BroadcastTextID3`, `lang3`, `Probability3`, `em3_0`, `em3_1`, `em3_2`, `em3_3`, `em3_4`, `em3_5`, `text4_0`, `text4_1`, `BroadcastTextID4`, `lang4`, `Probability4`, `em4_0`, `em4_1`, `em4_2`, `em4_3`, `em4_4`, `em4_5`, `text5_0`, `text5_1`, `BroadcastTextID5`, `lang5`, `Probability5`, `em5_0`, `em5_1`, `em5_2`, `em5_3`, `em5_4`, `em5_5`, `text6_0`, `text6_1`, `BroadcastTextID6`, `lang6`, `Probability6`, `em6_0`, `em6_1`, `em6_2`, `em6_3`, `em6_4`, `em6_5`, `text7_0`, `text7_1`, `BroadcastTextID7`, `lang7`, `Probability7`, `em7_0`, `em7_1`, `em7_2`, `em7_3`, `em7_4`, `em7_5`) VALUES ('1872296', 'Imported from TC', 'The Bank of Orgrimmar is in the Valley of Strength. Look for it north of the main entrance to the city.', 'The Bank of Orgrimmar is in the Valley of Strength. Look for it north of the main entrance to the city.', '4795', '1', '80', '0', '0', '0', '0', '0', '0', 'Go to the Valley of Strength and look for the Bank of Orgrimmar to the south of the Sky Tower.', 'Go to the Valley of Strength and look for the Bank of Orgrimmar to the south of the Sky Tower.', '4796', '1', '20', '0', '0', '0', '0', '0', '0', '', '', NULL, '0', '0', '0', '0', '0', '0', '0', '0', '', '', NULL, '0', '0', '0', '0', '0', '0', '0', '0', '', '', NULL, '0', '0', '0', '0', '0', '0', '0', '0', '', '', NULL, '0', '0', '0', '0', '0', '0', '0', '0', '', '', NULL, '0', '0', '0', '0', '0', '0', '0', '0', '', '', NULL, '0', '0', '0', '0', '0', '0', '0', '0');
INSERT INTO gossip_menu (`MenuID`, `TextID`) VALUES ('1901', '1872296');
INSERT INTO points_of_interest (`ID`, `PositionX`, `PositionY`, `Icon`, `Flags`, `Importance`, `Name`, `VerifiedBuild`) VALUES ('176', '1631', '-4375.33', '6', '99', '0', 'Bank of Orgrimmar', '0');
INSERT INTO gossip_menu_option (`MenuID`, `OptionID`, `OptionIcon`, `OptionText`, `OptionBroadcastTextID`, `OptionType`, `OptionNpcFlag`, `ActionMenuID`, `ActionPoiID`, `BoxCoded`, `BoxMoney`, `BoxText`, `BoxBroadcastTextID`) VALUES ('1951', '0', '0', 'The bank', '7066', '1', '1', '1901', '176', '0', '0', '', NULL);
INSERT INTO gossip_text (`ID`, `comment`, `text0_0`, `text0_1`, `BroadcastTextID0`, `lang0`, `Probability0`, `em0_0`, `em0_1`, `em0_2`, `em0_3`, `em0_4`, `em0_5`, `text1_0`, `text1_1`, `BroadcastTextID1`, `lang1`, `Probability1`, `em1_0`, `em1_1`, `em1_2`, `em1_3`, `em1_4`, `em1_5`, `text2_0`, `text2_1`, `BroadcastTextID2`, `lang2`, `Probability2`, `em2_0`, `em2_1`, `em2_2`, `em2_3`, `em2_4`, `em2_5`, `text3_0`, `text3_1`, `BroadcastTextID3`, `lang3`, `Probability3`, `em3_0`, `em3_1`, `em3_2`, `em3_3`, `em3_4`, `em3_5`, `text4_0`, `text4_1`, `BroadcastTextID4`, `lang4`, `Probability4`, `em4_0`, `em4_1`, `em4_2`, `em4_3`, `em4_4`, `em4_5`, `text5_0`, `text5_1`, `BroadcastTextID5`, `lang5`, `Probability5`, `em5_0`, `em5_1`, `em5_2`, `em5_3`, `em5_4`, `em5_5`, `text6_0`, `text6_1`, `BroadcastTextID6`, `lang6`, `Probability6`, `em6_0`, `em6_1`, `em6_2`, `em6_3`, `em6_4`, `em6_5`, `text7_0`, `text7_1`, `BroadcastTextID7`, `lang7`, `Probability7`, `em7_0`, `em7_1`, `em7_2`, `em7_3`, `em7_4`, `em7_5`) VALUES ('1872297', 'Imported from TC', 'Find the Wind Rider Master at the top of The Sky Tower in the Valley of Strength. Doras will make sure you find your way to the battle you seek.', 'Find the Wind Rider Master at the top of The Sky Tower in the Valley of Strength. Doras will make sure you find your way to the battle you seek.', '4797', '1', '80', '0', '0', '0', '0', '0', '0', 'Where did you think the Wind Rider Master would be?  Head to the top of The Sky Tower in the Valley of Strength!', 'Where did you think the Wind Rider Master would be?  Head to the top of The Sky Tower in the Valley of Strength!', '4798', '1', '20', '0', '0', '0', '0', '0', '0', '', '', NULL, '0', '0', '0', '0', '0', '0', '0', '0', '', '', NULL, '0', '0', '0', '0', '0', '0', '0', '0', '', '', NULL, '0', '0', '0', '0', '0', '0', '0', '0', '', '', NULL, '0', '0', '0', '0', '0', '0', '0', '0', '', '', NULL, '0', '0', '0', '0', '0', '0', '0', '0', '', '', NULL, '0', '0', '0', '0', '0', '0', '0', '0');
INSERT INTO gossip_menu (`MenuID`, `TextID`) VALUES ('1902', '1872297');
INSERT INTO points_of_interest (`ID`, `PositionX`, `PositionY`, `Icon`, `Flags`, `Importance`, `Name`, `VerifiedBuild`) VALUES ('177', '1676', '-4332.72', '6', '99', '0', 'The Sky Tower', '0');
INSERT INTO gossip_menu_option (`MenuID`, `OptionID`, `OptionIcon`, `OptionText`, `OptionBroadcastTextID`, `OptionType`, `OptionNpcFlag`, `ActionMenuID`, `ActionPoiID`, `BoxCoded`, `BoxMoney`, `BoxText`, `BoxBroadcastTextID`) VALUES ('1951', '1', '0', 'The wind rider master', '6720', '1', '1', '1902', '177', '0', '0', '', NULL);
INSERT INTO gossip_text (`ID`, `comment`, `text0_0`, `text0_1`, `BroadcastTextID0`, `lang0`, `Probability0`, `em0_0`, `em0_1`, `em0_2`, `em0_3`, `em0_4`, `em0_5`, `text1_0`, `text1_1`, `BroadcastTextID1`, `lang1`, `Probability1`, `em1_0`, `em1_1`, `em1_2`, `em1_3`, `em1_4`, `em1_5`, `text2_0`, `text2_1`, `BroadcastTextID2`, `lang2`, `Probability2`, `em2_0`, `em2_1`, `em2_2`, `em2_3`, `em2_4`, `em2_5`, `text3_0`, `text3_1`, `BroadcastTextID3`, `lang3`, `Probability3`, `em3_0`, `em3_1`, `em3_2`, `em3_3`, `em3_4`, `em3_5`, `text4_0`, `text4_1`, `BroadcastTextID4`, `lang4`, `Probability4`, `em4_0`, `em4_1`, `em4_2`, `em4_3`, `em4_4`, `em4_5`, `text5_0`, `text5_1`, `BroadcastTextID5`, `lang5`, `Probability5`, `em5_0`, `em5_1`, `em5_2`, `em5_3`, `em5_4`, `em5_5`, `text6_0`, `text6_1`, `BroadcastTextID6`, `lang6`, `Probability6`, `em6_0`, `em6_1`, `em6_2`, `em6_3`, `em6_4`, `em6_5`, `text7_0`, `text7_1`, `BroadcastTextID7`, `lang7`, `Probability7`, `em7_0`, `em7_1`, `em7_2`, `em7_3`, `em7_4`, `em7_5`) VALUES ('1872298', 'Imported from TC', 'You\'re looking for Urtrun Clanbringer in the Horde Embassy.  Find it on the west side of the Valley of Strength.', 'You\'re looking for Urtrun Clanbringer in the Horde Embassy.  Find it on the west side of the Valley of Strength.', '4799', '1', '80', '0', '0', '0', '0', '0', '0', 'The Horde Embassy is in the Valley of Strength on the west side.', 'The Horde Embassy is in the Valley of Strength on the west side.', '4800', '1', '20', '0', '0', '0', '0', '0', '0', '', '', NULL, '0', '0', '0', '0', '0', '0', '0', '0', '', '', NULL, '0', '0', '0', '0', '0', '0', '0', '0', '', '', NULL, '0', '0', '0', '0', '0', '0', '0', '0', '', '', NULL, '0', '0', '0', '0', '0', '0', '0', '0', '', '', NULL, '0', '0', '0', '0', '0', '0', '0', '0', '', '', NULL, '0', '0', '0', '0', '0', '0', '0', '0');
INSERT INTO gossip_menu (`MenuID`, `TextID`) VALUES ('1903', '1872298');
INSERT INTO points_of_interest (`ID`, `PositionX`, `PositionY`, `Icon`, `Flags`, `Importance`, `Name`, `VerifiedBuild`) VALUES ('178', '1576', '-4294.75', '6', '99', '0', 'Horde Embassy', '0');
INSERT INTO gossip_menu_option (`MenuID`, `OptionID`, `OptionIcon`, `OptionText`, `OptionBroadcastTextID`, `OptionType`, `OptionNpcFlag`, `ActionMenuID`, `ActionPoiID`, `BoxCoded`, `BoxMoney`, `BoxText`, `BoxBroadcastTextID`) VALUES ('1951', '2', '0', 'The guild master', '2870', '1', '1', '1903', '178', '0', '0', '', NULL);
INSERT INTO gossip_text (`ID`, `comment`, `text0_0`, `text0_1`, `BroadcastTextID0`, `lang0`, `Probability0`, `em0_0`, `em0_1`, `em0_2`, `em0_3`, `em0_4`, `em0_5`, `text1_0`, `text1_1`, `BroadcastTextID1`, `lang1`, `Probability1`, `em1_0`, `em1_1`, `em1_2`, `em1_3`, `em1_4`, `em1_5`, `text2_0`, `text2_1`, `BroadcastTextID2`, `lang2`, `Probability2`, `em2_0`, `em2_1`, `em2_2`, `em2_3`, `em2_4`, `em2_5`, `text3_0`, `text3_1`, `BroadcastTextID3`, `lang3`, `Probability3`, `em3_0`, `em3_1`, `em3_2`, `em3_3`, `em3_4`, `em3_5`, `text4_0`, `text4_1`, `BroadcastTextID4`, `lang4`, `Probability4`, `em4_0`, `em4_1`, `em4_2`, `em4_3`, `em4_4`, `em4_5`, `text5_0`, `text5_1`, `BroadcastTextID5`, `lang5`, `Probability5`, `em5_0`, `em5_1`, `em5_2`, `em5_3`, `em5_4`, `em5_5`, `text6_0`, `text6_1`, `BroadcastTextID6`, `lang6`, `Probability6`, `em6_0`, `em6_1`, `em6_2`, `em6_3`, `em6_4`, `em6_5`, `text7_0`, `text7_1`, `BroadcastTextID7`, `lang7`, `Probability7`, `em7_0`, `em7_1`, `em7_2`, `em7_3`, `em7_4`, `em7_5`) VALUES ('1872299', 'Imported from TC', 'That\'s the second building on the right in the Valley of Strength north of the main city entrance.  Speak to Innkeeper Gryshka.', 'That\'s the second building on the right in the Valley of Strength north of the main city entrance.  Speak to Innkeeper Gryshka.', '4801', '1', '80', '0', '0', '0', '0', '0', '0', 'Look for Innkeeper Grishka in the Valley of Strength.  Her inn is on the east side, north of the main city gates.', 'Look for Innkeeper Grishka in the Valley of Strength.  Her inn is on the east side, north of the main city gates.', '4802', '1', '20', '0', '0', '0', '0', '0', '0', '', '', NULL, '0', '0', '0', '0', '0', '0', '0', '0', '', '', NULL, '0', '0', '0', '0', '0', '0', '0', '0', '', '', NULL, '0', '0', '0', '0', '0', '0', '0', '0', '', '', NULL, '0', '0', '0', '0', '0', '0', '0', '0', '', '', NULL, '0', '0', '0', '0', '0', '0', '0', '0', '', '', NULL, '0', '0', '0', '0', '0', '0', '0', '0');
INSERT INTO gossip_menu (`MenuID`, `TextID`) VALUES ('1904', '1872299');
INSERT INTO points_of_interest (`ID`, `PositionX`, `PositionY`, `Icon`, `Flags`, `Importance`, `Name`, `VerifiedBuild`) VALUES ('179', '1644', '-4447.28', '6', '99', '0', 'Orgrimmar Inn', '0');
INSERT INTO gossip_menu_option (`MenuID`, `OptionID`, `OptionIcon`, `OptionText`, `OptionBroadcastTextID`, `OptionType`, `OptionNpcFlag`, `ActionMenuID`, `ActionPoiID`, `BoxCoded`, `BoxMoney`, `BoxText`, `BoxBroadcastTextID`) VALUES ('1951', '3', '0', 'The inn', '7075', '1', '1', '1904', '179', '0', '0', '', NULL);
INSERT INTO gossip_text (`ID`, `comment`, `text0_0`, `text0_1`, `BroadcastTextID0`, `lang0`, `Probability0`, `em0_0`, `em0_1`, `em0_2`, `em0_3`, `em0_4`, `em0_5`, `text1_0`, `text1_1`, `BroadcastTextID1`, `lang1`, `Probability1`, `em1_0`, `em1_1`, `em1_2`, `em1_3`, `em1_4`, `em1_5`, `text2_0`, `text2_1`, `BroadcastTextID2`, `lang2`, `Probability2`, `em2_0`, `em2_1`, `em2_2`, `em2_3`, `em2_4`, `em2_5`, `text3_0`, `text3_1`, `BroadcastTextID3`, `lang3`, `Probability3`, `em3_0`, `em3_1`, `em3_2`, `em3_3`, `em3_4`, `em3_5`, `text4_0`, `text4_1`, `BroadcastTextID4`, `lang4`, `Probability4`, `em4_0`, `em4_1`, `em4_2`, `em4_3`, `em4_4`, `em4_5`, `text5_0`, `text5_1`, `BroadcastTextID5`, `lang5`, `Probability5`, `em5_0`, `em5_1`, `em5_2`, `em5_3`, `em5_4`, `em5_5`, `text6_0`, `text6_1`, `BroadcastTextID6`, `lang6`, `Probability6`, `em6_0`, `em6_1`, `em6_2`, `em6_3`, `em6_4`, `em6_5`, `text7_0`, `text7_1`, `BroadcastTextID7`, `lang7`, `Probability7`, `em7_0`, `em7_1`, `em7_2`, `em7_3`, `em7_4`, `em7_5`) VALUES ('1872300', 'Imported from TC', 'You\'ll find one of those outside the Bank of Orgrimmar in the middle of the Valley of Strength.', 'You\'ll find one of those outside the Bank of Orgrimmar in the middle of the Valley of Strength.', '4803', '1', '80', '0', '0', '0', '0', '0', '0', 'You can pick up your love letters outside the bank in the middle of the Valley of Strength.', 'You can pick up your love letters outside the bank in the middle of the Valley of Strength.', '4804', '1', '20', '0', '0', '0', '0', '0', '0', '', '', NULL, '0', '0', '0', '0', '0', '0', '0', '0', '', '', NULL, '0', '0', '0', '0', '0', '0', '0', '0', '', '', NULL, '0', '0', '0', '0', '0', '0', '0', '0', '', '', NULL, '0', '0', '0', '0', '0', '0', '0', '0', '', '', NULL, '0', '0', '0', '0', '0', '0', '0', '0', '', '', NULL, '0', '0', '0', '0', '0', '0', '0', '0');
INSERT INTO gossip_menu (`MenuID`, `TextID`) VALUES ('1905', '1872300');
INSERT INTO points_of_interest (`ID`, `PositionX`, `PositionY`, `Icon`, `Flags`, `Importance`, `Name`, `VerifiedBuild`) VALUES ('180', '1622', '-4388.8', '6', '99', '0', 'Orgrimmar Mailbox', '0');
INSERT INTO gossip_menu_option (`MenuID`, `OptionID`, `OptionIcon`, `OptionText`, `OptionBroadcastTextID`, `OptionType`, `OptionNpcFlag`, `ActionMenuID`, `ActionPoiID`, `BoxCoded`, `BoxMoney`, `BoxText`, `BoxBroadcastTextID`) VALUES ('1951', '4', '0', 'The mailbox', '5514', '1', '1', '1905', '180', '0', '0', '', NULL);
INSERT INTO gossip_text (`ID`, `comment`, `text0_0`, `text0_1`, `BroadcastTextID0`, `lang0`, `Probability0`, `em0_0`, `em0_1`, `em0_2`, `em0_3`, `em0_4`, `em0_5`, `text1_0`, `text1_1`, `BroadcastTextID1`, `lang1`, `Probability1`, `em1_0`, `em1_1`, `em1_2`, `em1_3`, `em1_4`, `em1_5`, `text2_0`, `text2_1`, `BroadcastTextID2`, `lang2`, `Probability2`, `em2_0`, `em2_1`, `em2_2`, `em2_3`, `em2_4`, `em2_5`, `text3_0`, `text3_1`, `BroadcastTextID3`, `lang3`, `Probability3`, `em3_0`, `em3_1`, `em3_2`, `em3_3`, `em3_4`, `em3_5`, `text4_0`, `text4_1`, `BroadcastTextID4`, `lang4`, `Probability4`, `em4_0`, `em4_1`, `em4_2`, `em4_3`, `em4_4`, `em4_5`, `text5_0`, `text5_1`, `BroadcastTextID5`, `lang5`, `Probability5`, `em5_0`, `em5_1`, `em5_2`, `em5_3`, `em5_4`, `em5_5`, `text6_0`, `text6_1`, `BroadcastTextID6`, `lang6`, `Probability6`, `em6_0`, `em6_1`, `em6_2`, `em6_3`, `em6_4`, `em6_5`, `text7_0`, `text7_1`, `BroadcastTextID7`, `lang7`, `Probability7`, `em7_0`, `em7_1`, `em7_2`, `em7_3`, `em7_4`, `em7_5`) VALUES ('1872301', 'Imported from TC', 'The Orgrimmar Auction House is in the Valley of Strength.  Look for it on the east side next to Boomstick Imports.', 'The Orgrimmar Auction House is in the Valley of Strength.  Look for it on the east side next to Boomstick Imports.', '5421', '1', '80', '0', '0', '0', '0', '0', '0', 'Your voice is hoarse from yelling huh?  Find the Orgrimmar Auction House in the Valley of Strength.', 'Your voice is hoarse from yelling huh?  Find the Orgrimmar Auction House in the Valley of Strength.', '5422', '1', '20', '0', '0', '0', '0', '0', '0', '', '', NULL, '0', '0', '0', '0', '0', '0', '0', '0', '', '', NULL, '0', '0', '0', '0', '0', '0', '0', '0', '', '', NULL, '0', '0', '0', '0', '0', '0', '0', '0', '', '', NULL, '0', '0', '0', '0', '0', '0', '0', '0', '', '', NULL, '0', '0', '0', '0', '0', '0', '0', '0', '', '', NULL, '0', '0', '0', '0', '0', '0', '0', '0');
INSERT INTO gossip_menu (`MenuID`, `TextID`) VALUES ('2403', '1872301');
INSERT INTO points_of_interest (`ID`, `PositionX`, `PositionY`, `Icon`, `Flags`, `Importance`, `Name`, `VerifiedBuild`) VALUES ('181', '1679', '-4450.11', '6', '99', '0', 'Orgrimmar Auction House', '0');
INSERT INTO gossip_menu_option (`MenuID`, `OptionID`, `OptionIcon`, `OptionText`, `OptionBroadcastTextID`, `OptionType`, `OptionNpcFlag`, `ActionMenuID`, `ActionPoiID`, `BoxCoded`, `BoxMoney`, `BoxText`, `BoxBroadcastTextID`) VALUES ('1951', '5', '0', 'The auction house', '5515', '1', '1', '2403', '181', '0', '0', '', NULL);
INSERT INTO gossip_text (`ID`, `comment`, `text0_0`, `text0_1`, `BroadcastTextID0`, `lang0`, `Probability0`, `em0_0`, `em0_1`, `em0_2`, `em0_3`, `em0_4`, `em0_5`, `text1_0`, `text1_1`, `BroadcastTextID1`, `lang1`, `Probability1`, `em1_0`, `em1_1`, `em1_2`, `em1_3`, `em1_4`, `em1_5`, `text2_0`, `text2_1`, `BroadcastTextID2`, `lang2`, `Probability2`, `em2_0`, `em2_1`, `em2_2`, `em2_3`, `em2_4`, `em2_5`, `text3_0`, `text3_1`, `BroadcastTextID3`, `lang3`, `Probability3`, `em3_0`, `em3_1`, `em3_2`, `em3_3`, `em3_4`, `em3_5`, `text4_0`, `text4_1`, `BroadcastTextID4`, `lang4`, `Probability4`, `em4_0`, `em4_1`, `em4_2`, `em4_3`, `em4_4`, `em4_5`, `text5_0`, `text5_1`, `BroadcastTextID5`, `lang5`, `Probability5`, `em5_0`, `em5_1`, `em5_2`, `em5_3`, `em5_4`, `em5_5`, `text6_0`, `text6_1`, `BroadcastTextID6`, `lang6`, `Probability6`, `em6_0`, `em6_1`, `em6_2`, `em6_3`, `em6_4`, `em6_5`, `text7_0`, `text7_1`, `BroadcastTextID7`, `lang7`, `Probability7`, `em7_0`, `em7_1`, `em7_2`, `em7_3`, `em7_4`, `em7_5`) VALUES ('13310', 'Imported from TC', 'There are two zeppelin towers outside Orgrimmar. The eastern tower serves Tirisfal Glades and Stranglethorn Vale, while the western tower serves Northrend and Thunder Bluff.', 'There are two zeppelin towers outside Orgrimmar. The eastern tower serves Tirisfal Glades and Stranglethorn Vale, while the western tower serves Northrend and Thunder Bluff.', '28606', '1', '1', '0', '0', '0', '0', '0', '0', '', '', NULL, '0', '0', '0', '0', '0', '0', '0', '0', '', '', NULL, '0', '0', '0', '0', '0', '0', '0', '0', '', '', NULL, '0', '0', '0', '0', '0', '0', '0', '0', '', '', NULL, '0', '0', '0', '0', '0', '0', '0', '0', '', '', NULL, '0', '0', '0', '0', '0', '0', '0', '0', '', '', NULL, '0', '0', '0', '0', '0', '0', '0', '0', '', '', NULL, '0', '0', '0', '0', '0', '0', '0', '0');
INSERT INTO gossip_menu (`MenuID`, `TextID`) VALUES ('9727', '13310');
INSERT INTO gossip_text (`ID`, `comment`, `text0_0`, `text0_1`, `BroadcastTextID0`, `lang0`, `Probability0`, `em0_0`, `em0_1`, `em0_2`, `em0_3`, `em0_4`, `em0_5`, `text1_0`, `text1_1`, `BroadcastTextID1`, `lang1`, `Probability1`, `em1_0`, `em1_1`, `em1_2`, `em1_3`, `em1_4`, `em1_5`, `text2_0`, `text2_1`, `BroadcastTextID2`, `lang2`, `Probability2`, `em2_0`, `em2_1`, `em2_2`, `em2_3`, `em2_4`, `em2_5`, `text3_0`, `text3_1`, `BroadcastTextID3`, `lang3`, `Probability3`, `em3_0`, `em3_1`, `em3_2`, `em3_3`, `em3_4`, `em3_5`, `text4_0`, `text4_1`, `BroadcastTextID4`, `lang4`, `Probability4`, `em4_0`, `em4_1`, `em4_2`, `em4_3`, `em4_4`, `em4_5`, `text5_0`, `text5_1`, `BroadcastTextID5`, `lang5`, `Probability5`, `em5_0`, `em5_1`, `em5_2`, `em5_3`, `em5_4`, `em5_5`, `text6_0`, `text6_1`, `BroadcastTextID6`, `lang6`, `Probability6`, `em6_0`, `em6_1`, `em6_2`, `em6_3`, `em6_4`, `em6_5`, `text7_0`, `text7_1`, `BroadcastTextID7`, `lang7`, `Probability7`, `em7_0`, `em7_1`, `em7_2`, `em7_3`, `em7_4`, `em7_5`) VALUES ('13311', 'Imported from TC', 'Look for the eastern Zeppelin Landing Tower outside of the city to the southeast.', 'Look for the eastern Zeppelin Landing Tower outside of the city to the southeast.', '5517', '1', '1', '0', '0', '0', '0', '0', '0', '', '', NULL, '0', '0', '0', '0', '0', '0', '0', '0', '', '', NULL, '0', '0', '0', '0', '0', '0', '0', '0', '', '', NULL, '0', '0', '0', '0', '0', '0', '0', '0', '', '', NULL, '0', '0', '0', '0', '0', '0', '0', '0', '', '', NULL, '0', '0', '0', '0', '0', '0', '0', '0', '', '', NULL, '0', '0', '0', '0', '0', '0', '0', '0', '', '', NULL, '0', '0', '0', '0', '0', '0', '0', '0');
INSERT INTO gossip_menu (`MenuID`, `TextID`) VALUES ('2481', '13311');
INSERT INTO points_of_interest (`ID`, `PositionX`, `PositionY`, `Icon`, `Flags`, `Importance`, `Name`, `VerifiedBuild`) VALUES ('182', '1337', '-4632.7', '6', '99', '0', 'Orgrimmar Eastern Zeppelin Tower', '0');
INSERT INTO gossip_menu_option (`MenuID`, `OptionID`, `OptionIcon`, `OptionText`, `OptionBroadcastTextID`, `OptionType`, `OptionNpcFlag`, `ActionMenuID`, `ActionPoiID`, `BoxCoded`, `BoxMoney`, `BoxText`, `BoxBroadcastTextID`) VALUES ('9727', '0', '0', 'The eastern zeppelin tower', '28607', '1', '1', '2481', '182', '0', '0', '', NULL);
INSERT INTO gossip_text (`ID`, `comment`, `text0_0`, `text0_1`, `BroadcastTextID0`, `lang0`, `Probability0`, `em0_0`, `em0_1`, `em0_2`, `em0_3`, `em0_4`, `em0_5`, `text1_0`, `text1_1`, `BroadcastTextID1`, `lang1`, `Probability1`, `em1_0`, `em1_1`, `em1_2`, `em1_3`, `em1_4`, `em1_5`, `text2_0`, `text2_1`, `BroadcastTextID2`, `lang2`, `Probability2`, `em2_0`, `em2_1`, `em2_2`, `em2_3`, `em2_4`, `em2_5`, `text3_0`, `text3_1`, `BroadcastTextID3`, `lang3`, `Probability3`, `em3_0`, `em3_1`, `em3_2`, `em3_3`, `em3_4`, `em3_5`, `text4_0`, `text4_1`, `BroadcastTextID4`, `lang4`, `Probability4`, `em4_0`, `em4_1`, `em4_2`, `em4_3`, `em4_4`, `em4_5`, `text5_0`, `text5_1`, `BroadcastTextID5`, `lang5`, `Probability5`, `em5_0`, `em5_1`, `em5_2`, `em5_3`, `em5_4`, `em5_5`, `text6_0`, `text6_1`, `BroadcastTextID6`, `lang6`, `Probability6`, `em6_0`, `em6_1`, `em6_2`, `em6_3`, `em6_4`, `em6_5`, `text7_0`, `text7_1`, `BroadcastTextID7`, `lang7`, `Probability7`, `em7_0`, `em7_1`, `em7_2`, `em7_3`, `em7_4`, `em7_5`) VALUES ('1872302', 'Imported from TC', 'Just outside the city\'s main gate is a signpost.  It will point you toward the western zeppelin tower.', 'Just outside the city\'s main gate is a signpost.  It will point you toward the western zeppelin tower.', '5516', '1', '1', '0', '0', '0', '0', '0', '0', '', '', NULL, '0', '0', '0', '0', '0', '0', '0', '0', '', '', NULL, '0', '0', '0', '0', '0', '0', '0', '0', '', '', NULL, '0', '0', '0', '0', '0', '0', '0', '0', '', '', NULL, '0', '0', '0', '0', '0', '0', '0', '0', '', '', NULL, '0', '0', '0', '0', '0', '0', '0', '0', '', '', NULL, '0', '0', '0', '0', '0', '0', '0', '0', '', '', NULL, '0', '0', '0', '0', '0', '0', '0', '0');
INSERT INTO gossip_menu (`MenuID`, `TextID`) VALUES ('9726', '1872302');
INSERT INTO points_of_interest (`ID`, `PositionX`, `PositionY`, `Icon`, `Flags`, `Importance`, `Name`, `VerifiedBuild`) VALUES ('183', '1172', '-4169.5', '6', '99', '0', 'Orgrimmar Western Zeppelin Tower', '0');
INSERT INTO gossip_menu_option (`MenuID`, `OptionID`, `OptionIcon`, `OptionText`, `OptionBroadcastTextID`, `OptionType`, `OptionNpcFlag`, `ActionMenuID`, `ActionPoiID`, `BoxCoded`, `BoxMoney`, `BoxText`, `BoxBroadcastTextID`) VALUES ('9727', '1', '0', 'The western zeppelin tower', '28608', '1', '1', '9726', '183', '0', '0', '', NULL);
INSERT INTO gossip_menu_option (`MenuID`, `OptionID`, `OptionIcon`, `OptionText`, `OptionBroadcastTextID`, `OptionType`, `OptionNpcFlag`, `ActionMenuID`, `ActionPoiID`, `BoxCoded`, `BoxMoney`, `BoxText`, `BoxBroadcastTextID`) VALUES ('1951', '6', '0', 'The zeppelin master', '5518', '1', '1', '9727', NULL, '0', '0', '', NULL);
INSERT INTO gossip_text (`ID`, `comment`, `text0_0`, `text0_1`, `BroadcastTextID0`, `lang0`, `Probability0`, `em0_0`, `em0_1`, `em0_2`, `em0_3`, `em0_4`, `em0_5`, `text1_0`, `text1_1`, `BroadcastTextID1`, `lang1`, `Probability1`, `em1_0`, `em1_1`, `em1_2`, `em1_3`, `em1_4`, `em1_5`, `text2_0`, `text2_1`, `BroadcastTextID2`, `lang2`, `Probability2`, `em2_0`, `em2_1`, `em2_2`, `em2_3`, `em2_4`, `em2_5`, `text3_0`, `text3_1`, `BroadcastTextID3`, `lang3`, `Probability3`, `em3_0`, `em3_1`, `em3_2`, `em3_3`, `em3_4`, `em3_5`, `text4_0`, `text4_1`, `BroadcastTextID4`, `lang4`, `Probability4`, `em4_0`, `em4_1`, `em4_2`, `em4_3`, `em4_4`, `em4_5`, `text5_0`, `text5_1`, `BroadcastTextID5`, `lang5`, `Probability5`, `em5_0`, `em5_1`, `em5_2`, `em5_3`, `em5_4`, `em5_5`, `text6_0`, `text6_1`, `BroadcastTextID6`, `lang6`, `Probability6`, `em6_0`, `em6_1`, `em6_2`, `em6_3`, `em6_4`, `em6_5`, `text7_0`, `text7_1`, `BroadcastTextID7`, `lang7`, `Probability7`, `em7_0`, `em7_1`, `em7_2`, `em7_3`, `em7_4`, `em7_5`) VALUES ('1872303', 'Imported from TC', 'Looking to learn how to use a new weapon?  Find Sayoc and Hanashi inside Arms of Legend in the Valley of Honor.', 'Looking to learn how to use a new weapon?  Find Sayoc and Hanashi inside Arms of Legend in the Valley of Honor.', '7251', '1', '80', '0', '0', '0', '0', '0', '0', 'Look for Sayoc and Hanashi at the Valley of Honor inside Arms of Legend.  Watch your tongue around them or Sayoc may decide to give a piece of you as a snack to Grinning Dog.', 'Look for Sayoc and Hanashi at the Valley of Honor inside Arms of Legend.  Watch your tongue around them or Sayoc may decide to give a piece of you as a snack to Grinning Dog.', '7252', '1', '20', '0', '0', '0', '0', '0', '0', '', '', NULL, '0', '0', '0', '0', '0', '0', '0', '0', '', '', NULL, '0', '0', '0', '0', '0', '0', '0', '0', '', '', NULL, '0', '0', '0', '0', '0', '0', '0', '0', '', '', NULL, '0', '0', '0', '0', '0', '0', '0', '0', '', '', NULL, '0', '0', '0', '0', '0', '0', '0', '0', '', '', NULL, '0', '0', '0', '0', '0', '0', '0', '0');
INSERT INTO gossip_menu (`MenuID`, `TextID`) VALUES ('3724', '1872303');
INSERT INTO points_of_interest (`ID`, `PositionX`, `PositionY`, `Icon`, `Flags`, `Importance`, `Name`, `VerifiedBuild`) VALUES ('184', '2092', '-4823.95', '6', '99', '0', 'Sayoc & Hanashi', '0');
INSERT INTO gossip_menu_option (`MenuID`, `OptionID`, `OptionIcon`, `OptionText`, `OptionBroadcastTextID`, `OptionType`, `OptionNpcFlag`, `ActionMenuID`, `ActionPoiID`, `BoxCoded`, `BoxMoney`, `BoxText`, `BoxBroadcastTextID`) VALUES ('1951', '7', '0', 'The weapon master', '7253', '1', '1', '3724', '184', '0', '0', '', NULL);
INSERT INTO gossip_text (`ID`, `comment`, `text0_0`, `text0_1`, `BroadcastTextID0`, `lang0`, `Probability0`, `em0_0`, `em0_1`, `em0_2`, `em0_3`, `em0_4`, `em0_5`, `text1_0`, `text1_1`, `BroadcastTextID1`, `lang1`, `Probability1`, `em1_0`, `em1_1`, `em1_2`, `em1_3`, `em1_4`, `em1_5`, `text2_0`, `text2_1`, `BroadcastTextID2`, `lang2`, `Probability2`, `em2_0`, `em2_1`, `em2_2`, `em2_3`, `em2_4`, `em2_5`, `text3_0`, `text3_1`, `BroadcastTextID3`, `lang3`, `Probability3`, `em3_0`, `em3_1`, `em3_2`, `em3_3`, `em3_4`, `em3_5`, `text4_0`, `text4_1`, `BroadcastTextID4`, `lang4`, `Probability4`, `em4_0`, `em4_1`, `em4_2`, `em4_3`, `em4_4`, `em4_5`, `text5_0`, `text5_1`, `BroadcastTextID5`, `lang5`, `Probability5`, `em5_0`, `em5_1`, `em5_2`, `em5_3`, `em5_4`, `em5_5`, `text6_0`, `text6_1`, `BroadcastTextID6`, `lang6`, `Probability6`, `em6_0`, `em6_1`, `em6_2`, `em6_3`, `em6_4`, `em6_5`, `text7_0`, `text7_1`, `BroadcastTextID7`, `lang7`, `Probability7`, `em7_0`, `em7_1`, `em7_2`, `em7_3`, `em7_4`, `em7_5`) VALUES ('1872304', 'Imported from TC', 'Go to the Valley of Honor and seek out Xon\'cha near the stables.', 'Go to the Valley of Honor and seek out Xon\'cha near the stables.', '8509', '1', '80', '0', '0', '0', '0', '0', '0', 'Xon\'cha will stable your extra pets.  Find him in the Valley of Honor at the stables between the arena and the Hunter\'s Hall.  Now begone!', 'Xon\'cha will stable your extra pets.  Find him in the Valley of Honor at the stables between the arena and the Hunter\'s Hall.  Now begone!', '8510', '1', '20', '0', '0', '0', '0', '0', '0', '', '', NULL, '0', '0', '0', '0', '0', '0', '0', '0', '', '', NULL, '0', '0', '0', '0', '0', '0', '0', '0', '', '', NULL, '0', '0', '0', '0', '0', '0', '0', '0', '', '', NULL, '0', '0', '0', '0', '0', '0', '0', '0', '', '', NULL, '0', '0', '0', '0', '0', '0', '0', '0', '', '', NULL, '0', '0', '0', '0', '0', '0', '0', '0');
INSERT INTO gossip_menu (`MenuID`, `TextID`) VALUES ('4902', '1872304');
INSERT INTO points_of_interest (`ID`, `PositionX`, `PositionY`, `Icon`, `Flags`, `Importance`, `Name`, `VerifiedBuild`) VALUES ('185', '2133', '-4663.93', '6', '99', '0', 'Xon\'cha', '0');
INSERT INTO gossip_menu_option (`MenuID`, `OptionID`, `OptionIcon`, `OptionText`, `OptionBroadcastTextID`, `OptionType`, `OptionNpcFlag`, `ActionMenuID`, `ActionPoiID`, `BoxCoded`, `BoxMoney`, `BoxText`, `BoxBroadcastTextID`) VALUES ('1951', '8', '0', 'The stable master', '8521', '1', '1', '4902', '185', '0', '0', '', NULL);
-- Importing menu 5882 as 57021
INSERT INTO gossip_text (`ID`, `comment`, `text0_0`, `text0_1`, `BroadcastTextID0`, `lang0`, `Probability0`, `em0_0`, `em0_1`, `em0_2`, `em0_3`, `em0_4`, `em0_5`, `text1_0`, `text1_1`, `BroadcastTextID1`, `lang1`, `Probability1`, `em1_0`, `em1_1`, `em1_2`, `em1_3`, `em1_4`, `em1_5`, `text2_0`, `text2_1`, `BroadcastTextID2`, `lang2`, `Probability2`, `em2_0`, `em2_1`, `em2_2`, `em2_3`, `em2_4`, `em2_5`, `text3_0`, `text3_1`, `BroadcastTextID3`, `lang3`, `Probability3`, `em3_0`, `em3_1`, `em3_2`, `em3_3`, `em3_4`, `em3_5`, `text4_0`, `text4_1`, `BroadcastTextID4`, `lang4`, `Probability4`, `em4_0`, `em4_1`, `em4_2`, `em4_3`, `em4_4`, `em4_5`, `text5_0`, `text5_1`, `BroadcastTextID5`, `lang5`, `Probability5`, `em5_0`, `em5_1`, `em5_2`, `em5_3`, `em5_4`, `em5_5`, `text6_0`, `text6_1`, `BroadcastTextID6`, `lang6`, `Probability6`, `em6_0`, `em6_1`, `em6_2`, `em6_3`, `em6_4`, `em6_5`, `text7_0`, `text7_1`, `BroadcastTextID7`, `lang7`, `Probability7`, `em7_0`, `em7_1`, `em7_2`, `em7_3`, `em7_4`, `em7_5`) VALUES ('1872305', 'Imported from TC', 'Look for it high up on the west side of the Valley of Strength.', 'Look for it high up on the west side of the Valley of Strength.', '9750', '1', '80', '0', '0', '0', '0', '0', '0', 'You want the Hall of Legends. It\'s high above the Valley of Strength on the west side.', 'You want the Hall of Legends. It\'s high above the Valley of Strength on the west side.', '9752', '1', '20', '0', '0', '0', '0', '0', '0', '', '', NULL, '0', '0', '0', '0', '0', '0', '0', '0', '', '', NULL, '0', '0', '0', '0', '0', '0', '0', '0', '', '', NULL, '0', '0', '0', '0', '0', '0', '0', '0', '', '', NULL, '0', '0', '0', '0', '0', '0', '0', '0', '', '', NULL, '0', '0', '0', '0', '0', '0', '0', '0', '', '', NULL, '0', '0', '0', '0', '0', '0', '0', '0');
INSERT INTO gossip_menu (`MenuID`, `TextID`) VALUES ('57021', '1872305');
INSERT INTO points_of_interest (`ID`, `PositionX`, `PositionY`, `Icon`, `Flags`, `Importance`, `Name`, `VerifiedBuild`) VALUES ('186', '1633', '-4249.37', '6', '99', '0', 'Hall of Legends', '0');
INSERT INTO gossip_menu_option (`MenuID`, `OptionID`, `OptionIcon`, `OptionText`, `OptionBroadcastTextID`, `OptionType`, `OptionNpcFlag`, `ActionMenuID`, `ActionPoiID`, `BoxCoded`, `BoxMoney`, `BoxText`, `BoxBroadcastTextID`) VALUES ('1951', '9', '0', 'The officers\' lounge', '9756', '1', '1', '57021', '186', '0', '0', '', NULL);
INSERT INTO gossip_text (`ID`, `comment`, `text0_0`, `text0_1`, `BroadcastTextID0`, `lang0`, `Probability0`, `em0_0`, `em0_1`, `em0_2`, `em0_3`, `em0_4`, `em0_5`, `text1_0`, `text1_1`, `BroadcastTextID1`, `lang1`, `Probability1`, `em1_0`, `em1_1`, `em1_2`, `em1_3`, `em1_4`, `em1_5`, `text2_0`, `text2_1`, `BroadcastTextID2`, `lang2`, `Probability2`, `em2_0`, `em2_1`, `em2_2`, `em2_3`, `em2_4`, `em2_5`, `text3_0`, `text3_1`, `BroadcastTextID3`, `lang3`, `Probability3`, `em3_0`, `em3_1`, `em3_2`, `em3_3`, `em3_4`, `em3_5`, `text4_0`, `text4_1`, `BroadcastTextID4`, `lang4`, `Probability4`, `em4_0`, `em4_1`, `em4_2`, `em4_3`, `em4_4`, `em4_5`, `text5_0`, `text5_1`, `BroadcastTextID5`, `lang5`, `Probability5`, `em5_0`, `em5_1`, `em5_2`, `em5_3`, `em5_4`, `em5_5`, `text6_0`, `text6_1`, `BroadcastTextID6`, `lang6`, `Probability6`, `em6_0`, `em6_1`, `em6_2`, `em6_3`, `em6_4`, `em6_5`, `text7_0`, `text7_1`, `BroadcastTextID7`, `lang7`, `Probability7`, `em7_0`, `em7_1`, `em7_2`, `em7_3`, `em7_4`, `em7_5`) VALUES ('1872306', 'Imported from TC', 'You will find the battlemasters inside the Hall of the Brave in the Valley of Honor.', 'You will find the battlemasters inside the Hall of the Brave in the Valley of Honor.', '18608', '1', '1', '0', '0', '0', '0', '0', '0', '', '', NULL, '0', '0', '0', '0', '0', '0', '0', '0', '', '', NULL, '0', '0', '0', '0', '0', '0', '0', '0', '', '', NULL, '0', '0', '0', '0', '0', '0', '0', '0', '', '', NULL, '0', '0', '0', '0', '0', '0', '0', '0', '', '', NULL, '0', '0', '0', '0', '0', '0', '0', '0', '', '', NULL, '0', '0', '0', '0', '0', '0', '0', '0', '', '', NULL, '0', '0', '0', '0', '0', '0', '0', '0');
INSERT INTO gossip_menu (`MenuID`, `TextID`) VALUES ('8224', '1872306');
INSERT INTO points_of_interest (`ID`, `PositionX`, `PositionY`, `Icon`, `Flags`, `Importance`, `Name`, `VerifiedBuild`) VALUES ('187', '1989', '-4796.6', '6', '99', '0', 'Battlemasters Orgrimmar', '0');
INSERT INTO gossip_menu_option (`MenuID`, `OptionID`, `OptionIcon`, `OptionText`, `OptionBroadcastTextID`, `OptionType`, `OptionNpcFlag`, `ActionMenuID`, `ActionPoiID`, `BoxCoded`, `BoxMoney`, `BoxText`, `BoxBroadcastTextID`) VALUES ('1951', '10', '0', 'The battlemaster', '10359', '1', '1', '8224', '187', '0', '0', '', NULL);
INSERT INTO gossip_text (`ID`, `comment`, `text0_0`, `text0_1`, `BroadcastTextID0`, `lang0`, `Probability0`, `em0_0`, `em0_1`, `em0_2`, `em0_3`, `em0_4`, `em0_5`, `text1_0`, `text1_1`, `BroadcastTextID1`, `lang1`, `Probability1`, `em1_0`, `em1_1`, `em1_2`, `em1_3`, `em1_4`, `em1_5`, `text2_0`, `text2_1`, `BroadcastTextID2`, `lang2`, `Probability2`, `em2_0`, `em2_1`, `em2_2`, `em2_3`, `em2_4`, `em2_5`, `text3_0`, `text3_1`, `BroadcastTextID3`, `lang3`, `Probability3`, `em3_0`, `em3_1`, `em3_2`, `em3_3`, `em3_4`, `em3_5`, `text4_0`, `text4_1`, `BroadcastTextID4`, `lang4`, `Probability4`, `em4_0`, `em4_1`, `em4_2`, `em4_3`, `em4_4`, `em4_5`, `text5_0`, `text5_1`, `BroadcastTextID5`, `lang5`, `Probability5`, `em5_0`, `em5_1`, `em5_2`, `em5_3`, `em5_4`, `em5_5`, `text6_0`, `text6_1`, `BroadcastTextID6`, `lang6`, `Probability6`, `em6_0`, `em6_1`, `em6_2`, `em6_3`, `em6_4`, `em6_5`, `text7_0`, `text7_1`, `BroadcastTextID7`, `lang7`, `Probability7`, `em7_0`, `em7_1`, `em7_2`, `em7_3`, `em7_4`, `em7_5`) VALUES ('13889', 'Imported from TC', 'The barber is in the Cleft of Shadow.', 'The barber is in the Cleft of Shadow.', '31559', '0', '1', '0', '0', '0', '0', '0', '0', '', '', NULL, '0', '0', '0', '0', '0', '0', '0', '0', '', '', NULL, '0', '0', '0', '0', '0', '0', '0', '0', '', '', NULL, '0', '0', '0', '0', '0', '0', '0', '0', '', '', NULL, '0', '0', '0', '0', '0', '0', '0', '0', '', '', NULL, '0', '0', '0', '0', '0', '0', '0', '0', '', '', NULL, '0', '0', '0', '0', '0', '0', '0', '0', '', '', NULL, '0', '0', '0', '0', '0', '0', '0', '0');
INSERT INTO gossip_menu (`MenuID`, `TextID`) VALUES ('10018', '13889');
INSERT INTO points_of_interest (`ID`, `PositionX`, `PositionY`, `Icon`, `Flags`, `Importance`, `Name`, `VerifiedBuild`) VALUES ('188', '1764', '-4343.83', '6', '99', '0', 'Orgrimmar Barber', '0');
INSERT INTO gossip_menu_option (`MenuID`, `OptionID`, `OptionIcon`, `OptionText`, `OptionBroadcastTextID`, `OptionType`, `OptionNpcFlag`, `ActionMenuID`, `ActionPoiID`, `BoxCoded`, `BoxMoney`, `BoxText`, `BoxBroadcastTextID`) VALUES ('1951', '11', '0', 'Barber', '45376', '1', '1', '10018', '188', '0', '0', '', NULL);
INSERT INTO gossip_text (`ID`, `comment`, `text0_0`, `text0_1`, `BroadcastTextID0`, `lang0`, `Probability0`, `em0_0`, `em0_1`, `em0_2`, `em0_3`, `em0_4`, `em0_5`, `text1_0`, `text1_1`, `BroadcastTextID1`, `lang1`, `Probability1`, `em1_0`, `em1_1`, `em1_2`, `em1_3`, `em1_4`, `em1_5`, `text2_0`, `text2_1`, `BroadcastTextID2`, `lang2`, `Probability2`, `em2_0`, `em2_1`, `em2_2`, `em2_3`, `em2_4`, `em2_5`, `text3_0`, `text3_1`, `BroadcastTextID3`, `lang3`, `Probability3`, `em3_0`, `em3_1`, `em3_2`, `em3_3`, `em3_4`, `em3_5`, `text4_0`, `text4_1`, `BroadcastTextID4`, `lang4`, `Probability4`, `em4_0`, `em4_1`, `em4_2`, `em4_3`, `em4_4`, `em4_5`, `text5_0`, `text5_1`, `BroadcastTextID5`, `lang5`, `Probability5`, `em5_0`, `em5_1`, `em5_2`, `em5_3`, `em5_4`, `em5_5`, `text6_0`, `text6_1`, `BroadcastTextID6`, `lang6`, `Probability6`, `em6_0`, `em6_1`, `em6_2`, `em6_3`, `em6_4`, `em6_5`, `text7_0`, `text7_1`, `BroadcastTextID7`, `lang7`, `Probability7`, `em7_0`, `em7_1`, `em7_2`, `em7_3`, `em7_4`, `em7_5`) VALUES ('1872307', 'Imported from TC', 'Which trainer do you seek?', 'Which trainer do you seek?', '6769', '1', '100', '0', '0', '0', '0', '0', '0', '', '', NULL, '0', '0', '0', '0', '0', '0', '0', '0', '', '', NULL, '0', '0', '0', '0', '0', '0', '0', '0', '', '', NULL, '0', '0', '0', '0', '0', '0', '0', '0', '', '', NULL, '0', '0', '0', '0', '0', '0', '0', '0', '', '', NULL, '0', '0', '0', '0', '0', '0', '0', '0', '', '', NULL, '0', '0', '0', '0', '0', '0', '0', '0', '', '', NULL, '0', '0', '0', '0', '0', '0', '0', '0');
INSERT INTO gossip_menu (`MenuID`, `TextID`) VALUES ('1949', '1872307');
INSERT INTO gossip_text (`ID`, `comment`, `text0_0`, `text0_1`, `BroadcastTextID0`, `lang0`, `Probability0`, `em0_0`, `em0_1`, `em0_2`, `em0_3`, `em0_4`, `em0_5`, `text1_0`, `text1_1`, `BroadcastTextID1`, `lang1`, `Probability1`, `em1_0`, `em1_1`, `em1_2`, `em1_3`, `em1_4`, `em1_5`, `text2_0`, `text2_1`, `BroadcastTextID2`, `lang2`, `Probability2`, `em2_0`, `em2_1`, `em2_2`, `em2_3`, `em2_4`, `em2_5`, `text3_0`, `text3_1`, `BroadcastTextID3`, `lang3`, `Probability3`, `em3_0`, `em3_1`, `em3_2`, `em3_3`, `em3_4`, `em3_5`, `text4_0`, `text4_1`, `BroadcastTextID4`, `lang4`, `Probability4`, `em4_0`, `em4_1`, `em4_2`, `em4_3`, `em4_4`, `em4_5`, `text5_0`, `text5_1`, `BroadcastTextID5`, `lang5`, `Probability5`, `em5_0`, `em5_1`, `em5_2`, `em5_3`, `em5_4`, `em5_5`, `text6_0`, `text6_1`, `BroadcastTextID6`, `lang6`, `Probability6`, `em6_0`, `em6_1`, `em6_2`, `em6_3`, `em6_4`, `em6_5`, `text7_0`, `text7_1`, `BroadcastTextID7`, `lang7`, `Probability7`, `em7_0`, `em7_1`, `em7_2`, `em7_3`, `em7_4`, `em7_5`) VALUES ('1872308', 'Imported from TC', 'Go to the Hunter\'s Hall in the Valley of Honor, west of the Coliseum.  Talk to Ormak Grimshot there.', 'Go to the Hunter\'s Hall in the Valley of Honor, west of the Coliseum.  Talk to Ormak Grimshot there.', '4805', '1', '80', '0', '0', '0', '0', '0', '0', 'Shoot straight to the northwest section of the Valley of Honor.  There you will find the Hunter\'s Hall.', 'Shoot straight to the northwest section of the Valley of Honor.  There you will find the Hunter\'s Hall.', '4806', '1', '20', '0', '0', '0', '0', '0', '0', '', '', NULL, '0', '0', '0', '0', '0', '0', '0', '0', '', '', NULL, '0', '0', '0', '0', '0', '0', '0', '0', '', '', NULL, '0', '0', '0', '0', '0', '0', '0', '0', '', '', NULL, '0', '0', '0', '0', '0', '0', '0', '0', '', '', NULL, '0', '0', '0', '0', '0', '0', '0', '0', '', '', NULL, '0', '0', '0', '0', '0', '0', '0', '0');
INSERT INTO gossip_menu (`MenuID`, `TextID`) VALUES ('1906', '1872308');
INSERT INTO points_of_interest (`ID`, `PositionX`, `PositionY`, `Icon`, `Flags`, `Importance`, `Name`, `VerifiedBuild`) VALUES ('300', '2114.84', '-4625.32', '6', '99', '0', 'Orgrimmar Hunter\'s Hall', '0');
INSERT INTO gossip_menu_option (`MenuID`, `OptionID`, `OptionIcon`, `OptionText`, `OptionBroadcastTextID`, `OptionType`, `OptionNpcFlag`, `ActionMenuID`, `ActionPoiID`, `BoxCoded`, `BoxMoney`, `BoxText`, `BoxBroadcastTextID`) VALUES ('1949', '0', '0', 'Hunter', '50546', '1', '1', '1906', '300', '0', '0', '', NULL);
INSERT INTO gossip_text (`ID`, `comment`, `text0_0`, `text0_1`, `BroadcastTextID0`, `lang0`, `Probability0`, `em0_0`, `em0_1`, `em0_2`, `em0_3`, `em0_4`, `em0_5`, `text1_0`, `text1_1`, `BroadcastTextID1`, `lang1`, `Probability1`, `em1_0`, `em1_1`, `em1_2`, `em1_3`, `em1_4`, `em1_5`, `text2_0`, `text2_1`, `BroadcastTextID2`, `lang2`, `Probability2`, `em2_0`, `em2_1`, `em2_2`, `em2_3`, `em2_4`, `em2_5`, `text3_0`, `text3_1`, `BroadcastTextID3`, `lang3`, `Probability3`, `em3_0`, `em3_1`, `em3_2`, `em3_3`, `em3_4`, `em3_5`, `text4_0`, `text4_1`, `BroadcastTextID4`, `lang4`, `Probability4`, `em4_0`, `em4_1`, `em4_2`, `em4_3`, `em4_4`, `em4_5`, `text5_0`, `text5_1`, `BroadcastTextID5`, `lang5`, `Probability5`, `em5_0`, `em5_1`, `em5_2`, `em5_3`, `em5_4`, `em5_5`, `text6_0`, `text6_1`, `BroadcastTextID6`, `lang6`, `Probability6`, `em6_0`, `em6_1`, `em6_2`, `em6_3`, `em6_4`, `em6_5`, `text7_0`, `text7_1`, `BroadcastTextID7`, `lang7`, `Probability7`, `em7_0`, `em7_1`, `em7_2`, `em7_3`, `em7_4`, `em7_5`) VALUES ('1872309', 'Imported from TC', 'Speak to Pephredo at the Darkbriar Lodge in the Valley of Spirits, up above and to the west of the Valley of Strength.', 'Speak to Pephredo at the Darkbriar Lodge in the Valley of Spirits, up above and to the west of the Valley of Strength.', '4807', '1', '80', '0', '0', '0', '0', '0', '0', 'What, you can\'t port there?  Go to the Darkbriar Lodge next to the lake in the Valley of Spirits, up above and to the west of the Valley of Strength.', 'What, you can\'t port there?  Go to the Darkbriar Lodge next to the lake in the Valley of Spirits, up above and to the west of the Valley of Strength.', '4808', '1', '20', '0', '0', '0', '0', '0', '0', '', '', NULL, '0', '0', '0', '0', '0', '0', '0', '0', '', '', NULL, '0', '0', '0', '0', '0', '0', '0', '0', '', '', NULL, '0', '0', '0', '0', '0', '0', '0', '0', '', '', NULL, '0', '0', '0', '0', '0', '0', '0', '0', '', '', NULL, '0', '0', '0', '0', '0', '0', '0', '0', '', '', NULL, '0', '0', '0', '0', '0', '0', '0', '0');
INSERT INTO gossip_menu (`MenuID`, `TextID`) VALUES ('1907', '1872309');
INSERT INTO points_of_interest (`ID`, `PositionX`, `PositionY`, `Icon`, `Flags`, `Importance`, `Name`, `VerifiedBuild`) VALUES ('301', '1451.26', '-4223.33', '6', '99', '0', 'Darkbriar Lodge', '0');
INSERT INTO gossip_menu_option (`MenuID`, `OptionID`, `OptionIcon`, `OptionText`, `OptionBroadcastTextID`, `OptionType`, `OptionNpcFlag`, `ActionMenuID`, `ActionPoiID`, `BoxCoded`, `BoxMoney`, `BoxText`, `BoxBroadcastTextID`) VALUES ('1949', '1', '0', 'Mage', '45404', '1', '1', '1907', '301', '0', '0', '', NULL);
INSERT INTO gossip_text (`ID`, `comment`, `text0_0`, `text0_1`, `BroadcastTextID0`, `lang0`, `Probability0`, `em0_0`, `em0_1`, `em0_2`, `em0_3`, `em0_4`, `em0_5`, `text1_0`, `text1_1`, `BroadcastTextID1`, `lang1`, `Probability1`, `em1_0`, `em1_1`, `em1_2`, `em1_3`, `em1_4`, `em1_5`, `text2_0`, `text2_1`, `BroadcastTextID2`, `lang2`, `Probability2`, `em2_0`, `em2_1`, `em2_2`, `em2_3`, `em2_4`, `em2_5`, `text3_0`, `text3_1`, `BroadcastTextID3`, `lang3`, `Probability3`, `em3_0`, `em3_1`, `em3_2`, `em3_3`, `em3_4`, `em3_5`, `text4_0`, `text4_1`, `BroadcastTextID4`, `lang4`, `Probability4`, `em4_0`, `em4_1`, `em4_2`, `em4_3`, `em4_4`, `em4_5`, `text5_0`, `text5_1`, `BroadcastTextID5`, `lang5`, `Probability5`, `em5_0`, `em5_1`, `em5_2`, `em5_3`, `em5_4`, `em5_5`, `text6_0`, `text6_1`, `BroadcastTextID6`, `lang6`, `Probability6`, `em6_0`, `em6_1`, `em6_2`, `em6_3`, `em6_4`, `em6_5`, `text7_0`, `text7_1`, `BroadcastTextID7`, `lang7`, `Probability7`, `em7_0`, `em7_1`, `em7_2`, `em7_3`, `em7_4`, `em7_5`) VALUES ('1872310', 'Imported from TC', 'Zayus and his priests are in the Spirit Lodge, which is in the Valley of Spirits.  Look for it on the lake up above and to west of the Valley of Strength.', 'Zayus and his priests are in the Spirit Lodge, which is in the Valley of Spirits.  Look for it on the lake up above and to west of the Valley of Strength.', '4809', '1', '80', '0', '0', '0', '0', '0', '0', 'Healing is for those who cannot endure pain.  However if you must, seek out the Spirit Lodge on the lake in the Valley of Spirits, up and above the Valley of Strength to the west.', 'Healing is for those who cannot endure pain.  However if you must, seek out the Spirit Lodge on the lake in the Valley of Spirits, up and above the Valley of Strength to the west.', '4810', '1', '20', '0', '0', '0', '0', '0', '0', '', '', NULL, '0', '0', '0', '0', '0', '0', '0', '0', '', '', NULL, '0', '0', '0', '0', '0', '0', '0', '0', '', '', NULL, '0', '0', '0', '0', '0', '0', '0', '0', '', '', NULL, '0', '0', '0', '0', '0', '0', '0', '0', '', '', NULL, '0', '0', '0', '0', '0', '0', '0', '0', '', '', NULL, '0', '0', '0', '0', '0', '0', '0', '0');
INSERT INTO gossip_menu (`MenuID`, `TextID`) VALUES ('1908', '1872310');
INSERT INTO points_of_interest (`ID`, `PositionX`, `PositionY`, `Icon`, `Flags`, `Importance`, `Name`, `VerifiedBuild`) VALUES ('302', '1442.22', '-4183.24', '6', '99', '0', 'Spirit Lodge', '0');
INSERT INTO gossip_menu_option (`MenuID`, `OptionID`, `OptionIcon`, `OptionText`, `OptionBroadcastTextID`, `OptionType`, `OptionNpcFlag`, `ActionMenuID`, `ActionPoiID`, `BoxCoded`, `BoxMoney`, `BoxText`, `BoxBroadcastTextID`) VALUES ('1949', '2', '0', 'Priest', '45405', '1', '1', '1908', '302', '0', '0', '', NULL);
INSERT INTO gossip_text (`ID`, `comment`, `text0_0`, `text0_1`, `BroadcastTextID0`, `lang0`, `Probability0`, `em0_0`, `em0_1`, `em0_2`, `em0_3`, `em0_4`, `em0_5`, `text1_0`, `text1_1`, `BroadcastTextID1`, `lang1`, `Probability1`, `em1_0`, `em1_1`, `em1_2`, `em1_3`, `em1_4`, `em1_5`, `text2_0`, `text2_1`, `BroadcastTextID2`, `lang2`, `Probability2`, `em2_0`, `em2_1`, `em2_2`, `em2_3`, `em2_4`, `em2_5`, `text3_0`, `text3_1`, `BroadcastTextID3`, `lang3`, `Probability3`, `em3_0`, `em3_1`, `em3_2`, `em3_3`, `em3_4`, `em3_5`, `text4_0`, `text4_1`, `BroadcastTextID4`, `lang4`, `Probability4`, `em4_0`, `em4_1`, `em4_2`, `em4_3`, `em4_4`, `em4_5`, `text5_0`, `text5_1`, `BroadcastTextID5`, `lang5`, `Probability5`, `em5_0`, `em5_1`, `em5_2`, `em5_3`, `em5_4`, `em5_5`, `text6_0`, `text6_1`, `BroadcastTextID6`, `lang6`, `Probability6`, `em6_0`, `em6_1`, `em6_2`, `em6_3`, `em6_4`, `em6_5`, `text7_0`, `text7_1`, `BroadcastTextID7`, `lang7`, `Probability7`, `em7_0`, `em7_1`, `em7_2`, `em7_3`, `em7_4`, `em7_5`) VALUES ('1872311', 'Imported from TC', 'You seek Kardris Dreamseeker.  She and the other shaman are in the entrance room to Thrall\'s Fortress in the Valley of Wisdom.', 'You seek Kardris Dreamseeker.  She and the other shaman are in the entrance room to Thrall\'s Fortress in the Valley of Wisdom.', '4811', '1', '80', '0', '0', '0', '0', '0', '0', 'Your search is almost completed.  Seek your truth in the entrance room of Thrall\'s Fortress in the Valley of Wisdom.', 'Your search is almost completed.  Seek your truth in the entrance room of Thrall\'s Fortress in the Valley of Wisdom.', '4812', '1', '20', '0', '0', '0', '0', '0', '0', '', '', NULL, '0', '0', '0', '0', '0', '0', '0', '0', '', '', NULL, '0', '0', '0', '0', '0', '0', '0', '0', '', '', NULL, '0', '0', '0', '0', '0', '0', '0', '0', '', '', NULL, '0', '0', '0', '0', '0', '0', '0', '0', '', '', NULL, '0', '0', '0', '0', '0', '0', '0', '0', '', '', NULL, '0', '0', '0', '0', '0', '0', '0', '0');
INSERT INTO gossip_menu (`MenuID`, `TextID`) VALUES ('1909', '1872311');
INSERT INTO points_of_interest (`ID`, `PositionX`, `PositionY`, `Icon`, `Flags`, `Importance`, `Name`, `VerifiedBuild`) VALUES ('303', '1925.35', '-4181.89', '6', '99', '0', 'Thrall\'s Fortress', '0');
INSERT INTO gossip_menu_option (`MenuID`, `OptionID`, `OptionIcon`, `OptionText`, `OptionBroadcastTextID`, `OptionType`, `OptionNpcFlag`, `ActionMenuID`, `ActionPoiID`, `BoxCoded`, `BoxMoney`, `BoxText`, `BoxBroadcastTextID`) VALUES ('1949', '3', '0', 'Shaman', '45410', '1', '1', '1909', '303', '0', '0', '', NULL);
INSERT INTO gossip_text (`ID`, `comment`, `text0_0`, `text0_1`, `BroadcastTextID0`, `lang0`, `Probability0`, `em0_0`, `em0_1`, `em0_2`, `em0_3`, `em0_4`, `em0_5`, `text1_0`, `text1_1`, `BroadcastTextID1`, `lang1`, `Probability1`, `em1_0`, `em1_1`, `em1_2`, `em1_3`, `em1_4`, `em1_5`, `text2_0`, `text2_1`, `BroadcastTextID2`, `lang2`, `Probability2`, `em2_0`, `em2_1`, `em2_2`, `em2_3`, `em2_4`, `em2_5`, `text3_0`, `text3_1`, `BroadcastTextID3`, `lang3`, `Probability3`, `em3_0`, `em3_1`, `em3_2`, `em3_3`, `em3_4`, `em3_5`, `text4_0`, `text4_1`, `BroadcastTextID4`, `lang4`, `Probability4`, `em4_0`, `em4_1`, `em4_2`, `em4_3`, `em4_4`, `em4_5`, `text5_0`, `text5_1`, `BroadcastTextID5`, `lang5`, `Probability5`, `em5_0`, `em5_1`, `em5_2`, `em5_3`, `em5_4`, `em5_5`, `text6_0`, `text6_1`, `BroadcastTextID6`, `lang6`, `Probability6`, `em6_0`, `em6_1`, `em6_2`, `em6_3`, `em6_4`, `em6_5`, `text7_0`, `text7_1`, `BroadcastTextID7`, `lang7`, `Probability7`, `em7_0`, `em7_1`, `em7_2`, `em7_3`, `em7_4`, `em7_5`) VALUES ('1872312', 'Imported from TC', 'Looking for Shenthul of the Shadowswift Brotherhood, huh?  In The Drag across from Droffers and Son Salvage look for a tunnel leading down into the Cleft of Shadow.', 'Looking for Shenthul of the Shadowswift Brotherhood, huh?  In The Drag across from Droffers and Son Salvage look for a tunnel leading down into the Cleft of Shadow.', '4813', '1', '80', '0', '0', '0', '0', '0', '0', 'Don\'t let me catch you stealing anything!  Look for Shenthul and his Shadowswift Brotherhood in the underground Cleft of Shadow.  Find the tunnel leading down into it south of the Valley of Wisdom.', 'Don\'t let me catch you stealing anything!  Look for Shenthul and his Shadowswift Brotherhood in the underground Cleft of Shadow.  Find the tunnel leading down into it south of the Valley of Wisdom.', '4814', '1', '20', '0', '0', '0', '0', '0', '0', '', '', NULL, '0', '0', '0', '0', '0', '0', '0', '0', '', '', NULL, '0', '0', '0', '0', '0', '0', '0', '0', '', '', NULL, '0', '0', '0', '0', '0', '0', '0', '0', '', '', NULL, '0', '0', '0', '0', '0', '0', '0', '0', '', '', NULL, '0', '0', '0', '0', '0', '0', '0', '0', '', '', NULL, '0', '0', '0', '0', '0', '0', '0', '0');
INSERT INTO gossip_menu (`MenuID`, `TextID`) VALUES ('1910', '1872312');
INSERT INTO points_of_interest (`ID`, `PositionX`, `PositionY`, `Icon`, `Flags`, `Importance`, `Name`, `VerifiedBuild`) VALUES ('304', '1773.39', '-4278.97', '6', '99', '0', 'Shadowswift Brotherhood', '0');
INSERT INTO gossip_menu_option (`MenuID`, `OptionID`, `OptionIcon`, `OptionText`, `OptionBroadcastTextID`, `OptionType`, `OptionNpcFlag`, `ActionMenuID`, `ActionPoiID`, `BoxCoded`, `BoxMoney`, `BoxText`, `BoxBroadcastTextID`) VALUES ('1949', '4', '0', 'Rogue', '45406', '1', '1', '1910', '304', '0', '0', '', NULL);
INSERT INTO gossip_text (`ID`, `comment`, `text0_0`, `text0_1`, `BroadcastTextID0`, `lang0`, `Probability0`, `em0_0`, `em0_1`, `em0_2`, `em0_3`, `em0_4`, `em0_5`, `text1_0`, `text1_1`, `BroadcastTextID1`, `lang1`, `Probability1`, `em1_0`, `em1_1`, `em1_2`, `em1_3`, `em1_4`, `em1_5`, `text2_0`, `text2_1`, `BroadcastTextID2`, `lang2`, `Probability2`, `em2_0`, `em2_1`, `em2_2`, `em2_3`, `em2_4`, `em2_5`, `text3_0`, `text3_1`, `BroadcastTextID3`, `lang3`, `Probability3`, `em3_0`, `em3_1`, `em3_2`, `em3_3`, `em3_4`, `em3_5`, `text4_0`, `text4_1`, `BroadcastTextID4`, `lang4`, `Probability4`, `em4_0`, `em4_1`, `em4_2`, `em4_3`, `em4_4`, `em4_5`, `text5_0`, `text5_1`, `BroadcastTextID5`, `lang5`, `Probability5`, `em5_0`, `em5_1`, `em5_2`, `em5_3`, `em5_4`, `em5_5`, `text6_0`, `text6_1`, `BroadcastTextID6`, `lang6`, `Probability6`, `em6_0`, `em6_1`, `em6_2`, `em6_3`, `em6_4`, `em6_5`, `text7_0`, `text7_1`, `BroadcastTextID7`, `lang7`, `Probability7`, `em7_0`, `em7_1`, `em7_2`, `em7_3`, `em7_4`, `em7_5`) VALUES ('1872313', 'Imported from TC', 'You seek Grol\'dar and the Darkfire Enclave?  Find them in the underground cavern called the Cleft of Shadow.  There are two tunnels leading down into that cave, one just south of the Valley of Wisdom and the other from The Drag.', 'You seek Grol\'dar and the Darkfire Enclave?  Find them in the underground cavern called the Cleft of Shadow.  There are two tunnels leading down into that cave, one just south of the Valley of Wisdom and the other from The Drag.', '4815', '1', '80', '0', '0', '0', '0', '0', '0', 'Didn\'t we just break free of the Burning Legion, and here you are messing with demons again?  Seek out the Darkfire Enclave in the underground cavern known as the Cleft of Shadow.  You\'ll find a tunnel down into it from The Drag.', 'Didn\'t we just break free of the Burning Legion, and here you are messing with demons again?  Seek out the Darkfire Enclave in the underground cavern known as the Cleft of Shadow.  You\'ll find a tunnel down into it from The Drag.', '4816', '1', '20', '0', '0', '0', '0', '0', '0', '', '', NULL, '0', '0', '0', '0', '0', '0', '0', '0', '', '', NULL, '0', '0', '0', '0', '0', '0', '0', '0', '', '', NULL, '0', '0', '0', '0', '0', '0', '0', '0', '', '', NULL, '0', '0', '0', '0', '0', '0', '0', '0', '', '', NULL, '0', '0', '0', '0', '0', '0', '0', '0', '', '', NULL, '0', '0', '0', '0', '0', '0', '0', '0');
INSERT INTO gossip_menu (`MenuID`, `TextID`) VALUES ('1911', '1872313');
INSERT INTO points_of_interest (`ID`, `PositionX`, `PositionY`, `Icon`, `Flags`, `Importance`, `Name`, `VerifiedBuild`) VALUES ('305', '1849.58', '-4359.69', '6', '99', '0', 'Darkfire Enclave', '0');
INSERT INTO gossip_menu_option (`MenuID`, `OptionID`, `OptionIcon`, `OptionText`, `OptionBroadcastTextID`, `OptionType`, `OptionNpcFlag`, `ActionMenuID`, `ActionPoiID`, `BoxCoded`, `BoxMoney`, `BoxText`, `BoxBroadcastTextID`) VALUES ('1949', '5', '0', 'Warlock', '45407', '1', '1', '1911', '305', '0', '0', '', NULL);
INSERT INTO gossip_text (`ID`, `comment`, `text0_0`, `text0_1`, `BroadcastTextID0`, `lang0`, `Probability0`, `em0_0`, `em0_1`, `em0_2`, `em0_3`, `em0_4`, `em0_5`, `text1_0`, `text1_1`, `BroadcastTextID1`, `lang1`, `Probability1`, `em1_0`, `em1_1`, `em1_2`, `em1_3`, `em1_4`, `em1_5`, `text2_0`, `text2_1`, `BroadcastTextID2`, `lang2`, `Probability2`, `em2_0`, `em2_1`, `em2_2`, `em2_3`, `em2_4`, `em2_5`, `text3_0`, `text3_1`, `BroadcastTextID3`, `lang3`, `Probability3`, `em3_0`, `em3_1`, `em3_2`, `em3_3`, `em3_4`, `em3_5`, `text4_0`, `text4_1`, `BroadcastTextID4`, `lang4`, `Probability4`, `em4_0`, `em4_1`, `em4_2`, `em4_3`, `em4_4`, `em4_5`, `text5_0`, `text5_1`, `BroadcastTextID5`, `lang5`, `Probability5`, `em5_0`, `em5_1`, `em5_2`, `em5_3`, `em5_4`, `em5_5`, `text6_0`, `text6_1`, `BroadcastTextID6`, `lang6`, `Probability6`, `em6_0`, `em6_1`, `em6_2`, `em6_3`, `em6_4`, `em6_5`, `text7_0`, `text7_1`, `BroadcastTextID7`, `lang7`, `Probability7`, `em7_0`, `em7_1`, `em7_2`, `em7_3`, `em7_4`, `em7_5`) VALUES ('1872314', 'Imported from TC', 'Speak to Grezz Ragefist in the Hall of the Brave, which is in the Valley of Honor.  Put in a good word for me!', 'Speak to Grezz Ragefist in the Hall of the Brave, which is in the Valley of Honor.  Put in a good word for me!', '4817', '1', '80', '0', '0', '0', '0', '0', '0', 'Find the Hall of the Brave in the Valley of Honor and speak to Grezz Ragefist.  Let them know that I\'ll be reporting back in after my shift here.', 'Find the Hall of the Brave in the Valley of Honor and speak to Grezz Ragefist.  Let them know that I\'ll be reporting back in after my shift here.', '4818', '1', '20', '0', '0', '0', '0', '0', '0', '', '', NULL, '0', '0', '0', '0', '0', '0', '0', '0', '', '', NULL, '0', '0', '0', '0', '0', '0', '0', '0', '', '', NULL, '0', '0', '0', '0', '0', '0', '0', '0', '', '', NULL, '0', '0', '0', '0', '0', '0', '0', '0', '', '', NULL, '0', '0', '0', '0', '0', '0', '0', '0', '', '', NULL, '0', '0', '0', '0', '0', '0', '0', '0');
INSERT INTO gossip_menu (`MenuID`, `TextID`) VALUES ('1912', '1872314');
INSERT INTO points_of_interest (`ID`, `PositionX`, `PositionY`, `Icon`, `Flags`, `Importance`, `Name`, `VerifiedBuild`) VALUES ('306', '1983.92', '-4794.21', '6', '99', '0', 'Hall of the Brave', '0');
INSERT INTO gossip_menu_option (`MenuID`, `OptionID`, `OptionIcon`, `OptionText`, `OptionBroadcastTextID`, `OptionType`, `OptionNpcFlag`, `ActionMenuID`, `ActionPoiID`, `BoxCoded`, `BoxMoney`, `BoxText`, `BoxBroadcastTextID`) VALUES ('1949', '6', '0', 'Warrior', '45408', '1', '1', '1912', '306', '0', '0', '', NULL);
INSERT INTO gossip_text (`ID`, `comment`, `text0_0`, `text0_1`, `BroadcastTextID0`, `lang0`, `Probability0`, `em0_0`, `em0_1`, `em0_2`, `em0_3`, `em0_4`, `em0_5`, `text1_0`, `text1_1`, `BroadcastTextID1`, `lang1`, `Probability1`, `em1_0`, `em1_1`, `em1_2`, `em1_3`, `em1_4`, `em1_5`, `text2_0`, `text2_1`, `BroadcastTextID2`, `lang2`, `Probability2`, `em2_0`, `em2_1`, `em2_2`, `em2_3`, `em2_4`, `em2_5`, `text3_0`, `text3_1`, `BroadcastTextID3`, `lang3`, `Probability3`, `em3_0`, `em3_1`, `em3_2`, `em3_3`, `em3_4`, `em3_5`, `text4_0`, `text4_1`, `BroadcastTextID4`, `lang4`, `Probability4`, `em4_0`, `em4_1`, `em4_2`, `em4_3`, `em4_4`, `em4_5`, `text5_0`, `text5_1`, `BroadcastTextID5`, `lang5`, `Probability5`, `em5_0`, `em5_1`, `em5_2`, `em5_3`, `em5_4`, `em5_5`, `text6_0`, `text6_1`, `BroadcastTextID6`, `lang6`, `Probability6`, `em6_0`, `em6_1`, `em6_2`, `em6_3`, `em6_4`, `em6_5`, `text7_0`, `text7_1`, `BroadcastTextID7`, `lang7`, `Probability7`, `em7_0`, `em7_1`, `em7_2`, `em7_3`, `em7_4`, `em7_5`) VALUES ('1872315', 'Imported from TC', 'Master Pyreanor can be found among Thrall\'s advisors in his fortress, Grommash Hold, in the Valley of Wisdom.', 'Master Pyreanor can be found among Thrall\'s advisors in his fortress, Grommash Hold, in the Valley of Wisdom.', '20975', '0', '1', '0', '0', '0', '0', '0', '0', '', '', NULL, '0', '0', '0', '0', '0', '0', '0', '0', '', '', NULL, '0', '0', '0', '0', '0', '0', '0', '0', '', '', NULL, '0', '0', '0', '0', '0', '0', '0', '0', '', '', NULL, '0', '0', '0', '0', '0', '0', '0', '0', '', '', NULL, '0', '0', '0', '0', '0', '0', '0', '0', '', '', NULL, '0', '0', '0', '0', '0', '0', '0', '0', '', '', NULL, '0', '0', '0', '0', '0', '0', '0', '0');
INSERT INTO gossip_menu (`MenuID`, `TextID`) VALUES ('8644', '1872315');
-- POI 303 is already imported
INSERT INTO gossip_menu_option (`MenuID`, `OptionID`, `OptionIcon`, `OptionText`, `OptionBroadcastTextID`, `OptionType`, `OptionNpcFlag`, `ActionMenuID`, `ActionPoiID`, `BoxCoded`, `BoxMoney`, `BoxText`, `BoxBroadcastTextID`) VALUES ('1949', '7', '0', 'Paladin', '48028', '1', '1', '8644', '303', '0', '0', '', NULL);
INSERT INTO gossip_menu_option (`MenuID`, `OptionID`, `OptionIcon`, `OptionText`, `OptionBroadcastTextID`, `OptionType`, `OptionNpcFlag`, `ActionMenuID`, `ActionPoiID`, `BoxCoded`, `BoxMoney`, `BoxText`, `BoxBroadcastTextID`) VALUES ('1951', '12', '0', 'A class trainer', '6792', '1', '1', '1949', NULL, '0', '0', '', NULL);
INSERT INTO gossip_text (`ID`, `comment`, `text0_0`, `text0_1`, `BroadcastTextID0`, `lang0`, `Probability0`, `em0_0`, `em0_1`, `em0_2`, `em0_3`, `em0_4`, `em0_5`, `text1_0`, `text1_1`, `BroadcastTextID1`, `lang1`, `Probability1`, `em1_0`, `em1_1`, `em1_2`, `em1_3`, `em1_4`, `em1_5`, `text2_0`, `text2_1`, `BroadcastTextID2`, `lang2`, `Probability2`, `em2_0`, `em2_1`, `em2_2`, `em2_3`, `em2_4`, `em2_5`, `text3_0`, `text3_1`, `BroadcastTextID3`, `lang3`, `Probability3`, `em3_0`, `em3_1`, `em3_2`, `em3_3`, `em3_4`, `em3_5`, `text4_0`, `text4_1`, `BroadcastTextID4`, `lang4`, `Probability4`, `em4_0`, `em4_1`, `em4_2`, `em4_3`, `em4_4`, `em4_5`, `text5_0`, `text5_1`, `BroadcastTextID5`, `lang5`, `Probability5`, `em5_0`, `em5_1`, `em5_2`, `em5_3`, `em5_4`, `em5_5`, `text6_0`, `text6_1`, `BroadcastTextID6`, `lang6`, `Probability6`, `em6_0`, `em6_1`, `em6_2`, `em6_3`, `em6_4`, `em6_5`, `text7_0`, `text7_1`, `BroadcastTextID7`, `lang7`, `Probability7`, `em7_0`, `em7_1`, `em7_2`, `em7_3`, `em7_4`, `em7_5`) VALUES ('1872316', 'Imported from TC', 'Which profession?', 'Which profession?', '6775', '1', '100', '0', '0', '0', '0', '0', '0', '', '', NULL, '0', '0', '0', '0', '0', '0', '0', '0', '', '', NULL, '0', '0', '0', '0', '0', '0', '0', '0', '', '', NULL, '0', '0', '0', '0', '0', '0', '0', '0', '', '', NULL, '0', '0', '0', '0', '0', '0', '0', '0', '', '', NULL, '0', '0', '0', '0', '0', '0', '0', '0', '', '', NULL, '0', '0', '0', '0', '0', '0', '0', '0', '', '', NULL, '0', '0', '0', '0', '0', '0', '0', '0');
INSERT INTO gossip_menu (`MenuID`, `TextID`) VALUES ('1942', '1872316');
INSERT INTO gossip_text (`ID`, `comment`, `text0_0`, `text0_1`, `BroadcastTextID0`, `lang0`, `Probability0`, `em0_0`, `em0_1`, `em0_2`, `em0_3`, `em0_4`, `em0_5`, `text1_0`, `text1_1`, `BroadcastTextID1`, `lang1`, `Probability1`, `em1_0`, `em1_1`, `em1_2`, `em1_3`, `em1_4`, `em1_5`, `text2_0`, `text2_1`, `BroadcastTextID2`, `lang2`, `Probability2`, `em2_0`, `em2_1`, `em2_2`, `em2_3`, `em2_4`, `em2_5`, `text3_0`, `text3_1`, `BroadcastTextID3`, `lang3`, `Probability3`, `em3_0`, `em3_1`, `em3_2`, `em3_3`, `em3_4`, `em3_5`, `text4_0`, `text4_1`, `BroadcastTextID4`, `lang4`, `Probability4`, `em4_0`, `em4_1`, `em4_2`, `em4_3`, `em4_4`, `em4_5`, `text5_0`, `text5_1`, `BroadcastTextID5`, `lang5`, `Probability5`, `em5_0`, `em5_1`, `em5_2`, `em5_3`, `em5_4`, `em5_5`, `text6_0`, `text6_1`, `BroadcastTextID6`, `lang6`, `Probability6`, `em6_0`, `em6_1`, `em6_2`, `em6_3`, `em6_4`, `em6_5`, `text7_0`, `text7_1`, `BroadcastTextID7`, `lang7`, `Probability7`, `em7_0`, `em7_1`, `em7_2`, `em7_3`, `em7_4`, `em7_5`) VALUES ('1872317', 'Imported from TC', 'Look for Yelmak\'s Alchemy and Potions.  Find it in the middle of The Drag, west of the huge tree.', 'Look for Yelmak\'s Alchemy and Potions.  Find it in the middle of The Drag, west of the huge tree.', '4761', '1', '80', '0', '0', '0', '0', '0', '0', 'Potions and oils, these are things that Yelmak will teach you of if you are worthy.  Look for his shop in the middle of The Drag.', 'Potions and oils, these are things that Yelmak will teach you of if you are worthy.  Look for his shop in the middle of The Drag.', '4762', '1', '20', '0', '0', '0', '0', '0', '0', '', '', NULL, '0', '0', '0', '0', '0', '0', '0', '0', '', '', NULL, '0', '0', '0', '0', '0', '0', '0', '0', '', '', NULL, '0', '0', '0', '0', '0', '0', '0', '0', '', '', NULL, '0', '0', '0', '0', '0', '0', '0', '0', '', '', NULL, '0', '0', '0', '0', '0', '0', '0', '0', '', '', NULL, '0', '0', '0', '0', '0', '0', '0', '0');
INSERT INTO gossip_menu (`MenuID`, `TextID`) VALUES ('1845', '1872317');
INSERT INTO points_of_interest (`ID`, `PositionX`, `PositionY`, `Icon`, `Flags`, `Importance`, `Name`, `VerifiedBuild`) VALUES ('307', '1955.17', '-4475.8', '6', '99', '0', 'Yelmak\'s Alchemy and Potions', '0');
INSERT INTO gossip_menu_option (`MenuID`, `OptionID`, `OptionIcon`, `OptionText`, `OptionBroadcastTextID`, `OptionType`, `OptionNpcFlag`, `ActionMenuID`, `ActionPoiID`, `BoxCoded`, `BoxMoney`, `BoxText`, `BoxBroadcastTextID`) VALUES ('1942', '0', '0', 'Alchemy', '52058', '1', '1', '1845', '307', '0', '0', '', NULL);
INSERT INTO gossip_text (`ID`, `comment`, `text0_0`, `text0_1`, `BroadcastTextID0`, `lang0`, `Probability0`, `em0_0`, `em0_1`, `em0_2`, `em0_3`, `em0_4`, `em0_5`, `text1_0`, `text1_1`, `BroadcastTextID1`, `lang1`, `Probability1`, `em1_0`, `em1_1`, `em1_2`, `em1_3`, `em1_4`, `em1_5`, `text2_0`, `text2_1`, `BroadcastTextID2`, `lang2`, `Probability2`, `em2_0`, `em2_1`, `em2_2`, `em2_3`, `em2_4`, `em2_5`, `text3_0`, `text3_1`, `BroadcastTextID3`, `lang3`, `Probability3`, `em3_0`, `em3_1`, `em3_2`, `em3_3`, `em3_4`, `em3_5`, `text4_0`, `text4_1`, `BroadcastTextID4`, `lang4`, `Probability4`, `em4_0`, `em4_1`, `em4_2`, `em4_3`, `em4_4`, `em4_5`, `text5_0`, `text5_1`, `BroadcastTextID5`, `lang5`, `Probability5`, `em5_0`, `em5_1`, `em5_2`, `em5_3`, `em5_4`, `em5_5`, `text6_0`, `text6_1`, `BroadcastTextID6`, `lang6`, `Probability6`, `em6_0`, `em6_1`, `em6_2`, `em6_3`, `em6_4`, `em6_5`, `text7_0`, `text7_1`, `BroadcastTextID7`, `lang7`, `Probability7`, `em7_0`, `em7_1`, `em7_2`, `em7_3`, `em7_4`, `em7_5`) VALUES ('1872318', 'Imported from TC', 'Talk to Saru Steelfury at The Burning Anvil.  Go to the Valley of Honor.  It\'s at the end of the path to the right of Red Canyon Mining.', 'Talk to Saru Steelfury at The Burning Anvil.  Go to the Valley of Honor.  It\'s at the end of the path to the right of Red Canyon Mining.', '4763', '1', '80', '0', '0', '0', '0', '0', '0', 'Maybe Saru Steelfury will teach you to make an axe as good as mine some day.  Find him at The Burning Anvil in the Valley of Honor down the path to the right past Red Canyon Mining.', 'Maybe Saru Steelfury will teach you to make an axe as good as mine some day.  Find him at The Burning Anvil in the Valley of Honor down the path to the right past Red Canyon Mining.', '4764', '1', '20', '0', '0', '0', '0', '0', '0', '', '', NULL, '0', '0', '0', '0', '0', '0', '0', '0', '', '', NULL, '0', '0', '0', '0', '0', '0', '0', '0', '', '', NULL, '0', '0', '0', '0', '0', '0', '0', '0', '', '', NULL, '0', '0', '0', '0', '0', '0', '0', '0', '', '', NULL, '0', '0', '0', '0', '0', '0', '0', '0', '', '', NULL, '0', '0', '0', '0', '0', '0', '0', '0');
INSERT INTO gossip_menu (`MenuID`, `TextID`) VALUES ('1846', '1872318');
INSERT INTO points_of_interest (`ID`, `PositionX`, `PositionY`, `Icon`, `Flags`, `Importance`, `Name`, `VerifiedBuild`) VALUES ('308', '2054.34', '-4831.85', '6', '99', '0', 'The Burning Anvil', '0');
INSERT INTO gossip_menu_option (`MenuID`, `OptionID`, `OptionIcon`, `OptionText`, `OptionBroadcastTextID`, `OptionType`, `OptionNpcFlag`, `ActionMenuID`, `ActionPoiID`, `BoxCoded`, `BoxMoney`, `BoxText`, `BoxBroadcastTextID`) VALUES ('1942', '1', '0', 'Blacksmithing', '51346', '1', '1', '1846', '308', '0', '0', '', NULL);
INSERT INTO gossip_text (`ID`, `comment`, `text0_0`, `text0_1`, `BroadcastTextID0`, `lang0`, `Probability0`, `em0_0`, `em0_1`, `em0_2`, `em0_3`, `em0_4`, `em0_5`, `text1_0`, `text1_1`, `BroadcastTextID1`, `lang1`, `Probability1`, `em1_0`, `em1_1`, `em1_2`, `em1_3`, `em1_4`, `em1_5`, `text2_0`, `text2_1`, `BroadcastTextID2`, `lang2`, `Probability2`, `em2_0`, `em2_1`, `em2_2`, `em2_3`, `em2_4`, `em2_5`, `text3_0`, `text3_1`, `BroadcastTextID3`, `lang3`, `Probability3`, `em3_0`, `em3_1`, `em3_2`, `em3_3`, `em3_4`, `em3_5`, `text4_0`, `text4_1`, `BroadcastTextID4`, `lang4`, `Probability4`, `em4_0`, `em4_1`, `em4_2`, `em4_3`, `em4_4`, `em4_5`, `text5_0`, `text5_1`, `BroadcastTextID5`, `lang5`, `Probability5`, `em5_0`, `em5_1`, `em5_2`, `em5_3`, `em5_4`, `em5_5`, `text6_0`, `text6_1`, `BroadcastTextID6`, `lang6`, `Probability6`, `em6_0`, `em6_1`, `em6_2`, `em6_3`, `em6_4`, `em6_5`, `text7_0`, `text7_1`, `BroadcastTextID7`, `lang7`, `Probability7`, `em7_0`, `em7_1`, `em7_2`, `em7_3`, `em7_4`, `em7_5`) VALUES ('1872319', 'Imported from TC', 'You want Zamja at Borstan\'s Firepit on the upper level of The Drag.  Go up the stairs on the left as you enter The Drag from the Valley of Strength.', 'You want Zamja at Borstan\'s Firepit on the upper level of The Drag.  Go up the stairs on the left as you enter The Drag from the Valley of Strength.', '4765', '1', '80', '0', '0', '0', '0', '0', '0', 'You\'ll want to learn from Zamja.  Head to Borstan\'s Firepit on the upper level of The Drag by taking the stairs on the left as you enter from the Valley of Strength.', 'You\'ll want to learn from Zamja.  Head to Borstan\'s Firepit on the upper level of The Drag by taking the stairs on the left as you enter from the Valley of Strength.', '4767', '1', '20', '0', '0', '0', '0', '0', '0', '', '', NULL, '0', '0', '0', '0', '0', '0', '0', '0', '', '', NULL, '0', '0', '0', '0', '0', '0', '0', '0', '', '', NULL, '0', '0', '0', '0', '0', '0', '0', '0', '', '', NULL, '0', '0', '0', '0', '0', '0', '0', '0', '', '', NULL, '0', '0', '0', '0', '0', '0', '0', '0', '', '', NULL, '0', '0', '0', '0', '0', '0', '0', '0');
INSERT INTO gossip_menu (`MenuID`, `TextID`) VALUES ('1861', '1872319');
INSERT INTO points_of_interest (`ID`, `PositionX`, `PositionY`, `Icon`, `Flags`, `Importance`, `Name`, `VerifiedBuild`) VALUES ('309', '1780.97', '-4481.31', '6', '99', '0', 'Borstan\'s Firepit', '0');
INSERT INTO gossip_menu_option (`MenuID`, `OptionID`, `OptionIcon`, `OptionText`, `OptionBroadcastTextID`, `OptionType`, `OptionNpcFlag`, `ActionMenuID`, `ActionPoiID`, `BoxCoded`, `BoxMoney`, `BoxText`, `BoxBroadcastTextID`) VALUES ('1942', '2', '0', 'Cooking', '45763', '1', '1', '1861', '309', '0', '0', '', NULL);
INSERT INTO gossip_text (`ID`, `comment`, `text0_0`, `text0_1`, `BroadcastTextID0`, `lang0`, `Probability0`, `em0_0`, `em0_1`, `em0_2`, `em0_3`, `em0_4`, `em0_5`, `text1_0`, `text1_1`, `BroadcastTextID1`, `lang1`, `Probability1`, `em1_0`, `em1_1`, `em1_2`, `em1_3`, `em1_4`, `em1_5`, `text2_0`, `text2_1`, `BroadcastTextID2`, `lang2`, `Probability2`, `em2_0`, `em2_1`, `em2_2`, `em2_3`, `em2_4`, `em2_5`, `text3_0`, `text3_1`, `BroadcastTextID3`, `lang3`, `Probability3`, `em3_0`, `em3_1`, `em3_2`, `em3_3`, `em3_4`, `em3_5`, `text4_0`, `text4_1`, `BroadcastTextID4`, `lang4`, `Probability4`, `em4_0`, `em4_1`, `em4_2`, `em4_3`, `em4_4`, `em4_5`, `text5_0`, `text5_1`, `BroadcastTextID5`, `lang5`, `Probability5`, `em5_0`, `em5_1`, `em5_2`, `em5_3`, `em5_4`, `em5_5`, `text6_0`, `text6_1`, `BroadcastTextID6`, `lang6`, `Probability6`, `em6_0`, `em6_1`, `em6_2`, `em6_3`, `em6_4`, `em6_5`, `text7_0`, `text7_1`, `BroadcastTextID7`, `lang7`, `Probability7`, `em7_0`, `em7_1`, `em7_2`, `em7_3`, `em7_4`, `em7_5`) VALUES ('1872320', 'Imported from TC', 'Godan\'s Runeworks is where you\'ll go.  Look for it on the west end of The Drag, right next to the Valley of Wisdom.', 'Godan\'s Runeworks is where you\'ll go.  Look for it on the west end of The Drag, right next to the Valley of Wisdom.', '4769', '1', '80', '0', '0', '0', '0', '0', '0', 'Can you enchant my axe?  I\'ll want a permanent.  Maybe later then.  Find Godan\'s Runeworks on the west end of The Drag near the Valley of Wisdom.', 'Can you enchant my axe?  I\'ll want a permanent.  Maybe later then.  Find Godan\'s Runeworks on the west end of The Drag near the Valley of Wisdom.', '4770', '1', '20', '0', '0', '0', '0', '0', '0', '', '', NULL, '0', '0', '0', '0', '0', '0', '0', '0', '', '', NULL, '0', '0', '0', '0', '0', '0', '0', '0', '', '', NULL, '0', '0', '0', '0', '0', '0', '0', '0', '', '', NULL, '0', '0', '0', '0', '0', '0', '0', '0', '', '', NULL, '0', '0', '0', '0', '0', '0', '0', '0', '', '', NULL, '0', '0', '0', '0', '0', '0', '0', '0');
INSERT INTO gossip_menu (`MenuID`, `TextID`) VALUES ('1862', '1872320');
INSERT INTO points_of_interest (`ID`, `PositionX`, `PositionY`, `Icon`, `Flags`, `Importance`, `Name`, `VerifiedBuild`) VALUES ('310', '1917.5', '-4434.95', '6', '99', '0', 'Godan\'s Runeworks', '0');
INSERT INTO gossip_menu_option (`MenuID`, `OptionID`, `OptionIcon`, `OptionText`, `OptionBroadcastTextID`, `OptionType`, `OptionNpcFlag`, `ActionMenuID`, `ActionPoiID`, `BoxCoded`, `BoxMoney`, `BoxText`, `BoxBroadcastTextID`) VALUES ('1942', '3', '0', 'Enchanting', '52063', '1', '1', '1862', '310', '0', '0', '', NULL);
INSERT INTO gossip_text (`ID`, `comment`, `text0_0`, `text0_1`, `BroadcastTextID0`, `lang0`, `Probability0`, `em0_0`, `em0_1`, `em0_2`, `em0_3`, `em0_4`, `em0_5`, `text1_0`, `text1_1`, `BroadcastTextID1`, `lang1`, `Probability1`, `em1_0`, `em1_1`, `em1_2`, `em1_3`, `em1_4`, `em1_5`, `text2_0`, `text2_1`, `BroadcastTextID2`, `lang2`, `Probability2`, `em2_0`, `em2_1`, `em2_2`, `em2_3`, `em2_4`, `em2_5`, `text3_0`, `text3_1`, `BroadcastTextID3`, `lang3`, `Probability3`, `em3_0`, `em3_1`, `em3_2`, `em3_3`, `em3_4`, `em3_5`, `text4_0`, `text4_1`, `BroadcastTextID4`, `lang4`, `Probability4`, `em4_0`, `em4_1`, `em4_2`, `em4_3`, `em4_4`, `em4_5`, `text5_0`, `text5_1`, `BroadcastTextID5`, `lang5`, `Probability5`, `em5_0`, `em5_1`, `em5_2`, `em5_3`, `em5_4`, `em5_5`, `text6_0`, `text6_1`, `BroadcastTextID6`, `lang6`, `Probability6`, `em6_0`, `em6_1`, `em6_2`, `em6_3`, `em6_4`, `em6_5`, `text7_0`, `text7_1`, `BroadcastTextID7`, `lang7`, `Probability7`, `em7_0`, `em7_1`, `em7_2`, `em7_3`, `em7_4`, `em7_5`) VALUES ('1872321', 'Imported from TC', 'Look for Nogg\'s Machine Shop in the Valley of Honor northeast of Red Canyon Mining.', 'Look for Nogg\'s Machine Shop in the Valley of Honor northeast of Red Canyon Mining.', '4974', '1', '80', '0', '0', '0', '0', '0', '0', 'You\'ll find that goblin and his toy shop in the Valley of Honor.', 'You\'ll find that goblin and his toy shop in the Valley of Honor.', '4975', '1', '20', '0', '0', '0', '0', '0', '0', '', '', NULL, '0', '0', '0', '0', '0', '0', '0', '0', '', '', NULL, '0', '0', '0', '0', '0', '0', '0', '0', '', '', NULL, '0', '0', '0', '0', '0', '0', '0', '0', '', '', NULL, '0', '0', '0', '0', '0', '0', '0', '0', '', '', NULL, '0', '0', '0', '0', '0', '0', '0', '0', '', '', NULL, '0', '0', '0', '0', '0', '0', '0', '0');
INSERT INTO gossip_menu (`MenuID`, `TextID`) VALUES ('1981', '1872321');
INSERT INTO points_of_interest (`ID`, `PositionX`, `PositionY`, `Icon`, `Flags`, `Importance`, `Name`, `VerifiedBuild`) VALUES ('311', '2038.46', '-4744.76', '6', '99', '0', 'Nogg\'s Machine Shop', '0');
INSERT INTO gossip_menu_option (`MenuID`, `OptionID`, `OptionIcon`, `OptionText`, `OptionBroadcastTextID`, `OptionType`, `OptionNpcFlag`, `ActionMenuID`, `ActionPoiID`, `BoxCoded`, `BoxMoney`, `BoxText`, `BoxBroadcastTextID`) VALUES ('1942', '4', '0', 'Engineering', '51347', '1', '1', '1981', '311', '0', '0', '', NULL);
INSERT INTO gossip_text (`ID`, `comment`, `text0_0`, `text0_1`, `BroadcastTextID0`, `lang0`, `Probability0`, `em0_0`, `em0_1`, `em0_2`, `em0_3`, `em0_4`, `em0_5`, `text1_0`, `text1_1`, `BroadcastTextID1`, `lang1`, `Probability1`, `em1_0`, `em1_1`, `em1_2`, `em1_3`, `em1_4`, `em1_5`, `text2_0`, `text2_1`, `BroadcastTextID2`, `lang2`, `Probability2`, `em2_0`, `em2_1`, `em2_2`, `em2_3`, `em2_4`, `em2_5`, `text3_0`, `text3_1`, `BroadcastTextID3`, `lang3`, `Probability3`, `em3_0`, `em3_1`, `em3_2`, `em3_3`, `em3_4`, `em3_5`, `text4_0`, `text4_1`, `BroadcastTextID4`, `lang4`, `Probability4`, `em4_0`, `em4_1`, `em4_2`, `em4_3`, `em4_4`, `em4_5`, `text5_0`, `text5_1`, `BroadcastTextID5`, `lang5`, `Probability5`, `em5_0`, `em5_1`, `em5_2`, `em5_3`, `em5_4`, `em5_5`, `text6_0`, `text6_1`, `BroadcastTextID6`, `lang6`, `Probability6`, `em6_0`, `em6_1`, `em6_2`, `em6_3`, `em6_4`, `em6_5`, `text7_0`, `text7_1`, `BroadcastTextID7`, `lang7`, `Probability7`, `em7_0`, `em7_1`, `em7_2`, `em7_3`, `em7_4`, `em7_5`) VALUES ('1872322', 'Imported from TC', 'Arnok makes good bandages.  Find him at the Survival of the Fittest hut on the shore of the lake next to Spirit Lodge in the Valley of Spirits.  It\'s above and to the west of the Valley of Strength.', 'Arnok makes good bandages.  Find him at the Survival of the Fittest hut on the shore of the lake next to Spirit Lodge in the Valley of Spirits.  It\'s above and to the west of the Valley of Strength.', '4772', '1', '80', '0', '0', '0', '0', '0', '0', 'I guess someone needs to bandage us warriors up after the fighting.  Seek out Arnok at the Survival of the Fittest hut next to the Spirit Lodge in the Valley of Spirits.  Look up above and to the west of the Valley of Strength for a lake.  That\'s where he\'s at.', 'I guess someone needs to bandage us warriors up after the fighting.  Seek out Arnok at the Survival of the Fittest hut next to the Spirit Lodge in the Valley of Spirits.  Look up above and to the west of the Valley of Strength for a lake.  That\'s where he\'s at.', '4773', '1', '20', '0', '0', '0', '0', '0', '0', '', '', NULL, '0', '0', '0', '0', '0', '0', '0', '0', '', '', NULL, '0', '0', '0', '0', '0', '0', '0', '0', '', '', NULL, '0', '0', '0', '0', '0', '0', '0', '0', '', '', NULL, '0', '0', '0', '0', '0', '0', '0', '0', '', '', NULL, '0', '0', '0', '0', '0', '0', '0', '0', '', '', NULL, '0', '0', '0', '0', '0', '0', '0', '0');
INSERT INTO gossip_menu (`MenuID`, `TextID`) VALUES ('1863', '1872322');
INSERT INTO points_of_interest (`ID`, `PositionX`, `PositionY`, `Icon`, `Flags`, `Importance`, `Name`, `VerifiedBuild`) VALUES ('312', '1485.22', '-4160.91', '6', '99', '0', 'Survival of the Fittest', '0');
INSERT INTO gossip_menu_option (`MenuID`, `OptionID`, `OptionIcon`, `OptionText`, `OptionBroadcastTextID`, `OptionType`, `OptionNpcFlag`, `ActionMenuID`, `ActionPoiID`, `BoxCoded`, `BoxMoney`, `BoxText`, `BoxBroadcastTextID`) VALUES ('1942', '5', '0', 'First Aid', '52066', '1', '1', '1863', '312', '0', '0', '', NULL);
INSERT INTO gossip_text (`ID`, `comment`, `text0_0`, `text0_1`, `BroadcastTextID0`, `lang0`, `Probability0`, `em0_0`, `em0_1`, `em0_2`, `em0_3`, `em0_4`, `em0_5`, `text1_0`, `text1_1`, `BroadcastTextID1`, `lang1`, `Probability1`, `em1_0`, `em1_1`, `em1_2`, `em1_3`, `em1_4`, `em1_5`, `text2_0`, `text2_1`, `BroadcastTextID2`, `lang2`, `Probability2`, `em2_0`, `em2_1`, `em2_2`, `em2_3`, `em2_4`, `em2_5`, `text3_0`, `text3_1`, `BroadcastTextID3`, `lang3`, `Probability3`, `em3_0`, `em3_1`, `em3_2`, `em3_3`, `em3_4`, `em3_5`, `text4_0`, `text4_1`, `BroadcastTextID4`, `lang4`, `Probability4`, `em4_0`, `em4_1`, `em4_2`, `em4_3`, `em4_4`, `em4_5`, `text5_0`, `text5_1`, `BroadcastTextID5`, `lang5`, `Probability5`, `em5_0`, `em5_1`, `em5_2`, `em5_3`, `em5_4`, `em5_5`, `text6_0`, `text6_1`, `BroadcastTextID6`, `lang6`, `Probability6`, `em6_0`, `em6_1`, `em6_2`, `em6_3`, `em6_4`, `em6_5`, `text7_0`, `text7_1`, `BroadcastTextID7`, `lang7`, `Probability7`, `em7_0`, `em7_1`, `em7_2`, `em7_3`, `em7_4`, `em7_5`) VALUES ('1872323', 'Imported from TC', 'That Lumak... always fishing instead of fighting.  You\'ll find him out on his dock on the lake in the Valley of Honor.  While you\'re there say hi to Shankys for me.', 'That Lumak... always fishing instead of fighting.  You\'ll find him out on his dock on the lake in the Valley of Honor.  While you\'re there say hi to Shankys for me.', '4774', '1', '80', '0', '0', '0', '0', '0', '0', 'Fishing is a sport for the old who have not died in battle!  Go find Lumak on the lake in the Valley of Honor.', 'Fishing is a sport for the old who have not died in battle!  Go find Lumak on the lake in the Valley of Honor.', '4775', '1', '20', '0', '0', '0', '0', '0', '0', '', '', NULL, '0', '0', '0', '0', '0', '0', '0', '0', '', '', NULL, '0', '0', '0', '0', '0', '0', '0', '0', '', '', NULL, '0', '0', '0', '0', '0', '0', '0', '0', '', '', NULL, '0', '0', '0', '0', '0', '0', '0', '0', '', '', NULL, '0', '0', '0', '0', '0', '0', '0', '0', '', '', NULL, '0', '0', '0', '0', '0', '0', '0', '0');
INSERT INTO gossip_menu (`MenuID`, `TextID`) VALUES ('1864', '1872323');
INSERT INTO points_of_interest (`ID`, `PositionX`, `PositionY`, `Icon`, `Flags`, `Importance`, `Name`, `VerifiedBuild`) VALUES ('313', '1994.15', '-4655.7', '6', '99', '0', 'Lumak\'s Fishing', '0');
INSERT INTO gossip_menu_option (`MenuID`, `OptionID`, `OptionIcon`, `OptionText`, `OptionBroadcastTextID`, `OptionType`, `OptionNpcFlag`, `ActionMenuID`, `ActionPoiID`, `BoxCoded`, `BoxMoney`, `BoxText`, `BoxBroadcastTextID`) VALUES ('1942', '6', '0', 'Fishing', '45767', '1', '1', '1864', '313', '0', '0', '', NULL);
INSERT INTO gossip_text (`ID`, `comment`, `text0_0`, `text0_1`, `BroadcastTextID0`, `lang0`, `Probability0`, `em0_0`, `em0_1`, `em0_2`, `em0_3`, `em0_4`, `em0_5`, `text1_0`, `text1_1`, `BroadcastTextID1`, `lang1`, `Probability1`, `em1_0`, `em1_1`, `em1_2`, `em1_3`, `em1_4`, `em1_5`, `text2_0`, `text2_1`, `BroadcastTextID2`, `lang2`, `Probability2`, `em2_0`, `em2_1`, `em2_2`, `em2_3`, `em2_4`, `em2_5`, `text3_0`, `text3_1`, `BroadcastTextID3`, `lang3`, `Probability3`, `em3_0`, `em3_1`, `em3_2`, `em3_3`, `em3_4`, `em3_5`, `text4_0`, `text4_1`, `BroadcastTextID4`, `lang4`, `Probability4`, `em4_0`, `em4_1`, `em4_2`, `em4_3`, `em4_4`, `em4_5`, `text5_0`, `text5_1`, `BroadcastTextID5`, `lang5`, `Probability5`, `em5_0`, `em5_1`, `em5_2`, `em5_3`, `em5_4`, `em5_5`, `text6_0`, `text6_1`, `BroadcastTextID6`, `lang6`, `Probability6`, `em6_0`, `em6_1`, `em6_2`, `em6_3`, `em6_4`, `em6_5`, `text7_0`, `text7_1`, `BroadcastTextID7`, `lang7`, `Probability7`, `em7_0`, `em7_1`, `em7_2`, `em7_3`, `em7_4`, `em7_5`) VALUES ('1872324', 'Imported from TC', 'Herbs... you need to speak to Jandi at her arboretum in The Drag.  There are some wooden steps behind Asoran\'s Market in the Valley of Wisdom.  Follow them to the upper level of The Drag and you\'ll find her.', 'Herbs... you need to speak to Jandi at her arboretum in The Drag.  There are some wooden steps behind Asoran\'s Market in the Valley of Wisdom.  Follow them to the upper level of The Drag and you\'ll find her.', '4776', '1', '80', '0', '0', '0', '0', '0', '0', 'Ya man, you be wantin Jandi\'s Arboretum.  Did I just say that?  Glok\'tar I must be tired!  Follow the wooden steps behind Asoran\'s Market in the Valley of Wisdom up into The Drag and you\'ll find Jandi\'s there on the upper level.', 'Ya man, you be wantin Jandi\'s Arboretum.  Did I just say that?  Glok\'tar I must be tired!  Follow the wooden steps behind Asoran\'s Market in the Valley of Wisdom up into The Drag and you\'ll find Jandi\'s there on the upper level.', '4777', '1', '20', '0', '0', '0', '0', '0', '0', '', '', NULL, '0', '0', '0', '0', '0', '0', '0', '0', '', '', NULL, '0', '0', '0', '0', '0', '0', '0', '0', '', '', NULL, '0', '0', '0', '0', '0', '0', '0', '0', '', '', NULL, '0', '0', '0', '0', '0', '0', '0', '0', '', '', NULL, '0', '0', '0', '0', '0', '0', '0', '0', '', '', NULL, '0', '0', '0', '0', '0', '0', '0', '0');
INSERT INTO gossip_menu (`MenuID`, `TextID`) VALUES ('1865', '1872324');
INSERT INTO points_of_interest (`ID`, `PositionX`, `PositionY`, `Icon`, `Flags`, `Importance`, `Name`, `VerifiedBuild`) VALUES ('314', '1898.62', '-4454.94', '6', '99', '0', 'Jandi\'s Arboretum', '0');
INSERT INTO gossip_menu_option (`MenuID`, `OptionID`, `OptionIcon`, `OptionText`, `OptionBroadcastTextID`, `OptionType`, `OptionNpcFlag`, `ActionMenuID`, `ActionPoiID`, `BoxCoded`, `BoxMoney`, `BoxText`, `BoxBroadcastTextID`) VALUES ('1942', '7', '0', 'Herbalism', '45768', '1', '1', '1865', '314', '0', '0', '', NULL);
INSERT INTO gossip_text (`ID`, `comment`, `text0_0`, `text0_1`, `BroadcastTextID0`, `lang0`, `Probability0`, `em0_0`, `em0_1`, `em0_2`, `em0_3`, `em0_4`, `em0_5`, `text1_0`, `text1_1`, `BroadcastTextID1`, `lang1`, `Probability1`, `em1_0`, `em1_1`, `em1_2`, `em1_3`, `em1_4`, `em1_5`, `text2_0`, `text2_1`, `BroadcastTextID2`, `lang2`, `Probability2`, `em2_0`, `em2_1`, `em2_2`, `em2_3`, `em2_4`, `em2_5`, `text3_0`, `text3_1`, `BroadcastTextID3`, `lang3`, `Probability3`, `em3_0`, `em3_1`, `em3_2`, `em3_3`, `em3_4`, `em3_5`, `text4_0`, `text4_1`, `BroadcastTextID4`, `lang4`, `Probability4`, `em4_0`, `em4_1`, `em4_2`, `em4_3`, `em4_4`, `em4_5`, `text5_0`, `text5_1`, `BroadcastTextID5`, `lang5`, `Probability5`, `em5_0`, `em5_1`, `em5_2`, `em5_3`, `em5_4`, `em5_5`, `text6_0`, `text6_1`, `BroadcastTextID6`, `lang6`, `Probability6`, `em6_0`, `em6_1`, `em6_2`, `em6_3`, `em6_4`, `em6_5`, `text7_0`, `text7_1`, `BroadcastTextID7`, `lang7`, `Probability7`, `em7_0`, `em7_1`, `em7_2`, `em7_3`, `em7_4`, `em7_5`) VALUES ('13888', 'Imported from TC', 'Jo\'mah is in a building on the second floor of The Drag.', 'Jo\'mah is in a building on the second floor of The Drag.', '31558', '0', '1', '0', '0', '0', '0', '0', '0', '', '', NULL, '0', '0', '0', '0', '0', '0', '0', '0', '', '', NULL, '0', '0', '0', '0', '0', '0', '0', '0', '', '', NULL, '0', '0', '0', '0', '0', '0', '0', '0', '', '', NULL, '0', '0', '0', '0', '0', '0', '0', '0', '', '', NULL, '0', '0', '0', '0', '0', '0', '0', '0', '', '', NULL, '0', '0', '0', '0', '0', '0', '0', '0', '', '', NULL, '0', '0', '0', '0', '0', '0', '0', '0');
INSERT INTO gossip_menu (`MenuID`, `TextID`) VALUES ('10017', '13888');
INSERT INTO points_of_interest (`ID`, `PositionX`, `PositionY`, `Icon`, `Flags`, `Importance`, `Name`, `VerifiedBuild`) VALUES ('189', '1842', '-4477.72', '6', '99', '0', 'Orgrimmar Inscription', '0');
INSERT INTO gossip_menu_option (`MenuID`, `OptionID`, `OptionIcon`, `OptionText`, `OptionBroadcastTextID`, `OptionType`, `OptionNpcFlag`, `ActionMenuID`, `ActionPoiID`, `BoxCoded`, `BoxMoney`, `BoxText`, `BoxBroadcastTextID`, `patch_min`) VALUES ('1942', '8', '0', 'Inscription', '48811', '1', '1', '10017', '189', '0', '0', '', NULL, '5');
INSERT INTO gossip_text (`ID`, `comment`, `text0_0`, `text0_1`, `BroadcastTextID0`, `lang0`, `Probability0`, `em0_0`, `em0_1`, `em0_2`, `em0_3`, `em0_4`, `em0_5`, `text1_0`, `text1_1`, `BroadcastTextID1`, `lang1`, `Probability1`, `em1_0`, `em1_1`, `em1_2`, `em1_3`, `em1_4`, `em1_5`, `text2_0`, `text2_1`, `BroadcastTextID2`, `lang2`, `Probability2`, `em2_0`, `em2_1`, `em2_2`, `em2_3`, `em2_4`, `em2_5`, `text3_0`, `text3_1`, `BroadcastTextID3`, `lang3`, `Probability3`, `em3_0`, `em3_1`, `em3_2`, `em3_3`, `em3_4`, `em3_5`, `text4_0`, `text4_1`, `BroadcastTextID4`, `lang4`, `Probability4`, `em4_0`, `em4_1`, `em4_2`, `em4_3`, `em4_4`, `em4_5`, `text5_0`, `text5_1`, `BroadcastTextID5`, `lang5`, `Probability5`, `em5_0`, `em5_1`, `em5_2`, `em5_3`, `em5_4`, `em5_5`, `text6_0`, `text6_1`, `BroadcastTextID6`, `lang6`, `Probability6`, `em6_0`, `em6_1`, `em6_2`, `em6_3`, `em6_4`, `em6_5`, `text7_0`, `text7_1`, `BroadcastTextID7`, `lang7`, `Probability7`, `em7_0`, `em7_1`, `em7_2`, `em7_3`, `em7_4`, `em7_5`) VALUES ('1872325', 'Imported from TC', 'Go to Kodohide Leatherworkers in The Drag. Ask for Karolek.', 'Go to Kodohide Leatherworkers in The Drag. Ask for Karolek.', '4778', '1', '80', '0', '0', '0', '0', '0', '0', 'Kodohide Leatherworkers is what you want.  Find it in the middle of The Drag.', 'Kodohide Leatherworkers is what you want.  Find it in the middle of The Drag.', '4779', '1', '20', '0', '0', '0', '0', '0', '0', '', '', NULL, '0', '0', '0', '0', '0', '0', '0', '0', '', '', NULL, '0', '0', '0', '0', '0', '0', '0', '0', '', '', NULL, '0', '0', '0', '0', '0', '0', '0', '0', '', '', NULL, '0', '0', '0', '0', '0', '0', '0', '0', '', '', NULL, '0', '0', '0', '0', '0', '0', '0', '0', '', '', NULL, '0', '0', '0', '0', '0', '0', '0', '0');
INSERT INTO gossip_menu (`MenuID`, `TextID`) VALUES ('1866', '1872325');
INSERT INTO points_of_interest (`ID`, `PositionX`, `PositionY`, `Icon`, `Flags`, `Importance`, `Name`, `VerifiedBuild`) VALUES ('316', '1852.83', '-4562.32', '6', '99', '0', 'Kodohide Leatherworkers', '0');
INSERT INTO gossip_menu_option (`MenuID`, `OptionID`, `OptionIcon`, `OptionText`, `OptionBroadcastTextID`, `OptionType`, `OptionNpcFlag`, `ActionMenuID`, `ActionPoiID`, `BoxCoded`, `BoxMoney`, `BoxText`, `BoxBroadcastTextID`) VALUES ('1942', '9', '0', 'Leatherworking', '52071', '1', '1', '1866', '316', '0', '0', '', NULL);
INSERT INTO gossip_text (`ID`, `comment`, `text0_0`, `text0_1`, `BroadcastTextID0`, `lang0`, `Probability0`, `em0_0`, `em0_1`, `em0_2`, `em0_3`, `em0_4`, `em0_5`, `text1_0`, `text1_1`, `BroadcastTextID1`, `lang1`, `Probability1`, `em1_0`, `em1_1`, `em1_2`, `em1_3`, `em1_4`, `em1_5`, `text2_0`, `text2_1`, `BroadcastTextID2`, `lang2`, `Probability2`, `em2_0`, `em2_1`, `em2_2`, `em2_3`, `em2_4`, `em2_5`, `text3_0`, `text3_1`, `BroadcastTextID3`, `lang3`, `Probability3`, `em3_0`, `em3_1`, `em3_2`, `em3_3`, `em3_4`, `em3_5`, `text4_0`, `text4_1`, `BroadcastTextID4`, `lang4`, `Probability4`, `em4_0`, `em4_1`, `em4_2`, `em4_3`, `em4_4`, `em4_5`, `text5_0`, `text5_1`, `BroadcastTextID5`, `lang5`, `Probability5`, `em5_0`, `em5_1`, `em5_2`, `em5_3`, `em5_4`, `em5_5`, `text6_0`, `text6_1`, `BroadcastTextID6`, `lang6`, `Probability6`, `em6_0`, `em6_1`, `em6_2`, `em6_3`, `em6_4`, `em6_5`, `text7_0`, `text7_1`, `BroadcastTextID7`, `lang7`, `Probability7`, `em7_0`, `em7_1`, `em7_2`, `em7_3`, `em7_4`, `em7_5`) VALUES ('1872326', 'Imported from TC', 'Find Red Canyon Mining northeast of the lake in the Valley of Honor.  Speak to Makaru there.', 'Find Red Canyon Mining northeast of the lake in the Valley of Honor.  Speak to Makaru there.', '4782', '1', '80', '0', '0', '0', '0', '0', '0', 'Makaru can be found day and night at Red Canyon Mining in the Valley of Honor, just off the lake.', 'Makaru can be found day and night at Red Canyon Mining in the Valley of Honor, just off the lake.', '4783', '1', '20', '0', '0', '0', '0', '0', '0', '', '', NULL, '0', '0', '0', '0', '0', '0', '0', '0', '', '', NULL, '0', '0', '0', '0', '0', '0', '0', '0', '', '', NULL, '0', '0', '0', '0', '0', '0', '0', '0', '', '', NULL, '0', '0', '0', '0', '0', '0', '0', '0', '', '', NULL, '0', '0', '0', '0', '0', '0', '0', '0', '', '', NULL, '0', '0', '0', '0', '0', '0', '0', '0');
INSERT INTO gossip_menu (`MenuID`, `TextID`) VALUES ('1868', '1872326');
INSERT INTO points_of_interest (`ID`, `PositionX`, `PositionY`, `Icon`, `Flags`, `Importance`, `Name`, `VerifiedBuild`) VALUES ('315', '2029.79', '-4704.08', '6', '99', '0', 'Red Canyon Mining', '0');
INSERT INTO gossip_menu_option (`MenuID`, `OptionID`, `OptionIcon`, `OptionText`, `OptionBroadcastTextID`, `OptionType`, `OptionNpcFlag`, `ActionMenuID`, `ActionPoiID`, `BoxCoded`, `BoxMoney`, `BoxText`, `BoxBroadcastTextID`) VALUES ('1942', '10', '0', 'Mining', '51348', '1', '1', '1868', '315', '0', '0', '', NULL);
INSERT INTO gossip_text (`ID`, `comment`, `text0_0`, `text0_1`, `BroadcastTextID0`, `lang0`, `Probability0`, `em0_0`, `em0_1`, `em0_2`, `em0_3`, `em0_4`, `em0_5`, `text1_0`, `text1_1`, `BroadcastTextID1`, `lang1`, `Probability1`, `em1_0`, `em1_1`, `em1_2`, `em1_3`, `em1_4`, `em1_5`, `text2_0`, `text2_1`, `BroadcastTextID2`, `lang2`, `Probability2`, `em2_0`, `em2_1`, `em2_2`, `em2_3`, `em2_4`, `em2_5`, `text3_0`, `text3_1`, `BroadcastTextID3`, `lang3`, `Probability3`, `em3_0`, `em3_1`, `em3_2`, `em3_3`, `em3_4`, `em3_5`, `text4_0`, `text4_1`, `BroadcastTextID4`, `lang4`, `Probability4`, `em4_0`, `em4_1`, `em4_2`, `em4_3`, `em4_4`, `em4_5`, `text5_0`, `text5_1`, `BroadcastTextID5`, `lang5`, `Probability5`, `em5_0`, `em5_1`, `em5_2`, `em5_3`, `em5_4`, `em5_5`, `text6_0`, `text6_1`, `BroadcastTextID6`, `lang6`, `Probability6`, `em6_0`, `em6_1`, `em6_2`, `em6_3`, `em6_4`, `em6_5`, `text7_0`, `text7_1`, `BroadcastTextID7`, `lang7`, `Probability7`, `em7_0`, `em7_1`, `em7_2`, `em7_3`, `em7_4`, `em7_5`) VALUES ('1872327', 'Imported from TC', 'Thuwd will show you how to skin your kills.  Look for him at Kodohide Leatherworkers in The Drag.', 'Thuwd will show you how to skin your kills.  Look for him at Kodohide Leatherworkers in The Drag.', '4784', '1', '80', '0', '0', '0', '0', '0', '0', 'It is good that you wish to honor your kills by putting their bodies to use.  Find Thuwd inside the Kodohide Leatherworks in the middle of The Drag.', 'It is good that you wish to honor your kills by putting their bodies to use.  Find Thuwd inside the Kodohide Leatherworks in the middle of The Drag.', '4785', '1', '20', '0', '0', '0', '0', '0', '0', '', '', NULL, '0', '0', '0', '0', '0', '0', '0', '0', '', '', NULL, '0', '0', '0', '0', '0', '0', '0', '0', '', '', NULL, '0', '0', '0', '0', '0', '0', '0', '0', '', '', NULL, '0', '0', '0', '0', '0', '0', '0', '0', '', '', NULL, '0', '0', '0', '0', '0', '0', '0', '0', '', '', NULL, '0', '0', '0', '0', '0', '0', '0', '0');
INSERT INTO gossip_menu (`MenuID`, `TextID`) VALUES ('1869', '1872327');
-- POI 316 is already imported
INSERT INTO gossip_menu_option (`MenuID`, `OptionID`, `OptionIcon`, `OptionText`, `OptionBroadcastTextID`, `OptionType`, `OptionNpcFlag`, `ActionMenuID`, `ActionPoiID`, `BoxCoded`, `BoxMoney`, `BoxText`, `BoxBroadcastTextID`) VALUES ('1942', '11', '0', 'Skinning', '52076', '1', '1', '1869', '316', '0', '0', '', NULL);
INSERT INTO gossip_text (`ID`, `comment`, `text0_0`, `text0_1`, `BroadcastTextID0`, `lang0`, `Probability0`, `em0_0`, `em0_1`, `em0_2`, `em0_3`, `em0_4`, `em0_5`, `text1_0`, `text1_1`, `BroadcastTextID1`, `lang1`, `Probability1`, `em1_0`, `em1_1`, `em1_2`, `em1_3`, `em1_4`, `em1_5`, `text2_0`, `text2_1`, `BroadcastTextID2`, `lang2`, `Probability2`, `em2_0`, `em2_1`, `em2_2`, `em2_3`, `em2_4`, `em2_5`, `text3_0`, `text3_1`, `BroadcastTextID3`, `lang3`, `Probability3`, `em3_0`, `em3_1`, `em3_2`, `em3_3`, `em3_4`, `em3_5`, `text4_0`, `text4_1`, `BroadcastTextID4`, `lang4`, `Probability4`, `em4_0`, `em4_1`, `em4_2`, `em4_3`, `em4_4`, `em4_5`, `text5_0`, `text5_1`, `BroadcastTextID5`, `lang5`, `Probability5`, `em5_0`, `em5_1`, `em5_2`, `em5_3`, `em5_4`, `em5_5`, `text6_0`, `text6_1`, `BroadcastTextID6`, `lang6`, `Probability6`, `em6_0`, `em6_1`, `em6_2`, `em6_3`, `em6_4`, `em6_5`, `text7_0`, `text7_1`, `BroadcastTextID7`, `lang7`, `Probability7`, `em7_0`, `em7_1`, `em7_2`, `em7_3`, `em7_4`, `em7_5`) VALUES ('1872328', 'Imported from TC', 'Magar\'s Cloth Goods is in The Drag.  Find him south of the huge tree next to the Kodohide Leatherworks.', 'Magar\'s Cloth Goods is in The Drag.  Find him south of the huge tree next to the Kodohide Leatherworks.', '4788', '1', '80', '0', '0', '0', '0', '0', '0', 'Clothing!?  That won\'t help you against good steel!  Bah, if you\'re sure you want to be a tailor go find Magar\'s Cloth Goods in The Drag.', 'Clothing!?  That won\'t help you against good steel!  Bah, if you\'re sure you want to be a tailor go find Magar\'s Cloth Goods in The Drag.', '4789', '1', '20', '0', '0', '0', '0', '0', '0', '', '', NULL, '0', '0', '0', '0', '0', '0', '0', '0', '', '', NULL, '0', '0', '0', '0', '0', '0', '0', '0', '', '', NULL, '0', '0', '0', '0', '0', '0', '0', '0', '', '', NULL, '0', '0', '0', '0', '0', '0', '0', '0', '', '', NULL, '0', '0', '0', '0', '0', '0', '0', '0', '', '', NULL, '0', '0', '0', '0', '0', '0', '0', '0');
INSERT INTO gossip_menu (`MenuID`, `TextID`) VALUES ('1871', '1872328');
INSERT INTO points_of_interest (`ID`, `PositionX`, `PositionY`, `Icon`, `Flags`, `Importance`, `Name`, `VerifiedBuild`) VALUES ('317', '1802.66', '-4560.66', '6', '99', '0', 'Magar\'s Cloth Goods', '0');
INSERT INTO gossip_menu_option (`MenuID`, `OptionID`, `OptionIcon`, `OptionText`, `OptionBroadcastTextID`, `OptionType`, `OptionNpcFlag`, `ActionMenuID`, `ActionPoiID`, `BoxCoded`, `BoxMoney`, `BoxText`, `BoxBroadcastTextID`) VALUES ('1942', '12', '0', 'Tailoring', '52077', '1', '1', '1871', '317', '0', '0', '', NULL);
INSERT INTO gossip_menu_option (`MenuID`, `OptionID`, `OptionIcon`, `OptionText`, `OptionBroadcastTextID`, `OptionType`, `OptionNpcFlag`, `ActionMenuID`, `ActionPoiID`, `BoxCoded`, `BoxMoney`, `BoxText`, `BoxBroadcastTextID`) VALUES ('1951', '13', '0', 'A profession trainer', '6793', '1', '1', '1942', NULL, '0', '0', '', NULL);
INSERT INTO gossip_text (`ID`, `comment`, `text0_0`, `text0_1`, `BroadcastTextID0`, `lang0`, `Probability0`, `em0_0`, `em0_1`, `em0_2`, `em0_3`, `em0_4`, `em0_5`, `text1_0`, `text1_1`, `BroadcastTextID1`, `lang1`, `Probability1`, `em1_0`, `em1_1`, `em1_2`, `em1_3`, `em1_4`, `em1_5`, `text2_0`, `text2_1`, `BroadcastTextID2`, `lang2`, `Probability2`, `em2_0`, `em2_1`, `em2_2`, `em2_3`, `em2_4`, `em2_5`, `text3_0`, `text3_1`, `BroadcastTextID3`, `lang3`, `Probability3`, `em3_0`, `em3_1`, `em3_2`, `em3_3`, `em3_4`, `em3_5`, `text4_0`, `text4_1`, `BroadcastTextID4`, `lang4`, `Probability4`, `em4_0`, `em4_1`, `em4_2`, `em4_3`, `em4_4`, `em4_5`, `text5_0`, `text5_1`, `BroadcastTextID5`, `lang5`, `Probability5`, `em5_0`, `em5_1`, `em5_2`, `em5_3`, `em5_4`, `em5_5`, `text6_0`, `text6_1`, `BroadcastTextID6`, `lang6`, `Probability6`, `em6_0`, `em6_1`, `em6_2`, `em6_3`, `em6_4`, `em6_5`, `text7_0`, `text7_1`, `BroadcastTextID7`, `lang7`, `Probability7`, `em7_0`, `em7_1`, `em7_2`, `em7_3`, `em7_4`, `em7_5`) VALUES ('14174', 'Imported from TC', 'The ancient tomes are always found near inscription trainers.', 'The ancient tomes are always found near inscription trainers.', '32999', '0', '1', '0', '0', '0', '0', '0', '0', '', '', NULL, '0', '0', '0', '0', '0', '0', '0', '0', '', '', NULL, '0', '0', '0', '0', '0', '0', '0', '0', '', '', NULL, '0', '0', '0', '0', '0', '0', '0', '0', '', '', NULL, '0', '0', '0', '0', '0', '0', '0', '0', '', '', NULL, '0', '0', '0', '0', '0', '0', '0', '0', '', '', NULL, '0', '0', '0', '0', '0', '0', '0', '0', '', '', NULL, '0', '0', '0', '0', '0', '0', '0', '0');
INSERT INTO gossip_menu (`MenuID`, `TextID`) VALUES ('10205', '14174');
-- POI 189 is already imported
INSERT INTO gossip_menu_option (`MenuID`, `OptionID`, `OptionIcon`, `OptionText`, `OptionBroadcastTextID`, `OptionType`, `OptionNpcFlag`, `ActionMenuID`, `ActionPoiID`, `BoxCoded`, `BoxMoney`, `BoxText`, `BoxBroadcastTextID`, `patch_min`) VALUES ('1951', '14', '0', 'Lexicon of Power', '32998', '1', '1', '10205', '189', '0', '0', '', NULL, '5');
UPDATE creature_template SET npcflag = (npcflag | 1), gossip_menu_id = 1951 WHERE entry = 3296;


-- Importing creature gossip with entry 12996 (Mounted Ironforge Mountaineer) with import type SMART
UPDATE creature_template SET ScriptName = '', AIName = 'SmartAI' WHERE entry = 12996;
DELETE FROM smart_scripts WHERE entryorguid = 12996 AND source_type = 0;
DELETE FROM smart_scripts WHERE entryorguid = 6800 AND source_type = 9;
INSERT INTO smart_scripts (`entryorguid`, `source_type`, `id`, `link`, `event_type`, `event_phase_mask`, `event_chance`, `event_flags`, `event_param1`, `event_param2`, `event_param3`, `event_param4`, `event_param5`, `action_type`, `action_param1`, `action_param2`, `action_param3`, `action_param4`, `action_param5`, `action_param6`, `target_type`, `target_param1`, `target_param2`, `target_param3`, `target_param4`, `target_x`, `target_y`, `target_z`, `target_o`, `comment`) VALUES ('6800', '9', '4', '0', '0', '0', '100', '0', '0', '0', '0', '0', '0', '103', '0', '0', '0', '0', '0', '0', '1', '0', '0', '0', '0', '0', '0', '0', '0', 'Stormwind City Guard - On Script - Set Rooted Off'), ('6800', '9', '3', '0', '0', '0', '100', '0', '4000', '4000', '0', '0', '0', '66', '0', '0', '0', '0', '0', '0', '1', '0', '0', '0', '0', '0', '0', '0', '0', 'Stormwind City Guard - On Script - Set Orientation'), ('6800', '9', '2', '0', '0', '0', '100', '0', '2000', '2000', '0', '0', '0', '5', '3', '0', '0', '0', '0', '0', '1', '0', '0', '0', '0', '0', '0', '0', '0', 'Stormwind City Guard - On Script - Play Emote \'Wave\''), ('6800', '9', '1', '0', '0', '0', '100', '0', '0', '0', '0', '0', '0', '66', '0', '0', '0', '0', '0', '0', '7', '0', '0', '0', '0', '0', '0', '0', '0', 'Stormwind City Guard - On Script - Set Orientation'), ('6800', '9', '0', '0', '0', '0', '100', '0', '0', '0', '0', '0', '0', '103', '1', '0', '0', '0', '0', '0', '1', '0', '0', '0', '0', '0', '0', '0', '0', 'Stormwind City Guard - On Script - Set Rooted On');
DELETE FROM smart_scripts WHERE entryorguid = 6801 AND source_type = 9;
INSERT INTO smart_scripts (`entryorguid`, `source_type`, `id`, `link`, `event_type`, `event_phase_mask`, `event_chance`, `event_flags`, `event_param1`, `event_param2`, `event_param3`, `event_param4`, `event_param5`, `action_type`, `action_param1`, `action_param2`, `action_param3`, `action_param4`, `action_param5`, `action_param6`, `target_type`, `target_param1`, `target_param2`, `target_param3`, `target_param4`, `target_x`, `target_y`, `target_z`, `target_o`, `comment`) VALUES ('6801', '9', '4', '0', '0', '0', '100', '0', '0', '0', '0', '0', '0', '103', '0', '0', '0', '0', '0', '0', '1', '0', '0', '0', '0', '0', '0', '0', '0', 'Stormwind City Guard - On Script - Set Rooted Off'), ('6801', '9', '3', '0', '0', '0', '100', '0', '4000', '4000', '0', '0', '0', '66', '0', '0', '0', '0', '0', '0', '1', '0', '0', '0', '0', '0', '0', '0', '0', 'Stormwind City Guard - On Script - Set Orientation'), ('6801', '9', '2', '0', '0', '0', '100', '0', '2000', '2000', '0', '0', '0', '5', '66', '0', '0', '0', '0', '0', '1', '0', '0', '0', '0', '0', '0', '0', '0', 'Stormwind City Guard - On Script - Play Emote \'Salute\''), ('6801', '9', '1', '0', '0', '0', '100', '0', '0', '0', '0', '0', '0', '66', '0', '0', '0', '0', '0', '0', '7', '0', '0', '0', '0', '0', '0', '0', '0', 'Stormwind City Guard - On Script - Set Orientation'), ('6801', '9', '0', '0', '0', '0', '100', '0', '0', '0', '0', '0', '0', '103', '1', '0', '0', '0', '0', '0', '1', '0', '0', '0', '0', '0', '0', '0', '0', 'Stormwind City Guard - On Script - Set Rooted On');
DELETE FROM smart_scripts WHERE entryorguid = 6802 AND source_type = 9;
INSERT INTO smart_scripts (`entryorguid`, `source_type`, `id`, `link`, `event_type`, `event_phase_mask`, `event_chance`, `event_flags`, `event_param1`, `event_param2`, `event_param3`, `event_param4`, `event_param5`, `action_type`, `action_param1`, `action_param2`, `action_param3`, `action_param4`, `action_param5`, `action_param6`, `target_type`, `target_param1`, `target_param2`, `target_param3`, `target_param4`, `target_x`, `target_y`, `target_z`, `target_o`, `comment`) VALUES ('6802', '9', '2', '0', '0', '0', '100', '0', '2000', '2000', '0', '0', '0', '5', '2', '0', '0', '0', '0', '0', '1', '0', '0', '0', '0', '0', '0', '0', '0', 'Stormwind City Guard - On Script - Play Emote \'Bow\''), ('6802', '9', '1', '0', '0', '0', '100', '0', '0', '0', '0', '0', '0', '66', '0', '0', '0', '0', '0', '0', '7', '0', '0', '0', '0', '0', '0', '0', '0', 'Stormwind City Guard - On Script - Set Orientation'), ('6802', '9', '0', '0', '0', '0', '100', '0', '0', '0', '0', '0', '0', '103', '1', '0', '0', '0', '0', '0', '1', '0', '0', '0', '0', '0', '0', '0', '0', 'Stormwind City Guard - On Script - Set Rooted On'), ('6802', '9', '3', '0', '0', '0', '100', '0', '4000', '4000', '0', '0', '0', '66', '0', '0', '0', '0', '0', '0', '1', '0', '0', '0', '0', '0', '0', '0', '0', 'Stormwind City Guard - On Script - Set Orientation'), ('6802', '9', '4', '0', '0', '0', '100', '0', '0', '0', '0', '0', '0', '103', '0', '0', '0', '0', '0', '0', '1', '0', '0', '0', '0', '0', '0', '0', '0', 'Stormwind City Guard - On Script - Set Rooted Off');
DELETE FROM smart_scripts WHERE entryorguid = 6803 AND source_type = 9;
INSERT INTO smart_scripts (`entryorguid`, `source_type`, `id`, `link`, `event_type`, `event_phase_mask`, `event_chance`, `event_flags`, `event_param1`, `event_param2`, `event_param3`, `event_param4`, `event_param5`, `action_type`, `action_param1`, `action_param2`, `action_param3`, `action_param4`, `action_param5`, `action_param6`, `target_type`, `target_param1`, `target_param2`, `target_param3`, `target_param4`, `target_x`, `target_y`, `target_z`, `target_o`, `comment`) VALUES ('6803', '9', '0', '0', '0', '0', '100', '0', '0', '0', '0', '0', '0', '103', '1', '0', '0', '0', '0', '0', '1', '0', '0', '0', '0', '0', '0', '0', '0', 'Stormwind City Guard - On Script - Set Rooted On'), ('6803', '9', '1', '0', '0', '0', '100', '0', '0', '0', '0', '0', '0', '66', '0', '0', '0', '0', '0', '0', '7', '0', '0', '0', '0', '0', '0', '0', '0', 'Stormwind City Guard - On Script - Set Orientation'), ('6803', '9', '2', '0', '0', '0', '100', '0', '2000', '2000', '0', '0', '0', '5', '23', '0', '0', '0', '0', '0', '1', '0', '0', '0', '0', '0', '0', '0', '0', 'Stormwind City Guard - On Script - Play Emote \'Flex\''), ('6803', '9', '3', '0', '0', '0', '100', '0', '4000', '4000', '0', '0', '0', '66', '0', '0', '0', '0', '0', '0', '1', '0', '0', '0', '0', '0', '0', '0', '0', 'Stormwind City Guard - On Script - Set Orientation'), ('6803', '9', '4', '0', '0', '0', '100', '0', '0', '0', '0', '0', '0', '103', '0', '0', '0', '0', '0', '0', '1', '0', '0', '0', '0', '0', '0', '0', '0', 'Stormwind City Guard - On Script - Set Rooted Off');
DELETE FROM smart_scripts WHERE entryorguid = 6804 AND source_type = 9;
INSERT INTO smart_scripts (`entryorguid`, `source_type`, `id`, `link`, `event_type`, `event_phase_mask`, `event_chance`, `event_flags`, `event_param1`, `event_param2`, `event_param3`, `event_param4`, `event_param5`, `action_type`, `action_param1`, `action_param2`, `action_param3`, `action_param4`, `action_param5`, `action_param6`, `target_type`, `target_param1`, `target_param2`, `target_param3`, `target_param4`, `target_x`, `target_y`, `target_z`, `target_o`, `comment`) VALUES ('6804', '9', '0', '0', '0', '0', '100', '0', '0', '0', '0', '0', '0', '103', '1', '0', '0', '0', '0', '0', '1', '0', '0', '0', '0', '0', '0', '0', '0', 'Stormwind City Guard - On Script - Set Rooted On'), ('6804', '9', '1', '0', '0', '0', '100', '0', '0', '0', '0', '0', '0', '66', '0', '0', '0', '0', '0', '0', '7', '0', '0', '0', '0', '0', '0', '0', '0', 'Stormwind City Guard - On Script - Set Orientation'), ('6804', '9', '2', '0', '0', '0', '100', '0', '2000', '2000', '0', '0', '0', '5', '25', '0', '0', '0', '0', '0', '1', '0', '0', '0', '0', '0', '0', '0', '0', 'Stormwind City Guard - On Script - Play Emote \'Point\''), ('6804', '9', '3', '0', '0', '0', '100', '0', '4000', '4000', '0', '0', '0', '66', '0', '0', '0', '0', '0', '0', '1', '0', '0', '0', '0', '0', '0', '0', '0', 'Stormwind City Guard - On Script - Set Orientation'), ('6804', '9', '4', '0', '0', '0', '100', '0', '0', '0', '0', '0', '0', '103', '0', '0', '0', '0', '0', '0', '1', '0', '0', '0', '0', '0', '0', '0', '0', 'Stormwind City Guard - On Script - Set Rooted Off');
-- SmartAI 6804 9 is already imported
-- SmartAI 6802 9 is already imported
INSERT INTO smart_scripts (`entryorguid`, `source_type`, `id`, `link`, `event_type`, `event_phase_mask`, `event_chance`, `event_flags`, `event_param1`, `event_param2`, `event_param3`, `event_param4`, `event_param5`, `action_type`, `action_param1`, `action_param2`, `action_param3`, `action_param4`, `action_param5`, `action_param6`, `target_type`, `target_param1`, `target_param2`, `target_param3`, `target_param4`, `target_x`, `target_y`, `target_z`, `target_o`, `comment`) VALUES ('12996', '0', '1', '0', '2', '0', '100', '1', '0', '15', '0', '0', '0', '25', '1', '0', '0', '0', '0', '0', '0', '0', '0', '0', '0', '0', '0', '0', '0', 'Mounted Ironforge Mountaineer - 0-15% Health - Flee For Assist (No Repeat)'), ('12996', '0', '0', '0', '0', '0', '100', '0', '0', '0', '2300', '3900', '0', '11', '6660', '64', '0', '0', '0', '0', '2', '0', '0', '0', '0', '0', '0', '0', '0', 'Mounted Ironforge Mountaineer - Combat CMC - Cast \'Shoot\''), ('12996', '0', '2', '0', '22', '0', '100', '0', '101', '5000', '5000', '0', '0', '80', '6800', '0', '0', '0', '0', '0', '1', '0', '0', '0', '0', '0', '0', '0', '0', 'Mounted Ironforge Mountaineer - On Received Emote \'Wave\' - Run Script'), ('12996', '0', '3', '0', '22', '0', '100', '0', '78', '5000', '5000', '0', '0', '80', '6801', '0', '0', '0', '0', '0', '1', '0', '0', '0', '0', '0', '0', '0', '0', 'Mounted Ironforge Mountaineer - On Received Emote \'Salute\' - Run Script'), ('12996', '0', '4', '0', '22', '0', '100', '0', '58', '5000', '5000', '0', '0', '80', '6802', '0', '0', '0', '0', '0', '1', '0', '0', '0', '0', '0', '0', '0', '0', 'Mounted Ironforge Mountaineer - On Received Emote \'Kiss\' - Run Script'), ('12996', '0', '5', '0', '22', '0', '100', '0', '84', '5000', '5000', '0', '0', '80', '6803', '0', '0', '0', '0', '0', '1', '0', '0', '0', '0', '0', '0', '0', '0', 'Mounted Ironforge Mountaineer - On Received Emote \'Shy\' - Run Script'), ('12996', '0', '6', '0', '22', '0', '100', '0', '77', '5000', '5000', '0', '0', '80', '6804', '0', '0', '0', '0', '0', '1', '0', '0', '0', '0', '0', '0', '0', '0', 'Mounted Ironforge Mountaineer - On Received Emote \'Rude\' - Run Script'), ('12996', '0', '7', '0', '22', '0', '100', '0', '22', '5000', '5000', '0', '0', '80', '6804', '0', '0', '0', '0', '0', '1', '0', '0', '0', '0', '0', '0', '0', '0', 'Mounted Ironforge Mountaineer - On Received Emote \'Chicken\' - Run Script'), ('12996', '0', '8', '0', '22', '0', '100', '0', '17', '5000', '5000', '0', '0', '80', '6802', '0', '0', '0', '0', '0', '1', '0', '0', '0', '0', '0', '0', '0', '0', 'Mounted Ironforge Mountaineer - On Received Emote \'Bow\' - Run Script');
INSERT INTO gossip_text (`ID`, `comment`, `text0_0`, `text0_1`, `BroadcastTextID0`, `lang0`, `Probability0`, `em0_0`, `em0_1`, `em0_2`, `em0_3`, `em0_4`, `em0_5`, `text1_0`, `text1_1`, `BroadcastTextID1`, `lang1`, `Probability1`, `em1_0`, `em1_1`, `em1_2`, `em1_3`, `em1_4`, `em1_5`, `text2_0`, `text2_1`, `BroadcastTextID2`, `lang2`, `Probability2`, `em2_0`, `em2_1`, `em2_2`, `em2_3`, `em2_4`, `em2_5`, `text3_0`, `text3_1`, `BroadcastTextID3`, `lang3`, `Probability3`, `em3_0`, `em3_1`, `em3_2`, `em3_3`, `em3_4`, `em3_5`, `text4_0`, `text4_1`, `BroadcastTextID4`, `lang4`, `Probability4`, `em4_0`, `em4_1`, `em4_2`, `em4_3`, `em4_4`, `em4_5`, `text5_0`, `text5_1`, `BroadcastTextID5`, `lang5`, `Probability5`, `em5_0`, `em5_1`, `em5_2`, `em5_3`, `em5_4`, `em5_5`, `text6_0`, `text6_1`, `BroadcastTextID6`, `lang6`, `Probability6`, `em6_0`, `em6_1`, `em6_2`, `em6_3`, `em6_4`, `em6_5`, `text7_0`, `text7_1`, `BroadcastTextID7`, `lang7`, `Probability7`, `em7_0`, `em7_1`, `em7_2`, `em7_3`, `em7_4`, `em7_5`) VALUES ('1872329', 'Imported from TC', 'What do ye need directions to?', 'What do ye need directions to?', '6986', '0', '1', '0', '0', '0', '0', '0', '0', '', '', NULL, '0', '0', '0', '0', '0', '0', '0', '0', '', '', NULL, '0', '0', '0', '0', '0', '0', '0', '0', '', '', NULL, '0', '0', '0', '0', '0', '0', '0', '0', '', '', NULL, '0', '0', '0', '0', '0', '0', '0', '0', '', '', NULL, '0', '0', '0', '0', '0', '0', '0', '0', '', '', NULL, '0', '0', '0', '0', '0', '0', '0', '0', '', '', NULL, '0', '0', '0', '0', '0', '0', '0', '0');
INSERT INTO gossip_menu (`MenuID`, `TextID`) VALUES ('2121', '1872329');
INSERT INTO gossip_text (`ID`, `comment`, `text0_0`, `text0_1`, `BroadcastTextID0`, `lang0`, `Probability0`, `em0_0`, `em0_1`, `em0_2`, `em0_3`, `em0_4`, `em0_5`, `text1_0`, `text1_1`, `BroadcastTextID1`, `lang1`, `Probability1`, `em1_0`, `em1_1`, `em1_2`, `em1_3`, `em1_4`, `em1_5`, `text2_0`, `text2_1`, `BroadcastTextID2`, `lang2`, `Probability2`, `em2_0`, `em2_1`, `em2_2`, `em2_3`, `em2_4`, `em2_5`, `text3_0`, `text3_1`, `BroadcastTextID3`, `lang3`, `Probability3`, `em3_0`, `em3_1`, `em3_2`, `em3_3`, `em3_4`, `em3_5`, `text4_0`, `text4_1`, `BroadcastTextID4`, `lang4`, `Probability4`, `em4_0`, `em4_1`, `em4_2`, `em4_3`, `em4_4`, `em4_5`, `text5_0`, `text5_1`, `BroadcastTextID5`, `lang5`, `Probability5`, `em5_0`, `em5_1`, `em5_2`, `em5_3`, `em5_4`, `em5_5`, `text6_0`, `text6_1`, `BroadcastTextID6`, `lang6`, `Probability6`, `em6_0`, `em6_1`, `em6_2`, `em6_3`, `em6_4`, `em6_5`, `text7_0`, `text7_1`, `BroadcastTextID7`, `lang7`, `Probability7`, `em7_0`, `em7_1`, `em7_2`, `em7_3`, `em7_4`, `em7_5`) VALUES ('1872330', 'Imported from TC', 'Where is the Auction House?  Why it\'s right by the gates of Ironforge as you enter our fine city.  Ye\'ll find it just across from The Vault.', 'Where is the Auction House?  Why it\'s right by the gates of Ironforge as you enter our fine city.  Ye\'ll find it just across from The Vault.', '5317', '0', '1', '0', '0', '0', '0', '0', '0', '', '', NULL, '0', '0', '0', '0', '0', '0', '0', '0', '', '', NULL, '0', '0', '0', '0', '0', '0', '0', '0', '', '', NULL, '0', '0', '0', '0', '0', '0', '0', '0', '', '', NULL, '0', '0', '0', '0', '0', '0', '0', '0', '', '', NULL, '0', '0', '0', '0', '0', '0', '0', '0', '', '', NULL, '0', '0', '0', '0', '0', '0', '0', '0', '', '', NULL, '0', '0', '0', '0', '0', '0', '0', '0');
INSERT INTO gossip_menu (`MenuID`, `TextID`) VALUES ('2321', '1872330');
INSERT INTO points_of_interest (`ID`, `PositionX`, `PositionY`, `Icon`, `Flags`, `Importance`, `Name`, `VerifiedBuild`) VALUES ('50', '-4957', '-911.604', '6', '99', '0', 'Ironforge Auction House', '0');
INSERT INTO gossip_menu_option (`MenuID`, `OptionID`, `OptionIcon`, `OptionText`, `OptionBroadcastTextID`, `OptionType`, `OptionNpcFlag`, `ActionMenuID`, `ActionPoiID`, `BoxCoded`, `BoxMoney`, `BoxText`, `BoxBroadcastTextID`) VALUES ('2121', '0', '0', 'Auction House', '44627', '1', '1', '2321', '50', '0', '0', '', NULL);
INSERT INTO gossip_text (`ID`, `comment`, `text0_0`, `text0_1`, `BroadcastTextID0`, `lang0`, `Probability0`, `em0_0`, `em0_1`, `em0_2`, `em0_3`, `em0_4`, `em0_5`, `text1_0`, `text1_1`, `BroadcastTextID1`, `lang1`, `Probability1`, `em1_0`, `em1_1`, `em1_2`, `em1_3`, `em1_4`, `em1_5`, `text2_0`, `text2_1`, `BroadcastTextID2`, `lang2`, `Probability2`, `em2_0`, `em2_1`, `em2_2`, `em2_3`, `em2_4`, `em2_5`, `text3_0`, `text3_1`, `BroadcastTextID3`, `lang3`, `Probability3`, `em3_0`, `em3_1`, `em3_2`, `em3_3`, `em3_4`, `em3_5`, `text4_0`, `text4_1`, `BroadcastTextID4`, `lang4`, `Probability4`, `em4_0`, `em4_1`, `em4_2`, `em4_3`, `em4_4`, `em4_5`, `text5_0`, `text5_1`, `BroadcastTextID5`, `lang5`, `Probability5`, `em5_0`, `em5_1`, `em5_2`, `em5_3`, `em5_4`, `em5_5`, `text6_0`, `text6_1`, `BroadcastTextID6`, `lang6`, `Probability6`, `em6_0`, `em6_1`, `em6_2`, `em6_3`, `em6_4`, `em6_5`, `text7_0`, `text7_1`, `BroadcastTextID7`, `lang7`, `Probability7`, `em7_0`, `em7_1`, `em7_2`, `em7_3`, `em7_4`, `em7_5`) VALUES ('1872331', 'Imported from TC', 'Do ye have some new treasures that ye want to keep safe n\' sound?  Then ye\'ll be wanting to store them at The Vault with the Stonemantles.  $B$BYe\'ll find The Vault just a hammer\'s throw northeast from the entrance to Ironforge.', 'Do ye have some new treasures that ye want to keep safe n\' sound?  Ye\'ll be wanting to store them at The Vault with the Stonemantles.  Ye\'ll find The Vault just a hammer\'s throw northeast from the entrance to Ironforge.', '5079', '0', '50', '0', '1', '0', '0', '0', '0', 'The bank?  Oh, ye mean The Vault!  No safer place to store yer valuables than The Vault. Ye\'ll find it just northeast of the entrance to Ironforge. ', 'The bank?  Oh, ye mean The Vault!  No safer place to store yer valuables than The Vault. Ye\'ll find it just northeast of the entrance to Ironforge. ', '5080', '0', '50', '0', '1', '0', '0', '0', '0', '', '', NULL, '0', '0', '0', '0', '0', '0', '0', '0', '', '', NULL, '0', '0', '0', '0', '0', '0', '0', '0', '', '', NULL, '0', '0', '0', '0', '0', '0', '0', '0', '', '', NULL, '0', '0', '0', '0', '0', '0', '0', '0', '', '', NULL, '0', '0', '0', '0', '0', '0', '0', '0', '', '', NULL, '0', '0', '0', '0', '0', '0', '0', '0');
INSERT INTO gossip_menu (`MenuID`, `TextID`) VALUES ('2141', '1872331');
INSERT INTO points_of_interest (`ID`, `PositionX`, `PositionY`, `Icon`, `Flags`, `Importance`, `Name`, `VerifiedBuild`) VALUES ('51', '-4891', '-991.48', '6', '99', '0', 'The Vault', '0');
INSERT INTO gossip_menu_option (`MenuID`, `OptionID`, `OptionIcon`, `OptionText`, `OptionBroadcastTextID`, `OptionType`, `OptionNpcFlag`, `ActionMenuID`, `ActionPoiID`, `BoxCoded`, `BoxMoney`, `BoxText`, `BoxBroadcastTextID`) VALUES ('2121', '1', '0', 'Bank of Ironforge', '5078', '1', '1', '2141', '51', '0', '0', '', NULL);
INSERT INTO gossip_text (`ID`, `comment`, `text0_0`, `text0_1`, `BroadcastTextID0`, `lang0`, `Probability0`, `em0_0`, `em0_1`, `em0_2`, `em0_3`, `em0_4`, `em0_5`, `text1_0`, `text1_1`, `BroadcastTextID1`, `lang1`, `Probability1`, `em1_0`, `em1_1`, `em1_2`, `em1_3`, `em1_4`, `em1_5`, `text2_0`, `text2_1`, `BroadcastTextID2`, `lang2`, `Probability2`, `em2_0`, `em2_1`, `em2_2`, `em2_3`, `em2_4`, `em2_5`, `text3_0`, `text3_1`, `BroadcastTextID3`, `lang3`, `Probability3`, `em3_0`, `em3_1`, `em3_2`, `em3_3`, `em3_4`, `em3_5`, `text4_0`, `text4_1`, `BroadcastTextID4`, `lang4`, `Probability4`, `em4_0`, `em4_1`, `em4_2`, `em4_3`, `em4_4`, `em4_5`, `text5_0`, `text5_1`, `BroadcastTextID5`, `lang5`, `Probability5`, `em5_0`, `em5_1`, `em5_2`, `em5_3`, `em5_4`, `em5_5`, `text6_0`, `text6_1`, `BroadcastTextID6`, `lang6`, `Probability6`, `em6_0`, `em6_1`, `em6_2`, `em6_3`, `em6_4`, `em6_5`, `text7_0`, `text7_1`, `BroadcastTextID7`, `lang7`, `Probability7`, `em7_0`, `em7_1`, `em7_2`, `em7_3`, `em7_4`, `em7_5`) VALUES ('1872332', 'Imported from TC', 'Aye, everyone wants to ride the tram, it\'s a real hoot and a half.  Well, if ye want to find the tram, it\'s located over in Tinker Town just east of the gates of Ironforge.', 'Aye, everyone wants to ride the tram, it\'s a real hoot and a half.  Well, if ye want to find the tram, it\'s located over in Tinker Town just east of the gates of Ironforge.', '6333', '0', '1', '0', '0', '0', '0', '0', '0', 'Oh, the tram, the tram...  everyone wants to ride the tram.  What happened to the good ol\' days of flying on the back of a gryphon, gripping the saddle for dear life as you flew up high in the sky above?  $B$BBah!  You go take the tram then... it\'s over in Tinker Town with the rest of the gnomish contraptions.', 'Oh, the tram, the tram...  everyone wants to ride the tram.  What happened to the good ol\' days of flying on the back of a gryphon, gripping the saddle for dear life as you flew up high in the sky above?  $B$BBah!  You go take the tram then... it\'s over in Tinker Town with the rest of the gnomish contraptions.', '6334', '0', '1', '0', '0', '0', '0', '0', '0', '', '', NULL, '0', '0', '0', '0', '0', '0', '0', '0', '', '', NULL, '0', '0', '0', '0', '0', '0', '0', '0', '', '', NULL, '0', '0', '0', '0', '0', '0', '0', '0', '', '', NULL, '0', '0', '0', '0', '0', '0', '0', '0', '', '', NULL, '0', '0', '0', '0', '0', '0', '0', '0', '', '', NULL, '0', '0', '0', '0', '0', '0', '0', '0');
INSERT INTO gossip_menu (`MenuID`, `TextID`) VALUES ('3082', '1872332');
INSERT INTO points_of_interest (`ID`, `PositionX`, `PositionY`, `Icon`, `Flags`, `Importance`, `Name`, `VerifiedBuild`) VALUES ('52', '-4835', '-1294.7', '6', '99', '0', 'Deeprun Tram', '0');
INSERT INTO gossip_menu_option (`MenuID`, `OptionID`, `OptionIcon`, `OptionText`, `OptionBroadcastTextID`, `OptionType`, `OptionNpcFlag`, `ActionMenuID`, `ActionPoiID`, `BoxCoded`, `BoxMoney`, `BoxText`, `BoxBroadcastTextID`) VALUES ('2121', '2', '0', 'Deeprun Tram', '6351', '1', '1', '3082', '52', '0', '0', '', NULL);
INSERT INTO gossip_text (`ID`, `comment`, `text0_0`, `text0_1`, `BroadcastTextID0`, `lang0`, `Probability0`, `em0_0`, `em0_1`, `em0_2`, `em0_3`, `em0_4`, `em0_5`, `text1_0`, `text1_1`, `BroadcastTextID1`, `lang1`, `Probability1`, `em1_0`, `em1_1`, `em1_2`, `em1_3`, `em1_4`, `em1_5`, `text2_0`, `text2_1`, `BroadcastTextID2`, `lang2`, `Probability2`, `em2_0`, `em2_1`, `em2_2`, `em2_3`, `em2_4`, `em2_5`, `text3_0`, `text3_1`, `BroadcastTextID3`, `lang3`, `Probability3`, `em3_0`, `em3_1`, `em3_2`, `em3_3`, `em3_4`, `em3_5`, `text4_0`, `text4_1`, `BroadcastTextID4`, `lang4`, `Probability4`, `em4_0`, `em4_1`, `em4_2`, `em4_3`, `em4_4`, `em4_5`, `text5_0`, `text5_1`, `BroadcastTextID5`, `lang5`, `Probability5`, `em5_0`, `em5_1`, `em5_2`, `em5_3`, `em5_4`, `em5_5`, `text6_0`, `text6_1`, `BroadcastTextID6`, `lang6`, `Probability6`, `em6_0`, `em6_1`, `em6_2`, `em6_3`, `em6_4`, `em6_5`, `text7_0`, `text7_1`, `BroadcastTextID7`, `lang7`, `Probability7`, `em7_0`, `em7_1`, `em7_2`, `em7_3`, `em7_4`, `em7_5`) VALUES ('1872333', 'Imported from TC', 'Looking to take a ride on a gryphon, now are ye?  Gryth Thurden is the one ye\'ll want to be seeing about that.  $B$BYe can find him on the eastern side of The Great Forge in the middle of Ironforge.', 'Looking to take a ride on a gryphon, now are ye?  Gryth Thurden is the one ye\'ll want to be seeing about that.  $B$BYe can find him on the eastern side of The Great Forge in the middle of Ironforge.', '5083', '0', '50', '0', '1', '0', '0', '0', '0', 'Ah, nothing quite like a ride on a gryphon, is there?  The night elves can keep those hippo\'s of theirs, just give me a gryphon and the wind in me hair!  $B$BWell now, I won\'t keep ye any longer, just head over to Gryth Thurden on the east side of The Great Forge and he\'ll get ye on yer way.', 'Ah, nothing quite like a ride on a gryphon, is there?  The night elves can keep those hippo\'s of theirs, just give me a gryphon and the wind in me hair!  $B$BWell now, I won\'t keep ye any longer, just head over to Gryth Thurden on the east side of The Great Forge and he\'ll get ye on yer way.', '5085', '0', '50', '0', '1', '0', '0', '0', '0', '', '', NULL, '0', '0', '0', '0', '0', '0', '0', '0', '', '', NULL, '0', '0', '0', '0', '0', '0', '0', '0', '', '', NULL, '0', '0', '0', '0', '0', '0', '0', '0', '', '', NULL, '0', '0', '0', '0', '0', '0', '0', '0', '', '', NULL, '0', '0', '0', '0', '0', '0', '0', '0', '', '', NULL, '0', '0', '0', '0', '0', '0', '0', '0');
INSERT INTO gossip_menu (`MenuID`, `TextID`) VALUES ('2142', '1872333');
INSERT INTO points_of_interest (`ID`, `PositionX`, `PositionY`, `Icon`, `Flags`, `Importance`, `Name`, `VerifiedBuild`) VALUES ('53', '-4821', '-1152.3', '6', '99', '0', 'Ironforge Gryphon Master', '0');
INSERT INTO gossip_menu_option (`MenuID`, `OptionID`, `OptionIcon`, `OptionText`, `OptionBroadcastTextID`, `OptionType`, `OptionNpcFlag`, `ActionMenuID`, `ActionPoiID`, `BoxCoded`, `BoxMoney`, `BoxText`, `BoxBroadcastTextID`) VALUES ('2121', '3', '0', 'Gryphon Master', '6990', '1', '1', '2142', '53', '0', '0', '', NULL);
INSERT INTO gossip_text (`ID`, `comment`, `text0_0`, `text0_1`, `BroadcastTextID0`, `lang0`, `Probability0`, `em0_0`, `em0_1`, `em0_2`, `em0_3`, `em0_4`, `em0_5`, `text1_0`, `text1_1`, `BroadcastTextID1`, `lang1`, `Probability1`, `em1_0`, `em1_1`, `em1_2`, `em1_3`, `em1_4`, `em1_5`, `text2_0`, `text2_1`, `BroadcastTextID2`, `lang2`, `Probability2`, `em2_0`, `em2_1`, `em2_2`, `em2_3`, `em2_4`, `em2_5`, `text3_0`, `text3_1`, `BroadcastTextID3`, `lang3`, `Probability3`, `em3_0`, `em3_1`, `em3_2`, `em3_3`, `em3_4`, `em3_5`, `text4_0`, `text4_1`, `BroadcastTextID4`, `lang4`, `Probability4`, `em4_0`, `em4_1`, `em4_2`, `em4_3`, `em4_4`, `em4_5`, `text5_0`, `text5_1`, `BroadcastTextID5`, `lang5`, `Probability5`, `em5_0`, `em5_1`, `em5_2`, `em5_3`, `em5_4`, `em5_5`, `text6_0`, `text6_1`, `BroadcastTextID6`, `lang6`, `Probability6`, `em6_0`, `em6_1`, `em6_2`, `em6_3`, `em6_4`, `em6_5`, `text7_0`, `text7_1`, `BroadcastTextID7`, `lang7`, `Probability7`, `em7_0`, `em7_1`, `em7_2`, `em7_3`, `em7_4`, `em7_5`) VALUES ('1872334', 'Imported from TC', 'If yer thinking about forming a guild, then ye\'ll need to put it past Jondor Steelbrow o\'er in the Ironforge Visitor\'s Center.  Just head southeast from the gates of Ironforge to see him.', 'If yer thinking about forming a guild, then ye\'ll need to put it past Jondor Steelbrow o\'er in the Ironforge Visitor\'s Center.  Just head southeast from the gates of Ironforge to see him.', '5087', '0', '1', '0', '1', '0', '0', '0', '0', 'Well now, ye\'ll need papers to form a guild, and Jondor Steelbrow can help you get started with the process.  He can be found over at the Ironforge Visitor\'s Center when yer ready to get started.', 'Well now, ye\'ll need papers to form a guild, and Jondor Steelbrow can help you get started with the process.  He can be found over at the Ironforge Visitor\'s Center when yer ready to get started.', '6340', '0', '1', '0', '0', '0', '0', '0', '0', '', '', NULL, '0', '0', '0', '0', '0', '0', '0', '0', '', '', NULL, '0', '0', '0', '0', '0', '0', '0', '0', '', '', NULL, '0', '0', '0', '0', '0', '0', '0', '0', '', '', NULL, '0', '0', '0', '0', '0', '0', '0', '0', '', '', NULL, '0', '0', '0', '0', '0', '0', '0', '0', '', '', NULL, '0', '0', '0', '0', '0', '0', '0', '0');
INSERT INTO gossip_menu (`MenuID`, `TextID`) VALUES ('2143', '1872334');
INSERT INTO points_of_interest (`ID`, `PositionX`, `PositionY`, `Icon`, `Flags`, `Importance`, `Name`, `VerifiedBuild`) VALUES ('54', '-5021', '-996.453', '6', '99', '0', 'Ironforge Visitor\'s Center', '0');
INSERT INTO gossip_menu_option (`MenuID`, `OptionID`, `OptionIcon`, `OptionText`, `OptionBroadcastTextID`, `OptionType`, `OptionNpcFlag`, `ActionMenuID`, `ActionPoiID`, `BoxCoded`, `BoxMoney`, `BoxText`, `BoxBroadcastTextID`) VALUES ('2121', '4', '0', 'Guild Master', '2870', '1', '1', '2143', '54', '0', '0', '', NULL);
-- Text 2768 already present in Sun DB
INSERT INTO gossip_menu (`MenuID`, `TextID`) VALUES ('2145', '2768');
INSERT INTO points_of_interest (`ID`, `PositionX`, `PositionY`, `Icon`, `Flags`, `Importance`, `Name`, `VerifiedBuild`) VALUES ('55', '-4850', '-872.571', '6', '99', '0', 'Stonefire Tavern', '0');
INSERT INTO gossip_menu_option (`MenuID`, `OptionID`, `OptionIcon`, `OptionText`, `OptionBroadcastTextID`, `OptionType`, `OptionNpcFlag`, `ActionMenuID`, `ActionPoiID`, `BoxCoded`, `BoxMoney`, `BoxText`, `BoxBroadcastTextID`) VALUES ('2121', '5', '0', 'The Inn', '7075', '1', '1', '2145', '55', '0', '0', '', NULL);
INSERT INTO gossip_text (`ID`, `comment`, `text0_0`, `text0_1`, `BroadcastTextID0`, `lang0`, `Probability0`, `em0_0`, `em0_1`, `em0_2`, `em0_3`, `em0_4`, `em0_5`, `text1_0`, `text1_1`, `BroadcastTextID1`, `lang1`, `Probability1`, `em1_0`, `em1_1`, `em1_2`, `em1_3`, `em1_4`, `em1_5`, `text2_0`, `text2_1`, `BroadcastTextID2`, `lang2`, `Probability2`, `em2_0`, `em2_1`, `em2_2`, `em2_3`, `em2_4`, `em2_5`, `text3_0`, `text3_1`, `BroadcastTextID3`, `lang3`, `Probability3`, `em3_0`, `em3_1`, `em3_2`, `em3_3`, `em3_4`, `em3_5`, `text4_0`, `text4_1`, `BroadcastTextID4`, `lang4`, `Probability4`, `em4_0`, `em4_1`, `em4_2`, `em4_3`, `em4_4`, `em4_5`, `text5_0`, `text5_1`, `BroadcastTextID5`, `lang5`, `Probability5`, `em5_0`, `em5_1`, `em5_2`, `em5_3`, `em5_4`, `em5_5`, `text6_0`, `text6_1`, `BroadcastTextID6`, `lang6`, `Probability6`, `em6_0`, `em6_1`, `em6_2`, `em6_3`, `em6_4`, `em6_5`, `text7_0`, `text7_1`, `BroadcastTextID7`, `lang7`, `Probability7`, `em7_0`, `em7_1`, `em7_2`, `em7_3`, `em7_4`, `em7_5`) VALUES ('1872335', 'Imported from TC', 'You can find a mailbox right o\'er by The Stonefire Tavern.  It\'s just north of the gates of Ironforge.', 'You can find a mailbox right o\'er by The Stonefire Tavern.  It\'s just north of the gates of Ironforge.', '5094', '0', '60', '0', '1', '0', '0', '0', '0', 'Bah!  Mailboxes...  all I get is junk mail lately!  $B$BIncrease the size of this... decrease the size of that... act now for your free Sword of Dragonslaying.  I have to change my mailbox number every other month!  $B$BWell, ye can\'t say I didn\'t warn ye.  If you\'re looking for the mailbox it\'s just outside the Stonefire Tavern.', 'Bah!  Mailboxes...  all I get is junk mail lately!  $B$BIncrease the size of this... decrease the size of that... act now for your free Sword of Dragonslaying.  I have to change my mailbox number every other month!  $B$BWell, ye can\'t say I didn\'t warn ye.  If you\'re looking for the mailbox it\'s just outside the Stonefire Tavern.', '6343', '0', '40', '0', '0', '0', '0', '0', '0', '', '', NULL, '0', '0', '0', '0', '0', '0', '0', '0', '', '', NULL, '0', '0', '0', '0', '0', '0', '0', '0', '', '', NULL, '0', '0', '0', '0', '0', '0', '0', '0', '', '', NULL, '0', '0', '0', '0', '0', '0', '0', '0', '', '', NULL, '0', '0', '0', '0', '0', '0', '0', '0', '', '', NULL, '0', '0', '0', '0', '0', '0', '0', '0');
INSERT INTO gossip_menu (`MenuID`, `TextID`) VALUES ('2146', '1872335');
INSERT INTO points_of_interest (`ID`, `PositionX`, `PositionY`, `Icon`, `Flags`, `Importance`, `Name`, `VerifiedBuild`) VALUES ('56', '-4845', '-880.552', '6', '99', '0', 'Ironforge Mailbox', '0');
INSERT INTO gossip_menu_option (`MenuID`, `OptionID`, `OptionIcon`, `OptionText`, `OptionBroadcastTextID`, `OptionType`, `OptionNpcFlag`, `ActionMenuID`, `ActionPoiID`, `BoxCoded`, `BoxMoney`, `BoxText`, `BoxBroadcastTextID`) VALUES ('2121', '6', '0', 'Mailbox', '45381', '1', '1', '2146', '56', '0', '0', '', NULL);
INSERT INTO gossip_text (`ID`, `comment`, `text0_0`, `text0_1`, `BroadcastTextID0`, `lang0`, `Probability0`, `em0_0`, `em0_1`, `em0_2`, `em0_3`, `em0_4`, `em0_5`, `text1_0`, `text1_1`, `BroadcastTextID1`, `lang1`, `Probability1`, `em1_0`, `em1_1`, `em1_2`, `em1_3`, `em1_4`, `em1_5`, `text2_0`, `text2_1`, `BroadcastTextID2`, `lang2`, `Probability2`, `em2_0`, `em2_1`, `em2_2`, `em2_3`, `em2_4`, `em2_5`, `text3_0`, `text3_1`, `BroadcastTextID3`, `lang3`, `Probability3`, `em3_0`, `em3_1`, `em3_2`, `em3_3`, `em3_4`, `em3_5`, `text4_0`, `text4_1`, `BroadcastTextID4`, `lang4`, `Probability4`, `em4_0`, `em4_1`, `em4_2`, `em4_3`, `em4_4`, `em4_5`, `text5_0`, `text5_1`, `BroadcastTextID5`, `lang5`, `Probability5`, `em5_0`, `em5_1`, `em5_2`, `em5_3`, `em5_4`, `em5_5`, `text6_0`, `text6_1`, `BroadcastTextID6`, `lang6`, `Probability6`, `em6_0`, `em6_1`, `em6_2`, `em6_3`, `em6_4`, `em6_5`, `text7_0`, `text7_1`, `BroadcastTextID7`, `lang7`, `Probability7`, `em7_0`, `em7_1`, `em7_2`, `em7_3`, `em7_4`, `em7_5`) VALUES ('1872336', 'Imported from TC', 'Taking care of animals is something that Ulbrek Firehand takes quite seriously.  He usually hangs out with the hunters at the Hall of Arms if ye want him to look after a pet or two.', 'Taking care of animals is something that Ulbrek Firehand takes quite seriously.  He usually hangs out with the hunters at the Hall of Arms if ye want him to look after a pet or two.', '8543', '0', '1', '0', '0', '0', '0', '0', '0', 'Over in the Hall of Arms you can find our resident stable master, Ulbrek Firehand.  He\'ll make sure any pets ye have are well fed and rightly cared for.', 'Over in the Hall of Arms you can find our resident stable master, Ulbrek Firehand.  He\'ll make sure any pets ye have are well fed and rightly cared for.', '8544', '7', '1', '0', '0', '0', '0', '0', '0', '', '', NULL, '0', '0', '0', '0', '0', '0', '0', '0', '', '', NULL, '0', '0', '0', '0', '0', '0', '0', '0', '', '', NULL, '0', '0', '0', '0', '0', '0', '0', '0', '', '', NULL, '0', '0', '0', '0', '0', '0', '0', '0', '', '', NULL, '0', '0', '0', '0', '0', '0', '0', '0', '', '', NULL, '0', '0', '0', '0', '0', '0', '0', '0');
INSERT INTO gossip_menu (`MenuID`, `TextID`) VALUES ('4927', '1872336');
INSERT INTO points_of_interest (`ID`, `PositionX`, `PositionY`, `Icon`, `Flags`, `Importance`, `Name`, `VerifiedBuild`) VALUES ('57', '-5010', '-1262.03', '6', '99', '0', 'Ulbrek Firehand', '0');
INSERT INTO gossip_menu_option (`MenuID`, `OptionID`, `OptionIcon`, `OptionText`, `OptionBroadcastTextID`, `OptionType`, `OptionNpcFlag`, `ActionMenuID`, `ActionPoiID`, `BoxCoded`, `BoxMoney`, `BoxText`, `BoxBroadcastTextID`) VALUES ('2121', '7', '0', 'Stable Master', '45383', '1', '1', '4927', '57', '0', '0', '', NULL);
INSERT INTO gossip_text (`ID`, `comment`, `text0_0`, `text0_1`, `BroadcastTextID0`, `lang0`, `Probability0`, `em0_0`, `em0_1`, `em0_2`, `em0_3`, `em0_4`, `em0_5`, `text1_0`, `text1_1`, `BroadcastTextID1`, `lang1`, `Probability1`, `em1_0`, `em1_1`, `em1_2`, `em1_3`, `em1_4`, `em1_5`, `text2_0`, `text2_1`, `BroadcastTextID2`, `lang2`, `Probability2`, `em2_0`, `em2_1`, `em2_2`, `em2_3`, `em2_4`, `em2_5`, `text3_0`, `text3_1`, `BroadcastTextID3`, `lang3`, `Probability3`, `em3_0`, `em3_1`, `em3_2`, `em3_3`, `em3_4`, `em3_5`, `text4_0`, `text4_1`, `BroadcastTextID4`, `lang4`, `Probability4`, `em4_0`, `em4_1`, `em4_2`, `em4_3`, `em4_4`, `em4_5`, `text5_0`, `text5_1`, `BroadcastTextID5`, `lang5`, `Probability5`, `em5_0`, `em5_1`, `em5_2`, `em5_3`, `em5_4`, `em5_5`, `text6_0`, `text6_1`, `BroadcastTextID6`, `lang6`, `Probability6`, `em6_0`, `em6_1`, `em6_2`, `em6_3`, `em6_4`, `em6_5`, `text7_0`, `text7_1`, `BroadcastTextID7`, `lang7`, `Probability7`, `em7_0`, `em7_1`, `em7_2`, `em7_3`, `em7_4`, `em7_5`) VALUES ('1872337', 'Imported from TC', 'Between Bixi and Buliwyf, there ain\'t many weapons they haven\'t had the pleasure of slashing or smashing an orc with.  You can find them hanging out at the Timberline Arms weapon shop if ye need some training.', 'Between Bixi and Buliwyf, there ain\'t many weapons they haven\'t had the pleasure of slashing or smashing an orc with.  You can find them hanging out at the Timberline Arms weapon shop if ye need some training.', '7248', '0', '1', '0', '0', '0', '0', '0', '0', 'Yer looking to learn how to use a new weapon are ye?  Well, ye should be talking to Bixi or Buliwyf over at the Timberline Arms weapon shop then $glad : lass;.  They know their weapons from axes to... uh... zweihanders.', 'Yer looking to learn how to use a new weapon are ye?  Well, ye should be talking to Bixi or Buliwyf over at the Timberline Arms weapon shop then $glad : lass;.  They know their weapons from axes to... uh... zweihanders.', '7249', '0', '1', '0', '0', '0', '0', '0', '0', '', '', NULL, '0', '0', '0', '0', '0', '0', '0', '0', '', '', NULL, '0', '0', '0', '0', '0', '0', '0', '0', '', '', NULL, '0', '0', '0', '0', '0', '0', '0', '0', '', '', NULL, '0', '0', '0', '0', '0', '0', '0', '0', '', '', NULL, '0', '0', '0', '0', '0', '0', '0', '0', '', '', NULL, '0', '0', '0', '0', '0', '0', '0', '0');
INSERT INTO gossip_menu (`MenuID`, `TextID`) VALUES ('3723', '1872337');
INSERT INTO points_of_interest (`ID`, `PositionX`, `PositionY`, `Icon`, `Flags`, `Importance`, `Name`, `VerifiedBuild`) VALUES ('58', '-5040', '-1201.88', '6', '99', '0', 'Bixi and Buliwyf', '0');
INSERT INTO gossip_menu_option (`MenuID`, `OptionID`, `OptionIcon`, `OptionText`, `OptionBroadcastTextID`, `OptionType`, `OptionNpcFlag`, `ActionMenuID`, `ActionPoiID`, `BoxCoded`, `BoxMoney`, `BoxText`, `BoxBroadcastTextID`) VALUES ('2121', '8', '0', 'Weapons Trainer', '7247', '1', '1', '3723', '58', '0', '0', '', NULL);
INSERT INTO gossip_text (`ID`, `comment`, `text0_0`, `text0_1`, `BroadcastTextID0`, `lang0`, `Probability0`, `em0_0`, `em0_1`, `em0_2`, `em0_3`, `em0_4`, `em0_5`, `text1_0`, `text1_1`, `BroadcastTextID1`, `lang1`, `Probability1`, `em1_0`, `em1_1`, `em1_2`, `em1_3`, `em1_4`, `em1_5`, `text2_0`, `text2_1`, `BroadcastTextID2`, `lang2`, `Probability2`, `em2_0`, `em2_1`, `em2_2`, `em2_3`, `em2_4`, `em2_5`, `text3_0`, `text3_1`, `BroadcastTextID3`, `lang3`, `Probability3`, `em3_0`, `em3_1`, `em3_2`, `em3_3`, `em3_4`, `em3_5`, `text4_0`, `text4_1`, `BroadcastTextID4`, `lang4`, `Probability4`, `em4_0`, `em4_1`, `em4_2`, `em4_3`, `em4_4`, `em4_5`, `text5_0`, `text5_1`, `BroadcastTextID5`, `lang5`, `Probability5`, `em5_0`, `em5_1`, `em5_2`, `em5_3`, `em5_4`, `em5_5`, `text6_0`, `text6_1`, `BroadcastTextID6`, `lang6`, `Probability6`, `em6_0`, `em6_1`, `em6_2`, `em6_3`, `em6_4`, `em6_5`, `text7_0`, `text7_1`, `BroadcastTextID7`, `lang7`, `Probability7`, `em7_0`, `em7_1`, `em7_2`, `em7_3`, `em7_4`, `em7_5`) VALUES ('1872338', 'Imported from TC', 'Ye\'ll find the battlemasters around the war table in the Hall of Arms.', 'Ye\'ll find the battlemasters around the war table in the Hall of Arms.', '18603', '7', '1', '0', '0', '0', '0', '0', '0', '', '', NULL, '0', '0', '0', '0', '0', '0', '0', '0', '', '', NULL, '0', '0', '0', '0', '0', '0', '0', '0', '', '', NULL, '0', '0', '0', '0', '0', '0', '0', '0', '', '', NULL, '0', '0', '0', '0', '0', '0', '0', '0', '', '', NULL, '0', '0', '0', '0', '0', '0', '0', '0', '', '', NULL, '0', '0', '0', '0', '0', '0', '0', '0', '', '', NULL, '0', '0', '0', '0', '0', '0', '0', '0');
INSERT INTO gossip_menu (`MenuID`, `TextID`) VALUES ('8220', '1872338');
INSERT INTO points_of_interest (`ID`, `PositionX`, `PositionY`, `Icon`, `Flags`, `Importance`, `Name`, `VerifiedBuild`) VALUES ('59', '-5042', '-1269.78', '6', '99', '0', 'Battlemasters Ironforge', '0');
INSERT INTO gossip_menu_option (`MenuID`, `OptionID`, `OptionIcon`, `OptionText`, `OptionBroadcastTextID`, `OptionType`, `OptionNpcFlag`, `ActionMenuID`, `ActionPoiID`, `BoxCoded`, `BoxMoney`, `BoxText`, `BoxBroadcastTextID`) VALUES ('2121', '9', '0', 'Battlemaster', '19209', '1', '1', '8220', '59', '0', '0', '', NULL);
INSERT INTO gossip_text (`ID`, `comment`, `text0_0`, `text0_1`, `BroadcastTextID0`, `lang0`, `Probability0`, `em0_0`, `em0_1`, `em0_2`, `em0_3`, `em0_4`, `em0_5`, `text1_0`, `text1_1`, `BroadcastTextID1`, `lang1`, `Probability1`, `em1_0`, `em1_1`, `em1_2`, `em1_3`, `em1_4`, `em1_5`, `text2_0`, `text2_1`, `BroadcastTextID2`, `lang2`, `Probability2`, `em2_0`, `em2_1`, `em2_2`, `em2_3`, `em2_4`, `em2_5`, `text3_0`, `text3_1`, `BroadcastTextID3`, `lang3`, `Probability3`, `em3_0`, `em3_1`, `em3_2`, `em3_3`, `em3_4`, `em3_5`, `text4_0`, `text4_1`, `BroadcastTextID4`, `lang4`, `Probability4`, `em4_0`, `em4_1`, `em4_2`, `em4_3`, `em4_4`, `em4_5`, `text5_0`, `text5_1`, `BroadcastTextID5`, `lang5`, `Probability5`, `em5_0`, `em5_1`, `em5_2`, `em5_3`, `em5_4`, `em5_5`, `text6_0`, `text6_1`, `BroadcastTextID6`, `lang6`, `Probability6`, `em6_0`, `em6_1`, `em6_2`, `em6_3`, `em6_4`, `em6_5`, `text7_0`, `text7_1`, `BroadcastTextID7`, `lang7`, `Probability7`, `em7_0`, `em7_1`, `em7_2`, `em7_3`, `em7_4`, `em7_5`) VALUES ('13885', 'Imported from TC', 'You can find the barber shop on the west portion of The Commons.', 'You can find the barber shop on the west portion of The Commons.', '31549', '7', '1', '0', '0', '0', '0', '0', '0', '', '', NULL, '0', '0', '0', '0', '0', '0', '0', '0', '', '', NULL, '0', '0', '0', '0', '0', '0', '0', '0', '', '', NULL, '0', '0', '0', '0', '0', '0', '0', '0', '', '', NULL, '0', '0', '0', '0', '0', '0', '0', '0', '', '', NULL, '0', '0', '0', '0', '0', '0', '0', '0', '', '', NULL, '0', '0', '0', '0', '0', '0', '0', '0', '', '', NULL, '0', '0', '0', '0', '0', '0', '0', '0');
INSERT INTO gossip_menu (`MenuID`, `TextID`) VALUES ('10014', '13885');
INSERT INTO points_of_interest (`ID`, `PositionX`, `PositionY`, `Icon`, `Flags`, `Importance`, `Name`, `VerifiedBuild`) VALUES ('60', '-4839', '-917.295', '6', '99', '0', 'Ironforge Barber', '0');
INSERT INTO gossip_menu_option (`MenuID`, `OptionID`, `OptionIcon`, `OptionText`, `OptionBroadcastTextID`, `OptionType`, `OptionNpcFlag`, `ActionMenuID`, `ActionPoiID`, `BoxCoded`, `BoxMoney`, `BoxText`, `BoxBroadcastTextID`) VALUES ('2121', '10', '0', 'Barber', '45376', '1', '1', '10014', '60', '0', '0', '', NULL);
INSERT INTO gossip_text (`ID`, `comment`, `text0_0`, `text0_1`, `BroadcastTextID0`, `lang0`, `Probability0`, `em0_0`, `em0_1`, `em0_2`, `em0_3`, `em0_4`, `em0_5`, `text1_0`, `text1_1`, `BroadcastTextID1`, `lang1`, `Probability1`, `em1_0`, `em1_1`, `em1_2`, `em1_3`, `em1_4`, `em1_5`, `text2_0`, `text2_1`, `BroadcastTextID2`, `lang2`, `Probability2`, `em2_0`, `em2_1`, `em2_2`, `em2_3`, `em2_4`, `em2_5`, `text3_0`, `text3_1`, `BroadcastTextID3`, `lang3`, `Probability3`, `em3_0`, `em3_1`, `em3_2`, `em3_3`, `em3_4`, `em3_5`, `text4_0`, `text4_1`, `BroadcastTextID4`, `lang4`, `Probability4`, `em4_0`, `em4_1`, `em4_2`, `em4_3`, `em4_4`, `em4_5`, `text5_0`, `text5_1`, `BroadcastTextID5`, `lang5`, `Probability5`, `em5_0`, `em5_1`, `em5_2`, `em5_3`, `em5_4`, `em5_5`, `text6_0`, `text6_1`, `BroadcastTextID6`, `lang6`, `Probability6`, `em6_0`, `em6_1`, `em6_2`, `em6_3`, `em6_4`, `em6_5`, `text7_0`, `text7_1`, `BroadcastTextID7`, `lang7`, `Probability7`, `em7_0`, `em7_1`, `em7_2`, `em7_3`, `em7_4`, `em7_5`) VALUES ('1872339', 'Imported from TC', 'Which class trainer might ye be looking for?', 'Which class trainer might ye be looking for?', '7000', '0', '1', '0', '0', '0', '0', '0', '0', '', '', NULL, '0', '0', '0', '0', '0', '0', '0', '0', '', '', NULL, '0', '0', '0', '0', '0', '0', '0', '0', '', '', NULL, '0', '0', '0', '0', '0', '0', '0', '0', '', '', NULL, '0', '0', '0', '0', '0', '0', '0', '0', '', '', NULL, '0', '0', '0', '0', '0', '0', '0', '0', '', '', NULL, '0', '0', '0', '0', '0', '0', '0', '0', '', '', NULL, '0', '0', '0', '0', '0', '0', '0', '0');
INSERT INTO gossip_menu (`MenuID`, `TextID`) VALUES ('2144', '1872339');
INSERT INTO gossip_text (`ID`, `comment`, `text0_0`, `text0_1`, `BroadcastTextID0`, `lang0`, `Probability0`, `em0_0`, `em0_1`, `em0_2`, `em0_3`, `em0_4`, `em0_5`, `text1_0`, `text1_1`, `BroadcastTextID1`, `lang1`, `Probability1`, `em1_0`, `em1_1`, `em1_2`, `em1_3`, `em1_4`, `em1_5`, `text2_0`, `text2_1`, `BroadcastTextID2`, `lang2`, `Probability2`, `em2_0`, `em2_1`, `em2_2`, `em2_3`, `em2_4`, `em2_5`, `text3_0`, `text3_1`, `BroadcastTextID3`, `lang3`, `Probability3`, `em3_0`, `em3_1`, `em3_2`, `em3_3`, `em3_4`, `em3_5`, `text4_0`, `text4_1`, `BroadcastTextID4`, `lang4`, `Probability4`, `em4_0`, `em4_1`, `em4_2`, `em4_3`, `em4_4`, `em4_5`, `text5_0`, `text5_1`, `BroadcastTextID5`, `lang5`, `Probability5`, `em5_0`, `em5_1`, `em5_2`, `em5_3`, `em5_4`, `em5_5`, `text6_0`, `text6_1`, `BroadcastTextID6`, `lang6`, `Probability6`, `em6_0`, `em6_1`, `em6_2`, `em6_3`, `em6_4`, `em6_5`, `text7_0`, `text7_1`, `BroadcastTextID7`, `lang7`, `Probability7`, `em7_0`, `em7_1`, `em7_2`, `em7_3`, `em7_4`, `em7_5`) VALUES ('1872340', 'Imported from TC', 'I overheard Regnus Thundergranite in the Hall of Arms bragging about a new trophy for his den the other day.  If yer looking for training from a skilled hunter, Regnus is the one to see.', 'I overheard Regnus Thundergranite in the Hall of Arms bragging about a new trophy for his den the other day.  If yer looking for training from a skilled hunter, Regnus is the one to see.', '5096', '0', '60', '0', '1', '0', '0', '0', '0', 'Do ye have the potential to be a skilled hunter?  Well $gladdie : lassie;, only time will tell.  Just don\'t ye go shooting at apples atop peoples\' heads till ye\'ve spoken with Regnus o\'er in the Hall of Arms.', 'Do ye have the potential to be a skilled hunter?  Well $gladdie : lassie;, only time will tell.  Just don\'t ye go shooting at apples atop peoples\' heads till ye\'ve spoken with Regnus o\'er in the Hall of Arms.', '6341', '0', '40', '0', '0', '0', '0', '0', '0', '', '', NULL, '0', '0', '0', '0', '0', '0', '0', '0', '', '', NULL, '0', '0', '0', '0', '0', '0', '0', '0', '', '', NULL, '0', '0', '0', '0', '0', '0', '0', '0', '', '', NULL, '0', '0', '0', '0', '0', '0', '0', '0', '', '', NULL, '0', '0', '0', '0', '0', '0', '0', '0', '', '', NULL, '0', '0', '0', '0', '0', '0', '0', '0');
INSERT INTO gossip_menu (`MenuID`, `TextID`) VALUES ('2147', '1872340');
INSERT INTO points_of_interest (`ID`, `PositionX`, `PositionY`, `Icon`, `Flags`, `Importance`, `Name`, `VerifiedBuild`) VALUES ('61', '-5023', '-1253.68', '6', '99', '0', 'Hall of Arms', '0');
INSERT INTO gossip_menu_option (`MenuID`, `OptionID`, `OptionIcon`, `OptionText`, `OptionBroadcastTextID`, `OptionType`, `OptionNpcFlag`, `ActionMenuID`, `ActionPoiID`, `BoxCoded`, `BoxMoney`, `BoxText`, `BoxBroadcastTextID`) VALUES ('2144', '0', '0', 'Hunter', '50546', '1', '1', '2147', '61', '0', '0', '', NULL);
INSERT INTO gossip_text (`ID`, `comment`, `text0_0`, `text0_1`, `BroadcastTextID0`, `lang0`, `Probability0`, `em0_0`, `em0_1`, `em0_2`, `em0_3`, `em0_4`, `em0_5`, `text1_0`, `text1_1`, `BroadcastTextID1`, `lang1`, `Probability1`, `em1_0`, `em1_1`, `em1_2`, `em1_3`, `em1_4`, `em1_5`, `text2_0`, `text2_1`, `BroadcastTextID2`, `lang2`, `Probability2`, `em2_0`, `em2_1`, `em2_2`, `em2_3`, `em2_4`, `em2_5`, `text3_0`, `text3_1`, `BroadcastTextID3`, `lang3`, `Probability3`, `em3_0`, `em3_1`, `em3_2`, `em3_3`, `em3_4`, `em3_5`, `text4_0`, `text4_1`, `BroadcastTextID4`, `lang4`, `Probability4`, `em4_0`, `em4_1`, `em4_2`, `em4_3`, `em4_4`, `em4_5`, `text5_0`, `text5_1`, `BroadcastTextID5`, `lang5`, `Probability5`, `em5_0`, `em5_1`, `em5_2`, `em5_3`, `em5_4`, `em5_5`, `text6_0`, `text6_1`, `BroadcastTextID6`, `lang6`, `Probability6`, `em6_0`, `em6_1`, `em6_2`, `em6_3`, `em6_4`, `em6_5`, `text7_0`, `text7_1`, `BroadcastTextID7`, `lang7`, `Probability7`, `em7_0`, `em7_1`, `em7_2`, `em7_3`, `em7_4`, `em7_5`) VALUES ('1872341', 'Imported from TC', 'That wee wizardly lass, Bink, over in the Hall of Mysteries would probably be able to help ye out with any magical needs you have.  $B$BThe Hall of Mysteries is just north of the gates of Ironforge.', 'That wee wizardly lass, Bink, over in the Hall of Mysteries would probably be able to help ye out with any magical needs you have.$B$BThe Hall of Mysteries is just north of the gates of Ironforge.', '5098', '0', '1', '0', '1', '0', '0', '0', '0', 'Well ye\'d be sure to find some training in the magical arts over in the Hall of Mysteries, north of the gates of Ironforge.  Juli Stormkettle can always be found there with her nose in a book.', 'Well ye\'d be sure to find some training in the magical arts over in the Hall of Mysteries, north of the gates of Ironforge.  Juli Stormkettle can always be found there with her nose in a book.', '5099', '0', '1', '0', '1', '0', '0', '0', '0', '', '', NULL, '0', '0', '0', '0', '0', '0', '0', '0', '', '', NULL, '0', '0', '0', '0', '0', '0', '0', '0', '', '', NULL, '0', '0', '0', '0', '0', '0', '0', '0', '', '', NULL, '0', '0', '0', '0', '0', '0', '0', '0', '', '', NULL, '0', '0', '0', '0', '0', '0', '0', '0', '', '', NULL, '0', '0', '0', '0', '0', '0', '0', '0');
INSERT INTO gossip_menu (`MenuID`, `TextID`) VALUES ('2148', '1872341');
INSERT INTO points_of_interest (`ID`, `PositionX`, `PositionY`, `Icon`, `Flags`, `Importance`, `Name`, `VerifiedBuild`) VALUES ('62', '-4627', '-926.459', '6', '99', '0', 'Hall of Mysteries', '0');
INSERT INTO gossip_menu_option (`MenuID`, `OptionID`, `OptionIcon`, `OptionText`, `OptionBroadcastTextID`, `OptionType`, `OptionNpcFlag`, `ActionMenuID`, `ActionPoiID`, `BoxCoded`, `BoxMoney`, `BoxText`, `BoxBroadcastTextID`) VALUES ('2144', '1', '0', 'Mage', '45404', '1', '1', '2148', '62', '0', '0', '', NULL);
INSERT INTO gossip_text (`ID`, `comment`, `text0_0`, `text0_1`, `BroadcastTextID0`, `lang0`, `Probability0`, `em0_0`, `em0_1`, `em0_2`, `em0_3`, `em0_4`, `em0_5`, `text1_0`, `text1_1`, `BroadcastTextID1`, `lang1`, `Probability1`, `em1_0`, `em1_1`, `em1_2`, `em1_3`, `em1_4`, `em1_5`, `text2_0`, `text2_1`, `BroadcastTextID2`, `lang2`, `Probability2`, `em2_0`, `em2_1`, `em2_2`, `em2_3`, `em2_4`, `em2_5`, `text3_0`, `text3_1`, `BroadcastTextID3`, `lang3`, `Probability3`, `em3_0`, `em3_1`, `em3_2`, `em3_3`, `em3_4`, `em3_5`, `text4_0`, `text4_1`, `BroadcastTextID4`, `lang4`, `Probability4`, `em4_0`, `em4_1`, `em4_2`, `em4_3`, `em4_4`, `em4_5`, `text5_0`, `text5_1`, `BroadcastTextID5`, `lang5`, `Probability5`, `em5_0`, `em5_1`, `em5_2`, `em5_3`, `em5_4`, `em5_5`, `text6_0`, `text6_1`, `BroadcastTextID6`, `lang6`, `Probability6`, `em6_0`, `em6_1`, `em6_2`, `em6_3`, `em6_4`, `em6_5`, `text7_0`, `text7_1`, `BroadcastTextID7`, `lang7`, `Probability7`, `em7_0`, `em7_1`, `em7_2`, `em7_3`, `em7_4`, `em7_5`) VALUES ('1872342', 'Imported from TC', 'Brandur Ironhammer would be the one ye\'d want to see.  Ye can find him in the Hall of Mysteries north of the gates of Ironforge.', 'Brandur Ironhammer would be the one ye\'d want to see.  Ye can find him in the Hall of Mysteries north of the gates of Ironforge.', '5103', '0', '50', '0', '1', '0', '0', '0', '0', 'Ah, good ol\' Brandur Ironhammer.  There\'s no doubt he\'ll provide ye with the guidance ye seek, $glad : lass;.  Ye\'ll find him in the Hall of Mysteries north of the gates of Ironforge.', 'Ah, good ol\' Brandur Ironhammer.  There\'s no doubt he\'ll provide ye with the guidance ye seek, $glad : lass;.  Ye\'ll find him in the Hall of Mysteries north of the gates of Ironforge.', '5104', '0', '50', '0', '1', '0', '0', '0', '0', '', '', NULL, '0', '0', '0', '0', '0', '0', '0', '0', '', '', NULL, '0', '0', '0', '0', '0', '0', '0', '0', '', '', NULL, '0', '0', '0', '0', '0', '0', '0', '0', '', '', NULL, '0', '0', '0', '0', '0', '0', '0', '0', '', '', NULL, '0', '0', '0', '0', '0', '0', '0', '0', '', '', NULL, '0', '0', '0', '0', '0', '0', '0', '0');
INSERT INTO gossip_menu (`MenuID`, `TextID`) VALUES ('2150', '1872342');
-- POI 62 is already imported
INSERT INTO gossip_menu_option (`MenuID`, `OptionID`, `OptionIcon`, `OptionText`, `OptionBroadcastTextID`, `OptionType`, `OptionNpcFlag`, `ActionMenuID`, `ActionPoiID`, `BoxCoded`, `BoxMoney`, `BoxText`, `BoxBroadcastTextID`) VALUES ('2144', '2', '0', 'Paladin', '48028', '1', '1', '2150', '62', '0', '0', '', NULL);
INSERT INTO gossip_text (`ID`, `comment`, `text0_0`, `text0_1`, `BroadcastTextID0`, `lang0`, `Probability0`, `em0_0`, `em0_1`, `em0_2`, `em0_3`, `em0_4`, `em0_5`, `text1_0`, `text1_1`, `BroadcastTextID1`, `lang1`, `Probability1`, `em1_0`, `em1_1`, `em1_2`, `em1_3`, `em1_4`, `em1_5`, `text2_0`, `text2_1`, `BroadcastTextID2`, `lang2`, `Probability2`, `em2_0`, `em2_1`, `em2_2`, `em2_3`, `em2_4`, `em2_5`, `text3_0`, `text3_1`, `BroadcastTextID3`, `lang3`, `Probability3`, `em3_0`, `em3_1`, `em3_2`, `em3_3`, `em3_4`, `em3_5`, `text4_0`, `text4_1`, `BroadcastTextID4`, `lang4`, `Probability4`, `em4_0`, `em4_1`, `em4_2`, `em4_3`, `em4_4`, `em4_5`, `text5_0`, `text5_1`, `BroadcastTextID5`, `lang5`, `Probability5`, `em5_0`, `em5_1`, `em5_2`, `em5_3`, `em5_4`, `em5_5`, `text6_0`, `text6_1`, `BroadcastTextID6`, `lang6`, `Probability6`, `em6_0`, `em6_1`, `em6_2`, `em6_3`, `em6_4`, `em6_5`, `text7_0`, `text7_1`, `BroadcastTextID7`, `lang7`, `Probability7`, `em7_0`, `em7_1`, `em7_2`, `em7_3`, `em7_4`, `em7_5`) VALUES ('1872343', 'Imported from TC', 'Ah, Braenna Flintcrag.  She has magic hands, that one.  Braenna is the one to see about Priestly matters.  $B$BYe\'ll want to travel north from the gates of Ironforge to the Hall of Mysteries.  That\'s where ye\'ll find her.', 'Ah, Braenna Flintcrag.  She has magic hands, that one.  Braenna is the one to see about Priestly matters.  $B$BYe\'ll want to travel north from the gates of Ironforge to the Hall of Mysteries.  That\'s where ye\'ll find her.', '5101', '0', '60', '0', '1', '0', '0', '0', '0', 'Ah, nothing better than a priest to cure what ails ye.  Of course a nice tall pint cures a lot of what ails ye too, but I don\'t think Braenna Flintcrag teaches brewing.  I guess ye\'ll have to settle for some priest training over in the Hall of Mysteries instead.', 'Ah, nothing better than a priest to cure what ails ye.  Of course a nice tall pint cures a lot of what ails ye too, but I don\'t think Braenna Flintcrag teaches brewing.  I guess ye\'ll have to settle for some priest training over in the Hall of Mysteries instead.', '6346', '0', '40', '0', '0', '0', '0', '0', '0', '', '', NULL, '0', '0', '0', '0', '0', '0', '0', '0', '', '', NULL, '0', '0', '0', '0', '0', '0', '0', '0', '', '', NULL, '0', '0', '0', '0', '0', '0', '0', '0', '', '', NULL, '0', '0', '0', '0', '0', '0', '0', '0', '', '', NULL, '0', '0', '0', '0', '0', '0', '0', '0', '', '', NULL, '0', '0', '0', '0', '0', '0', '0', '0');
INSERT INTO gossip_menu (`MenuID`, `TextID`) VALUES ('2149', '1872343');
-- POI 62 is already imported
INSERT INTO gossip_menu_option (`MenuID`, `OptionID`, `OptionIcon`, `OptionText`, `OptionBroadcastTextID`, `OptionType`, `OptionNpcFlag`, `ActionMenuID`, `ActionPoiID`, `BoxCoded`, `BoxMoney`, `BoxText`, `BoxBroadcastTextID`) VALUES ('2144', '3', '0', 'Priest', '45405', '1', '1', '2149', '62', '0', '0', '', NULL);
INSERT INTO gossip_text (`ID`, `comment`, `text0_0`, `text0_1`, `BroadcastTextID0`, `lang0`, `Probability0`, `em0_0`, `em0_1`, `em0_2`, `em0_3`, `em0_4`, `em0_5`, `text1_0`, `text1_1`, `BroadcastTextID1`, `lang1`, `Probability1`, `em1_0`, `em1_1`, `em1_2`, `em1_3`, `em1_4`, `em1_5`, `text2_0`, `text2_1`, `BroadcastTextID2`, `lang2`, `Probability2`, `em2_0`, `em2_1`, `em2_2`, `em2_3`, `em2_4`, `em2_5`, `text3_0`, `text3_1`, `BroadcastTextID3`, `lang3`, `Probability3`, `em3_0`, `em3_1`, `em3_2`, `em3_3`, `em3_4`, `em3_5`, `text4_0`, `text4_1`, `BroadcastTextID4`, `lang4`, `Probability4`, `em4_0`, `em4_1`, `em4_2`, `em4_3`, `em4_4`, `em4_5`, `text5_0`, `text5_1`, `BroadcastTextID5`, `lang5`, `Probability5`, `em5_0`, `em5_1`, `em5_2`, `em5_3`, `em5_4`, `em5_5`, `text6_0`, `text6_1`, `BroadcastTextID6`, `lang6`, `Probability6`, `em6_0`, `em6_1`, `em6_2`, `em6_3`, `em6_4`, `em6_5`, `text7_0`, `text7_1`, `BroadcastTextID7`, `lang7`, `Probability7`, `em7_0`, `em7_1`, `em7_2`, `em7_3`, `em7_4`, `em7_5`) VALUES ('1872344', 'Imported from TC', 'Now why would ye be needing the services of one of those types?  We get enough trouble out of that rogue, Hulfdan Blackbeard, over in The Forlorn Cavern, do I need to be turning my eye to you as well?', 'Now why would ye be needing the services of one of those types?  We get enough trouble out of that rogue, Hulfdan Blackbeard, over in The Forlorn Cavern, do I need to be turning my eye to you as well?', '5106', '0', '50', '0', '1', '0', '0', '0', '0', 'All the roguish types hang out in The Forlorn Cavern, north of the gates of Ironforge.  I\'d wager ye\'ll find Fenthwick there, no doubt counting the coin of another cut purse.  I\'ll catch him one of these days!  $B$BIn the meantime I\'ll have my eye on you as well, $glad : lass;.', 'All the roguish types hang out in The Forlorn Cavern, north of the gates of Ironforge.  I\'d wager ye\'ll find Fenthwick there, no doubt counting the coin of another cut purse.  I\'ll catch him one of these days!  $B$BIn the meantime I\'ll have my eye on you as well, $glad : lass;.', '5107', '0', '50', '0', '1', '0', '0', '0', '0', '', '', NULL, '0', '0', '0', '0', '0', '0', '0', '0', '', '', NULL, '0', '0', '0', '0', '0', '0', '0', '0', '', '', NULL, '0', '0', '0', '0', '0', '0', '0', '0', '', '', NULL, '0', '0', '0', '0', '0', '0', '0', '0', '', '', NULL, '0', '0', '0', '0', '0', '0', '0', '0', '', '', NULL, '0', '0', '0', '0', '0', '0', '0', '0');
INSERT INTO gossip_menu (`MenuID`, `TextID`) VALUES ('2151', '1872344');
INSERT INTO points_of_interest (`ID`, `PositionX`, `PositionY`, `Icon`, `Flags`, `Importance`, `Name`, `VerifiedBuild`) VALUES ('63', '-4647', '-1124', '6', '99', '0', 'Ironforge Rogue Trainer', '0');
INSERT INTO gossip_menu_option (`MenuID`, `OptionID`, `OptionIcon`, `OptionText`, `OptionBroadcastTextID`, `OptionType`, `OptionNpcFlag`, `ActionMenuID`, `ActionPoiID`, `BoxCoded`, `BoxMoney`, `BoxText`, `BoxBroadcastTextID`) VALUES ('2144', '4', '0', 'Rogue', '45406', '1', '1', '2151', '63', '0', '0', '', NULL);
INSERT INTO gossip_text (`ID`, `comment`, `text0_0`, `text0_1`, `BroadcastTextID0`, `lang0`, `Probability0`, `em0_0`, `em0_1`, `em0_2`, `em0_3`, `em0_4`, `em0_5`, `text1_0`, `text1_1`, `BroadcastTextID1`, `lang1`, `Probability1`, `em1_0`, `em1_1`, `em1_2`, `em1_3`, `em1_4`, `em1_5`, `text2_0`, `text2_1`, `BroadcastTextID2`, `lang2`, `Probability2`, `em2_0`, `em2_1`, `em2_2`, `em2_3`, `em2_4`, `em2_5`, `text3_0`, `text3_1`, `BroadcastTextID3`, `lang3`, `Probability3`, `em3_0`, `em3_1`, `em3_2`, `em3_3`, `em3_4`, `em3_5`, `text4_0`, `text4_1`, `BroadcastTextID4`, `lang4`, `Probability4`, `em4_0`, `em4_1`, `em4_2`, `em4_3`, `em4_4`, `em4_5`, `text5_0`, `text5_1`, `BroadcastTextID5`, `lang5`, `Probability5`, `em5_0`, `em5_1`, `em5_2`, `em5_3`, `em5_4`, `em5_5`, `text6_0`, `text6_1`, `BroadcastTextID6`, `lang6`, `Probability6`, `em6_0`, `em6_1`, `em6_2`, `em6_3`, `em6_4`, `em6_5`, `text7_0`, `text7_1`, `BroadcastTextID7`, `lang7`, `Probability7`, `em7_0`, `em7_1`, `em7_2`, `em7_3`, `em7_4`, `em7_5`) VALUES ('1872345', 'Imported from TC', 'Where better to look for a dark and brooding lot, than the dark section of Ironforge, aptly named The Forlorn Cavern.  Thistleheart is sure to be found there, likely summoning some manner of vile creature to do his bidding.', 'Where better to look for a dark and brooding lot, than the dark section of Ironforge, aptly named The Forlorn Cavern.  Thistleheart is sure to be found there, likely summoning some manner of vile creature to do his bidding.', '5109', '0', '60', '0', '1', '0', '0', '0', '0', 'A warlock, eh...  Well, if you\'ve got a mind to be doing that sort of thing around here then ye best keep yer demons on a leash $gboyo : girlie;.  I don\'t like demons, but I love putting mah axe to them.  Ye get me?  $B$BNow you just leave me be and go get lost in The Forlorn Cavern.  That\'s where you\'ll find that warlock, Thistleheart.', 'A warlock, eh...  Well, if you\'ve got a mind to be doing that sort of thing around here then ye best keep yer demons on a leash $gboyo : girlie;.  I don\'t like demons, but I love putting mah axe to them.  Ye get me?  $B$BNow you just leave me be and go get lost in The Forlorn Cavern.  That\'s where you\'ll find that warlock, Thistleheart.', '6349', '0', '40', '0', '0', '0', '0', '0', '0', '', '', NULL, '0', '0', '0', '0', '0', '0', '0', '0', '', '', NULL, '0', '0', '0', '0', '0', '0', '0', '0', '', '', NULL, '0', '0', '0', '0', '0', '0', '0', '0', '', '', NULL, '0', '0', '0', '0', '0', '0', '0', '0', '', '', NULL, '0', '0', '0', '0', '0', '0', '0', '0', '', '', NULL, '0', '0', '0', '0', '0', '0', '0', '0');
INSERT INTO gossip_menu (`MenuID`, `TextID`) VALUES ('2152', '1872345');
INSERT INTO points_of_interest (`ID`, `PositionX`, `PositionY`, `Icon`, `Flags`, `Importance`, `Name`, `VerifiedBuild`) VALUES ('64', '-4605', '-1110.46', '6', '99', '0', 'Ironforge Warlock Trainer', '0');
INSERT INTO gossip_menu_option (`MenuID`, `OptionID`, `OptionIcon`, `OptionText`, `OptionBroadcastTextID`, `OptionType`, `OptionNpcFlag`, `ActionMenuID`, `ActionPoiID`, `BoxCoded`, `BoxMoney`, `BoxText`, `BoxBroadcastTextID`) VALUES ('2144', '5', '0', 'Warlock', '45407', '1', '1', '2152', '64', '0', '0', '', NULL);
-- Importing menu 2153 as 57022
INSERT INTO gossip_text (`ID`, `comment`, `text0_0`, `text0_1`, `BroadcastTextID0`, `lang0`, `Probability0`, `em0_0`, `em0_1`, `em0_2`, `em0_3`, `em0_4`, `em0_5`, `text1_0`, `text1_1`, `BroadcastTextID1`, `lang1`, `Probability1`, `em1_0`, `em1_1`, `em1_2`, `em1_3`, `em1_4`, `em1_5`, `text2_0`, `text2_1`, `BroadcastTextID2`, `lang2`, `Probability2`, `em2_0`, `em2_1`, `em2_2`, `em2_3`, `em2_4`, `em2_5`, `text3_0`, `text3_1`, `BroadcastTextID3`, `lang3`, `Probability3`, `em3_0`, `em3_1`, `em3_2`, `em3_3`, `em3_4`, `em3_5`, `text4_0`, `text4_1`, `BroadcastTextID4`, `lang4`, `Probability4`, `em4_0`, `em4_1`, `em4_2`, `em4_3`, `em4_4`, `em4_5`, `text5_0`, `text5_1`, `BroadcastTextID5`, `lang5`, `Probability5`, `em5_0`, `em5_1`, `em5_2`, `em5_3`, `em5_4`, `em5_5`, `text6_0`, `text6_1`, `BroadcastTextID6`, `lang6`, `Probability6`, `em6_0`, `em6_1`, `em6_2`, `em6_3`, `em6_4`, `em6_5`, `text7_0`, `text7_1`, `BroadcastTextID7`, `lang7`, `Probability7`, `em7_0`, `em7_1`, `em7_2`, `em7_3`, `em7_4`, `em7_5`) VALUES ('1872346', 'Imported from TC', 'Och! Ye seek training in the way of the warrior, do ye?  Kelstrum Stonebreaker will put ye through yer paces!  Just march yerself over to the Hall of Arms east of the gates of Ironforge. ', 'Och! Ye seek training in the way of the warrior, do ye?  Kelstrum Stonebreaker will put ye through yer paces!  Just march yerself over to the Hall of Arms east of the gates of Ironforge. ', '5111', '0', '60', '0', '1', '0', '0', '0', '0', 'Kelstrum is a loudmouth and a braggart... and if that weren\'t enough he\'s also one of the most skilled warriors ye\'ll ever meet!  $B$BI tell ye, if ye\'re looking to be trained in the ways of a warrior, that\'s who ye should be talking to.  I\'m sure he can be found over in the Hall of Arms east of the Gates of Ironforge.', 'Kelstrum is a loudmouth and a braggart... and if that weren\'t enough he\'s also one of the most skilled warriors ye\'ll ever meet!  $B$BI tell ye, if ye\'re looking to be trained in the ways of a warrior, that\'s who ye should be talking to.  I\'m sure he can be found over in the Hall of Arms east of the Gates of Ironforge.', '6350', '0', '40', '0', '0', '0', '0', '0', '0', '', '', NULL, '0', '0', '0', '0', '0', '0', '0', '0', '', '', NULL, '0', '0', '0', '0', '0', '0', '0', '0', '', '', NULL, '0', '0', '0', '0', '0', '0', '0', '0', '', '', NULL, '0', '0', '0', '0', '0', '0', '0', '0', '', '', NULL, '0', '0', '0', '0', '0', '0', '0', '0', '', '', NULL, '0', '0', '0', '0', '0', '0', '0', '0');
INSERT INTO gossip_menu (`MenuID`, `TextID`) VALUES ('57022', '1872346');
-- POI 61 is already imported
INSERT INTO gossip_menu_option (`MenuID`, `OptionID`, `OptionIcon`, `OptionText`, `OptionBroadcastTextID`, `OptionType`, `OptionNpcFlag`, `ActionMenuID`, `ActionPoiID`, `BoxCoded`, `BoxMoney`, `BoxText`, `BoxBroadcastTextID`) VALUES ('2144', '6', '0', 'Warrior', '45408', '1', '1', '57022', '61', '0', '0', '', NULL);
INSERT INTO gossip_text (`ID`, `comment`, `text0_0`, `text0_1`, `BroadcastTextID0`, `lang0`, `Probability0`, `em0_0`, `em0_1`, `em0_2`, `em0_3`, `em0_4`, `em0_5`, `text1_0`, `text1_1`, `BroadcastTextID1`, `lang1`, `Probability1`, `em1_0`, `em1_1`, `em1_2`, `em1_3`, `em1_4`, `em1_5`, `text2_0`, `text2_1`, `BroadcastTextID2`, `lang2`, `Probability2`, `em2_0`, `em2_1`, `em2_2`, `em2_3`, `em2_4`, `em2_5`, `text3_0`, `text3_1`, `BroadcastTextID3`, `lang3`, `Probability3`, `em3_0`, `em3_1`, `em3_2`, `em3_3`, `em3_4`, `em3_5`, `text4_0`, `text4_1`, `BroadcastTextID4`, `lang4`, `Probability4`, `em4_0`, `em4_1`, `em4_2`, `em4_3`, `em4_4`, `em4_5`, `text5_0`, `text5_1`, `BroadcastTextID5`, `lang5`, `Probability5`, `em5_0`, `em5_1`, `em5_2`, `em5_3`, `em5_4`, `em5_5`, `text6_0`, `text6_1`, `BroadcastTextID6`, `lang6`, `Probability6`, `em6_0`, `em6_1`, `em6_2`, `em6_3`, `em6_4`, `em6_5`, `text7_0`, `text7_1`, `BroadcastTextID7`, `lang7`, `Probability7`, `em7_0`, `em7_1`, `em7_2`, `em7_3`, `em7_4`, `em7_5`) VALUES ('10842', 'Imported from TC', 'Well now, you can find Farseer Javad in the area of The Great Forge, just a bit to the North on the East side.', 'Well now, you can find Farseer Javad in the area of The Great Forge, just a bit to the North on the East side.', '20972', '0', '1', '0', '1', '0', '0', '0', '0', '', '', NULL, '0', '0', '0', '0', '0', '0', '0', '0', '', '', NULL, '0', '0', '0', '0', '0', '0', '0', '0', '', '', NULL, '0', '0', '0', '0', '0', '0', '0', '0', '', '', NULL, '0', '0', '0', '0', '0', '0', '0', '0', '', '', NULL, '0', '0', '0', '0', '0', '0', '0', '0', '', '', NULL, '0', '0', '0', '0', '0', '0', '0', '0', '', '', NULL, '0', '0', '0', '0', '0', '0', '0', '0');
INSERT INTO gossip_menu (`MenuID`, `TextID`) VALUES ('8643', '10842');
INSERT INTO points_of_interest (`ID`, `PositionX`, `PositionY`, `Icon`, `Flags`, `Importance`, `Name`, `VerifiedBuild`) VALUES ('65', '-4722', '-1151.39', '6', '99', '0', 'Ironforge Shaman Trainer', '0');
INSERT INTO gossip_menu_option (`MenuID`, `OptionID`, `OptionIcon`, `OptionText`, `OptionBroadcastTextID`, `OptionType`, `OptionNpcFlag`, `ActionMenuID`, `ActionPoiID`, `BoxCoded`, `BoxMoney`, `BoxText`, `BoxBroadcastTextID`) VALUES ('2144', '7', '0', 'Shaman', '45410', '1', '1', '8643', '65', '0', '0', '', NULL);
INSERT INTO gossip_menu_option (`MenuID`, `OptionID`, `OptionIcon`, `OptionText`, `OptionBroadcastTextID`, `OptionType`, `OptionNpcFlag`, `ActionMenuID`, `ActionPoiID`, `BoxCoded`, `BoxMoney`, `BoxText`, `BoxBroadcastTextID`) VALUES ('2121', '11', '0', 'Class Trainer', '45378', '1', '1', '2144', NULL, '0', '0', '', NULL);
INSERT INTO gossip_text (`ID`, `comment`, `text0_0`, `text0_1`, `BroadcastTextID0`, `lang0`, `Probability0`, `em0_0`, `em0_1`, `em0_2`, `em0_3`, `em0_4`, `em0_5`, `text1_0`, `text1_1`, `BroadcastTextID1`, `lang1`, `Probability1`, `em1_0`, `em1_1`, `em1_2`, `em1_3`, `em1_4`, `em1_5`, `text2_0`, `text2_1`, `BroadcastTextID2`, `lang2`, `Probability2`, `em2_0`, `em2_1`, `em2_2`, `em2_3`, `em2_4`, `em2_5`, `text3_0`, `text3_1`, `BroadcastTextID3`, `lang3`, `Probability3`, `em3_0`, `em3_1`, `em3_2`, `em3_3`, `em3_4`, `em3_5`, `text4_0`, `text4_1`, `BroadcastTextID4`, `lang4`, `Probability4`, `em4_0`, `em4_1`, `em4_2`, `em4_3`, `em4_4`, `em4_5`, `text5_0`, `text5_1`, `BroadcastTextID5`, `lang5`, `Probability5`, `em5_0`, `em5_1`, `em5_2`, `em5_3`, `em5_4`, `em5_5`, `text6_0`, `text6_1`, `BroadcastTextID6`, `lang6`, `Probability6`, `em6_0`, `em6_1`, `em6_2`, `em6_3`, `em6_4`, `em6_5`, `text7_0`, `text7_1`, `BroadcastTextID7`, `lang7`, `Probability7`, `em7_0`, `em7_1`, `em7_2`, `em7_3`, `em7_4`, `em7_5`) VALUES ('1872347', 'Imported from TC', 'Which profession trainer would ye be looking for?', 'Which profession trainer would ye be looking for?', '7023', '0', '1', '0', '0', '0', '0', '0', '0', '', '', NULL, '0', '0', '0', '0', '0', '0', '0', '0', '', '', NULL, '0', '0', '0', '0', '0', '0', '0', '0', '', '', NULL, '0', '0', '0', '0', '0', '0', '0', '0', '', '', NULL, '0', '0', '0', '0', '0', '0', '0', '0', '', '', NULL, '0', '0', '0', '0', '0', '0', '0', '0', '', '', NULL, '0', '0', '0', '0', '0', '0', '0', '0', '', '', NULL, '0', '0', '0', '0', '0', '0', '0', '0');
INSERT INTO gossip_menu (`MenuID`, `TextID`) VALUES ('2168', '1872347');
INSERT INTO gossip_text (`ID`, `comment`, `text0_0`, `text0_1`, `BroadcastTextID0`, `lang0`, `Probability0`, `em0_0`, `em0_1`, `em0_2`, `em0_3`, `em0_4`, `em0_5`, `text1_0`, `text1_1`, `BroadcastTextID1`, `lang1`, `Probability1`, `em1_0`, `em1_1`, `em1_2`, `em1_3`, `em1_4`, `em1_5`, `text2_0`, `text2_1`, `BroadcastTextID2`, `lang2`, `Probability2`, `em2_0`, `em2_1`, `em2_2`, `em2_3`, `em2_4`, `em2_5`, `text3_0`, `text3_1`, `BroadcastTextID3`, `lang3`, `Probability3`, `em3_0`, `em3_1`, `em3_2`, `em3_3`, `em3_4`, `em3_5`, `text4_0`, `text4_1`, `BroadcastTextID4`, `lang4`, `Probability4`, `em4_0`, `em4_1`, `em4_2`, `em4_3`, `em4_4`, `em4_5`, `text5_0`, `text5_1`, `BroadcastTextID5`, `lang5`, `Probability5`, `em5_0`, `em5_1`, `em5_2`, `em5_3`, `em5_4`, `em5_5`, `text6_0`, `text6_1`, `BroadcastTextID6`, `lang6`, `Probability6`, `em6_0`, `em6_1`, `em6_2`, `em6_3`, `em6_4`, `em6_5`, `text7_0`, `text7_1`, `BroadcastTextID7`, `lang7`, `Probability7`, `em7_0`, `em7_1`, `em7_2`, `em7_3`, `em7_4`, `em7_5`) VALUES ('1872348', 'Imported from TC', 'An Alchemy trainer is what you need?  Well, I just came from there, I did.  Ye\'ll find Ms. Berryfizz over in Tinker Town where the gnomes gather.', 'An Alchemy trainer is what you need?  Well, I just came from there, I did.  Ye\'ll find Ms. Berryfizz over in Tinker Town where the gnomes gather.', '5115', '0', '75', '0', '1', '0', '0', '0', '0', 'Yer looking for an Alchemy trainer are ye?  Just came from there, I did.  Ye\'ll find Ms. Berryfizz over in Tinker Town where the gnomes gather.  $B$B::sigh:: ...why o\' why didn\'t I take the blue potion.', 'Yer looking for an Alchemy trainer are ye?  Just came from there, I did.  Ye\'ll find Ms. Berryfizz over in Tinker Town where the gnomes gather.  $B$B::sigh:: ...why o\' why didn\'t I take the blue potion.', '5116', '0', '25', '0', '1', '0', '0', '0', '0', '', '', NULL, '0', '0', '0', '0', '0', '0', '0', '0', '', '', NULL, '0', '0', '0', '0', '0', '0', '0', '0', '', '', NULL, '0', '0', '0', '0', '0', '0', '0', '0', '', '', NULL, '0', '0', '0', '0', '0', '0', '0', '0', '', '', NULL, '0', '0', '0', '0', '0', '0', '0', '0', '', '', NULL, '0', '0', '0', '0', '0', '0', '0', '0');
INSERT INTO gossip_menu (`MenuID`, `TextID`) VALUES ('2161', '1872348');
INSERT INTO points_of_interest (`ID`, `PositionX`, `PositionY`, `Icon`, `Flags`, `Importance`, `Name`, `VerifiedBuild`) VALUES ('66', '-4858', '-1241.84', '6', '99', '0', 'Berryfizz\'s Potions and Mixed Drinks', '0');
INSERT INTO gossip_menu_option (`MenuID`, `OptionID`, `OptionIcon`, `OptionText`, `OptionBroadcastTextID`, `OptionType`, `OptionNpcFlag`, `ActionMenuID`, `ActionPoiID`, `BoxCoded`, `BoxMoney`, `BoxText`, `BoxBroadcastTextID`) VALUES ('2168', '0', '0', 'Alchemy', '52058', '1', '1', '2161', '66', '0', '0', '', NULL);
INSERT INTO gossip_text (`ID`, `comment`, `text0_0`, `text0_1`, `BroadcastTextID0`, `lang0`, `Probability0`, `em0_0`, `em0_1`, `em0_2`, `em0_3`, `em0_4`, `em0_5`, `text1_0`, `text1_1`, `BroadcastTextID1`, `lang1`, `Probability1`, `em1_0`, `em1_1`, `em1_2`, `em1_3`, `em1_4`, `em1_5`, `text2_0`, `text2_1`, `BroadcastTextID2`, `lang2`, `Probability2`, `em2_0`, `em2_1`, `em2_2`, `em2_3`, `em2_4`, `em2_5`, `text3_0`, `text3_1`, `BroadcastTextID3`, `lang3`, `Probability3`, `em3_0`, `em3_1`, `em3_2`, `em3_3`, `em3_4`, `em3_5`, `text4_0`, `text4_1`, `BroadcastTextID4`, `lang4`, `Probability4`, `em4_0`, `em4_1`, `em4_2`, `em4_3`, `em4_4`, `em4_5`, `text5_0`, `text5_1`, `BroadcastTextID5`, `lang5`, `Probability5`, `em5_0`, `em5_1`, `em5_2`, `em5_3`, `em5_4`, `em5_5`, `text6_0`, `text6_1`, `BroadcastTextID6`, `lang6`, `Probability6`, `em6_0`, `em6_1`, `em6_2`, `em6_3`, `em6_4`, `em6_5`, `text7_0`, `text7_1`, `BroadcastTextID7`, `lang7`, `Probability7`, `em7_0`, `em7_1`, `em7_2`, `em7_3`, `em7_4`, `em7_5`) VALUES ('1872349', 'Imported from TC', 'Ye\'ve come to the right place $glad : lass;!  People come here from all o\'er the world to train to be a blacksmith.  Ye\'ll find Bengus Deepforge hammering away at an anvil in the middle of our fine city by The Great Forge itself.', 'Ye\'ve come to the right place $glad : lass;!  People come here from all o\'er the world to train to be a blacksmith.  Ye\'ll find Bengus Deepforge hammering away at an anvil in the middle of our fine city by The Great Forge itself.', '5118', '0', '1', '0', '5', '0', '1', '0', '0', 'Are ye really askin\' me where the Blacksmith is?  Have ye not heard of The Great Forge!?  All our best blacksmiths gather there to craft their weapons and armor!  $B$BIt\'s dead smack in the middle of Ironforge, and that\'s where you\'ll find one of our most brilliant blacksmiths, Bengus Deepforge.  ', 'Are ye really askin\' me where the Blacksmith is?  Have ye not heard of The Great Forge!?  All our best blacksmiths gather there to craft their weapons and armor!  $B$BIt\'s dead smack in the middle of Ironforge, and that\'s where you\'ll find one of our most brilliant blacksmiths, Bengus Deepforge.  ', '6335', '0', '1', '0', '0', '0', '0', '0', '0', '', '', NULL, '0', '0', '0', '0', '0', '0', '0', '0', '', '', NULL, '0', '0', '0', '0', '0', '0', '0', '0', '', '', NULL, '0', '0', '0', '0', '0', '0', '0', '0', '', '', NULL, '0', '0', '0', '0', '0', '0', '0', '0', '', '', NULL, '0', '0', '0', '0', '0', '0', '0', '0', '', '', NULL, '0', '0', '0', '0', '0', '0', '0', '0');
INSERT INTO gossip_menu (`MenuID`, `TextID`) VALUES ('2162', '1872349');
INSERT INTO points_of_interest (`ID`, `PositionX`, `PositionY`, `Icon`, `Flags`, `Importance`, `Name`, `VerifiedBuild`) VALUES ('67', '-4796', '-1110.17', '6', '99', '0', 'The Great Forge', '0');
INSERT INTO gossip_menu_option (`MenuID`, `OptionID`, `OptionIcon`, `OptionText`, `OptionBroadcastTextID`, `OptionType`, `OptionNpcFlag`, `ActionMenuID`, `ActionPoiID`, `BoxCoded`, `BoxMoney`, `BoxText`, `BoxBroadcastTextID`) VALUES ('2168', '1', '0', 'Blacksmithing', '51346', '1', '1', '2162', '67', '0', '0', '', NULL);
INSERT INTO gossip_text (`ID`, `comment`, `text0_0`, `text0_1`, `BroadcastTextID0`, `lang0`, `Probability0`, `em0_0`, `em0_1`, `em0_2`, `em0_3`, `em0_4`, `em0_5`, `text1_0`, `text1_1`, `BroadcastTextID1`, `lang1`, `Probability1`, `em1_0`, `em1_1`, `em1_2`, `em1_3`, `em1_4`, `em1_5`, `text2_0`, `text2_1`, `BroadcastTextID2`, `lang2`, `Probability2`, `em2_0`, `em2_1`, `em2_2`, `em2_3`, `em2_4`, `em2_5`, `text3_0`, `text3_1`, `BroadcastTextID3`, `lang3`, `Probability3`, `em3_0`, `em3_1`, `em3_2`, `em3_3`, `em3_4`, `em3_5`, `text4_0`, `text4_1`, `BroadcastTextID4`, `lang4`, `Probability4`, `em4_0`, `em4_1`, `em4_2`, `em4_3`, `em4_4`, `em4_5`, `text5_0`, `text5_1`, `BroadcastTextID5`, `lang5`, `Probability5`, `em5_0`, `em5_1`, `em5_2`, `em5_3`, `em5_4`, `em5_5`, `text6_0`, `text6_1`, `BroadcastTextID6`, `lang6`, `Probability6`, `em6_0`, `em6_1`, `em6_2`, `em6_3`, `em6_4`, `em6_5`, `text7_0`, `text7_1`, `BroadcastTextID7`, `lang7`, `Probability7`, `em7_0`, `em7_1`, `em7_2`, `em7_3`, `em7_4`, `em7_5`) VALUES ('1872350', 'Imported from TC', 'A Cooking trainer is it?  Well then, get yerself over to the Bronze Kettle on the northeastern side of The Great Forge.  Daryl Riknussun will teach ye to make a mighty fine dish that\'s sure to put the life back in ye!', 'A Cooking trainer is it?  Well then, get yerself over to the Bronze Kettle on the northeastern side of The Great Forge.  Daryl Riknussun will teach ye to make a mighty fine dish that\'s sure to put the life back in ye!', '5120', '0', '1', '0', '1', '0', '0', '0', '0', 'Och!  That Daryl Riknussun is a brilliant cook!  He makes a chilli so hot ye could temper steel with it!  I don\'t think he\'ll teach ye the recipe, but he\'ll certainly help ye to become a good cook.  Ye\'ll find him at the Bronze Kettle o\'er on the northeastern side of The Great Forge.', 'Och!  That Daryl Riknussun is a brilliant cook!  He makes a chilli so hot ye could temper steel with it!  I don\'t think he\'ll teach ye the recipe, but he\'ll certainly help ye to become a good cook.  Ye\'ll find him at the Bronze Kettle o\'er on the northeastern side of The Great Forge.', '6336', '0', '1', '0', '0', '0', '0', '0', '0', '', '', NULL, '0', '0', '0', '0', '0', '0', '0', '0', '', '', NULL, '0', '0', '0', '0', '0', '0', '0', '0', '', '', NULL, '0', '0', '0', '0', '0', '0', '0', '0', '', '', NULL, '0', '0', '0', '0', '0', '0', '0', '0', '', '', NULL, '0', '0', '0', '0', '0', '0', '0', '0', '', '', NULL, '0', '0', '0', '0', '0', '0', '0', '0');
INSERT INTO gossip_menu (`MenuID`, `TextID`) VALUES ('2163', '1872350');
INSERT INTO points_of_interest (`ID`, `PositionX`, `PositionY`, `Icon`, `Flags`, `Importance`, `Name`, `VerifiedBuild`) VALUES ('68', '-4767', '-1184.6', '6', '99', '0', 'The Bronze Kettle', '0');
INSERT INTO gossip_menu_option (`MenuID`, `OptionID`, `OptionIcon`, `OptionText`, `OptionBroadcastTextID`, `OptionType`, `OptionNpcFlag`, `ActionMenuID`, `ActionPoiID`, `BoxCoded`, `BoxMoney`, `BoxText`, `BoxBroadcastTextID`) VALUES ('2168', '2', '0', 'Cooking', '45763', '1', '1', '2163', '68', '0', '0', '', NULL);
INSERT INTO gossip_text (`ID`, `comment`, `text0_0`, `text0_1`, `BroadcastTextID0`, `lang0`, `Probability0`, `em0_0`, `em0_1`, `em0_2`, `em0_3`, `em0_4`, `em0_5`, `text1_0`, `text1_1`, `BroadcastTextID1`, `lang1`, `Probability1`, `em1_0`, `em1_1`, `em1_2`, `em1_3`, `em1_4`, `em1_5`, `text2_0`, `text2_1`, `BroadcastTextID2`, `lang2`, `Probability2`, `em2_0`, `em2_1`, `em2_2`, `em2_3`, `em2_4`, `em2_5`, `text3_0`, `text3_1`, `BroadcastTextID3`, `lang3`, `Probability3`, `em3_0`, `em3_1`, `em3_2`, `em3_3`, `em3_4`, `em3_5`, `text4_0`, `text4_1`, `BroadcastTextID4`, `lang4`, `Probability4`, `em4_0`, `em4_1`, `em4_2`, `em4_3`, `em4_4`, `em4_5`, `text5_0`, `text5_1`, `BroadcastTextID5`, `lang5`, `Probability5`, `em5_0`, `em5_1`, `em5_2`, `em5_3`, `em5_4`, `em5_5`, `text6_0`, `text6_1`, `BroadcastTextID6`, `lang6`, `Probability6`, `em6_0`, `em6_1`, `em6_2`, `em6_3`, `em6_4`, `em6_5`, `text7_0`, `text7_1`, `BroadcastTextID7`, `lang7`, `Probability7`, `em7_0`, `em7_1`, `em7_2`, `em7_3`, `em7_4`, `em7_5`) VALUES ('1872351', 'Imported from TC', 'Ah, I believe Gimble Thistlefuzz is who ye\'ll be needing if yer looking to learn the Enchanter\'s profession.  Ye\'ll find Gimble in his shop, Thistlefuzz Arcanery, right by the Gryphon Master at The Great Forge.', 'Ah, I believe Gimble Thistlefuzz is who ye\'ll be needing if yer looking to learn the Enchanter\'s profession.  Ye\'ll find Gimble in his shop, Thistlefuzz Arcanery, right by the Gryphon Master at The Great Forge.', '5122', '0', '1', '0', '1', '0', '0', '0', '0', 'Och!  Ye should be careful what ye get enchanted $glad : lass;.  I had me mug enchanted so it wouldn\'t spill a drop, but now I can\'t drink from it!  Such a tragedy.  $B$BYou be sure to heed me advice when ye see Gimble.  He\'ll be in his shop right by the Gryphon Master at The Great Forge.', 'Och!  Ye should be careful what ye get enchanted $glad : lass;.  I had me mug enchanted so it wouldn\'t spill a drop, but now I can\'t drink from it!  Such a tragedy.  $B$BYou be sure to heed me advice when ye see Gimble.  He\'ll be in his shop right by the Gryphon Master at The Great Forge.', '5365', '0', '1', '0', '0', '0', '0', '0', '0', '', '', NULL, '0', '0', '0', '0', '0', '0', '0', '0', '', '', NULL, '0', '0', '0', '0', '0', '0', '0', '0', '', '', NULL, '0', '0', '0', '0', '0', '0', '0', '0', '', '', NULL, '0', '0', '0', '0', '0', '0', '0', '0', '', '', NULL, '0', '0', '0', '0', '0', '0', '0', '0', '', '', NULL, '0', '0', '0', '0', '0', '0', '0', '0');
INSERT INTO gossip_menu (`MenuID`, `TextID`) VALUES ('2164', '1872351');
INSERT INTO points_of_interest (`ID`, `PositionX`, `PositionY`, `Icon`, `Flags`, `Importance`, `Name`, `VerifiedBuild`) VALUES ('69', '-4803', '-1196.53', '6', '99', '0', 'Thistlefuzz Arcanery', '0');
INSERT INTO gossip_menu_option (`MenuID`, `OptionID`, `OptionIcon`, `OptionText`, `OptionBroadcastTextID`, `OptionType`, `OptionNpcFlag`, `ActionMenuID`, `ActionPoiID`, `BoxCoded`, `BoxMoney`, `BoxText`, `BoxBroadcastTextID`) VALUES ('2168', '3', '0', 'Enchanting', '52063', '1', '1', '2164', '69', '0', '0', '', NULL);
INSERT INTO gossip_text (`ID`, `comment`, `text0_0`, `text0_1`, `BroadcastTextID0`, `lang0`, `Probability0`, `em0_0`, `em0_1`, `em0_2`, `em0_3`, `em0_4`, `em0_5`, `text1_0`, `text1_1`, `BroadcastTextID1`, `lang1`, `Probability1`, `em1_0`, `em1_1`, `em1_2`, `em1_3`, `em1_4`, `em1_5`, `text2_0`, `text2_1`, `BroadcastTextID2`, `lang2`, `Probability2`, `em2_0`, `em2_1`, `em2_2`, `em2_3`, `em2_4`, `em2_5`, `text3_0`, `text3_1`, `BroadcastTextID3`, `lang3`, `Probability3`, `em3_0`, `em3_1`, `em3_2`, `em3_3`, `em3_4`, `em3_5`, `text4_0`, `text4_1`, `BroadcastTextID4`, `lang4`, `Probability4`, `em4_0`, `em4_1`, `em4_2`, `em4_3`, `em4_4`, `em4_5`, `text5_0`, `text5_1`, `BroadcastTextID5`, `lang5`, `Probability5`, `em5_0`, `em5_1`, `em5_2`, `em5_3`, `em5_4`, `em5_5`, `text6_0`, `text6_1`, `BroadcastTextID6`, `lang6`, `Probability6`, `em6_0`, `em6_1`, `em6_2`, `em6_3`, `em6_4`, `em6_5`, `text7_0`, `text7_1`, `BroadcastTextID7`, `lang7`, `Probability7`, `em7_0`, `em7_1`, `em7_2`, `em7_3`, `em7_4`, `em7_5`) VALUES ('1872352', 'Imported from TC', 'The tinkerer\'s craft for you is it?  No doubt ye\'ll want to go see Springspindle Fizzlegear in Tinker Town.  $B$BJust head east from the gates of Ironforge, or follow the sound of the explosions.', 'The tinkerer\'s craft for you is it?  No doubt ye\'ll want to go see Springspindle Fizzlegear in Tinker Town.  $B$BJust head east from the gates of Ironforge, or follow the sound of the explosions.', '5124', '0', '60', '0', '1', '0', '0', '0', '0', 'Oh, you\'re looking for Springspindle Fizzlegear then.  Why that little gnome and his gadgets...  Let me tell you, if you\'re going to his shop in Tinker Town, keep your hands to yourself and don\'t pet any of his mechanical sheep!  $B$BExploding sheep... now why would you even make such a thing!?', 'Oh, you\'re looking for Springspindle Fizzlegear then.  Why that little gnome and his gadgets...  Let me tell you, if you\'re going to his shop in Tinker Town, keep your hands to yourself and don\'t pet any of his mechanical sheep!  $B$BExploding sheep... now why would you even make such a thing!?', '6337', '0', '40', '0', '0', '0', '0', '0', '0', '', '', NULL, '0', '0', '0', '0', '0', '0', '0', '0', '', '', NULL, '0', '0', '0', '0', '0', '0', '0', '0', '', '', NULL, '0', '0', '0', '0', '0', '0', '0', '0', '', '', NULL, '0', '0', '0', '0', '0', '0', '0', '0', '', '', NULL, '0', '0', '0', '0', '0', '0', '0', '0', '', '', NULL, '0', '0', '0', '0', '0', '0', '0', '0');
INSERT INTO gossip_menu (`MenuID`, `TextID`) VALUES ('2165', '1872352');
INSERT INTO points_of_interest (`ID`, `PositionX`, `PositionY`, `Icon`, `Flags`, `Importance`, `Name`, `VerifiedBuild`) VALUES ('401', '-4799.56', '-1250.24', '6', '99', '0', 'Springspindle\'s Gadgets', '0');
INSERT INTO gossip_menu_option (`MenuID`, `OptionID`, `OptionIcon`, `OptionText`, `OptionBroadcastTextID`, `OptionType`, `OptionNpcFlag`, `ActionMenuID`, `ActionPoiID`, `BoxCoded`, `BoxMoney`, `BoxText`, `BoxBroadcastTextID`) VALUES ('2168', '4', '0', 'Engineering', '51347', '1', '1', '2165', '401', '0', '0', '', NULL);
INSERT INTO gossip_text (`ID`, `comment`, `text0_0`, `text0_1`, `BroadcastTextID0`, `lang0`, `Probability0`, `em0_0`, `em0_1`, `em0_2`, `em0_3`, `em0_4`, `em0_5`, `text1_0`, `text1_1`, `BroadcastTextID1`, `lang1`, `Probability1`, `em1_0`, `em1_1`, `em1_2`, `em1_3`, `em1_4`, `em1_5`, `text2_0`, `text2_1`, `BroadcastTextID2`, `lang2`, `Probability2`, `em2_0`, `em2_1`, `em2_2`, `em2_3`, `em2_4`, `em2_5`, `text3_0`, `text3_1`, `BroadcastTextID3`, `lang3`, `Probability3`, `em3_0`, `em3_1`, `em3_2`, `em3_3`, `em3_4`, `em3_5`, `text4_0`, `text4_1`, `BroadcastTextID4`, `lang4`, `Probability4`, `em4_0`, `em4_1`, `em4_2`, `em4_3`, `em4_4`, `em4_5`, `text5_0`, `text5_1`, `BroadcastTextID5`, `lang5`, `Probability5`, `em5_0`, `em5_1`, `em5_2`, `em5_3`, `em5_4`, `em5_5`, `text6_0`, `text6_1`, `BroadcastTextID6`, `lang6`, `Probability6`, `em6_0`, `em6_1`, `em6_2`, `em6_3`, `em6_4`, `em6_5`, `text7_0`, `text7_1`, `BroadcastTextID7`, `lang7`, `Probability7`, `em7_0`, `em7_1`, `em7_2`, `em7_3`, `em7_4`, `em7_5`) VALUES ('1872353', 'Imported from TC', 'A valuable skill First Aid is.  Our resident trainer, Nissa Firestone, can show ye how it\'s done.  Look for her on the southern side of The Great Forge at the Ironforge Physician.', 'A valuable skill First Aid is.  Our resident trainer, Nissa Firestone, can show ye how it\'s done.  Look for her on the southern side of The Great Forge at the Ironforge Physician.', '5126', '0', '1', '0', '1', '0', '0', '0', '0', 'First Aid?  Well ye don\'t look hurt to me.  If yer really interested in learning First Aid, then Nissa Firestone is the one to learn from.  Go see her over by The Great Forge in her shop, The Ironforge Physician.', 'First Aid?  Well ye don\'t look hurt to me.  If yer really interested in learning First Aid, then Nissa Firestone is the one to learn from.  Go see her over by The Great Forge in her shop, The Ironforge Physician.', '6338', '0', '1', '0', '0', '0', '0', '0', '0', '', '', NULL, '0', '0', '0', '0', '0', '0', '0', '0', '', '', NULL, '0', '0', '0', '0', '0', '0', '0', '0', '', '', NULL, '0', '0', '0', '0', '0', '0', '0', '0', '', '', NULL, '0', '0', '0', '0', '0', '0', '0', '0', '', '', NULL, '0', '0', '0', '0', '0', '0', '0', '0', '', '', NULL, '0', '0', '0', '0', '0', '0', '0', '0');
INSERT INTO gossip_menu (`MenuID`, `TextID`) VALUES ('2166', '1872353');
INSERT INTO points_of_interest (`ID`, `PositionX`, `PositionY`, `Icon`, `Flags`, `Importance`, `Name`, `VerifiedBuild`) VALUES ('70', '-4881', '-1153.13', '6', '99', '0', 'Ironforge Physician', '0');
INSERT INTO gossip_menu_option (`MenuID`, `OptionID`, `OptionIcon`, `OptionText`, `OptionBroadcastTextID`, `OptionType`, `OptionNpcFlag`, `ActionMenuID`, `ActionPoiID`, `BoxCoded`, `BoxMoney`, `BoxText`, `BoxBroadcastTextID`) VALUES ('2168', '5', '0', 'First Aid', '52066', '1', '1', '2166', '70', '0', '0', '', NULL);
INSERT INTO gossip_text (`ID`, `comment`, `text0_0`, `text0_1`, `BroadcastTextID0`, `lang0`, `Probability0`, `em0_0`, `em0_1`, `em0_2`, `em0_3`, `em0_4`, `em0_5`, `text1_0`, `text1_1`, `BroadcastTextID1`, `lang1`, `Probability1`, `em1_0`, `em1_1`, `em1_2`, `em1_3`, `em1_4`, `em1_5`, `text2_0`, `text2_1`, `BroadcastTextID2`, `lang2`, `Probability2`, `em2_0`, `em2_1`, `em2_2`, `em2_3`, `em2_4`, `em2_5`, `text3_0`, `text3_1`, `BroadcastTextID3`, `lang3`, `Probability3`, `em3_0`, `em3_1`, `em3_2`, `em3_3`, `em3_4`, `em3_5`, `text4_0`, `text4_1`, `BroadcastTextID4`, `lang4`, `Probability4`, `em4_0`, `em4_1`, `em4_2`, `em4_3`, `em4_4`, `em4_5`, `text5_0`, `text5_1`, `BroadcastTextID5`, `lang5`, `Probability5`, `em5_0`, `em5_1`, `em5_2`, `em5_3`, `em5_4`, `em5_5`, `text6_0`, `text6_1`, `BroadcastTextID6`, `lang6`, `Probability6`, `em6_0`, `em6_1`, `em6_2`, `em6_3`, `em6_4`, `em6_5`, `text7_0`, `text7_1`, `BroadcastTextID7`, `lang7`, `Probability7`, `em7_0`, `em7_1`, `em7_2`, `em7_3`, `em7_4`, `em7_5`) VALUES ('1872354', 'Imported from TC', 'Grimnur Stonebrand will tell ye some whoppers about the one that got away, but he\'s still one o\' the best fishermen around.  He\'s got a shop set up in The Forlorn Cavern called the Traveling Fisherman.', 'Grimnur Stonebrand will tell ye some whoppers about the one that got away, but he\'s still one o\' the best fishermen around.  He\'s got a shop set up in The Forlorn Cavern called the Traveling Fisherman.', '5128', '0', '60', '0', '1', '0', '0', '0', '0', 'I once heard ol\' Grimnur say he fished up a sword.  Or was it a swordfish?  Damn that Grimnur, he\'s told so many fish tales I can\'t remember which is which.  Well, why don\'t you go see him over in The Forlorn Cavern and have him tell you what it was.', 'I once heard ol\' Grimnur say he fished up a sword.  Or was it a swordfish?  Damn that Grimnur, he\'s told so many fish tales I can\'t remember which is which.  Well, why don\'t you go see him over in The Forlorn Cavern and have him tell you what it was.', '6339', '0', '40', '0', '0', '0', '0', '0', '0', '', '', NULL, '0', '0', '0', '0', '0', '0', '0', '0', '', '', NULL, '0', '0', '0', '0', '0', '0', '0', '0', '', '', NULL, '0', '0', '0', '0', '0', '0', '0', '0', '', '', NULL, '0', '0', '0', '0', '0', '0', '0', '0', '', '', NULL, '0', '0', '0', '0', '0', '0', '0', '0', '', '', NULL, '0', '0', '0', '0', '0', '0', '0', '0');
INSERT INTO gossip_menu (`MenuID`, `TextID`) VALUES ('2167', '1872354');
INSERT INTO points_of_interest (`ID`, `PositionX`, `PositionY`, `Icon`, `Flags`, `Importance`, `Name`, `VerifiedBuild`) VALUES ('71', '-4597', '-1091.93', '6', '99', '0', 'Traveling Fisherman', '0');
INSERT INTO gossip_menu_option (`MenuID`, `OptionID`, `OptionIcon`, `OptionText`, `OptionBroadcastTextID`, `OptionType`, `OptionNpcFlag`, `ActionMenuID`, `ActionPoiID`, `BoxCoded`, `BoxMoney`, `BoxText`, `BoxBroadcastTextID`) VALUES ('2168', '6', '0', 'Fishing', '45767', '1', '1', '2167', '71', '0', '0', '', NULL);
INSERT INTO gossip_text (`ID`, `comment`, `text0_0`, `text0_1`, `BroadcastTextID0`, `lang0`, `Probability0`, `em0_0`, `em0_1`, `em0_2`, `em0_3`, `em0_4`, `em0_5`, `text1_0`, `text1_1`, `BroadcastTextID1`, `lang1`, `Probability1`, `em1_0`, `em1_1`, `em1_2`, `em1_3`, `em1_4`, `em1_5`, `text2_0`, `text2_1`, `BroadcastTextID2`, `lang2`, `Probability2`, `em2_0`, `em2_1`, `em2_2`, `em2_3`, `em2_4`, `em2_5`, `text3_0`, `text3_1`, `BroadcastTextID3`, `lang3`, `Probability3`, `em3_0`, `em3_1`, `em3_2`, `em3_3`, `em3_4`, `em3_5`, `text4_0`, `text4_1`, `BroadcastTextID4`, `lang4`, `Probability4`, `em4_0`, `em4_1`, `em4_2`, `em4_3`, `em4_4`, `em4_5`, `text5_0`, `text5_1`, `BroadcastTextID5`, `lang5`, `Probability5`, `em5_0`, `em5_1`, `em5_2`, `em5_3`, `em5_4`, `em5_5`, `text6_0`, `text6_1`, `BroadcastTextID6`, `lang6`, `Probability6`, `em6_0`, `em6_1`, `em6_2`, `em6_3`, `em6_4`, `em6_5`, `text7_0`, `text7_1`, `BroadcastTextID7`, `lang7`, `Probability7`, `em7_0`, `em7_1`, `em7_2`, `em7_3`, `em7_4`, `em7_5`) VALUES ('1872355', 'Imported from TC', 'Flowers and seeds and such?  That would be Reyna Stonebranch\'s area of expertise.  Ye can find her tending to her plants over at the Ironforge Physician on the southern side of The Great Forge.', 'Flowers and seeds and such?  That would be Reyna Stonebranch\'s area of expertise.  Ye can find her tending to her plants over at the Ironforge Physician on the southern side of The Great Forge.', '5131', '0', '75', '0', '1', '0', '0', '0', '0', 'Oh, ye want to learn to pick some daisies do ye?  Ha!  I\'m just teasing ye $gladdie : lass;.  $B$BA fine profession it is, and Reyna Stonebranch can show ye how it\'s done.  She works at the Ironforge Physician on the southern side of The Great Forge.', 'Oh, ye want to learn to pick some daisies do ye?  Ha!  I\'m just teasing ye $gladdie : lass;.  $B$BA fine profession it is, and Reyna Stonebranch can show ye how it\'s done.  She works at the Ironforge Physician on the southern side of The Great Forge.', '5132', '0', '25', '0', '1', '0', '0', '0', '0', '', '', NULL, '0', '0', '0', '0', '0', '0', '0', '0', '', '', NULL, '0', '0', '0', '0', '0', '0', '0', '0', '', '', NULL, '0', '0', '0', '0', '0', '0', '0', '0', '', '', NULL, '0', '0', '0', '0', '0', '0', '0', '0', '', '', NULL, '0', '0', '0', '0', '0', '0', '0', '0', '', '', NULL, '0', '0', '0', '0', '0', '0', '0', '0');
INSERT INTO gossip_menu (`MenuID`, `TextID`) VALUES ('2169', '1872355');
-- POI 70 is already imported
INSERT INTO gossip_menu_option (`MenuID`, `OptionID`, `OptionIcon`, `OptionText`, `OptionBroadcastTextID`, `OptionType`, `OptionNpcFlag`, `ActionMenuID`, `ActionPoiID`, `BoxCoded`, `BoxMoney`, `BoxText`, `BoxBroadcastTextID`) VALUES ('2168', '7', '0', 'Herbalism', '45768', '1', '1', '2169', '70', '0', '0', '', NULL);
INSERT INTO gossip_text (`ID`, `comment`, `text0_0`, `text0_1`, `BroadcastTextID0`, `lang0`, `Probability0`, `em0_0`, `em0_1`, `em0_2`, `em0_3`, `em0_4`, `em0_5`, `text1_0`, `text1_1`, `BroadcastTextID1`, `lang1`, `Probability1`, `em1_0`, `em1_1`, `em1_2`, `em1_3`, `em1_4`, `em1_5`, `text2_0`, `text2_1`, `BroadcastTextID2`, `lang2`, `Probability2`, `em2_0`, `em2_1`, `em2_2`, `em2_3`, `em2_4`, `em2_5`, `text3_0`, `text3_1`, `BroadcastTextID3`, `lang3`, `Probability3`, `em3_0`, `em3_1`, `em3_2`, `em3_3`, `em3_4`, `em3_5`, `text4_0`, `text4_1`, `BroadcastTextID4`, `lang4`, `Probability4`, `em4_0`, `em4_1`, `em4_2`, `em4_3`, `em4_4`, `em4_5`, `text5_0`, `text5_1`, `BroadcastTextID5`, `lang5`, `Probability5`, `em5_0`, `em5_1`, `em5_2`, `em5_3`, `em5_4`, `em5_5`, `text6_0`, `text6_1`, `BroadcastTextID6`, `lang6`, `Probability6`, `em6_0`, `em6_1`, `em6_2`, `em6_3`, `em6_4`, `em6_5`, `text7_0`, `text7_1`, `BroadcastTextID7`, `lang7`, `Probability7`, `em7_0`, `em7_1`, `em7_2`, `em7_3`, `em7_4`, `em7_5`) VALUES ('13884', 'Imported from TC', 'Elise Brightletter is near the Great Forge adjacent to the Flight Master.', 'Elise Brightletter is near the Great Forge adjacent to the Flight Master.', '31548', '0', '1', '0', '5', '0', '1', '0', '0', '', '', NULL, '0', '0', '0', '0', '0', '0', '0', '0', '', '', NULL, '0', '0', '0', '0', '0', '0', '0', '0', '', '', NULL, '0', '0', '0', '0', '0', '0', '0', '0', '', '', NULL, '0', '0', '0', '0', '0', '0', '0', '0', '', '', NULL, '0', '0', '0', '0', '0', '0', '0', '0', '', '', NULL, '0', '0', '0', '0', '0', '0', '0', '0', '', '', NULL, '0', '0', '0', '0', '0', '0', '0', '0');
INSERT INTO gossip_menu (`MenuID`, `TextID`) VALUES ('10013', '13884');
INSERT INTO points_of_interest (`ID`, `PositionX`, `PositionY`, `Icon`, `Flags`, `Importance`, `Name`, `VerifiedBuild`) VALUES ('72', '-4801', '-1189.09', '6', '99', '0', 'Ironforge Inscription', '0');
INSERT INTO gossip_menu_option (`MenuID`, `OptionID`, `OptionIcon`, `OptionText`, `OptionBroadcastTextID`, `OptionType`, `OptionNpcFlag`, `ActionMenuID`, `ActionPoiID`, `BoxCoded`, `BoxMoney`, `BoxText`, `BoxBroadcastTextID`, `patch_min`) VALUES ('2168', '8', '0', 'Inscription', '48811', '1', '1', '10013', '72', '0', '0', '', NULL, '5');
INSERT INTO gossip_text (`ID`, `comment`, `text0_0`, `text0_1`, `BroadcastTextID0`, `lang0`, `Probability0`, `em0_0`, `em0_1`, `em0_2`, `em0_3`, `em0_4`, `em0_5`, `text1_0`, `text1_1`, `BroadcastTextID1`, `lang1`, `Probability1`, `em1_0`, `em1_1`, `em1_2`, `em1_3`, `em1_4`, `em1_5`, `text2_0`, `text2_1`, `BroadcastTextID2`, `lang2`, `Probability2`, `em2_0`, `em2_1`, `em2_2`, `em2_3`, `em2_4`, `em2_5`, `text3_0`, `text3_1`, `BroadcastTextID3`, `lang3`, `Probability3`, `em3_0`, `em3_1`, `em3_2`, `em3_3`, `em3_4`, `em3_5`, `text4_0`, `text4_1`, `BroadcastTextID4`, `lang4`, `Probability4`, `em4_0`, `em4_1`, `em4_2`, `em4_3`, `em4_4`, `em4_5`, `text5_0`, `text5_1`, `BroadcastTextID5`, `lang5`, `Probability5`, `em5_0`, `em5_1`, `em5_2`, `em5_3`, `em5_4`, `em5_5`, `text6_0`, `text6_1`, `BroadcastTextID6`, `lang6`, `Probability6`, `em6_0`, `em6_1`, `em6_2`, `em6_3`, `em6_4`, `em6_5`, `text7_0`, `text7_1`, `BroadcastTextID7`, `lang7`, `Probability7`, `em7_0`, `em7_1`, `em7_2`, `em7_3`, `em7_4`, `em7_5`) VALUES ('1872356', 'Imported from TC', 'Fimble Finespindle has a shop set up on the northwest side of The Great Forge.  I wager he could show ye how to make some fine armor.', 'Fimble Finespindle has a shop set up on the northwest side of The Great Forge.  I wager he could show ye how to make some fine armor.', '5135', '0', '60', '0', '1', '0', '0', '0', '0', 'Sure ye don\'t want to be a Blacksmith?  Well, if yer heart is set on Leatherworking, then you best talk to Fimble Finespindle over at his shop on the northwest side of The Great Forge.', 'Sure ye don\'t want to be a Blacksmith?  Well, if yer heart is set on Leatherworking, then you best talk to Fimble Finespindle over at his shop on the northwest side of The Great Forge.', '6342', '0', '40', '0', '0', '0', '0', '0', '0', '', '', NULL, '0', '0', '0', '0', '0', '0', '0', '0', '', '', NULL, '0', '0', '0', '0', '0', '0', '0', '0', '', '', NULL, '0', '0', '0', '0', '0', '0', '0', '0', '', '', NULL, '0', '0', '0', '0', '0', '0', '0', '0', '', '', NULL, '0', '0', '0', '0', '0', '0', '0', '0', '', '', NULL, '0', '0', '0', '0', '0', '0', '0', '0');
INSERT INTO gossip_menu (`MenuID`, `TextID`) VALUES ('2170', '1872356');
INSERT INTO points_of_interest (`ID`, `PositionX`, `PositionY`, `Icon`, `Flags`, `Importance`, `Name`, `VerifiedBuild`) VALUES ('73', '-4745', '-1027.58', '6', '99', '0', 'Finespindle\'s Leather Goods', '0');
INSERT INTO gossip_menu_option (`MenuID`, `OptionID`, `OptionIcon`, `OptionText`, `OptionBroadcastTextID`, `OptionType`, `OptionNpcFlag`, `ActionMenuID`, `ActionPoiID`, `BoxCoded`, `BoxMoney`, `BoxText`, `BoxBroadcastTextID`) VALUES ('2168', '9', '0', 'Leatherworking', '52071', '1', '1', '2170', '73', '0', '0', '', NULL);
INSERT INTO gossip_text (`ID`, `comment`, `text0_0`, `text0_1`, `BroadcastTextID0`, `lang0`, `Probability0`, `em0_0`, `em0_1`, `em0_2`, `em0_3`, `em0_4`, `em0_5`, `text1_0`, `text1_1`, `BroadcastTextID1`, `lang1`, `Probability1`, `em1_0`, `em1_1`, `em1_2`, `em1_3`, `em1_4`, `em1_5`, `text2_0`, `text2_1`, `BroadcastTextID2`, `lang2`, `Probability2`, `em2_0`, `em2_1`, `em2_2`, `em2_3`, `em2_4`, `em2_5`, `text3_0`, `text3_1`, `BroadcastTextID3`, `lang3`, `Probability3`, `em3_0`, `em3_1`, `em3_2`, `em3_3`, `em3_4`, `em3_5`, `text4_0`, `text4_1`, `BroadcastTextID4`, `lang4`, `Probability4`, `em4_0`, `em4_1`, `em4_2`, `em4_3`, `em4_4`, `em4_5`, `text5_0`, `text5_1`, `BroadcastTextID5`, `lang5`, `Probability5`, `em5_0`, `em5_1`, `em5_2`, `em5_3`, `em5_4`, `em5_5`, `text6_0`, `text6_1`, `BroadcastTextID6`, `lang6`, `Probability6`, `em6_0`, `em6_1`, `em6_2`, `em6_3`, `em6_4`, `em6_5`, `text7_0`, `text7_1`, `BroadcastTextID7`, `lang7`, `Probability7`, `em7_0`, `em7_1`, `em7_2`, `em7_3`, `em7_4`, `em7_5`) VALUES ('1872357', 'Imported from TC', 'Do we have Mining trainers here?  Where do ye think ye are!?  $B$BWhy you\'ll find one o\' the best miners in all Dun Morogh at the Deepmountain Mining Guild on the northern side of The Great Forge.  There, Geofram Bouldertoe will show ye the true art of mining.', 'Do we have Mining trainers here?  Where do ye think ye are!?  $B$BWhy you\'ll find one o\' the best miners in all Dun Morogh at the Deepmountain Mining Guild on the northern side of The Great Forge.  There, Geofram Bouldertoe will show ye the true art of mining.', '5139', '0', '1', '0', '5', '0', '1', '0', '0', 'Well well!  You\'ve come to the right place to learn Mining, $gboyo : girlie;!  Geofram Bouldertoe himself resides at the Deepmountain Mining Guild.  Ye couldn\'t ask for a better instructor than him.', 'Well well!  You\'ve come to the right place to learn Mining, $gboyo : girlie;!  Geofram Bouldertoe himself resides at the Deepmountain Mining Guild.  Ye couldn\'t ask for a better instructor than him.', '6344', '0', '1', '0', '0', '0', '0', '0', '0', '', '', NULL, '0', '0', '0', '0', '0', '0', '0', '0', '', '', NULL, '0', '0', '0', '0', '0', '0', '0', '0', '', '', NULL, '0', '0', '0', '0', '0', '0', '0', '0', '', '', NULL, '0', '0', '0', '0', '0', '0', '0', '0', '', '', NULL, '0', '0', '0', '0', '0', '0', '0', '0', '', '', NULL, '0', '0', '0', '0', '0', '0', '0', '0');
INSERT INTO gossip_menu (`MenuID`, `TextID`) VALUES ('2172', '1872357');
INSERT INTO points_of_interest (`ID`, `PositionX`, `PositionY`, `Icon`, `Flags`, `Importance`, `Name`, `VerifiedBuild`) VALUES ('74', '-4705', '-1116.43', '6', '99', '0', 'Deepmountain Mining Guild', '0');
INSERT INTO gossip_menu_option (`MenuID`, `OptionID`, `OptionIcon`, `OptionText`, `OptionBroadcastTextID`, `OptionType`, `OptionNpcFlag`, `ActionMenuID`, `ActionPoiID`, `BoxCoded`, `BoxMoney`, `BoxText`, `BoxBroadcastTextID`) VALUES ('2168', '10', '0', 'Mining', '51348', '1', '1', '2172', '74', '0', '0', '', NULL);
INSERT INTO gossip_text (`ID`, `comment`, `text0_0`, `text0_1`, `BroadcastTextID0`, `lang0`, `Probability0`, `em0_0`, `em0_1`, `em0_2`, `em0_3`, `em0_4`, `em0_5`, `text1_0`, `text1_1`, `BroadcastTextID1`, `lang1`, `Probability1`, `em1_0`, `em1_1`, `em1_2`, `em1_3`, `em1_4`, `em1_5`, `text2_0`, `text2_1`, `BroadcastTextID2`, `lang2`, `Probability2`, `em2_0`, `em2_1`, `em2_2`, `em2_3`, `em2_4`, `em2_5`, `text3_0`, `text3_1`, `BroadcastTextID3`, `lang3`, `Probability3`, `em3_0`, `em3_1`, `em3_2`, `em3_3`, `em3_4`, `em3_5`, `text4_0`, `text4_1`, `BroadcastTextID4`, `lang4`, `Probability4`, `em4_0`, `em4_1`, `em4_2`, `em4_3`, `em4_4`, `em4_5`, `text5_0`, `text5_1`, `BroadcastTextID5`, `lang5`, `Probability5`, `em5_0`, `em5_1`, `em5_2`, `em5_3`, `em5_4`, `em5_5`, `text6_0`, `text6_1`, `BroadcastTextID6`, `lang6`, `Probability6`, `em6_0`, `em6_1`, `em6_2`, `em6_3`, `em6_4`, `em6_5`, `text7_0`, `text7_1`, `BroadcastTextID7`, `lang7`, `Probability7`, `em7_0`, `em7_1`, `em7_2`, `em7_3`, `em7_4`, `em7_5`) VALUES ('1872358', 'Imported from TC', 'Balthus Stoneflayer is the one to see about Skinning.  If it can be skinned, he can teach ye how.  Just walk yerself over to Finespindle\'s Leather Goods on the northern side of The Great Forge.', 'Balthus Stoneflayer is the one to see about Skinning.  If it can be skinned, he can teach ye how.  Just walk yerself over to Finespindle\'s Leather Goods on the northern side of The Great Forge.', '5141', '0', '60', '0', '1', '0', '0', '0', '0', 'Skinning?  The only thing ye look like ye could skin is yer own knee!  Ha!  Now why don\'t you go see Balthus Stoneflayer so he can teach you how to properly skin some animals.  You\'ll find him in Finespindle\'s Leather Goods on the northern side of The Great Forge.', 'Skinning?  The only thing ye look like ye could skin is yer own knee!  Ha!  Now why don\'t you go see Balthus Stoneflayer so he can teach you how to properly skin some animals.  You\'ll find him in Finespindle\'s Leather Goods on the northern side of The Great Forge.', '6348', '0', '40', '0', '0', '0', '0', '0', '0', '', '', NULL, '0', '0', '0', '0', '0', '0', '0', '0', '', '', NULL, '0', '0', '0', '0', '0', '0', '0', '0', '', '', NULL, '0', '0', '0', '0', '0', '0', '0', '0', '', '', NULL, '0', '0', '0', '0', '0', '0', '0', '0', '', '', NULL, '0', '0', '0', '0', '0', '0', '0', '0', '', '', NULL, '0', '0', '0', '0', '0', '0', '0', '0');
INSERT INTO gossip_menu (`MenuID`, `TextID`) VALUES ('2173', '1872358');
-- POI 73 is already imported
INSERT INTO gossip_menu_option (`MenuID`, `OptionID`, `OptionIcon`, `OptionText`, `OptionBroadcastTextID`, `OptionType`, `OptionNpcFlag`, `ActionMenuID`, `ActionPoiID`, `BoxCoded`, `BoxMoney`, `BoxText`, `BoxBroadcastTextID`) VALUES ('2168', '11', '0', 'Skinning', '52076', '1', '1', '2173', '73', '0', '0', '', NULL);
INSERT INTO gossip_text (`ID`, `comment`, `text0_0`, `text0_1`, `BroadcastTextID0`, `lang0`, `Probability0`, `em0_0`, `em0_1`, `em0_2`, `em0_3`, `em0_4`, `em0_5`, `text1_0`, `text1_1`, `BroadcastTextID1`, `lang1`, `Probability1`, `em1_0`, `em1_1`, `em1_2`, `em1_3`, `em1_4`, `em1_5`, `text2_0`, `text2_1`, `BroadcastTextID2`, `lang2`, `Probability2`, `em2_0`, `em2_1`, `em2_2`, `em2_3`, `em2_4`, `em2_5`, `text3_0`, `text3_1`, `BroadcastTextID3`, `lang3`, `Probability3`, `em3_0`, `em3_1`, `em3_2`, `em3_3`, `em3_4`, `em3_5`, `text4_0`, `text4_1`, `BroadcastTextID4`, `lang4`, `Probability4`, `em4_0`, `em4_1`, `em4_2`, `em4_3`, `em4_4`, `em4_5`, `text5_0`, `text5_1`, `BroadcastTextID5`, `lang5`, `Probability5`, `em5_0`, `em5_1`, `em5_2`, `em5_3`, `em5_4`, `em5_5`, `text6_0`, `text6_1`, `BroadcastTextID6`, `lang6`, `Probability6`, `em6_0`, `em6_1`, `em6_2`, `em6_3`, `em6_4`, `em6_5`, `text7_0`, `text7_1`, `BroadcastTextID7`, `lang7`, `Probability7`, `em7_0`, `em7_1`, `em7_2`, `em7_3`, `em7_4`, `em7_5`) VALUES ('1872359', 'Imported from TC', 'That Jormund Stonebrow has a knack for the needle, he does.  Should you be needing some training, then you\'ll find him at Stonebrow\'s Clothier on the northern side of The Great Forge.', 'That Jormund Stonebrow has a knack for the needle, he does.  Should you be needing some training, then you\'ll find him at Stonebrow\'s Clothier on the northern side of The Great Forge.', '5145', '0', '60', '0', '1', '0', '0', '0', '0', 'Ye might not know it, but in addition to being a skilled tailor, Jormund is also a slayer of giants!  Why he must have overheard a few of us sharing stories when he shouted that he\'d killed seven with one blow!  $B$BYe should pay him a visit at his store on the north side of The Great Forge an\' see if he\'ll tell ye the tale!', 'Ye might not know it, but in addition to being a skilled tailor, Jormund is also a slayer of giants!  Why he must have overheard a few of us sharing stories when he shouted that he\'d killed seven with one blow!  $B$BYe should pay him a visit at his store on the north side of The Great Forge an\' see if he\'ll tell ye the tale!', '6347', '0', '40', '0', '0', '0', '0', '0', '0', '', '', NULL, '0', '0', '0', '0', '0', '0', '0', '0', '', '', NULL, '0', '0', '0', '0', '0', '0', '0', '0', '', '', NULL, '0', '0', '0', '0', '0', '0', '0', '0', '', '', NULL, '0', '0', '0', '0', '0', '0', '0', '0', '', '', NULL, '0', '0', '0', '0', '0', '0', '0', '0', '', '', NULL, '0', '0', '0', '0', '0', '0', '0', '0');
INSERT INTO gossip_menu (`MenuID`, `TextID`) VALUES ('2175', '1872359');
INSERT INTO points_of_interest (`ID`, `PositionX`, `PositionY`, `Icon`, `Flags`, `Importance`, `Name`, `VerifiedBuild`) VALUES ('75', '-4719', '-1056.97', '6', '99', '0', 'Stonebrow\'s Clothier', '0');
INSERT INTO gossip_menu_option (`MenuID`, `OptionID`, `OptionIcon`, `OptionText`, `OptionBroadcastTextID`, `OptionType`, `OptionNpcFlag`, `ActionMenuID`, `ActionPoiID`, `BoxCoded`, `BoxMoney`, `BoxText`, `BoxBroadcastTextID`) VALUES ('2168', '12', '0', 'Tailoring', '52077', '1', '1', '2175', '75', '0', '0', '', NULL);
INSERT INTO gossip_menu_option (`MenuID`, `OptionID`, `OptionIcon`, `OptionText`, `OptionBroadcastTextID`, `OptionType`, `OptionNpcFlag`, `ActionMenuID`, `ActionPoiID`, `BoxCoded`, `BoxMoney`, `BoxText`, `BoxBroadcastTextID`) VALUES ('2121', '12', '0', 'Profession Trainer', '45382', '1', '1', '2168', NULL, '0', '0', '', NULL);
UPDATE creature_template SET npcflag = (npcflag | 1), gossip_menu_id = 2121 WHERE entry = 12996;


-- Importing creature gossip with entry 5595 (Ironforge Guard) with import type GOSSIP
-- Menu 2121 is already imported
UPDATE creature_template SET npcflag = (npcflag | 1), gossip_menu_id = 2121 WHERE entry = 5595;
DELETE FROM gossip_menu WHERE MenuID = 2760;


-- Importing creature gossip with entry 9502 (Phalanx) with import type GOSSIP
-- Text 2973 already present in Sun DB
INSERT INTO gossip_menu (`MenuID`, `TextID`) VALUES ('2283', '2973');
UPDATE creature_template SET npcflag = (npcflag | 1), gossip_menu_id = 2283 WHERE entry = 9502;


-- Importing creature gossip with entry 4262 (Darnassus Sentinel) with import type GOSSIP
INSERT INTO gossip_text (`ID`, `comment`, `text0_0`, `text0_1`, `BroadcastTextID0`, `lang0`, `Probability0`, `em0_0`, `em0_1`, `em0_2`, `em0_3`, `em0_4`, `em0_5`, `text1_0`, `text1_1`, `BroadcastTextID1`, `lang1`, `Probability1`, `em1_0`, `em1_1`, `em1_2`, `em1_3`, `em1_4`, `em1_5`, `text2_0`, `text2_1`, `BroadcastTextID2`, `lang2`, `Probability2`, `em2_0`, `em2_1`, `em2_2`, `em2_3`, `em2_4`, `em2_5`, `text3_0`, `text3_1`, `BroadcastTextID3`, `lang3`, `Probability3`, `em3_0`, `em3_1`, `em3_2`, `em3_3`, `em3_4`, `em3_5`, `text4_0`, `text4_1`, `BroadcastTextID4`, `lang4`, `Probability4`, `em4_0`, `em4_1`, `em4_2`, `em4_3`, `em4_4`, `em4_5`, `text5_0`, `text5_1`, `BroadcastTextID5`, `lang5`, `Probability5`, `em5_0`, `em5_1`, `em5_2`, `em5_3`, `em5_4`, `em5_5`, `text6_0`, `text6_1`, `BroadcastTextID6`, `lang6`, `Probability6`, `em6_0`, `em6_1`, `em6_2`, `em6_3`, `em6_4`, `em6_5`, `text7_0`, `text7_1`, `BroadcastTextID7`, `lang7`, `Probability7`, `em7_0`, `em7_1`, `em7_2`, `em7_3`, `em7_4`, `em7_5`) VALUES ('1872360', 'Imported from TC', 'Of all the wondrous places within Darnassus, which would you have me direct you to?', 'Of all the wondrous places within Darnassus, which would you have me direct you to?', '5325', '0', '1', '0', '0', '0', '0', '0', '0', '', '', NULL, '0', '0', '0', '0', '0', '0', '0', '0', '', '', NULL, '0', '0', '0', '0', '0', '0', '0', '0', '', '', NULL, '0', '0', '0', '0', '0', '0', '0', '0', '', '', NULL, '0', '0', '0', '0', '0', '0', '0', '0', '', '', NULL, '0', '0', '0', '0', '0', '0', '0', '0', '', '', NULL, '0', '0', '0', '0', '0', '0', '0', '0', '', '', NULL, '0', '0', '0', '0', '0', '0', '0', '0');
INSERT INTO gossip_menu (`MenuID`, `TextID`) VALUES ('2352', '1872360');
INSERT INTO gossip_text (`ID`, `comment`, `text0_0`, `text0_1`, `BroadcastTextID0`, `lang0`, `Probability0`, `em0_0`, `em0_1`, `em0_2`, `em0_3`, `em0_4`, `em0_5`, `text1_0`, `text1_1`, `BroadcastTextID1`, `lang1`, `Probability1`, `em1_0`, `em1_1`, `em1_2`, `em1_3`, `em1_4`, `em1_5`, `text2_0`, `text2_1`, `BroadcastTextID2`, `lang2`, `Probability2`, `em2_0`, `em2_1`, `em2_2`, `em2_3`, `em2_4`, `em2_5`, `text3_0`, `text3_1`, `BroadcastTextID3`, `lang3`, `Probability3`, `em3_0`, `em3_1`, `em3_2`, `em3_3`, `em3_4`, `em3_5`, `text4_0`, `text4_1`, `BroadcastTextID4`, `lang4`, `Probability4`, `em4_0`, `em4_1`, `em4_2`, `em4_3`, `em4_4`, `em4_5`, `text5_0`, `text5_1`, `BroadcastTextID5`, `lang5`, `Probability5`, `em5_0`, `em5_1`, `em5_2`, `em5_3`, `em5_4`, `em5_5`, `text6_0`, `text6_1`, `BroadcastTextID6`, `lang6`, `Probability6`, `em6_0`, `em6_1`, `em6_2`, `em6_3`, `em6_4`, `em6_5`, `text7_0`, `text7_1`, `BroadcastTextID7`, `lang7`, `Probability7`, `em7_0`, `em7_1`, `em7_2`, `em7_3`, `em7_4`, `em7_5`) VALUES ('1872361', 'Imported from TC', 'One has opened up on the Tradesman\'s Terrace.  If you take the path leading Southeast from the bank, it should be easy to find.', 'One has opened up on the Tradesman\'s Terrace.  If you take the path leading Southeast from the bank, it should be easy to find.', '6365', '0', '60', '0', '0', '0', '0', '0', '0', 'Oh, the ever-present obsession with material wealth.  Well, fortune smiles on you, as you can find the auction house in the Tradesman\'s Terrace.', 'Oh, the ever-present obsession with material wealth.  Well, fortune smiles on you, as you can find the auction house in the Tradesman\'s Terrace.', '6366', '0', '40', '0', '0', '0', '0', '0', '0', '', '', NULL, '0', '0', '0', '0', '0', '0', '0', '0', '', '', NULL, '0', '0', '0', '0', '0', '0', '0', '0', '', '', NULL, '0', '0', '0', '0', '0', '0', '0', '0', '', '', NULL, '0', '0', '0', '0', '0', '0', '0', '0', '', '', NULL, '0', '0', '0', '0', '0', '0', '0', '0', '', '', NULL, '0', '0', '0', '0', '0', '0', '0', '0');
INSERT INTO gossip_menu (`MenuID`, `TextID`) VALUES ('3101', '1872361');
INSERT INTO points_of_interest (`ID`, `PositionX`, `PositionY`, `Icon`, `Flags`, `Importance`, `Name`, `VerifiedBuild`) VALUES ('89', '9862', '2339.19', '6', '99', '0', 'Darnassus Auction House', '0');
INSERT INTO gossip_menu_option (`MenuID`, `OptionID`, `OptionIcon`, `OptionText`, `OptionBroadcastTextID`, `OptionType`, `OptionNpcFlag`, `ActionMenuID`, `ActionPoiID`, `BoxCoded`, `BoxMoney`, `BoxText`, `BoxBroadcastTextID`) VALUES ('2352', '0', '0', 'Auction House', '44627', '1', '1', '3101', '89', '0', '0', '', NULL);
INSERT INTO gossip_text (`ID`, `comment`, `text0_0`, `text0_1`, `BroadcastTextID0`, `lang0`, `Probability0`, `em0_0`, `em0_1`, `em0_2`, `em0_3`, `em0_4`, `em0_5`, `text1_0`, `text1_1`, `BroadcastTextID1`, `lang1`, `Probability1`, `em1_0`, `em1_1`, `em1_2`, `em1_3`, `em1_4`, `em1_5`, `text2_0`, `text2_1`, `BroadcastTextID2`, `lang2`, `Probability2`, `em2_0`, `em2_1`, `em2_2`, `em2_3`, `em2_4`, `em2_5`, `text3_0`, `text3_1`, `BroadcastTextID3`, `lang3`, `Probability3`, `em3_0`, `em3_1`, `em3_2`, `em3_3`, `em3_4`, `em3_5`, `text4_0`, `text4_1`, `BroadcastTextID4`, `lang4`, `Probability4`, `em4_0`, `em4_1`, `em4_2`, `em4_3`, `em4_4`, `em4_5`, `text5_0`, `text5_1`, `BroadcastTextID5`, `lang5`, `Probability5`, `em5_0`, `em5_1`, `em5_2`, `em5_3`, `em5_4`, `em5_5`, `text6_0`, `text6_1`, `BroadcastTextID6`, `lang6`, `Probability6`, `em6_0`, `em6_1`, `em6_2`, `em6_3`, `em6_4`, `em6_5`, `text7_0`, `text7_1`, `BroadcastTextID7`, `lang7`, `Probability7`, `em7_0`, `em7_1`, `em7_2`, `em7_3`, `em7_4`, `em7_5`) VALUES ('1872362', 'Imported from TC', 'You may find storage for your worldly goods at the bank of Darnassus, which lies in the center of our wondrous city.', 'You may find storage for your worldly goods at the bank of Darnassus, which lies in the center of our wondrous city.', '5329', '0', '75', '0', '0', '0', '0', '0', '0', 'Another material $gboy : girl; are we?  Well, if you are obsessed with your precious items then you will probably want to store them at the Darnassus Bank in the center of our city.', 'Another material $gboy : girl; are we?  Well, if you are obsessed with your precious items then you will probably want to store them at the Darnassus Bank in the center of our city.', '6354', '0', '25', '0', '0', '0', '0', '0', '0', '', '', NULL, '0', '0', '0', '0', '0', '0', '0', '0', '', '', NULL, '0', '0', '0', '0', '0', '0', '0', '0', '', '', NULL, '0', '0', '0', '0', '0', '0', '0', '0', '', '', NULL, '0', '0', '0', '0', '0', '0', '0', '0', '', '', NULL, '0', '0', '0', '0', '0', '0', '0', '0', '', '', NULL, '0', '0', '0', '0', '0', '0', '0', '0');
INSERT INTO gossip_menu (`MenuID`, `TextID`) VALUES ('2322', '1872362');
INSERT INTO points_of_interest (`ID`, `PositionX`, `PositionY`, `Icon`, `Flags`, `Importance`, `Name`, `VerifiedBuild`) VALUES ('90', '9938', '2512.35', '6', '99', '0', 'Darnassus Bank', '0');
INSERT INTO gossip_menu_option (`MenuID`, `OptionID`, `OptionIcon`, `OptionText`, `OptionBroadcastTextID`, `OptionType`, `OptionNpcFlag`, `ActionMenuID`, `ActionPoiID`, `BoxCoded`, `BoxMoney`, `BoxText`, `BoxBroadcastTextID`) VALUES ('2352', '1', '0', 'The Bank', '7066', '1', '1', '2322', '90', '0', '0', '', NULL);
INSERT INTO gossip_text (`ID`, `comment`, `text0_0`, `text0_1`, `BroadcastTextID0`, `lang0`, `Probability0`, `em0_0`, `em0_1`, `em0_2`, `em0_3`, `em0_4`, `em0_5`, `text1_0`, `text1_1`, `BroadcastTextID1`, `lang1`, `Probability1`, `em1_0`, `em1_1`, `em1_2`, `em1_3`, `em1_4`, `em1_5`, `text2_0`, `text2_1`, `BroadcastTextID2`, `lang2`, `Probability2`, `em2_0`, `em2_1`, `em2_2`, `em2_3`, `em2_4`, `em2_5`, `text3_0`, `text3_1`, `BroadcastTextID3`, `lang3`, `Probability3`, `em3_0`, `em3_1`, `em3_2`, `em3_3`, `em3_4`, `em3_5`, `text4_0`, `text4_1`, `BroadcastTextID4`, `lang4`, `Probability4`, `em4_0`, `em4_1`, `em4_2`, `em4_3`, `em4_4`, `em4_5`, `text5_0`, `text5_1`, `BroadcastTextID5`, `lang5`, `Probability5`, `em5_0`, `em5_1`, `em5_2`, `em5_3`, `em5_4`, `em5_5`, `text6_0`, `text6_1`, `BroadcastTextID6`, `lang6`, `Probability6`, `em6_0`, `em6_1`, `em6_2`, `em6_3`, `em6_4`, `em6_5`, `text7_0`, `text7_1`, `BroadcastTextID7`, `lang7`, `Probability7`, `em7_0`, `em7_1`, `em7_2`, `em7_3`, `em7_4`, `em7_5`) VALUES ('1872363', 'Imported from TC', 'Vesprystus\' hippogryphs will bear you swiftly to your destination.  Seek him out in Rut\'theran Village, through the portal which lies in the western section of Darnassus.', 'Vesprystus\' hippogryphs will bear you swiftly to your destination.  Seek him out in Rut\'theran Village, through the portal which lies in the western section of Darnassus.', '5331', '0', '1', '0', '0', '0', '0', '0', '0', 'It is Vesprystus that you seek.  He watches over the hippogryphs that come and go from the base of Teldrassil.  You will find him through the portal in western Darnassus that will take you to Rut\'theran Village.', 'It is Vesprystus that you seek.  He watches over the hippogryphs that come and go from the base of Teldrassil.  You will find him through the portal in western Darnassus that will take you to Rut\'theran Village.', '6357', '0', '1', '0', '0', '0', '0', '0', '0', '', '', NULL, '0', '0', '0', '0', '0', '0', '0', '0', '', '', NULL, '0', '0', '0', '0', '0', '0', '0', '0', '', '', NULL, '0', '0', '0', '0', '0', '0', '0', '0', '', '', NULL, '0', '0', '0', '0', '0', '0', '0', '0', '', '', NULL, '0', '0', '0', '0', '0', '0', '0', '0', '', '', NULL, '0', '0', '0', '0', '0', '0', '0', '0');
INSERT INTO gossip_menu (`MenuID`, `TextID`) VALUES ('2323', '1872363');
INSERT INTO points_of_interest (`ID`, `PositionX`, `PositionY`, `Icon`, `Flags`, `Importance`, `Name`, `VerifiedBuild`) VALUES ('91', '8645', '835.104', '6', '99', '0', 'Darnassus Hippogryph Master', '0');
INSERT INTO gossip_menu_option (`MenuID`, `OptionID`, `OptionIcon`, `OptionText`, `OptionBroadcastTextID`, `OptionType`, `OptionNpcFlag`, `ActionMenuID`, `ActionPoiID`, `BoxCoded`, `BoxMoney`, `BoxText`, `BoxBroadcastTextID`) VALUES ('2352', '2', '0', 'Hippogryph Master', '18292', '1', '1', '2323', '91', '0', '0', '', NULL);
INSERT INTO gossip_text (`ID`, `comment`, `text0_0`, `text0_1`, `BroadcastTextID0`, `lang0`, `Probability0`, `em0_0`, `em0_1`, `em0_2`, `em0_3`, `em0_4`, `em0_5`, `text1_0`, `text1_1`, `BroadcastTextID1`, `lang1`, `Probability1`, `em1_0`, `em1_1`, `em1_2`, `em1_3`, `em1_4`, `em1_5`, `text2_0`, `text2_1`, `BroadcastTextID2`, `lang2`, `Probability2`, `em2_0`, `em2_1`, `em2_2`, `em2_3`, `em2_4`, `em2_5`, `text3_0`, `text3_1`, `BroadcastTextID3`, `lang3`, `Probability3`, `em3_0`, `em3_1`, `em3_2`, `em3_3`, `em3_4`, `em3_5`, `text4_0`, `text4_1`, `BroadcastTextID4`, `lang4`, `Probability4`, `em4_0`, `em4_1`, `em4_2`, `em4_3`, `em4_4`, `em4_5`, `text5_0`, `text5_1`, `BroadcastTextID5`, `lang5`, `Probability5`, `em5_0`, `em5_1`, `em5_2`, `em5_3`, `em5_4`, `em5_5`, `text6_0`, `text6_1`, `BroadcastTextID6`, `lang6`, `Probability6`, `em6_0`, `em6_1`, `em6_2`, `em6_3`, `em6_4`, `em6_5`, `text7_0`, `text7_1`, `BroadcastTextID7`, `lang7`, `Probability7`, `em7_0`, `em7_1`, `em7_2`, `em7_3`, `em7_4`, `em7_5`) VALUES ('1872364', 'Imported from TC', 'If you desire to form a fellowship then it is the guild master, Lysheana, that you must see.  You will find her in the Craftsmen\'s Terrace in the northeastern section of Darnassus.', 'If you desire to form a fellowship then it is the guild master, Lysheana, that you must see.  You will find her in the Craftsmen\'s Terrace in the northeastern section of Darnassus.', '5333', '0', '1', '0', '0', '0', '0', '0', '0', 'Lysheana can offer you the proper documents, she resides in the Craftsmen\'s Terrace in northeasten Darnassus.  May your fellowship bring glory to the Night Elves!', 'Lysheana can offer you the proper documents, she resides in the Craftsmen\'s Terrace in northeasten Darnassus.  May your fellowship bring glory to the Night Elves!', '6356', '0', '1', '0', '0', '0', '0', '0', '0', '', '', NULL, '0', '0', '0', '0', '0', '0', '0', '0', '', '', NULL, '0', '0', '0', '0', '0', '0', '0', '0', '', '', NULL, '0', '0', '0', '0', '0', '0', '0', '0', '', '', NULL, '0', '0', '0', '0', '0', '0', '0', '0', '', '', NULL, '0', '0', '0', '0', '0', '0', '0', '0', '', '', NULL, '0', '0', '0', '0', '0', '0', '0', '0');
INSERT INTO gossip_menu (`MenuID`, `TextID`) VALUES ('2324', '1872364');
INSERT INTO points_of_interest (`ID`, `PositionX`, `PositionY`, `Icon`, `Flags`, `Importance`, `Name`, `VerifiedBuild`) VALUES ('92', '10076', '2199.59', '6', '99', '0', 'Darnassus Guild Master', '0');
INSERT INTO gossip_menu_option (`MenuID`, `OptionID`, `OptionIcon`, `OptionText`, `OptionBroadcastTextID`, `OptionType`, `OptionNpcFlag`, `ActionMenuID`, `ActionPoiID`, `BoxCoded`, `BoxMoney`, `BoxText`, `BoxBroadcastTextID`) VALUES ('2352', '3', '0', 'Guild Master', '2870', '1', '1', '2324', '92', '0', '0', '', NULL);
INSERT INTO gossip_text (`ID`, `comment`, `text0_0`, `text0_1`, `BroadcastTextID0`, `lang0`, `Probability0`, `em0_0`, `em0_1`, `em0_2`, `em0_3`, `em0_4`, `em0_5`, `text1_0`, `text1_1`, `BroadcastTextID1`, `lang1`, `Probability1`, `em1_0`, `em1_1`, `em1_2`, `em1_3`, `em1_4`, `em1_5`, `text2_0`, `text2_1`, `BroadcastTextID2`, `lang2`, `Probability2`, `em2_0`, `em2_1`, `em2_2`, `em2_3`, `em2_4`, `em2_5`, `text3_0`, `text3_1`, `BroadcastTextID3`, `lang3`, `Probability3`, `em3_0`, `em3_1`, `em3_2`, `em3_3`, `em3_4`, `em3_5`, `text4_0`, `text4_1`, `BroadcastTextID4`, `lang4`, `Probability4`, `em4_0`, `em4_1`, `em4_2`, `em4_3`, `em4_4`, `em4_5`, `text5_0`, `text5_1`, `BroadcastTextID5`, `lang5`, `Probability5`, `em5_0`, `em5_1`, `em5_2`, `em5_3`, `em5_4`, `em5_5`, `text6_0`, `text6_1`, `BroadcastTextID6`, `lang6`, `Probability6`, `em6_0`, `em6_1`, `em6_2`, `em6_3`, `em6_4`, `em6_5`, `text7_0`, `text7_1`, `BroadcastTextID7`, `lang7`, `Probability7`, `em7_0`, `em7_1`, `em7_2`, `em7_3`, `em7_4`, `em7_5`) VALUES ('1872365', 'Imported from TC', 'Though I find the cool grass which covers Teldrassil as good a bed as any, the beds which Saelienne keeps at the Inn in Craftsman\'s Terrace are quite suitable for those with a taste for luxury.', 'Though I find the cool grass which covers Teldrassil as good a bed as any, the beds which Saelienne keeps at the Inn in Craftsman\'s Terrace are quite suitable for those with a taste for luxury.', '5335', '0', '60', '0', '0', '0', '0', '0', '0', 'Has the sun risen already?  There are just never enough hours in the night!  Well, Saelienne will take good care of you.  You can find her tending to her guests over in the Craftsmen\'s Terrace in northeastern Darnassus.', 'Has the sun risen already?  There are just never enough hours in the night!  Well, Saelienne will take good care of you.  You can find her tending to her guests over in the Craftsmen\'s Terrace in northeastern Darnassus.', '6359', '0', '40', '0', '0', '0', '0', '0', '0', '', '', NULL, '0', '0', '0', '0', '0', '0', '0', '0', '', '', NULL, '0', '0', '0', '0', '0', '0', '0', '0', '', '', NULL, '0', '0', '0', '0', '0', '0', '0', '0', '', '', NULL, '0', '0', '0', '0', '0', '0', '0', '0', '', '', NULL, '0', '0', '0', '0', '0', '0', '0', '0', '', '', NULL, '0', '0', '0', '0', '0', '0', '0', '0');
INSERT INTO gossip_menu (`MenuID`, `TextID`) VALUES ('2325', '1872365');
INSERT INTO points_of_interest (`ID`, `PositionX`, `PositionY`, `Icon`, `Flags`, `Importance`, `Name`, `VerifiedBuild`) VALUES ('93', '10133', '2222.52', '6', '99', '0', 'Darnassus Inn', '0');
INSERT INTO gossip_menu_option (`MenuID`, `OptionID`, `OptionIcon`, `OptionText`, `OptionBroadcastTextID`, `OptionType`, `OptionNpcFlag`, `ActionMenuID`, `ActionPoiID`, `BoxCoded`, `BoxMoney`, `BoxText`, `BoxBroadcastTextID`) VALUES ('2352', '4', '0', 'The Inn', '7075', '1', '1', '2325', '93', '0', '0', '', NULL);
INSERT INTO gossip_text (`ID`, `comment`, `text0_0`, `text0_1`, `BroadcastTextID0`, `lang0`, `Probability0`, `em0_0`, `em0_1`, `em0_2`, `em0_3`, `em0_4`, `em0_5`, `text1_0`, `text1_1`, `BroadcastTextID1`, `lang1`, `Probability1`, `em1_0`, `em1_1`, `em1_2`, `em1_3`, `em1_4`, `em1_5`, `text2_0`, `text2_1`, `BroadcastTextID2`, `lang2`, `Probability2`, `em2_0`, `em2_1`, `em2_2`, `em2_3`, `em2_4`, `em2_5`, `text3_0`, `text3_1`, `BroadcastTextID3`, `lang3`, `Probability3`, `em3_0`, `em3_1`, `em3_2`, `em3_3`, `em3_4`, `em3_5`, `text4_0`, `text4_1`, `BroadcastTextID4`, `lang4`, `Probability4`, `em4_0`, `em4_1`, `em4_2`, `em4_3`, `em4_4`, `em4_5`, `text5_0`, `text5_1`, `BroadcastTextID5`, `lang5`, `Probability5`, `em5_0`, `em5_1`, `em5_2`, `em5_3`, `em5_4`, `em5_5`, `text6_0`, `text6_1`, `BroadcastTextID6`, `lang6`, `Probability6`, `em6_0`, `em6_1`, `em6_2`, `em6_3`, `em6_4`, `em6_5`, `text7_0`, `text7_1`, `BroadcastTextID7`, `lang7`, `Probability7`, `em7_0`, `em7_1`, `em7_2`, `em7_3`, `em7_4`, `em7_5`) VALUES ('1872366', 'Imported from TC', 'There is a mailbox outside of the Bank which you\'ll find in the center of Darnassus.', 'There is a mailbox outside of the Bank which you\'ll find in the center of Darnassus.', '5337', '0', '1', '0', '0', '0', '0', '0', '0', 'A mailbox?  You have a letter to send, or perhaps have received one?  I hope it\'s something good!  There\'s a mailbox right outside of the Bank in the center of Darnassus.', 'A mailbox?  You have a letter to send, or perhaps have received one?  I hope it\'s something good!  There\'s a mailbox right outside of the Bank in the center of Darnassus.', '6360', '0', '1', '0', '0', '0', '0', '0', '0', '', '', NULL, '0', '0', '0', '0', '0', '0', '0', '0', '', '', NULL, '0', '0', '0', '0', '0', '0', '0', '0', '', '', NULL, '0', '0', '0', '0', '0', '0', '0', '0', '', '', NULL, '0', '0', '0', '0', '0', '0', '0', '0', '', '', NULL, '0', '0', '0', '0', '0', '0', '0', '0', '', '', NULL, '0', '0', '0', '0', '0', '0', '0', '0');
INSERT INTO gossip_menu (`MenuID`, `TextID`) VALUES ('2326', '1872366');
INSERT INTO points_of_interest (`ID`, `PositionX`, `PositionY`, `Icon`, `Flags`, `Importance`, `Name`, `VerifiedBuild`) VALUES ('94', '9942', '2495.49', '6', '99', '0', 'Darnassus Mailbox', '0');
INSERT INTO gossip_menu_option (`MenuID`, `OptionID`, `OptionIcon`, `OptionText`, `OptionBroadcastTextID`, `OptionType`, `OptionNpcFlag`, `ActionMenuID`, `ActionPoiID`, `BoxCoded`, `BoxMoney`, `BoxText`, `BoxBroadcastTextID`) VALUES ('2352', '5', '0', 'Mailbox', '45381', '1', '1', '2326', '94', '0', '0', '', NULL);
INSERT INTO gossip_text (`ID`, `comment`, `text0_0`, `text0_1`, `BroadcastTextID0`, `lang0`, `Probability0`, `em0_0`, `em0_1`, `em0_2`, `em0_3`, `em0_4`, `em0_5`, `text1_0`, `text1_1`, `BroadcastTextID1`, `lang1`, `Probability1`, `em1_0`, `em1_1`, `em1_2`, `em1_3`, `em1_4`, `em1_5`, `text2_0`, `text2_1`, `BroadcastTextID2`, `lang2`, `Probability2`, `em2_0`, `em2_1`, `em2_2`, `em2_3`, `em2_4`, `em2_5`, `text3_0`, `text3_1`, `BroadcastTextID3`, `lang3`, `Probability3`, `em3_0`, `em3_1`, `em3_2`, `em3_3`, `em3_4`, `em3_5`, `text4_0`, `text4_1`, `BroadcastTextID4`, `lang4`, `Probability4`, `em4_0`, `em4_1`, `em4_2`, `em4_3`, `em4_4`, `em4_5`, `text5_0`, `text5_1`, `BroadcastTextID5`, `lang5`, `Probability5`, `em5_0`, `em5_1`, `em5_2`, `em5_3`, `em5_4`, `em5_5`, `text6_0`, `text6_1`, `BroadcastTextID6`, `lang6`, `Probability6`, `em6_0`, `em6_1`, `em6_2`, `em6_3`, `em6_4`, `em6_5`, `text7_0`, `text7_1`, `BroadcastTextID7`, `lang7`, `Probability7`, `em7_0`, `em7_1`, `em7_2`, `em7_3`, `em7_4`, `em7_5`) VALUES ('1872367', 'Imported from TC', 'You can trust any pets you have to be well taken care of by Alassin.  He resides in the Cenarion Enclave where the hunters gather.', 'You can trust any pets you have to be well taken care of by Alassin.  He resides in the Cenarion Enclave where the hunters gather.', '8526', '7', '1', '0', '0', '0', '0', '0', '0', 'For many hundreds of years Alassin has cared for the animals that our hunters befriend.  His care of animals is highly sought for by the hunters around here.  If you seek him as well, then look for him in the Cenarion Enclave.', 'For many hundreds of years Alassin has cared for the animals that our hunters befriend.  His care of animals is highly sought for by the hunters around here.  If you seek him as well, then look for him in the Cenarion Enclave.', '8527', '7', '1', '0', '0', '0', '0', '0', '0', '', '', NULL, '0', '0', '0', '0', '0', '0', '0', '0', '', '', NULL, '0', '0', '0', '0', '0', '0', '0', '0', '', '', NULL, '0', '0', '0', '0', '0', '0', '0', '0', '', '', NULL, '0', '0', '0', '0', '0', '0', '0', '0', '', '', NULL, '0', '0', '0', '0', '0', '0', '0', '0', '', '', NULL, '0', '0', '0', '0', '0', '0', '0', '0');
INSERT INTO gossip_menu (`MenuID`, `TextID`) VALUES ('4921', '1872367');
INSERT INTO points_of_interest (`ID`, `PositionX`, `PositionY`, `Icon`, `Flags`, `Importance`, `Name`, `VerifiedBuild`) VALUES ('95', '10167', '2522.67', '6', '99', '0', 'Alassin', '0');
INSERT INTO gossip_menu_option (`MenuID`, `OptionID`, `OptionIcon`, `OptionText`, `OptionBroadcastTextID`, `OptionType`, `OptionNpcFlag`, `ActionMenuID`, `ActionPoiID`, `BoxCoded`, `BoxMoney`, `BoxText`, `BoxBroadcastTextID`) VALUES ('2352', '6', '0', 'Stable Master', '45383', '1', '1', '4921', '95', '0', '0', '', NULL);
INSERT INTO gossip_text (`ID`, `comment`, `text0_0`, `text0_1`, `BroadcastTextID0`, `lang0`, `Probability0`, `em0_0`, `em0_1`, `em0_2`, `em0_3`, `em0_4`, `em0_5`, `text1_0`, `text1_1`, `BroadcastTextID1`, `lang1`, `Probability1`, `em1_0`, `em1_1`, `em1_2`, `em1_3`, `em1_4`, `em1_5`, `text2_0`, `text2_1`, `BroadcastTextID2`, `lang2`, `Probability2`, `em2_0`, `em2_1`, `em2_2`, `em2_3`, `em2_4`, `em2_5`, `text3_0`, `text3_1`, `BroadcastTextID3`, `lang3`, `Probability3`, `em3_0`, `em3_1`, `em3_2`, `em3_3`, `em3_4`, `em3_5`, `text4_0`, `text4_1`, `BroadcastTextID4`, `lang4`, `Probability4`, `em4_0`, `em4_1`, `em4_2`, `em4_3`, `em4_4`, `em4_5`, `text5_0`, `text5_1`, `BroadcastTextID5`, `lang5`, `Probability5`, `em5_0`, `em5_1`, `em5_2`, `em5_3`, `em5_4`, `em5_5`, `text6_0`, `text6_1`, `BroadcastTextID6`, `lang6`, `Probability6`, `em6_0`, `em6_1`, `em6_2`, `em6_3`, `em6_4`, `em6_5`, `text7_0`, `text7_1`, `BroadcastTextID7`, `lang7`, `Probability7`, `em7_0`, `em7_1`, `em7_2`, `em7_3`, `em7_4`, `em7_5`) VALUES ('1872368', 'Imported from TC', 'Through the milennia, Ilyenia Moonfire has mastered numerous weapons and now offers to train others in their use.  You can find her at the Warrior\'s Terrace if you desire training.', 'Through the milennia, Ilyenia Moonfire has mastered numerous weapons and now offers to train others in their use.  You can find her at the Warrior\'s Terrace if you desire training.', '7245', '0', '1', '0', '0', '0', '0', '0', '0', 'I received the majority of my weapons training from Ilyenia Moonfire in the Warrior\'s Terrace.  You would do well to seek her out if you desire to learn the use of a new weapon.', 'I received the majority of my weapons training from Ilyenia Moonfire in the Warrior\'s Terrace.  You would do well to seek her out if you desire to learn the use of a new weapon.', '7246', '0', '1', '0', '0', '0', '0', '0', '0', '', '', NULL, '0', '0', '0', '0', '0', '0', '0', '0', '', '', NULL, '0', '0', '0', '0', '0', '0', '0', '0', '', '', NULL, '0', '0', '0', '0', '0', '0', '0', '0', '', '', NULL, '0', '0', '0', '0', '0', '0', '0', '0', '', '', NULL, '0', '0', '0', '0', '0', '0', '0', '0', '', '', NULL, '0', '0', '0', '0', '0', '0', '0', '0');
INSERT INTO gossip_menu (`MenuID`, `TextID`) VALUES ('3722', '1872368');
INSERT INTO points_of_interest (`ID`, `PositionX`, `PositionY`, `Icon`, `Flags`, `Importance`, `Name`, `VerifiedBuild`) VALUES ('96', '9907', '2329.71', '6', '99', '0', 'Ilyenia Moonfire', '0');
INSERT INTO gossip_menu_option (`MenuID`, `OptionID`, `OptionIcon`, `OptionText`, `OptionBroadcastTextID`, `OptionType`, `OptionNpcFlag`, `ActionMenuID`, `ActionPoiID`, `BoxCoded`, `BoxMoney`, `BoxText`, `BoxBroadcastTextID`) VALUES ('2352', '7', '0', 'Weapons Trainer', '7247', '1', '1', '3722', '96', '0', '0', '', NULL);
INSERT INTO gossip_text (`ID`, `comment`, `text0_0`, `text0_1`, `BroadcastTextID0`, `lang0`, `Probability0`, `em0_0`, `em0_1`, `em0_2`, `em0_3`, `em0_4`, `em0_5`, `text1_0`, `text1_1`, `BroadcastTextID1`, `lang1`, `Probability1`, `em1_0`, `em1_1`, `em1_2`, `em1_3`, `em1_4`, `em1_5`, `text2_0`, `text2_1`, `BroadcastTextID2`, `lang2`, `Probability2`, `em2_0`, `em2_1`, `em2_2`, `em2_3`, `em2_4`, `em2_5`, `text3_0`, `text3_1`, `BroadcastTextID3`, `lang3`, `Probability3`, `em3_0`, `em3_1`, `em3_2`, `em3_3`, `em3_4`, `em3_5`, `text4_0`, `text4_1`, `BroadcastTextID4`, `lang4`, `Probability4`, `em4_0`, `em4_1`, `em4_2`, `em4_3`, `em4_4`, `em4_5`, `text5_0`, `text5_1`, `BroadcastTextID5`, `lang5`, `Probability5`, `em5_0`, `em5_1`, `em5_2`, `em5_3`, `em5_4`, `em5_5`, `text6_0`, `text6_1`, `BroadcastTextID6`, `lang6`, `Probability6`, `em6_0`, `em6_1`, `em6_2`, `em6_3`, `em6_4`, `em6_5`, `text7_0`, `text7_1`, `BroadcastTextID7`, `lang7`, `Probability7`, `em7_0`, `em7_1`, `em7_2`, `em7_3`, `em7_4`, `em7_5`) VALUES ('10217', 'Imported from TC', '', 'You will find the the battlemasters gathered at the Warrior\'s Terrace.', '18604', '7', '1', '0', '0', '0', '0', '0', '0', '', '', NULL, '0', '0', '0', '0', '0', '0', '0', '0', '', '', NULL, '0', '0', '0', '0', '0', '0', '0', '0', '', '', NULL, '0', '0', '0', '0', '0', '0', '0', '0', '', '', NULL, '0', '0', '0', '0', '0', '0', '0', '0', '', '', NULL, '0', '0', '0', '0', '0', '0', '0', '0', '', '', NULL, '0', '0', '0', '0', '0', '0', '0', '0', '', '', NULL, '0', '0', '0', '0', '0', '0', '0', '0');
INSERT INTO gossip_menu (`MenuID`, `TextID`) VALUES ('8221', '10217');
INSERT INTO points_of_interest (`ID`, `PositionX`, `PositionY`, `Icon`, `Flags`, `Importance`, `Name`, `VerifiedBuild`) VALUES ('97', '9982', '2319.79', '6', '99', '0', 'Battlemasters Darnassus', '0');
INSERT INTO gossip_menu_option (`MenuID`, `OptionID`, `OptionIcon`, `OptionText`, `OptionBroadcastTextID`, `OptionType`, `OptionNpcFlag`, `ActionMenuID`, `ActionPoiID`, `BoxCoded`, `BoxMoney`, `BoxText`, `BoxBroadcastTextID`) VALUES ('2352', '8', '0', 'Battlemaster', '19209', '1', '1', '8221', '97', '0', '0', '', NULL);
INSERT INTO gossip_text (`ID`, `comment`, `text0_0`, `text0_1`, `BroadcastTextID0`, `lang0`, `Probability0`, `em0_0`, `em0_1`, `em0_2`, `em0_3`, `em0_4`, `em0_5`, `text1_0`, `text1_1`, `BroadcastTextID1`, `lang1`, `Probability1`, `em1_0`, `em1_1`, `em1_2`, `em1_3`, `em1_4`, `em1_5`, `text2_0`, `text2_1`, `BroadcastTextID2`, `lang2`, `Probability2`, `em2_0`, `em2_1`, `em2_2`, `em2_3`, `em2_4`, `em2_5`, `text3_0`, `text3_1`, `BroadcastTextID3`, `lang3`, `Probability3`, `em3_0`, `em3_1`, `em3_2`, `em3_3`, `em3_4`, `em3_5`, `text4_0`, `text4_1`, `BroadcastTextID4`, `lang4`, `Probability4`, `em4_0`, `em4_1`, `em4_2`, `em4_3`, `em4_4`, `em4_5`, `text5_0`, `text5_1`, `BroadcastTextID5`, `lang5`, `Probability5`, `em5_0`, `em5_1`, `em5_2`, `em5_3`, `em5_4`, `em5_5`, `text6_0`, `text6_1`, `BroadcastTextID6`, `lang6`, `Probability6`, `em6_0`, `em6_1`, `em6_2`, `em6_3`, `em6_4`, `em6_5`, `text7_0`, `text7_1`, `BroadcastTextID7`, `lang7`, `Probability7`, `em7_0`, `em7_1`, `em7_2`, `em7_3`, `em7_4`, `em7_5`) VALUES ('1872369', 'Imported from TC', 'Here in Darnassus you will find skilled trainers who have perfected the skills of their chosen class through ages of training and dedication.  I will guide you to one who can become your mentor, you have but to name your chosen path.', 'Here in Darnassus you will find skilled trainers who have perfected the skills of their chosen class through ages of training and dedication.  I will guide you to one who can become your mentor, you have but to name your chosen path.', '5339', '0', '1', '0', '0', '0', '0', '0', '0', '', '', NULL, '0', '0', '0', '0', '0', '0', '0', '0', '', '', NULL, '0', '0', '0', '0', '0', '0', '0', '0', '', '', NULL, '0', '0', '0', '0', '0', '0', '0', '0', '', '', NULL, '0', '0', '0', '0', '0', '0', '0', '0', '', '', NULL, '0', '0', '0', '0', '0', '0', '0', '0', '', '', NULL, '0', '0', '0', '0', '0', '0', '0', '0', '', '', NULL, '0', '0', '0', '0', '0', '0', '0', '0');
INSERT INTO gossip_menu (`MenuID`, `TextID`) VALUES ('2343', '1872369');
INSERT INTO gossip_text (`ID`, `comment`, `text0_0`, `text0_1`, `BroadcastTextID0`, `lang0`, `Probability0`, `em0_0`, `em0_1`, `em0_2`, `em0_3`, `em0_4`, `em0_5`, `text1_0`, `text1_1`, `BroadcastTextID1`, `lang1`, `Probability1`, `em1_0`, `em1_1`, `em1_2`, `em1_3`, `em1_4`, `em1_5`, `text2_0`, `text2_1`, `BroadcastTextID2`, `lang2`, `Probability2`, `em2_0`, `em2_1`, `em2_2`, `em2_3`, `em2_4`, `em2_5`, `text3_0`, `text3_1`, `BroadcastTextID3`, `lang3`, `Probability3`, `em3_0`, `em3_1`, `em3_2`, `em3_3`, `em3_4`, `em3_5`, `text4_0`, `text4_1`, `BroadcastTextID4`, `lang4`, `Probability4`, `em4_0`, `em4_1`, `em4_2`, `em4_3`, `em4_4`, `em4_5`, `text5_0`, `text5_1`, `BroadcastTextID5`, `lang5`, `Probability5`, `em5_0`, `em5_1`, `em5_2`, `em5_3`, `em5_4`, `em5_5`, `text6_0`, `text6_1`, `BroadcastTextID6`, `lang6`, `Probability6`, `em6_0`, `em6_1`, `em6_2`, `em6_3`, `em6_4`, `em6_5`, `text7_0`, `text7_1`, `BroadcastTextID7`, `lang7`, `Probability7`, `em7_0`, `em7_1`, `em7_2`, `em7_3`, `em7_4`, `em7_5`) VALUES ('1872370', 'Imported from TC', 'Ever vigilant in their protection of the natural world, the druids are guided by Arch Druid Fandral Staghelm who resides in the Cenarion Enclave.  You will find him and the other Druid trainers in the northern section of Darnassus.', 'Ever vigilant in their protection of the natural world, the druids are guided by Arch Druid Fandral Staghelm who resides in the Cenarion Enclave.  You will find him and the other Druid trainers in the northern section of Darnassus.', '6068', '0', '75', '0', '0', '0', '0', '0', '0', 'In grizzly times a druid can be a dear friend to those around them.  Ask any of the druids in the Cenarion Enclave and they will tell you the same.', 'In grizzly times a druid can be a dear friend to those around them.  Ask any of the druids in the Cenarion Enclave and they will tell you the same.', '5343', '0', '25', '0', '0', '0', '0', '0', '0', '', '', NULL, '0', '0', '0', '0', '0', '0', '0', '0', '', '', NULL, '0', '0', '0', '0', '0', '0', '0', '0', '', '', NULL, '0', '0', '0', '0', '0', '0', '0', '0', '', '', NULL, '0', '0', '0', '0', '0', '0', '0', '0', '', '', NULL, '0', '0', '0', '0', '0', '0', '0', '0', '', '', NULL, '0', '0', '0', '0', '0', '0', '0', '0');
INSERT INTO gossip_menu (`MenuID`, `TextID`) VALUES ('2328', '1872370');
INSERT INTO points_of_interest (`ID`, `PositionX`, `PositionY`, `Icon`, `Flags`, `Importance`, `Name`, `VerifiedBuild`) VALUES ('98', '10186', '2570.47', '6', '99', '0', 'Darnassus Druid Trainer', '0');
INSERT INTO gossip_menu_option (`MenuID`, `OptionID`, `OptionIcon`, `OptionText`, `OptionBroadcastTextID`, `OptionType`, `OptionNpcFlag`, `ActionMenuID`, `ActionPoiID`, `BoxCoded`, `BoxMoney`, `BoxText`, `BoxBroadcastTextID`) VALUES ('2343', '0', '0', 'Druid', '45409', '1', '1', '2328', '98', '0', '0', '', NULL);
INSERT INTO gossip_text (`ID`, `comment`, `text0_0`, `text0_1`, `BroadcastTextID0`, `lang0`, `Probability0`, `em0_0`, `em0_1`, `em0_2`, `em0_3`, `em0_4`, `em0_5`, `text1_0`, `text1_1`, `BroadcastTextID1`, `lang1`, `Probability1`, `em1_0`, `em1_1`, `em1_2`, `em1_3`, `em1_4`, `em1_5`, `text2_0`, `text2_1`, `BroadcastTextID2`, `lang2`, `Probability2`, `em2_0`, `em2_1`, `em2_2`, `em2_3`, `em2_4`, `em2_5`, `text3_0`, `text3_1`, `BroadcastTextID3`, `lang3`, `Probability3`, `em3_0`, `em3_1`, `em3_2`, `em3_3`, `em3_4`, `em3_5`, `text4_0`, `text4_1`, `BroadcastTextID4`, `lang4`, `Probability4`, `em4_0`, `em4_1`, `em4_2`, `em4_3`, `em4_4`, `em4_5`, `text5_0`, `text5_1`, `BroadcastTextID5`, `lang5`, `Probability5`, `em5_0`, `em5_1`, `em5_2`, `em5_3`, `em5_4`, `em5_5`, `text6_0`, `text6_1`, `BroadcastTextID6`, `lang6`, `Probability6`, `em6_0`, `em6_1`, `em6_2`, `em6_3`, `em6_4`, `em6_5`, `text7_0`, `text7_1`, `BroadcastTextID7`, `lang7`, `Probability7`, `em7_0`, `em7_1`, `em7_2`, `em7_3`, `em7_4`, `em7_5`) VALUES ('1872371', 'Imported from TC', 'You are fortunate to have come to Darnassus where you can find such an accomplished Hunter as Jocaste among our trainers.  I encourage you to visit her over in the Cenarion Enclave and seek her tutelage.', 'You are fortunate to have come to Darnassus where you can find such an accomplished Hunter as Jocaste among our trainers.  I encourage you to visit her over in the Cenarion Enclave and seek her tutelage.', '5341', '0', '1', '0', '0', '0', '0', '0', '0', 'Jocaste was the greatest of Hunters of her time.  These days you can find her over in the Cenarion Enclave where she teaches those who are just starting down the Hunter\'s path.', 'Jocaste was the greatest of Hunters of her time.  These days you can find her over in the Cenarion Enclave where she teaches those who are just starting down the Hunter\'s path.', '6358', '0', '1', '0', '0', '0', '0', '0', '0', '', '', NULL, '0', '0', '0', '0', '0', '0', '0', '0', '', '', NULL, '0', '0', '0', '0', '0', '0', '0', '0', '', '', NULL, '0', '0', '0', '0', '0', '0', '0', '0', '', '', NULL, '0', '0', '0', '0', '0', '0', '0', '0', '', '', NULL, '0', '0', '0', '0', '0', '0', '0', '0', '', '', NULL, '0', '0', '0', '0', '0', '0', '0', '0');
INSERT INTO gossip_menu (`MenuID`, `TextID`) VALUES ('2327', '1872371');
INSERT INTO points_of_interest (`ID`, `PositionX`, `PositionY`, `Icon`, `Flags`, `Importance`, `Name`, `VerifiedBuild`) VALUES ('99', '10177', '2511.1', '6', '99', '0', 'Darnassus Hunter Trainer', '0');
INSERT INTO gossip_menu_option (`MenuID`, `OptionID`, `OptionIcon`, `OptionText`, `OptionBroadcastTextID`, `OptionType`, `OptionNpcFlag`, `ActionMenuID`, `ActionPoiID`, `BoxCoded`, `BoxMoney`, `BoxText`, `BoxBroadcastTextID`) VALUES ('2343', '1', '0', 'Hunter', '50546', '1', '1', '2327', '99', '0', '0', '', NULL);
INSERT INTO gossip_text (`ID`, `comment`, `text0_0`, `text0_1`, `BroadcastTextID0`, `lang0`, `Probability0`, `em0_0`, `em0_1`, `em0_2`, `em0_3`, `em0_4`, `em0_5`, `text1_0`, `text1_1`, `BroadcastTextID1`, `lang1`, `Probability1`, `em1_0`, `em1_1`, `em1_2`, `em1_3`, `em1_4`, `em1_5`, `text2_0`, `text2_1`, `BroadcastTextID2`, `lang2`, `Probability2`, `em2_0`, `em2_1`, `em2_2`, `em2_3`, `em2_4`, `em2_5`, `text3_0`, `text3_1`, `BroadcastTextID3`, `lang3`, `Probability3`, `em3_0`, `em3_1`, `em3_2`, `em3_3`, `em3_4`, `em3_5`, `text4_0`, `text4_1`, `BroadcastTextID4`, `lang4`, `Probability4`, `em4_0`, `em4_1`, `em4_2`, `em4_3`, `em4_4`, `em4_5`, `text5_0`, `text5_1`, `BroadcastTextID5`, `lang5`, `Probability5`, `em5_0`, `em5_1`, `em5_2`, `em5_3`, `em5_4`, `em5_5`, `text6_0`, `text6_1`, `BroadcastTextID6`, `lang6`, `Probability6`, `em6_0`, `em6_1`, `em6_2`, `em6_3`, `em6_4`, `em6_5`, `text7_0`, `text7_1`, `BroadcastTextID7`, `lang7`, `Probability7`, `em7_0`, `em7_1`, `em7_2`, `em7_3`, `em7_4`, `em7_5`) VALUES ('15906', 'Imported from TC', 'You will find a pair of draenei conversing with Tyrande Whisperwind in the upper level of The Temple of the Moon.$B$BThey will know how to help you.', 'You will find a pair of draenei conversing with Tyrande Whisperwind in the upper level of The Temple of the Moon.$B$BThey will know how to help you.', '40591', '0', '1', '0', '0', '0', '0', '0', '0', '', '', NULL, '0', '0', '0', '0', '0', '0', '0', '0', '', '', NULL, '0', '0', '0', '0', '0', '0', '0', '0', '', '', NULL, '0', '0', '0', '0', '0', '0', '0', '0', '', '', NULL, '0', '0', '0', '0', '0', '0', '0', '0', '', '', NULL, '0', '0', '0', '0', '0', '0', '0', '0', '', '', NULL, '0', '0', '0', '0', '0', '0', '0', '0', '', '', NULL, '0', '0', '0', '0', '0', '0', '0', '0');
INSERT INTO gossip_menu (`MenuID`, `TextID`) VALUES ('11422', '15906');
INSERT INTO points_of_interest (`ID`, `PositionX`, `PositionY`, `Icon`, `Flags`, `Importance`, `Name`, `VerifiedBuild`) VALUES ('265', '9664.74', '2528.29', '6', '99', '0', 'Darnassus Mage Trainer', '0');
INSERT INTO gossip_menu_option (`MenuID`, `OptionID`, `OptionIcon`, `OptionText`, `OptionBroadcastTextID`, `OptionType`, `OptionNpcFlag`, `ActionMenuID`, `ActionPoiID`, `BoxCoded`, `BoxMoney`, `BoxText`, `BoxBroadcastTextID`) VALUES ('2343', '2', '0', 'Mage', '45404', '1', '1', '11422', '265', '0', '0', '', NULL);
-- Menu 11422 is already imported
INSERT INTO points_of_interest (`ID`, `PositionX`, `PositionY`, `Icon`, `Flags`, `Importance`, `Name`, `VerifiedBuild`) VALUES ('266', '9664.95', '2529.93', '6', '99', '0', 'Darnassus Paladin Trainer', '0');
INSERT INTO gossip_menu_option (`MenuID`, `OptionID`, `OptionIcon`, `OptionText`, `OptionBroadcastTextID`, `OptionType`, `OptionNpcFlag`, `ActionMenuID`, `ActionPoiID`, `BoxCoded`, `BoxMoney`, `BoxText`, `BoxBroadcastTextID`) VALUES ('2343', '3', '0', 'Paladin', '48028', '1', '1', '11422', '266', '0', '0', '', NULL);
INSERT INTO gossip_text (`ID`, `comment`, `text0_0`, `text0_1`, `BroadcastTextID0`, `lang0`, `Probability0`, `em0_0`, `em0_1`, `em0_2`, `em0_3`, `em0_4`, `em0_5`, `text1_0`, `text1_1`, `BroadcastTextID1`, `lang1`, `Probability1`, `em1_0`, `em1_1`, `em1_2`, `em1_3`, `em1_4`, `em1_5`, `text2_0`, `text2_1`, `BroadcastTextID2`, `lang2`, `Probability2`, `em2_0`, `em2_1`, `em2_2`, `em2_3`, `em2_4`, `em2_5`, `text3_0`, `text3_1`, `BroadcastTextID3`, `lang3`, `Probability3`, `em3_0`, `em3_1`, `em3_2`, `em3_3`, `em3_4`, `em3_5`, `text4_0`, `text4_1`, `BroadcastTextID4`, `lang4`, `Probability4`, `em4_0`, `em4_1`, `em4_2`, `em4_3`, `em4_4`, `em4_5`, `text5_0`, `text5_1`, `BroadcastTextID5`, `lang5`, `Probability5`, `em5_0`, `em5_1`, `em5_2`, `em5_3`, `em5_4`, `em5_5`, `text6_0`, `text6_1`, `BroadcastTextID6`, `lang6`, `Probability6`, `em6_0`, `em6_1`, `em6_2`, `em6_3`, `em6_4`, `em6_5`, `text7_0`, `text7_1`, `BroadcastTextID7`, `lang7`, `Probability7`, `em7_0`, `em7_1`, `em7_2`, `em7_3`, `em7_4`, `em7_5`) VALUES ('1872372', 'Imported from TC', 'The Temple of the Moon is home to the priests of Elune.  There you will find Jandria and Lariia, who will provide you with further guidance in the path of priesthood.', 'The Temple of the Moon is home to the priests of Elune.  There you will find Jandria and Lariia, who will provide you with further guidance in the path of priesthood.', '5345', '0', '75', '0', '0', '0', '0', '0', '0', 'The power of Elune compels you!  The power of Elune compels you!  $B$BGo now!  Seek out Jandria in the central hall of the Temple of the Moon in the southern section of Darnassus!', 'The power of Elune compels you!  The power of Elune compels you!  $B$BGo now!  Seek out Jandria in the central hall of the Temple of the Moon in the southern section of Darnassus!', '5346', '0', '25', '0', '0', '0', '0', '0', '0', '', '', NULL, '0', '0', '0', '0', '0', '0', '0', '0', '', '', NULL, '0', '0', '0', '0', '0', '0', '0', '0', '', '', NULL, '0', '0', '0', '0', '0', '0', '0', '0', '', '', NULL, '0', '0', '0', '0', '0', '0', '0', '0', '', '', NULL, '0', '0', '0', '0', '0', '0', '0', '0', '', '', NULL, '0', '0', '0', '0', '0', '0', '0', '0');
INSERT INTO gossip_menu (`MenuID`, `TextID`) VALUES ('2329', '1872372');
INSERT INTO points_of_interest (`ID`, `PositionX`, `PositionY`, `Icon`, `Flags`, `Importance`, `Name`, `VerifiedBuild`) VALUES ('267', '9659.13', '2524.89', '6', '99', '0', 'Temple of the Moon', '0');
INSERT INTO gossip_menu_option (`MenuID`, `OptionID`, `OptionIcon`, `OptionText`, `OptionBroadcastTextID`, `OptionType`, `OptionNpcFlag`, `ActionMenuID`, `ActionPoiID`, `BoxCoded`, `BoxMoney`, `BoxText`, `BoxBroadcastTextID`) VALUES ('2343', '4', '0', 'Priest', '45405', '1', '1', '2329', '267', '0', '0', '', NULL);
INSERT INTO gossip_text (`ID`, `comment`, `text0_0`, `text0_1`, `BroadcastTextID0`, `lang0`, `Probability0`, `em0_0`, `em0_1`, `em0_2`, `em0_3`, `em0_4`, `em0_5`, `text1_0`, `text1_1`, `BroadcastTextID1`, `lang1`, `Probability1`, `em1_0`, `em1_1`, `em1_2`, `em1_3`, `em1_4`, `em1_5`, `text2_0`, `text2_1`, `BroadcastTextID2`, `lang2`, `Probability2`, `em2_0`, `em2_1`, `em2_2`, `em2_3`, `em2_4`, `em2_5`, `text3_0`, `text3_1`, `BroadcastTextID3`, `lang3`, `Probability3`, `em3_0`, `em3_1`, `em3_2`, `em3_3`, `em3_4`, `em3_5`, `text4_0`, `text4_1`, `BroadcastTextID4`, `lang4`, `Probability4`, `em4_0`, `em4_1`, `em4_2`, `em4_3`, `em4_4`, `em4_5`, `text5_0`, `text5_1`, `BroadcastTextID5`, `lang5`, `Probability5`, `em5_0`, `em5_1`, `em5_2`, `em5_3`, `em5_4`, `em5_5`, `text6_0`, `text6_1`, `BroadcastTextID6`, `lang6`, `Probability6`, `em6_0`, `em6_1`, `em6_2`, `em6_3`, `em6_4`, `em6_5`, `text7_0`, `text7_1`, `BroadcastTextID7`, `lang7`, `Probability7`, `em7_0`, `em7_1`, `em7_2`, `em7_3`, `em7_4`, `em7_5`) VALUES ('1872373', 'Imported from TC', 'It is Syurna that you seek if you are to follow the rogue\'s path.  She dwells in the Cenarion Enclave down the spiraling path within the western most tree.', 'It is Syurna that you seek if you are to follow the rogue\'s path.  She dwells in the Cenarion Enclave down the spiraling path within the western most tree.', '5348', '0', '50', '0', '0', '0', '0', '0', '0', 'There are those that attempt to follow the path of the Rogue, but only the night elves are truly embraced by the night.  If you seek to walk the shaded path then find Syurna in the Cenarion Enclave.', 'There are those that attempt to follow the path of the Rogue, but only the night elves are truly embraced by the night.  If you seek to walk the shaded path then find Syurna in the Cenarion Enclave.', '5349', '0', '50', '0', '0', '0', '0', '0', '0', '', '', NULL, '0', '0', '0', '0', '0', '0', '0', '0', '', '', NULL, '0', '0', '0', '0', '0', '0', '0', '0', '', '', NULL, '0', '0', '0', '0', '0', '0', '0', '0', '', '', NULL, '0', '0', '0', '0', '0', '0', '0', '0', '', '', NULL, '0', '0', '0', '0', '0', '0', '0', '0', '', '', NULL, '0', '0', '0', '0', '0', '0', '0', '0');
INSERT INTO gossip_menu (`MenuID`, `TextID`) VALUES ('2341', '1872373');
INSERT INTO points_of_interest (`ID`, `PositionX`, `PositionY`, `Icon`, `Flags`, `Importance`, `Name`, `VerifiedBuild`) VALUES ('100', '10122', '2599.13', '6', '99', '0', 'Darnassus Rogue Trainer', '0');
INSERT INTO gossip_menu_option (`MenuID`, `OptionID`, `OptionIcon`, `OptionText`, `OptionBroadcastTextID`, `OptionType`, `OptionNpcFlag`, `ActionMenuID`, `ActionPoiID`, `BoxCoded`, `BoxMoney`, `BoxText`, `BoxBroadcastTextID`) VALUES ('2343', '5', '0', 'Rogue', '45406', '1', '1', '2341', '100', '0', '0', '', NULL);
INSERT INTO gossip_text (`ID`, `comment`, `text0_0`, `text0_1`, `BroadcastTextID0`, `lang0`, `Probability0`, `em0_0`, `em0_1`, `em0_2`, `em0_3`, `em0_4`, `em0_5`, `text1_0`, `text1_1`, `BroadcastTextID1`, `lang1`, `Probability1`, `em1_0`, `em1_1`, `em1_2`, `em1_3`, `em1_4`, `em1_5`, `text2_0`, `text2_1`, `BroadcastTextID2`, `lang2`, `Probability2`, `em2_0`, `em2_1`, `em2_2`, `em2_3`, `em2_4`, `em2_5`, `text3_0`, `text3_1`, `BroadcastTextID3`, `lang3`, `Probability3`, `em3_0`, `em3_1`, `em3_2`, `em3_3`, `em3_4`, `em3_5`, `text4_0`, `text4_1`, `BroadcastTextID4`, `lang4`, `Probability4`, `em4_0`, `em4_1`, `em4_2`, `em4_3`, `em4_4`, `em4_5`, `text5_0`, `text5_1`, `BroadcastTextID5`, `lang5`, `Probability5`, `em5_0`, `em5_1`, `em5_2`, `em5_3`, `em5_4`, `em5_5`, `text6_0`, `text6_1`, `BroadcastTextID6`, `lang6`, `Probability6`, `em6_0`, `em6_1`, `em6_2`, `em6_3`, `em6_4`, `em6_5`, `text7_0`, `text7_1`, `BroadcastTextID7`, `lang7`, `Probability7`, `em7_0`, `em7_1`, `em7_2`, `em7_3`, `em7_4`, `em7_5`) VALUES ('1872374', 'Imported from TC', 'You will find Sildinair at the Warrior\'s Terrace among the guards, her keen eyes scanning the forest for enemies that might dare to enter our fair city.  ', 'You will find Sildinair at the Warrior\'s Terrace among the guards, her keen eyes scanning the forest for enemies that might dare to enter our fair city.  ', '5351', '0', '1', '0', '0', '0', '0', '0', '0', 'Sildinair has trained many of the Sentinels who guard our beloved city.  I am certain she can make a warrior out of the likes of you.  Seek her out at the Warrior\'s Terrace near the entrance to our city.', 'Sildinair has trained many of the Sentinels who guard our beloved city.  I am certain she can make a warrior out of the likes of you.  Seek her out at the Warrior\'s Terrace near the entrance to our city.', '6363', '0', '1', '0', '0', '0', '0', '0', '0', '', '', NULL, '0', '0', '0', '0', '0', '0', '0', '0', '', '', NULL, '0', '0', '0', '0', '0', '0', '0', '0', '', '', NULL, '0', '0', '0', '0', '0', '0', '0', '0', '', '', NULL, '0', '0', '0', '0', '0', '0', '0', '0', '', '', NULL, '0', '0', '0', '0', '0', '0', '0', '0', '', '', NULL, '0', '0', '0', '0', '0', '0', '0', '0');
INSERT INTO gossip_menu (`MenuID`, `TextID`) VALUES ('2342', '1872374');
INSERT INTO points_of_interest (`ID`, `PositionX`, `PositionY`, `Icon`, `Flags`, `Importance`, `Name`, `VerifiedBuild`) VALUES ('101', '9951', '2280.39', '6', '99', '0', 'Warrior\'s Terrace', '0');
INSERT INTO gossip_menu_option (`MenuID`, `OptionID`, `OptionIcon`, `OptionText`, `OptionBroadcastTextID`, `OptionType`, `OptionNpcFlag`, `ActionMenuID`, `ActionPoiID`, `BoxCoded`, `BoxMoney`, `BoxText`, `BoxBroadcastTextID`) VALUES ('2343', '6', '0', 'Warrior', '45408', '1', '1', '2342', '101', '0', '0', '', NULL);
INSERT INTO gossip_menu_option (`MenuID`, `OptionID`, `OptionIcon`, `OptionText`, `OptionBroadcastTextID`, `OptionType`, `OptionNpcFlag`, `ActionMenuID`, `ActionPoiID`, `BoxCoded`, `BoxMoney`, `BoxText`, `BoxBroadcastTextID`) VALUES ('2352', '9', '0', 'Class Trainer', '45378', '1', '1', '2343', NULL, '0', '0', '', NULL);
INSERT INTO gossip_text (`ID`, `comment`, `text0_0`, `text0_1`, `BroadcastTextID0`, `lang0`, `Probability0`, `em0_0`, `em0_1`, `em0_2`, `em0_3`, `em0_4`, `em0_5`, `text1_0`, `text1_1`, `BroadcastTextID1`, `lang1`, `Probability1`, `em1_0`, `em1_1`, `em1_2`, `em1_3`, `em1_4`, `em1_5`, `text2_0`, `text2_1`, `BroadcastTextID2`, `lang2`, `Probability2`, `em2_0`, `em2_1`, `em2_2`, `em2_3`, `em2_4`, `em2_5`, `text3_0`, `text3_1`, `BroadcastTextID3`, `lang3`, `Probability3`, `em3_0`, `em3_1`, `em3_2`, `em3_3`, `em3_4`, `em3_5`, `text4_0`, `text4_1`, `BroadcastTextID4`, `lang4`, `Probability4`, `em4_0`, `em4_1`, `em4_2`, `em4_3`, `em4_4`, `em4_5`, `text5_0`, `text5_1`, `BroadcastTextID5`, `lang5`, `Probability5`, `em5_0`, `em5_1`, `em5_2`, `em5_3`, `em5_4`, `em5_5`, `text6_0`, `text6_1`, `BroadcastTextID6`, `lang6`, `Probability6`, `em6_0`, `em6_1`, `em6_2`, `em6_3`, `em6_4`, `em6_5`, `text7_0`, `text7_1`, `BroadcastTextID7`, `lang7`, `Probability7`, `em7_0`, `em7_1`, `em7_2`, `em7_3`, `em7_4`, `em7_5`) VALUES ('1872375', 'Imported from TC', 'Here among the craftsmen of Darnassus, there is a millenium of knowledge for the benefit of your chosen craft.  Now tell me, which craft do you find the most intriguing?', 'Here among the craftsmen of Darnassus, there is a millenium of knowledge for the benefit of your chosen craft.  Now tell me, which craft do you find the most intriguing?', '5353', '0', '1', '0', '0', '0', '0', '0', '0', '', '', NULL, '0', '0', '0', '0', '0', '0', '0', '0', '', '', NULL, '0', '0', '0', '0', '0', '0', '0', '0', '', '', NULL, '0', '0', '0', '0', '0', '0', '0', '0', '', '', NULL, '0', '0', '0', '0', '0', '0', '0', '0', '', '', NULL, '0', '0', '0', '0', '0', '0', '0', '0', '', '', NULL, '0', '0', '0', '0', '0', '0', '0', '0', '', '', NULL, '0', '0', '0', '0', '0', '0', '0', '0');
INSERT INTO gossip_menu (`MenuID`, `TextID`) VALUES ('2351', '1872375');
INSERT INTO gossip_text (`ID`, `comment`, `text0_0`, `text0_1`, `BroadcastTextID0`, `lang0`, `Probability0`, `em0_0`, `em0_1`, `em0_2`, `em0_3`, `em0_4`, `em0_5`, `text1_0`, `text1_1`, `BroadcastTextID1`, `lang1`, `Probability1`, `em1_0`, `em1_1`, `em1_2`, `em1_3`, `em1_4`, `em1_5`, `text2_0`, `text2_1`, `BroadcastTextID2`, `lang2`, `Probability2`, `em2_0`, `em2_1`, `em2_2`, `em2_3`, `em2_4`, `em2_5`, `text3_0`, `text3_1`, `BroadcastTextID3`, `lang3`, `Probability3`, `em3_0`, `em3_1`, `em3_2`, `em3_3`, `em3_4`, `em3_5`, `text4_0`, `text4_1`, `BroadcastTextID4`, `lang4`, `Probability4`, `em4_0`, `em4_1`, `em4_2`, `em4_3`, `em4_4`, `em4_5`, `text5_0`, `text5_1`, `BroadcastTextID5`, `lang5`, `Probability5`, `em5_0`, `em5_1`, `em5_2`, `em5_3`, `em5_4`, `em5_5`, `text6_0`, `text6_1`, `BroadcastTextID6`, `lang6`, `Probability6`, `em6_0`, `em6_1`, `em6_2`, `em6_3`, `em6_4`, `em6_5`, `text7_0`, `text7_1`, `BroadcastTextID7`, `lang7`, `Probability7`, `em7_0`, `em7_1`, `em7_2`, `em7_3`, `em7_4`, `em7_5`) VALUES ('1872376', 'Imported from TC', 'If you truly have the desire to learn this profession, then I would point you in the direction of Ainethil, a skilled alchemist at the Craftsmen\'s Terrace in northern Darnassus.', 'If you truly have the desire to learn this profession, then I would point you in the direction of Ainethil, a skilled alchemist at the Craftsmen\'s Terrace in northern Darnassus.', '5355', '0', '60', '0', '0', '0', '0', '0', '0', 'An alchemist?  No trouble at all $c.  Ainethil, in all her labor and toil, has become the most accomplished alchemist in the Craftsmen\'s Terrace.  I would head over there on the double if I were you. On the double!  Now off with you!', 'An alchemist?  No trouble at all $c.  Ainethil, in all her labor and toil, has become the most accomplished alchemist in the Craftsmen\'s Terrace.  I would head over there on the double if I were you. On the double!  Now off with you!', '6353', '0', '40', '0', '0', '0', '0', '0', '0', '', '', NULL, '0', '0', '0', '0', '0', '0', '0', '0', '', '', NULL, '0', '0', '0', '0', '0', '0', '0', '0', '', '', NULL, '0', '0', '0', '0', '0', '0', '0', '0', '', '', NULL, '0', '0', '0', '0', '0', '0', '0', '0', '', '', NULL, '0', '0', '0', '0', '0', '0', '0', '0', '', '', NULL, '0', '0', '0', '0', '0', '0', '0', '0');
INSERT INTO gossip_menu (`MenuID`, `TextID`) VALUES ('2344', '1872376');
INSERT INTO points_of_interest (`ID`, `PositionX`, `PositionY`, `Icon`, `Flags`, `Importance`, `Name`, `VerifiedBuild`) VALUES ('102', '10075', '2356.76', '6', '99', '0', 'Darnassus Alchemy Trainer', '0');
INSERT INTO gossip_menu_option (`MenuID`, `OptionID`, `OptionIcon`, `OptionText`, `OptionBroadcastTextID`, `OptionType`, `OptionNpcFlag`, `ActionMenuID`, `ActionPoiID`, `BoxCoded`, `BoxMoney`, `BoxText`, `BoxBroadcastTextID`) VALUES ('2351', '0', '0', 'Alchemy', '52058', '1', '1', '2344', '102', '0', '0', '', NULL);
INSERT INTO gossip_text (`ID`, `comment`, `text0_0`, `text0_1`, `BroadcastTextID0`, `lang0`, `Probability0`, `em0_0`, `em0_1`, `em0_2`, `em0_3`, `em0_4`, `em0_5`, `text1_0`, `text1_1`, `BroadcastTextID1`, `lang1`, `Probability1`, `em1_0`, `em1_1`, `em1_2`, `em1_3`, `em1_4`, `em1_5`, `text2_0`, `text2_1`, `BroadcastTextID2`, `lang2`, `Probability2`, `em2_0`, `em2_1`, `em2_2`, `em2_3`, `em2_4`, `em2_5`, `text3_0`, `text3_1`, `BroadcastTextID3`, `lang3`, `Probability3`, `em3_0`, `em3_1`, `em3_2`, `em3_3`, `em3_4`, `em3_5`, `text4_0`, `text4_1`, `BroadcastTextID4`, `lang4`, `Probability4`, `em4_0`, `em4_1`, `em4_2`, `em4_3`, `em4_4`, `em4_5`, `text5_0`, `text5_1`, `BroadcastTextID5`, `lang5`, `Probability5`, `em5_0`, `em5_1`, `em5_2`, `em5_3`, `em5_4`, `em5_5`, `text6_0`, `text6_1`, `BroadcastTextID6`, `lang6`, `Probability6`, `em6_0`, `em6_1`, `em6_2`, `em6_3`, `em6_4`, `em6_5`, `text7_0`, `text7_1`, `BroadcastTextID7`, `lang7`, `Probability7`, `em7_0`, `em7_1`, `em7_2`, `em7_3`, `em7_4`, `em7_5`) VALUES ('1872377', 'Imported from TC', 'Alegorn is a masterful chef who has had centuries with which to perfect his cooking.  You should consider yourself blessed should he decide to teach you.  If you believe you are worthy, you can find him in the Craftsmen\'s Terrace.', 'Alegorn is a masterful chef who has had centuries with which to perfect his cooking.  You should consider yourself blessed should he decide to teach you.  If you believe you are worthy, you can find him in the Craftsmen\'s Terrace.', '5357', '0', '75', '0', '0', '0', '0', '0', '0', 'The dishes that Alegorn whips up are to die for.  He\'s always busy preparing new delicacies over in the Craftsman\'s Terrace.  Be sure to try his Cenarion Green recipe if he has any left.  $B$BNow, if you don\'t mind, I must investigate this rash of missing deer. ', 'The dishes that Alegorn whips up are to die for.  He\'s always busy preparing new delicacies over in the Craftsman\'s Terrace.  Be sure to try his Cenarion Green recipe if he has any left.  $B$BNow, if you don\'t mind, I must investigate this rash of missing deer. ', '5358', '0', '25', '0', '0', '0', '0', '0', '0', '', '', NULL, '0', '0', '0', '0', '0', '0', '0', '0', '', '', NULL, '0', '0', '0', '0', '0', '0', '0', '0', '', '', NULL, '0', '0', '0', '0', '0', '0', '0', '0', '', '', NULL, '0', '0', '0', '0', '0', '0', '0', '0', '', '', NULL, '0', '0', '0', '0', '0', '0', '0', '0', '', '', NULL, '0', '0', '0', '0', '0', '0', '0', '0');
INSERT INTO gossip_menu (`MenuID`, `TextID`) VALUES ('2345', '1872377');
INSERT INTO points_of_interest (`ID`, `PositionX`, `PositionY`, `Icon`, `Flags`, `Importance`, `Name`, `VerifiedBuild`) VALUES ('103', '10088', '2419.22', '6', '99', '0', 'Darnassus Cooking Trainer', '0');
INSERT INTO gossip_menu_option (`MenuID`, `OptionID`, `OptionIcon`, `OptionText`, `OptionBroadcastTextID`, `OptionType`, `OptionNpcFlag`, `ActionMenuID`, `ActionPoiID`, `BoxCoded`, `BoxMoney`, `BoxText`, `BoxBroadcastTextID`) VALUES ('2351', '1', '0', 'Cooking', '45763', '1', '1', '2345', '103', '0', '0', '', NULL);
INSERT INTO gossip_text (`ID`, `comment`, `text0_0`, `text0_1`, `BroadcastTextID0`, `lang0`, `Probability0`, `em0_0`, `em0_1`, `em0_2`, `em0_3`, `em0_4`, `em0_5`, `text1_0`, `text1_1`, `BroadcastTextID1`, `lang1`, `Probability1`, `em1_0`, `em1_1`, `em1_2`, `em1_3`, `em1_4`, `em1_5`, `text2_0`, `text2_1`, `BroadcastTextID2`, `lang2`, `Probability2`, `em2_0`, `em2_1`, `em2_2`, `em2_3`, `em2_4`, `em2_5`, `text3_0`, `text3_1`, `BroadcastTextID3`, `lang3`, `Probability3`, `em3_0`, `em3_1`, `em3_2`, `em3_3`, `em3_4`, `em3_5`, `text4_0`, `text4_1`, `BroadcastTextID4`, `lang4`, `Probability4`, `em4_0`, `em4_1`, `em4_2`, `em4_3`, `em4_4`, `em4_5`, `text5_0`, `text5_1`, `BroadcastTextID5`, `lang5`, `Probability5`, `em5_0`, `em5_1`, `em5_2`, `em5_3`, `em5_4`, `em5_5`, `text6_0`, `text6_1`, `BroadcastTextID6`, `lang6`, `Probability6`, `em6_0`, `em6_1`, `em6_2`, `em6_3`, `em6_4`, `em6_5`, `text7_0`, `text7_1`, `BroadcastTextID7`, `lang7`, `Probability7`, `em7_0`, `em7_1`, `em7_2`, `em7_3`, `em7_4`, `em7_5`) VALUES ('1872378', 'Imported from TC', 'Because the blade can never be too sharp nor the armor too tough a talented enchanter will always be needed.  Such an enchanter is Taladan, who can show you how to properly weave enchantments to improve your weapons and armor.  Seek him out in the Craftsmen\'s Terrace.', 'Because the blade can never be too sharp nor the armor too tough a talented enchanter will always be needed.  Such an enchanter is Taladan, who can show you how to properly weave enchantments to improve your weapons and armor.  Seek him out in the Craftsmen\'s Terrace.', '5364', '0', '75', '0', '0', '0', '0', '0', '0', 'I\'m flattered, but really I\'m not interested... What?  You want to know where to learn enchanting?  Oh, how embarrassing!  Well, you should...  I\'m sure you could... go see, um...  Taladan!  Yes, see Taladan over in the Craftsmen\'s Terrace!', 'I\'m flattered, but really I\'m not interested... What?  You want to know where to learn enchanting?  Oh, how embarrassing!  Well, you should...  I\'m sure you could... go see, um...  Taladan!  Yes, see Taladan over in the Craftsmen\'s Terrace!', '5615', '0', '25', '0', '0', '0', '0', '0', '0', '', '', NULL, '0', '0', '0', '0', '0', '0', '0', '0', '', '', NULL, '0', '0', '0', '0', '0', '0', '0', '0', '', '', NULL, '0', '0', '0', '0', '0', '0', '0', '0', '', '', NULL, '0', '0', '0', '0', '0', '0', '0', '0', '', '', NULL, '0', '0', '0', '0', '0', '0', '0', '0', '', '', NULL, '0', '0', '0', '0', '0', '0', '0', '0');
INSERT INTO gossip_menu (`MenuID`, `TextID`) VALUES ('2347', '1872378');
INSERT INTO points_of_interest (`ID`, `PositionX`, `PositionY`, `Icon`, `Flags`, `Importance`, `Name`, `VerifiedBuild`) VALUES ('104', '10146', '2313.43', '6', '99', '0', 'Darnassus Enchanting Trainer', '0');
INSERT INTO gossip_menu_option (`MenuID`, `OptionID`, `OptionIcon`, `OptionText`, `OptionBroadcastTextID`, `OptionType`, `OptionNpcFlag`, `ActionMenuID`, `ActionPoiID`, `BoxCoded`, `BoxMoney`, `BoxText`, `BoxBroadcastTextID`) VALUES ('2351', '2', '0', 'Enchanting', '52063', '1', '1', '2347', '104', '0', '0', '', NULL);
INSERT INTO gossip_text (`ID`, `comment`, `text0_0`, `text0_1`, `BroadcastTextID0`, `lang0`, `Probability0`, `em0_0`, `em0_1`, `em0_2`, `em0_3`, `em0_4`, `em0_5`, `text1_0`, `text1_1`, `BroadcastTextID1`, `lang1`, `Probability1`, `em1_0`, `em1_1`, `em1_2`, `em1_3`, `em1_4`, `em1_5`, `text2_0`, `text2_1`, `BroadcastTextID2`, `lang2`, `Probability2`, `em2_0`, `em2_1`, `em2_2`, `em2_3`, `em2_4`, `em2_5`, `text3_0`, `text3_1`, `BroadcastTextID3`, `lang3`, `Probability3`, `em3_0`, `em3_1`, `em3_2`, `em3_3`, `em3_4`, `em3_5`, `text4_0`, `text4_1`, `BroadcastTextID4`, `lang4`, `Probability4`, `em4_0`, `em4_1`, `em4_2`, `em4_3`, `em4_4`, `em4_5`, `text5_0`, `text5_1`, `BroadcastTextID5`, `lang5`, `Probability5`, `em5_0`, `em5_1`, `em5_2`, `em5_3`, `em5_4`, `em5_5`, `text6_0`, `text6_1`, `BroadcastTextID6`, `lang6`, `Probability6`, `em6_0`, `em6_1`, `em6_2`, `em6_3`, `em6_4`, `em6_5`, `text7_0`, `text7_1`, `BroadcastTextID7`, `lang7`, `Probability7`, `em7_0`, `em7_1`, `em7_2`, `em7_3`, `em7_4`, `em7_5`) VALUES ('1872379', 'Imported from TC', 'When you have not a healer to tend to your wounds, the knowledge of First Aid can be a lifesaver.  I would consult Dannelor over at the Craftsmen\'s Terrace for instruction on this skill.', 'When you have not a healer to tend to your wounds, the knowledge of First Aid can be a lifesaver.  I would consult Dannelor over at the Craftsmen\'s Terrace for instruction on this skill.', '5367', '0', '1', '0', '0', '0', '0', '0', '0', '', '', NULL, '0', '0', '0', '0', '0', '0', '0', '0', '', '', NULL, '0', '0', '0', '0', '0', '0', '0', '0', '', '', NULL, '0', '0', '0', '0', '0', '0', '0', '0', '', '', NULL, '0', '0', '0', '0', '0', '0', '0', '0', '', '', NULL, '0', '0', '0', '0', '0', '0', '0', '0', '', '', NULL, '0', '0', '0', '0', '0', '0', '0', '0', '', '', NULL, '0', '0', '0', '0', '0', '0', '0', '0');
INSERT INTO gossip_menu (`MenuID`, `TextID`) VALUES ('2348', '1872379');
INSERT INTO points_of_interest (`ID`, `PositionX`, `PositionY`, `Icon`, `Flags`, `Importance`, `Name`, `VerifiedBuild`) VALUES ('105', '10150', '2390.44', '6', '99', '0', 'Darnassus First Aid Trainer', '0');
INSERT INTO gossip_menu_option (`MenuID`, `OptionID`, `OptionIcon`, `OptionText`, `OptionBroadcastTextID`, `OptionType`, `OptionNpcFlag`, `ActionMenuID`, `ActionPoiID`, `BoxCoded`, `BoxMoney`, `BoxText`, `BoxBroadcastTextID`) VALUES ('2351', '3', '0', 'First Aid', '52066', '1', '1', '2348', '105', '0', '0', '', NULL);
INSERT INTO gossip_text (`ID`, `comment`, `text0_0`, `text0_1`, `BroadcastTextID0`, `lang0`, `Probability0`, `em0_0`, `em0_1`, `em0_2`, `em0_3`, `em0_4`, `em0_5`, `text1_0`, `text1_1`, `BroadcastTextID1`, `lang1`, `Probability1`, `em1_0`, `em1_1`, `em1_2`, `em1_3`, `em1_4`, `em1_5`, `text2_0`, `text2_1`, `BroadcastTextID2`, `lang2`, `Probability2`, `em2_0`, `em2_1`, `em2_2`, `em2_3`, `em2_4`, `em2_5`, `text3_0`, `text3_1`, `BroadcastTextID3`, `lang3`, `Probability3`, `em3_0`, `em3_1`, `em3_2`, `em3_3`, `em3_4`, `em3_5`, `text4_0`, `text4_1`, `BroadcastTextID4`, `lang4`, `Probability4`, `em4_0`, `em4_1`, `em4_2`, `em4_3`, `em4_4`, `em4_5`, `text5_0`, `text5_1`, `BroadcastTextID5`, `lang5`, `Probability5`, `em5_0`, `em5_1`, `em5_2`, `em5_3`, `em5_4`, `em5_5`, `text6_0`, `text6_1`, `BroadcastTextID6`, `lang6`, `Probability6`, `em6_0`, `em6_1`, `em6_2`, `em6_3`, `em6_4`, `em6_5`, `text7_0`, `text7_1`, `BroadcastTextID7`, `lang7`, `Probability7`, `em7_0`, `em7_1`, `em7_2`, `em7_3`, `em7_4`, `em7_5`) VALUES ('1872380', 'Imported from TC', 'A time consuming, yet rewarding skill.  Speak with Astaia in the Tradesman\'s Terrace and maybe you\'ll learn something useful.', 'A time consuming, yet rewarding skill.  Speak with Astaia in the Tradesman\'s Terrace and maybe you\'ll learn something useful.', '5369', '0', '1', '0', '0', '0', '0', '0', '0', 'Astaia has fished up some curious treasures over the ages she has spent fishing.  Why don\'t you go see her over in the Tradesman\'s terrace and have her show you some of them.', 'Astaia has fished up some curious treasures over the ages she has spent fishing.  Why don\'t you go see her over in the Tradesman\'s terrace and have her show you some of them.', '6355', '0', '1', '0', '0', '0', '0', '0', '0', '', '', NULL, '0', '0', '0', '0', '0', '0', '0', '0', '', '', NULL, '0', '0', '0', '0', '0', '0', '0', '0', '', '', NULL, '0', '0', '0', '0', '0', '0', '0', '0', '', '', NULL, '0', '0', '0', '0', '0', '0', '0', '0', '', '', NULL, '0', '0', '0', '0', '0', '0', '0', '0', '', '', NULL, '0', '0', '0', '0', '0', '0', '0', '0');
INSERT INTO gossip_menu (`MenuID`, `TextID`) VALUES ('2349', '1872380');
INSERT INTO points_of_interest (`ID`, `PositionX`, `PositionY`, `Icon`, `Flags`, `Importance`, `Name`, `VerifiedBuild`) VALUES ('106', '9836', '2432.18', '6', '99', '0', 'Darnassus Fishing Trainer', '0');
INSERT INTO gossip_menu_option (`MenuID`, `OptionID`, `OptionIcon`, `OptionText`, `OptionBroadcastTextID`, `OptionType`, `OptionNpcFlag`, `ActionMenuID`, `ActionPoiID`, `BoxCoded`, `BoxMoney`, `BoxText`, `BoxBroadcastTextID`) VALUES ('2351', '4', '0', 'Fishing', '45767', '1', '1', '2349', '106', '0', '0', '', NULL);
INSERT INTO gossip_text (`ID`, `comment`, `text0_0`, `text0_1`, `BroadcastTextID0`, `lang0`, `Probability0`, `em0_0`, `em0_1`, `em0_2`, `em0_3`, `em0_4`, `em0_5`, `text1_0`, `text1_1`, `BroadcastTextID1`, `lang1`, `Probability1`, `em1_0`, `em1_1`, `em1_2`, `em1_3`, `em1_4`, `em1_5`, `text2_0`, `text2_1`, `BroadcastTextID2`, `lang2`, `Probability2`, `em2_0`, `em2_1`, `em2_2`, `em2_3`, `em2_4`, `em2_5`, `text3_0`, `text3_1`, `BroadcastTextID3`, `lang3`, `Probability3`, `em3_0`, `em3_1`, `em3_2`, `em3_3`, `em3_4`, `em3_5`, `text4_0`, `text4_1`, `BroadcastTextID4`, `lang4`, `Probability4`, `em4_0`, `em4_1`, `em4_2`, `em4_3`, `em4_4`, `em4_5`, `text5_0`, `text5_1`, `BroadcastTextID5`, `lang5`, `Probability5`, `em5_0`, `em5_1`, `em5_2`, `em5_3`, `em5_4`, `em5_5`, `text6_0`, `text6_1`, `BroadcastTextID6`, `lang6`, `Probability6`, `em6_0`, `em6_1`, `em6_2`, `em6_3`, `em6_4`, `em6_5`, `text7_0`, `text7_1`, `BroadcastTextID7`, `lang7`, `Probability7`, `em7_0`, `em7_1`, `em7_2`, `em7_3`, `em7_4`, `em7_5`) VALUES ('1872381', 'Imported from TC', 'The gathering and knowledge of herbs is a specialty of Firodren Mooncaller.  Seek him out in the Temple Gardens in the southwestern area of Darnassus.', 'The gathering and knowledge of herbs is a specialty of Firodren Mooncaller.  Seek him out in the Temple Gardens in the southwestern area of Darnassus.', '5470', '0', '1', '0', '0', '0', '0', '0', '0', 'A budding herbalist are we?  Then you should visit with Firodren Mooncaller over in the Temple Gardens.  He may have some tricks of the trade to impart with you.', 'A budding herbalist are we?  Then you should visit with Firodren Mooncaller over in the Temple Gardens.  He may have some tricks of the trade to impart with you.', '5471', '0', '1', '0', '0', '0', '0', '0', '0', '', '', NULL, '0', '0', '0', '0', '0', '0', '0', '0', '', '', NULL, '0', '0', '0', '0', '0', '0', '0', '0', '', '', NULL, '0', '0', '0', '0', '0', '0', '0', '0', '', '', NULL, '0', '0', '0', '0', '0', '0', '0', '0', '', '', NULL, '0', '0', '0', '0', '0', '0', '0', '0', '', '', NULL, '0', '0', '0', '0', '0', '0', '0', '0');
INSERT INTO gossip_menu (`MenuID`, `TextID`) VALUES ('2350', '1872381');
INSERT INTO points_of_interest (`ID`, `PositionX`, `PositionY`, `Icon`, `Flags`, `Importance`, `Name`, `VerifiedBuild`) VALUES ('268', '9757.18', '2430.17', '6', '99', '0', 'Darnassus Herbalism Trainer', '0');
INSERT INTO gossip_menu_option (`MenuID`, `OptionID`, `OptionIcon`, `OptionText`, `OptionBroadcastTextID`, `OptionType`, `OptionNpcFlag`, `ActionMenuID`, `ActionPoiID`, `BoxCoded`, `BoxMoney`, `BoxText`, `BoxBroadcastTextID`) VALUES ('2351', '5', '0', 'Herbalism', '45768', '1', '1', '2350', '268', '0', '0', '', NULL);
INSERT INTO gossip_text (`ID`, `comment`, `text0_0`, `text0_1`, `BroadcastTextID0`, `lang0`, `Probability0`, `em0_0`, `em0_1`, `em0_2`, `em0_3`, `em0_4`, `em0_5`, `text1_0`, `text1_1`, `BroadcastTextID1`, `lang1`, `Probability1`, `em1_0`, `em1_1`, `em1_2`, `em1_3`, `em1_4`, `em1_5`, `text2_0`, `text2_1`, `BroadcastTextID2`, `lang2`, `Probability2`, `em2_0`, `em2_1`, `em2_2`, `em2_3`, `em2_4`, `em2_5`, `text3_0`, `text3_1`, `BroadcastTextID3`, `lang3`, `Probability3`, `em3_0`, `em3_1`, `em3_2`, `em3_3`, `em3_4`, `em3_5`, `text4_0`, `text4_1`, `BroadcastTextID4`, `lang4`, `Probability4`, `em4_0`, `em4_1`, `em4_2`, `em4_3`, `em4_4`, `em4_5`, `text5_0`, `text5_1`, `BroadcastTextID5`, `lang5`, `Probability5`, `em5_0`, `em5_1`, `em5_2`, `em5_3`, `em5_4`, `em5_5`, `text6_0`, `text6_1`, `BroadcastTextID6`, `lang6`, `Probability6`, `em6_0`, `em6_1`, `em6_2`, `em6_3`, `em6_4`, `em6_5`, `text7_0`, `text7_1`, `BroadcastTextID7`, `lang7`, `Probability7`, `em7_0`, `em7_1`, `em7_2`, `em7_3`, `em7_4`, `em7_5`) VALUES ('13886', 'Imported from TC', 'Feyden Darkin is on the second floor in the center of the Craftsman\'s Terrace.', 'Feyden Darkin is on the second floor in the center of the Craftsman\'s Terrace.', '31552', '0', '1', '0', '0', '0', '0', '0', '0', '', '', NULL, '0', '0', '0', '0', '0', '0', '0', '0', '', '', NULL, '0', '0', '0', '0', '0', '0', '0', '0', '', '', NULL, '0', '0', '0', '0', '0', '0', '0', '0', '', '', NULL, '0', '0', '0', '0', '0', '0', '0', '0', '', '', NULL, '0', '0', '0', '0', '0', '0', '0', '0', '', '', NULL, '0', '0', '0', '0', '0', '0', '0', '0', '', '', NULL, '0', '0', '0', '0', '0', '0', '0', '0');
INSERT INTO gossip_menu (`MenuID`, `TextID`) VALUES ('10015', '13886');
INSERT INTO points_of_interest (`ID`, `PositionX`, `PositionY`, `Icon`, `Flags`, `Importance`, `Name`, `VerifiedBuild`) VALUES ('107', '10131', '2323.74', '6', '99', '0', 'Darnassus Inscription', '0');
INSERT INTO gossip_menu_option (`MenuID`, `OptionID`, `OptionIcon`, `OptionText`, `OptionBroadcastTextID`, `OptionType`, `OptionNpcFlag`, `ActionMenuID`, `ActionPoiID`, `BoxCoded`, `BoxMoney`, `BoxText`, `BoxBroadcastTextID`, `patch_min`) VALUES ('2351', '6', '0', 'Inscription', '48811', '1', '1', '10015', '107', '0', '0', '', NULL, '5');
-- Importing menu 2354 as 57023
INSERT INTO gossip_text (`ID`, `comment`, `text0_0`, `text0_1`, `BroadcastTextID0`, `lang0`, `Probability0`, `em0_0`, `em0_1`, `em0_2`, `em0_3`, `em0_4`, `em0_5`, `text1_0`, `text1_1`, `BroadcastTextID1`, `lang1`, `Probability1`, `em1_0`, `em1_1`, `em1_2`, `em1_3`, `em1_4`, `em1_5`, `text2_0`, `text2_1`, `BroadcastTextID2`, `lang2`, `Probability2`, `em2_0`, `em2_1`, `em2_2`, `em2_3`, `em2_4`, `em2_5`, `text3_0`, `text3_1`, `BroadcastTextID3`, `lang3`, `Probability3`, `em3_0`, `em3_1`, `em3_2`, `em3_3`, `em3_4`, `em3_5`, `text4_0`, `text4_1`, `BroadcastTextID4`, `lang4`, `Probability4`, `em4_0`, `em4_1`, `em4_2`, `em4_3`, `em4_4`, `em4_5`, `text5_0`, `text5_1`, `BroadcastTextID5`, `lang5`, `Probability5`, `em5_0`, `em5_1`, `em5_2`, `em5_3`, `em5_4`, `em5_5`, `text6_0`, `text6_1`, `BroadcastTextID6`, `lang6`, `Probability6`, `em6_0`, `em6_1`, `em6_2`, `em6_3`, `em6_4`, `em6_5`, `text7_0`, `text7_1`, `BroadcastTextID7`, `lang7`, `Probability7`, `em7_0`, `em7_1`, `em7_2`, `em7_3`, `em7_4`, `em7_5`) VALUES ('1872382', 'Imported from TC', 'The skill with which Telonis crafts armor is beyond compare.  You should be grateful that he does not charge more for the knowledge he passes to others.  Go now and seek him out in the Craftsmen\'s Terrace in the northeast section of Darnassus.', 'The skill with which Telonis crafts armor is beyond compare.  You should be grateful that he does not charge more for the knowledge he passes to others.  Go now and seek him out in the Craftsmen\'s Terrace in the northeast section of Darnassus.', '5372', '0', '75', '0', '0', '0', '0', '0', '0', 'We plant the vegetables.  Our vegetables are eaten by the rabbit.  The rabbit is devoured by the wolf.  The wolf is slain by us.  We take the meat and hide from the wolf\'s corpse.  It\'s that Magic Circle of life, or whatever you call it.  $B$BNow go see Telonis in the Cenarion Enclave to get started and let me return to my duties.', 'We plant the vegetables.  Our vegetables are eaten by the rabbit.  The rabbit is devoured by the wolf.  The wolf is slain by us.  We take the meat and hide from the wolf\'s corpse.  It\'s that Magic Circle of life, or whatever you call it.  $B$BNow go see Telonis in the Cenarion Enclave to get started and let me return to my duties.', '5373', '0', '25', '0', '0', '0', '0', '0', '0', '', '', NULL, '0', '0', '0', '0', '0', '0', '0', '0', '', '', NULL, '0', '0', '0', '0', '0', '0', '0', '0', '', '', NULL, '0', '0', '0', '0', '0', '0', '0', '0', '', '', NULL, '0', '0', '0', '0', '0', '0', '0', '0', '', '', NULL, '0', '0', '0', '0', '0', '0', '0', '0', '', '', NULL, '0', '0', '0', '0', '0', '0', '0', '0');
INSERT INTO gossip_menu (`MenuID`, `TextID`) VALUES ('57023', '1872382');
INSERT INTO points_of_interest (`ID`, `PositionX`, `PositionY`, `Icon`, `Flags`, `Importance`, `Name`, `VerifiedBuild`) VALUES ('108', '10086', '2255.77', '6', '99', '0', 'Darnassus Leatherworking Trainer', '0');
INSERT INTO gossip_menu_option (`MenuID`, `OptionID`, `OptionIcon`, `OptionText`, `OptionBroadcastTextID`, `OptionType`, `OptionNpcFlag`, `ActionMenuID`, `ActionPoiID`, `BoxCoded`, `BoxMoney`, `BoxText`, `BoxBroadcastTextID`) VALUES ('2351', '7', '0', 'Leatherworking', '52071', '1', '1', '57023', '108', '0', '0', '', NULL);
-- Text 3042 already present in Sun DB
INSERT INTO gossip_menu (`MenuID`, `TextID`) VALUES ('2356', '3042');
INSERT INTO points_of_interest (`ID`, `PositionX`, `PositionY`, `Icon`, `Flags`, `Importance`, `Name`, `VerifiedBuild`) VALUES ('109', '10081', '2257.19', '6', '99', '0', 'Darnassus Skinning Trainer', '0');
INSERT INTO gossip_menu_option (`MenuID`, `OptionID`, `OptionIcon`, `OptionText`, `OptionBroadcastTextID`, `OptionType`, `OptionNpcFlag`, `ActionMenuID`, `ActionPoiID`, `BoxCoded`, `BoxMoney`, `BoxText`, `BoxBroadcastTextID`) VALUES ('2351', '8', '0', 'Skinning', '52076', '1', '1', '2356', '109', '0', '0', '', NULL);
INSERT INTO gossip_text (`ID`, `comment`, `text0_0`, `text0_1`, `BroadcastTextID0`, `lang0`, `Probability0`, `em0_0`, `em0_1`, `em0_2`, `em0_3`, `em0_4`, `em0_5`, `text1_0`, `text1_1`, `BroadcastTextID1`, `lang1`, `Probability1`, `em1_0`, `em1_1`, `em1_2`, `em1_3`, `em1_4`, `em1_5`, `text2_0`, `text2_1`, `BroadcastTextID2`, `lang2`, `Probability2`, `em2_0`, `em2_1`, `em2_2`, `em2_3`, `em2_4`, `em2_5`, `text3_0`, `text3_1`, `BroadcastTextID3`, `lang3`, `Probability3`, `em3_0`, `em3_1`, `em3_2`, `em3_3`, `em3_4`, `em3_5`, `text4_0`, `text4_1`, `BroadcastTextID4`, `lang4`, `Probability4`, `em4_0`, `em4_1`, `em4_2`, `em4_3`, `em4_4`, `em4_5`, `text5_0`, `text5_1`, `BroadcastTextID5`, `lang5`, `Probability5`, `em5_0`, `em5_1`, `em5_2`, `em5_3`, `em5_4`, `em5_5`, `text6_0`, `text6_1`, `BroadcastTextID6`, `lang6`, `Probability6`, `em6_0`, `em6_1`, `em6_2`, `em6_3`, `em6_4`, `em6_5`, `text7_0`, `text7_1`, `BroadcastTextID7`, `lang7`, `Probability7`, `em7_0`, `em7_1`, `em7_2`, `em7_3`, `em7_4`, `em7_5`) VALUES ('1872383', 'Imported from TC', 'You would certainly be looking for Me\'Lynn if you have any hope of learning to be a tailor.  She resides at the Craftsmen\'s Terrace in northeastern Darnassus.', 'You would certainly be looking for Me\'Lynn if you have any hope of learning to be a tailor.  She resides at the Craftsmen\'s Terrace in northeastern Darnassus.', '5381', '0', '1', '0', '0', '0', '0', '0', '0', 'With the garments that Me\'Lynn tailors, one might think that her needle was blessed by Elune herself.  Unless your needle is so blessed, you best pay her a visit and listen to her teachings.  You can find her in The Craftsmen\'s Terrace in northeastern Darnassus.', 'With the garments that Me\'Lynn tailors, one might think that her needle was blessed by Elune herself.  Unless your needle is so blessed, you best pay her a visit and listen to her teachings.  You can find her in The Craftsmen\'s Terrace in northeastern Darnassus.', '6362', '0', '1', '0', '0', '0', '0', '0', '0', '', '', NULL, '0', '0', '0', '0', '0', '0', '0', '0', '', '', NULL, '0', '0', '0', '0', '0', '0', '0', '0', '', '', NULL, '0', '0', '0', '0', '0', '0', '0', '0', '', '', NULL, '0', '0', '0', '0', '0', '0', '0', '0', '', '', NULL, '0', '0', '0', '0', '0', '0', '0', '0', '', '', NULL, '0', '0', '0', '0', '0', '0', '0', '0');
INSERT INTO gossip_menu (`MenuID`, `TextID`) VALUES ('2358', '1872383');
INSERT INTO points_of_interest (`ID`, `PositionX`, `PositionY`, `Icon`, `Flags`, `Importance`, `Name`, `VerifiedBuild`) VALUES ('110', '10079', '2268.2', '6', '99', '0', 'Darnassus Tailor', '0');
INSERT INTO gossip_menu_option (`MenuID`, `OptionID`, `OptionIcon`, `OptionText`, `OptionBroadcastTextID`, `OptionType`, `OptionNpcFlag`, `ActionMenuID`, `ActionPoiID`, `BoxCoded`, `BoxMoney`, `BoxText`, `BoxBroadcastTextID`) VALUES ('2351', '9', '0', 'Tailoring', '52077', '1', '1', '2358', '110', '0', '0', '', NULL);
INSERT INTO gossip_menu_option (`MenuID`, `OptionID`, `OptionIcon`, `OptionText`, `OptionBroadcastTextID`, `OptionType`, `OptionNpcFlag`, `ActionMenuID`, `ActionPoiID`, `BoxCoded`, `BoxMoney`, `BoxText`, `BoxBroadcastTextID`) VALUES ('2352', '10', '0', 'Profession Trainer', '45382', '1', '1', '2351', NULL, '0', '0', '', NULL);
-- Menu 10205 is already imported
-- POI 107 is already imported
INSERT INTO gossip_menu_option (`MenuID`, `OptionID`, `OptionIcon`, `OptionText`, `OptionBroadcastTextID`, `OptionType`, `OptionNpcFlag`, `ActionMenuID`, `ActionPoiID`, `BoxCoded`, `BoxMoney`, `BoxText`, `BoxBroadcastTextID`, `patch_min`) VALUES ('2352', '11', '0', 'Lexicon of Power', '32998', '1', '1', '10205', '107', '0', '0', '', NULL, '5');
UPDATE creature_template SET npcflag = (npcflag | 1), gossip_menu_id = 2352 WHERE entry = 4262;
DELETE FROM gossip_menu WHERE MenuID = 3016;


-- Importing creature gossip with entry 4968 (Lady Jaina Proudmoore) with import type SMART
UPDATE creature_template SET ScriptName = '', AIName = 'SmartAI' WHERE entry = 4968;
DELETE FROM smart_scripts WHERE entryorguid = 4968 AND source_type = 0;
-- Text 3157 already present in Sun DB
INSERT INTO gossip_menu (`MenuID`, `TextID`) VALUES ('2465', '3157');
-- Text 3158 already present in Sun DB
INSERT INTO conditions (`SourceTypeOrReferenceId`, `SourceGroup`, `SourceEntry`, `SourceId`, `ElseGroup`, `ConditionTypeOrReference`, `ConditionTarget`, `ConditionValue1`, `ConditionValue2`, `ConditionValue3`, `NegativeCondition`, `ErrorType`, `ErrorTextId`, `ScriptName`, `Comment`) VALUES ('14', '2465', '3158', '0', '0', '8', '0', '1267', '0', '0', '0', '0', '0', '', '(autoimported) Show gossip text 3158 if quest \'The Missing Diplomat (Part 17)\' is rewarded');
INSERT INTO gossip_menu (`MenuID`, `TextID`) VALUES ('2465', '3158');
-- Text 7012 already present in Sun DB
INSERT INTO gossip_menu (`MenuID`, `TextID`) VALUES ('5850', '7012');
INSERT INTO gossip_menu_option (`MenuID`, `OptionID`, `OptionIcon`, `OptionText`, `OptionBroadcastTextID`, `OptionType`, `OptionNpcFlag`, `ActionMenuID`, `ActionPoiID`, `BoxCoded`, `BoxMoney`, `BoxText`, `BoxBroadcastTextID`) VALUES ('2465', '0', '0', 'Lady Jaina, this may sound like an odd request... but I have a young ward who is quite shy.  You are a hero to him, and he asked me to get your autograph.', '9663', '1', '1', '5850', NULL, '0', '0', '', NULL);
INSERT INTO conditions (`SourceTypeOrReferenceId`, `SourceGroup`, `SourceEntry`, `SourceId`, `ElseGroup`, `ConditionTypeOrReference`, `ConditionTarget`, `ConditionValue1`, `ConditionValue2`, `ConditionValue3`, `NegativeCondition`, `ErrorType`, `ErrorTextId`, `ScriptName`, `Comment`) VALUES ('15', '2465', '0', '0', '0', '9', '0', '558', '0', '0', '0', '0', '0', '', '(autoimported) Lady Jaina Proudmoore Shows gossip option 2465 if player has quest Jaina\'s Autograph');
DELETE FROM creature_text WHERE CreatureID = 4968;
INSERT INTO creature_text (`CreatureID`, `GroupID`, `ID`, `Text`, `Type`, `Language`, `Probability`, `Emote`, `Duration`, `Sound`, `BroadcastTextId`, `TextRange`, `comment`) VALUES ('4968', '0', '0', 'Perhaps I should explain...', '12', '0', '100', '1', '0', '0', '33092', '0', 'Lady Jaina Proudmoore to Player');
INSERT INTO creature_text (`CreatureID`, `GroupID`, `ID`, `Text`, `Type`, `Language`, `Probability`, `Emote`, `Duration`, `Sound`, `BroadcastTextId`, `TextRange`, `comment`) VALUES ('4968', '1', '0', 'I had arranged for a secret summit between Warchief Thrall and King Wrynn, here in Theramore.', '12', '0', '100', '1', '0', '0', '33093', '0', 'Lady Jaina Proudmoore to Player');
INSERT INTO creature_text (`CreatureID`, `GroupID`, `ID`, `Text`, `Type`, `Language`, `Probability`, `Emote`, `Duration`, `Sound`, `BroadcastTextId`, `TextRange`, `comment`) VALUES ('4968', '2', '0', 'The king was to travel here by ship, in secret. But the ship never arrived, and King Wrynn disappeared.', '12', '0', '100', '1', '0', '0', '33094', '0', 'Lady Jaina Proudmoore to Player');
INSERT INTO creature_text (`CreatureID`, `GroupID`, `ID`, `Text`, `Type`, `Language`, `Probability`, `Emote`, `Duration`, `Sound`, `BroadcastTextId`, `TextRange`, `comment`) VALUES ('4968', '3', '0', 'Your help enabled us to connect the Defias to the mastermind behind the abduction, Onyxia, who was posing as a member of the royal court.', '12', '0', '100', '1', '0', '0', '33095', '0', 'Lady Jaina Proudmoore to Player');
INSERT INTO creature_text (`CreatureID`, `GroupID`, `ID`, `Text`, `Type`, `Language`, `Probability`, `Emote`, `Duration`, `Sound`, `BroadcastTextId`, `TextRange`, `comment`) VALUES ('4968', '4', '0', 'Meanwhile, the king managed to escape his captors, and returned to Stormwind to deal with Onyxia.', '12', '0', '100', '1', '0', '0', '33096', '0', 'Lady Jaina Proudmoore to Player');
INSERT INTO creature_text (`CreatureID`, `GroupID`, `ID`, `Text`, `Type`, `Language`, `Probability`, `Emote`, `Duration`, `Sound`, `BroadcastTextId`, `TextRange`, `comment`) VALUES ('4968', '5', '0', 'I will send word that you have discovered the link to the Defias. I was a fool to think them broken with the defeat of Edwin Van Cleef, and King Wrynn will want to make an example of all who remain.', '12', '0', '100', '1', '0', '0', '33097', '0', 'Lady Jaina Proudmoore to Player');
-- Creature text 4968 is already imported
-- Creature text 4968 is already imported
-- Creature text 4968 is already imported
-- Creature text 4968 is already imported
-- Creature text 4968 is already imported
INSERT INTO smart_scripts (`entryorguid`, `source_type`, `id`, `link`, `event_type`, `event_phase_mask`, `event_chance`, `event_flags`, `event_param1`, `event_param2`, `event_param3`, `event_param4`, `event_param5`, `action_type`, `action_param1`, `action_param2`, `action_param3`, `action_param4`, `action_param5`, `action_param6`, `target_type`, `target_param1`, `target_param2`, `target_param3`, `target_param4`, `target_x`, `target_y`, `target_z`, `target_o`, `comment`) VALUES ('4968', '0', '1', '0', '61', '0', '100', '512', '0', '0', '0', '0', '0', '11', '23122', '0', '0', '0', '0', '0', '7', '0', '0', '0', '0', '0', '0', '0', '0', 'Lady Jaina Proudmoore - On Gossip Select - Cast Jaina\'s Autograph'), ('4968', '0', '0', '1', '62', '0', '100', '512', '2465', '0', '0', '0', '0', '72', '0', '0', '0', '0', '0', '0', '7', '0', '0', '0', '0', '0', '0', '0', '0', 'Lady Jaina Proudmoore - On Gossip Select - Close Gossip'), ('4968', '0', '3', '4', '20', '0', '100', '512', '11142', '0', '0', '0', '0', '66', '0', '0', '0', '0', '0', '0', '7', '0', '0', '0', '0', '0', '0', '0', '0', 'Lady Jaina Proudmoore - On Quest Reward (Survey Alcaz Island - Face player'), ('4968', '0', '4', '5', '61', '0', '100', '512', '0', '0', '0', '0', '0', '1', '0', '5000', '0', '0', '0', '0', '1', '0', '0', '0', '0', '0', '0', '0', '0', 'Lady Jaina Proudmoore - On Quest Reward (Survey Alcaz Island - Say Line 0'), ('4968', '0', '5', '0', '61', '0', '100', '512', '0', '0', '0', '0', '0', '81', '1', '0', '0', '0', '0', '0', '1', '0', '0', '0', '0', '0', '0', '0', '0', 'Lady Jaina Proudmoore - On Quest Reward (Survey Alcaz Island - Set NPC Flags'), ('4968', '0', '6', '0', '52', '0', '100', '0', '0', '4968', '0', '0', '0', '1', '1', '7000', '0', '0', '0', '0', '1', '0', '0', '0', '0', '0', '0', '0', '0', 'Lady Jaina Proudmoore - On Text Over Line 0 - Say Line 1'), ('4968', '0', '7', '0', '52', '0', '100', '0', '1', '4968', '0', '0', '0', '1', '2', '6000', '0', '0', '0', '0', '1', '0', '0', '0', '0', '0', '0', '0', '0', 'Lady Jaina Proudmoore - On Text Over Line 1 - Say Line 2'), ('4968', '0', '8', '0', '52', '0', '100', '0', '2', '4968', '0', '0', '0', '1', '3', '7000', '0', '0', '0', '0', '1', '0', '0', '0', '0', '0', '0', '0', '0', 'Lady Jaina Proudmoore - On Text Over Line 2 - Say Line 3'), ('4968', '0', '9', '0', '52', '0', '100', '0', '3', '4968', '0', '0', '0', '1', '4', '6000', '0', '0', '0', '0', '1', '0', '0', '0', '0', '0', '0', '0', '0', 'Lady Jaina Proudmoore - On Text Over Line 3 - Say Line 4'), ('4968', '0', '10', '0', '52', '0', '100', '0', '4', '4968', '0', '0', '0', '1', '5', '5000', '0', '0', '0', '0', '1', '0', '0', '0', '0', '0', '0', '0', '0', 'Lady Jaina Proudmoore - On Text Over Line 4 - Say Line 5'), ('4968', '0', '11', '12', '52', '0', '100', '512', '5', '4968', '0', '0', '0', '81', '3', '0', '0', '0', '0', '0', '1', '0', '0', '0', '0', '0', '0', '0', '0', 'Lady Jaina Proudmoore - On Text Over Line 5 - Set Npc Flag'), ('4968', '0', '12', '0', '61', '0', '100', '512', '0', '0', '0', '0', '0', '24', '0', '0', '0', '0', '0', '0', '1', '0', '0', '0', '0', '0', '0', '0', '0', 'Lady Jaina Proudmoore - On Text Over Line 5 - Evade'), ('4968', '0', '13', '0', '4', '0', '100', '0', '0', '0', '0', '0', '0', '4', '5882', '0', '0', '0', '0', '0', '1', '0', '0', '0', '0', '0', '0', '0', '0', 'Lady Jaina Proudmoore - On Aggro - Play Sound 5882'), ('4968', '0', '14', '0', '0', '0', '100', '0', '0', '0', '2000', '3500', '0', '11', '20692', '64', '0', '0', '0', '0', '2', '0', '0', '0', '0', '0', '0', '0', '0', 'Lady Jaina Proudmoore - In Combat - Fireball'), ('4968', '0', '15', '0', '0', '0', '100', '0', '4000', '5000', '45000', '55000', '0', '11', '20681', '0', '0', '0', '0', '0', '1', '0', '0', '0', '0', '0', '0', '0', '0', 'Lady Jaina Proudmoore - In Combat - Cast Summon Water Elementals'), ('4968', '0', '16', '0', '0', '0', '100', '0', '5000', '9000', '15000', '17000', '0', '11', '20679', '0', '0', '0', '0', '0', '2', '0', '0', '0', '0', '0', '0', '0', '0', 'Lady Jaina Proudmoore - In Combat - Cast Fire Blast'), ('4968', '0', '17', '0', '0', '0', '100', '0', '8000', '12000', '25000', '28000', '0', '11', '20680', '0', '0', '0', '0', '0', '4', '0', '0', '0', '0', '0', '0', '0', '0', 'Lady Jaina Proudmoore - In Combat - Cast Blizzard'), ('4968', '0', '18', '0', '2', '0', '100', '0', '0', '50', '14000', '21000', '0', '11', '20682', '1', '0', '0', '0', '0', '2', '0', '0', '0', '0', '0', '0', '0', '0', 'Lady Jaina Proudmoore - Between 0-50% Health - Cast Teleport');
-- Menu 2465 is already imported
UPDATE creature_template SET npcflag = (npcflag | 1), gossip_menu_id = 2465 WHERE entry = 4968;


-- Importing creature gossip with entry 5624 (Undercity Guardian) with import type GOSSIP
-- Importing menu 2849 as 57024
INSERT INTO gossip_text (`ID`, `comment`, `text0_0`, `text0_1`, `BroadcastTextID0`, `lang0`, `Probability0`, `em0_0`, `em0_1`, `em0_2`, `em0_3`, `em0_4`, `em0_5`, `text1_0`, `text1_1`, `BroadcastTextID1`, `lang1`, `Probability1`, `em1_0`, `em1_1`, `em1_2`, `em1_3`, `em1_4`, `em1_5`, `text2_0`, `text2_1`, `BroadcastTextID2`, `lang2`, `Probability2`, `em2_0`, `em2_1`, `em2_2`, `em2_3`, `em2_4`, `em2_5`, `text3_0`, `text3_1`, `BroadcastTextID3`, `lang3`, `Probability3`, `em3_0`, `em3_1`, `em3_2`, `em3_3`, `em3_4`, `em3_5`, `text4_0`, `text4_1`, `BroadcastTextID4`, `lang4`, `Probability4`, `em4_0`, `em4_1`, `em4_2`, `em4_3`, `em4_4`, `em4_5`, `text5_0`, `text5_1`, `BroadcastTextID5`, `lang5`, `Probability5`, `em5_0`, `em5_1`, `em5_2`, `em5_3`, `em5_4`, `em5_5`, `text6_0`, `text6_1`, `BroadcastTextID6`, `lang6`, `Probability6`, `em6_0`, `em6_1`, `em6_2`, `em6_3`, `em6_4`, `em6_5`, `text7_0`, `text7_1`, `BroadcastTextID7`, `lang7`, `Probability7`, `em7_0`, `em7_1`, `em7_2`, `em7_3`, `em7_4`, `em7_5`) VALUES ('1872384', 'Imported from TC', 'What are you looking for?', 'What are you looking for?', '21585', '1', '100', '0', '0', '0', '0', '0', '0', '', '', NULL, '0', '0', '0', '0', '0', '0', '0', '0', '', '', NULL, '0', '0', '0', '0', '0', '0', '0', '0', '', '', NULL, '0', '0', '0', '0', '0', '0', '0', '0', '', '', NULL, '0', '0', '0', '0', '0', '0', '0', '0', '', '', NULL, '0', '0', '0', '0', '0', '0', '0', '0', '', '', NULL, '0', '0', '0', '0', '0', '0', '0', '0', '', '', NULL, '0', '0', '0', '0', '0', '0', '0', '0');
INSERT INTO gossip_menu (`MenuID`, `TextID`) VALUES ('57024', '1872384');
UPDATE creature_template SET npcflag = (npcflag | 1), gossip_menu_id = 57024 WHERE entry = 5624;
DELETE FROM gossip_menu WHERE MenuID = 3543;


-- Importing creature gossip with entry 10917 (Aurius) with import type GOSSIP
-- Text 3755 already present in Sun DB
INSERT INTO gossip_menu (`MenuID`, `TextID`) VALUES ('3043', '3755');
-- Text 3756 already present in Sun DB
INSERT INTO gossip_menu (`MenuID`, `TextID`) VALUES ('3043', '3756');
-- Text 3757 already present in Sun DB
INSERT INTO gossip_menu (`MenuID`, `TextID`) VALUES ('3043', '3757');
UPDATE creature_template SET npcflag = (npcflag | 1), gossip_menu_id = 3043 WHERE entry = 10917;


-- Importing creature gossip with entry 7866 (Peter Galen) with import type GOSSIP
-- Text 3801 already present in Sun DB
INSERT INTO gossip_menu (`MenuID`, `TextID`) VALUES ('3067', '3801');
UPDATE creature_template SET npcflag = (npcflag | 1), gossip_menu_id = 3067 WHERE entry = 7866;


-- Importing creature gossip with entry 7868 (Sarah Tanner) with import type GOSSIP
-- Text 3804 already present in Sun DB
INSERT INTO gossip_menu (`MenuID`, `TextID`) VALUES ('3070', '3804');
UPDATE creature_template SET npcflag = (npcflag | 1), gossip_menu_id = 3070 WHERE entry = 7868;


-- Importing creature gossip with entry 7870 (Caryssia Moonhunter) with import type GOSSIP
-- Text 3805 already present in Sun DB
INSERT INTO gossip_menu (`MenuID`, `TextID`) VALUES ('3072', '3805');
UPDATE creature_template SET npcflag = (npcflag | 1), gossip_menu_id = 3072 WHERE entry = 7870;


-- Importing creature gossip with entry 10618 (Rivern Frostwind) with import type GOSSIP
INSERT INTO gossip_text (`ID`, `comment`, `text0_0`, `text0_1`, `BroadcastTextID0`, `lang0`, `Probability0`, `em0_0`, `em0_1`, `em0_2`, `em0_3`, `em0_4`, `em0_5`, `text1_0`, `text1_1`, `BroadcastTextID1`, `lang1`, `Probability1`, `em1_0`, `em1_1`, `em1_2`, `em1_3`, `em1_4`, `em1_5`, `text2_0`, `text2_1`, `BroadcastTextID2`, `lang2`, `Probability2`, `em2_0`, `em2_1`, `em2_2`, `em2_3`, `em2_4`, `em2_5`, `text3_0`, `text3_1`, `BroadcastTextID3`, `lang3`, `Probability3`, `em3_0`, `em3_1`, `em3_2`, `em3_3`, `em3_4`, `em3_5`, `text4_0`, `text4_1`, `BroadcastTextID4`, `lang4`, `Probability4`, `em4_0`, `em4_1`, `em4_2`, `em4_3`, `em4_4`, `em4_5`, `text5_0`, `text5_1`, `BroadcastTextID5`, `lang5`, `Probability5`, `em5_0`, `em5_1`, `em5_2`, `em5_3`, `em5_4`, `em5_5`, `text6_0`, `text6_1`, `BroadcastTextID6`, `lang6`, `Probability6`, `em6_0`, `em6_1`, `em6_2`, `em6_3`, `em6_4`, `em6_5`, `text7_0`, `text7_1`, `BroadcastTextID7`, `lang7`, `Probability7`, `em7_0`, `em7_1`, `em7_2`, `em7_3`, `em7_4`, `em7_5`) VALUES ('1872385', 'Imported from TC', 'Hello, traveler. Not many find me out this way.$B$BMy name is Rivern, and I train the Winterspring Frostsabers to become mounts.$B$BThese cats are the most feral and difficult to subdue of all the sabers. Only the most trusted and exalted may attempt to ride one.$B$BI will not sell such a mount to just anyone; no, you must work for it and earn your acceptance not only with me, but with the sabers themselves.', '', '6381', '0', '1', '0', '0', '0', '0', '0', '0', '', '', NULL, '0', '0', '0', '0', '0', '0', '0', '0', '', '', NULL, '0', '0', '0', '0', '0', '0', '0', '0', '', '', NULL, '0', '0', '0', '0', '0', '0', '0', '0', '', '', NULL, '0', '0', '0', '0', '0', '0', '0', '0', '', '', NULL, '0', '0', '0', '0', '0', '0', '0', '0', '', '', NULL, '0', '0', '0', '0', '0', '0', '0', '0', '', '', NULL, '0', '0', '0', '0', '0', '0', '0', '0');
INSERT INTO gossip_menu (`MenuID`, `TextID`) VALUES ('3130', '1872385');
INSERT INTO gossip_menu_option (`MenuID`, `OptionID`, `OptionIcon`, `OptionText`, `OptionBroadcastTextID`, `OptionType`, `OptionNpcFlag`, `ActionMenuID`, `ActionPoiID`, `BoxCoded`, `BoxMoney`, `BoxText`, `BoxBroadcastTextID`) VALUES ('3130', '0', '1', 'I would like to buy from you.', '2583', '3', '128', NULL, NULL, '0', '0', '', NULL);
INSERT INTO conditions (`SourceTypeOrReferenceId`, `SourceGroup`, `SourceEntry`, `SourceId`, `ElseGroup`, `ConditionTypeOrReference`, `ConditionTarget`, `ConditionValue1`, `ConditionValue2`, `ConditionValue3`, `NegativeCondition`, `ErrorType`, `ErrorTextId`, `ScriptName`, `Comment`) VALUES ('15', '3130', '0', '0', '0', '5', '0', '589', '128', '0', '0', '0', '0', '', '(autoimported) Show gossip menu 3130 option id 0 if player is Exalted with faction Wintersaber Trainers.');
UPDATE creature_template SET npcflag = (npcflag | 1), gossip_menu_id = 3130 WHERE entry = 10618;


-- Importing creature gossip with entry 10300 (Ranshalla) with import type GOSSIP
-- Text 3866 already present in Sun DB
INSERT INTO gossip_menu (`MenuID`, `TextID`) VALUES ('3131', '3866');
-- Text 4788 already present in Sun DB
INSERT INTO conditions (`SourceTypeOrReferenceId`, `SourceGroup`, `SourceEntry`, `SourceId`, `ElseGroup`, `ConditionTypeOrReference`, `ConditionTarget`, `ConditionValue1`, `ConditionValue2`, `ConditionValue3`, `NegativeCondition`, `ErrorType`, `ErrorTextId`, `ScriptName`, `Comment`) VALUES ('14', '3131', '4788', '0', '0', '8', '0', '979', '0', '0', '0', '0', '0', '', '(autoimported) Show different gossip if player has completed quest 979');
INSERT INTO gossip_menu (`MenuID`, `TextID`) VALUES ('3131', '4788');
UPDATE creature_template SET npcflag = (npcflag | 1), gossip_menu_id = 3131 WHERE entry = 10300;


-- Importing creature gossip with entry 11064 (Darrowshire Spirit) with import type SMART
UPDATE creature_template SET ScriptName = '', AIName = 'SmartAI' WHERE entry = 11064;
DELETE FROM smart_scripts WHERE entryorguid = 11064 AND source_type = 0;
INSERT INTO smart_scripts (`entryorguid`, `source_type`, `id`, `link`, `event_type`, `event_phase_mask`, `event_chance`, `event_flags`, `event_param1`, `event_param2`, `event_param3`, `event_param4`, `event_param5`, `action_type`, `action_param1`, `action_param2`, `action_param3`, `action_param4`, `action_param5`, `action_param6`, `target_type`, `target_param1`, `target_param2`, `target_param3`, `target_param4`, `target_x`, `target_y`, `target_z`, `target_o`, `comment`) VALUES ('11064', '0', '0', '0', '1', '0', '100', '0', '60000', '60000', '60000', '60000', '0', '41', '0', '0', '0', '0', '0', '0', '1', '0', '0', '0', '0', '0', '0', '0', '0', 'Darrowshire Spirit - OOC - Despawn'), ('11064', '0', '1', '2', '11', '0', '100', '0', '0', '0', '0', '0', '0', '11', '17321', '0', '0', '0', '0', '0', '1', '0', '0', '0', '0', '0', '0', '0', '0', 'Darrowshire Spirit - On Reset - Cast Spirit Spawn-in'), ('11064', '0', '2', '3', '61', '0', '100', '0', '0', '0', '0', '0', '0', '19', '33554432', '0', '0', '0', '0', '0', '1', '0', '0', '0', '0', '0', '0', '0', '0', 'Darrowshire Spirit - On Reset - Remove Unit Flag Not selectable'), ('11064', '0', '3', '0', '61', '0', '100', '0', '0', '0', '0', '0', '0', '11', '17327', '0', '0', '0', '0', '0', '1', '0', '0', '0', '0', '0', '0', '0', '0', 'Darrowshire Spirit - On Reset - Cast Spirit Particles'), ('11064', '0', '4', '5', '64', '0', '100', '1', '0', '0', '0', '0', '0', '33', '11064', '0', '0', '0', '0', '0', '7', '0', '0', '0', '0', '0', '0', '0', '0', 'Darrowshire Spirit - On Gossip Hello - Kill Credit'), ('11064', '0', '5', '0', '61', '0', '100', '1', '0', '0', '0', '0', '0', '41', '10000', '0', '0', '0', '0', '0', '1', '0', '0', '0', '0', '0', '0', '0', '0', 'Darrowshire Spirit - On Gossip Hello - Despawn after 10 seconds');
INSERT INTO gossip_text (`ID`, `comment`, `text0_0`, `text0_1`, `BroadcastTextID0`, `lang0`, `Probability0`, `em0_0`, `em0_1`, `em0_2`, `em0_3`, `em0_4`, `em0_5`, `text1_0`, `text1_1`, `BroadcastTextID1`, `lang1`, `Probability1`, `em1_0`, `em1_1`, `em1_2`, `em1_3`, `em1_4`, `em1_5`, `text2_0`, `text2_1`, `BroadcastTextID2`, `lang2`, `Probability2`, `em2_0`, `em2_1`, `em2_2`, `em2_3`, `em2_4`, `em2_5`, `text3_0`, `text3_1`, `BroadcastTextID3`, `lang3`, `Probability3`, `em3_0`, `em3_1`, `em3_2`, `em3_3`, `em3_4`, `em3_5`, `text4_0`, `text4_1`, `BroadcastTextID4`, `lang4`, `Probability4`, `em4_0`, `em4_1`, `em4_2`, `em4_3`, `em4_4`, `em4_5`, `text5_0`, `text5_1`, `BroadcastTextID5`, `lang5`, `Probability5`, `em5_0`, `em5_1`, `em5_2`, `em5_3`, `em5_4`, `em5_5`, `text6_0`, `text6_1`, `BroadcastTextID6`, `lang6`, `Probability6`, `em6_0`, `em6_1`, `em6_2`, `em6_3`, `em6_4`, `em6_5`, `text7_0`, `text7_1`, `BroadcastTextID7`, `lang7`, `Probability7`, `em7_0`, `em7_1`, `em7_2`, `em7_3`, `em7_4`, `em7_5`) VALUES ('1872386', 'Imported from TC', 'Thank you!  You freed me!', 'Thank you!  You freed me!', '6427', '0', '1', '0', '0', '0', '0', '0', '0', 'Oh, thank you!  I have been trapped in this nightmare for so long...', 'Oh, thank you!  I have been trapped in this nightmare for so long...', '6428', '0', '1', '0', '0', '0', '0', '0', '0', 'At last, my soul is free!', 'At last, my soul is free!', '6429', '0', '1', '0', '0', '0', '0', '0', '0', 'Thank you!  The battle for Darrowshire doomed me, but you have set me free!', 'Thank you!  The battle for Darrowshire doomed me, but you have set me free!', '6430', '0', '1', '0', '0', '0', '0', '0', '0', 'Ah!  Please, if you see a survivor of Darrowshire, tell them I am free!', 'Ah!  Please, if you see a survivor of Darrowshire, tell them I am free!', '6431', '0', '1', '0', '0', '0', '0', '0', '0', '', '', NULL, '0', '0', '0', '0', '0', '0', '0', '0', '', '', NULL, '0', '0', '0', '0', '0', '0', '0', '0', '', '', NULL, '0', '0', '0', '0', '0', '0', '0', '0');
INSERT INTO gossip_menu (`MenuID`, `TextID`) VALUES ('3141', '1872386');
UPDATE creature_template SET npcflag = (npcflag | 1), gossip_menu_id = 3141 WHERE entry = 11064;


-- Importing creature gossip with entry 5953 (Razor Hill Grunt) with import type GOSSIP
INSERT INTO gossip_text (`ID`, `comment`, `text0_0`, `text0_1`, `BroadcastTextID0`, `lang0`, `Probability0`, `em0_0`, `em0_1`, `em0_2`, `em0_3`, `em0_4`, `em0_5`, `text1_0`, `text1_1`, `BroadcastTextID1`, `lang1`, `Probability1`, `em1_0`, `em1_1`, `em1_2`, `em1_3`, `em1_4`, `em1_5`, `text2_0`, `text2_1`, `BroadcastTextID2`, `lang2`, `Probability2`, `em2_0`, `em2_1`, `em2_2`, `em2_3`, `em2_4`, `em2_5`, `text3_0`, `text3_1`, `BroadcastTextID3`, `lang3`, `Probability3`, `em3_0`, `em3_1`, `em3_2`, `em3_3`, `em3_4`, `em3_5`, `text4_0`, `text4_1`, `BroadcastTextID4`, `lang4`, `Probability4`, `em4_0`, `em4_1`, `em4_2`, `em4_3`, `em4_4`, `em4_5`, `text5_0`, `text5_1`, `BroadcastTextID5`, `lang5`, `Probability5`, `em5_0`, `em5_1`, `em5_2`, `em5_3`, `em5_4`, `em5_5`, `text6_0`, `text6_1`, `BroadcastTextID6`, `lang6`, `Probability6`, `em6_0`, `em6_1`, `em6_2`, `em6_3`, `em6_4`, `em6_5`, `text7_0`, `text7_1`, `BroadcastTextID7`, `lang7`, `Probability7`, `em7_0`, `em7_1`, `em7_2`, `em7_3`, `em7_4`, `em7_5`) VALUES ('1872387', 'Imported from TC', 'What are you looking for?', 'What are you looking for?', '21585', '1', '100', '0', '0', '0', '0', '0', '0', '', '', NULL, '0', '0', '0', '0', '0', '0', '0', '0', '', '', NULL, '0', '0', '0', '0', '0', '0', '0', '0', '', '', NULL, '0', '0', '0', '0', '0', '0', '0', '0', '', '', NULL, '0', '0', '0', '0', '0', '0', '0', '0', '', '', NULL, '0', '0', '0', '0', '0', '0', '0', '0', '', '', NULL, '0', '0', '0', '0', '0', '0', '0', '0', '', '', NULL, '0', '0', '0', '0', '0', '0', '0', '0');
INSERT INTO gossip_menu (`MenuID`, `TextID`) VALUES ('3285', '1872387');
INSERT INTO gossip_text (`ID`, `comment`, `text0_0`, `text0_1`, `BroadcastTextID0`, `lang0`, `Probability0`, `em0_0`, `em0_1`, `em0_2`, `em0_3`, `em0_4`, `em0_5`, `text1_0`, `text1_1`, `BroadcastTextID1`, `lang1`, `Probability1`, `em1_0`, `em1_1`, `em1_2`, `em1_3`, `em1_4`, `em1_5`, `text2_0`, `text2_1`, `BroadcastTextID2`, `lang2`, `Probability2`, `em2_0`, `em2_1`, `em2_2`, `em2_3`, `em2_4`, `em2_5`, `text3_0`, `text3_1`, `BroadcastTextID3`, `lang3`, `Probability3`, `em3_0`, `em3_1`, `em3_2`, `em3_3`, `em3_4`, `em3_5`, `text4_0`, `text4_1`, `BroadcastTextID4`, `lang4`, `Probability4`, `em4_0`, `em4_1`, `em4_2`, `em4_3`, `em4_4`, `em4_5`, `text5_0`, `text5_1`, `BroadcastTextID5`, `lang5`, `Probability5`, `em5_0`, `em5_1`, `em5_2`, `em5_3`, `em5_4`, `em5_5`, `text6_0`, `text6_1`, `BroadcastTextID6`, `lang6`, `Probability6`, `em6_0`, `em6_1`, `em6_2`, `em6_3`, `em6_4`, `em6_5`, `text7_0`, `text7_1`, `BroadcastTextID7`, `lang7`, `Probability7`, `em7_0`, `em7_1`, `em7_2`, `em7_3`, `em7_4`, `em7_5`) VALUES ('1872388', 'Imported from TC', 'Huh?  You\'ll find the bank in Orgrimmar.  Head north up the road to get there and then talk to one of their grunts.', 'Huh?  You\'ll find the bank in Orgrimmar.  Head north up the road to get there and then talk to one of their grunts.', '6595', '1', '80', '0', '0', '0', '0', '0', '0', 'Yeah, I need to drop off some things myself.  Find it by heading north up the road to Orgrimmar and then ask one of the grunts there.', 'Yeah, I need to drop off some things myself.  Find it by heading north up the road to Orgrimmar and then ask one of the grunts there.', '6596', '1', '20', '0', '0', '0', '0', '0', '0', '', '', NULL, '0', '0', '0', '0', '0', '0', '0', '0', '', '', NULL, '0', '0', '0', '0', '0', '0', '0', '0', '', '', NULL, '0', '0', '0', '0', '0', '0', '0', '0', '', '', NULL, '0', '0', '0', '0', '0', '0', '0', '0', '', '', NULL, '0', '0', '0', '0', '0', '0', '0', '0', '', '', NULL, '0', '0', '0', '0', '0', '0', '0', '0');
INSERT INTO gossip_menu (`MenuID`, `TextID`) VALUES ('3280', '1872388');
INSERT INTO gossip_menu_option (`MenuID`, `OptionID`, `OptionIcon`, `OptionText`, `OptionBroadcastTextID`, `OptionType`, `OptionNpcFlag`, `ActionMenuID`, `ActionPoiID`, `BoxCoded`, `BoxMoney`, `BoxText`, `BoxBroadcastTextID`) VALUES ('3285', '0', '0', 'The bank', '7066', '1', '1', '3280', NULL, '0', '0', '', NULL);
INSERT INTO gossip_text (`ID`, `comment`, `text0_0`, `text0_1`, `BroadcastTextID0`, `lang0`, `Probability0`, `em0_0`, `em0_1`, `em0_2`, `em0_3`, `em0_4`, `em0_5`, `text1_0`, `text1_1`, `BroadcastTextID1`, `lang1`, `Probability1`, `em1_0`, `em1_1`, `em1_2`, `em1_3`, `em1_4`, `em1_5`, `text2_0`, `text2_1`, `BroadcastTextID2`, `lang2`, `Probability2`, `em2_0`, `em2_1`, `em2_2`, `em2_3`, `em2_4`, `em2_5`, `text3_0`, `text3_1`, `BroadcastTextID3`, `lang3`, `Probability3`, `em3_0`, `em3_1`, `em3_2`, `em3_3`, `em3_4`, `em3_5`, `text4_0`, `text4_1`, `BroadcastTextID4`, `lang4`, `Probability4`, `em4_0`, `em4_1`, `em4_2`, `em4_3`, `em4_4`, `em4_5`, `text5_0`, `text5_1`, `BroadcastTextID5`, `lang5`, `Probability5`, `em5_0`, `em5_1`, `em5_2`, `em5_3`, `em5_4`, `em5_5`, `text6_0`, `text6_1`, `BroadcastTextID6`, `lang6`, `Probability6`, `em6_0`, `em6_1`, `em6_2`, `em6_3`, `em6_4`, `em6_5`, `text7_0`, `text7_1`, `BroadcastTextID7`, `lang7`, `Probability7`, `em7_0`, `em7_1`, `em7_2`, `em7_3`, `em7_4`, `em7_5`) VALUES ('1872389', 'Imported from TC', 'You\'ll find the Wind Rider Master in Orgrimmar.  Go north up the road to get there and ask an Orgrimmar Grunt for further directions.', 'You\'ll find the Wind Rider Master in Orgrimmar.  Go north up the road to get there and ask an Orgrimmar Grunt for further directions.', '6597', '1', '80', '0', '0', '0', '0', '0', '0', 'Can\'t you see I\'m busy here?  Go north up the road to Orgrimmar and ask one of the grunts there.  You can\'t miss it.', 'Can\'t you see I\'m busy here?  Go north up the road to Orgrimmar and ask one of the grunts there.  You can\'t miss it.', '6598', '1', '20', '0', '0', '0', '0', '0', '0', '', '', NULL, '0', '0', '0', '0', '0', '0', '0', '0', '', '', NULL, '0', '0', '0', '0', '0', '0', '0', '0', '', '', NULL, '0', '0', '0', '0', '0', '0', '0', '0', '', '', NULL, '0', '0', '0', '0', '0', '0', '0', '0', '', '', NULL, '0', '0', '0', '0', '0', '0', '0', '0', '', '', NULL, '0', '0', '0', '0', '0', '0', '0', '0');
INSERT INTO gossip_menu (`MenuID`, `TextID`) VALUES ('3281', '1872389');
INSERT INTO gossip_menu_option (`MenuID`, `OptionID`, `OptionIcon`, `OptionText`, `OptionBroadcastTextID`, `OptionType`, `OptionNpcFlag`, `ActionMenuID`, `ActionPoiID`, `BoxCoded`, `BoxMoney`, `BoxText`, `BoxBroadcastTextID`) VALUES ('3285', '1', '0', 'The wind rider master', '6720', '1', '1', '3281', NULL, '0', '0', '', NULL);
INSERT INTO gossip_text (`ID`, `comment`, `text0_0`, `text0_1`, `BroadcastTextID0`, `lang0`, `Probability0`, `em0_0`, `em0_1`, `em0_2`, `em0_3`, `em0_4`, `em0_5`, `text1_0`, `text1_1`, `BroadcastTextID1`, `lang1`, `Probability1`, `em1_0`, `em1_1`, `em1_2`, `em1_3`, `em1_4`, `em1_5`, `text2_0`, `text2_1`, `BroadcastTextID2`, `lang2`, `Probability2`, `em2_0`, `em2_1`, `em2_2`, `em2_3`, `em2_4`, `em2_5`, `text3_0`, `text3_1`, `BroadcastTextID3`, `lang3`, `Probability3`, `em3_0`, `em3_1`, `em3_2`, `em3_3`, `em3_4`, `em3_5`, `text4_0`, `text4_1`, `BroadcastTextID4`, `lang4`, `Probability4`, `em4_0`, `em4_1`, `em4_2`, `em4_3`, `em4_4`, `em4_5`, `text5_0`, `text5_1`, `BroadcastTextID5`, `lang5`, `Probability5`, `em5_0`, `em5_1`, `em5_2`, `em5_3`, `em5_4`, `em5_5`, `text6_0`, `text6_1`, `BroadcastTextID6`, `lang6`, `Probability6`, `em6_0`, `em6_1`, `em6_2`, `em6_3`, `em6_4`, `em6_5`, `text7_0`, `text7_1`, `BroadcastTextID7`, `lang7`, `Probability7`, `em7_0`, `em7_1`, `em7_2`, `em7_3`, `em7_4`, `em7_5`) VALUES ('1872390', 'Imported from TC', 'I could use a drink and some rest myself.  You\'ll find it right in the northwest corner of Razor Hill.  Say hi to Innkeeper Grosk for me.', 'I could use a drink and some rest myself.  You\'ll find it right in the northwest corner of Razor Hill.  Say hi to Innkeeper Grosk for me.', '6600', '1', '80', '0', '0', '0', '0', '0', '0', 'It\'s the big building in Razor Hill that\'s not the barracks.  Just talk to Innkeeper Grosk inside.  Got that?', 'It\'s the big building in Razor Hill that\'s not the barracks.  Just talk to Innkeeper Grosk inside.  Got that?', '6601', '1', '20', '0', '0', '0', '0', '0', '0', '', '', NULL, '0', '0', '0', '0', '0', '0', '0', '0', '', '', NULL, '0', '0', '0', '0', '0', '0', '0', '0', '', '', NULL, '0', '0', '0', '0', '0', '0', '0', '0', '', '', NULL, '0', '0', '0', '0', '0', '0', '0', '0', '', '', NULL, '0', '0', '0', '0', '0', '0', '0', '0', '', '', NULL, '0', '0', '0', '0', '0', '0', '0', '0');
INSERT INTO gossip_menu (`MenuID`, `TextID`) VALUES ('3282', '1872390');
INSERT INTO points_of_interest (`ID`, `PositionX`, `PositionY`, `Icon`, `Flags`, `Importance`, `Name`, `VerifiedBuild`) VALUES ('403', '338.709', '-4688.87', '6', '99', '0', 'Razor Hill Inn', '0');
INSERT INTO gossip_menu_option (`MenuID`, `OptionID`, `OptionIcon`, `OptionText`, `OptionBroadcastTextID`, `OptionType`, `OptionNpcFlag`, `ActionMenuID`, `ActionPoiID`, `BoxCoded`, `BoxMoney`, `BoxText`, `BoxBroadcastTextID`) VALUES ('3285', '2', '0', 'The inn', '7075', '1', '1', '3282', '403', '0', '0', '', NULL);
INSERT INTO gossip_text (`ID`, `comment`, `text0_0`, `text0_1`, `BroadcastTextID0`, `lang0`, `Probability0`, `em0_0`, `em0_1`, `em0_2`, `em0_3`, `em0_4`, `em0_5`, `text1_0`, `text1_1`, `BroadcastTextID1`, `lang1`, `Probability1`, `em1_0`, `em1_1`, `em1_2`, `em1_3`, `em1_4`, `em1_5`, `text2_0`, `text2_1`, `BroadcastTextID2`, `lang2`, `Probability2`, `em2_0`, `em2_1`, `em2_2`, `em2_3`, `em2_4`, `em2_5`, `text3_0`, `text3_1`, `BroadcastTextID3`, `lang3`, `Probability3`, `em3_0`, `em3_1`, `em3_2`, `em3_3`, `em3_4`, `em3_5`, `text4_0`, `text4_1`, `BroadcastTextID4`, `lang4`, `Probability4`, `em4_0`, `em4_1`, `em4_2`, `em4_3`, `em4_4`, `em4_5`, `text5_0`, `text5_1`, `BroadcastTextID5`, `lang5`, `Probability5`, `em5_0`, `em5_1`, `em5_2`, `em5_3`, `em5_4`, `em5_5`, `text6_0`, `text6_1`, `BroadcastTextID6`, `lang6`, `Probability6`, `em6_0`, `em6_1`, `em6_2`, `em6_3`, `em6_4`, `em6_5`, `text7_0`, `text7_1`, `BroadcastTextID7`, `lang7`, `Probability7`, `em7_0`, `em7_1`, `em7_2`, `em7_3`, `em7_4`, `em7_5`) VALUES ('1872391', 'Imported from TC', 'Shoja\'my is over in front of the inn.  Now move along, I\'m busy.', 'Shoja\'my is over in front of the inn.  Now move along, I\'m busy.', '8506', '1', '80', '0', '0', '0', '0', '0', '0', 'Pets to take care of?  Just make sure you clean up after it!  Look for Shoja\'my in front of the inn.', 'Pets to take care of?  Just make sure you clean up after it!  Look for Shoja\'my in front of the inn.', '8507', '1', '20', '0', '0', '0', '0', '0', '0', '', '', NULL, '0', '0', '0', '0', '0', '0', '0', '0', '', '', NULL, '0', '0', '0', '0', '0', '0', '0', '0', '', '', NULL, '0', '0', '0', '0', '0', '0', '0', '0', '', '', NULL, '0', '0', '0', '0', '0', '0', '0', '0', '', '', NULL, '0', '0', '0', '0', '0', '0', '0', '0', '', '', NULL, '0', '0', '0', '0', '0', '0', '0', '0');
INSERT INTO gossip_menu (`MenuID`, `TextID`) VALUES ('4901', '1872391');
INSERT INTO points_of_interest (`ID`, `PositionX`, `PositionY`, `Icon`, `Flags`, `Importance`, `Name`, `VerifiedBuild`) VALUES ('404', '330.313', '-4710.67', '6', '99', '0', 'Shoja\'my', '0');
INSERT INTO gossip_menu_option (`MenuID`, `OptionID`, `OptionIcon`, `OptionText`, `OptionBroadcastTextID`, `OptionType`, `OptionNpcFlag`, `ActionMenuID`, `ActionPoiID`, `BoxCoded`, `BoxMoney`, `BoxText`, `BoxBroadcastTextID`) VALUES ('3285', '3', '0', 'The stable master', '8521', '1', '1', '4901', '404', '0', '0', '', NULL);
INSERT INTO gossip_text (`ID`, `comment`, `text0_0`, `text0_1`, `BroadcastTextID0`, `lang0`, `Probability0`, `em0_0`, `em0_1`, `em0_2`, `em0_3`, `em0_4`, `em0_5`, `text1_0`, `text1_1`, `BroadcastTextID1`, `lang1`, `Probability1`, `em1_0`, `em1_1`, `em1_2`, `em1_3`, `em1_4`, `em1_5`, `text2_0`, `text2_1`, `BroadcastTextID2`, `lang2`, `Probability2`, `em2_0`, `em2_1`, `em2_2`, `em2_3`, `em2_4`, `em2_5`, `text3_0`, `text3_1`, `BroadcastTextID3`, `lang3`, `Probability3`, `em3_0`, `em3_1`, `em3_2`, `em3_3`, `em3_4`, `em3_5`, `text4_0`, `text4_1`, `BroadcastTextID4`, `lang4`, `Probability4`, `em4_0`, `em4_1`, `em4_2`, `em4_3`, `em4_4`, `em4_5`, `text5_0`, `text5_1`, `BroadcastTextID5`, `lang5`, `Probability5`, `em5_0`, `em5_1`, `em5_2`, `em5_3`, `em5_4`, `em5_5`, `text6_0`, `text6_1`, `BroadcastTextID6`, `lang6`, `Probability6`, `em6_0`, `em6_1`, `em6_2`, `em6_3`, `em6_4`, `em6_5`, `text7_0`, `text7_1`, `BroadcastTextID7`, `lang7`, `Probability7`, `em7_0`, `em7_1`, `em7_2`, `em7_3`, `em7_4`, `em7_5`) VALUES ('1872392', 'Imported from TC', 'Which trainer do you seek?', 'Which trainer do you seek?', '6769', '1', '100', '0', '0', '0', '0', '0', '0', '', '', NULL, '0', '0', '0', '0', '0', '0', '0', '0', '', '', NULL, '0', '0', '0', '0', '0', '0', '0', '0', '', '', NULL, '0', '0', '0', '0', '0', '0', '0', '0', '', '', NULL, '0', '0', '0', '0', '0', '0', '0', '0', '', '', NULL, '0', '0', '0', '0', '0', '0', '0', '0', '', '', NULL, '0', '0', '0', '0', '0', '0', '0', '0', '', '', NULL, '0', '0', '0', '0', '0', '0', '0', '0');
INSERT INTO gossip_menu (`MenuID`, `TextID`) VALUES ('3283', '1872392');
INSERT INTO gossip_text (`ID`, `comment`, `text0_0`, `text0_1`, `BroadcastTextID0`, `lang0`, `Probability0`, `em0_0`, `em0_1`, `em0_2`, `em0_3`, `em0_4`, `em0_5`, `text1_0`, `text1_1`, `BroadcastTextID1`, `lang1`, `Probability1`, `em1_0`, `em1_1`, `em1_2`, `em1_3`, `em1_4`, `em1_5`, `text2_0`, `text2_1`, `BroadcastTextID2`, `lang2`, `Probability2`, `em2_0`, `em2_1`, `em2_2`, `em2_3`, `em2_4`, `em2_5`, `text3_0`, `text3_1`, `BroadcastTextID3`, `lang3`, `Probability3`, `em3_0`, `em3_1`, `em3_2`, `em3_3`, `em3_4`, `em3_5`, `text4_0`, `text4_1`, `BroadcastTextID4`, `lang4`, `Probability4`, `em4_0`, `em4_1`, `em4_2`, `em4_3`, `em4_4`, `em4_5`, `text5_0`, `text5_1`, `BroadcastTextID5`, `lang5`, `Probability5`, `em5_0`, `em5_1`, `em5_2`, `em5_3`, `em5_4`, `em5_5`, `text6_0`, `text6_1`, `BroadcastTextID6`, `lang6`, `Probability6`, `em6_0`, `em6_1`, `em6_2`, `em6_3`, `em6_4`, `em6_5`, `text7_0`, `text7_1`, `BroadcastTextID7`, `lang7`, `Probability7`, `em7_0`, `em7_1`, `em7_2`, `em7_3`, `em7_4`, `em7_5`) VALUES ('1872393', 'Imported from TC', 'The Hunter Trainer\'s name is Thotar.  Seek him out inside the burrow on the southwest corner of Razor Hill.', 'The Hunter Trainer\'s name is Thotar.  Seek him out inside the burrow on the southwest corner of Razor Hill.', '6556', '1', '80', '0', '0', '0', '0', '0', '0', 'You\'re a hunter?  Well anyway, you\'ll find Thotar hiding from the sun inside the burrow at the southwest corner of town.', 'You\'re a hunter?  Well anyway, you\'ll find Thotar hiding from the sun inside the burrow at the southwest corner of town.', '6557', '1', '20', '0', '0', '0', '0', '0', '0', '', '', NULL, '0', '0', '0', '0', '0', '0', '0', '0', '', '', NULL, '0', '0', '0', '0', '0', '0', '0', '0', '', '', NULL, '0', '0', '0', '0', '0', '0', '0', '0', '', '', NULL, '0', '0', '0', '0', '0', '0', '0', '0', '', '', NULL, '0', '0', '0', '0', '0', '0', '0', '0', '', '', NULL, '0', '0', '0', '0', '0', '0', '0', '0');
INSERT INTO gossip_menu (`MenuID`, `TextID`) VALUES ('3261', '1872393');
INSERT INTO points_of_interest (`ID`, `PositionX`, `PositionY`, `Icon`, `Flags`, `Importance`, `Name`, `VerifiedBuild`) VALUES ('405', '276.067', '-4706.73', '6', '99', '0', 'Thotar', '0');
INSERT INTO gossip_menu_option (`MenuID`, `OptionID`, `OptionIcon`, `OptionText`, `OptionBroadcastTextID`, `OptionType`, `OptionNpcFlag`, `ActionMenuID`, `ActionPoiID`, `BoxCoded`, `BoxMoney`, `BoxText`, `BoxBroadcastTextID`) VALUES ('3283', '0', '0', 'Hunter', '50546', '1', '1', '3261', '405', '0', '0', '', NULL);
INSERT INTO gossip_text (`ID`, `comment`, `text0_0`, `text0_1`, `BroadcastTextID0`, `lang0`, `Probability0`, `em0_0`, `em0_1`, `em0_2`, `em0_3`, `em0_4`, `em0_5`, `text1_0`, `text1_1`, `BroadcastTextID1`, `lang1`, `Probability1`, `em1_0`, `em1_1`, `em1_2`, `em1_3`, `em1_4`, `em1_5`, `text2_0`, `text2_1`, `BroadcastTextID2`, `lang2`, `Probability2`, `em2_0`, `em2_1`, `em2_2`, `em2_3`, `em2_4`, `em2_5`, `text3_0`, `text3_1`, `BroadcastTextID3`, `lang3`, `Probability3`, `em3_0`, `em3_1`, `em3_2`, `em3_3`, `em3_4`, `em3_5`, `text4_0`, `text4_1`, `BroadcastTextID4`, `lang4`, `Probability4`, `em4_0`, `em4_1`, `em4_2`, `em4_3`, `em4_4`, `em4_5`, `text5_0`, `text5_1`, `BroadcastTextID5`, `lang5`, `Probability5`, `em5_0`, `em5_1`, `em5_2`, `em5_3`, `em5_4`, `em5_5`, `text6_0`, `text6_1`, `BroadcastTextID6`, `lang6`, `Probability6`, `em6_0`, `em6_1`, `em6_2`, `em6_3`, `em6_4`, `em6_5`, `text7_0`, `text7_1`, `BroadcastTextID7`, `lang7`, `Probability7`, `em7_0`, `em7_1`, `em7_2`, `em7_3`, `em7_4`, `em7_5`) VALUES ('1872394', 'Imported from TC', 'Speak with Un\'Thuwa to the south in Sen\'jin Village.', 'Speak with Un\'Thuwa to the south in Sen\'jin Village.', '6558', '1', '80', '0', '0', '0', '0', '0', '0', 'That\'s troll business.  Look for Un\'Thuwa in Sen\'jin Village down south.', 'That\'s troll business.  Look for Un\'Thuwa in Sen\'jin Village down south.', '6559', '1', '20', '0', '0', '0', '0', '0', '0', '', '', NULL, '0', '0', '0', '0', '0', '0', '0', '0', '', '', NULL, '0', '0', '0', '0', '0', '0', '0', '0', '', '', NULL, '0', '0', '0', '0', '0', '0', '0', '0', '', '', NULL, '0', '0', '0', '0', '0', '0', '0', '0', '', '', NULL, '0', '0', '0', '0', '0', '0', '0', '0', '', '', NULL, '0', '0', '0', '0', '0', '0', '0', '0');
INSERT INTO gossip_menu (`MenuID`, `TextID`) VALUES ('3262', '1872394');
INSERT INTO points_of_interest (`ID`, `PositionX`, `PositionY`, `Icon`, `Flags`, `Importance`, `Name`, `VerifiedBuild`) VALUES ('406', '-839.33', '-4935.61', '6', '99', '0', 'Un\'Thuwa', '0');
INSERT INTO gossip_menu_option (`MenuID`, `OptionID`, `OptionIcon`, `OptionText`, `OptionBroadcastTextID`, `OptionType`, `OptionNpcFlag`, `ActionMenuID`, `ActionPoiID`, `BoxCoded`, `BoxMoney`, `BoxText`, `BoxBroadcastTextID`) VALUES ('3283', '1', '0', 'Mage', '45404', '1', '1', '3262', '406', '0', '0', '', NULL);
INSERT INTO gossip_text (`ID`, `comment`, `text0_0`, `text0_1`, `BroadcastTextID0`, `lang0`, `Probability0`, `em0_0`, `em0_1`, `em0_2`, `em0_3`, `em0_4`, `em0_5`, `text1_0`, `text1_1`, `BroadcastTextID1`, `lang1`, `Probability1`, `em1_0`, `em1_1`, `em1_2`, `em1_3`, `em1_4`, `em1_5`, `text2_0`, `text2_1`, `BroadcastTextID2`, `lang2`, `Probability2`, `em2_0`, `em2_1`, `em2_2`, `em2_3`, `em2_4`, `em2_5`, `text3_0`, `text3_1`, `BroadcastTextID3`, `lang3`, `Probability3`, `em3_0`, `em3_1`, `em3_2`, `em3_3`, `em3_4`, `em3_5`, `text4_0`, `text4_1`, `BroadcastTextID4`, `lang4`, `Probability4`, `em4_0`, `em4_1`, `em4_2`, `em4_3`, `em4_4`, `em4_5`, `text5_0`, `text5_1`, `BroadcastTextID5`, `lang5`, `Probability5`, `em5_0`, `em5_1`, `em5_2`, `em5_3`, `em5_4`, `em5_5`, `text6_0`, `text6_1`, `BroadcastTextID6`, `lang6`, `Probability6`, `em6_0`, `em6_1`, `em6_2`, `em6_3`, `em6_4`, `em6_5`, `text7_0`, `text7_1`, `BroadcastTextID7`, `lang7`, `Probability7`, `em7_0`, `em7_1`, `em7_2`, `em7_3`, `em7_4`, `em7_5`) VALUES ('1872395', 'Imported from TC', 'You\'re looking for Tai\'jin.  Find her in the barracks on the east side of town.', 'You\'re looking for Tai\'jin.  Find her in the barracks on the east side of town.', '6560', '1', '80', '0', '0', '0', '0', '0', '0', 'Tai\'jin is her name and you\'ll find her inside the barracks on the east side of Razor Hill.  She\'ll teach you to respect the gods.  Make certain that you show her the proper respect in return!', 'Tai\'jin is her name and you\'ll find her inside the barracks on the east side of Razor Hill.  She\'ll teach you to respect the gods.  Make certain that you show her the proper respect in return!', '6561', '1', '20', '0', '0', '0', '0', '0', '0', '', '', NULL, '0', '0', '0', '0', '0', '0', '0', '0', '', '', NULL, '0', '0', '0', '0', '0', '0', '0', '0', '', '', NULL, '0', '0', '0', '0', '0', '0', '0', '0', '', '', NULL, '0', '0', '0', '0', '0', '0', '0', '0', '', '', NULL, '0', '0', '0', '0', '0', '0', '0', '0', '', '', NULL, '0', '0', '0', '0', '0', '0', '0', '0');
INSERT INTO gossip_menu (`MenuID`, `TextID`) VALUES ('3263', '1872395');
INSERT INTO points_of_interest (`ID`, `PositionX`, `PositionY`, `Icon`, `Flags`, `Importance`, `Name`, `VerifiedBuild`) VALUES ('407', '296.225', '-4828.11', '6', '99', '0', 'Tai\'jin', '0');
INSERT INTO gossip_menu_option (`MenuID`, `OptionID`, `OptionIcon`, `OptionText`, `OptionBroadcastTextID`, `OptionType`, `OptionNpcFlag`, `ActionMenuID`, `ActionPoiID`, `BoxCoded`, `BoxMoney`, `BoxText`, `BoxBroadcastTextID`) VALUES ('3283', '2', '0', 'Priest', '45405', '1', '1', '3263', '407', '0', '0', '', NULL);
INSERT INTO gossip_text (`ID`, `comment`, `text0_0`, `text0_1`, `BroadcastTextID0`, `lang0`, `Probability0`, `em0_0`, `em0_1`, `em0_2`, `em0_3`, `em0_4`, `em0_5`, `text1_0`, `text1_1`, `BroadcastTextID1`, `lang1`, `Probability1`, `em1_0`, `em1_1`, `em1_2`, `em1_3`, `em1_4`, `em1_5`, `text2_0`, `text2_1`, `BroadcastTextID2`, `lang2`, `Probability2`, `em2_0`, `em2_1`, `em2_2`, `em2_3`, `em2_4`, `em2_5`, `text3_0`, `text3_1`, `BroadcastTextID3`, `lang3`, `Probability3`, `em3_0`, `em3_1`, `em3_2`, `em3_3`, `em3_4`, `em3_5`, `text4_0`, `text4_1`, `BroadcastTextID4`, `lang4`, `Probability4`, `em4_0`, `em4_1`, `em4_2`, `em4_3`, `em4_4`, `em4_5`, `text5_0`, `text5_1`, `BroadcastTextID5`, `lang5`, `Probability5`, `em5_0`, `em5_1`, `em5_2`, `em5_3`, `em5_4`, `em5_5`, `text6_0`, `text6_1`, `BroadcastTextID6`, `lang6`, `Probability6`, `em6_0`, `em6_1`, `em6_2`, `em6_3`, `em6_4`, `em6_5`, `text7_0`, `text7_1`, `BroadcastTextID7`, `lang7`, `Probability7`, `em7_0`, `em7_1`, `em7_2`, `em7_3`, `em7_4`, `em7_5`) VALUES ('1872396', 'Imported from TC', 'Find Kaplak on top of the burrow in the southwest section of town.', 'Find Kaplak on top of the burrow in the southwest section of town.', '6562', '1', '80', '0', '0', '0', '0', '0', '0', 'Why would you want to talk to Kaplak?  Nevermind.  Look for him on top of the burrow in the southwest corner of Razor Hill.  Just make sure that you keep your hands in your own pockets!', 'Why would you want to talk to Kaplak?  Nevermind.  Look for him on top of the burrow in the southwest corner of Razor Hill.  Just make sure that you keep your hands in your own pockets!', '6563', '1', '20', '0', '0', '0', '0', '0', '0', '', '', NULL, '0', '0', '0', '0', '0', '0', '0', '0', '', '', NULL, '0', '0', '0', '0', '0', '0', '0', '0', '', '', NULL, '0', '0', '0', '0', '0', '0', '0', '0', '', '', NULL, '0', '0', '0', '0', '0', '0', '0', '0', '', '', NULL, '0', '0', '0', '0', '0', '0', '0', '0', '', '', NULL, '0', '0', '0', '0', '0', '0', '0', '0');
INSERT INTO gossip_menu (`MenuID`, `TextID`) VALUES ('3264', '1872396');
INSERT INTO points_of_interest (`ID`, `PositionX`, `PositionY`, `Icon`, `Flags`, `Importance`, `Name`, `VerifiedBuild`) VALUES ('408', '265.765', '-4709.01', '6', '99', '0', 'Kaplak', '0');
INSERT INTO gossip_menu_option (`MenuID`, `OptionID`, `OptionIcon`, `OptionText`, `OptionBroadcastTextID`, `OptionType`, `OptionNpcFlag`, `ActionMenuID`, `ActionPoiID`, `BoxCoded`, `BoxMoney`, `BoxText`, `BoxBroadcastTextID`) VALUES ('3283', '3', '0', 'Rogue', '45406', '1', '1', '3264', '408', '0', '0', '', NULL);
INSERT INTO gossip_text (`ID`, `comment`, `text0_0`, `text0_1`, `BroadcastTextID0`, `lang0`, `Probability0`, `em0_0`, `em0_1`, `em0_2`, `em0_3`, `em0_4`, `em0_5`, `text1_0`, `text1_1`, `BroadcastTextID1`, `lang1`, `Probability1`, `em1_0`, `em1_1`, `em1_2`, `em1_3`, `em1_4`, `em1_5`, `text2_0`, `text2_1`, `BroadcastTextID2`, `lang2`, `Probability2`, `em2_0`, `em2_1`, `em2_2`, `em2_3`, `em2_4`, `em2_5`, `text3_0`, `text3_1`, `BroadcastTextID3`, `lang3`, `Probability3`, `em3_0`, `em3_1`, `em3_2`, `em3_3`, `em3_4`, `em3_5`, `text4_0`, `text4_1`, `BroadcastTextID4`, `lang4`, `Probability4`, `em4_0`, `em4_1`, `em4_2`, `em4_3`, `em4_4`, `em4_5`, `text5_0`, `text5_1`, `BroadcastTextID5`, `lang5`, `Probability5`, `em5_0`, `em5_1`, `em5_2`, `em5_3`, `em5_4`, `em5_5`, `text6_0`, `text6_1`, `BroadcastTextID6`, `lang6`, `Probability6`, `em6_0`, `em6_1`, `em6_2`, `em6_3`, `em6_4`, `em6_5`, `text7_0`, `text7_1`, `BroadcastTextID7`, `lang7`, `Probability7`, `em7_0`, `em7_1`, `em7_2`, `em7_3`, `em7_4`, `em7_5`) VALUES ('1872397', 'Imported from TC', 'You need to find Swart.  Look for him inside the barracks on the east side of Razor Hill.', 'You need to find Swart.  Look for him inside the barracks on the east side of Razor Hill.', '6564', '1', '80', '0', '0', '0', '0', '0', '0', 'The Warchief brings change that will bring the Horde victory!  Look for Swart inside the barracks on the east side of town.', 'The Warchief brings change that will bring the Horde victory!  Look for Swart inside the barracks on the east side of town.', '6565', '1', '20', '0', '0', '0', '0', '0', '0', '', '', NULL, '0', '0', '0', '0', '0', '0', '0', '0', '', '', NULL, '0', '0', '0', '0', '0', '0', '0', '0', '', '', NULL, '0', '0', '0', '0', '0', '0', '0', '0', '', '', NULL, '0', '0', '0', '0', '0', '0', '0', '0', '', '', NULL, '0', '0', '0', '0', '0', '0', '0', '0', '', '', NULL, '0', '0', '0', '0', '0', '0', '0', '0');
INSERT INTO gossip_menu (`MenuID`, `TextID`) VALUES ('3265', '1872397');
INSERT INTO points_of_interest (`ID`, `PositionX`, `PositionY`, `Icon`, `Flags`, `Importance`, `Name`, `VerifiedBuild`) VALUES ('409', '307.797', '-4836.97', '6', '99', '0', 'Swart', '0');
INSERT INTO gossip_menu_option (`MenuID`, `OptionID`, `OptionIcon`, `OptionText`, `OptionBroadcastTextID`, `OptionType`, `OptionNpcFlag`, `ActionMenuID`, `ActionPoiID`, `BoxCoded`, `BoxMoney`, `BoxText`, `BoxBroadcastTextID`) VALUES ('3283', '4', '0', 'Shaman', '45410', '1', '1', '3265', '409', '0', '0', '', NULL);
INSERT INTO gossip_text (`ID`, `comment`, `text0_0`, `text0_1`, `BroadcastTextID0`, `lang0`, `Probability0`, `em0_0`, `em0_1`, `em0_2`, `em0_3`, `em0_4`, `em0_5`, `text1_0`, `text1_1`, `BroadcastTextID1`, `lang1`, `Probability1`, `em1_0`, `em1_1`, `em1_2`, `em1_3`, `em1_4`, `em1_5`, `text2_0`, `text2_1`, `BroadcastTextID2`, `lang2`, `Probability2`, `em2_0`, `em2_1`, `em2_2`, `em2_3`, `em2_4`, `em2_5`, `text3_0`, `text3_1`, `BroadcastTextID3`, `lang3`, `Probability3`, `em3_0`, `em3_1`, `em3_2`, `em3_3`, `em3_4`, `em3_5`, `text4_0`, `text4_1`, `BroadcastTextID4`, `lang4`, `Probability4`, `em4_0`, `em4_1`, `em4_2`, `em4_3`, `em4_4`, `em4_5`, `text5_0`, `text5_1`, `BroadcastTextID5`, `lang5`, `Probability5`, `em5_0`, `em5_1`, `em5_2`, `em5_3`, `em5_4`, `em5_5`, `text6_0`, `text6_1`, `BroadcastTextID6`, `lang6`, `Probability6`, `em6_0`, `em6_1`, `em6_2`, `em6_3`, `em6_4`, `em6_5`, `text7_0`, `text7_1`, `BroadcastTextID7`, `lang7`, `Probability7`, `em7_0`, `em7_1`, `em7_2`, `em7_3`, `em7_4`, `em7_5`) VALUES ('1872398', 'Imported from TC', 'On the east side of Razor Hill, behind the barracks is where you will find Dhugru Gorelust.', 'On the east side of Razor Hill, behind the barracks is where you will find Dhugru Gorelust.', '6566', '1', '80', '0', '0', '0', '0', '0', '0', 'Dhugru Gorelust is hiding behind the barracks on the east side of town.  Don\'t let me find out that you\'re in league with the Burning Legion!', 'Dhugru Gorelust is hiding behind the barracks on the east side of town.  Don\'t let me find out that you\'re in league with the Burning Legion!', '6567', '1', '20', '0', '0', '0', '0', '0', '0', '', '', NULL, '0', '0', '0', '0', '0', '0', '0', '0', '', '', NULL, '0', '0', '0', '0', '0', '0', '0', '0', '', '', NULL, '0', '0', '0', '0', '0', '0', '0', '0', '', '', NULL, '0', '0', '0', '0', '0', '0', '0', '0', '', '', NULL, '0', '0', '0', '0', '0', '0', '0', '0', '', '', NULL, '0', '0', '0', '0', '0', '0', '0', '0');
INSERT INTO gossip_menu (`MenuID`, `TextID`) VALUES ('3266', '1872398');
INSERT INTO points_of_interest (`ID`, `PositionX`, `PositionY`, `Icon`, `Flags`, `Importance`, `Name`, `VerifiedBuild`) VALUES ('410', '355.88', '-4836.46', '6', '99', '0', 'Dhugru Gorelust', '0');
INSERT INTO gossip_menu_option (`MenuID`, `OptionID`, `OptionIcon`, `OptionText`, `OptionBroadcastTextID`, `OptionType`, `OptionNpcFlag`, `ActionMenuID`, `ActionPoiID`, `BoxCoded`, `BoxMoney`, `BoxText`, `BoxBroadcastTextID`) VALUES ('3283', '5', '0', 'Warlock', '45407', '1', '1', '3266', '410', '0', '0', '', NULL);
INSERT INTO gossip_text (`ID`, `comment`, `text0_0`, `text0_1`, `BroadcastTextID0`, `lang0`, `Probability0`, `em0_0`, `em0_1`, `em0_2`, `em0_3`, `em0_4`, `em0_5`, `text1_0`, `text1_1`, `BroadcastTextID1`, `lang1`, `Probability1`, `em1_0`, `em1_1`, `em1_2`, `em1_3`, `em1_4`, `em1_5`, `text2_0`, `text2_1`, `BroadcastTextID2`, `lang2`, `Probability2`, `em2_0`, `em2_1`, `em2_2`, `em2_3`, `em2_4`, `em2_5`, `text3_0`, `text3_1`, `BroadcastTextID3`, `lang3`, `Probability3`, `em3_0`, `em3_1`, `em3_2`, `em3_3`, `em3_4`, `em3_5`, `text4_0`, `text4_1`, `BroadcastTextID4`, `lang4`, `Probability4`, `em4_0`, `em4_1`, `em4_2`, `em4_3`, `em4_4`, `em4_5`, `text5_0`, `text5_1`, `BroadcastTextID5`, `lang5`, `Probability5`, `em5_0`, `em5_1`, `em5_2`, `em5_3`, `em5_4`, `em5_5`, `text6_0`, `text6_1`, `BroadcastTextID6`, `lang6`, `Probability6`, `em6_0`, `em6_1`, `em6_2`, `em6_3`, `em6_4`, `em6_5`, `text7_0`, `text7_1`, `BroadcastTextID7`, `lang7`, `Probability7`, `em7_0`, `em7_1`, `em7_2`, `em7_3`, `em7_4`, `em7_5`) VALUES ('1872399', 'Imported from TC', 'Look for Tarshaw Jaggedscar in the barracks on the east side of town.', 'Look for Tarshaw Jaggedscar in the barracks on the east side of town.', '6568', '1', '80', '0', '0', '0', '0', '0', '0', 'Find Tarshaw Jaggedscar inside the barracks on the east side of Razor Hill.  Bring pride and honor to the Horde youngling!', 'Find Tarshaw Jaggedscar inside the barracks on the east side of Razor Hill.  Bring pride and honor to the Horde youngling!', '6569', '1', '20', '0', '0', '0', '0', '0', '0', '', '', NULL, '0', '0', '0', '0', '0', '0', '0', '0', '', '', NULL, '0', '0', '0', '0', '0', '0', '0', '0', '', '', NULL, '0', '0', '0', '0', '0', '0', '0', '0', '', '', NULL, '0', '0', '0', '0', '0', '0', '0', '0', '', '', NULL, '0', '0', '0', '0', '0', '0', '0', '0', '', '', NULL, '0', '0', '0', '0', '0', '0', '0', '0');
INSERT INTO gossip_menu (`MenuID`, `TextID`) VALUES ('3267', '1872399');
INSERT INTO points_of_interest (`ID`, `PositionX`, `PositionY`, `Icon`, `Flags`, `Importance`, `Name`, `VerifiedBuild`) VALUES ('411', '312.308', '-4824.66', '6', '99', '0', 'Tarshaw Jaggedscar', '0');
INSERT INTO gossip_menu_option (`MenuID`, `OptionID`, `OptionIcon`, `OptionText`, `OptionBroadcastTextID`, `OptionType`, `OptionNpcFlag`, `ActionMenuID`, `ActionPoiID`, `BoxCoded`, `BoxMoney`, `BoxText`, `BoxBroadcastTextID`) VALUES ('3283', '6', '0', 'Warrior', '45408', '1', '1', '3267', '411', '0', '0', '', NULL);
INSERT INTO gossip_menu_option (`MenuID`, `OptionID`, `OptionIcon`, `OptionText`, `OptionBroadcastTextID`, `OptionType`, `OptionNpcFlag`, `ActionMenuID`, `ActionPoiID`, `BoxCoded`, `BoxMoney`, `BoxText`, `BoxBroadcastTextID`) VALUES ('3285', '4', '0', 'A class trainer', '6792', '1', '1', '3283', NULL, '0', '0', '', NULL);
INSERT INTO gossip_text (`ID`, `comment`, `text0_0`, `text0_1`, `BroadcastTextID0`, `lang0`, `Probability0`, `em0_0`, `em0_1`, `em0_2`, `em0_3`, `em0_4`, `em0_5`, `text1_0`, `text1_1`, `BroadcastTextID1`, `lang1`, `Probability1`, `em1_0`, `em1_1`, `em1_2`, `em1_3`, `em1_4`, `em1_5`, `text2_0`, `text2_1`, `BroadcastTextID2`, `lang2`, `Probability2`, `em2_0`, `em2_1`, `em2_2`, `em2_3`, `em2_4`, `em2_5`, `text3_0`, `text3_1`, `BroadcastTextID3`, `lang3`, `Probability3`, `em3_0`, `em3_1`, `em3_2`, `em3_3`, `em3_4`, `em3_5`, `text4_0`, `text4_1`, `BroadcastTextID4`, `lang4`, `Probability4`, `em4_0`, `em4_1`, `em4_2`, `em4_3`, `em4_4`, `em4_5`, `text5_0`, `text5_1`, `BroadcastTextID5`, `lang5`, `Probability5`, `em5_0`, `em5_1`, `em5_2`, `em5_3`, `em5_4`, `em5_5`, `text6_0`, `text6_1`, `BroadcastTextID6`, `lang6`, `Probability6`, `em6_0`, `em6_1`, `em6_2`, `em6_3`, `em6_4`, `em6_5`, `text7_0`, `text7_1`, `BroadcastTextID7`, `lang7`, `Probability7`, `em7_0`, `em7_1`, `em7_2`, `em7_3`, `em7_4`, `em7_5`) VALUES ('1872400', 'Imported from TC', 'Which profession?', 'Which profession?', '6775', '1', '100', '0', '0', '0', '0', '0', '0', '', '', NULL, '0', '0', '0', '0', '0', '0', '0', '0', '', '', NULL, '0', '0', '0', '0', '0', '0', '0', '0', '', '', NULL, '0', '0', '0', '0', '0', '0', '0', '0', '', '', NULL, '0', '0', '0', '0', '0', '0', '0', '0', '', '', NULL, '0', '0', '0', '0', '0', '0', '0', '0', '', '', NULL, '0', '0', '0', '0', '0', '0', '0', '0', '', '', NULL, '0', '0', '0', '0', '0', '0', '0', '0');
INSERT INTO gossip_menu (`MenuID`, `TextID`) VALUES ('3284', '1872400');
INSERT INTO gossip_text (`ID`, `comment`, `text0_0`, `text0_1`, `BroadcastTextID0`, `lang0`, `Probability0`, `em0_0`, `em0_1`, `em0_2`, `em0_3`, `em0_4`, `em0_5`, `text1_0`, `text1_1`, `BroadcastTextID1`, `lang1`, `Probability1`, `em1_0`, `em1_1`, `em1_2`, `em1_3`, `em1_4`, `em1_5`, `text2_0`, `text2_1`, `BroadcastTextID2`, `lang2`, `Probability2`, `em2_0`, `em2_1`, `em2_2`, `em2_3`, `em2_4`, `em2_5`, `text3_0`, `text3_1`, `BroadcastTextID3`, `lang3`, `Probability3`, `em3_0`, `em3_1`, `em3_2`, `em3_3`, `em3_4`, `em3_5`, `text4_0`, `text4_1`, `BroadcastTextID4`, `lang4`, `Probability4`, `em4_0`, `em4_1`, `em4_2`, `em4_3`, `em4_4`, `em4_5`, `text5_0`, `text5_1`, `BroadcastTextID5`, `lang5`, `Probability5`, `em5_0`, `em5_1`, `em5_2`, `em5_3`, `em5_4`, `em5_5`, `text6_0`, `text6_1`, `BroadcastTextID6`, `lang6`, `Probability6`, `em6_0`, `em6_1`, `em6_2`, `em6_3`, `em6_4`, `em6_5`, `text7_0`, `text7_1`, `BroadcastTextID7`, `lang7`, `Probability7`, `em7_0`, `em7_1`, `em7_2`, `em7_3`, `em7_4`, `em7_5`) VALUES ('1872401', 'Imported from TC', 'Seek out Miao\'zan in Sen\'jin Village to the south.', 'Seek out Miao\'zan in Sen\'jin Village to the south.', '6570', '1', '80', '0', '0', '0', '0', '0', '0', 'I hear that the trolls in Sen\'jin Village have a potion maker named Miao\'zan.  Look there.', 'I hear that the trolls in Sen\'jin Village have a potion maker named Miao\'zan.  Look there.', '6571', '1', '20', '0', '0', '0', '0', '0', '0', '', '', NULL, '0', '0', '0', '0', '0', '0', '0', '0', '', '', NULL, '0', '0', '0', '0', '0', '0', '0', '0', '', '', NULL, '0', '0', '0', '0', '0', '0', '0', '0', '', '', NULL, '0', '0', '0', '0', '0', '0', '0', '0', '', '', NULL, '0', '0', '0', '0', '0', '0', '0', '0', '', '', NULL, '0', '0', '0', '0', '0', '0', '0', '0');
INSERT INTO gossip_menu (`MenuID`, `TextID`) VALUES ('3268', '1872401');
INSERT INTO points_of_interest (`ID`, `PositionX`, `PositionY`, `Icon`, `Flags`, `Importance`, `Name`, `VerifiedBuild`) VALUES ('412', '-800.253', '-4894.34', '6', '99', '0', 'Miao\'zan', '0');
INSERT INTO gossip_menu_option (`MenuID`, `OptionID`, `OptionIcon`, `OptionText`, `OptionBroadcastTextID`, `OptionType`, `OptionNpcFlag`, `ActionMenuID`, `ActionPoiID`, `BoxCoded`, `BoxMoney`, `BoxText`, `BoxBroadcastTextID`) VALUES ('3284', '0', '0', 'Alchemy', '52058', '1', '1', '3268', '412', '0', '0', '', NULL);
INSERT INTO gossip_text (`ID`, `comment`, `text0_0`, `text0_1`, `BroadcastTextID0`, `lang0`, `Probability0`, `em0_0`, `em0_1`, `em0_2`, `em0_3`, `em0_4`, `em0_5`, `text1_0`, `text1_1`, `BroadcastTextID1`, `lang1`, `Probability1`, `em1_0`, `em1_1`, `em1_2`, `em1_3`, `em1_4`, `em1_5`, `text2_0`, `text2_1`, `BroadcastTextID2`, `lang2`, `Probability2`, `em2_0`, `em2_1`, `em2_2`, `em2_3`, `em2_4`, `em2_5`, `text3_0`, `text3_1`, `BroadcastTextID3`, `lang3`, `Probability3`, `em3_0`, `em3_1`, `em3_2`, `em3_3`, `em3_4`, `em3_5`, `text4_0`, `text4_1`, `BroadcastTextID4`, `lang4`, `Probability4`, `em4_0`, `em4_1`, `em4_2`, `em4_3`, `em4_4`, `em4_5`, `text5_0`, `text5_1`, `BroadcastTextID5`, `lang5`, `Probability5`, `em5_0`, `em5_1`, `em5_2`, `em5_3`, `em5_4`, `em5_5`, `text6_0`, `text6_1`, `BroadcastTextID6`, `lang6`, `Probability6`, `em6_0`, `em6_1`, `em6_2`, `em6_3`, `em6_4`, `em6_5`, `text7_0`, `text7_1`, `BroadcastTextID7`, `lang7`, `Probability7`, `em7_0`, `em7_1`, `em7_2`, `em7_3`, `em7_4`, `em7_5`) VALUES ('1872402', 'Imported from TC', 'That would be Dwukk.  Find him next to the heated forge at the northwest corner of town.', 'That would be Dwukk.  Find him next to the heated forge at the northwest corner of town.', '6572', '1', '80', '0', '0', '0', '0', '0', '0', 'If you think you have the strength to pound good metal into weapons and armor for the Horde look for Dwukk next to the heated forge in the northwest corner of Razor Hill.', 'If you think you have the strength to pound good metal into weapons and armor for the Horde look for Dwukk next to the heated forge in the northwest corner of Razor Hill.', '6573', '1', '20', '0', '0', '0', '0', '0', '0', '', '', NULL, '0', '0', '0', '0', '0', '0', '0', '0', '', '', NULL, '0', '0', '0', '0', '0', '0', '0', '0', '', '', NULL, '0', '0', '0', '0', '0', '0', '0', '0', '', '', NULL, '0', '0', '0', '0', '0', '0', '0', '0', '', '', NULL, '0', '0', '0', '0', '0', '0', '0', '0', '', '', NULL, '0', '0', '0', '0', '0', '0', '0', '0');
INSERT INTO gossip_menu (`MenuID`, `TextID`) VALUES ('3269', '1872402');
INSERT INTO points_of_interest (`ID`, `PositionX`, `PositionY`, `Icon`, `Flags`, `Importance`, `Name`, `VerifiedBuild`) VALUES ('413', '373.248', '-4716.45', '6', '99', '0', 'Dwukk', '0');
INSERT INTO gossip_menu_option (`MenuID`, `OptionID`, `OptionIcon`, `OptionText`, `OptionBroadcastTextID`, `OptionType`, `OptionNpcFlag`, `ActionMenuID`, `ActionPoiID`, `BoxCoded`, `BoxMoney`, `BoxText`, `BoxBroadcastTextID`) VALUES ('3284', '1', '0', 'Blacksmithing', '51346', '1', '1', '3269', '413', '0', '0', '', NULL);
INSERT INTO gossip_text (`ID`, `comment`, `text0_0`, `text0_1`, `BroadcastTextID0`, `lang0`, `Probability0`, `em0_0`, `em0_1`, `em0_2`, `em0_3`, `em0_4`, `em0_5`, `text1_0`, `text1_1`, `BroadcastTextID1`, `lang1`, `Probability1`, `em1_0`, `em1_1`, `em1_2`, `em1_3`, `em1_4`, `em1_5`, `text2_0`, `text2_1`, `BroadcastTextID2`, `lang2`, `Probability2`, `em2_0`, `em2_1`, `em2_2`, `em2_3`, `em2_4`, `em2_5`, `text3_0`, `text3_1`, `BroadcastTextID3`, `lang3`, `Probability3`, `em3_0`, `em3_1`, `em3_2`, `em3_3`, `em3_4`, `em3_5`, `text4_0`, `text4_1`, `BroadcastTextID4`, `lang4`, `Probability4`, `em4_0`, `em4_1`, `em4_2`, `em4_3`, `em4_4`, `em4_5`, `text5_0`, `text5_1`, `BroadcastTextID5`, `lang5`, `Probability5`, `em5_0`, `em5_1`, `em5_2`, `em5_3`, `em5_4`, `em5_5`, `text6_0`, `text6_1`, `BroadcastTextID6`, `lang6`, `Probability6`, `em6_0`, `em6_1`, `em6_2`, `em6_3`, `em6_4`, `em6_5`, `text7_0`, `text7_1`, `BroadcastTextID7`, `lang7`, `Probability7`, `em7_0`, `em7_1`, `em7_2`, `em7_3`, `em7_4`, `em7_5`) VALUES ('1872403', 'Imported from TC', 'Head north up the road to Orgrimmar.  You can ask one of the grunts there for directions to the Cooking Trainer.', 'Head north up the road to Orgrimmar.  You can ask one of the grunts there for directions to the Cooking Trainer.', '6574', '1', '80', '0', '0', '0', '0', '0', '0', 'Mmmmm food.  It\'s not too long of a run, but you need to head north to Orgrimmar and ask one of the grunts there.', 'Mmmmm food.  It\'s not too long of a run, but you need to head north to Orgrimmar and ask one of the grunts there.', '6575', '1', '20', '0', '0', '0', '0', '0', '0', '', '', NULL, '0', '0', '0', '0', '0', '0', '0', '0', '', '', NULL, '0', '0', '0', '0', '0', '0', '0', '0', '', '', NULL, '0', '0', '0', '0', '0', '0', '0', '0', '', '', NULL, '0', '0', '0', '0', '0', '0', '0', '0', '', '', NULL, '0', '0', '0', '0', '0', '0', '0', '0', '', '', NULL, '0', '0', '0', '0', '0', '0', '0', '0');
INSERT INTO gossip_menu (`MenuID`, `TextID`) VALUES ('3270', '1872403');
INSERT INTO gossip_menu_option (`MenuID`, `OptionID`, `OptionIcon`, `OptionText`, `OptionBroadcastTextID`, `OptionType`, `OptionNpcFlag`, `ActionMenuID`, `ActionPoiID`, `BoxCoded`, `BoxMoney`, `BoxText`, `BoxBroadcastTextID`) VALUES ('3284', '2', '0', 'Cooking', '45763', '1', '1', '3270', NULL, '0', '0', '', NULL);
INSERT INTO gossip_text (`ID`, `comment`, `text0_0`, `text0_1`, `BroadcastTextID0`, `lang0`, `Probability0`, `em0_0`, `em0_1`, `em0_2`, `em0_3`, `em0_4`, `em0_5`, `text1_0`, `text1_1`, `BroadcastTextID1`, `lang1`, `Probability1`, `em1_0`, `em1_1`, `em1_2`, `em1_3`, `em1_4`, `em1_5`, `text2_0`, `text2_1`, `BroadcastTextID2`, `lang2`, `Probability2`, `em2_0`, `em2_1`, `em2_2`, `em2_3`, `em2_4`, `em2_5`, `text3_0`, `text3_1`, `BroadcastTextID3`, `lang3`, `Probability3`, `em3_0`, `em3_1`, `em3_2`, `em3_3`, `em3_4`, `em3_5`, `text4_0`, `text4_1`, `BroadcastTextID4`, `lang4`, `Probability4`, `em4_0`, `em4_1`, `em4_2`, `em4_3`, `em4_4`, `em4_5`, `text5_0`, `text5_1`, `BroadcastTextID5`, `lang5`, `Probability5`, `em5_0`, `em5_1`, `em5_2`, `em5_3`, `em5_4`, `em5_5`, `text6_0`, `text6_1`, `BroadcastTextID6`, `lang6`, `Probability6`, `em6_0`, `em6_1`, `em6_2`, `em6_3`, `em6_4`, `em6_5`, `text7_0`, `text7_1`, `BroadcastTextID7`, `lang7`, `Probability7`, `em7_0`, `em7_1`, `em7_2`, `em7_3`, `em7_4`, `em7_5`) VALUES ('1872404', 'Imported from TC', 'There\'s one in Orgrimmar.  A grunt up there will know what directions to give you.  Just head north up the road here, you can\'t miss it.', 'There\'s one in Orgrimmar.  A grunt up there will know what directions to give you.  Just head north up the road here, you can\'t miss it.', '6576', '1', '80', '0', '0', '0', '0', '0', '0', 'I don\'t know of one of those around here.  Your best bet is to go to Orgrimmar to the north and speak to one of their grunts.', 'I don\'t know of one of those around here.  Your best bet is to go to Orgrimmar to the north and speak to one of their grunts.', '6577', '1', '20', '0', '0', '0', '0', '0', '0', '', '', NULL, '0', '0', '0', '0', '0', '0', '0', '0', '', '', NULL, '0', '0', '0', '0', '0', '0', '0', '0', '', '', NULL, '0', '0', '0', '0', '0', '0', '0', '0', '', '', NULL, '0', '0', '0', '0', '0', '0', '0', '0', '', '', NULL, '0', '0', '0', '0', '0', '0', '0', '0', '', '', NULL, '0', '0', '0', '0', '0', '0', '0', '0');
INSERT INTO gossip_menu (`MenuID`, `TextID`) VALUES ('3271', '1872404');
INSERT INTO gossip_menu_option (`MenuID`, `OptionID`, `OptionIcon`, `OptionText`, `OptionBroadcastTextID`, `OptionType`, `OptionNpcFlag`, `ActionMenuID`, `ActionPoiID`, `BoxCoded`, `BoxMoney`, `BoxText`, `BoxBroadcastTextID`) VALUES ('3284', '3', '0', 'Enchanting', '52063', '1', '1', '3271', NULL, '0', '0', '', NULL);
INSERT INTO gossip_text (`ID`, `comment`, `text0_0`, `text0_1`, `BroadcastTextID0`, `lang0`, `Probability0`, `em0_0`, `em0_1`, `em0_2`, `em0_3`, `em0_4`, `em0_5`, `text1_0`, `text1_1`, `BroadcastTextID1`, `lang1`, `Probability1`, `em1_0`, `em1_1`, `em1_2`, `em1_3`, `em1_4`, `em1_5`, `text2_0`, `text2_1`, `BroadcastTextID2`, `lang2`, `Probability2`, `em2_0`, `em2_1`, `em2_2`, `em2_3`, `em2_4`, `em2_5`, `text3_0`, `text3_1`, `BroadcastTextID3`, `lang3`, `Probability3`, `em3_0`, `em3_1`, `em3_2`, `em3_3`, `em3_4`, `em3_5`, `text4_0`, `text4_1`, `BroadcastTextID4`, `lang4`, `Probability4`, `em4_0`, `em4_1`, `em4_2`, `em4_3`, `em4_4`, `em4_5`, `text5_0`, `text5_1`, `BroadcastTextID5`, `lang5`, `Probability5`, `em5_0`, `em5_1`, `em5_2`, `em5_3`, `em5_4`, `em5_5`, `text6_0`, `text6_1`, `BroadcastTextID6`, `lang6`, `Probability6`, `em6_0`, `em6_1`, `em6_2`, `em6_3`, `em6_4`, `em6_5`, `text7_0`, `text7_1`, `BroadcastTextID7`, `lang7`, `Probability7`, `em7_0`, `em7_1`, `em7_2`, `em7_3`, `em7_4`, `em7_5`) VALUES ('1872405', 'Imported from TC', 'There is an Engineering Trainer in Razor Hill.  He is called Mukdrak and can usually be found standing over near the forge.', 'There is an Engineering Trainer in Razor Hill.  He is called Mukdrak and can usually be found standing over near the forge.', '6578', '1', '80', '0', '0', '0', '0', '0', '0', 'Bah, that\'s goblin work!  Still, we have an orc here in Razor Hill that will teach you of such things.  Look for Mukdrak over near the forge.', 'Bah, that\'s goblin work!  Still, we have an orc here in Razor Hill that will teach you of such things.  Look for Mukdrak over near the forge.', '6579', '1', '20', '0', '0', '0', '0', '0', '0', '', '', NULL, '0', '0', '0', '0', '0', '0', '0', '0', '', '', NULL, '0', '0', '0', '0', '0', '0', '0', '0', '', '', NULL, '0', '0', '0', '0', '0', '0', '0', '0', '', '', NULL, '0', '0', '0', '0', '0', '0', '0', '0', '', '', NULL, '0', '0', '0', '0', '0', '0', '0', '0', '', '', NULL, '0', '0', '0', '0', '0', '0', '0', '0');
INSERT INTO gossip_menu (`MenuID`, `TextID`) VALUES ('3272', '1872405');
INSERT INTO points_of_interest (`ID`, `PositionX`, `PositionY`, `Icon`, `Flags`, `Importance`, `Name`, `VerifiedBuild`) VALUES ('414', '368.96', '-4723.96', '6', '99', '0', 'Mukdrak', '0');
INSERT INTO gossip_menu_option (`MenuID`, `OptionID`, `OptionIcon`, `OptionText`, `OptionBroadcastTextID`, `OptionType`, `OptionNpcFlag`, `ActionMenuID`, `ActionPoiID`, `BoxCoded`, `BoxMoney`, `BoxText`, `BoxBroadcastTextID`) VALUES ('3284', '4', '0', 'Engineering', '51347', '1', '1', '3272', '414', '0', '0', '', NULL);
INSERT INTO gossip_text (`ID`, `comment`, `text0_0`, `text0_1`, `BroadcastTextID0`, `lang0`, `Probability0`, `em0_0`, `em0_1`, `em0_2`, `em0_3`, `em0_4`, `em0_5`, `text1_0`, `text1_1`, `BroadcastTextID1`, `lang1`, `Probability1`, `em1_0`, `em1_1`, `em1_2`, `em1_3`, `em1_4`, `em1_5`, `text2_0`, `text2_1`, `BroadcastTextID2`, `lang2`, `Probability2`, `em2_0`, `em2_1`, `em2_2`, `em2_3`, `em2_4`, `em2_5`, `text3_0`, `text3_1`, `BroadcastTextID3`, `lang3`, `Probability3`, `em3_0`, `em3_1`, `em3_2`, `em3_3`, `em3_4`, `em3_5`, `text4_0`, `text4_1`, `BroadcastTextID4`, `lang4`, `Probability4`, `em4_0`, `em4_1`, `em4_2`, `em4_3`, `em4_4`, `em4_5`, `text5_0`, `text5_1`, `BroadcastTextID5`, `lang5`, `Probability5`, `em5_0`, `em5_1`, `em5_2`, `em5_3`, `em5_4`, `em5_5`, `text6_0`, `text6_1`, `BroadcastTextID6`, `lang6`, `Probability6`, `em6_0`, `em6_1`, `em6_2`, `em6_3`, `em6_4`, `em6_5`, `text7_0`, `text7_1`, `BroadcastTextID7`, `lang7`, `Probability7`, `em7_0`, `em7_1`, `em7_2`, `em7_3`, `em7_4`, `em7_5`) VALUES ('1872406', 'Imported from TC', 'There\'s one of those inside the barracks on the east side of Razor Hill.  Look for Rawrk.', 'There\'s one of those inside the barracks on the east side of Razor Hill.  Look for Rawrk.', '6580', '1', '80', '0', '0', '0', '0', '0', '0', 'With all of the fighting we do of course we have a First Aid Trainer in Razor Hill.  Find Rawrk inside the barracks on the east side of town.', 'With all of the fighting we do of course we have a First Aid Trainer in Razor Hill.  Find Rawrk inside the barracks on the east side of town.', '6581', '1', '20', '0', '0', '0', '0', '0', '0', '', '', NULL, '0', '0', '0', '0', '0', '0', '0', '0', '', '', NULL, '0', '0', '0', '0', '0', '0', '0', '0', '', '', NULL, '0', '0', '0', '0', '0', '0', '0', '0', '', '', NULL, '0', '0', '0', '0', '0', '0', '0', '0', '', '', NULL, '0', '0', '0', '0', '0', '0', '0', '0', '', '', NULL, '0', '0', '0', '0', '0', '0', '0', '0');
INSERT INTO gossip_menu (`MenuID`, `TextID`) VALUES ('3273', '1872406');
INSERT INTO points_of_interest (`ID`, `PositionX`, `PositionY`, `Icon`, `Flags`, `Importance`, `Name`, `VerifiedBuild`) VALUES ('415', '327.175', '-4825.62', '6', '99', '0', 'Rawrk', '0');
INSERT INTO gossip_menu_option (`MenuID`, `OptionID`, `OptionIcon`, `OptionText`, `OptionBroadcastTextID`, `OptionType`, `OptionNpcFlag`, `ActionMenuID`, `ActionPoiID`, `BoxCoded`, `BoxMoney`, `BoxText`, `BoxBroadcastTextID`) VALUES ('3284', '5', '0', 'First Aid', '52066', '1', '1', '3273', '415', '0', '0', '', NULL);
INSERT INTO gossip_text (`ID`, `comment`, `text0_0`, `text0_1`, `BroadcastTextID0`, `lang0`, `Probability0`, `em0_0`, `em0_1`, `em0_2`, `em0_3`, `em0_4`, `em0_5`, `text1_0`, `text1_1`, `BroadcastTextID1`, `lang1`, `Probability1`, `em1_0`, `em1_1`, `em1_2`, `em1_3`, `em1_4`, `em1_5`, `text2_0`, `text2_1`, `BroadcastTextID2`, `lang2`, `Probability2`, `em2_0`, `em2_1`, `em2_2`, `em2_3`, `em2_4`, `em2_5`, `text3_0`, `text3_1`, `BroadcastTextID3`, `lang3`, `Probability3`, `em3_0`, `em3_1`, `em3_2`, `em3_3`, `em3_4`, `em3_5`, `text4_0`, `text4_1`, `BroadcastTextID4`, `lang4`, `Probability4`, `em4_0`, `em4_1`, `em4_2`, `em4_3`, `em4_4`, `em4_5`, `text5_0`, `text5_1`, `BroadcastTextID5`, `lang5`, `Probability5`, `em5_0`, `em5_1`, `em5_2`, `em5_3`, `em5_4`, `em5_5`, `text6_0`, `text6_1`, `BroadcastTextID6`, `lang6`, `Probability6`, `em6_0`, `em6_1`, `em6_2`, `em6_3`, `em6_4`, `em6_5`, `text7_0`, `text7_1`, `BroadcastTextID7`, `lang7`, `Probability7`, `em7_0`, `em7_1`, `em7_2`, `em7_3`, `em7_4`, `em7_5`) VALUES ('1872407', 'Imported from TC', 'I\'ve seen a troll named Lau\'Tiki fishing down south at the Darkspear Strand.  That\'s just on the outskirts of Sen\'jin Village.', 'I\'ve seen a troll named Lau\'Tiki fishing down south at the Darkspear Strand.  That\'s just on the outskirts of Sen\'jin Village.', '6582', '1', '80', '0', '0', '0', '0', '0', '0', 'You\'re looking for Lau\'Tiki.  You\'ll find him on Darkspear Strand out beyond Sen\'jin Village to the south.', 'You\'re looking for Lau\'Tiki.  You\'ll find him on Darkspear Strand out beyond Sen\'jin Village to the south.', '6583', '1', '20', '0', '0', '0', '0', '0', '0', '', '', NULL, '0', '0', '0', '0', '0', '0', '0', '0', '', '', NULL, '0', '0', '0', '0', '0', '0', '0', '0', '', '', NULL, '0', '0', '0', '0', '0', '0', '0', '0', '', '', NULL, '0', '0', '0', '0', '0', '0', '0', '0', '', '', NULL, '0', '0', '0', '0', '0', '0', '0', '0', '', '', NULL, '0', '0', '0', '0', '0', '0', '0', '0');
INSERT INTO gossip_menu (`MenuID`, `TextID`) VALUES ('3274', '1872407');
INSERT INTO points_of_interest (`ID`, `PositionX`, `PositionY`, `Icon`, `Flags`, `Importance`, `Name`, `VerifiedBuild`) VALUES ('416', '-1065.49', '-4777.43', '6', '99', '0', 'Lau\'Tiki', '0');
INSERT INTO gossip_menu_option (`MenuID`, `OptionID`, `OptionIcon`, `OptionText`, `OptionBroadcastTextID`, `OptionType`, `OptionNpcFlag`, `ActionMenuID`, `ActionPoiID`, `BoxCoded`, `BoxMoney`, `BoxText`, `BoxBroadcastTextID`) VALUES ('3284', '6', '0', 'Fishing', '45767', '1', '1', '3274', '416', '0', '0', '', NULL);
INSERT INTO gossip_text (`ID`, `comment`, `text0_0`, `text0_1`, `BroadcastTextID0`, `lang0`, `Probability0`, `em0_0`, `em0_1`, `em0_2`, `em0_3`, `em0_4`, `em0_5`, `text1_0`, `text1_1`, `BroadcastTextID1`, `lang1`, `Probability1`, `em1_0`, `em1_1`, `em1_2`, `em1_3`, `em1_4`, `em1_5`, `text2_0`, `text2_1`, `BroadcastTextID2`, `lang2`, `Probability2`, `em2_0`, `em2_1`, `em2_2`, `em2_3`, `em2_4`, `em2_5`, `text3_0`, `text3_1`, `BroadcastTextID3`, `lang3`, `Probability3`, `em3_0`, `em3_1`, `em3_2`, `em3_3`, `em3_4`, `em3_5`, `text4_0`, `text4_1`, `BroadcastTextID4`, `lang4`, `Probability4`, `em4_0`, `em4_1`, `em4_2`, `em4_3`, `em4_4`, `em4_5`, `text5_0`, `text5_1`, `BroadcastTextID5`, `lang5`, `Probability5`, `em5_0`, `em5_1`, `em5_2`, `em5_3`, `em5_4`, `em5_5`, `text6_0`, `text6_1`, `BroadcastTextID6`, `lang6`, `Probability6`, `em6_0`, `em6_1`, `em6_2`, `em6_3`, `em6_4`, `em6_5`, `text7_0`, `text7_1`, `BroadcastTextID7`, `lang7`, `Probability7`, `em7_0`, `em7_1`, `em7_2`, `em7_3`, `em7_4`, `em7_5`) VALUES ('1872408', 'Imported from TC', 'You\'re looking for Mishiki.  She has a hut to the south in Sen\'jin Village.', 'You\'re looking for Mishiki.  She has a hut to the south in Sen\'jin Village.', '6584', '1', '80', '0', '0', '0', '0', '0', '0', 'Flowers?  In this wasteland?  If anyone can teach you how to find them it will be Mishiki down in Sen\'jin Village to the south.', 'Flowers?  In this wasteland?  If anyone can teach you how to find them it will be Mishiki down in Sen\'jin Village to the south.', '6585', '1', '20', '0', '0', '0', '0', '0', '0', '', '', NULL, '0', '0', '0', '0', '0', '0', '0', '0', '', '', NULL, '0', '0', '0', '0', '0', '0', '0', '0', '', '', NULL, '0', '0', '0', '0', '0', '0', '0', '0', '', '', NULL, '0', '0', '0', '0', '0', '0', '0', '0', '', '', NULL, '0', '0', '0', '0', '0', '0', '0', '0', '', '', NULL, '0', '0', '0', '0', '0', '0', '0', '0');
INSERT INTO gossip_menu (`MenuID`, `TextID`) VALUES ('3275', '1872408');
INSERT INTO points_of_interest (`ID`, `PositionX`, `PositionY`, `Icon`, `Flags`, `Importance`, `Name`, `VerifiedBuild`) VALUES ('417', '-836.254', '-4896.9', '6', '99', '0', 'Mishiki', '0');
INSERT INTO gossip_menu_option (`MenuID`, `OptionID`, `OptionIcon`, `OptionText`, `OptionBroadcastTextID`, `OptionType`, `OptionNpcFlag`, `ActionMenuID`, `ActionPoiID`, `BoxCoded`, `BoxMoney`, `BoxText`, `BoxBroadcastTextID`) VALUES ('3284', '7', '0', 'Herbalism', '45768', '1', '1', '3275', '417', '0', '0', '', NULL);
-- Menu 10017 is already imported
-- POI 189 is already imported
INSERT INTO gossip_menu_option (`MenuID`, `OptionID`, `OptionIcon`, `OptionText`, `OptionBroadcastTextID`, `OptionType`, `OptionNpcFlag`, `ActionMenuID`, `ActionPoiID`, `BoxCoded`, `BoxMoney`, `BoxText`, `BoxBroadcastTextID`, `patch_min`) VALUES ('3284', '8', '0', 'Inscription', '48811', '1', '1', '10017', '189', '0', '0', '', NULL, '5');
INSERT INTO gossip_text (`ID`, `comment`, `text0_0`, `text0_1`, `BroadcastTextID0`, `lang0`, `Probability0`, `em0_0`, `em0_1`, `em0_2`, `em0_3`, `em0_4`, `em0_5`, `text1_0`, `text1_1`, `BroadcastTextID1`, `lang1`, `Probability1`, `em1_0`, `em1_1`, `em1_2`, `em1_3`, `em1_4`, `em1_5`, `text2_0`, `text2_1`, `BroadcastTextID2`, `lang2`, `Probability2`, `em2_0`, `em2_1`, `em2_2`, `em2_3`, `em2_4`, `em2_5`, `text3_0`, `text3_1`, `BroadcastTextID3`, `lang3`, `Probability3`, `em3_0`, `em3_1`, `em3_2`, `em3_3`, `em3_4`, `em3_5`, `text4_0`, `text4_1`, `BroadcastTextID4`, `lang4`, `Probability4`, `em4_0`, `em4_1`, `em4_2`, `em4_3`, `em4_4`, `em4_5`, `text5_0`, `text5_1`, `BroadcastTextID5`, `lang5`, `Probability5`, `em5_0`, `em5_1`, `em5_2`, `em5_3`, `em5_4`, `em5_5`, `text6_0`, `text6_1`, `BroadcastTextID6`, `lang6`, `Probability6`, `em6_0`, `em6_1`, `em6_2`, `em6_3`, `em6_4`, `em6_5`, `text7_0`, `text7_1`, `BroadcastTextID7`, `lang7`, `Probability7`, `em7_0`, `em7_1`, `em7_2`, `em7_3`, `em7_4`, `em7_5`) VALUES ('1872409', 'Imported from TC', 'You\'ll need to head to Orgrimmar for that.  Just follow the road heading out of Razor Hill to the north through the canyon and you\'ll come to it.  When you get there ask one of their grunts for further directions.', 'You\'ll need to head to Orgrimmar for that.  Just follow the road heading out of Razor Hill to the north through the canyon and you\'ll come to it.  When you get there ask one of their grunts for further directions.', '6587', '1', '80', '0', '0', '0', '0', '0', '0', 'To learn to cure leather and work with hides go to Orgrimmar to the north.  One of the Orgrimmar Grunts will be able to tell you the way to the Leatherworking Trainer.', 'To learn to cure leather and work with hides go to Orgrimmar to the north.  One of the Orgrimmar Grunts will be able to tell you the way to the Leatherworking Trainer.', '6588', '1', '20', '0', '0', '0', '0', '0', '0', '', '', NULL, '0', '0', '0', '0', '0', '0', '0', '0', '', '', NULL, '0', '0', '0', '0', '0', '0', '0', '0', '', '', NULL, '0', '0', '0', '0', '0', '0', '0', '0', '', '', NULL, '0', '0', '0', '0', '0', '0', '0', '0', '', '', NULL, '0', '0', '0', '0', '0', '0', '0', '0', '', '', NULL, '0', '0', '0', '0', '0', '0', '0', '0');
INSERT INTO gossip_menu (`MenuID`, `TextID`) VALUES ('3276', '1872409');
INSERT INTO gossip_menu_option (`MenuID`, `OptionID`, `OptionIcon`, `OptionText`, `OptionBroadcastTextID`, `OptionType`, `OptionNpcFlag`, `ActionMenuID`, `ActionPoiID`, `BoxCoded`, `BoxMoney`, `BoxText`, `BoxBroadcastTextID`) VALUES ('3284', '9', '0', 'Leatherworking', '52071', '1', '1', '3276', NULL, '0', '0', '', NULL);
INSERT INTO gossip_text (`ID`, `comment`, `text0_0`, `text0_1`, `BroadcastTextID0`, `lang0`, `Probability0`, `em0_0`, `em0_1`, `em0_2`, `em0_3`, `em0_4`, `em0_5`, `text1_0`, `text1_1`, `BroadcastTextID1`, `lang1`, `Probability1`, `em1_0`, `em1_1`, `em1_2`, `em1_3`, `em1_4`, `em1_5`, `text2_0`, `text2_1`, `BroadcastTextID2`, `lang2`, `Probability2`, `em2_0`, `em2_1`, `em2_2`, `em2_3`, `em2_4`, `em2_5`, `text3_0`, `text3_1`, `BroadcastTextID3`, `lang3`, `Probability3`, `em3_0`, `em3_1`, `em3_2`, `em3_3`, `em3_4`, `em3_5`, `text4_0`, `text4_1`, `BroadcastTextID4`, `lang4`, `Probability4`, `em4_0`, `em4_1`, `em4_2`, `em4_3`, `em4_4`, `em4_5`, `text5_0`, `text5_1`, `BroadcastTextID5`, `lang5`, `Probability5`, `em5_0`, `em5_1`, `em5_2`, `em5_3`, `em5_4`, `em5_5`, `text6_0`, `text6_1`, `BroadcastTextID6`, `lang6`, `Probability6`, `em6_0`, `em6_1`, `em6_2`, `em6_3`, `em6_4`, `em6_5`, `text7_0`, `text7_1`, `BroadcastTextID7`, `lang7`, `Probability7`, `em7_0`, `em7_1`, `em7_2`, `em7_3`, `em7_4`, `em7_5`) VALUES ('1872410', 'Imported from TC', 'Sure, sure.  We have a Mining Trainer right here in town.  Look for Krunn over in the northwest corner alongside the inn.', 'Sure, sure.  We have a Mining Trainer right here in town.  Look for Krunn over in the northwest corner alongside the inn.', '6589', '1', '80', '0', '0', '0', '0', '0', '0', 'Plenty of good mining to be had in Durotar, or so I hear.  So good in fact that we have a Mining Trainer right here in Razor Hill.  You\'ll find Krunn next to the heated forge in the northwest corner of town.', 'Plenty of good mining to be had in Durotar, or so I hear.  So good in fact that we have a Mining Trainer right here in Razor Hill.  You\'ll find Krunn next to the heated forge in the northwest corner of town.', '6590', '1', '20', '0', '0', '0', '0', '0', '0', '', '', NULL, '0', '0', '0', '0', '0', '0', '0', '0', '', '', NULL, '0', '0', '0', '0', '0', '0', '0', '0', '', '', NULL, '0', '0', '0', '0', '0', '0', '0', '0', '', '', NULL, '0', '0', '0', '0', '0', '0', '0', '0', '', '', NULL, '0', '0', '0', '0', '0', '0', '0', '0', '', '', NULL, '0', '0', '0', '0', '0', '0', '0', '0');
INSERT INTO gossip_menu (`MenuID`, `TextID`) VALUES ('3277', '1872410');
INSERT INTO points_of_interest (`ID`, `PositionX`, `PositionY`, `Icon`, `Flags`, `Importance`, `Name`, `VerifiedBuild`) VALUES ('418', '366.941', '-4705.09', '6', '99', '0', 'Krunn', '0');
INSERT INTO gossip_menu_option (`MenuID`, `OptionID`, `OptionIcon`, `OptionText`, `OptionBroadcastTextID`, `OptionType`, `OptionNpcFlag`, `ActionMenuID`, `ActionPoiID`, `BoxCoded`, `BoxMoney`, `BoxText`, `BoxBroadcastTextID`) VALUES ('3284', '10', '0', 'Mining', '51348', '1', '1', '3277', '418', '0', '0', '', NULL);
INSERT INTO gossip_text (`ID`, `comment`, `text0_0`, `text0_1`, `BroadcastTextID0`, `lang0`, `Probability0`, `em0_0`, `em0_1`, `em0_2`, `em0_3`, `em0_4`, `em0_5`, `text1_0`, `text1_1`, `BroadcastTextID1`, `lang1`, `Probability1`, `em1_0`, `em1_1`, `em1_2`, `em1_3`, `em1_4`, `em1_5`, `text2_0`, `text2_1`, `BroadcastTextID2`, `lang2`, `Probability2`, `em2_0`, `em2_1`, `em2_2`, `em2_3`, `em2_4`, `em2_5`, `text3_0`, `text3_1`, `BroadcastTextID3`, `lang3`, `Probability3`, `em3_0`, `em3_1`, `em3_2`, `em3_3`, `em3_4`, `em3_5`, `text4_0`, `text4_1`, `BroadcastTextID4`, `lang4`, `Probability4`, `em4_0`, `em4_1`, `em4_2`, `em4_3`, `em4_4`, `em4_5`, `text5_0`, `text5_1`, `BroadcastTextID5`, `lang5`, `Probability5`, `em5_0`, `em5_1`, `em5_2`, `em5_3`, `em5_4`, `em5_5`, `text6_0`, `text6_1`, `BroadcastTextID6`, `lang6`, `Probability6`, `em6_0`, `em6_1`, `em6_2`, `em6_3`, `em6_4`, `em6_5`, `text7_0`, `text7_1`, `BroadcastTextID7`, `lang7`, `Probability7`, `em7_0`, `em7_1`, `em7_2`, `em7_3`, `em7_4`, `em7_5`) VALUES ('1872411', 'Imported from TC', 'There\'s a Skinning Trainer in Orgrimmar.  To get there head north up the road out of Razor Hill.  Ask an Orgrimmar Grunt for directions when you arrive.', 'There\'s a Skinning Trainer in Orgrimmar.  To get there head north up the road out of Razor Hill.  Ask an Orgrimmar Grunt for directions when you arrive.', '6591', '1', '80', '0', '0', '0', '0', '0', '0', 'There\'s one in Orgrimmar.  Go north and talk to one of their grunts.', 'There\'s one in Orgrimmar.  Go north and talk to one of their grunts.', '6592', '1', '20', '0', '0', '0', '0', '0', '0', '', '', NULL, '0', '0', '0', '0', '0', '0', '0', '0', '', '', NULL, '0', '0', '0', '0', '0', '0', '0', '0', '', '', NULL, '0', '0', '0', '0', '0', '0', '0', '0', '', '', NULL, '0', '0', '0', '0', '0', '0', '0', '0', '', '', NULL, '0', '0', '0', '0', '0', '0', '0', '0', '', '', NULL, '0', '0', '0', '0', '0', '0', '0', '0');
INSERT INTO gossip_menu (`MenuID`, `TextID`) VALUES ('3278', '1872411');
INSERT INTO gossip_menu_option (`MenuID`, `OptionID`, `OptionIcon`, `OptionText`, `OptionBroadcastTextID`, `OptionType`, `OptionNpcFlag`, `ActionMenuID`, `ActionPoiID`, `BoxCoded`, `BoxMoney`, `BoxText`, `BoxBroadcastTextID`) VALUES ('3284', '11', '0', 'Skinning', '52076', '1', '1', '3278', NULL, '0', '0', '', NULL);
INSERT INTO gossip_text (`ID`, `comment`, `text0_0`, `text0_1`, `BroadcastTextID0`, `lang0`, `Probability0`, `em0_0`, `em0_1`, `em0_2`, `em0_3`, `em0_4`, `em0_5`, `text1_0`, `text1_1`, `BroadcastTextID1`, `lang1`, `Probability1`, `em1_0`, `em1_1`, `em1_2`, `em1_3`, `em1_4`, `em1_5`, `text2_0`, `text2_1`, `BroadcastTextID2`, `lang2`, `Probability2`, `em2_0`, `em2_1`, `em2_2`, `em2_3`, `em2_4`, `em2_5`, `text3_0`, `text3_1`, `BroadcastTextID3`, `lang3`, `Probability3`, `em3_0`, `em3_1`, `em3_2`, `em3_3`, `em3_4`, `em3_5`, `text4_0`, `text4_1`, `BroadcastTextID4`, `lang4`, `Probability4`, `em4_0`, `em4_1`, `em4_2`, `em4_3`, `em4_4`, `em4_5`, `text5_0`, `text5_1`, `BroadcastTextID5`, `lang5`, `Probability5`, `em5_0`, `em5_1`, `em5_2`, `em5_3`, `em5_4`, `em5_5`, `text6_0`, `text6_1`, `BroadcastTextID6`, `lang6`, `Probability6`, `em6_0`, `em6_1`, `em6_2`, `em6_3`, `em6_4`, `em6_5`, `text7_0`, `text7_1`, `BroadcastTextID7`, `lang7`, `Probability7`, `em7_0`, `em7_1`, `em7_2`, `em7_3`, `em7_4`, `em7_5`) VALUES ('1872412', 'Imported from TC', 'Then Orgrimmar is where you need to go.  The north road out of Razor Hill leads directly there.  Just talk to one of the grunts there and they can give you further directions.', 'Then Orgrimmar is where you need to go.  The north road out of Razor Hill leads directly there.  Just talk to one of the grunts there and they can give you further directions.', '6593', '1', '80', '0', '0', '0', '0', '0', '0', 'You can learn to sew up in Orgrimmar.  That\'s to the north.  Maybe one of the Orgrimmar Grunts can help you.', 'You can learn to sew up in Orgrimmar.  That\'s to the north.  Maybe one of the Orgrimmar Grunts can help you.', '6594', '1', '20', '0', '0', '0', '0', '0', '0', '', '', NULL, '0', '0', '0', '0', '0', '0', '0', '0', '', '', NULL, '0', '0', '0', '0', '0', '0', '0', '0', '', '', NULL, '0', '0', '0', '0', '0', '0', '0', '0', '', '', NULL, '0', '0', '0', '0', '0', '0', '0', '0', '', '', NULL, '0', '0', '0', '0', '0', '0', '0', '0', '', '', NULL, '0', '0', '0', '0', '0', '0', '0', '0');
INSERT INTO gossip_menu (`MenuID`, `TextID`) VALUES ('3279', '1872412');
INSERT INTO gossip_menu_option (`MenuID`, `OptionID`, `OptionIcon`, `OptionText`, `OptionBroadcastTextID`, `OptionType`, `OptionNpcFlag`, `ActionMenuID`, `ActionPoiID`, `BoxCoded`, `BoxMoney`, `BoxText`, `BoxBroadcastTextID`) VALUES ('3284', '12', '0', 'Tailoring', '52077', '1', '1', '3279', NULL, '0', '0', '', NULL);
INSERT INTO gossip_menu_option (`MenuID`, `OptionID`, `OptionIcon`, `OptionText`, `OptionBroadcastTextID`, `OptionType`, `OptionNpcFlag`, `ActionMenuID`, `ActionPoiID`, `BoxCoded`, `BoxMoney`, `BoxText`, `BoxBroadcastTextID`) VALUES ('3285', '5', '0', 'A profession trainer', '6793', '1', '1', '3284', NULL, '0', '0', '', NULL);
UPDATE creature_template SET npcflag = (npcflag | 1), gossip_menu_id = 3285 WHERE entry = 5953;
DELETE FROM gossip_menu WHERE MenuID = 4037;


-- Importing creature gossip with entry 3218 (Brave Swiftwind) with import type GOSSIP
INSERT INTO gossip_text (`ID`, `comment`, `text0_0`, `text0_1`, `BroadcastTextID0`, `lang0`, `Probability0`, `em0_0`, `em0_1`, `em0_2`, `em0_3`, `em0_4`, `em0_5`, `text1_0`, `text1_1`, `BroadcastTextID1`, `lang1`, `Probability1`, `em1_0`, `em1_1`, `em1_2`, `em1_3`, `em1_4`, `em1_5`, `text2_0`, `text2_1`, `BroadcastTextID2`, `lang2`, `Probability2`, `em2_0`, `em2_1`, `em2_2`, `em2_3`, `em2_4`, `em2_5`, `text3_0`, `text3_1`, `BroadcastTextID3`, `lang3`, `Probability3`, `em3_0`, `em3_1`, `em3_2`, `em3_3`, `em3_4`, `em3_5`, `text4_0`, `text4_1`, `BroadcastTextID4`, `lang4`, `Probability4`, `em4_0`, `em4_1`, `em4_2`, `em4_3`, `em4_4`, `em4_5`, `text5_0`, `text5_1`, `BroadcastTextID5`, `lang5`, `Probability5`, `em5_0`, `em5_1`, `em5_2`, `em5_3`, `em5_4`, `em5_5`, `text6_0`, `text6_1`, `BroadcastTextID6`, `lang6`, `Probability6`, `em6_0`, `em6_1`, `em6_2`, `em6_3`, `em6_4`, `em6_5`, `text7_0`, `text7_1`, `BroadcastTextID7`, `lang7`, `Probability7`, `em7_0`, `em7_1`, `em7_2`, `em7_3`, `em7_4`, `em7_5`) VALUES ('1872413', 'Imported from TC', 'What are you looking for?', 'What are you looking for?', '21585', '1', '100', '0', '0', '0', '0', '0', '0', '', '', NULL, '0', '0', '0', '0', '0', '0', '0', '0', '', '', NULL, '0', '0', '0', '0', '0', '0', '0', '0', '', '', NULL, '0', '0', '0', '0', '0', '0', '0', '0', '', '', NULL, '0', '0', '0', '0', '0', '0', '0', '0', '', '', NULL, '0', '0', '0', '0', '0', '0', '0', '0', '', '', NULL, '0', '0', '0', '0', '0', '0', '0', '0', '', '', NULL, '0', '0', '0', '0', '0', '0', '0', '0');
INSERT INTO gossip_menu (`MenuID`, `TextID`) VALUES ('3331', '1872413');
INSERT INTO gossip_text (`ID`, `comment`, `text0_0`, `text0_1`, `BroadcastTextID0`, `lang0`, `Probability0`, `em0_0`, `em0_1`, `em0_2`, `em0_3`, `em0_4`, `em0_5`, `text1_0`, `text1_1`, `BroadcastTextID1`, `lang1`, `Probability1`, `em1_0`, `em1_1`, `em1_2`, `em1_3`, `em1_4`, `em1_5`, `text2_0`, `text2_1`, `BroadcastTextID2`, `lang2`, `Probability2`, `em2_0`, `em2_1`, `em2_2`, `em2_3`, `em2_4`, `em2_5`, `text3_0`, `text3_1`, `BroadcastTextID3`, `lang3`, `Probability3`, `em3_0`, `em3_1`, `em3_2`, `em3_3`, `em3_4`, `em3_5`, `text4_0`, `text4_1`, `BroadcastTextID4`, `lang4`, `Probability4`, `em4_0`, `em4_1`, `em4_2`, `em4_3`, `em4_4`, `em4_5`, `text5_0`, `text5_1`, `BroadcastTextID5`, `lang5`, `Probability5`, `em5_0`, `em5_1`, `em5_2`, `em5_3`, `em5_4`, `em5_5`, `text6_0`, `text6_1`, `BroadcastTextID6`, `lang6`, `Probability6`, `em6_0`, `em6_1`, `em6_2`, `em6_3`, `em6_4`, `em6_5`, `text7_0`, `text7_1`, `BroadcastTextID7`, `lang7`, `Probability7`, `em7_0`, `em7_1`, `em7_2`, `em7_3`, `em7_4`, `em7_5`) VALUES ('1872414', 'Imported from TC', 'Ah, you must go to the great heights of Thunder Bluff to visit one of those.  Follow the path north out of Bloodhoof Village.  At the base of the bluffs is an elevator that will take you to the top.  When you get there ask for further directions from one of the Bluffwatchers.', 'Ah, you must go to the great heights of Thunder Bluff to visit one of those.  Follow the path north out of Bloodhoof Village.  At the base of the bluffs is an elevator that will take you to the top.  When you get there ask for further directions from one of the Bluffwatchers.', '6663', '1', '80', '0', '0', '0', '0', '0', '0', 'We have no such place in the village.  The soaring heights of Thunder Bluff does though.  Head north up the road out of Bloodhoof Village until you come to the base of the bluffs.  There ride the elevator to the top and speak with a Bluffwatcher.  May your ancestors watch over you.', 'We have no such place in the village.  The soaring heights of Thunder Bluff does though.  Head north up the road out of Bloodhoof Village until you come to the base of the bluffs.  There ride the elevator to the top and speak with a Bluffwatcher.  May your ancestors watch over you.', '6665', '1', '20', '0', '0', '0', '0', '0', '0', '', '', NULL, '0', '0', '0', '0', '0', '0', '0', '0', '', '', NULL, '0', '0', '0', '0', '0', '0', '0', '0', '', '', NULL, '0', '0', '0', '0', '0', '0', '0', '0', '', '', NULL, '0', '0', '0', '0', '0', '0', '0', '0', '', '', NULL, '0', '0', '0', '0', '0', '0', '0', '0', '', '', NULL, '0', '0', '0', '0', '0', '0', '0', '0');
INSERT INTO gossip_menu (`MenuID`, `TextID`) VALUES ('3311', '1872414');
INSERT INTO gossip_menu_option (`MenuID`, `OptionID`, `OptionIcon`, `OptionText`, `OptionBroadcastTextID`, `OptionType`, `OptionNpcFlag`, `ActionMenuID`, `ActionPoiID`, `BoxCoded`, `BoxMoney`, `BoxText`, `BoxBroadcastTextID`) VALUES ('3331', '0', '0', 'The bank', '7066', '1', '1', '3311', NULL, '0', '0', '', NULL);
INSERT INTO gossip_text (`ID`, `comment`, `text0_0`, `text0_1`, `BroadcastTextID0`, `lang0`, `Probability0`, `em0_0`, `em0_1`, `em0_2`, `em0_3`, `em0_4`, `em0_5`, `text1_0`, `text1_1`, `BroadcastTextID1`, `lang1`, `Probability1`, `em1_0`, `em1_1`, `em1_2`, `em1_3`, `em1_4`, `em1_5`, `text2_0`, `text2_1`, `BroadcastTextID2`, `lang2`, `Probability2`, `em2_0`, `em2_1`, `em2_2`, `em2_3`, `em2_4`, `em2_5`, `text3_0`, `text3_1`, `BroadcastTextID3`, `lang3`, `Probability3`, `em3_0`, `em3_1`, `em3_2`, `em3_3`, `em3_4`, `em3_5`, `text4_0`, `text4_1`, `BroadcastTextID4`, `lang4`, `Probability4`, `em4_0`, `em4_1`, `em4_2`, `em4_3`, `em4_4`, `em4_5`, `text5_0`, `text5_1`, `BroadcastTextID5`, `lang5`, `Probability5`, `em5_0`, `em5_1`, `em5_2`, `em5_3`, `em5_4`, `em5_5`, `text6_0`, `text6_1`, `BroadcastTextID6`, `lang6`, `Probability6`, `em6_0`, `em6_1`, `em6_2`, `em6_3`, `em6_4`, `em6_5`, `text7_0`, `text7_1`, `BroadcastTextID7`, `lang7`, `Probability7`, `em7_0`, `em7_1`, `em7_2`, `em7_3`, `em7_4`, `em7_5`) VALUES ('1872415', 'Imported from TC', 'There is a Wind Rider Master in the great city of Thunder Bluff to the north.  Ride the elevator from the base of Thunder Bluff to the top and ask one of the Bluffwatchers there for further instructions.', 'There is a Wind Rider Master in the great city of Thunder Bluff to the north.  Ride the elevator from the base of Thunder Bluff to the top and ask one of the Bluffwatchers there for further instructions.', '6666', '1', '80', '0', '0', '0', '0', '0', '0', 'Nothing frees the spirit like soaring through the sky.  There is such a place in our great tribal center Thunder Bluff.  The road north out of Bloodhoof Village will guide you there.  Once you ride the elevator to the top speak with one of the Bluffwatchers who can give you further directions.', 'Nothing frees the spirit like soaring through the sky.  There is such a place in our great tribal center Thunder Bluff.  The road north out of Bloodhoof Village will guide you there.  Once you ride the elevator to the top speak with one of the Bluffwatchers who can give you further directions.', '6667', '1', '20', '0', '0', '0', '0', '0', '0', '', '', NULL, '0', '0', '0', '0', '0', '0', '0', '0', '', '', NULL, '0', '0', '0', '0', '0', '0', '0', '0', '', '', NULL, '0', '0', '0', '0', '0', '0', '0', '0', '', '', NULL, '0', '0', '0', '0', '0', '0', '0', '0', '', '', NULL, '0', '0', '0', '0', '0', '0', '0', '0', '', '', NULL, '0', '0', '0', '0', '0', '0', '0', '0');
INSERT INTO gossip_menu (`MenuID`, `TextID`) VALUES ('3312', '1872415');
INSERT INTO gossip_menu_option (`MenuID`, `OptionID`, `OptionIcon`, `OptionText`, `OptionBroadcastTextID`, `OptionType`, `OptionNpcFlag`, `ActionMenuID`, `ActionPoiID`, `BoxCoded`, `BoxMoney`, `BoxText`, `BoxBroadcastTextID`) VALUES ('3331', '1', '0', 'The wind rider master', '6720', '1', '1', '3312', NULL, '0', '0', '', NULL);
INSERT INTO gossip_text (`ID`, `comment`, `text0_0`, `text0_1`, `BroadcastTextID0`, `lang0`, `Probability0`, `em0_0`, `em0_1`, `em0_2`, `em0_3`, `em0_4`, `em0_5`, `text1_0`, `text1_1`, `BroadcastTextID1`, `lang1`, `Probability1`, `em1_0`, `em1_1`, `em1_2`, `em1_3`, `em1_4`, `em1_5`, `text2_0`, `text2_1`, `BroadcastTextID2`, `lang2`, `Probability2`, `em2_0`, `em2_1`, `em2_2`, `em2_3`, `em2_4`, `em2_5`, `text3_0`, `text3_1`, `BroadcastTextID3`, `lang3`, `Probability3`, `em3_0`, `em3_1`, `em3_2`, `em3_3`, `em3_4`, `em3_5`, `text4_0`, `text4_1`, `BroadcastTextID4`, `lang4`, `Probability4`, `em4_0`, `em4_1`, `em4_2`, `em4_3`, `em4_4`, `em4_5`, `text5_0`, `text5_1`, `BroadcastTextID5`, `lang5`, `Probability5`, `em5_0`, `em5_1`, `em5_2`, `em5_3`, `em5_4`, `em5_5`, `text6_0`, `text6_1`, `BroadcastTextID6`, `lang6`, `Probability6`, `em6_0`, `em6_1`, `em6_2`, `em6_3`, `em6_4`, `em6_5`, `text7_0`, `text7_1`, `BroadcastTextID7`, `lang7`, `Probability7`, `em7_0`, `em7_1`, `em7_2`, `em7_3`, `em7_4`, `em7_5`) VALUES ('1872416', 'Imported from TC', 'Innkeeper Kauth can see to your needs.  He can be found on the west side of the village in one of the long houses.', 'Innkeeper Kauth can see to your needs.  He can be found on the west side of the village in one of the long houses.', '6668', '1', '80', '0', '0', '0', '0', '0', '0', 'There is a time and a place for all things, including relaxation.  On the west side of Bloodhoof Village Innkeeper Kauth maintains a long house for those who seek to rest.  You will find him there.', 'There is a time and a place for all things, including relaxation.  On the west side of Bloodhoof Village Innkeeper Kauth maintains a long house for those who seek to rest.  You will find him there.', '6669', '1', '20', '0', '0', '0', '0', '0', '0', '', '', NULL, '0', '0', '0', '0', '0', '0', '0', '0', '', '', NULL, '0', '0', '0', '0', '0', '0', '0', '0', '', '', NULL, '0', '0', '0', '0', '0', '0', '0', '0', '', '', NULL, '0', '0', '0', '0', '0', '0', '0', '0', '', '', NULL, '0', '0', '0', '0', '0', '0', '0', '0', '', '', NULL, '0', '0', '0', '0', '0', '0', '0', '0');
INSERT INTO gossip_menu (`MenuID`, `TextID`) VALUES ('3313', '1872416');
INSERT INTO points_of_interest (`ID`, `PositionX`, `PositionY`, `Icon`, `Flags`, `Importance`, `Name`, `VerifiedBuild`) VALUES ('419', '-2361.39', '-349.193', '6', '99', '0', 'Bloodhoof Village Inn', '0');
INSERT INTO gossip_menu_option (`MenuID`, `OptionID`, `OptionIcon`, `OptionText`, `OptionBroadcastTextID`, `OptionType`, `OptionNpcFlag`, `ActionMenuID`, `ActionPoiID`, `BoxCoded`, `BoxMoney`, `BoxText`, `BoxBroadcastTextID`) VALUES ('3331', '2', '0', 'The inn', '7075', '1', '1', '3313', '419', '0', '0', '', NULL);
INSERT INTO gossip_text (`ID`, `comment`, `text0_0`, `text0_1`, `BroadcastTextID0`, `lang0`, `Probability0`, `em0_0`, `em0_1`, `em0_2`, `em0_3`, `em0_4`, `em0_5`, `text1_0`, `text1_1`, `BroadcastTextID1`, `lang1`, `Probability1`, `em1_0`, `em1_1`, `em1_2`, `em1_3`, `em1_4`, `em1_5`, `text2_0`, `text2_1`, `BroadcastTextID2`, `lang2`, `Probability2`, `em2_0`, `em2_1`, `em2_2`, `em2_3`, `em2_4`, `em2_5`, `text3_0`, `text3_1`, `BroadcastTextID3`, `lang3`, `Probability3`, `em3_0`, `em3_1`, `em3_2`, `em3_3`, `em3_4`, `em3_5`, `text4_0`, `text4_1`, `BroadcastTextID4`, `lang4`, `Probability4`, `em4_0`, `em4_1`, `em4_2`, `em4_3`, `em4_4`, `em4_5`, `text5_0`, `text5_1`, `BroadcastTextID5`, `lang5`, `Probability5`, `em5_0`, `em5_1`, `em5_2`, `em5_3`, `em5_4`, `em5_5`, `text6_0`, `text6_1`, `BroadcastTextID6`, `lang6`, `Probability6`, `em6_0`, `em6_1`, `em6_2`, `em6_3`, `em6_4`, `em6_5`, `text7_0`, `text7_1`, `BroadcastTextID7`, `lang7`, `Probability7`, `em7_0`, `em7_1`, `em7_2`, `em7_3`, `em7_4`, `em7_5`) VALUES ('1872417', 'Imported from TC', 'Ah yes, it is Seikwa that you must find.  I believe I saw her last standing out in front of the inn.', 'Ah yes, it is Seikwa that you must find.  I believe I saw her last standing out in front of the inn.', '8513', '1', '80', '0', '0', '0', '0', '0', '0', 'Seikwa can take care of your animal friends when you have the need.  Seek her out in front of the inn.', 'Seikwa can take care of your animal friends when you have the need.  Seek her out in front of the inn.', '8514', '1', '20', '0', '0', '0', '0', '0', '0', '', '', NULL, '0', '0', '0', '0', '0', '0', '0', '0', '', '', NULL, '0', '0', '0', '0', '0', '0', '0', '0', '', '', NULL, '0', '0', '0', '0', '0', '0', '0', '0', '', '', NULL, '0', '0', '0', '0', '0', '0', '0', '0', '', '', NULL, '0', '0', '0', '0', '0', '0', '0', '0', '', '', NULL, '0', '0', '0', '0', '0', '0', '0', '0');
INSERT INTO gossip_menu (`MenuID`, `TextID`) VALUES ('4903', '1872417');
INSERT INTO points_of_interest (`ID`, `PositionX`, `PositionY`, `Icon`, `Flags`, `Importance`, `Name`, `VerifiedBuild`) VALUES ('420', '-2338.86', '-357.564', '6', '99', '0', 'Seikwa', '0');
INSERT INTO gossip_menu_option (`MenuID`, `OptionID`, `OptionIcon`, `OptionText`, `OptionBroadcastTextID`, `OptionType`, `OptionNpcFlag`, `ActionMenuID`, `ActionPoiID`, `BoxCoded`, `BoxMoney`, `BoxText`, `BoxBroadcastTextID`) VALUES ('3331', '3', '0', 'The stable master', '8521', '1', '1', '4903', '420', '0', '0', '', NULL);
INSERT INTO gossip_text (`ID`, `comment`, `text0_0`, `text0_1`, `BroadcastTextID0`, `lang0`, `Probability0`, `em0_0`, `em0_1`, `em0_2`, `em0_3`, `em0_4`, `em0_5`, `text1_0`, `text1_1`, `BroadcastTextID1`, `lang1`, `Probability1`, `em1_0`, `em1_1`, `em1_2`, `em1_3`, `em1_4`, `em1_5`, `text2_0`, `text2_1`, `BroadcastTextID2`, `lang2`, `Probability2`, `em2_0`, `em2_1`, `em2_2`, `em2_3`, `em2_4`, `em2_5`, `text3_0`, `text3_1`, `BroadcastTextID3`, `lang3`, `Probability3`, `em3_0`, `em3_1`, `em3_2`, `em3_3`, `em3_4`, `em3_5`, `text4_0`, `text4_1`, `BroadcastTextID4`, `lang4`, `Probability4`, `em4_0`, `em4_1`, `em4_2`, `em4_3`, `em4_4`, `em4_5`, `text5_0`, `text5_1`, `BroadcastTextID5`, `lang5`, `Probability5`, `em5_0`, `em5_1`, `em5_2`, `em5_3`, `em5_4`, `em5_5`, `text6_0`, `text6_1`, `BroadcastTextID6`, `lang6`, `Probability6`, `em6_0`, `em6_1`, `em6_2`, `em6_3`, `em6_4`, `em6_5`, `text7_0`, `text7_1`, `BroadcastTextID7`, `lang7`, `Probability7`, `em7_0`, `em7_1`, `em7_2`, `em7_3`, `em7_4`, `em7_5`) VALUES ('1872418', 'Imported from TC', 'Which trainer do you seek?', 'Which trainer do you seek?', '6769', '1', '100', '0', '0', '0', '0', '0', '0', '', '', NULL, '0', '0', '0', '0', '0', '0', '0', '0', '', '', NULL, '0', '0', '0', '0', '0', '0', '0', '0', '', '', NULL, '0', '0', '0', '0', '0', '0', '0', '0', '', '', NULL, '0', '0', '0', '0', '0', '0', '0', '0', '', '', NULL, '0', '0', '0', '0', '0', '0', '0', '0', '', '', NULL, '0', '0', '0', '0', '0', '0', '0', '0', '', '', NULL, '0', '0', '0', '0', '0', '0', '0', '0');
INSERT INTO gossip_menu (`MenuID`, `TextID`) VALUES ('3329', '1872418');
INSERT INTO gossip_text (`ID`, `comment`, `text0_0`, `text0_1`, `BroadcastTextID0`, `lang0`, `Probability0`, `em0_0`, `em0_1`, `em0_2`, `em0_3`, `em0_4`, `em0_5`, `text1_0`, `text1_1`, `BroadcastTextID1`, `lang1`, `Probability1`, `em1_0`, `em1_1`, `em1_2`, `em1_3`, `em1_4`, `em1_5`, `text2_0`, `text2_1`, `BroadcastTextID2`, `lang2`, `Probability2`, `em2_0`, `em2_1`, `em2_2`, `em2_3`, `em2_4`, `em2_5`, `text3_0`, `text3_1`, `BroadcastTextID3`, `lang3`, `Probability3`, `em3_0`, `em3_1`, `em3_2`, `em3_3`, `em3_4`, `em3_5`, `text4_0`, `text4_1`, `BroadcastTextID4`, `lang4`, `Probability4`, `em4_0`, `em4_1`, `em4_2`, `em4_3`, `em4_4`, `em4_5`, `text5_0`, `text5_1`, `BroadcastTextID5`, `lang5`, `Probability5`, `em5_0`, `em5_1`, `em5_2`, `em5_3`, `em5_4`, `em5_5`, `text6_0`, `text6_1`, `BroadcastTextID6`, `lang6`, `Probability6`, `em6_0`, `em6_1`, `em6_2`, `em6_3`, `em6_4`, `em6_5`, `text7_0`, `text7_1`, `BroadcastTextID7`, `lang7`, `Probability7`, `em7_0`, `em7_1`, `em7_2`, `em7_3`, `em7_4`, `em7_5`) VALUES ('1872419', 'Imported from TC', 'It is Gennia Runetotem\'s counsel that you seek.  You will find her in the large tent on the east side of the village.', 'It is Gennia Runetotem\'s counsel that you seek.  You will find her in the large tent on the east side of the village.', '6670', '1', '80', '0', '0', '0', '0', '0', '0', 'The way of the Druid is sibling to the Shaman.  Gennia Runetotem is steeped in such knowledge.  Seek her out in the large tent on the east side of Bloodhoof Village.', 'The way of the Druid is sibling to the Shaman.  Gennia Runetotem is steeped in such knowledge.  Seek her out in the large tent on the east side of Bloodhoof Village.', '6671', '1', '20', '0', '0', '0', '0', '0', '0', '', '', NULL, '0', '0', '0', '0', '0', '0', '0', '0', '', '', NULL, '0', '0', '0', '0', '0', '0', '0', '0', '', '', NULL, '0', '0', '0', '0', '0', '0', '0', '0', '', '', NULL, '0', '0', '0', '0', '0', '0', '0', '0', '', '', NULL, '0', '0', '0', '0', '0', '0', '0', '0', '', '', NULL, '0', '0', '0', '0', '0', '0', '0', '0');
INSERT INTO gossip_menu (`MenuID`, `TextID`) VALUES ('3314', '1872419');
INSERT INTO points_of_interest (`ID`, `PositionX`, `PositionY`, `Icon`, `Flags`, `Importance`, `Name`, `VerifiedBuild`) VALUES ('421', '-2312.16', '-443.693', '6', '99', '0', 'Gennia Runetotem', '0');
INSERT INTO gossip_menu_option (`MenuID`, `OptionID`, `OptionIcon`, `OptionText`, `OptionBroadcastTextID`, `OptionType`, `OptionNpcFlag`, `ActionMenuID`, `ActionPoiID`, `BoxCoded`, `BoxMoney`, `BoxText`, `BoxBroadcastTextID`) VALUES ('3329', '0', '0', 'Druid', '45409', '1', '1', '3314', '421', '0', '0', '', NULL);
INSERT INTO gossip_text (`ID`, `comment`, `text0_0`, `text0_1`, `BroadcastTextID0`, `lang0`, `Probability0`, `em0_0`, `em0_1`, `em0_2`, `em0_3`, `em0_4`, `em0_5`, `text1_0`, `text1_1`, `BroadcastTextID1`, `lang1`, `Probability1`, `em1_0`, `em1_1`, `em1_2`, `em1_3`, `em1_4`, `em1_5`, `text2_0`, `text2_1`, `BroadcastTextID2`, `lang2`, `Probability2`, `em2_0`, `em2_1`, `em2_2`, `em2_3`, `em2_4`, `em2_5`, `text3_0`, `text3_1`, `BroadcastTextID3`, `lang3`, `Probability3`, `em3_0`, `em3_1`, `em3_2`, `em3_3`, `em3_4`, `em3_5`, `text4_0`, `text4_1`, `BroadcastTextID4`, `lang4`, `Probability4`, `em4_0`, `em4_1`, `em4_2`, `em4_3`, `em4_4`, `em4_5`, `text5_0`, `text5_1`, `BroadcastTextID5`, `lang5`, `Probability5`, `em5_0`, `em5_1`, `em5_2`, `em5_3`, `em5_4`, `em5_5`, `text6_0`, `text6_1`, `BroadcastTextID6`, `lang6`, `Probability6`, `em6_0`, `em6_1`, `em6_2`, `em6_3`, `em6_4`, `em6_5`, `text7_0`, `text7_1`, `BroadcastTextID7`, `lang7`, `Probability7`, `em7_0`, `em7_1`, `em7_2`, `em7_3`, `em7_4`, `em7_5`) VALUES ('1872420', 'Imported from TC', 'Yaw Sharpmane awaits you on the north edge of the village.  He can teach you the ways of the Hunter.', 'Yaw Sharpmane awaits you on the north edge of the village.  He can teach you the ways of the Hunter.', '6672', '1', '80', '0', '0', '0', '0', '0', '0', 'To learn to be one with Nature in the eyes of the Earth Mother, this is a matter of pride.  If your will is to learn the ways of the Hunter you must seek out Yaw Sharpmane at the north end of Bloodhoof Village.', 'To learn to be one with Nature in the eyes of the Earth Mother, this is a matter of pride.  If your will is to learn the ways of the Hunter you must seek out Yaw Sharpmane at the north end of Bloodhoof Village.', '6673', '1', '20', '0', '0', '0', '0', '0', '0', '', '', NULL, '0', '0', '0', '0', '0', '0', '0', '0', '', '', NULL, '0', '0', '0', '0', '0', '0', '0', '0', '', '', NULL, '0', '0', '0', '0', '0', '0', '0', '0', '', '', NULL, '0', '0', '0', '0', '0', '0', '0', '0', '', '', NULL, '0', '0', '0', '0', '0', '0', '0', '0', '', '', NULL, '0', '0', '0', '0', '0', '0', '0', '0');
INSERT INTO gossip_menu (`MenuID`, `TextID`) VALUES ('3315', '1872420');
INSERT INTO points_of_interest (`ID`, `PositionX`, `PositionY`, `Icon`, `Flags`, `Importance`, `Name`, `VerifiedBuild`) VALUES ('422', '-2178.15', '-406.144', '6', '99', '0', 'Yaw Sharpmane', '0');
INSERT INTO gossip_menu_option (`MenuID`, `OptionID`, `OptionIcon`, `OptionText`, `OptionBroadcastTextID`, `OptionType`, `OptionNpcFlag`, `ActionMenuID`, `ActionPoiID`, `BoxCoded`, `BoxMoney`, `BoxText`, `BoxBroadcastTextID`) VALUES ('3329', '1', '0', 'Hunter', '50546', '1', '1', '3315', '422', '0', '0', '', NULL);
INSERT INTO gossip_text (`ID`, `comment`, `text0_0`, `text0_1`, `BroadcastTextID0`, `lang0`, `Probability0`, `em0_0`, `em0_1`, `em0_2`, `em0_3`, `em0_4`, `em0_5`, `text1_0`, `text1_1`, `BroadcastTextID1`, `lang1`, `Probability1`, `em1_0`, `em1_1`, `em1_2`, `em1_3`, `em1_4`, `em1_5`, `text2_0`, `text2_1`, `BroadcastTextID2`, `lang2`, `Probability2`, `em2_0`, `em2_1`, `em2_2`, `em2_3`, `em2_4`, `em2_5`, `text3_0`, `text3_1`, `BroadcastTextID3`, `lang3`, `Probability3`, `em3_0`, `em3_1`, `em3_2`, `em3_3`, `em3_4`, `em3_5`, `text4_0`, `text4_1`, `BroadcastTextID4`, `lang4`, `Probability4`, `em4_0`, `em4_1`, `em4_2`, `em4_3`, `em4_4`, `em4_5`, `text5_0`, `text5_1`, `BroadcastTextID5`, `lang5`, `Probability5`, `em5_0`, `em5_1`, `em5_2`, `em5_3`, `em5_4`, `em5_5`, `text6_0`, `text6_1`, `BroadcastTextID6`, `lang6`, `Probability6`, `em6_0`, `em6_1`, `em6_2`, `em6_3`, `em6_4`, `em6_5`, `text7_0`, `text7_1`, `BroadcastTextID7`, `lang7`, `Probability7`, `em7_0`, `em7_1`, `em7_2`, `em7_3`, `em7_4`, `em7_5`) VALUES ('1872421', 'Imported from TC', 'There is a large tent on the east side of Bloodhoof Village.  You will find Narm Skychaser awaiting you there.', 'There is a large tent on the east side of Bloodhoof Village.  You will find Narm Skychaser awaiting you there.', '6674', '1', '80', '0', '0', '0', '0', '0', '0', 'There is a wise one in the village who goes by the name Narm Skychaser.  He can continue your learning along the path of the Shaman.', 'There is a wise one in the village who goes by the name Narm Skychaser.  He can continue your learning along the path of the Shaman.', '6675', '1', '20', '0', '0', '0', '0', '0', '0', '', '', NULL, '0', '0', '0', '0', '0', '0', '0', '0', '', '', NULL, '0', '0', '0', '0', '0', '0', '0', '0', '', '', NULL, '0', '0', '0', '0', '0', '0', '0', '0', '', '', NULL, '0', '0', '0', '0', '0', '0', '0', '0', '', '', NULL, '0', '0', '0', '0', '0', '0', '0', '0', '', '', NULL, '0', '0', '0', '0', '0', '0', '0', '0');
INSERT INTO gossip_menu (`MenuID`, `TextID`) VALUES ('3316', '1872421');
INSERT INTO points_of_interest (`ID`, `PositionX`, `PositionY`, `Icon`, `Flags`, `Importance`, `Name`, `VerifiedBuild`) VALUES ('423', '-2301.5', '-439.871', '6', '99', '0', 'Narm Skychaser', '0');
INSERT INTO gossip_menu_option (`MenuID`, `OptionID`, `OptionIcon`, `OptionText`, `OptionBroadcastTextID`, `OptionType`, `OptionNpcFlag`, `ActionMenuID`, `ActionPoiID`, `BoxCoded`, `BoxMoney`, `BoxText`, `BoxBroadcastTextID`) VALUES ('3329', '2', '0', 'Shaman', '45410', '1', '1', '3316', '423', '0', '0', '', NULL);
INSERT INTO gossip_text (`ID`, `comment`, `text0_0`, `text0_1`, `BroadcastTextID0`, `lang0`, `Probability0`, `em0_0`, `em0_1`, `em0_2`, `em0_3`, `em0_4`, `em0_5`, `text1_0`, `text1_1`, `BroadcastTextID1`, `lang1`, `Probability1`, `em1_0`, `em1_1`, `em1_2`, `em1_3`, `em1_4`, `em1_5`, `text2_0`, `text2_1`, `BroadcastTextID2`, `lang2`, `Probability2`, `em2_0`, `em2_1`, `em2_2`, `em2_3`, `em2_4`, `em2_5`, `text3_0`, `text3_1`, `BroadcastTextID3`, `lang3`, `Probability3`, `em3_0`, `em3_1`, `em3_2`, `em3_3`, `em3_4`, `em3_5`, `text4_0`, `text4_1`, `BroadcastTextID4`, `lang4`, `Probability4`, `em4_0`, `em4_1`, `em4_2`, `em4_3`, `em4_4`, `em4_5`, `text5_0`, `text5_1`, `BroadcastTextID5`, `lang5`, `Probability5`, `em5_0`, `em5_1`, `em5_2`, `em5_3`, `em5_4`, `em5_5`, `text6_0`, `text6_1`, `BroadcastTextID6`, `lang6`, `Probability6`, `em6_0`, `em6_1`, `em6_2`, `em6_3`, `em6_4`, `em6_5`, `text7_0`, `text7_1`, `BroadcastTextID7`, `lang7`, `Probability7`, `em7_0`, `em7_1`, `em7_2`, `em7_3`, `em7_4`, `em7_5`) VALUES ('1872422', 'Imported from TC', 'Krang Stonehoof stands astride his training circle at the southeast corner of the village.', 'Krang Stonehoof stands astride his training circle at the southeast corner of the village.', '6676', '1', '80', '0', '0', '0', '0', '0', '0', 'If it is the way of the Warrior that you crave then you must seek out Krang Stonehoof.  You will find him in the southeast corner of the village at his training circle, often instructing his other students.', 'If it is the way of the Warrior that you crave then you must seek out Krang Stonehoof.  You will find him in the southeast corner of the village at his training circle, often instructing his other students.', '6677', '1', '20', '0', '0', '0', '0', '0', '0', '', '', NULL, '0', '0', '0', '0', '0', '0', '0', '0', '', '', NULL, '0', '0', '0', '0', '0', '0', '0', '0', '', '', NULL, '0', '0', '0', '0', '0', '0', '0', '0', '', '', NULL, '0', '0', '0', '0', '0', '0', '0', '0', '', '', NULL, '0', '0', '0', '0', '0', '0', '0', '0', '', '', NULL, '0', '0', '0', '0', '0', '0', '0', '0');
INSERT INTO gossip_menu (`MenuID`, `TextID`) VALUES ('3317', '1872422');
INSERT INTO points_of_interest (`ID`, `PositionX`, `PositionY`, `Icon`, `Flags`, `Importance`, `Name`, `VerifiedBuild`) VALUES ('424', '-2345.44', '-494.114', '6', '99', '0', 'Krang Stonehoof', '0');
INSERT INTO gossip_menu_option (`MenuID`, `OptionID`, `OptionIcon`, `OptionText`, `OptionBroadcastTextID`, `OptionType`, `OptionNpcFlag`, `ActionMenuID`, `ActionPoiID`, `BoxCoded`, `BoxMoney`, `BoxText`, `BoxBroadcastTextID`) VALUES ('3329', '3', '0', 'Warrior', '45408', '1', '1', '3317', '424', '0', '0', '', NULL);
INSERT INTO gossip_menu_option (`MenuID`, `OptionID`, `OptionIcon`, `OptionText`, `OptionBroadcastTextID`, `OptionType`, `OptionNpcFlag`, `ActionMenuID`, `ActionPoiID`, `BoxCoded`, `BoxMoney`, `BoxText`, `BoxBroadcastTextID`) VALUES ('3331', '4', '0', 'A class trainer', '6792', '1', '1', '3329', NULL, '0', '0', '', NULL);
INSERT INTO gossip_text (`ID`, `comment`, `text0_0`, `text0_1`, `BroadcastTextID0`, `lang0`, `Probability0`, `em0_0`, `em0_1`, `em0_2`, `em0_3`, `em0_4`, `em0_5`, `text1_0`, `text1_1`, `BroadcastTextID1`, `lang1`, `Probability1`, `em1_0`, `em1_1`, `em1_2`, `em1_3`, `em1_4`, `em1_5`, `text2_0`, `text2_1`, `BroadcastTextID2`, `lang2`, `Probability2`, `em2_0`, `em2_1`, `em2_2`, `em2_3`, `em2_4`, `em2_5`, `text3_0`, `text3_1`, `BroadcastTextID3`, `lang3`, `Probability3`, `em3_0`, `em3_1`, `em3_2`, `em3_3`, `em3_4`, `em3_5`, `text4_0`, `text4_1`, `BroadcastTextID4`, `lang4`, `Probability4`, `em4_0`, `em4_1`, `em4_2`, `em4_3`, `em4_4`, `em4_5`, `text5_0`, `text5_1`, `BroadcastTextID5`, `lang5`, `Probability5`, `em5_0`, `em5_1`, `em5_2`, `em5_3`, `em5_4`, `em5_5`, `text6_0`, `text6_1`, `BroadcastTextID6`, `lang6`, `Probability6`, `em6_0`, `em6_1`, `em6_2`, `em6_3`, `em6_4`, `em6_5`, `text7_0`, `text7_1`, `BroadcastTextID7`, `lang7`, `Probability7`, `em7_0`, `em7_1`, `em7_2`, `em7_3`, `em7_4`, `em7_5`) VALUES ('1872423', 'Imported from TC', 'Which profession?', 'Which profession?', '6775', '1', '100', '0', '0', '0', '0', '0', '0', '', '', NULL, '0', '0', '0', '0', '0', '0', '0', '0', '', '', NULL, '0', '0', '0', '0', '0', '0', '0', '0', '', '', NULL, '0', '0', '0', '0', '0', '0', '0', '0', '', '', NULL, '0', '0', '0', '0', '0', '0', '0', '0', '', '', NULL, '0', '0', '0', '0', '0', '0', '0', '0', '', '', NULL, '0', '0', '0', '0', '0', '0', '0', '0', '', '', NULL, '0', '0', '0', '0', '0', '0', '0', '0');
INSERT INTO gossip_menu (`MenuID`, `TextID`) VALUES ('3330', '1872423');
INSERT INTO gossip_text (`ID`, `comment`, `text0_0`, `text0_1`, `BroadcastTextID0`, `lang0`, `Probability0`, `em0_0`, `em0_1`, `em0_2`, `em0_3`, `em0_4`, `em0_5`, `text1_0`, `text1_1`, `BroadcastTextID1`, `lang1`, `Probability1`, `em1_0`, `em1_1`, `em1_2`, `em1_3`, `em1_4`, `em1_5`, `text2_0`, `text2_1`, `BroadcastTextID2`, `lang2`, `Probability2`, `em2_0`, `em2_1`, `em2_2`, `em2_3`, `em2_4`, `em2_5`, `text3_0`, `text3_1`, `BroadcastTextID3`, `lang3`, `Probability3`, `em3_0`, `em3_1`, `em3_2`, `em3_3`, `em3_4`, `em3_5`, `text4_0`, `text4_1`, `BroadcastTextID4`, `lang4`, `Probability4`, `em4_0`, `em4_1`, `em4_2`, `em4_3`, `em4_4`, `em4_5`, `text5_0`, `text5_1`, `BroadcastTextID5`, `lang5`, `Probability5`, `em5_0`, `em5_1`, `em5_2`, `em5_3`, `em5_4`, `em5_5`, `text6_0`, `text6_1`, `BroadcastTextID6`, `lang6`, `Probability6`, `em6_0`, `em6_1`, `em6_2`, `em6_3`, `em6_4`, `em6_5`, `text7_0`, `text7_1`, `BroadcastTextID7`, `lang7`, `Probability7`, `em7_0`, `em7_1`, `em7_2`, `em7_3`, `em7_4`, `em7_5`) VALUES ('1872424', 'Imported from TC', 'While we have no Alchemy Trainer here in Bloodhoof Village, there is one in Thunder Bluff to the north.  Follow the road there and ask one of the Bluffwatchers for directions when you get to the top.', 'While we have no Alchemy Trainer here in Bloodhoof Village, there is one in Thunder Bluff to the north.  Follow the road there and ask one of the Bluffwatchers for directions when you get to the top.', '6678', '1', '80', '0', '0', '0', '0', '0', '0', 'Using the fruits of the Earth Mother to create potions to aid us in our eternal struggle is an honorable endeavor.  To learn of this you must travel north to our great home of Thunder Bluff.  When you arrive at the top seek out the assistance of one of the Bluffwatchers for more specific directions.', 'Using the fruits of the Earth Mother to create potions to aid us in our eternal struggle is an honorable endeavor.  To learn of this you must travel north to our great home of Thunder Bluff.  When you arrive at the top seek out the assistance of one of the Bluffwatchers for more specific directions.', '6679', '1', '20', '0', '0', '0', '0', '0', '0', '', '', NULL, '0', '0', '0', '0', '0', '0', '0', '0', '', '', NULL, '0', '0', '0', '0', '0', '0', '0', '0', '', '', NULL, '0', '0', '0', '0', '0', '0', '0', '0', '', '', NULL, '0', '0', '0', '0', '0', '0', '0', '0', '', '', NULL, '0', '0', '0', '0', '0', '0', '0', '0', '', '', NULL, '0', '0', '0', '0', '0', '0', '0', '0');
INSERT INTO gossip_menu (`MenuID`, `TextID`) VALUES ('3318', '1872424');
INSERT INTO gossip_menu_option (`MenuID`, `OptionID`, `OptionIcon`, `OptionText`, `OptionBroadcastTextID`, `OptionType`, `OptionNpcFlag`, `ActionMenuID`, `ActionPoiID`, `BoxCoded`, `BoxMoney`, `BoxText`, `BoxBroadcastTextID`) VALUES ('3330', '0', '0', 'Alchemy', '52058', '1', '1', '3318', NULL, '0', '0', '', NULL);
INSERT INTO gossip_text (`ID`, `comment`, `text0_0`, `text0_1`, `BroadcastTextID0`, `lang0`, `Probability0`, `em0_0`, `em0_1`, `em0_2`, `em0_3`, `em0_4`, `em0_5`, `text1_0`, `text1_1`, `BroadcastTextID1`, `lang1`, `Probability1`, `em1_0`, `em1_1`, `em1_2`, `em1_3`, `em1_4`, `em1_5`, `text2_0`, `text2_1`, `BroadcastTextID2`, `lang2`, `Probability2`, `em2_0`, `em2_1`, `em2_2`, `em2_3`, `em2_4`, `em2_5`, `text3_0`, `text3_1`, `BroadcastTextID3`, `lang3`, `Probability3`, `em3_0`, `em3_1`, `em3_2`, `em3_3`, `em3_4`, `em3_5`, `text4_0`, `text4_1`, `BroadcastTextID4`, `lang4`, `Probability4`, `em4_0`, `em4_1`, `em4_2`, `em4_3`, `em4_4`, `em4_5`, `text5_0`, `text5_1`, `BroadcastTextID5`, `lang5`, `Probability5`, `em5_0`, `em5_1`, `em5_2`, `em5_3`, `em5_4`, `em5_5`, `text6_0`, `text6_1`, `BroadcastTextID6`, `lang6`, `Probability6`, `em6_0`, `em6_1`, `em6_2`, `em6_3`, `em6_4`, `em6_5`, `text7_0`, `text7_1`, `BroadcastTextID7`, `lang7`, `Probability7`, `em7_0`, `em7_1`, `em7_2`, `em7_3`, `em7_4`, `em7_5`) VALUES ('1872425', 'Imported from TC', 'There is a Blacksmithing Trainer in our great home Thunder Bluff to the north.  If you seek such knowledge then head there and ask one of the Bluffwatchers for directions.', 'There is a Blacksmithing Trainer in our great home Thunder Bluff to the north.  If you seek such knowledge then head there and ask one of the Bluffwatchers for directions.', '6680', '1', '80', '0', '0', '0', '0', '0', '0', 'You desire to shape the bones of the Earth Mother into tools that will aid the Horde.  Good, good.  Follow the path north out of Bloodhoof Village until you come to the elevator leading to the top of Thunder Bluff.  A Bluffwatcher there can give you further assistance.', 'You desire to shape the bones of the Earth Mother into tools that will aid the Horde.  Good, good.  Follow the path north out of Bloodhoof Village until you come to the elevator leading to the top of Thunder Bluff.  A Bluffwatcher there can give you further assistance.', '6681', '1', '20', '0', '0', '0', '0', '0', '0', '', '', NULL, '0', '0', '0', '0', '0', '0', '0', '0', '', '', NULL, '0', '0', '0', '0', '0', '0', '0', '0', '', '', NULL, '0', '0', '0', '0', '0', '0', '0', '0', '', '', NULL, '0', '0', '0', '0', '0', '0', '0', '0', '', '', NULL, '0', '0', '0', '0', '0', '0', '0', '0', '', '', NULL, '0', '0', '0', '0', '0', '0', '0', '0');
INSERT INTO gossip_menu (`MenuID`, `TextID`) VALUES ('3319', '1872425');
INSERT INTO gossip_menu_option (`MenuID`, `OptionID`, `OptionIcon`, `OptionText`, `OptionBroadcastTextID`, `OptionType`, `OptionNpcFlag`, `ActionMenuID`, `ActionPoiID`, `BoxCoded`, `BoxMoney`, `BoxText`, `BoxBroadcastTextID`) VALUES ('3330', '1', '0', 'Blacksmithing', '51346', '1', '1', '3319', NULL, '0', '0', '', NULL);
INSERT INTO gossip_text (`ID`, `comment`, `text0_0`, `text0_1`, `BroadcastTextID0`, `lang0`, `Probability0`, `em0_0`, `em0_1`, `em0_2`, `em0_3`, `em0_4`, `em0_5`, `text1_0`, `text1_1`, `BroadcastTextID1`, `lang1`, `Probability1`, `em1_0`, `em1_1`, `em1_2`, `em1_3`, `em1_4`, `em1_5`, `text2_0`, `text2_1`, `BroadcastTextID2`, `lang2`, `Probability2`, `em2_0`, `em2_1`, `em2_2`, `em2_3`, `em2_4`, `em2_5`, `text3_0`, `text3_1`, `BroadcastTextID3`, `lang3`, `Probability3`, `em3_0`, `em3_1`, `em3_2`, `em3_3`, `em3_4`, `em3_5`, `text4_0`, `text4_1`, `BroadcastTextID4`, `lang4`, `Probability4`, `em4_0`, `em4_1`, `em4_2`, `em4_3`, `em4_4`, `em4_5`, `text5_0`, `text5_1`, `BroadcastTextID5`, `lang5`, `Probability5`, `em5_0`, `em5_1`, `em5_2`, `em5_3`, `em5_4`, `em5_5`, `text6_0`, `text6_1`, `BroadcastTextID6`, `lang6`, `Probability6`, `em6_0`, `em6_1`, `em6_2`, `em6_3`, `em6_4`, `em6_5`, `text7_0`, `text7_1`, `BroadcastTextID7`, `lang7`, `Probability7`, `em7_0`, `em7_1`, `em7_2`, `em7_3`, `em7_4`, `em7_5`) VALUES ('1872426', 'Imported from TC', 'You will find Pyall Silentstride inside the great tent in the northwest corner of the village.  He can teach you what you crave.', 'You will find Pyall Silentstride inside the great tent in the northwest corner of the village.  He can teach you what you crave.', '6682', '1', '80', '0', '0', '0', '0', '0', '0', 'My mouth waters just to think on it.  Pyall Silentstride is the finest cook in Bloodhoof Village.  You will find him in the great tent at the northwest corner of the village.', 'My mouth waters just to think on it.  Pyall Silentstride is the finest cook in Bloodhoof Village.  You will find him in the great tent at the northwest corner of the village.', '6683', '1', '20', '0', '0', '0', '0', '0', '0', '', '', NULL, '0', '0', '0', '0', '0', '0', '0', '0', '', '', NULL, '0', '0', '0', '0', '0', '0', '0', '0', '', '', NULL, '0', '0', '0', '0', '0', '0', '0', '0', '', '', NULL, '0', '0', '0', '0', '0', '0', '0', '0', '', '', NULL, '0', '0', '0', '0', '0', '0', '0', '0', '', '', NULL, '0', '0', '0', '0', '0', '0', '0', '0');
INSERT INTO gossip_menu (`MenuID`, `TextID`) VALUES ('3320', '1872426');
INSERT INTO points_of_interest (`ID`, `PositionX`, `PositionY`, `Icon`, `Flags`, `Importance`, `Name`, `VerifiedBuild`) VALUES ('425', '-2263.34', '-287.91', '6', '99', '0', 'Pyall Silentstride', '0');
INSERT INTO gossip_menu_option (`MenuID`, `OptionID`, `OptionIcon`, `OptionText`, `OptionBroadcastTextID`, `OptionType`, `OptionNpcFlag`, `ActionMenuID`, `ActionPoiID`, `BoxCoded`, `BoxMoney`, `BoxText`, `BoxBroadcastTextID`) VALUES ('3330', '2', '0', 'Cooking', '45763', '1', '1', '3320', '425', '0', '0', '', NULL);
INSERT INTO gossip_text (`ID`, `comment`, `text0_0`, `text0_1`, `BroadcastTextID0`, `lang0`, `Probability0`, `em0_0`, `em0_1`, `em0_2`, `em0_3`, `em0_4`, `em0_5`, `text1_0`, `text1_1`, `BroadcastTextID1`, `lang1`, `Probability1`, `em1_0`, `em1_1`, `em1_2`, `em1_3`, `em1_4`, `em1_5`, `text2_0`, `text2_1`, `BroadcastTextID2`, `lang2`, `Probability2`, `em2_0`, `em2_1`, `em2_2`, `em2_3`, `em2_4`, `em2_5`, `text3_0`, `text3_1`, `BroadcastTextID3`, `lang3`, `Probability3`, `em3_0`, `em3_1`, `em3_2`, `em3_3`, `em3_4`, `em3_5`, `text4_0`, `text4_1`, `BroadcastTextID4`, `lang4`, `Probability4`, `em4_0`, `em4_1`, `em4_2`, `em4_3`, `em4_4`, `em4_5`, `text5_0`, `text5_1`, `BroadcastTextID5`, `lang5`, `Probability5`, `em5_0`, `em5_1`, `em5_2`, `em5_3`, `em5_4`, `em5_5`, `text6_0`, `text6_1`, `BroadcastTextID6`, `lang6`, `Probability6`, `em6_0`, `em6_1`, `em6_2`, `em6_3`, `em6_4`, `em6_5`, `text7_0`, `text7_1`, `BroadcastTextID7`, `lang7`, `Probability7`, `em7_0`, `em7_1`, `em7_2`, `em7_3`, `em7_4`, `em7_5`) VALUES ('1872427', 'Imported from TC', 'Away to Thunder Bluff to the north is where your journey takes you then friend.  Once there seek out the wisdom of one of the Bluffwatchers who can tell you directly where to find whom you seek.', 'Away to Thunder Bluff to the north is where your journey takes you then friend.  Once there seek out the wisdom of one of the Bluffwatchers who can tell you directly where to find whom you seek.', '6684', '1', '80', '0', '0', '0', '0', '0', '0', 'Such wisdom is steeped in a mystery that can only be found in great Thunder Bluff.  Follow the path north out of Bloodhoof Village until you come to an elevator at the base of the bluffs.  Ride it to the top and ask one of the Bluffwatchers for further assistance.', 'Such wisdom is steeped in a mystery that can only be found in great Thunder Bluff.  Follow the path north out of Bloodhoof Village until you come to an elevator at the base of the bluffs.  Ride it to the top and ask one of the Bluffwatchers for further assistance.', '6685', '1', '20', '0', '0', '0', '0', '0', '0', '', '', NULL, '0', '0', '0', '0', '0', '0', '0', '0', '', '', NULL, '0', '0', '0', '0', '0', '0', '0', '0', '', '', NULL, '0', '0', '0', '0', '0', '0', '0', '0', '', '', NULL, '0', '0', '0', '0', '0', '0', '0', '0', '', '', NULL, '0', '0', '0', '0', '0', '0', '0', '0', '', '', NULL, '0', '0', '0', '0', '0', '0', '0', '0');
INSERT INTO gossip_menu (`MenuID`, `TextID`) VALUES ('3321', '1872427');
INSERT INTO gossip_menu_option (`MenuID`, `OptionID`, `OptionIcon`, `OptionText`, `OptionBroadcastTextID`, `OptionType`, `OptionNpcFlag`, `ActionMenuID`, `ActionPoiID`, `BoxCoded`, `BoxMoney`, `BoxText`, `BoxBroadcastTextID`) VALUES ('3330', '3', '0', 'Enchanting', '52063', '1', '1', '3321', NULL, '0', '0', '', NULL);
INSERT INTO gossip_text (`ID`, `comment`, `text0_0`, `text0_1`, `BroadcastTextID0`, `lang0`, `Probability0`, `em0_0`, `em0_1`, `em0_2`, `em0_3`, `em0_4`, `em0_5`, `text1_0`, `text1_1`, `BroadcastTextID1`, `lang1`, `Probability1`, `em1_0`, `em1_1`, `em1_2`, `em1_3`, `em1_4`, `em1_5`, `text2_0`, `text2_1`, `BroadcastTextID2`, `lang2`, `Probability2`, `em2_0`, `em2_1`, `em2_2`, `em2_3`, `em2_4`, `em2_5`, `text3_0`, `text3_1`, `BroadcastTextID3`, `lang3`, `Probability3`, `em3_0`, `em3_1`, `em3_2`, `em3_3`, `em3_4`, `em3_5`, `text4_0`, `text4_1`, `BroadcastTextID4`, `lang4`, `Probability4`, `em4_0`, `em4_1`, `em4_2`, `em4_3`, `em4_4`, `em4_5`, `text5_0`, `text5_1`, `BroadcastTextID5`, `lang5`, `Probability5`, `em5_0`, `em5_1`, `em5_2`, `em5_3`, `em5_4`, `em5_5`, `text6_0`, `text6_1`, `BroadcastTextID6`, `lang6`, `Probability6`, `em6_0`, `em6_1`, `em6_2`, `em6_3`, `em6_4`, `em6_5`, `text7_0`, `text7_1`, `BroadcastTextID7`, `lang7`, `Probability7`, `em7_0`, `em7_1`, `em7_2`, `em7_3`, `em7_4`, `em7_5`) VALUES ('1872428', 'Imported from TC', 'Vira Younghoof keeps her practice inside the long house on the west side of the village.', 'Vira Younghoof keeps her practice inside the long house on the west side of the village.', '6686', '1', '80', '0', '0', '0', '0', '0', '0', 'Bandages, anti-venoms and such things, these are the inevitable necessities of life on the plains.  Vira Younghoof can teach you this knowledge.  You can find her in the long house on the west side of Bloodhoof Village.', 'Bandages, anti-venoms and such things, these are the inevitable necessities of life on the plains.  Vira Younghoof can teach you this knowledge.  You can find her in the long house on the west side of Bloodhoof Village.', '6687', '1', '20', '0', '0', '0', '0', '0', '0', '', '', NULL, '0', '0', '0', '0', '0', '0', '0', '0', '', '', NULL, '0', '0', '0', '0', '0', '0', '0', '0', '', '', NULL, '0', '0', '0', '0', '0', '0', '0', '0', '', '', NULL, '0', '0', '0', '0', '0', '0', '0', '0', '', '', NULL, '0', '0', '0', '0', '0', '0', '0', '0', '', '', NULL, '0', '0', '0', '0', '0', '0', '0', '0');
INSERT INTO gossip_menu (`MenuID`, `TextID`) VALUES ('3322', '1872428');
INSERT INTO points_of_interest (`ID`, `PositionX`, `PositionY`, `Icon`, `Flags`, `Importance`, `Name`, `VerifiedBuild`) VALUES ('426', '-2353.52', '-355.821', '6', '99', '0', 'Vira Younghoof', '0');
INSERT INTO gossip_menu_option (`MenuID`, `OptionID`, `OptionIcon`, `OptionText`, `OptionBroadcastTextID`, `OptionType`, `OptionNpcFlag`, `ActionMenuID`, `ActionPoiID`, `BoxCoded`, `BoxMoney`, `BoxText`, `BoxBroadcastTextID`) VALUES ('3330', '4', '0', 'First Aid', '52066', '1', '1', '3322', '426', '0', '0', '', NULL);
INSERT INTO gossip_text (`ID`, `comment`, `text0_0`, `text0_1`, `BroadcastTextID0`, `lang0`, `Probability0`, `em0_0`, `em0_1`, `em0_2`, `em0_3`, `em0_4`, `em0_5`, `text1_0`, `text1_1`, `BroadcastTextID1`, `lang1`, `Probability1`, `em1_0`, `em1_1`, `em1_2`, `em1_3`, `em1_4`, `em1_5`, `text2_0`, `text2_1`, `BroadcastTextID2`, `lang2`, `Probability2`, `em2_0`, `em2_1`, `em2_2`, `em2_3`, `em2_4`, `em2_5`, `text3_0`, `text3_1`, `BroadcastTextID3`, `lang3`, `Probability3`, `em3_0`, `em3_1`, `em3_2`, `em3_3`, `em3_4`, `em3_5`, `text4_0`, `text4_1`, `BroadcastTextID4`, `lang4`, `Probability4`, `em4_0`, `em4_1`, `em4_2`, `em4_3`, `em4_4`, `em4_5`, `text5_0`, `text5_1`, `BroadcastTextID5`, `lang5`, `Probability5`, `em5_0`, `em5_1`, `em5_2`, `em5_3`, `em5_4`, `em5_5`, `text6_0`, `text6_1`, `BroadcastTextID6`, `lang6`, `Probability6`, `em6_0`, `em6_1`, `em6_2`, `em6_3`, `em6_4`, `em6_5`, `text7_0`, `text7_1`, `BroadcastTextID7`, `lang7`, `Probability7`, `em7_0`, `em7_1`, `em7_2`, `em7_3`, `em7_4`, `em7_5`) VALUES ('1872429', 'Imported from TC', 'You are looking for Uthan Stillwater.  You will find him west of the village, fishing at Stonebull Lake.', 'You are looking for Uthan Stillwater.  You will find him west of the village, fishing at Stonebull Lake.', '6688', '1', '80', '0', '0', '0', '0', '0', '0', 'Give a bull a fish and feed him for a day.  Teach a bull to fish and feed him for life.  Uthan Stillwater can teach you how to fish.  Seek his wisdom west of Bloodhoof Village along the banks of Stonebull Lake.', 'Give a bull a fish and feed him for a day.  Teach a bull to fish and feed him for life.  Uthan Stillwater can teach you how to fish.  Seek his wisdom west of Bloodhoof Village along the banks of Stonebull Lake.', '6689', '1', '20', '0', '0', '0', '0', '0', '0', '', '', NULL, '0', '0', '0', '0', '0', '0', '0', '0', '', '', NULL, '0', '0', '0', '0', '0', '0', '0', '0', '', '', NULL, '0', '0', '0', '0', '0', '0', '0', '0', '', '', NULL, '0', '0', '0', '0', '0', '0', '0', '0', '', '', NULL, '0', '0', '0', '0', '0', '0', '0', '0', '', '', NULL, '0', '0', '0', '0', '0', '0', '0', '0');
INSERT INTO gossip_menu (`MenuID`, `TextID`) VALUES ('3323', '1872429');
INSERT INTO points_of_interest (`ID`, `PositionX`, `PositionY`, `Icon`, `Flags`, `Importance`, `Name`, `VerifiedBuild`) VALUES ('427', '-2349.22', '-241.376', '6', '99', '0', 'Uthan Stillwater', '0');
INSERT INTO gossip_menu_option (`MenuID`, `OptionID`, `OptionIcon`, `OptionText`, `OptionBroadcastTextID`, `OptionType`, `OptionNpcFlag`, `ActionMenuID`, `ActionPoiID`, `BoxCoded`, `BoxMoney`, `BoxText`, `BoxBroadcastTextID`) VALUES ('3330', '5', '0', 'Fishing', '45767', '1', '1', '3323', '427', '0', '0', '', NULL);
INSERT INTO gossip_text (`ID`, `comment`, `text0_0`, `text0_1`, `BroadcastTextID0`, `lang0`, `Probability0`, `em0_0`, `em0_1`, `em0_2`, `em0_3`, `em0_4`, `em0_5`, `text1_0`, `text1_1`, `BroadcastTextID1`, `lang1`, `Probability1`, `em1_0`, `em1_1`, `em1_2`, `em1_3`, `em1_4`, `em1_5`, `text2_0`, `text2_1`, `BroadcastTextID2`, `lang2`, `Probability2`, `em2_0`, `em2_1`, `em2_2`, `em2_3`, `em2_4`, `em2_5`, `text3_0`, `text3_1`, `BroadcastTextID3`, `lang3`, `Probability3`, `em3_0`, `em3_1`, `em3_2`, `em3_3`, `em3_4`, `em3_5`, `text4_0`, `text4_1`, `BroadcastTextID4`, `lang4`, `Probability4`, `em4_0`, `em4_1`, `em4_2`, `em4_3`, `em4_4`, `em4_5`, `text5_0`, `text5_1`, `BroadcastTextID5`, `lang5`, `Probability5`, `em5_0`, `em5_1`, `em5_2`, `em5_3`, `em5_4`, `em5_5`, `text6_0`, `text6_1`, `BroadcastTextID6`, `lang6`, `Probability6`, `em6_0`, `em6_1`, `em6_2`, `em6_3`, `em6_4`, `em6_5`, `text7_0`, `text7_1`, `BroadcastTextID7`, `lang7`, `Probability7`, `em7_0`, `em7_1`, `em7_2`, `em7_3`, `em7_4`, `em7_5`) VALUES ('1872430', 'Imported from TC', 'If you desire to learn the ways of Herbalism then it is to Thunder Bluff that you must go.  Follow the road north out of Bloodhoof Village and take the elevator to the top of the rise.  You can ask a Bluffwatcher there for further assistance.', 'If you desire to learn the ways of Herbalism then it is to Thunder Bluff that you must go.  Follow the road north out of Bloodhoof Village and take the elevator to the top of the rise.  You can ask a Bluffwatcher there for further assistance.', '6690', '1', '80', '0', '0', '0', '0', '0', '0', 'There are those that would teach you of Herbalism in the great home of Thunder Bluff away to the north.  Follow the road out of the village to get there and at the base of the bluff ride the elevator to the top of the rise.  There are many Bluffwatchers there who can direct you further.', 'There are those that would teach you of Herbalism in the great home of Thunder Bluff away to the north.  Follow the road out of the village to get there and at the base of the bluff ride the elevator to the top of the rise.  There are many Bluffwatchers there who can direct you further.', '6691', '1', '20', '0', '0', '0', '0', '0', '0', '', '', NULL, '0', '0', '0', '0', '0', '0', '0', '0', '', '', NULL, '0', '0', '0', '0', '0', '0', '0', '0', '', '', NULL, '0', '0', '0', '0', '0', '0', '0', '0', '', '', NULL, '0', '0', '0', '0', '0', '0', '0', '0', '', '', NULL, '0', '0', '0', '0', '0', '0', '0', '0', '', '', NULL, '0', '0', '0', '0', '0', '0', '0', '0');
INSERT INTO gossip_menu (`MenuID`, `TextID`) VALUES ('3324', '1872430');
INSERT INTO gossip_menu_option (`MenuID`, `OptionID`, `OptionIcon`, `OptionText`, `OptionBroadcastTextID`, `OptionType`, `OptionNpcFlag`, `ActionMenuID`, `ActionPoiID`, `BoxCoded`, `BoxMoney`, `BoxText`, `BoxBroadcastTextID`) VALUES ('3330', '6', '0', 'Herbalism', '45768', '1', '1', '3324', NULL, '0', '0', '', NULL);
-- Menu 10021 is already imported
-- POI 296 is already imported
INSERT INTO gossip_menu_option (`MenuID`, `OptionID`, `OptionIcon`, `OptionText`, `OptionBroadcastTextID`, `OptionType`, `OptionNpcFlag`, `ActionMenuID`, `ActionPoiID`, `BoxCoded`, `BoxMoney`, `BoxText`, `BoxBroadcastTextID`, `patch_min`) VALUES ('3330', '7', '0', 'Inscription', '48811', '1', '1', '10021', '296', '0', '0', '', NULL, '5');
INSERT INTO gossip_text (`ID`, `comment`, `text0_0`, `text0_1`, `BroadcastTextID0`, `lang0`, `Probability0`, `em0_0`, `em0_1`, `em0_2`, `em0_3`, `em0_4`, `em0_5`, `text1_0`, `text1_1`, `BroadcastTextID1`, `lang1`, `Probability1`, `em1_0`, `em1_1`, `em1_2`, `em1_3`, `em1_4`, `em1_5`, `text2_0`, `text2_1`, `BroadcastTextID2`, `lang2`, `Probability2`, `em2_0`, `em2_1`, `em2_2`, `em2_3`, `em2_4`, `em2_5`, `text3_0`, `text3_1`, `BroadcastTextID3`, `lang3`, `Probability3`, `em3_0`, `em3_1`, `em3_2`, `em3_3`, `em3_4`, `em3_5`, `text4_0`, `text4_1`, `BroadcastTextID4`, `lang4`, `Probability4`, `em4_0`, `em4_1`, `em4_2`, `em4_3`, `em4_4`, `em4_5`, `text5_0`, `text5_1`, `BroadcastTextID5`, `lang5`, `Probability5`, `em5_0`, `em5_1`, `em5_2`, `em5_3`, `em5_4`, `em5_5`, `text6_0`, `text6_1`, `BroadcastTextID6`, `lang6`, `Probability6`, `em6_0`, `em6_1`, `em6_2`, `em6_3`, `em6_4`, `em6_5`, `text7_0`, `text7_1`, `BroadcastTextID7`, `lang7`, `Probability7`, `em7_0`, `em7_1`, `em7_2`, `em7_3`, `em7_4`, `em7_5`) VALUES ('1872431', 'Imported from TC', 'Inside the great tent at the northwest corner of the village is where Chaw Stronghide resides.  He will teach you what you must know of Leatherworking for now.', 'Inside the great tent at the northwest corner of the village is where Chaw Stronghide resides.  He will teach you what you must know of Leatherworking for now.', '6692', '1', '80', '0', '0', '0', '0', '0', '0', 'When we use the hides of the animals we must fell for food or protection we give honor to the Earth Mother and respect to the animal.  Chaw Stronghide can teach you of such things.  You will find him in the great tent at the northwest corner of Bloodhoof Village.', 'When we use the hides of the animals we must fell for food or protection we give honor to the Earth Mother and respect to the animal.  Chaw Stronghide can teach you of such things.  You will find him in the great tent at the northwest corner of Bloodhoof Village.', '6693', '1', '20', '0', '0', '0', '0', '0', '0', '', '', NULL, '0', '0', '0', '0', '0', '0', '0', '0', '', '', NULL, '0', '0', '0', '0', '0', '0', '0', '0', '', '', NULL, '0', '0', '0', '0', '0', '0', '0', '0', '', '', NULL, '0', '0', '0', '0', '0', '0', '0', '0', '', '', NULL, '0', '0', '0', '0', '0', '0', '0', '0', '', '', NULL, '0', '0', '0', '0', '0', '0', '0', '0');
INSERT INTO gossip_menu (`MenuID`, `TextID`) VALUES ('3325', '1872431');
INSERT INTO points_of_interest (`ID`, `PositionX`, `PositionY`, `Icon`, `Flags`, `Importance`, `Name`, `VerifiedBuild`) VALUES ('428', '-2257.12', '-288.633', '6', '99', '0', 'Chaw Stronghide', '0');
INSERT INTO gossip_menu_option (`MenuID`, `OptionID`, `OptionIcon`, `OptionText`, `OptionBroadcastTextID`, `OptionType`, `OptionNpcFlag`, `ActionMenuID`, `ActionPoiID`, `BoxCoded`, `BoxMoney`, `BoxText`, `BoxBroadcastTextID`) VALUES ('3330', '8', '0', 'Leatherworking', '52071', '1', '1', '3325', '428', '0', '0', '', NULL);
INSERT INTO gossip_text (`ID`, `comment`, `text0_0`, `text0_1`, `BroadcastTextID0`, `lang0`, `Probability0`, `em0_0`, `em0_1`, `em0_2`, `em0_3`, `em0_4`, `em0_5`, `text1_0`, `text1_1`, `BroadcastTextID1`, `lang1`, `Probability1`, `em1_0`, `em1_1`, `em1_2`, `em1_3`, `em1_4`, `em1_5`, `text2_0`, `text2_1`, `BroadcastTextID2`, `lang2`, `Probability2`, `em2_0`, `em2_1`, `em2_2`, `em2_3`, `em2_4`, `em2_5`, `text3_0`, `text3_1`, `BroadcastTextID3`, `lang3`, `Probability3`, `em3_0`, `em3_1`, `em3_2`, `em3_3`, `em3_4`, `em3_5`, `text4_0`, `text4_1`, `BroadcastTextID4`, `lang4`, `Probability4`, `em4_0`, `em4_1`, `em4_2`, `em4_3`, `em4_4`, `em4_5`, `text5_0`, `text5_1`, `BroadcastTextID5`, `lang5`, `Probability5`, `em5_0`, `em5_1`, `em5_2`, `em5_3`, `em5_4`, `em5_5`, `text6_0`, `text6_1`, `BroadcastTextID6`, `lang6`, `Probability6`, `em6_0`, `em6_1`, `em6_2`, `em6_3`, `em6_4`, `em6_5`, `text7_0`, `text7_1`, `BroadcastTextID7`, `lang7`, `Probability7`, `em7_0`, `em7_1`, `em7_2`, `em7_3`, `em7_4`, `em7_5`) VALUES ('1872432', 'Imported from TC', 'Hmmm, I think you will need to go up to Thunder Bluff to learn that.  Head north on the road out of Bloodhoof Village.  It will take you to the base of Thunder Bluff.  Ride the elevator to the top and you should be able to ask any of the Bluffwatchers there for further assistance.', 'Hmmm, I think you will need to go up to Thunder Bluff to learn that.  Head north on the road out of Bloodhoof Village.  It will take you to the base of Thunder Bluff.  Ride the elevator to the top and you should be able to ask any of the Bluffwatchers there for further assistance.', '6694', '1', '80', '0', '0', '0', '0', '0', '0', 'I hear that they have a Mining Trainer in Thunder Bluff to the north.  Take the road out of the village and when you get there ride the elevator to the top of the rise.  Any of the Bluffwatchers should be able to help you from there.', 'I hear that they have a Mining Trainer in Thunder Bluff to the north.  Take the road out of the village and when you get there ride the elevator to the top of the rise.  Any of the Bluffwatchers should be able to help you from there.', '6695', '1', '20', '0', '0', '0', '0', '0', '0', '', '', NULL, '0', '0', '0', '0', '0', '0', '0', '0', '', '', NULL, '0', '0', '0', '0', '0', '0', '0', '0', '', '', NULL, '0', '0', '0', '0', '0', '0', '0', '0', '', '', NULL, '0', '0', '0', '0', '0', '0', '0', '0', '', '', NULL, '0', '0', '0', '0', '0', '0', '0', '0', '', '', NULL, '0', '0', '0', '0', '0', '0', '0', '0');
INSERT INTO gossip_menu (`MenuID`, `TextID`) VALUES ('3326', '1872432');
INSERT INTO gossip_menu_option (`MenuID`, `OptionID`, `OptionIcon`, `OptionText`, `OptionBroadcastTextID`, `OptionType`, `OptionNpcFlag`, `ActionMenuID`, `ActionPoiID`, `BoxCoded`, `BoxMoney`, `BoxText`, `BoxBroadcastTextID`) VALUES ('3330', '9', '0', 'Mining', '51348', '1', '1', '3326', NULL, '0', '0', '', NULL);
INSERT INTO gossip_text (`ID`, `comment`, `text0_0`, `text0_1`, `BroadcastTextID0`, `lang0`, `Probability0`, `em0_0`, `em0_1`, `em0_2`, `em0_3`, `em0_4`, `em0_5`, `text1_0`, `text1_1`, `BroadcastTextID1`, `lang1`, `Probability1`, `em1_0`, `em1_1`, `em1_2`, `em1_3`, `em1_4`, `em1_5`, `text2_0`, `text2_1`, `BroadcastTextID2`, `lang2`, `Probability2`, `em2_0`, `em2_1`, `em2_2`, `em2_3`, `em2_4`, `em2_5`, `text3_0`, `text3_1`, `BroadcastTextID3`, `lang3`, `Probability3`, `em3_0`, `em3_1`, `em3_2`, `em3_3`, `em3_4`, `em3_5`, `text4_0`, `text4_1`, `BroadcastTextID4`, `lang4`, `Probability4`, `em4_0`, `em4_1`, `em4_2`, `em4_3`, `em4_4`, `em4_5`, `text5_0`, `text5_1`, `BroadcastTextID5`, `lang5`, `Probability5`, `em5_0`, `em5_1`, `em5_2`, `em5_3`, `em5_4`, `em5_5`, `text6_0`, `text6_1`, `BroadcastTextID6`, `lang6`, `Probability6`, `em6_0`, `em6_1`, `em6_2`, `em6_3`, `em6_4`, `em6_5`, `text7_0`, `text7_1`, `BroadcastTextID7`, `lang7`, `Probability7`, `em7_0`, `em7_1`, `em7_2`, `em7_3`, `em7_4`, `em7_5`) VALUES ('1872433', 'Imported from TC', 'Yonn Deepcut can be found inside the great tent at the northwest corner of Bloodhoof Village.', 'Yonn Deepcut can be found inside the great tent at the northwest corner of Bloodhoof Village.', '6696', '1', '80', '0', '0', '0', '0', '0', '0', 'Ah yes, Skinning.  There is no one finer in wielding a skinning knife than Yonn Deepcut.  You can find him in the great tent at the northwest corner of the village.', 'Ah yes, Skinning.  There is no one finer in wielding a skinning knife than Yonn Deepcut.  You can find him in the great tent at the northwest corner of the village.', '6697', '1', '20', '0', '0', '0', '0', '0', '0', '', '', NULL, '0', '0', '0', '0', '0', '0', '0', '0', '', '', NULL, '0', '0', '0', '0', '0', '0', '0', '0', '', '', NULL, '0', '0', '0', '0', '0', '0', '0', '0', '', '', NULL, '0', '0', '0', '0', '0', '0', '0', '0', '', '', NULL, '0', '0', '0', '0', '0', '0', '0', '0', '', '', NULL, '0', '0', '0', '0', '0', '0', '0', '0');
INSERT INTO gossip_menu (`MenuID`, `TextID`) VALUES ('3327', '1872433');
INSERT INTO points_of_interest (`ID`, `PositionX`, `PositionY`, `Icon`, `Flags`, `Importance`, `Name`, `VerifiedBuild`) VALUES ('429', '-2252.95', '-291.324', '6', '99', '0', 'Yonn Deepcut', '0');
INSERT INTO gossip_menu_option (`MenuID`, `OptionID`, `OptionIcon`, `OptionText`, `OptionBroadcastTextID`, `OptionType`, `OptionNpcFlag`, `ActionMenuID`, `ActionPoiID`, `BoxCoded`, `BoxMoney`, `BoxText`, `BoxBroadcastTextID`) VALUES ('3330', '10', '0', 'Skinning', '52076', '1', '1', '3327', '429', '0', '0', '', NULL);
INSERT INTO gossip_text (`ID`, `comment`, `text0_0`, `text0_1`, `BroadcastTextID0`, `lang0`, `Probability0`, `em0_0`, `em0_1`, `em0_2`, `em0_3`, `em0_4`, `em0_5`, `text1_0`, `text1_1`, `BroadcastTextID1`, `lang1`, `Probability1`, `em1_0`, `em1_1`, `em1_2`, `em1_3`, `em1_4`, `em1_5`, `text2_0`, `text2_1`, `BroadcastTextID2`, `lang2`, `Probability2`, `em2_0`, `em2_1`, `em2_2`, `em2_3`, `em2_4`, `em2_5`, `text3_0`, `text3_1`, `BroadcastTextID3`, `lang3`, `Probability3`, `em3_0`, `em3_1`, `em3_2`, `em3_3`, `em3_4`, `em3_5`, `text4_0`, `text4_1`, `BroadcastTextID4`, `lang4`, `Probability4`, `em4_0`, `em4_1`, `em4_2`, `em4_3`, `em4_4`, `em4_5`, `text5_0`, `text5_1`, `BroadcastTextID5`, `lang5`, `Probability5`, `em5_0`, `em5_1`, `em5_2`, `em5_3`, `em5_4`, `em5_5`, `text6_0`, `text6_1`, `BroadcastTextID6`, `lang6`, `Probability6`, `em6_0`, `em6_1`, `em6_2`, `em6_3`, `em6_4`, `em6_5`, `text7_0`, `text7_1`, `BroadcastTextID7`, `lang7`, `Probability7`, `em7_0`, `em7_1`, `em7_2`, `em7_3`, `em7_4`, `em7_5`) VALUES ('1872434', 'Imported from TC', 'Unfortunately we do not have one who teaches Tailoring here in Bloodhoof Village, but you can find a trainer in Thunder Bluff.  Follow the path north out of the village until you come to a set of elevators.  Take one up to the top of the rise and ask one of the Bluffwatchers there for directions.', 'Unfortunately we do not have one who teaches Tailoring here in Bloodhoof Village, but you can find a trainer in Thunder Bluff.  Follow the path north out of the village until you come to a set of elevators.  Take one up to the top of the rise and ask one of the Bluffwatchers there for directions.', '6698', '1', '80', '0', '0', '0', '0', '0', '0', 'Tailoring you say?  Hmmm.  Ah yes, of course.  You\'ll need to head to Thunder Bluff, up north.  Take the path out of the village to get there.  When you arrive at the base of the bluffs ride the elevator to the top of the rise and speak with one of the Bluffwatchers.', 'Tailoring you say?  Hmmm.  Ah yes, of course.  You\'ll need to head to Thunder Bluff, up north.  Take the path out of the village to get there.  When you arrive at the base of the bluffs ride the elevator to the top of the rise and speak with one of the Bluffwatchers.', '6699', '1', '20', '0', '0', '0', '0', '0', '0', '', '', NULL, '0', '0', '0', '0', '0', '0', '0', '0', '', '', NULL, '0', '0', '0', '0', '0', '0', '0', '0', '', '', NULL, '0', '0', '0', '0', '0', '0', '0', '0', '', '', NULL, '0', '0', '0', '0', '0', '0', '0', '0', '', '', NULL, '0', '0', '0', '0', '0', '0', '0', '0', '', '', NULL, '0', '0', '0', '0', '0', '0', '0', '0');
INSERT INTO gossip_menu (`MenuID`, `TextID`) VALUES ('3328', '1872434');
INSERT INTO gossip_menu_option (`MenuID`, `OptionID`, `OptionIcon`, `OptionText`, `OptionBroadcastTextID`, `OptionType`, `OptionNpcFlag`, `ActionMenuID`, `ActionPoiID`, `BoxCoded`, `BoxMoney`, `BoxText`, `BoxBroadcastTextID`) VALUES ('3330', '11', '0', 'Tailoring', '52077', '1', '1', '3328', NULL, '0', '0', '', NULL);
INSERT INTO gossip_menu_option (`MenuID`, `OptionID`, `OptionIcon`, `OptionText`, `OptionBroadcastTextID`, `OptionType`, `OptionNpcFlag`, `ActionMenuID`, `ActionPoiID`, `BoxCoded`, `BoxMoney`, `BoxText`, `BoxBroadcastTextID`) VALUES ('3331', '5', '0', 'A profession trainer', '6793', '1', '1', '3330', NULL, '0', '0', '', NULL);
UPDATE creature_template SET npcflag = (npcflag | 1), gossip_menu_id = 3331 WHERE entry = 3218;


-- Importing creature gossip with entry 3222 (Brave Wildrunner) with import type GOSSIP
-- Menu 3331 is already imported
UPDATE creature_template SET npcflag = (npcflag | 1), gossip_menu_id = 3331 WHERE entry = 3222;


-- Importing creature gossip with entry 3224 (Brave Cloudmane) with import type GOSSIP
-- Menu 3331 is already imported
UPDATE creature_template SET npcflag = (npcflag | 1), gossip_menu_id = 3331 WHERE entry = 3224;


-- Importing creature gossip with entry 3212 (Brave Ironhorn) with import type GOSSIP
-- Menu 3331 is already imported
UPDATE creature_template SET npcflag = (npcflag | 1), gossip_menu_id = 3331 WHERE entry = 3212;


-- Importing creature gossip with entry 3219 (Brave Leaping Deer) with import type GOSSIP
-- Menu 3331 is already imported
UPDATE creature_template SET npcflag = (npcflag | 1), gossip_menu_id = 3331 WHERE entry = 3219;


-- Importing creature gossip with entry 3215 (Brave Strongbash) with import type GOSSIP
-- Menu 3331 is already imported
UPDATE creature_template SET npcflag = (npcflag | 1), gossip_menu_id = 3331 WHERE entry = 3215;


-- Importing creature gossip with entry 3220 (Brave Darksky) with import type GOSSIP
-- Menu 3331 is already imported
UPDATE creature_template SET npcflag = (npcflag | 1), gossip_menu_id = 3331 WHERE entry = 3220;


-- Importing creature gossip with entry 3217 (Brave Dawneagle) with import type GOSSIP
-- Menu 3331 is already imported
UPDATE creature_template SET npcflag = (npcflag | 1), gossip_menu_id = 3331 WHERE entry = 3217;


-- Importing creature gossip with entry 3221 (Brave Rockhorn) with import type GOSSIP
-- Menu 3331 is already imported
UPDATE creature_template SET npcflag = (npcflag | 1), gossip_menu_id = 3331 WHERE entry = 3221;


-- Importing creature gossip with entry 3223 (Brave Rainchaser) with import type GOSSIP
-- Menu 3331 is already imported
UPDATE creature_template SET npcflag = (npcflag | 1), gossip_menu_id = 3331 WHERE entry = 3223;


-- Importing creature gossip with entry 1745 (Deathguard Morris) with import type GOSSIP
-- Importing menu 3356 as 57025
INSERT INTO gossip_text (`ID`, `comment`, `text0_0`, `text0_1`, `BroadcastTextID0`, `lang0`, `Probability0`, `em0_0`, `em0_1`, `em0_2`, `em0_3`, `em0_4`, `em0_5`, `text1_0`, `text1_1`, `BroadcastTextID1`, `lang1`, `Probability1`, `em1_0`, `em1_1`, `em1_2`, `em1_3`, `em1_4`, `em1_5`, `text2_0`, `text2_1`, `BroadcastTextID2`, `lang2`, `Probability2`, `em2_0`, `em2_1`, `em2_2`, `em2_3`, `em2_4`, `em2_5`, `text3_0`, `text3_1`, `BroadcastTextID3`, `lang3`, `Probability3`, `em3_0`, `em3_1`, `em3_2`, `em3_3`, `em3_4`, `em3_5`, `text4_0`, `text4_1`, `BroadcastTextID4`, `lang4`, `Probability4`, `em4_0`, `em4_1`, `em4_2`, `em4_3`, `em4_4`, `em4_5`, `text5_0`, `text5_1`, `BroadcastTextID5`, `lang5`, `Probability5`, `em5_0`, `em5_1`, `em5_2`, `em5_3`, `em5_4`, `em5_5`, `text6_0`, `text6_1`, `BroadcastTextID6`, `lang6`, `Probability6`, `em6_0`, `em6_1`, `em6_2`, `em6_3`, `em6_4`, `em6_5`, `text7_0`, `text7_1`, `BroadcastTextID7`, `lang7`, `Probability7`, `em7_0`, `em7_1`, `em7_2`, `em7_3`, `em7_4`, `em7_5`) VALUES ('1872435', 'Imported from TC', 'What are you looking for?', 'What are you looking for?', '21585', '1', '100', '0', '0', '0', '0', '0', '0', '', '', NULL, '0', '0', '0', '0', '0', '0', '0', '0', '', '', NULL, '0', '0', '0', '0', '0', '0', '0', '0', '', '', NULL, '0', '0', '0', '0', '0', '0', '0', '0', '', '', NULL, '0', '0', '0', '0', '0', '0', '0', '0', '', '', NULL, '0', '0', '0', '0', '0', '0', '0', '0', '', '', NULL, '0', '0', '0', '0', '0', '0', '0', '0', '', '', NULL, '0', '0', '0', '0', '0', '0', '0', '0');
INSERT INTO gossip_menu (`MenuID`, `TextID`) VALUES ('57025', '1872435');
-- Importing menu 3334 as 57026
INSERT INTO gossip_text (`ID`, `comment`, `text0_0`, `text0_1`, `BroadcastTextID0`, `lang0`, `Probability0`, `em0_0`, `em0_1`, `em0_2`, `em0_3`, `em0_4`, `em0_5`, `text1_0`, `text1_1`, `BroadcastTextID1`, `lang1`, `Probability1`, `em1_0`, `em1_1`, `em1_2`, `em1_3`, `em1_4`, `em1_5`, `text2_0`, `text2_1`, `BroadcastTextID2`, `lang2`, `Probability2`, `em2_0`, `em2_1`, `em2_2`, `em2_3`, `em2_4`, `em2_5`, `text3_0`, `text3_1`, `BroadcastTextID3`, `lang3`, `Probability3`, `em3_0`, `em3_1`, `em3_2`, `em3_3`, `em3_4`, `em3_5`, `text4_0`, `text4_1`, `BroadcastTextID4`, `lang4`, `Probability4`, `em4_0`, `em4_1`, `em4_2`, `em4_3`, `em4_4`, `em4_5`, `text5_0`, `text5_1`, `BroadcastTextID5`, `lang5`, `Probability5`, `em5_0`, `em5_1`, `em5_2`, `em5_3`, `em5_4`, `em5_5`, `text6_0`, `text6_1`, `BroadcastTextID6`, `lang6`, `Probability6`, `em6_0`, `em6_1`, `em6_2`, `em6_3`, `em6_4`, `em6_5`, `text7_0`, `text7_1`, `BroadcastTextID7`, `lang7`, `Probability7`, `em7_0`, `em7_1`, `em7_2`, `em7_3`, `em7_4`, `em7_5`) VALUES ('1872436', 'Imported from TC', 'We don\'t have a bank here in Brill, you\'ll have to go to the Undercity for that.  At the back of the Ruins of Lordaeron to the south are elevators that will take you down into the Undercity.  Once there ask one of the Undercity Guardians for more precise directions.', 'We don\'t have a bank here in Brill, you\'ll have to go to the Undercity for that.  At the back of the Ruins of Lordaeron to the south are elevators that will take you down into the Undercity.  Once there ask one of the Undercity Guardians for more precise directions.', '6729', '1', '80', '0', '0', '0', '0', '0', '0', 'What could you possibly need a bank for?  Very well, you\'ll need to go through the Ruins of Lordaeron to the south of Brill.  In the back are a set of elevators leading down into the Undercity.  When you get there stop any of those lumbering Abominations they like to call an Undercity Guardian and ask it for better directions.', 'What could you possibly need a bank for?  Very well, you\'ll need to go through the Ruins of Lordaeron to the south of Brill.  In the back are a set of elevators leading down into the Undercity.  When you get there stop any of those lumbering Abominations they like to call an Undercity Guardian and ask it for better directions.', '6730', '1', '20', '0', '0', '0', '0', '0', '0', '', '', NULL, '0', '0', '0', '0', '0', '0', '0', '0', '', '', NULL, '0', '0', '0', '0', '0', '0', '0', '0', '', '', NULL, '0', '0', '0', '0', '0', '0', '0', '0', '', '', NULL, '0', '0', '0', '0', '0', '0', '0', '0', '', '', NULL, '0', '0', '0', '0', '0', '0', '0', '0', '', '', NULL, '0', '0', '0', '0', '0', '0', '0', '0');
INSERT INTO gossip_menu (`MenuID`, `TextID`) VALUES ('57026', '1872436');
INSERT INTO gossip_menu_option (`MenuID`, `OptionID`, `OptionIcon`, `OptionText`, `OptionBroadcastTextID`, `OptionType`, `OptionNpcFlag`, `ActionMenuID`, `ActionPoiID`, `BoxCoded`, `BoxMoney`, `BoxText`, `BoxBroadcastTextID`) VALUES ('57025', '0', '0', 'The bank', '7066', '1', '1', '57026', NULL, '0', '0', '', NULL);
-- Importing menu 3335 as 57027
INSERT INTO gossip_text (`ID`, `comment`, `text0_0`, `text0_1`, `BroadcastTextID0`, `lang0`, `Probability0`, `em0_0`, `em0_1`, `em0_2`, `em0_3`, `em0_4`, `em0_5`, `text1_0`, `text1_1`, `BroadcastTextID1`, `lang1`, `Probability1`, `em1_0`, `em1_1`, `em1_2`, `em1_3`, `em1_4`, `em1_5`, `text2_0`, `text2_1`, `BroadcastTextID2`, `lang2`, `Probability2`, `em2_0`, `em2_1`, `em2_2`, `em2_3`, `em2_4`, `em2_5`, `text3_0`, `text3_1`, `BroadcastTextID3`, `lang3`, `Probability3`, `em3_0`, `em3_1`, `em3_2`, `em3_3`, `em3_4`, `em3_5`, `text4_0`, `text4_1`, `BroadcastTextID4`, `lang4`, `Probability4`, `em4_0`, `em4_1`, `em4_2`, `em4_3`, `em4_4`, `em4_5`, `text5_0`, `text5_1`, `BroadcastTextID5`, `lang5`, `Probability5`, `em5_0`, `em5_1`, `em5_2`, `em5_3`, `em5_4`, `em5_5`, `text6_0`, `text6_1`, `BroadcastTextID6`, `lang6`, `Probability6`, `em6_0`, `em6_1`, `em6_2`, `em6_3`, `em6_4`, `em6_5`, `text7_0`, `text7_1`, `BroadcastTextID7`, `lang7`, `Probability7`, `em7_0`, `em7_1`, `em7_2`, `em7_3`, `em7_4`, `em7_5`) VALUES ('1872437', 'Imported from TC', 'There\'s a Bat Handler inside the Undercity.  Head south down the road out of Brill, then west at the T-intersection.  The Ruins of Lordaeron will be on your left.  Go into them and then down into the Undercity.  You can ask an Undercity Guardian there for further assistance.', 'There\'s a Bat Handler inside the Undercity.  Head south down the road out of Brill, then west at the T-intersection.  The Ruins of Lordaeron will be on your left.  Go into them and then down into the Undercity.  You can ask an Undercity Guardian there for further assistance.', '6731', '1', '80', '0', '0', '0', '0', '0', '0', 'Somewhere to fly to?  You\'ll need to go to the Undercity for that!  Go south on the road out of town, then southwest to the Ruins of Lordaeron.  You can catch the elevator down to the Undercity from the back of the ruins and once there ask an Undercity Guardian for more specific directions.', 'Somewhere to fly to?  You\'ll need to go to the Undercity for that!  Go south on the road out of town, then southwest to the Ruins of Lordaeron.  You can catch the elevator down to the Undercity from the back of the ruins and once there ask an Undercity Guardian for more specific directions.', '6732', '1', '20', '0', '0', '0', '0', '0', '0', '', '', NULL, '0', '0', '0', '0', '0', '0', '0', '0', '', '', NULL, '0', '0', '0', '0', '0', '0', '0', '0', '', '', NULL, '0', '0', '0', '0', '0', '0', '0', '0', '', '', NULL, '0', '0', '0', '0', '0', '0', '0', '0', '', '', NULL, '0', '0', '0', '0', '0', '0', '0', '0', '', '', NULL, '0', '0', '0', '0', '0', '0', '0', '0');
INSERT INTO gossip_menu (`MenuID`, `TextID`) VALUES ('57027', '1872437');
INSERT INTO gossip_menu_option (`MenuID`, `OptionID`, `OptionIcon`, `OptionText`, `OptionBroadcastTextID`, `OptionType`, `OptionNpcFlag`, `ActionMenuID`, `ActionPoiID`, `BoxCoded`, `BoxMoney`, `BoxText`, `BoxBroadcastTextID`) VALUES ('57025', '1', '0', 'The bat handler', '6790', '1', '1', '57027', NULL, '0', '0', '', NULL);
-- Importing menu 3336 as 57028
INSERT INTO gossip_text (`ID`, `comment`, `text0_0`, `text0_1`, `BroadcastTextID0`, `lang0`, `Probability0`, `em0_0`, `em0_1`, `em0_2`, `em0_3`, `em0_4`, `em0_5`, `text1_0`, `text1_1`, `BroadcastTextID1`, `lang1`, `Probability1`, `em1_0`, `em1_1`, `em1_2`, `em1_3`, `em1_4`, `em1_5`, `text2_0`, `text2_1`, `BroadcastTextID2`, `lang2`, `Probability2`, `em2_0`, `em2_1`, `em2_2`, `em2_3`, `em2_4`, `em2_5`, `text3_0`, `text3_1`, `BroadcastTextID3`, `lang3`, `Probability3`, `em3_0`, `em3_1`, `em3_2`, `em3_3`, `em3_4`, `em3_5`, `text4_0`, `text4_1`, `BroadcastTextID4`, `lang4`, `Probability4`, `em4_0`, `em4_1`, `em4_2`, `em4_3`, `em4_4`, `em4_5`, `text5_0`, `text5_1`, `BroadcastTextID5`, `lang5`, `Probability5`, `em5_0`, `em5_1`, `em5_2`, `em5_3`, `em5_4`, `em5_5`, `text6_0`, `text6_1`, `BroadcastTextID6`, `lang6`, `Probability6`, `em6_0`, `em6_1`, `em6_2`, `em6_3`, `em6_4`, `em6_5`, `text7_0`, `text7_1`, `BroadcastTextID7`, `lang7`, `Probability7`, `em7_0`, `em7_1`, `em7_2`, `em7_3`, `em7_4`, `em7_5`) VALUES ('1872438', 'Imported from TC', 'You\'ll find Innkeeper Renee inside the Gallows\' End Tavern at the southeast end of the street running through town.', 'You\'ll find Innkeeper Renee inside the Gallows\' End Tavern at the southeast end of the street running through town.', '6733', '1', '80', '0', '0', '0', '0', '0', '0', 'Now if I were Innkeeper Renee where might I be?  Hmmm?  Oh, perhaps inside the Gallows\' End Tavern.  Yes, that\'s it, I\'m sure of it.  Try the southeast end of Brill... think you can find that?', 'Now if I were Innkeeper Renee where might I be?  Hmmm?  Oh, perhaps inside the Gallows\' End Tavern.  Yes, that\'s it, I\'m sure of it.  Try the southeast end of Brill... think you can find that?', '6734', '1', '20', '0', '0', '0', '0', '0', '0', '', '', NULL, '0', '0', '0', '0', '0', '0', '0', '0', '', '', NULL, '0', '0', '0', '0', '0', '0', '0', '0', '', '', NULL, '0', '0', '0', '0', '0', '0', '0', '0', '', '', NULL, '0', '0', '0', '0', '0', '0', '0', '0', '', '', NULL, '0', '0', '0', '0', '0', '0', '0', '0', '', '', NULL, '0', '0', '0', '0', '0', '0', '0', '0');
INSERT INTO gossip_menu (`MenuID`, `TextID`) VALUES ('57028', '1872438');
-- POI 431 already present in sun db
INSERT INTO gossip_menu_option (`MenuID`, `OptionID`, `OptionIcon`, `OptionText`, `OptionBroadcastTextID`, `OptionType`, `OptionNpcFlag`, `ActionMenuID`, `ActionPoiID`, `BoxCoded`, `BoxMoney`, `BoxText`, `BoxBroadcastTextID`) VALUES ('57025', '2', '0', 'The inn', '7075', '1', '1', '57028', '431', '0', '0', '', NULL);
-- Importing menu 4905 as 57029
INSERT INTO gossip_text (`ID`, `comment`, `text0_0`, `text0_1`, `BroadcastTextID0`, `lang0`, `Probability0`, `em0_0`, `em0_1`, `em0_2`, `em0_3`, `em0_4`, `em0_5`, `text1_0`, `text1_1`, `BroadcastTextID1`, `lang1`, `Probability1`, `em1_0`, `em1_1`, `em1_2`, `em1_3`, `em1_4`, `em1_5`, `text2_0`, `text2_1`, `BroadcastTextID2`, `lang2`, `Probability2`, `em2_0`, `em2_1`, `em2_2`, `em2_3`, `em2_4`, `em2_5`, `text3_0`, `text3_1`, `BroadcastTextID3`, `lang3`, `Probability3`, `em3_0`, `em3_1`, `em3_2`, `em3_3`, `em3_4`, `em3_5`, `text4_0`, `text4_1`, `BroadcastTextID4`, `lang4`, `Probability4`, `em4_0`, `em4_1`, `em4_2`, `em4_3`, `em4_4`, `em4_5`, `text5_0`, `text5_1`, `BroadcastTextID5`, `lang5`, `Probability5`, `em5_0`, `em5_1`, `em5_2`, `em5_3`, `em5_4`, `em5_5`, `text6_0`, `text6_1`, `BroadcastTextID6`, `lang6`, `Probability6`, `em6_0`, `em6_1`, `em6_2`, `em6_3`, `em6_4`, `em6_5`, `text7_0`, `text7_1`, `BroadcastTextID7`, `lang7`, `Probability7`, `em7_0`, `em7_1`, `em7_2`, `em7_3`, `em7_4`, `em7_5`) VALUES ('1872439', 'Imported from TC', 'Morganus the stable master can be found out in front of the stables strangely enough.', 'Morganus the stable master can be found out in front of the stables strangely enough.', '8519', '1', '80', '0', '0', '0', '0', '0', '0', 'Not too clever are you?  Hmm, if I were a stable master perhaps I might be in the vicinity of say, the stable?  Look for Morganus over there.', 'Not too clever are you?  Hmm, if I were a stable master perhaps I might be in the vicinity of say, the stable?  Look for Morganus over there.', '8520', '1', '20', '0', '0', '0', '0', '0', '0', '', '', NULL, '0', '0', '0', '0', '0', '0', '0', '0', '', '', NULL, '0', '0', '0', '0', '0', '0', '0', '0', '', '', NULL, '0', '0', '0', '0', '0', '0', '0', '0', '', '', NULL, '0', '0', '0', '0', '0', '0', '0', '0', '', '', NULL, '0', '0', '0', '0', '0', '0', '0', '0', '', '', NULL, '0', '0', '0', '0', '0', '0', '0', '0');
INSERT INTO gossip_menu (`MenuID`, `TextID`) VALUES ('57029', '1872439');
-- POI 432 already present in sun db
INSERT INTO gossip_menu_option (`MenuID`, `OptionID`, `OptionIcon`, `OptionText`, `OptionBroadcastTextID`, `OptionType`, `OptionNpcFlag`, `ActionMenuID`, `ActionPoiID`, `BoxCoded`, `BoxMoney`, `BoxText`, `BoxBroadcastTextID`) VALUES ('57025', '3', '0', 'The stable master', '8521', '1', '1', '57029', '432', '0', '0', '', NULL);
-- Importing menu 3354 as 57030
INSERT INTO gossip_text (`ID`, `comment`, `text0_0`, `text0_1`, `BroadcastTextID0`, `lang0`, `Probability0`, `em0_0`, `em0_1`, `em0_2`, `em0_3`, `em0_4`, `em0_5`, `text1_0`, `text1_1`, `BroadcastTextID1`, `lang1`, `Probability1`, `em1_0`, `em1_1`, `em1_2`, `em1_3`, `em1_4`, `em1_5`, `text2_0`, `text2_1`, `BroadcastTextID2`, `lang2`, `Probability2`, `em2_0`, `em2_1`, `em2_2`, `em2_3`, `em2_4`, `em2_5`, `text3_0`, `text3_1`, `BroadcastTextID3`, `lang3`, `Probability3`, `em3_0`, `em3_1`, `em3_2`, `em3_3`, `em3_4`, `em3_5`, `text4_0`, `text4_1`, `BroadcastTextID4`, `lang4`, `Probability4`, `em4_0`, `em4_1`, `em4_2`, `em4_3`, `em4_4`, `em4_5`, `text5_0`, `text5_1`, `BroadcastTextID5`, `lang5`, `Probability5`, `em5_0`, `em5_1`, `em5_2`, `em5_3`, `em5_4`, `em5_5`, `text6_0`, `text6_1`, `BroadcastTextID6`, `lang6`, `Probability6`, `em6_0`, `em6_1`, `em6_2`, `em6_3`, `em6_4`, `em6_5`, `text7_0`, `text7_1`, `BroadcastTextID7`, `lang7`, `Probability7`, `em7_0`, `em7_1`, `em7_2`, `em7_3`, `em7_4`, `em7_5`) VALUES ('1872440', 'Imported from TC', 'Which trainer do you seek?', 'Which trainer do you seek?', '6769', '1', '100', '0', '0', '0', '0', '0', '0', '', '', NULL, '0', '0', '0', '0', '0', '0', '0', '0', '', '', NULL, '0', '0', '0', '0', '0', '0', '0', '0', '', '', NULL, '0', '0', '0', '0', '0', '0', '0', '0', '', '', NULL, '0', '0', '0', '0', '0', '0', '0', '0', '', '', NULL, '0', '0', '0', '0', '0', '0', '0', '0', '', '', NULL, '0', '0', '0', '0', '0', '0', '0', '0', '', '', NULL, '0', '0', '0', '0', '0', '0', '0', '0');
INSERT INTO gossip_menu (`MenuID`, `TextID`) VALUES ('57030', '1872440');
-- Importing menu 3337 as 57031
INSERT INTO gossip_text (`ID`, `comment`, `text0_0`, `text0_1`, `BroadcastTextID0`, `lang0`, `Probability0`, `em0_0`, `em0_1`, `em0_2`, `em0_3`, `em0_4`, `em0_5`, `text1_0`, `text1_1`, `BroadcastTextID1`, `lang1`, `Probability1`, `em1_0`, `em1_1`, `em1_2`, `em1_3`, `em1_4`, `em1_5`, `text2_0`, `text2_1`, `BroadcastTextID2`, `lang2`, `Probability2`, `em2_0`, `em2_1`, `em2_2`, `em2_3`, `em2_4`, `em2_5`, `text3_0`, `text3_1`, `BroadcastTextID3`, `lang3`, `Probability3`, `em3_0`, `em3_1`, `em3_2`, `em3_3`, `em3_4`, `em3_5`, `text4_0`, `text4_1`, `BroadcastTextID4`, `lang4`, `Probability4`, `em4_0`, `em4_1`, `em4_2`, `em4_3`, `em4_4`, `em4_5`, `text5_0`, `text5_1`, `BroadcastTextID5`, `lang5`, `Probability5`, `em5_0`, `em5_1`, `em5_2`, `em5_3`, `em5_4`, `em5_5`, `text6_0`, `text6_1`, `BroadcastTextID6`, `lang6`, `Probability6`, `em6_0`, `em6_1`, `em6_2`, `em6_3`, `em6_4`, `em6_5`, `text7_0`, `text7_1`, `BroadcastTextID7`, `lang7`, `Probability7`, `em7_0`, `em7_1`, `em7_2`, `em7_3`, `em7_4`, `em7_5`) VALUES ('1872441', 'Imported from TC', 'You\'ll find the Mage Trainer, Cain Firesong, upstairs on the landing at the Gallows\' End Tavern, which is on the southeast end of Brill.  I guess he checked in too late to get a room.', 'You\'ll find the Mage Trainer, Cain Firesong, upstairs on the landing at the Gallows\' End Tavern, which is on the southeast end of Brill.  I guess he checked in too late to get a room.', '6735', '1', '80', '0', '0', '0', '0', '0', '0', 'Do I look to you like I cast spells?  Well, I did hear that Cain Firesong was hanging out on the upstairs landing of the Gallows\' End Tavern at the southeast end of town.  Odd how he just stands there outside of Gretchen\'s room like that.', 'Do I look to you like I cast spells?  Well, I did hear that Cain Firesong was hanging out on the upstairs landing of the Gallows\' End Tavern at the southeast end of town.  Odd how he just stands there outside of Gretchen\'s room like that.', '6736', '1', '20', '0', '0', '0', '0', '0', '0', '', '', NULL, '0', '0', '0', '0', '0', '0', '0', '0', '', '', NULL, '0', '0', '0', '0', '0', '0', '0', '0', '', '', NULL, '0', '0', '0', '0', '0', '0', '0', '0', '', '', NULL, '0', '0', '0', '0', '0', '0', '0', '0', '', '', NULL, '0', '0', '0', '0', '0', '0', '0', '0', '', '', NULL, '0', '0', '0', '0', '0', '0', '0', '0');
INSERT INTO gossip_menu (`MenuID`, `TextID`) VALUES ('57031', '1872441');
-- POI 433 already present in sun db
INSERT INTO gossip_menu_option (`MenuID`, `OptionID`, `OptionIcon`, `OptionText`, `OptionBroadcastTextID`, `OptionType`, `OptionNpcFlag`, `ActionMenuID`, `ActionPoiID`, `BoxCoded`, `BoxMoney`, `BoxText`, `BoxBroadcastTextID`) VALUES ('57030', '0', '0', 'Mage', '45404', '1', '1', '57031', '433', '0', '0', '', NULL);
-- Importing menu 8166 as 57032
INSERT INTO gossip_text (`ID`, `comment`, `text0_0`, `text0_1`, `BroadcastTextID0`, `lang0`, `Probability0`, `em0_0`, `em0_1`, `em0_2`, `em0_3`, `em0_4`, `em0_5`, `text1_0`, `text1_1`, `BroadcastTextID1`, `lang1`, `Probability1`, `em1_0`, `em1_1`, `em1_2`, `em1_3`, `em1_4`, `em1_5`, `text2_0`, `text2_1`, `BroadcastTextID2`, `lang2`, `Probability2`, `em2_0`, `em2_1`, `em2_2`, `em2_3`, `em2_4`, `em2_5`, `text3_0`, `text3_1`, `BroadcastTextID3`, `lang3`, `Probability3`, `em3_0`, `em3_1`, `em3_2`, `em3_3`, `em3_4`, `em3_5`, `text4_0`, `text4_1`, `BroadcastTextID4`, `lang4`, `Probability4`, `em4_0`, `em4_1`, `em4_2`, `em4_3`, `em4_4`, `em4_5`, `text5_0`, `text5_1`, `BroadcastTextID5`, `lang5`, `Probability5`, `em5_0`, `em5_1`, `em5_2`, `em5_3`, `em5_4`, `em5_5`, `text6_0`, `text6_1`, `BroadcastTextID6`, `lang6`, `Probability6`, `em6_0`, `em6_1`, `em6_2`, `em6_3`, `em6_4`, `em6_5`, `text7_0`, `text7_1`, `BroadcastTextID7`, `lang7`, `Probability7`, `em7_0`, `em7_1`, `em7_2`, `em7_3`, `em7_4`, `em7_5`) VALUES ('1872442', 'Imported from TC', 'Paladin? Have you been partaking of the Apothecary\'s concoctions or some such thing? I have heard a rumor that some elven contingent is visiting the Dark Lady within the Undercity. Perhaps one of them might know.', 'Paladin? Have you been partaking of the Apothecary\'s concoctions or some such thing? I have heard a rumor that some elven contingent is visiting the Dark Lady within the Undercity. Perhaps one of them might know.', '18365', '1', '1', '0', '0', '0', '0', '0', '0', '', '', NULL, '0', '0', '0', '0', '0', '0', '0', '0', '', '', NULL, '0', '0', '0', '0', '0', '0', '0', '0', '', '', NULL, '0', '0', '0', '0', '0', '0', '0', '0', '', '', NULL, '0', '0', '0', '0', '0', '0', '0', '0', '', '', NULL, '0', '0', '0', '0', '0', '0', '0', '0', '', '', NULL, '0', '0', '0', '0', '0', '0', '0', '0', '', '', NULL, '0', '0', '0', '0', '0', '0', '0', '0');
INSERT INTO gossip_menu (`MenuID`, `TextID`) VALUES ('57032', '1872442');
INSERT INTO gossip_menu_option (`MenuID`, `OptionID`, `OptionIcon`, `OptionText`, `OptionBroadcastTextID`, `OptionType`, `OptionNpcFlag`, `ActionMenuID`, `ActionPoiID`, `BoxCoded`, `BoxMoney`, `BoxText`, `BoxBroadcastTextID`) VALUES ('57030', '1', '0', 'Paladin', '48028', '1', '1', '57032', NULL, '0', '0', '', NULL);
-- Importing menu 3338 as 57033
INSERT INTO gossip_text (`ID`, `comment`, `text0_0`, `text0_1`, `BroadcastTextID0`, `lang0`, `Probability0`, `em0_0`, `em0_1`, `em0_2`, `em0_3`, `em0_4`, `em0_5`, `text1_0`, `text1_1`, `BroadcastTextID1`, `lang1`, `Probability1`, `em1_0`, `em1_1`, `em1_2`, `em1_3`, `em1_4`, `em1_5`, `text2_0`, `text2_1`, `BroadcastTextID2`, `lang2`, `Probability2`, `em2_0`, `em2_1`, `em2_2`, `em2_3`, `em2_4`, `em2_5`, `text3_0`, `text3_1`, `BroadcastTextID3`, `lang3`, `Probability3`, `em3_0`, `em3_1`, `em3_2`, `em3_3`, `em3_4`, `em3_5`, `text4_0`, `text4_1`, `BroadcastTextID4`, `lang4`, `Probability4`, `em4_0`, `em4_1`, `em4_2`, `em4_3`, `em4_4`, `em4_5`, `text5_0`, `text5_1`, `BroadcastTextID5`, `lang5`, `Probability5`, `em5_0`, `em5_1`, `em5_2`, `em5_3`, `em5_4`, `em5_5`, `text6_0`, `text6_1`, `BroadcastTextID6`, `lang6`, `Probability6`, `em6_0`, `em6_1`, `em6_2`, `em6_3`, `em6_4`, `em6_5`, `text7_0`, `text7_1`, `BroadcastTextID7`, `lang7`, `Probability7`, `em7_0`, `em7_1`, `em7_2`, `em7_3`, `em7_4`, `em7_5`) VALUES ('1872443', 'Imported from TC', 'At the southeast edge of town is the Gallows\' End Tavern.  Go there and head upstairs, and you\'ll find Dark Cleric Beryl inside the reading room.', 'At the southeast edge of town is the Gallows\' End Tavern.  Go there and head upstairs, and you\'ll find Dark Cleric Beryl inside the reading room.', '6737', '1', '80', '0', '0', '0', '0', '0', '0', 'Ah, you seek Dark Cleric Beryl.  He\'s upstairs in the reading room at the Gallows\' End Tavern.  Reading, praying, who knows what he\'s up to, and who would dare to ask?', 'Ah, you seek Dark Cleric Beryl.  He\'s upstairs in the reading room at the Gallows\' End Tavern.  Reading, praying, who knows what he\'s up to, and who would dare to ask?', '6738', '1', '20', '0', '0', '0', '0', '0', '0', '', '', NULL, '0', '0', '0', '0', '0', '0', '0', '0', '', '', NULL, '0', '0', '0', '0', '0', '0', '0', '0', '', '', NULL, '0', '0', '0', '0', '0', '0', '0', '0', '', '', NULL, '0', '0', '0', '0', '0', '0', '0', '0', '', '', NULL, '0', '0', '0', '0', '0', '0', '0', '0', '', '', NULL, '0', '0', '0', '0', '0', '0', '0', '0');
INSERT INTO gossip_menu (`MenuID`, `TextID`) VALUES ('57033', '1872443');
-- POI 434 already present in sun db
INSERT INTO gossip_menu_option (`MenuID`, `OptionID`, `OptionIcon`, `OptionText`, `OptionBroadcastTextID`, `OptionType`, `OptionNpcFlag`, `ActionMenuID`, `ActionPoiID`, `BoxCoded`, `BoxMoney`, `BoxText`, `BoxBroadcastTextID`) VALUES ('57030', '2', '0', 'Priest', '45405', '1', '1', '57033', '434', '0', '0', '', NULL);
-- Importing menu 3339 as 57034
INSERT INTO gossip_text (`ID`, `comment`, `text0_0`, `text0_1`, `BroadcastTextID0`, `lang0`, `Probability0`, `em0_0`, `em0_1`, `em0_2`, `em0_3`, `em0_4`, `em0_5`, `text1_0`, `text1_1`, `BroadcastTextID1`, `lang1`, `Probability1`, `em1_0`, `em1_1`, `em1_2`, `em1_3`, `em1_4`, `em1_5`, `text2_0`, `text2_1`, `BroadcastTextID2`, `lang2`, `Probability2`, `em2_0`, `em2_1`, `em2_2`, `em2_3`, `em2_4`, `em2_5`, `text3_0`, `text3_1`, `BroadcastTextID3`, `lang3`, `Probability3`, `em3_0`, `em3_1`, `em3_2`, `em3_3`, `em3_4`, `em3_5`, `text4_0`, `text4_1`, `BroadcastTextID4`, `lang4`, `Probability4`, `em4_0`, `em4_1`, `em4_2`, `em4_3`, `em4_4`, `em4_5`, `text5_0`, `text5_1`, `BroadcastTextID5`, `lang5`, `Probability5`, `em5_0`, `em5_1`, `em5_2`, `em5_3`, `em5_4`, `em5_5`, `text6_0`, `text6_1`, `BroadcastTextID6`, `lang6`, `Probability6`, `em6_0`, `em6_1`, `em6_2`, `em6_3`, `em6_4`, `em6_5`, `text7_0`, `text7_1`, `BroadcastTextID7`, `lang7`, `Probability7`, `em7_0`, `em7_1`, `em7_2`, `em7_3`, `em7_4`, `em7_5`) VALUES ('1872444', 'Imported from TC', 'The Rogue Trainer\'s name is Marion Call.  You can find her upstairs in the reading room at the Gallows\' End Tavern at the town\'s southeast edge.', 'The Rogue Trainer\'s name is Marion Call.  You can find her upstairs in the reading room at the Gallows\' End Tavern at the town\'s southeast edge.', '6739', '1', '80', '0', '0', '0', '0', '0', '0', 'Marion Call is keeping Dark Cleric Beryl company in the reading room upstairs at the Gallows\' End Tavern on the southeast edge of Brill.  I\'m just dying to see who wins that staring contest.', 'Marion Call is keeping Dark Cleric Beryl company in the reading room upstairs at the Gallows\' End Tavern on the southeast edge of Brill.  I\'m just dying to see who wins that staring contest.', '6740', '1', '20', '0', '0', '0', '0', '0', '0', '', '', NULL, '0', '0', '0', '0', '0', '0', '0', '0', '', '', NULL, '0', '0', '0', '0', '0', '0', '0', '0', '', '', NULL, '0', '0', '0', '0', '0', '0', '0', '0', '', '', NULL, '0', '0', '0', '0', '0', '0', '0', '0', '', '', NULL, '0', '0', '0', '0', '0', '0', '0', '0', '', '', NULL, '0', '0', '0', '0', '0', '0', '0', '0');
INSERT INTO gossip_menu (`MenuID`, `TextID`) VALUES ('57034', '1872444');
-- POI 435 already present in sun db
INSERT INTO gossip_menu_option (`MenuID`, `OptionID`, `OptionIcon`, `OptionText`, `OptionBroadcastTextID`, `OptionType`, `OptionNpcFlag`, `ActionMenuID`, `ActionPoiID`, `BoxCoded`, `BoxMoney`, `BoxText`, `BoxBroadcastTextID`) VALUES ('57030', '3', '0', 'Rogue', '45406', '1', '1', '57034', '435', '0', '0', '', NULL);
-- Importing menu 3340 as 57035
INSERT INTO gossip_text (`ID`, `comment`, `text0_0`, `text0_1`, `BroadcastTextID0`, `lang0`, `Probability0`, `em0_0`, `em0_1`, `em0_2`, `em0_3`, `em0_4`, `em0_5`, `text1_0`, `text1_1`, `BroadcastTextID1`, `lang1`, `Probability1`, `em1_0`, `em1_1`, `em1_2`, `em1_3`, `em1_4`, `em1_5`, `text2_0`, `text2_1`, `BroadcastTextID2`, `lang2`, `Probability2`, `em2_0`, `em2_1`, `em2_2`, `em2_3`, `em2_4`, `em2_5`, `text3_0`, `text3_1`, `BroadcastTextID3`, `lang3`, `Probability3`, `em3_0`, `em3_1`, `em3_2`, `em3_3`, `em3_4`, `em3_5`, `text4_0`, `text4_1`, `BroadcastTextID4`, `lang4`, `Probability4`, `em4_0`, `em4_1`, `em4_2`, `em4_3`, `em4_4`, `em4_5`, `text5_0`, `text5_1`, `BroadcastTextID5`, `lang5`, `Probability5`, `em5_0`, `em5_1`, `em5_2`, `em5_3`, `em5_4`, `em5_5`, `text6_0`, `text6_1`, `BroadcastTextID6`, `lang6`, `Probability6`, `em6_0`, `em6_1`, `em6_2`, `em6_3`, `em6_4`, `em6_5`, `text7_0`, `text7_1`, `BroadcastTextID7`, `lang7`, `Probability7`, `em7_0`, `em7_1`, `em7_2`, `em7_3`, `em7_4`, `em7_5`) VALUES ('1872445', 'Imported from TC', 'Rupert Boch is his name.  I hear that he\'s upstairs in one of the rooms at the Gallows\' End Tavern on the southeast end of town.', 'Rupert Boch is his name.  I hear that he\'s upstairs in one of the rooms at the Gallows\' End Tavern on the southeast end of town.', '6741', '1', '80', '0', '0', '0', '0', '0', '0', 'That\'s Rupert Boch you\'re looking for.  He and his entourage have a room upstairs at the Gallows\' End Tavern on the southeast end of Brill.', 'That\'s Rupert Boch you\'re looking for.  He and his entourage have a room upstairs at the Gallows\' End Tavern on the southeast end of Brill.', '6742', '1', '20', '0', '0', '0', '0', '0', '0', '', '', NULL, '0', '0', '0', '0', '0', '0', '0', '0', '', '', NULL, '0', '0', '0', '0', '0', '0', '0', '0', '', '', NULL, '0', '0', '0', '0', '0', '0', '0', '0', '', '', NULL, '0', '0', '0', '0', '0', '0', '0', '0', '', '', NULL, '0', '0', '0', '0', '0', '0', '0', '0', '', '', NULL, '0', '0', '0', '0', '0', '0', '0', '0');
INSERT INTO gossip_menu (`MenuID`, `TextID`) VALUES ('57035', '1872445');
-- POI 436 already present in sun db
INSERT INTO gossip_menu_option (`MenuID`, `OptionID`, `OptionIcon`, `OptionText`, `OptionBroadcastTextID`, `OptionType`, `OptionNpcFlag`, `ActionMenuID`, `ActionPoiID`, `BoxCoded`, `BoxMoney`, `BoxText`, `BoxBroadcastTextID`) VALUES ('57030', '4', '0', 'Warlock', '45407', '1', '1', '57035', '436', '0', '0', '', NULL);
-- Importing menu 3341 as 57036
INSERT INTO gossip_text (`ID`, `comment`, `text0_0`, `text0_1`, `BroadcastTextID0`, `lang0`, `Probability0`, `em0_0`, `em0_1`, `em0_2`, `em0_3`, `em0_4`, `em0_5`, `text1_0`, `text1_1`, `BroadcastTextID1`, `lang1`, `Probability1`, `em1_0`, `em1_1`, `em1_2`, `em1_3`, `em1_4`, `em1_5`, `text2_0`, `text2_1`, `BroadcastTextID2`, `lang2`, `Probability2`, `em2_0`, `em2_1`, `em2_2`, `em2_3`, `em2_4`, `em2_5`, `text3_0`, `text3_1`, `BroadcastTextID3`, `lang3`, `Probability3`, `em3_0`, `em3_1`, `em3_2`, `em3_3`, `em3_4`, `em3_5`, `text4_0`, `text4_1`, `BroadcastTextID4`, `lang4`, `Probability4`, `em4_0`, `em4_1`, `em4_2`, `em4_3`, `em4_4`, `em4_5`, `text5_0`, `text5_1`, `BroadcastTextID5`, `lang5`, `Probability5`, `em5_0`, `em5_1`, `em5_2`, `em5_3`, `em5_4`, `em5_5`, `text6_0`, `text6_1`, `BroadcastTextID6`, `lang6`, `Probability6`, `em6_0`, `em6_1`, `em6_2`, `em6_3`, `em6_4`, `em6_5`, `text7_0`, `text7_1`, `BroadcastTextID7`, `lang7`, `Probability7`, `em7_0`, `em7_1`, `em7_2`, `em7_3`, `em7_4`, `em7_5`) VALUES ('1872446', 'Imported from TC', 'Look inside the Gallows\' End Tavern\'s main dining room for Austil de Mon.  The tavern is on the southeast edge of Brill.', 'Look inside the Gallows\' End Tavern\'s main dining room for Austil de Mon.  The tavern is on the southeast edge of Brill.', '6743', '1', '80', '0', '0', '0', '0', '0', '0', 'Yeah, that would be Austil de Mon.  He\'s always hanging out in the tavern at the southeast end of town.  It\'s called the Gallows\' End Tavern, you can\'t miss it.', 'Yeah, that would be Austil de Mon.  He\'s always hanging out in the tavern at the southeast end of town.  It\'s called the Gallows\' End Tavern, you can\'t miss it.', '6744', '1', '20', '0', '0', '0', '0', '0', '0', '', '', NULL, '0', '0', '0', '0', '0', '0', '0', '0', '', '', NULL, '0', '0', '0', '0', '0', '0', '0', '0', '', '', NULL, '0', '0', '0', '0', '0', '0', '0', '0', '', '', NULL, '0', '0', '0', '0', '0', '0', '0', '0', '', '', NULL, '0', '0', '0', '0', '0', '0', '0', '0', '', '', NULL, '0', '0', '0', '0', '0', '0', '0', '0');
INSERT INTO gossip_menu (`MenuID`, `TextID`) VALUES ('57036', '1872446');
-- POI 437 already present in sun db
INSERT INTO gossip_menu_option (`MenuID`, `OptionID`, `OptionIcon`, `OptionText`, `OptionBroadcastTextID`, `OptionType`, `OptionNpcFlag`, `ActionMenuID`, `ActionPoiID`, `BoxCoded`, `BoxMoney`, `BoxText`, `BoxBroadcastTextID`) VALUES ('57030', '5', '0', 'Warrior', '45408', '1', '1', '57036', '437', '0', '0', '', NULL);
INSERT INTO gossip_menu_option (`MenuID`, `OptionID`, `OptionIcon`, `OptionText`, `OptionBroadcastTextID`, `OptionType`, `OptionNpcFlag`, `ActionMenuID`, `ActionPoiID`, `BoxCoded`, `BoxMoney`, `BoxText`, `BoxBroadcastTextID`) VALUES ('57025', '4', '0', 'A class trainer', '6792', '1', '1', '57030', NULL, '0', '0', '', NULL);
-- Importing menu 3355 as 57037
INSERT INTO gossip_text (`ID`, `comment`, `text0_0`, `text0_1`, `BroadcastTextID0`, `lang0`, `Probability0`, `em0_0`, `em0_1`, `em0_2`, `em0_3`, `em0_4`, `em0_5`, `text1_0`, `text1_1`, `BroadcastTextID1`, `lang1`, `Probability1`, `em1_0`, `em1_1`, `em1_2`, `em1_3`, `em1_4`, `em1_5`, `text2_0`, `text2_1`, `BroadcastTextID2`, `lang2`, `Probability2`, `em2_0`, `em2_1`, `em2_2`, `em2_3`, `em2_4`, `em2_5`, `text3_0`, `text3_1`, `BroadcastTextID3`, `lang3`, `Probability3`, `em3_0`, `em3_1`, `em3_2`, `em3_3`, `em3_4`, `em3_5`, `text4_0`, `text4_1`, `BroadcastTextID4`, `lang4`, `Probability4`, `em4_0`, `em4_1`, `em4_2`, `em4_3`, `em4_4`, `em4_5`, `text5_0`, `text5_1`, `BroadcastTextID5`, `lang5`, `Probability5`, `em5_0`, `em5_1`, `em5_2`, `em5_3`, `em5_4`, `em5_5`, `text6_0`, `text6_1`, `BroadcastTextID6`, `lang6`, `Probability6`, `em6_0`, `em6_1`, `em6_2`, `em6_3`, `em6_4`, `em6_5`, `text7_0`, `text7_1`, `BroadcastTextID7`, `lang7`, `Probability7`, `em7_0`, `em7_1`, `em7_2`, `em7_3`, `em7_4`, `em7_5`) VALUES ('1872447', 'Imported from TC', 'Which profession?', 'Which profession?', '6775', '1', '100', '0', '0', '0', '0', '0', '0', '', '', NULL, '0', '0', '0', '0', '0', '0', '0', '0', '', '', NULL, '0', '0', '0', '0', '0', '0', '0', '0', '', '', NULL, '0', '0', '0', '0', '0', '0', '0', '0', '', '', NULL, '0', '0', '0', '0', '0', '0', '0', '0', '', '', NULL, '0', '0', '0', '0', '0', '0', '0', '0', '', '', NULL, '0', '0', '0', '0', '0', '0', '0', '0', '', '', NULL, '0', '0', '0', '0', '0', '0', '0', '0');
INSERT INTO gossip_menu (`MenuID`, `TextID`) VALUES ('57037', '1872447');
-- Importing menu 3342 as 57038
INSERT INTO gossip_text (`ID`, `comment`, `text0_0`, `text0_1`, `BroadcastTextID0`, `lang0`, `Probability0`, `em0_0`, `em0_1`, `em0_2`, `em0_3`, `em0_4`, `em0_5`, `text1_0`, `text1_1`, `BroadcastTextID1`, `lang1`, `Probability1`, `em1_0`, `em1_1`, `em1_2`, `em1_3`, `em1_4`, `em1_5`, `text2_0`, `text2_1`, `BroadcastTextID2`, `lang2`, `Probability2`, `em2_0`, `em2_1`, `em2_2`, `em2_3`, `em2_4`, `em2_5`, `text3_0`, `text3_1`, `BroadcastTextID3`, `lang3`, `Probability3`, `em3_0`, `em3_1`, `em3_2`, `em3_3`, `em3_4`, `em3_5`, `text4_0`, `text4_1`, `BroadcastTextID4`, `lang4`, `Probability4`, `em4_0`, `em4_1`, `em4_2`, `em4_3`, `em4_4`, `em4_5`, `text5_0`, `text5_1`, `BroadcastTextID5`, `lang5`, `Probability5`, `em5_0`, `em5_1`, `em5_2`, `em5_3`, `em5_4`, `em5_5`, `text6_0`, `text6_1`, `BroadcastTextID6`, `lang6`, `Probability6`, `em6_0`, `em6_1`, `em6_2`, `em6_3`, `em6_4`, `em6_5`, `text7_0`, `text7_1`, `BroadcastTextID7`, `lang7`, `Probability7`, `em7_0`, `em7_1`, `em7_2`, `em7_3`, `em7_4`, `em7_5`) VALUES ('1872448', 'Imported from TC', 'Our Alchemist\'s name is Carolai Anise.  You\'ll find her in a house at the northwest end of Brill.', 'Our Alchemist\'s name is Carolai Anise.  You\'ll find her in a house at the northwest end of Brill.', '6745', '1', '80', '0', '0', '0', '0', '0', '0', 'You\'ll find Carolai Anise trying to blow up her house at the northwest end of town.  Why don\'t you go see if you can help her?', 'You\'ll find Carolai Anise trying to blow up her house at the northwest end of town.  Why don\'t you go see if you can help her?', '6746', '1', '20', '0', '0', '0', '0', '0', '0', '', '', NULL, '0', '0', '0', '0', '0', '0', '0', '0', '', '', NULL, '0', '0', '0', '0', '0', '0', '0', '0', '', '', NULL, '0', '0', '0', '0', '0', '0', '0', '0', '', '', NULL, '0', '0', '0', '0', '0', '0', '0', '0', '', '', NULL, '0', '0', '0', '0', '0', '0', '0', '0', '', '', NULL, '0', '0', '0', '0', '0', '0', '0', '0');
INSERT INTO gossip_menu (`MenuID`, `TextID`) VALUES ('57038', '1872448');
-- POI 438 already present in sun db
INSERT INTO gossip_menu_option (`MenuID`, `OptionID`, `OptionIcon`, `OptionText`, `OptionBroadcastTextID`, `OptionType`, `OptionNpcFlag`, `ActionMenuID`, `ActionPoiID`, `BoxCoded`, `BoxMoney`, `BoxText`, `BoxBroadcastTextID`) VALUES ('57037', '0', '0', 'Alchemy', '52058', '1', '1', '57038', '438', '0', '0', '', NULL);
-- Importing menu 3343 as 57039
INSERT INTO gossip_text (`ID`, `comment`, `text0_0`, `text0_1`, `BroadcastTextID0`, `lang0`, `Probability0`, `em0_0`, `em0_1`, `em0_2`, `em0_3`, `em0_4`, `em0_5`, `text1_0`, `text1_1`, `BroadcastTextID1`, `lang1`, `Probability1`, `em1_0`, `em1_1`, `em1_2`, `em1_3`, `em1_4`, `em1_5`, `text2_0`, `text2_1`, `BroadcastTextID2`, `lang2`, `Probability2`, `em2_0`, `em2_1`, `em2_2`, `em2_3`, `em2_4`, `em2_5`, `text3_0`, `text3_1`, `BroadcastTextID3`, `lang3`, `Probability3`, `em3_0`, `em3_1`, `em3_2`, `em3_3`, `em3_4`, `em3_5`, `text4_0`, `text4_1`, `BroadcastTextID4`, `lang4`, `Probability4`, `em4_0`, `em4_1`, `em4_2`, `em4_3`, `em4_4`, `em4_5`, `text5_0`, `text5_1`, `BroadcastTextID5`, `lang5`, `Probability5`, `em5_0`, `em5_1`, `em5_2`, `em5_3`, `em5_4`, `em5_5`, `text6_0`, `text6_1`, `BroadcastTextID6`, `lang6`, `Probability6`, `em6_0`, `em6_1`, `em6_2`, `em6_3`, `em6_4`, `em6_5`, `text7_0`, `text7_1`, `BroadcastTextID7`, `lang7`, `Probability7`, `em7_0`, `em7_1`, `em7_2`, `em7_3`, `em7_4`, `em7_5`) VALUES ('1872449', 'Imported from TC', 'Sorry friend, we don\'t have one of those here in Brill.  You\'ll have to head to the Undercity for that.  The Undercity is underneath the Ruins of Lordaeron to the south of Brill.  From the back of the ruins take the elevator down and then speak to one of the Undercity Guardians to find your way further.', 'Sorry friend, we don\'t have one of those here in Brill.  You\'ll have to head to the Undercity for that.  The Undercity is underneath the Ruins of Lordaeron to the south of Brill.  From the back of the ruins take the elevator down and then speak to one of the Undercity Guardians to find your way further.', '6747', '1', '80', '0', '0', '0', '0', '0', '0', 'Blacksmith?  Nope, our last one turned back into one of those mindless Scourge.  There\'s one in the Undercity though to the south of town though.  Undercity is underneath the Ruins of Lordaeron, clever name, huh?  Just take the elevators down at the back of the ruins and then you can talk to one of the Undercity Guardians.  They should be able to point you in the right direction.', 'Blacksmith?  Nope, our last one turned back into one of those mindless Scourge.  There\'s one in the Undercity though to the south of town though.  Undercity is underneath the Ruins of Lordaeron, clever name, huh?  Just take the elevators down at the back of the ruins and then you can talk to one of the Undercity Guardians.  They should be able to point you in the right direction.', '6748', '1', '20', '0', '0', '0', '0', '0', '0', '', '', NULL, '0', '0', '0', '0', '0', '0', '0', '0', '', '', NULL, '0', '0', '0', '0', '0', '0', '0', '0', '', '', NULL, '0', '0', '0', '0', '0', '0', '0', '0', '', '', NULL, '0', '0', '0', '0', '0', '0', '0', '0', '', '', NULL, '0', '0', '0', '0', '0', '0', '0', '0', '', '', NULL, '0', '0', '0', '0', '0', '0', '0', '0');
INSERT INTO gossip_menu (`MenuID`, `TextID`) VALUES ('57039', '1872449');
INSERT INTO gossip_menu_option (`MenuID`, `OptionID`, `OptionIcon`, `OptionText`, `OptionBroadcastTextID`, `OptionType`, `OptionNpcFlag`, `ActionMenuID`, `ActionPoiID`, `BoxCoded`, `BoxMoney`, `BoxText`, `BoxBroadcastTextID`) VALUES ('57037', '1', '0', 'Blacksmithing', '51346', '1', '1', '57039', NULL, '0', '0', '', NULL);
-- Importing menu 3344 as 57040
INSERT INTO gossip_text (`ID`, `comment`, `text0_0`, `text0_1`, `BroadcastTextID0`, `lang0`, `Probability0`, `em0_0`, `em0_1`, `em0_2`, `em0_3`, `em0_4`, `em0_5`, `text1_0`, `text1_1`, `BroadcastTextID1`, `lang1`, `Probability1`, `em1_0`, `em1_1`, `em1_2`, `em1_3`, `em1_4`, `em1_5`, `text2_0`, `text2_1`, `BroadcastTextID2`, `lang2`, `Probability2`, `em2_0`, `em2_1`, `em2_2`, `em2_3`, `em2_4`, `em2_5`, `text3_0`, `text3_1`, `BroadcastTextID3`, `lang3`, `Probability3`, `em3_0`, `em3_1`, `em3_2`, `em3_3`, `em3_4`, `em3_5`, `text4_0`, `text4_1`, `BroadcastTextID4`, `lang4`, `Probability4`, `em4_0`, `em4_1`, `em4_2`, `em4_3`, `em4_4`, `em4_5`, `text5_0`, `text5_1`, `BroadcastTextID5`, `lang5`, `Probability5`, `em5_0`, `em5_1`, `em5_2`, `em5_3`, `em5_4`, `em5_5`, `text6_0`, `text6_1`, `BroadcastTextID6`, `lang6`, `Probability6`, `em6_0`, `em6_1`, `em6_2`, `em6_3`, `em6_4`, `em6_5`, `text7_0`, `text7_1`, `BroadcastTextID7`, `lang7`, `Probability7`, `em7_0`, `em7_1`, `em7_2`, `em7_3`, `em7_4`, `em7_5`) VALUES ('1872450', 'Imported from TC', 'Fancy yourself a chef?  Head to the Undercity south of town for your training.  You can catch the elevators heading down at the back of the Ruins of Lordaeron.  Talk to one of those lumbering Undercity Guardians for further assistance once you arrive.', 'Fancy yourself a chef?  Head to the Undercity south of town for your training.  You can catch the elevators heading down at the back of the Ruins of Lordaeron.  Talk to one of those lumbering Undercity Guardians for further assistance once you arrive.', '6749', '1', '80', '0', '0', '0', '0', '0', '0', 'Why cook when everything tastes like ashes in your mouth?  If you have one still that is.  Very well, head to the Undercity south of Brill and ask an Undercity Guardian there for further directions to their Cooking Trainer.  To get there you can take the elevators down from the rear of the Ruins of Lordaeron.', 'Why cook when everything tastes like ashes in your mouth?  If you have one still that is.  Very well, head to the Undercity south of Brill and ask an Undercity Guardian there for further directions to their Cooking Trainer.  To get there you can take the elevators down from the rear of the Ruins of Lordaeron.', '6750', '1', '20', '0', '0', '0', '0', '0', '0', '', '', NULL, '0', '0', '0', '0', '0', '0', '0', '0', '', '', NULL, '0', '0', '0', '0', '0', '0', '0', '0', '', '', NULL, '0', '0', '0', '0', '0', '0', '0', '0', '', '', NULL, '0', '0', '0', '0', '0', '0', '0', '0', '', '', NULL, '0', '0', '0', '0', '0', '0', '0', '0', '', '', NULL, '0', '0', '0', '0', '0', '0', '0', '0');
INSERT INTO gossip_menu (`MenuID`, `TextID`) VALUES ('57040', '1872450');
INSERT INTO gossip_menu_option (`MenuID`, `OptionID`, `OptionIcon`, `OptionText`, `OptionBroadcastTextID`, `OptionType`, `OptionNpcFlag`, `ActionMenuID`, `ActionPoiID`, `BoxCoded`, `BoxMoney`, `BoxText`, `BoxBroadcastTextID`) VALUES ('57037', '2', '0', 'Cooking', '45763', '1', '1', '57040', NULL, '0', '0', '', NULL);
-- Importing menu 3345 as 57041
INSERT INTO gossip_text (`ID`, `comment`, `text0_0`, `text0_1`, `BroadcastTextID0`, `lang0`, `Probability0`, `em0_0`, `em0_1`, `em0_2`, `em0_3`, `em0_4`, `em0_5`, `text1_0`, `text1_1`, `BroadcastTextID1`, `lang1`, `Probability1`, `em1_0`, `em1_1`, `em1_2`, `em1_3`, `em1_4`, `em1_5`, `text2_0`, `text2_1`, `BroadcastTextID2`, `lang2`, `Probability2`, `em2_0`, `em2_1`, `em2_2`, `em2_3`, `em2_4`, `em2_5`, `text3_0`, `text3_1`, `BroadcastTextID3`, `lang3`, `Probability3`, `em3_0`, `em3_1`, `em3_2`, `em3_3`, `em3_4`, `em3_5`, `text4_0`, `text4_1`, `BroadcastTextID4`, `lang4`, `Probability4`, `em4_0`, `em4_1`, `em4_2`, `em4_3`, `em4_4`, `em4_5`, `text5_0`, `text5_1`, `BroadcastTextID5`, `lang5`, `Probability5`, `em5_0`, `em5_1`, `em5_2`, `em5_3`, `em5_4`, `em5_5`, `text6_0`, `text6_1`, `BroadcastTextID6`, `lang6`, `Probability6`, `em6_0`, `em6_1`, `em6_2`, `em6_3`, `em6_4`, `em6_5`, `text7_0`, `text7_1`, `BroadcastTextID7`, `lang7`, `Probability7`, `em7_0`, `em7_1`, `em7_2`, `em7_3`, `em7_4`, `em7_5`) VALUES ('1872451', 'Imported from TC', 'You can find Vance Undergloom upstairs in a room at the Gallows\' End Tavern on the southeast side of Brill.', 'You can find Vance Undergloom upstairs in a room at the Gallows\' End Tavern on the southeast side of Brill.', '6751', '1', '80', '0', '0', '0', '0', '0', '0', 'Word is that Vance Undergloom has taken a permanent room upstairs at the Gallows\' End Tavern at the southeast end of town.  I think he\'s just off the reading room.', 'Word is that Vance Undergloom has taken a permanent room upstairs at the Gallows\' End Tavern at the southeast end of town.  I think he\'s just off the reading room.', '6752', '1', '20', '0', '0', '0', '0', '0', '0', '', '', NULL, '0', '0', '0', '0', '0', '0', '0', '0', '', '', NULL, '0', '0', '0', '0', '0', '0', '0', '0', '', '', NULL, '0', '0', '0', '0', '0', '0', '0', '0', '', '', NULL, '0', '0', '0', '0', '0', '0', '0', '0', '', '', NULL, '0', '0', '0', '0', '0', '0', '0', '0', '', '', NULL, '0', '0', '0', '0', '0', '0', '0', '0');
INSERT INTO gossip_menu (`MenuID`, `TextID`) VALUES ('57041', '1872451');
-- POI 439 already present in sun db
INSERT INTO gossip_menu_option (`MenuID`, `OptionID`, `OptionIcon`, `OptionText`, `OptionBroadcastTextID`, `OptionType`, `OptionNpcFlag`, `ActionMenuID`, `ActionPoiID`, `BoxCoded`, `BoxMoney`, `BoxText`, `BoxBroadcastTextID`) VALUES ('57037', '3', '0', 'Enchanting', '52063', '1', '1', '57041', '439', '0', '0', '', NULL);
-- Importing menu 3346 as 57042
INSERT INTO gossip_text (`ID`, `comment`, `text0_0`, `text0_1`, `BroadcastTextID0`, `lang0`, `Probability0`, `em0_0`, `em0_1`, `em0_2`, `em0_3`, `em0_4`, `em0_5`, `text1_0`, `text1_1`, `BroadcastTextID1`, `lang1`, `Probability1`, `em1_0`, `em1_1`, `em1_2`, `em1_3`, `em1_4`, `em1_5`, `text2_0`, `text2_1`, `BroadcastTextID2`, `lang2`, `Probability2`, `em2_0`, `em2_1`, `em2_2`, `em2_3`, `em2_4`, `em2_5`, `text3_0`, `text3_1`, `BroadcastTextID3`, `lang3`, `Probability3`, `em3_0`, `em3_1`, `em3_2`, `em3_3`, `em3_4`, `em3_5`, `text4_0`, `text4_1`, `BroadcastTextID4`, `lang4`, `Probability4`, `em4_0`, `em4_1`, `em4_2`, `em4_3`, `em4_4`, `em4_5`, `text5_0`, `text5_1`, `BroadcastTextID5`, `lang5`, `Probability5`, `em5_0`, `em5_1`, `em5_2`, `em5_3`, `em5_4`, `em5_5`, `text6_0`, `text6_1`, `BroadcastTextID6`, `lang6`, `Probability6`, `em6_0`, `em6_1`, `em6_2`, `em6_3`, `em6_4`, `em6_5`, `text7_0`, `text7_1`, `BroadcastTextID7`, `lang7`, `Probability7`, `em7_0`, `em7_1`, `em7_2`, `em7_3`, `em7_4`, `em7_5`) VALUES ('1872452', 'Imported from TC', 'While there\'s no Engineering Trainer in Brill, there is one down in the Undercity.  To get there head to the back of the Ruins of Lordaeron to the south of town and take the elevator down.  Once you get there ask an Undercity Guardian for more specific directions.', 'While there\'s no Engineering Trainer in Brill, there is one down in the Undercity.  To get there head to the back of the Ruins of Lordaeron to the south of town and take the elevator down.  Once you get there ask an Undercity Guardian for more specific directions.', '6753', '1', '80', '0', '0', '0', '0', '0', '0', 'Rifles, dynamite, bombs, exploding sheep... what\'s not to love?  To learn how to make these and many other exciting tools of the trade head to the Undercity, under the Ruins of Lordaeron to the south of Brill.  Take the elevators down at the back of the ruins.  Once you arrive speak to one of the Undercity Guardians about where the trainer is exactly.', 'Rifles, dynamite, bombs, exploding sheep... what\'s not to love?  To learn how to make these and many other exciting tools of the trade head to the Undercity, under the Ruins of Lordaeron to the south of Brill.  Take the elevators down at the back of the ruins.  Once you arrive speak to one of the Undercity Guardians about where the trainer is exactly.', '6754', '1', '20', '0', '0', '0', '0', '0', '0', '', '', NULL, '0', '0', '0', '0', '0', '0', '0', '0', '', '', NULL, '0', '0', '0', '0', '0', '0', '0', '0', '', '', NULL, '0', '0', '0', '0', '0', '0', '0', '0', '', '', NULL, '0', '0', '0', '0', '0', '0', '0', '0', '', '', NULL, '0', '0', '0', '0', '0', '0', '0', '0', '', '', NULL, '0', '0', '0', '0', '0', '0', '0', '0');
INSERT INTO gossip_menu (`MenuID`, `TextID`) VALUES ('57042', '1872452');
INSERT INTO gossip_menu_option (`MenuID`, `OptionID`, `OptionIcon`, `OptionText`, `OptionBroadcastTextID`, `OptionType`, `OptionNpcFlag`, `ActionMenuID`, `ActionPoiID`, `BoxCoded`, `BoxMoney`, `BoxText`, `BoxBroadcastTextID`) VALUES ('57037', '4', '0', 'Engineering', '51347', '1', '1', '57042', NULL, '0', '0', '', NULL);
-- Importing menu 3347 as 57043
INSERT INTO gossip_text (`ID`, `comment`, `text0_0`, `text0_1`, `BroadcastTextID0`, `lang0`, `Probability0`, `em0_0`, `em0_1`, `em0_2`, `em0_3`, `em0_4`, `em0_5`, `text1_0`, `text1_1`, `BroadcastTextID1`, `lang1`, `Probability1`, `em1_0`, `em1_1`, `em1_2`, `em1_3`, `em1_4`, `em1_5`, `text2_0`, `text2_1`, `BroadcastTextID2`, `lang2`, `Probability2`, `em2_0`, `em2_1`, `em2_2`, `em2_3`, `em2_4`, `em2_5`, `text3_0`, `text3_1`, `BroadcastTextID3`, `lang3`, `Probability3`, `em3_0`, `em3_1`, `em3_2`, `em3_3`, `em3_4`, `em3_5`, `text4_0`, `text4_1`, `BroadcastTextID4`, `lang4`, `Probability4`, `em4_0`, `em4_1`, `em4_2`, `em4_3`, `em4_4`, `em4_5`, `text5_0`, `text5_1`, `BroadcastTextID5`, `lang5`, `Probability5`, `em5_0`, `em5_1`, `em5_2`, `em5_3`, `em5_4`, `em5_5`, `text6_0`, `text6_1`, `BroadcastTextID6`, `lang6`, `Probability6`, `em6_0`, `em6_1`, `em6_2`, `em6_3`, `em6_4`, `em6_5`, `text7_0`, `text7_1`, `BroadcastTextID7`, `lang7`, `Probability7`, `em7_0`, `em7_1`, `em7_2`, `em7_3`, `em7_4`, `em7_5`) VALUES ('1872453', 'Imported from TC', 'Nurse Neela greets all of her future customers as they enter the Gallows\' End Tavern at the southeast end of town.', 'Nurse Neela greets all of her future customers as they enter the Gallows\' End Tavern at the southeast end of town.', '6755', '1', '80', '0', '0', '0', '0', '0', '0', 'Butcher you say?  Oh, First Aid Trainer!  Same thing.  When you see Nurse Neela standing just inside the Gallows\' End Tavern on the southeast side of town you\'ll know why.', 'Butcher you say?  Oh, First Aid Trainer!  Same thing.  When you see Nurse Neela standing just inside the Gallows\' End Tavern on the southeast side of town you\'ll know why.', '6756', '1', '20', '0', '0', '0', '0', '0', '0', '', '', NULL, '0', '0', '0', '0', '0', '0', '0', '0', '', '', NULL, '0', '0', '0', '0', '0', '0', '0', '0', '', '', NULL, '0', '0', '0', '0', '0', '0', '0', '0', '', '', NULL, '0', '0', '0', '0', '0', '0', '0', '0', '', '', NULL, '0', '0', '0', '0', '0', '0', '0', '0', '', '', NULL, '0', '0', '0', '0', '0', '0', '0', '0');
INSERT INTO gossip_menu (`MenuID`, `TextID`) VALUES ('57043', '1872453');
-- POI 440 already present in sun db
INSERT INTO gossip_menu_option (`MenuID`, `OptionID`, `OptionIcon`, `OptionText`, `OptionBroadcastTextID`, `OptionType`, `OptionNpcFlag`, `ActionMenuID`, `ActionPoiID`, `BoxCoded`, `BoxMoney`, `BoxText`, `BoxBroadcastTextID`) VALUES ('57037', '5', '0', 'First Aid', '52066', '1', '1', '57043', '440', '0', '0', '', NULL);
-- Importing menu 3348 as 57044
INSERT INTO gossip_text (`ID`, `comment`, `text0_0`, `text0_1`, `BroadcastTextID0`, `lang0`, `Probability0`, `em0_0`, `em0_1`, `em0_2`, `em0_3`, `em0_4`, `em0_5`, `text1_0`, `text1_1`, `BroadcastTextID1`, `lang1`, `Probability1`, `em1_0`, `em1_1`, `em1_2`, `em1_3`, `em1_4`, `em1_5`, `text2_0`, `text2_1`, `BroadcastTextID2`, `lang2`, `Probability2`, `em2_0`, `em2_1`, `em2_2`, `em2_3`, `em2_4`, `em2_5`, `text3_0`, `text3_1`, `BroadcastTextID3`, `lang3`, `Probability3`, `em3_0`, `em3_1`, `em3_2`, `em3_3`, `em3_4`, `em3_5`, `text4_0`, `text4_1`, `BroadcastTextID4`, `lang4`, `Probability4`, `em4_0`, `em4_1`, `em4_2`, `em4_3`, `em4_4`, `em4_5`, `text5_0`, `text5_1`, `BroadcastTextID5`, `lang5`, `Probability5`, `em5_0`, `em5_1`, `em5_2`, `em5_3`, `em5_4`, `em5_5`, `text6_0`, `text6_1`, `BroadcastTextID6`, `lang6`, `Probability6`, `em6_0`, `em6_1`, `em6_2`, `em6_3`, `em6_4`, `em6_5`, `text7_0`, `text7_1`, `BroadcastTextID7`, `lang7`, `Probability7`, `em7_0`, `em7_1`, `em7_2`, `em7_3`, `em7_4`, `em7_5`) VALUES ('1872454', 'Imported from TC', 'Clyde Kellen, the local bass master, has his favorite fishing spot just east of Brill at Brightwater Lake.', 'Clyde Kellen, the local bass master, has his favorite fishing spot just east of Brill at Brightwater Lake.', '6757', '1', '80', '0', '0', '0', '0', '0', '0', 'Yeah, you\'ll always find Clyde Kellen fishing on the bank of Brightwater Lake just east of Brill.  Just watch out for psychos wearing masks while you\'re out there.  We had to shut down the kids\' summer camp last year.', 'Yeah, you\'ll always find Clyde Kellen fishing on the bank of Brightwater Lake just east of Brill.  Just watch out for psychos wearing masks while you\'re out there.  We had to shut down the kids\' summer camp last year.', '6758', '1', '20', '0', '0', '0', '0', '0', '0', '', '', NULL, '0', '0', '0', '0', '0', '0', '0', '0', '', '', NULL, '0', '0', '0', '0', '0', '0', '0', '0', '', '', NULL, '0', '0', '0', '0', '0', '0', '0', '0', '', '', NULL, '0', '0', '0', '0', '0', '0', '0', '0', '', '', NULL, '0', '0', '0', '0', '0', '0', '0', '0', '', '', NULL, '0', '0', '0', '0', '0', '0', '0', '0');
INSERT INTO gossip_menu (`MenuID`, `TextID`) VALUES ('57044', '1872454');
-- POI 441 already present in sun db
INSERT INTO gossip_menu_option (`MenuID`, `OptionID`, `OptionIcon`, `OptionText`, `OptionBroadcastTextID`, `OptionType`, `OptionNpcFlag`, `ActionMenuID`, `ActionPoiID`, `BoxCoded`, `BoxMoney`, `BoxText`, `BoxBroadcastTextID`) VALUES ('57037', '6', '0', 'Fishing', '45767', '1', '1', '57044', '441', '0', '0', '', NULL);
-- Importing menu 3349 as 57045
INSERT INTO gossip_text (`ID`, `comment`, `text0_0`, `text0_1`, `BroadcastTextID0`, `lang0`, `Probability0`, `em0_0`, `em0_1`, `em0_2`, `em0_3`, `em0_4`, `em0_5`, `text1_0`, `text1_1`, `BroadcastTextID1`, `lang1`, `Probability1`, `em1_0`, `em1_1`, `em1_2`, `em1_3`, `em1_4`, `em1_5`, `text2_0`, `text2_1`, `BroadcastTextID2`, `lang2`, `Probability2`, `em2_0`, `em2_1`, `em2_2`, `em2_3`, `em2_4`, `em2_5`, `text3_0`, `text3_1`, `BroadcastTextID3`, `lang3`, `Probability3`, `em3_0`, `em3_1`, `em3_2`, `em3_3`, `em3_4`, `em3_5`, `text4_0`, `text4_1`, `BroadcastTextID4`, `lang4`, `Probability4`, `em4_0`, `em4_1`, `em4_2`, `em4_3`, `em4_4`, `em4_5`, `text5_0`, `text5_1`, `BroadcastTextID5`, `lang5`, `Probability5`, `em5_0`, `em5_1`, `em5_2`, `em5_3`, `em5_4`, `em5_5`, `text6_0`, `text6_1`, `BroadcastTextID6`, `lang6`, `Probability6`, `em6_0`, `em6_1`, `em6_2`, `em6_3`, `em6_4`, `em6_5`, `text7_0`, `text7_1`, `BroadcastTextID7`, `lang7`, `Probability7`, `em7_0`, `em7_1`, `em7_2`, `em7_3`, `em7_4`, `em7_5`) VALUES ('1872455', 'Imported from TC', 'Look for Faruza.  Last I saw she was standing out front between the stables and the house on the northwest end of town.', 'Look for Faruza.  Last I saw she was standing out front between the stables and the house on the northwest end of town.', '6759', '1', '80', '0', '0', '0', '0', '0', '0', 'Actually I prefer traditional medicines... leeches, maggots, bonesaws... that sort of thing.  Well to each their own.  You can find the our local Herbalism Trainer, Faruza, standing out front near the stables in Brill.', 'Actually I prefer traditional medicines... leeches, maggots, bonesaws... that sort of thing.  Well to each their own.  You can find the our local Herbalism Trainer, Faruza, standing out front near the stables in Brill.', '6760', '1', '20', '0', '0', '0', '0', '0', '0', '', '', NULL, '0', '0', '0', '0', '0', '0', '0', '0', '', '', NULL, '0', '0', '0', '0', '0', '0', '0', '0', '', '', NULL, '0', '0', '0', '0', '0', '0', '0', '0', '', '', NULL, '0', '0', '0', '0', '0', '0', '0', '0', '', '', NULL, '0', '0', '0', '0', '0', '0', '0', '0', '', '', NULL, '0', '0', '0', '0', '0', '0', '0', '0');
INSERT INTO gossip_menu (`MenuID`, `TextID`) VALUES ('57045', '1872455');
-- POI 442 already present in sun db
INSERT INTO gossip_menu_option (`MenuID`, `OptionID`, `OptionIcon`, `OptionText`, `OptionBroadcastTextID`, `OptionType`, `OptionNpcFlag`, `ActionMenuID`, `ActionPoiID`, `BoxCoded`, `BoxMoney`, `BoxText`, `BoxBroadcastTextID`) VALUES ('57037', '7', '0', 'Herbalism', '45768', '1', '1', '57045', '442', '0', '0', '', NULL);
-- Importing menu 10822 as 57046
-- Text 15005 already present in Sun DB
INSERT INTO gossip_menu (`MenuID`, `TextID`) VALUES ('57046', '15005');
-- POI 344 already present in sun db
INSERT INTO gossip_menu_option (`MenuID`, `OptionID`, `OptionIcon`, `OptionText`, `OptionBroadcastTextID`, `OptionType`, `OptionNpcFlag`, `ActionMenuID`, `ActionPoiID`, `BoxCoded`, `BoxMoney`, `BoxText`, `BoxBroadcastTextID`, `patch_min`) VALUES ('57037', '8', '0', 'Inscription', '48811', '1', '1', '57046', '344', '0', '0', '', NULL, '5');
-- Importing menu 3350 as 57047
INSERT INTO gossip_text (`ID`, `comment`, `text0_0`, `text0_1`, `BroadcastTextID0`, `lang0`, `Probability0`, `em0_0`, `em0_1`, `em0_2`, `em0_3`, `em0_4`, `em0_5`, `text1_0`, `text1_1`, `BroadcastTextID1`, `lang1`, `Probability1`, `em1_0`, `em1_1`, `em1_2`, `em1_3`, `em1_4`, `em1_5`, `text2_0`, `text2_1`, `BroadcastTextID2`, `lang2`, `Probability2`, `em2_0`, `em2_1`, `em2_2`, `em2_3`, `em2_4`, `em2_5`, `text3_0`, `text3_1`, `BroadcastTextID3`, `lang3`, `Probability3`, `em3_0`, `em3_1`, `em3_2`, `em3_3`, `em3_4`, `em3_5`, `text4_0`, `text4_1`, `BroadcastTextID4`, `lang4`, `Probability4`, `em4_0`, `em4_1`, `em4_2`, `em4_3`, `em4_4`, `em4_5`, `text5_0`, `text5_1`, `BroadcastTextID5`, `lang5`, `Probability5`, `em5_0`, `em5_1`, `em5_2`, `em5_3`, `em5_4`, `em5_5`, `text6_0`, `text6_1`, `BroadcastTextID6`, `lang6`, `Probability6`, `em6_0`, `em6_1`, `em6_2`, `em6_3`, `em6_4`, `em6_5`, `text7_0`, `text7_1`, `BroadcastTextID7`, `lang7`, `Probability7`, `em7_0`, `em7_1`, `em7_2`, `em7_3`, `em7_4`, `em7_5`) VALUES ('1872456', 'Imported from TC', 'That would be Shelene Rhobart.  Take the road southeast out of Brill then head east at the intersection.  She\'s at a camp along the side of the road.', 'That would be Shelene Rhobart.  Take the road southeast out of Brill then head east at the intersection.  She\'s at a camp along the side of the road.', '6761', '1', '80', '0', '0', '0', '0', '0', '0', 'Nothing quite like the feel of something dead rubbing up against you.  You can find Shelene Rhobart by heading southeast on the road out of town, and then going east at the intersection.  She\'s at a small camp there not too far along the road.', 'Nothing quite like the feel of something dead rubbing up against you.  You can find Shelene Rhobart by heading southeast on the road out of town, and then going east at the intersection.  She\'s at a small camp there not too far along the road.', '6762', '1', '20', '0', '0', '0', '0', '0', '0', '', '', NULL, '0', '0', '0', '0', '0', '0', '0', '0', '', '', NULL, '0', '0', '0', '0', '0', '0', '0', '0', '', '', NULL, '0', '0', '0', '0', '0', '0', '0', '0', '', '', NULL, '0', '0', '0', '0', '0', '0', '0', '0', '', '', NULL, '0', '0', '0', '0', '0', '0', '0', '0', '', '', NULL, '0', '0', '0', '0', '0', '0', '0', '0');
INSERT INTO gossip_menu (`MenuID`, `TextID`) VALUES ('57047', '1872456');
-- POI 443 already present in sun db
INSERT INTO gossip_menu_option (`MenuID`, `OptionID`, `OptionIcon`, `OptionText`, `OptionBroadcastTextID`, `OptionType`, `OptionNpcFlag`, `ActionMenuID`, `ActionPoiID`, `BoxCoded`, `BoxMoney`, `BoxText`, `BoxBroadcastTextID`) VALUES ('57037', '9', '0', 'Leatherworking', '52071', '1', '1', '57047', '443', '0', '0', '', NULL);
-- Importing menu 3351 as 57048
INSERT INTO gossip_text (`ID`, `comment`, `text0_0`, `text0_1`, `BroadcastTextID0`, `lang0`, `Probability0`, `em0_0`, `em0_1`, `em0_2`, `em0_3`, `em0_4`, `em0_5`, `text1_0`, `text1_1`, `BroadcastTextID1`, `lang1`, `Probability1`, `em1_0`, `em1_1`, `em1_2`, `em1_3`, `em1_4`, `em1_5`, `text2_0`, `text2_1`, `BroadcastTextID2`, `lang2`, `Probability2`, `em2_0`, `em2_1`, `em2_2`, `em2_3`, `em2_4`, `em2_5`, `text3_0`, `text3_1`, `BroadcastTextID3`, `lang3`, `Probability3`, `em3_0`, `em3_1`, `em3_2`, `em3_3`, `em3_4`, `em3_5`, `text4_0`, `text4_1`, `BroadcastTextID4`, `lang4`, `Probability4`, `em4_0`, `em4_1`, `em4_2`, `em4_3`, `em4_4`, `em4_5`, `text5_0`, `text5_1`, `BroadcastTextID5`, `lang5`, `Probability5`, `em5_0`, `em5_1`, `em5_2`, `em5_3`, `em5_4`, `em5_5`, `text6_0`, `text6_1`, `BroadcastTextID6`, `lang6`, `Probability6`, `em6_0`, `em6_1`, `em6_2`, `em6_3`, `em6_4`, `em6_5`, `text7_0`, `text7_1`, `BroadcastTextID7`, `lang7`, `Probability7`, `em7_0`, `em7_1`, `em7_2`, `em7_3`, `em7_4`, `em7_5`) VALUES ('1872457', 'Imported from TC', 'I hear that they have a Mining Trainer in the Undercity.  All you have to do to get there is head south out of town and go to the back of the Ruins of Lordaeron.  Then take the elevator down into the Undercity itself and ask an Undercity Guardian for further directions.', 'I hear that they have a Mining Trainer in the Undercity.  All you have to do to get there is head south out of town and go to the back of the Ruins of Lordaeron.  Then take the elevator down into the Undercity itself and ask an Undercity Guardian for further directions.', '6763', '1', '80', '0', '0', '0', '0', '0', '0', 'I guess your first exercise is going to be to mine your way down to the Undercity.  Heh, get it?  Mine... nevermind.  To get to the Undercity go to the rear of the Ruins of Lordaeron south of Brill, and take the elevator down.  Ask one of the Undercity Guardians there for further assistance.', 'I guess your first exercise is going to be to mine your way down to the Undercity.  Heh, get it?  Mine... nevermind.  To get to the Undercity go to the rear of the Ruins of Lordaeron south of Brill, and take the elevator down.  Ask one of the Undercity Guardians there for further assistance.', '6764', '1', '20', '0', '0', '0', '0', '0', '0', '', '', NULL, '0', '0', '0', '0', '0', '0', '0', '0', '', '', NULL, '0', '0', '0', '0', '0', '0', '0', '0', '', '', NULL, '0', '0', '0', '0', '0', '0', '0', '0', '', '', NULL, '0', '0', '0', '0', '0', '0', '0', '0', '', '', NULL, '0', '0', '0', '0', '0', '0', '0', '0', '', '', NULL, '0', '0', '0', '0', '0', '0', '0', '0');
INSERT INTO gossip_menu (`MenuID`, `TextID`) VALUES ('57048', '1872457');
INSERT INTO gossip_menu_option (`MenuID`, `OptionID`, `OptionIcon`, `OptionText`, `OptionBroadcastTextID`, `OptionType`, `OptionNpcFlag`, `ActionMenuID`, `ActionPoiID`, `BoxCoded`, `BoxMoney`, `BoxText`, `BoxBroadcastTextID`) VALUES ('57037', '10', '0', 'Mining', '51348', '1', '1', '57048', NULL, '0', '0', '', NULL);
-- Importing menu 3352 as 57049
INSERT INTO gossip_text (`ID`, `comment`, `text0_0`, `text0_1`, `BroadcastTextID0`, `lang0`, `Probability0`, `em0_0`, `em0_1`, `em0_2`, `em0_3`, `em0_4`, `em0_5`, `text1_0`, `text1_1`, `BroadcastTextID1`, `lang1`, `Probability1`, `em1_0`, `em1_1`, `em1_2`, `em1_3`, `em1_4`, `em1_5`, `text2_0`, `text2_1`, `BroadcastTextID2`, `lang2`, `Probability2`, `em2_0`, `em2_1`, `em2_2`, `em2_3`, `em2_4`, `em2_5`, `text3_0`, `text3_1`, `BroadcastTextID3`, `lang3`, `Probability3`, `em3_0`, `em3_1`, `em3_2`, `em3_3`, `em3_4`, `em3_5`, `text4_0`, `text4_1`, `BroadcastTextID4`, `lang4`, `Probability4`, `em4_0`, `em4_1`, `em4_2`, `em4_3`, `em4_4`, `em4_5`, `text5_0`, `text5_1`, `BroadcastTextID5`, `lang5`, `Probability5`, `em5_0`, `em5_1`, `em5_2`, `em5_3`, `em5_4`, `em5_5`, `text6_0`, `text6_1`, `BroadcastTextID6`, `lang6`, `Probability6`, `em6_0`, `em6_1`, `em6_2`, `em6_3`, `em6_4`, `em6_5`, `text7_0`, `text7_1`, `BroadcastTextID7`, `lang7`, `Probability7`, `em7_0`, `em7_1`, `em7_2`, `em7_3`, `em7_4`, `em7_5`) VALUES ('1872458', 'Imported from TC', 'Rand Rhobart is fairly good at skinning felbats and the like.  You can find him at a camp along the road to the southeast of Brill.  Take the road southeast out of town and then head east at the intersection.', 'Rand Rhobart is fairly good at skinning felbats and the like.  You can find him at a camp along the road to the southeast of Brill.  Take the road southeast out of town and then head east at the intersection.', '6765', '1', '80', '0', '0', '0', '0', '0', '0', 'You aiming to be a taxidermist?  I don\'t like people who think they can stuff and mount me because they think I\'m dead.  No?  Good!  Look for Rand Rhobart at a camp to the southeast of town.  To get to him take the road southeast out of Brill and hang a left at the intersection.', 'You aiming to be a taxidermist?  I don\'t like people who think they can stuff and mount me because they think I\'m dead.  No?  Good!  Look for Rand Rhobart at a camp to the southeast of town.  To get to him take the road southeast out of Brill and hang a left at the intersection.', '6766', '1', '20', '0', '0', '0', '0', '0', '0', '', '', NULL, '0', '0', '0', '0', '0', '0', '0', '0', '', '', NULL, '0', '0', '0', '0', '0', '0', '0', '0', '', '', NULL, '0', '0', '0', '0', '0', '0', '0', '0', '', '', NULL, '0', '0', '0', '0', '0', '0', '0', '0', '', '', NULL, '0', '0', '0', '0', '0', '0', '0', '0', '', '', NULL, '0', '0', '0', '0', '0', '0', '0', '0');
INSERT INTO gossip_menu (`MenuID`, `TextID`) VALUES ('57049', '1872458');
-- POI 444 already present in sun db
INSERT INTO gossip_menu_option (`MenuID`, `OptionID`, `OptionIcon`, `OptionText`, `OptionBroadcastTextID`, `OptionType`, `OptionNpcFlag`, `ActionMenuID`, `ActionPoiID`, `BoxCoded`, `BoxMoney`, `BoxText`, `BoxBroadcastTextID`) VALUES ('57037', '11', '0', 'Skinning', '52076', '1', '1', '57049', '444', '0', '0', '', NULL);
-- Importing menu 3353 as 57050
INSERT INTO gossip_text (`ID`, `comment`, `text0_0`, `text0_1`, `BroadcastTextID0`, `lang0`, `Probability0`, `em0_0`, `em0_1`, `em0_2`, `em0_3`, `em0_4`, `em0_5`, `text1_0`, `text1_1`, `BroadcastTextID1`, `lang1`, `Probability1`, `em1_0`, `em1_1`, `em1_2`, `em1_3`, `em1_4`, `em1_5`, `text2_0`, `text2_1`, `BroadcastTextID2`, `lang2`, `Probability2`, `em2_0`, `em2_1`, `em2_2`, `em2_3`, `em2_4`, `em2_5`, `text3_0`, `text3_1`, `BroadcastTextID3`, `lang3`, `Probability3`, `em3_0`, `em3_1`, `em3_2`, `em3_3`, `em3_4`, `em3_5`, `text4_0`, `text4_1`, `BroadcastTextID4`, `lang4`, `Probability4`, `em4_0`, `em4_1`, `em4_2`, `em4_3`, `em4_4`, `em4_5`, `text5_0`, `text5_1`, `BroadcastTextID5`, `lang5`, `Probability5`, `em5_0`, `em5_1`, `em5_2`, `em5_3`, `em5_4`, `em5_5`, `text6_0`, `text6_1`, `BroadcastTextID6`, `lang6`, `Probability6`, `em6_0`, `em6_1`, `em6_2`, `em6_3`, `em6_4`, `em6_5`, `text7_0`, `text7_1`, `BroadcastTextID7`, `lang7`, `Probability7`, `em7_0`, `em7_1`, `em7_2`, `em7_3`, `em7_4`, `em7_5`) VALUES ('1872459', 'Imported from TC', 'It is Bowen Brisboise that you seek then.  You\'ll find him inside his house southwest of Brill just on the other side of the bridge at Cold Hearth Manor.', 'It is Bowen Brisboise that you seek then.  You\'ll find him inside his house southwest of Brill just on the other side of the bridge at Cold Hearth Manor.', '6767', '1', '80', '0', '0', '0', '0', '0', '0', 'Black, grey and dark purple are the prescribed colors.  See to it that you don\'t stray onto the wrong side of fashion street friend.  Bowen Brisboise can help to see that you don\'t.  You\'ll find him inside Cold Hearth Manor on the other side of the bridge to the southwest of town.', 'Black, grey and dark purple are the prescribed colors.  See to it that you don\'t stray onto the wrong side of fashion street friend.  Bowen Brisboise can help to see that you don\'t.  You\'ll find him inside Cold Hearth Manor on the other side of the bridge to the southwest of town.', '6768', '1', '20', '0', '0', '0', '0', '0', '0', '', '', NULL, '0', '0', '0', '0', '0', '0', '0', '0', '', '', NULL, '0', '0', '0', '0', '0', '0', '0', '0', '', '', NULL, '0', '0', '0', '0', '0', '0', '0', '0', '', '', NULL, '0', '0', '0', '0', '0', '0', '0', '0', '', '', NULL, '0', '0', '0', '0', '0', '0', '0', '0', '', '', NULL, '0', '0', '0', '0', '0', '0', '0', '0');
INSERT INTO gossip_menu (`MenuID`, `TextID`) VALUES ('57050', '1872459');
-- POI 445 already present in sun db
INSERT INTO gossip_menu_option (`MenuID`, `OptionID`, `OptionIcon`, `OptionText`, `OptionBroadcastTextID`, `OptionType`, `OptionNpcFlag`, `ActionMenuID`, `ActionPoiID`, `BoxCoded`, `BoxMoney`, `BoxText`, `BoxBroadcastTextID`) VALUES ('57037', '12', '0', 'Tailoring', '52077', '1', '1', '57050', '445', '0', '0', '', NULL);
INSERT INTO gossip_menu_option (`MenuID`, `OptionID`, `OptionIcon`, `OptionText`, `OptionBroadcastTextID`, `OptionType`, `OptionNpcFlag`, `ActionMenuID`, `ActionPoiID`, `BoxCoded`, `BoxMoney`, `BoxText`, `BoxBroadcastTextID`) VALUES ('57025', '5', '0', 'A profession trainer', '6793', '1', '1', '57037', NULL, '0', '0', '', NULL);
UPDATE creature_template SET npcflag = (npcflag | 1), gossip_menu_id = 57025 WHERE entry = 1745;


-- Importing creature gossip with entry 2209 (Deathguard Gavin) with import type GOSSIP
-- Menu 3356 is already imported as 57025
UPDATE creature_template SET npcflag = (npcflag | 1), gossip_menu_id = 57025 WHERE entry = 2209;


-- Importing creature gossip with entry 1746 (Deathguard Cyrus) with import type GOSSIP
-- Menu 3356 is already imported as 57025
UPDATE creature_template SET npcflag = (npcflag | 1), gossip_menu_id = 57025 WHERE entry = 1746;


-- Importing creature gossip with entry 1742 (Deathguard Bartholomew) with import type GOSSIP
-- Menu 3356 is already imported as 57025
UPDATE creature_template SET npcflag = (npcflag | 1), gossip_menu_id = 57025 WHERE entry = 1742;


-- Importing creature gossip with entry 2210 (Deathguard Royann) with import type GOSSIP
-- Menu 3356 is already imported as 57025
UPDATE creature_template SET npcflag = (npcflag | 1), gossip_menu_id = 57025 WHERE entry = 2210;


-- Importing creature gossip with entry 1735 (Deathguard Abraham) with import type GOSSIP
-- Menu 3356 is already imported as 57025
UPDATE creature_template SET npcflag = (npcflag | 1), gossip_menu_id = 57025 WHERE entry = 1735;


-- Importing creature gossip with entry 1743 (Deathguard Lawrence) with import type GOSSIP
-- Menu 3356 is already imported as 57025
UPDATE creature_template SET npcflag = (npcflag | 1), gossip_menu_id = 57025 WHERE entry = 1743;


-- Importing creature gossip with entry 5725 (Deathguard Lundmark) with import type GOSSIP
-- Menu 3356 is already imported as 57025
UPDATE creature_template SET npcflag = (npcflag | 1), gossip_menu_id = 57025 WHERE entry = 5725;


-- Importing creature gossip with entry 1738 (Deathguard Terrence) with import type GOSSIP
-- Menu 3356 is already imported as 57025
UPDATE creature_template SET npcflag = (npcflag | 1), gossip_menu_id = 57025 WHERE entry = 1738;


-- Importing creature gossip with entry 1744 (Deathguard Mort) with import type GOSSIP
-- Menu 3356 is already imported as 57025
UPDATE creature_template SET npcflag = (npcflag | 1), gossip_menu_id = 57025 WHERE entry = 1744;


-- Importing creature gossip with entry 1423 (Stormwind Guard) with import type GOSSIP
INSERT INTO gossip_text (`ID`, `comment`, `text0_0`, `text0_1`, `BroadcastTextID0`, `lang0`, `Probability0`, `em0_0`, `em0_1`, `em0_2`, `em0_3`, `em0_4`, `em0_5`, `text1_0`, `text1_1`, `BroadcastTextID1`, `lang1`, `Probability1`, `em1_0`, `em1_1`, `em1_2`, `em1_3`, `em1_4`, `em1_5`, `text2_0`, `text2_1`, `BroadcastTextID2`, `lang2`, `Probability2`, `em2_0`, `em2_1`, `em2_2`, `em2_3`, `em2_4`, `em2_5`, `text3_0`, `text3_1`, `BroadcastTextID3`, `lang3`, `Probability3`, `em3_0`, `em3_1`, `em3_2`, `em3_3`, `em3_4`, `em3_5`, `text4_0`, `text4_1`, `BroadcastTextID4`, `lang4`, `Probability4`, `em4_0`, `em4_1`, `em4_2`, `em4_3`, `em4_4`, `em4_5`, `text5_0`, `text5_1`, `BroadcastTextID5`, `lang5`, `Probability5`, `em5_0`, `em5_1`, `em5_2`, `em5_3`, `em5_4`, `em5_5`, `text6_0`, `text6_1`, `BroadcastTextID6`, `lang6`, `Probability6`, `em6_0`, `em6_1`, `em6_2`, `em6_3`, `em6_4`, `em6_5`, `text7_0`, `text7_1`, `BroadcastTextID7`, `lang7`, `Probability7`, `em7_0`, `em7_1`, `em7_2`, `em7_3`, `em7_4`, `em7_5`) VALUES ('1872460', 'Imported from TC', 'What are you looking for?', 'What are you looking for?', '21585', '0', '1', '0', '0', '0', '0', '0', '0', '', '', NULL, '0', '0', '0', '0', '0', '0', '0', '0', '', '', NULL, '0', '0', '0', '0', '0', '0', '0', '0', '', '', NULL, '0', '0', '0', '0', '0', '0', '0', '0', '', '', NULL, '0', '0', '0', '0', '0', '0', '0', '0', '', '', NULL, '0', '0', '0', '0', '0', '0', '0', '0', '', '', NULL, '0', '0', '0', '0', '0', '0', '0', '0', '', '', NULL, '0', '0', '0', '0', '0', '0', '0', '0');
INSERT INTO gossip_menu (`MenuID`, `TextID`) VALUES ('3506', '1872460');
INSERT INTO gossip_text (`ID`, `comment`, `text0_0`, `text0_1`, `BroadcastTextID0`, `lang0`, `Probability0`, `em0_0`, `em0_1`, `em0_2`, `em0_3`, `em0_4`, `em0_5`, `text1_0`, `text1_1`, `BroadcastTextID1`, `lang1`, `Probability1`, `em1_0`, `em1_1`, `em1_2`, `em1_3`, `em1_4`, `em1_5`, `text2_0`, `text2_1`, `BroadcastTextID2`, `lang2`, `Probability2`, `em2_0`, `em2_1`, `em2_2`, `em2_3`, `em2_4`, `em2_5`, `text3_0`, `text3_1`, `BroadcastTextID3`, `lang3`, `Probability3`, `em3_0`, `em3_1`, `em3_2`, `em3_3`, `em3_4`, `em3_5`, `text4_0`, `text4_1`, `BroadcastTextID4`, `lang4`, `Probability4`, `em4_0`, `em4_1`, `em4_2`, `em4_3`, `em4_4`, `em4_5`, `text5_0`, `text5_1`, `BroadcastTextID5`, `lang5`, `Probability5`, `em5_0`, `em5_1`, `em5_2`, `em5_3`, `em5_4`, `em5_5`, `text6_0`, `text6_1`, `BroadcastTextID6`, `lang6`, `Probability6`, `em6_0`, `em6_1`, `em6_2`, `em6_3`, `em6_4`, `em6_5`, `text7_0`, `text7_1`, `BroadcastTextID7`, `lang7`, `Probability7`, `em7_0`, `em7_1`, `em7_2`, `em7_3`, `em7_4`, `em7_5`) VALUES ('1872461', 'Imported from TC', 'A bank?  Well, the closest bank around here is The Stormwind Counting House.  It\'s just up the road in Stormwind not far from the gates.', 'A bank?  Well, the closest bank around here is The Stormwind Counting House.  It\'s just up the road in Stormwind not far from the gates.', '6913', '0', '1', '0', '0', '0', '0', '0', '0', 'Oh, you must mean the Stormwind Counting House.  It\'s not far from the gates after you enter Stormwind.', 'Oh, you must mean the Stormwind Counting House.  It\'s not far from the gates after you enter Stormwind.', '6914', '0', '1', '0', '0', '0', '0', '0', '0', '', '', NULL, '0', '0', '0', '0', '0', '0', '0', '0', '', '', NULL, '0', '0', '0', '0', '0', '0', '0', '0', '', '', NULL, '0', '0', '0', '0', '0', '0', '0', '0', '', '', NULL, '0', '0', '0', '0', '0', '0', '0', '0', '', '', NULL, '0', '0', '0', '0', '0', '0', '0', '0', '', '', NULL, '0', '0', '0', '0', '0', '0', '0', '0');
INSERT INTO gossip_menu (`MenuID`, `TextID`) VALUES ('3507', '1872461');
INSERT INTO gossip_menu_option (`MenuID`, `OptionID`, `OptionIcon`, `OptionText`, `OptionBroadcastTextID`, `OptionType`, `OptionNpcFlag`, `ActionMenuID`, `ActionPoiID`, `BoxCoded`, `BoxMoney`, `BoxText`, `BoxBroadcastTextID`) VALUES ('3506', '0', '0', 'Bank', '44628', '1', '1', '3507', NULL, '0', '0', '', NULL);
INSERT INTO gossip_text (`ID`, `comment`, `text0_0`, `text0_1`, `BroadcastTextID0`, `lang0`, `Probability0`, `em0_0`, `em0_1`, `em0_2`, `em0_3`, `em0_4`, `em0_5`, `text1_0`, `text1_1`, `BroadcastTextID1`, `lang1`, `Probability1`, `em1_0`, `em1_1`, `em1_2`, `em1_3`, `em1_4`, `em1_5`, `text2_0`, `text2_1`, `BroadcastTextID2`, `lang2`, `Probability2`, `em2_0`, `em2_1`, `em2_2`, `em2_3`, `em2_4`, `em2_5`, `text3_0`, `text3_1`, `BroadcastTextID3`, `lang3`, `Probability3`, `em3_0`, `em3_1`, `em3_2`, `em3_3`, `em3_4`, `em3_5`, `text4_0`, `text4_1`, `BroadcastTextID4`, `lang4`, `Probability4`, `em4_0`, `em4_1`, `em4_2`, `em4_3`, `em4_4`, `em4_5`, `text5_0`, `text5_1`, `BroadcastTextID5`, `lang5`, `Probability5`, `em5_0`, `em5_1`, `em5_2`, `em5_3`, `em5_4`, `em5_5`, `text6_0`, `text6_1`, `BroadcastTextID6`, `lang6`, `Probability6`, `em6_0`, `em6_1`, `em6_2`, `em6_3`, `em6_4`, `em6_5`, `text7_0`, `text7_1`, `BroadcastTextID7`, `lang7`, `Probability7`, `em7_0`, `em7_1`, `em7_2`, `em7_3`, `em7_4`, `em7_5`) VALUES ('1872462', 'Imported from TC', 'Well there\'s a gryphon master up in Stormwind if you need to fly somewhere.  You should be able to see the gryphons landing on your right as you walk through the Valley of Heroes.', 'Well there\'s a gryphon master up in Stormwind if you need to fly somewhere.  You should be able to see the gryphons landing on your right as you walk through the Valley of Heroes.', '6915', '0', '1', '0', '0', '0', '0', '0', '0', 'The gryphon master oversees the gryphon flights from within Stormwind.  If you\'re looking to take a ride, then that\'s where you should be headed.', 'The gryphon master oversees the gryphon flights from within Stormwind.  If you\'re looking to take a ride, then that\'s where you should be headed.', '6916', '0', '1', '0', '0', '0', '0', '0', '0', '', '', NULL, '0', '0', '0', '0', '0', '0', '0', '0', '', '', NULL, '0', '0', '0', '0', '0', '0', '0', '0', '', '', NULL, '0', '0', '0', '0', '0', '0', '0', '0', '', '', NULL, '0', '0', '0', '0', '0', '0', '0', '0', '', '', NULL, '0', '0', '0', '0', '0', '0', '0', '0', '', '', NULL, '0', '0', '0', '0', '0', '0', '0', '0');
INSERT INTO gossip_menu (`MenuID`, `TextID`) VALUES ('3508', '1872462');
INSERT INTO gossip_menu_option (`MenuID`, `OptionID`, `OptionIcon`, `OptionText`, `OptionBroadcastTextID`, `OptionType`, `OptionNpcFlag`, `ActionMenuID`, `ActionPoiID`, `BoxCoded`, `BoxMoney`, `BoxText`, `BoxBroadcastTextID`) VALUES ('3506', '1', '0', 'Gryphon Master', '6990', '1', '1', '3508', NULL, '0', '0', '', NULL);
INSERT INTO gossip_text (`ID`, `comment`, `text0_0`, `text0_1`, `BroadcastTextID0`, `lang0`, `Probability0`, `em0_0`, `em0_1`, `em0_2`, `em0_3`, `em0_4`, `em0_5`, `text1_0`, `text1_1`, `BroadcastTextID1`, `lang1`, `Probability1`, `em1_0`, `em1_1`, `em1_2`, `em1_3`, `em1_4`, `em1_5`, `text2_0`, `text2_1`, `BroadcastTextID2`, `lang2`, `Probability2`, `em2_0`, `em2_1`, `em2_2`, `em2_3`, `em2_4`, `em2_5`, `text3_0`, `text3_1`, `BroadcastTextID3`, `lang3`, `Probability3`, `em3_0`, `em3_1`, `em3_2`, `em3_3`, `em3_4`, `em3_5`, `text4_0`, `text4_1`, `BroadcastTextID4`, `lang4`, `Probability4`, `em4_0`, `em4_1`, `em4_2`, `em4_3`, `em4_4`, `em4_5`, `text5_0`, `text5_1`, `BroadcastTextID5`, `lang5`, `Probability5`, `em5_0`, `em5_1`, `em5_2`, `em5_3`, `em5_4`, `em5_5`, `text6_0`, `text6_1`, `BroadcastTextID6`, `lang6`, `Probability6`, `em6_0`, `em6_1`, `em6_2`, `em6_3`, `em6_4`, `em6_5`, `text7_0`, `text7_1`, `BroadcastTextID7`, `lang7`, `Probability7`, `em7_0`, `em7_1`, `em7_2`, `em7_3`, `em7_4`, `em7_5`) VALUES ('1872463', 'Imported from TC', 'I believe Aldwin Laughlin is still the resident Guild Master of Stormwind.  Look for his residence on your left as you pass the inner gate of Stormwind.', 'I believe Aldwin Laughlin is still the resident Guild Master of Stormwind.  Look for his residence on your left as you pass the inner gate of Stormwind.', '6917', '0', '1', '0', '0', '0', '0', '0', '0', 'All that official business is handled up in Stormwind these days.  You could stop by the Stormwind Visitor\'s Center if you want to start a guild.', 'All that official business is handled up in Stormwind these days.  You could stop by the Stormwind Visitor\'s Center if you want to start a guild.', '6918', '0', '1', '0', '0', '0', '0', '0', '0', '', '', NULL, '0', '0', '0', '0', '0', '0', '0', '0', '', '', NULL, '0', '0', '0', '0', '0', '0', '0', '0', '', '', NULL, '0', '0', '0', '0', '0', '0', '0', '0', '', '', NULL, '0', '0', '0', '0', '0', '0', '0', '0', '', '', NULL, '0', '0', '0', '0', '0', '0', '0', '0', '', '', NULL, '0', '0', '0', '0', '0', '0', '0', '0');
INSERT INTO gossip_menu (`MenuID`, `TextID`) VALUES ('3509', '1872463');
INSERT INTO gossip_menu_option (`MenuID`, `OptionID`, `OptionIcon`, `OptionText`, `OptionBroadcastTextID`, `OptionType`, `OptionNpcFlag`, `ActionMenuID`, `ActionPoiID`, `BoxCoded`, `BoxMoney`, `BoxText`, `BoxBroadcastTextID`) VALUES ('3506', '2', '0', 'Guild Master', '2870', '1', '1', '3509', NULL, '0', '0', '', NULL);
INSERT INTO gossip_text (`ID`, `comment`, `text0_0`, `text0_1`, `BroadcastTextID0`, `lang0`, `Probability0`, `em0_0`, `em0_1`, `em0_2`, `em0_3`, `em0_4`, `em0_5`, `text1_0`, `text1_1`, `BroadcastTextID1`, `lang1`, `Probability1`, `em1_0`, `em1_1`, `em1_2`, `em1_3`, `em1_4`, `em1_5`, `text2_0`, `text2_1`, `BroadcastTextID2`, `lang2`, `Probability2`, `em2_0`, `em2_1`, `em2_2`, `em2_3`, `em2_4`, `em2_5`, `text3_0`, `text3_1`, `BroadcastTextID3`, `lang3`, `Probability3`, `em3_0`, `em3_1`, `em3_2`, `em3_3`, `em3_4`, `em3_5`, `text4_0`, `text4_1`, `BroadcastTextID4`, `lang4`, `Probability4`, `em4_0`, `em4_1`, `em4_2`, `em4_3`, `em4_4`, `em4_5`, `text5_0`, `text5_1`, `BroadcastTextID5`, `lang5`, `Probability5`, `em5_0`, `em5_1`, `em5_2`, `em5_3`, `em5_4`, `em5_5`, `text6_0`, `text6_1`, `BroadcastTextID6`, `lang6`, `Probability6`, `em6_0`, `em6_1`, `em6_2`, `em6_3`, `em6_4`, `em6_5`, `text7_0`, `text7_1`, `BroadcastTextID7`, `lang7`, `Probability7`, `em7_0`, `em7_1`, `em7_2`, `em7_3`, `em7_4`, `em7_5`) VALUES ('1872464', 'Imported from TC', 'Look no further than the Lion\'s Pride Inn in Goldshire.  With a wide selection of ales and soft down beds you, couldn\'t ask for a better place to rest.', 'Look no further than the Lion\'s Pride Inn in Goldshire.  With a wide selection of ales and soft down beds you, couldn\'t ask for a better place to rest.', '6919', '0', '1', '0', '0', '0', '0', '0', '0', 'The Lion\'s Pride Inn in Goldshire is as good as any inn you will find around these parts.  Drop in and let Innkeeper Farley make you feel at home.', 'The Lion\'s Pride Inn in Goldshire is as good as any inn you will find around these parts.  Drop in and let Innkeeper Farley make you feel at home.', '6920', '0', '1', '0', '0', '0', '0', '0', '0', '', '', NULL, '0', '0', '0', '0', '0', '0', '0', '0', '', '', NULL, '0', '0', '0', '0', '0', '0', '0', '0', '', '', NULL, '0', '0', '0', '0', '0', '0', '0', '0', '', '', NULL, '0', '0', '0', '0', '0', '0', '0', '0', '', '', NULL, '0', '0', '0', '0', '0', '0', '0', '0', '', '', NULL, '0', '0', '0', '0', '0', '0', '0', '0');
INSERT INTO gossip_menu (`MenuID`, `TextID`) VALUES ('3510', '1872464');
INSERT INTO points_of_interest (`ID`, `PositionX`, `PositionY`, `Icon`, `Flags`, `Importance`, `Name`, `VerifiedBuild`) VALUES ('1', '-9459', '42.0805', '6', '99', '0', 'Lion\'s Pride Inn', '0');
INSERT INTO gossip_menu_option (`MenuID`, `OptionID`, `OptionIcon`, `OptionText`, `OptionBroadcastTextID`, `OptionType`, `OptionNpcFlag`, `ActionMenuID`, `ActionPoiID`, `BoxCoded`, `BoxMoney`, `BoxText`, `BoxBroadcastTextID`) VALUES ('3506', '3', '0', 'Inn', '44629', '1', '1', '3510', '1', '0', '0', '', NULL);
INSERT INTO gossip_text (`ID`, `comment`, `text0_0`, `text0_1`, `BroadcastTextID0`, `lang0`, `Probability0`, `em0_0`, `em0_1`, `em0_2`, `em0_3`, `em0_4`, `em0_5`, `text1_0`, `text1_1`, `BroadcastTextID1`, `lang1`, `Probability1`, `em1_0`, `em1_1`, `em1_2`, `em1_3`, `em1_4`, `em1_5`, `text2_0`, `text2_1`, `BroadcastTextID2`, `lang2`, `Probability2`, `em2_0`, `em2_1`, `em2_2`, `em2_3`, `em2_4`, `em2_5`, `text3_0`, `text3_1`, `BroadcastTextID3`, `lang3`, `Probability3`, `em3_0`, `em3_1`, `em3_2`, `em3_3`, `em3_4`, `em3_5`, `text4_0`, `text4_1`, `BroadcastTextID4`, `lang4`, `Probability4`, `em4_0`, `em4_1`, `em4_2`, `em4_3`, `em4_4`, `em4_5`, `text5_0`, `text5_1`, `BroadcastTextID5`, `lang5`, `Probability5`, `em5_0`, `em5_1`, `em5_2`, `em5_3`, `em5_4`, `em5_5`, `text6_0`, `text6_1`, `BroadcastTextID6`, `lang6`, `Probability6`, `em6_0`, `em6_1`, `em6_2`, `em6_3`, `em6_4`, `em6_5`, `text7_0`, `text7_1`, `BroadcastTextID7`, `lang7`, `Probability7`, `em7_0`, `em7_1`, `em7_2`, `em7_3`, `em7_4`, `em7_5`) VALUES ('1872465', 'Imported from TC', 'Good ol\' Erma, she\'s been taking care of the local animals for years now.  I\'m sure she\'d be happy to take care of any you\'d like to put up.  She can be found right outside of the Lion\'s Pride Inn.', 'Good ol\' Erma, she\'s been taking care of the local animals for years now.  I\'m sure she\'d be happy to take care of any you\'d like to put up.  She can be found right outside of the Lion\'s Pride Inn.', '8532', '7', '1', '0', '0', '0', '0', '0', '0', 'Erma does all the caring for animals around here.  She\'s right outside the Lion\'s Pride Inn if you need to speak with her.', 'Erma does all the caring for animals around here.  She\'s right outside the Lion\'s Pride Inn if you need to speak with her.', '8533', '7', '1', '0', '0', '0', '0', '0', '0', '', '', NULL, '0', '0', '0', '0', '0', '0', '0', '0', '', '', NULL, '0', '0', '0', '0', '0', '0', '0', '0', '', '', NULL, '0', '0', '0', '0', '0', '0', '0', '0', '', '', NULL, '0', '0', '0', '0', '0', '0', '0', '0', '', '', NULL, '0', '0', '0', '0', '0', '0', '0', '0', '', '', NULL, '0', '0', '0', '0', '0', '0', '0', '0');
INSERT INTO gossip_menu (`MenuID`, `TextID`) VALUES ('4924', '1872465');
INSERT INTO points_of_interest (`ID`, `PositionX`, `PositionY`, `Icon`, `Flags`, `Importance`, `Name`, `VerifiedBuild`) VALUES ('17', '-9466', '45.8709', '6', '99', '0', 'Erma', '0');
INSERT INTO gossip_menu_option (`MenuID`, `OptionID`, `OptionIcon`, `OptionText`, `OptionBroadcastTextID`, `OptionType`, `OptionNpcFlag`, `ActionMenuID`, `ActionPoiID`, `BoxCoded`, `BoxMoney`, `BoxText`, `BoxBroadcastTextID`) VALUES ('3506', '4', '0', 'Stable Master', '45383', '1', '1', '4924', '17', '0', '0', '', NULL);
INSERT INTO gossip_text (`ID`, `comment`, `text0_0`, `text0_1`, `BroadcastTextID0`, `lang0`, `Probability0`, `em0_0`, `em0_1`, `em0_2`, `em0_3`, `em0_4`, `em0_5`, `text1_0`, `text1_1`, `BroadcastTextID1`, `lang1`, `Probability1`, `em1_0`, `em1_1`, `em1_2`, `em1_3`, `em1_4`, `em1_5`, `text2_0`, `text2_1`, `BroadcastTextID2`, `lang2`, `Probability2`, `em2_0`, `em2_1`, `em2_2`, `em2_3`, `em2_4`, `em2_5`, `text3_0`, `text3_1`, `BroadcastTextID3`, `lang3`, `Probability3`, `em3_0`, `em3_1`, `em3_2`, `em3_3`, `em3_4`, `em3_5`, `text4_0`, `text4_1`, `BroadcastTextID4`, `lang4`, `Probability4`, `em4_0`, `em4_1`, `em4_2`, `em4_3`, `em4_4`, `em4_5`, `text5_0`, `text5_1`, `BroadcastTextID5`, `lang5`, `Probability5`, `em5_0`, `em5_1`, `em5_2`, `em5_3`, `em5_4`, `em5_5`, `text6_0`, `text6_1`, `BroadcastTextID6`, `lang6`, `Probability6`, `em6_0`, `em6_1`, `em6_2`, `em6_3`, `em6_4`, `em6_5`, `text7_0`, `text7_1`, `BroadcastTextID7`, `lang7`, `Probability7`, `em7_0`, `em7_1`, `em7_2`, `em7_3`, `em7_4`, `em7_5`) VALUES ('1872466', 'Imported from TC', 'There are quite a few trainers available in Elwynn.  Which one are you looking for?', 'There are quite a few trainers available in Elwynn.  Which one are you looking for?', '6921', '0', '1', '0', '0', '0', '0', '0', '0', '', '', NULL, '0', '0', '0', '0', '0', '0', '0', '0', '', '', NULL, '0', '0', '0', '0', '0', '0', '0', '0', '', '', NULL, '0', '0', '0', '0', '0', '0', '0', '0', '', '', NULL, '0', '0', '0', '0', '0', '0', '0', '0', '', '', NULL, '0', '0', '0', '0', '0', '0', '0', '0', '', '', NULL, '0', '0', '0', '0', '0', '0', '0', '0', '', '', NULL, '0', '0', '0', '0', '0', '0', '0', '0');
INSERT INTO gossip_menu (`MenuID`, `TextID`) VALUES ('3519', '1872466');
INSERT INTO gossip_text (`ID`, `comment`, `text0_0`, `text0_1`, `BroadcastTextID0`, `lang0`, `Probability0`, `em0_0`, `em0_1`, `em0_2`, `em0_3`, `em0_4`, `em0_5`, `text1_0`, `text1_1`, `BroadcastTextID1`, `lang1`, `Probability1`, `em1_0`, `em1_1`, `em1_2`, `em1_3`, `em1_4`, `em1_5`, `text2_0`, `text2_1`, `BroadcastTextID2`, `lang2`, `Probability2`, `em2_0`, `em2_1`, `em2_2`, `em2_3`, `em2_4`, `em2_5`, `text3_0`, `text3_1`, `BroadcastTextID3`, `lang3`, `Probability3`, `em3_0`, `em3_1`, `em3_2`, `em3_3`, `em3_4`, `em3_5`, `text4_0`, `text4_1`, `BroadcastTextID4`, `lang4`, `Probability4`, `em4_0`, `em4_1`, `em4_2`, `em4_3`, `em4_4`, `em4_5`, `text5_0`, `text5_1`, `BroadcastTextID5`, `lang5`, `Probability5`, `em5_0`, `em5_1`, `em5_2`, `em5_3`, `em5_4`, `em5_5`, `text6_0`, `text6_1`, `BroadcastTextID6`, `lang6`, `Probability6`, `em6_0`, `em6_1`, `em6_2`, `em6_3`, `em6_4`, `em6_5`, `text7_0`, `text7_1`, `BroadcastTextID7`, `lang7`, `Probability7`, `em7_0`, `em7_1`, `em7_2`, `em7_3`, `em7_4`, `em7_5`) VALUES ('1872467', 'Imported from TC', 'Druids?  I haven\'t seen any druids around here.  Although there is a district in Stormwind that the night elves have made their own.', 'Druids?  I haven\'t seen any druids around here.  Although there is a district in Stormwind that the night elves have made their own.', '6923', '0', '1', '0', '0', '0', '0', '0', '0', '', '', NULL, '0', '0', '0', '0', '0', '0', '0', '0', '', '', NULL, '0', '0', '0', '0', '0', '0', '0', '0', '', '', NULL, '0', '0', '0', '0', '0', '0', '0', '0', '', '', NULL, '0', '0', '0', '0', '0', '0', '0', '0', '', '', NULL, '0', '0', '0', '0', '0', '0', '0', '0', '', '', NULL, '0', '0', '0', '0', '0', '0', '0', '0', '', '', NULL, '0', '0', '0', '0', '0', '0', '0', '0');
INSERT INTO gossip_menu (`MenuID`, `TextID`) VALUES ('3511', '1872467');
INSERT INTO gossip_menu_option (`MenuID`, `OptionID`, `OptionIcon`, `OptionText`, `OptionBroadcastTextID`, `OptionType`, `OptionNpcFlag`, `ActionMenuID`, `ActionPoiID`, `BoxCoded`, `BoxMoney`, `BoxText`, `BoxBroadcastTextID`) VALUES ('3519', '0', '0', 'Druid', '45409', '1', '1', '3511', NULL, '0', '0', '', NULL);
INSERT INTO gossip_text (`ID`, `comment`, `text0_0`, `text0_1`, `BroadcastTextID0`, `lang0`, `Probability0`, `em0_0`, `em0_1`, `em0_2`, `em0_3`, `em0_4`, `em0_5`, `text1_0`, `text1_1`, `BroadcastTextID1`, `lang1`, `Probability1`, `em1_0`, `em1_1`, `em1_2`, `em1_3`, `em1_4`, `em1_5`, `text2_0`, `text2_1`, `BroadcastTextID2`, `lang2`, `Probability2`, `em2_0`, `em2_1`, `em2_2`, `em2_3`, `em2_4`, `em2_5`, `text3_0`, `text3_1`, `BroadcastTextID3`, `lang3`, `Probability3`, `em3_0`, `em3_1`, `em3_2`, `em3_3`, `em3_4`, `em3_5`, `text4_0`, `text4_1`, `BroadcastTextID4`, `lang4`, `Probability4`, `em4_0`, `em4_1`, `em4_2`, `em4_3`, `em4_4`, `em4_5`, `text5_0`, `text5_1`, `BroadcastTextID5`, `lang5`, `Probability5`, `em5_0`, `em5_1`, `em5_2`, `em5_3`, `em5_4`, `em5_5`, `text6_0`, `text6_1`, `BroadcastTextID6`, `lang6`, `Probability6`, `em6_0`, `em6_1`, `em6_2`, `em6_3`, `em6_4`, `em6_5`, `text7_0`, `text7_1`, `BroadcastTextID7`, `lang7`, `Probability7`, `em7_0`, `em7_1`, `em7_2`, `em7_3`, `em7_4`, `em7_5`) VALUES ('1872468', 'Imported from TC', 'I\'ve heard that there\'s a dwarf in Stormwind who has achieved some fame for his hunting skill.  Maybe you should go see if he could help you.', 'I\'ve heard that there\'s a dwarf in Stormwind who has achieved some fame for his hunting skill.  Maybe you should go see if he could help you.', '6925', '0', '1', '0', '0', '0', '0', '0', '0', '', '', NULL, '0', '0', '0', '0', '0', '0', '0', '0', '', '', NULL, '0', '0', '0', '0', '0', '0', '0', '0', '', '', NULL, '0', '0', '0', '0', '0', '0', '0', '0', '', '', NULL, '0', '0', '0', '0', '0', '0', '0', '0', '', '', NULL, '0', '0', '0', '0', '0', '0', '0', '0', '', '', NULL, '0', '0', '0', '0', '0', '0', '0', '0', '', '', NULL, '0', '0', '0', '0', '0', '0', '0', '0');
INSERT INTO gossip_menu (`MenuID`, `TextID`) VALUES ('3512', '1872468');
INSERT INTO gossip_menu_option (`MenuID`, `OptionID`, `OptionIcon`, `OptionText`, `OptionBroadcastTextID`, `OptionType`, `OptionNpcFlag`, `ActionMenuID`, `ActionPoiID`, `BoxCoded`, `BoxMoney`, `BoxText`, `BoxBroadcastTextID`) VALUES ('3519', '1', '0', 'Hunter', '50546', '1', '1', '3512', NULL, '0', '0', '', NULL);
INSERT INTO gossip_text (`ID`, `comment`, `text0_0`, `text0_1`, `BroadcastTextID0`, `lang0`, `Probability0`, `em0_0`, `em0_1`, `em0_2`, `em0_3`, `em0_4`, `em0_5`, `text1_0`, `text1_1`, `BroadcastTextID1`, `lang1`, `Probability1`, `em1_0`, `em1_1`, `em1_2`, `em1_3`, `em1_4`, `em1_5`, `text2_0`, `text2_1`, `BroadcastTextID2`, `lang2`, `Probability2`, `em2_0`, `em2_1`, `em2_2`, `em2_3`, `em2_4`, `em2_5`, `text3_0`, `text3_1`, `BroadcastTextID3`, `lang3`, `Probability3`, `em3_0`, `em3_1`, `em3_2`, `em3_3`, `em3_4`, `em3_5`, `text4_0`, `text4_1`, `BroadcastTextID4`, `lang4`, `Probability4`, `em4_0`, `em4_1`, `em4_2`, `em4_3`, `em4_4`, `em4_5`, `text5_0`, `text5_1`, `BroadcastTextID5`, `lang5`, `Probability5`, `em5_0`, `em5_1`, `em5_2`, `em5_3`, `em5_4`, `em5_5`, `text6_0`, `text6_1`, `BroadcastTextID6`, `lang6`, `Probability6`, `em6_0`, `em6_1`, `em6_2`, `em6_3`, `em6_4`, `em6_5`, `text7_0`, `text7_1`, `BroadcastTextID7`, `lang7`, `Probability7`, `em7_0`, `em7_1`, `em7_2`, `em7_3`, `em7_4`, `em7_5`) VALUES ('1872469', 'Imported from TC', 'Zaldimar could probably teach you some new spells.  He has recently taken a liking to staying at the Lion\'s Pride Inn, you might want to check one of the rooms and see if he\'s in.', 'Zaldimar could probably teach you some new spells.  He has recently taken a liking to staying at the Lion\'s Pride Inn, you might want to check one of the rooms and see if he\'s in.', '6930', '0', '1', '0', '0', '0', '0', '0', '0', 'I don\'t know much about magic, but there\'s a mage named Zaldimar who is staying at the Lion\'s Pride Inn that could probably assist you.', 'I don\'t know much about magic, but there\'s a mage named Zaldimar who is staying at the Lion\'s Pride Inn that could probably assist you.', '6931', '0', '1', '0', '0', '0', '0', '0', '0', '', '', NULL, '0', '0', '0', '0', '0', '0', '0', '0', '', '', NULL, '0', '0', '0', '0', '0', '0', '0', '0', '', '', NULL, '0', '0', '0', '0', '0', '0', '0', '0', '', '', NULL, '0', '0', '0', '0', '0', '0', '0', '0', '', '', NULL, '0', '0', '0', '0', '0', '0', '0', '0', '', '', NULL, '0', '0', '0', '0', '0', '0', '0', '0');
INSERT INTO gossip_menu (`MenuID`, `TextID`) VALUES ('3514', '1872469');
INSERT INTO points_of_interest (`ID`, `PositionX`, `PositionY`, `Icon`, `Flags`, `Importance`, `Name`, `VerifiedBuild`) VALUES ('2', '-9471', '33.4441', '6', '99', '0', 'Zaldimar Wefhellt', '0');
INSERT INTO gossip_menu_option (`MenuID`, `OptionID`, `OptionIcon`, `OptionText`, `OptionBroadcastTextID`, `OptionType`, `OptionNpcFlag`, `ActionMenuID`, `ActionPoiID`, `BoxCoded`, `BoxMoney`, `BoxText`, `BoxBroadcastTextID`) VALUES ('3519', '2', '0', 'Mage', '45404', '1', '1', '3514', '2', '0', '0', '', NULL);
INSERT INTO gossip_text (`ID`, `comment`, `text0_0`, `text0_1`, `BroadcastTextID0`, `lang0`, `Probability0`, `em0_0`, `em0_1`, `em0_2`, `em0_3`, `em0_4`, `em0_5`, `text1_0`, `text1_1`, `BroadcastTextID1`, `lang1`, `Probability1`, `em1_0`, `em1_1`, `em1_2`, `em1_3`, `em1_4`, `em1_5`, `text2_0`, `text2_1`, `BroadcastTextID2`, `lang2`, `Probability2`, `em2_0`, `em2_1`, `em2_2`, `em2_3`, `em2_4`, `em2_5`, `text3_0`, `text3_1`, `BroadcastTextID3`, `lang3`, `Probability3`, `em3_0`, `em3_1`, `em3_2`, `em3_3`, `em3_4`, `em3_5`, `text4_0`, `text4_1`, `BroadcastTextID4`, `lang4`, `Probability4`, `em4_0`, `em4_1`, `em4_2`, `em4_3`, `em4_4`, `em4_5`, `text5_0`, `text5_1`, `BroadcastTextID5`, `lang5`, `Probability5`, `em5_0`, `em5_1`, `em5_2`, `em5_3`, `em5_4`, `em5_5`, `text6_0`, `text6_1`, `BroadcastTextID6`, `lang6`, `Probability6`, `em6_0`, `em6_1`, `em6_2`, `em6_3`, `em6_4`, `em6_5`, `text7_0`, `text7_1`, `BroadcastTextID7`, `lang7`, `Probability7`, `em7_0`, `em7_1`, `em7_2`, `em7_3`, `em7_4`, `em7_5`) VALUES ('1872470', 'Imported from TC', 'You can usually find Brother Wilhelm in back of the smithy trading stories with Lyria.  He\'s always up for teaching fellow paladins new skills.', 'You can usually find Brother Wilhelm in back of the smithy trading stories with Lyria.  He\'s always up for teaching fellow paladins new skills.', '6933', '0', '1', '0', '0', '0', '0', '0', '0', 'Brother Wilhelm often trains with Lyria Du Lac out in back of the smithy in Goldshire.  You could probably learn a thing or two about being a paladin from him.', 'Brother Wilhelm often trains with Lyria Du Lac out in back of the smithy in Goldshire.  You could probably learn a thing or two about being a paladin from him.', '6934', '0', '1', '0', '0', '0', '0', '0', '0', '', '', NULL, '0', '0', '0', '0', '0', '0', '0', '0', '', '', NULL, '0', '0', '0', '0', '0', '0', '0', '0', '', '', NULL, '0', '0', '0', '0', '0', '0', '0', '0', '', '', NULL, '0', '0', '0', '0', '0', '0', '0', '0', '', '', NULL, '0', '0', '0', '0', '0', '0', '0', '0', '', '', NULL, '0', '0', '0', '0', '0', '0', '0', '0');
INSERT INTO gossip_menu (`MenuID`, `TextID`) VALUES ('3515', '1872470');
INSERT INTO points_of_interest (`ID`, `PositionX`, `PositionY`, `Icon`, `Flags`, `Importance`, `Name`, `VerifiedBuild`) VALUES ('3', '-9469', '108.053', '6', '99', '0', 'Brother Wilhelm', '0');
INSERT INTO gossip_menu_option (`MenuID`, `OptionID`, `OptionIcon`, `OptionText`, `OptionBroadcastTextID`, `OptionType`, `OptionNpcFlag`, `ActionMenuID`, `ActionPoiID`, `BoxCoded`, `BoxMoney`, `BoxText`, `BoxBroadcastTextID`) VALUES ('3519', '3', '0', 'Paladin', '48028', '1', '1', '3515', '3', '0', '0', '', NULL);
INSERT INTO gossip_text (`ID`, `comment`, `text0_0`, `text0_1`, `BroadcastTextID0`, `lang0`, `Probability0`, `em0_0`, `em0_1`, `em0_2`, `em0_3`, `em0_4`, `em0_5`, `text1_0`, `text1_1`, `BroadcastTextID1`, `lang1`, `Probability1`, `em1_0`, `em1_1`, `em1_2`, `em1_3`, `em1_4`, `em1_5`, `text2_0`, `text2_1`, `BroadcastTextID2`, `lang2`, `Probability2`, `em2_0`, `em2_1`, `em2_2`, `em2_3`, `em2_4`, `em2_5`, `text3_0`, `text3_1`, `BroadcastTextID3`, `lang3`, `Probability3`, `em3_0`, `em3_1`, `em3_2`, `em3_3`, `em3_4`, `em3_5`, `text4_0`, `text4_1`, `BroadcastTextID4`, `lang4`, `Probability4`, `em4_0`, `em4_1`, `em4_2`, `em4_3`, `em4_4`, `em4_5`, `text5_0`, `text5_1`, `BroadcastTextID5`, `lang5`, `Probability5`, `em5_0`, `em5_1`, `em5_2`, `em5_3`, `em5_4`, `em5_5`, `text6_0`, `text6_1`, `BroadcastTextID6`, `lang6`, `Probability6`, `em6_0`, `em6_1`, `em6_2`, `em6_3`, `em6_4`, `em6_5`, `text7_0`, `text7_1`, `BroadcastTextID7`, `lang7`, `Probability7`, `em7_0`, `em7_1`, `em7_2`, `em7_3`, `em7_4`, `em7_5`) VALUES ('1872471', 'Imported from TC', 'Josetta has been a blessing to this town with her aid of the local guards.  If you seek her for training in the ways of a priest, you can find her in the Lion\'s Pride Inn.', 'Josetta has been a blessing to this town with her aid of the local guards.  If you seek her for training in the ways of a priest, you can find her in the Lion\'s Pride Inn.', '6927', '0', '1', '0', '0', '0', '0', '0', '0', 'I bet Josetta would be more than happy to teach you some new spells.  She is probably up in her room at the Lion\'s Pride Inn.', 'I bet Josetta would be more than happy to teach you some new spells.  She is probably up in her room at the Lion\'s Pride Inn.', '6928', '0', '1', '0', '0', '0', '0', '0', '0', '', '', NULL, '0', '0', '0', '0', '0', '0', '0', '0', '', '', NULL, '0', '0', '0', '0', '0', '0', '0', '0', '', '', NULL, '0', '0', '0', '0', '0', '0', '0', '0', '', '', NULL, '0', '0', '0', '0', '0', '0', '0', '0', '', '', NULL, '0', '0', '0', '0', '0', '0', '0', '0', '', '', NULL, '0', '0', '0', '0', '0', '0', '0', '0');
INSERT INTO gossip_menu (`MenuID`, `TextID`) VALUES ('3513', '1872471');
INSERT INTO points_of_interest (`ID`, `PositionX`, `PositionY`, `Icon`, `Flags`, `Importance`, `Name`, `VerifiedBuild`) VALUES ('4', '-9461', '32.996', '6', '99', '0', 'Priestess Josetta', '0');
INSERT INTO gossip_menu_option (`MenuID`, `OptionID`, `OptionIcon`, `OptionText`, `OptionBroadcastTextID`, `OptionType`, `OptionNpcFlag`, `ActionMenuID`, `ActionPoiID`, `BoxCoded`, `BoxMoney`, `BoxText`, `BoxBroadcastTextID`) VALUES ('3519', '4', '0', 'Priest', '45405', '1', '1', '3513', '4', '0', '0', '', NULL);
INSERT INTO gossip_text (`ID`, `comment`, `text0_0`, `text0_1`, `BroadcastTextID0`, `lang0`, `Probability0`, `em0_0`, `em0_1`, `em0_2`, `em0_3`, `em0_4`, `em0_5`, `text1_0`, `text1_1`, `BroadcastTextID1`, `lang1`, `Probability1`, `em1_0`, `em1_1`, `em1_2`, `em1_3`, `em1_4`, `em1_5`, `text2_0`, `text2_1`, `BroadcastTextID2`, `lang2`, `Probability2`, `em2_0`, `em2_1`, `em2_2`, `em2_3`, `em2_4`, `em2_5`, `text3_0`, `text3_1`, `BroadcastTextID3`, `lang3`, `Probability3`, `em3_0`, `em3_1`, `em3_2`, `em3_3`, `em3_4`, `em3_5`, `text4_0`, `text4_1`, `BroadcastTextID4`, `lang4`, `Probability4`, `em4_0`, `em4_1`, `em4_2`, `em4_3`, `em4_4`, `em4_5`, `text5_0`, `text5_1`, `BroadcastTextID5`, `lang5`, `Probability5`, `em5_0`, `em5_1`, `em5_2`, `em5_3`, `em5_4`, `em5_5`, `text6_0`, `text6_1`, `BroadcastTextID6`, `lang6`, `Probability6`, `em6_0`, `em6_1`, `em6_2`, `em6_3`, `em6_4`, `em6_5`, `text7_0`, `text7_1`, `BroadcastTextID7`, `lang7`, `Probability7`, `em7_0`, `em7_1`, `em7_2`, `em7_3`, `em7_4`, `em7_5`) VALUES ('1872472', 'Imported from TC', 'A rogue?  Hmmm... well, I\'ve heard that Keryn Sylvius hangs around those shady types.  You might want to talk to her and see what you can learn.', 'A rogue?  Hmmm... well, I\'ve heard that Keryn Sylvius hangs around those shady types.  You might want to talk to her and see what you can learn.', '6936', '0', '1', '0', '0', '0', '0', '0', '0', 'I\'d wager Keryn Sylvius knows the type you\'re looking for. The company Keryn keeps is less than honorable. She usually hangs out in the Lion\'s Pride Inn.', 'I\'d wager Keryn Sylvius knows the type you\'re looking for. The company Keryn keeps is less than honorable. She usually hangs out in the Lion\'s Pride Inn.', '6937', '0', '1', '0', '0', '0', '0', '0', '0', '', '', NULL, '0', '0', '0', '0', '0', '0', '0', '0', '', '', NULL, '0', '0', '0', '0', '0', '0', '0', '0', '', '', NULL, '0', '0', '0', '0', '0', '0', '0', '0', '', '', NULL, '0', '0', '0', '0', '0', '0', '0', '0', '', '', NULL, '0', '0', '0', '0', '0', '0', '0', '0', '', '', NULL, '0', '0', '0', '0', '0', '0', '0', '0');
INSERT INTO gossip_menu (`MenuID`, `TextID`) VALUES ('3516', '1872472');
INSERT INTO points_of_interest (`ID`, `PositionX`, `PositionY`, `Icon`, `Flags`, `Importance`, `Name`, `VerifiedBuild`) VALUES ('5', '-9465', '13.2936', '6', '99', '0', 'Keryn Sylvius', '0');
INSERT INTO gossip_menu_option (`MenuID`, `OptionID`, `OptionIcon`, `OptionText`, `OptionBroadcastTextID`, `OptionType`, `OptionNpcFlag`, `ActionMenuID`, `ActionPoiID`, `BoxCoded`, `BoxMoney`, `BoxText`, `BoxBroadcastTextID`) VALUES ('3519', '5', '0', 'Rogue', '45406', '1', '1', '3516', '5', '0', '0', '', NULL);
INSERT INTO gossip_text (`ID`, `comment`, `text0_0`, `text0_1`, `BroadcastTextID0`, `lang0`, `Probability0`, `em0_0`, `em0_1`, `em0_2`, `em0_3`, `em0_4`, `em0_5`, `text1_0`, `text1_1`, `BroadcastTextID1`, `lang1`, `Probability1`, `em1_0`, `em1_1`, `em1_2`, `em1_3`, `em1_4`, `em1_5`, `text2_0`, `text2_1`, `BroadcastTextID2`, `lang2`, `Probability2`, `em2_0`, `em2_1`, `em2_2`, `em2_3`, `em2_4`, `em2_5`, `text3_0`, `text3_1`, `BroadcastTextID3`, `lang3`, `Probability3`, `em3_0`, `em3_1`, `em3_2`, `em3_3`, `em3_4`, `em3_5`, `text4_0`, `text4_1`, `BroadcastTextID4`, `lang4`, `Probability4`, `em4_0`, `em4_1`, `em4_2`, `em4_3`, `em4_4`, `em4_5`, `text5_0`, `text5_1`, `BroadcastTextID5`, `lang5`, `Probability5`, `em5_0`, `em5_1`, `em5_2`, `em5_3`, `em5_4`, `em5_5`, `text6_0`, `text6_1`, `BroadcastTextID6`, `lang6`, `Probability6`, `em6_0`, `em6_1`, `em6_2`, `em6_3`, `em6_4`, `em6_5`, `text7_0`, `text7_1`, `BroadcastTextID7`, `lang7`, `Probability7`, `em7_0`, `em7_1`, `em7_2`, `em7_3`, `em7_4`, `em7_5`) VALUES ('10101', 'Imported from TC', 'You want what?! I\'ve heard something about one of those odd draenei creatures in the Valley of Heroes. Maybe she knows; I don\'t.', 'You want what?! I\'ve heard something about one of those odd draenei creatures in the Valley of Heroes. Maybe she knows; I don\'t.', '18340', '0', '1', '0', '0', '0', '0', '0', '0', '', '', NULL, '0', '0', '0', '0', '0', '0', '0', '0', '', '', NULL, '0', '0', '0', '0', '0', '0', '0', '0', '', '', NULL, '0', '0', '0', '0', '0', '0', '0', '0', '', '', NULL, '0', '0', '0', '0', '0', '0', '0', '0', '', '', NULL, '0', '0', '0', '0', '0', '0', '0', '0', '', '', NULL, '0', '0', '0', '0', '0', '0', '0', '0', '', '', NULL, '0', '0', '0', '0', '0', '0', '0', '0');
INSERT INTO gossip_menu (`MenuID`, `TextID`) VALUES ('8160', '10101');
INSERT INTO gossip_menu_option (`MenuID`, `OptionID`, `OptionIcon`, `OptionText`, `OptionBroadcastTextID`, `OptionType`, `OptionNpcFlag`, `ActionMenuID`, `ActionPoiID`, `BoxCoded`, `BoxMoney`, `BoxText`, `BoxBroadcastTextID`) VALUES ('3519', '6', '0', 'Shaman', '45410', '1', '1', '8160', NULL, '0', '0', '', NULL);
INSERT INTO gossip_text (`ID`, `comment`, `text0_0`, `text0_1`, `BroadcastTextID0`, `lang0`, `Probability0`, `em0_0`, `em0_1`, `em0_2`, `em0_3`, `em0_4`, `em0_5`, `text1_0`, `text1_1`, `BroadcastTextID1`, `lang1`, `Probability1`, `em1_0`, `em1_1`, `em1_2`, `em1_3`, `em1_4`, `em1_5`, `text2_0`, `text2_1`, `BroadcastTextID2`, `lang2`, `Probability2`, `em2_0`, `em2_1`, `em2_2`, `em2_3`, `em2_4`, `em2_5`, `text3_0`, `text3_1`, `BroadcastTextID3`, `lang3`, `Probability3`, `em3_0`, `em3_1`, `em3_2`, `em3_3`, `em3_4`, `em3_5`, `text4_0`, `text4_1`, `BroadcastTextID4`, `lang4`, `Probability4`, `em4_0`, `em4_1`, `em4_2`, `em4_3`, `em4_4`, `em4_5`, `text5_0`, `text5_1`, `BroadcastTextID5`, `lang5`, `Probability5`, `em5_0`, `em5_1`, `em5_2`, `em5_3`, `em5_4`, `em5_5`, `text6_0`, `text6_1`, `BroadcastTextID6`, `lang6`, `Probability6`, `em6_0`, `em6_1`, `em6_2`, `em6_3`, `em6_4`, `em6_5`, `text7_0`, `text7_1`, `BroadcastTextID7`, `lang7`, `Probability7`, `em7_0`, `em7_1`, `em7_2`, `em7_3`, `em7_4`, `em7_5`) VALUES ('1872473', 'Imported from TC', 'Oh... one of those types.  Well, Maximillian is the only one around here that knows about the dark arts.  You can probably find him in the dark of the Lion\'s Pride Inn basement.', 'Oh... one of those types.  Well, Maximillian is the only one around here that knows about the dark arts.  You can probably find him in the dark of the Lion\'s Pride Inn basement.', '6942', '0', '1', '0', '0', '0', '0', '0', '0', 'A warlock?  Well, if I was a warlock, I would probably be in the darkest place around here... which would be the Lion\'s Pride Inn basement.  That\'s where you should look first.', 'A warlock?  Well, if I was a warlock, I would probably be in the darkest place around here... which would be the Lion\'s Pride Inn basement.  That\'s where you should look first.', '6943', '0', '1', '0', '0', '0', '0', '0', '0', '', '', NULL, '0', '0', '0', '0', '0', '0', '0', '0', '', '', NULL, '0', '0', '0', '0', '0', '0', '0', '0', '', '', NULL, '0', '0', '0', '0', '0', '0', '0', '0', '', '', NULL, '0', '0', '0', '0', '0', '0', '0', '0', '', '', NULL, '0', '0', '0', '0', '0', '0', '0', '0', '', '', NULL, '0', '0', '0', '0', '0', '0', '0', '0');
INSERT INTO gossip_menu (`MenuID`, `TextID`) VALUES ('3518', '1872473');
INSERT INTO points_of_interest (`ID`, `PositionX`, `PositionY`, `Icon`, `Flags`, `Importance`, `Name`, `VerifiedBuild`) VALUES ('6', '-9473', '-4.08464', '6', '99', '0', 'Maximillian Crowe', '0');
INSERT INTO gossip_menu_option (`MenuID`, `OptionID`, `OptionIcon`, `OptionText`, `OptionBroadcastTextID`, `OptionType`, `OptionNpcFlag`, `ActionMenuID`, `ActionPoiID`, `BoxCoded`, `BoxMoney`, `BoxText`, `BoxBroadcastTextID`) VALUES ('3519', '7', '0', 'Warlock', '45407', '1', '1', '3518', '6', '0', '0', '', NULL);
INSERT INTO gossip_text (`ID`, `comment`, `text0_0`, `text0_1`, `BroadcastTextID0`, `lang0`, `Probability0`, `em0_0`, `em0_1`, `em0_2`, `em0_3`, `em0_4`, `em0_5`, `text1_0`, `text1_1`, `BroadcastTextID1`, `lang1`, `Probability1`, `em1_0`, `em1_1`, `em1_2`, `em1_3`, `em1_4`, `em1_5`, `text2_0`, `text2_1`, `BroadcastTextID2`, `lang2`, `Probability2`, `em2_0`, `em2_1`, `em2_2`, `em2_3`, `em2_4`, `em2_5`, `text3_0`, `text3_1`, `BroadcastTextID3`, `lang3`, `Probability3`, `em3_0`, `em3_1`, `em3_2`, `em3_3`, `em3_4`, `em3_5`, `text4_0`, `text4_1`, `BroadcastTextID4`, `lang4`, `Probability4`, `em4_0`, `em4_1`, `em4_2`, `em4_3`, `em4_4`, `em4_5`, `text5_0`, `text5_1`, `BroadcastTextID5`, `lang5`, `Probability5`, `em5_0`, `em5_1`, `em5_2`, `em5_3`, `em5_4`, `em5_5`, `text6_0`, `text6_1`, `BroadcastTextID6`, `lang6`, `Probability6`, `em6_0`, `em6_1`, `em6_2`, `em6_3`, `em6_4`, `em6_5`, `text7_0`, `text7_1`, `BroadcastTextID7`, `lang7`, `Probability7`, `em7_0`, `em7_1`, `em7_2`, `em7_3`, `em7_4`, `em7_5`) VALUES ('1872474', 'Imported from TC', 'Few around here are as skilled with a blade as Lyria Du Lac.  Check for her out behind the smithy and see if she\'s in the mood to teach you something new.', 'Few around here are as skilled with a blade as Lyria Du Lac.  Check for her out behind the smithy and see if she\'s in the mood to teach you something new.', '6939', '0', '1', '0', '0', '0', '0', '0', '0', 'Lyria\'s the one you should talk to if you need some training.  She can usually be found out behind the smithy waiting for some armor or weapon to be finished.', 'Lyria\'s the one you should talk to if you need some training.  She can usually be found out behind the smithy waiting for some armor or weapon to be finished.', '6940', '0', '1', '0', '0', '0', '0', '0', '0', '', '', NULL, '0', '0', '0', '0', '0', '0', '0', '0', '', '', NULL, '0', '0', '0', '0', '0', '0', '0', '0', '', '', NULL, '0', '0', '0', '0', '0', '0', '0', '0', '', '', NULL, '0', '0', '0', '0', '0', '0', '0', '0', '', '', NULL, '0', '0', '0', '0', '0', '0', '0', '0', '', '', NULL, '0', '0', '0', '0', '0', '0', '0', '0');
INSERT INTO gossip_menu (`MenuID`, `TextID`) VALUES ('3517', '1872474');
INSERT INTO points_of_interest (`ID`, `PositionX`, `PositionY`, `Icon`, `Flags`, `Importance`, `Name`, `VerifiedBuild`) VALUES ('7', '-9461', '109.505', '6', '99', '0', 'Lyria Du Lac', '0');
INSERT INTO gossip_menu_option (`MenuID`, `OptionID`, `OptionIcon`, `OptionText`, `OptionBroadcastTextID`, `OptionType`, `OptionNpcFlag`, `ActionMenuID`, `ActionPoiID`, `BoxCoded`, `BoxMoney`, `BoxText`, `BoxBroadcastTextID`) VALUES ('3519', '8', '0', 'Warrior', '45408', '1', '1', '3517', '7', '0', '0', '', NULL);
INSERT INTO gossip_menu_option (`MenuID`, `OptionID`, `OptionIcon`, `OptionText`, `OptionBroadcastTextID`, `OptionType`, `OptionNpcFlag`, `ActionMenuID`, `ActionPoiID`, `BoxCoded`, `BoxMoney`, `BoxText`, `BoxBroadcastTextID`) VALUES ('3506', '5', '0', 'Class Trainer', '45378', '1', '1', '3519', NULL, '0', '0', '', NULL);
INSERT INTO gossip_text (`ID`, `comment`, `text0_0`, `text0_1`, `BroadcastTextID0`, `lang0`, `Probability0`, `em0_0`, `em0_1`, `em0_2`, `em0_3`, `em0_4`, `em0_5`, `text1_0`, `text1_1`, `BroadcastTextID1`, `lang1`, `Probability1`, `em1_0`, `em1_1`, `em1_2`, `em1_3`, `em1_4`, `em1_5`, `text2_0`, `text2_1`, `BroadcastTextID2`, `lang2`, `Probability2`, `em2_0`, `em2_1`, `em2_2`, `em2_3`, `em2_4`, `em2_5`, `text3_0`, `text3_1`, `BroadcastTextID3`, `lang3`, `Probability3`, `em3_0`, `em3_1`, `em3_2`, `em3_3`, `em3_4`, `em3_5`, `text4_0`, `text4_1`, `BroadcastTextID4`, `lang4`, `Probability4`, `em4_0`, `em4_1`, `em4_2`, `em4_3`, `em4_4`, `em4_5`, `text5_0`, `text5_1`, `BroadcastTextID5`, `lang5`, `Probability5`, `em5_0`, `em5_1`, `em5_2`, `em5_3`, `em5_4`, `em5_5`, `text6_0`, `text6_1`, `BroadcastTextID6`, `lang6`, `Probability6`, `em6_0`, `em6_1`, `em6_2`, `em6_3`, `em6_4`, `em6_5`, `text7_0`, `text7_1`, `BroadcastTextID7`, `lang7`, `Probability7`, `em7_0`, `em7_1`, `em7_2`, `em7_3`, `em7_4`, `em7_5`) VALUES ('1872475', 'Imported from TC', 'I know of a few people around here that practice a profession or two.  What profession do you have in mind?', 'I know of a few people around here that practice a profession or two.  What profession do you have in mind?', '6944', '0', '1', '0', '0', '0', '0', '0', '0', '', '', NULL, '0', '0', '0', '0', '0', '0', '0', '0', '', '', NULL, '0', '0', '0', '0', '0', '0', '0', '0', '', '', NULL, '0', '0', '0', '0', '0', '0', '0', '0', '', '', NULL, '0', '0', '0', '0', '0', '0', '0', '0', '', '', NULL, '0', '0', '0', '0', '0', '0', '0', '0', '', '', NULL, '0', '0', '0', '0', '0', '0', '0', '0', '', '', NULL, '0', '0', '0', '0', '0', '0', '0', '0');
INSERT INTO gossip_menu (`MenuID`, `TextID`) VALUES ('3532', '1872475');
INSERT INTO gossip_text (`ID`, `comment`, `text0_0`, `text0_1`, `BroadcastTextID0`, `lang0`, `Probability0`, `em0_0`, `em0_1`, `em0_2`, `em0_3`, `em0_4`, `em0_5`, `text1_0`, `text1_1`, `BroadcastTextID1`, `lang1`, `Probability1`, `em1_0`, `em1_1`, `em1_2`, `em1_3`, `em1_4`, `em1_5`, `text2_0`, `text2_1`, `BroadcastTextID2`, `lang2`, `Probability2`, `em2_0`, `em2_1`, `em2_2`, `em2_3`, `em2_4`, `em2_5`, `text3_0`, `text3_1`, `BroadcastTextID3`, `lang3`, `Probability3`, `em3_0`, `em3_1`, `em3_2`, `em3_3`, `em3_4`, `em3_5`, `text4_0`, `text4_1`, `BroadcastTextID4`, `lang4`, `Probability4`, `em4_0`, `em4_1`, `em4_2`, `em4_3`, `em4_4`, `em4_5`, `text5_0`, `text5_1`, `BroadcastTextID5`, `lang5`, `Probability5`, `em5_0`, `em5_1`, `em5_2`, `em5_3`, `em5_4`, `em5_5`, `text6_0`, `text6_1`, `BroadcastTextID6`, `lang6`, `Probability6`, `em6_0`, `em6_1`, `em6_2`, `em6_3`, `em6_4`, `em6_5`, `text7_0`, `text7_1`, `BroadcastTextID7`, `lang7`, `Probability7`, `em7_0`, `em7_1`, `em7_2`, `em7_3`, `em7_4`, `em7_5`) VALUES ('1872476', 'Imported from TC', 'That hermit Mallory is known to concoct some potions for the local townsfolk on occasion.  He has a cottage in the hills between Stormwind and Northshire.', 'That hermit Mallory is known to concoct some potions for the local townsfolk on occasion.  He has a cottage in the hills between Stormwind and Northshire.', '6957', '0', '1', '0', '0', '0', '0', '0', '0', 'There is an alchemist that lives up in the hills between Northshire and Stormwind that might be of some help.  Why don\'t you go pay him a visit?', 'There is an alchemist that lives up in the hills between Northshire and Stormwind that might be of some help.  Why don\'t you go pay him a visit?', '6958', '0', '1', '0', '0', '0', '0', '0', '0', '', '', NULL, '0', '0', '0', '0', '0', '0', '0', '0', '', '', NULL, '0', '0', '0', '0', '0', '0', '0', '0', '', '', NULL, '0', '0', '0', '0', '0', '0', '0', '0', '', '', NULL, '0', '0', '0', '0', '0', '0', '0', '0', '', '', NULL, '0', '0', '0', '0', '0', '0', '0', '0', '', '', NULL, '0', '0', '0', '0', '0', '0', '0', '0');
INSERT INTO gossip_menu (`MenuID`, `TextID`) VALUES ('3520', '1872476');
INSERT INTO points_of_interest (`ID`, `PositionX`, `PositionY`, `Icon`, `Flags`, `Importance`, `Name`, `VerifiedBuild`) VALUES ('8', '-9057', '153.637', '6', '99', '0', 'Alchemist Mallory', '0');
INSERT INTO gossip_menu_option (`MenuID`, `OptionID`, `OptionIcon`, `OptionText`, `OptionBroadcastTextID`, `OptionType`, `OptionNpcFlag`, `ActionMenuID`, `ActionPoiID`, `BoxCoded`, `BoxMoney`, `BoxText`, `BoxBroadcastTextID`) VALUES ('3532', '0', '0', 'Alchemy', '52058', '1', '1', '3520', '8', '0', '0', '', NULL);
INSERT INTO gossip_text (`ID`, `comment`, `text0_0`, `text0_1`, `BroadcastTextID0`, `lang0`, `Probability0`, `em0_0`, `em0_1`, `em0_2`, `em0_3`, `em0_4`, `em0_5`, `text1_0`, `text1_1`, `BroadcastTextID1`, `lang1`, `Probability1`, `em1_0`, `em1_1`, `em1_2`, `em1_3`, `em1_4`, `em1_5`, `text2_0`, `text2_1`, `BroadcastTextID2`, `lang2`, `Probability2`, `em2_0`, `em2_1`, `em2_2`, `em2_3`, `em2_4`, `em2_5`, `text3_0`, `text3_1`, `BroadcastTextID3`, `lang3`, `Probability3`, `em3_0`, `em3_1`, `em3_2`, `em3_3`, `em3_4`, `em3_5`, `text4_0`, `text4_1`, `BroadcastTextID4`, `lang4`, `Probability4`, `em4_0`, `em4_1`, `em4_2`, `em4_3`, `em4_4`, `em4_5`, `text5_0`, `text5_1`, `BroadcastTextID5`, `lang5`, `Probability5`, `em5_0`, `em5_1`, `em5_2`, `em5_3`, `em5_4`, `em5_5`, `text6_0`, `text6_1`, `BroadcastTextID6`, `lang6`, `Probability6`, `em6_0`, `em6_1`, `em6_2`, `em6_3`, `em6_4`, `em6_5`, `text7_0`, `text7_1`, `BroadcastTextID7`, `lang7`, `Probability7`, `em7_0`, `em7_1`, `em7_2`, `em7_3`, `em7_4`, `em7_5`) VALUES ('1872477', 'Imported from TC', 'Argus is the resident blacksmith of Goldshire.  I\'m sure he could teach you the Blacksmith\'s profession.', 'Argus is the resident blacksmith of Goldshire.  I\'m sure he could teach you the Blacksmith\'s profession.', '6959', '0', '1', '0', '0', '0', '0', '0', '0', 'You must be looking for Smith Argus.  He\'s usually overseeing the forge in Goldshire if you need some training.', 'You must be looking for Smith Argus.  He\'s usually overseeing the forge in Goldshire if you need some training.', '6960', '0', '1', '0', '0', '0', '0', '0', '0', '', '', NULL, '0', '0', '0', '0', '0', '0', '0', '0', '', '', NULL, '0', '0', '0', '0', '0', '0', '0', '0', '', '', NULL, '0', '0', '0', '0', '0', '0', '0', '0', '', '', NULL, '0', '0', '0', '0', '0', '0', '0', '0', '', '', NULL, '0', '0', '0', '0', '0', '0', '0', '0', '', '', NULL, '0', '0', '0', '0', '0', '0', '0', '0');
INSERT INTO gossip_menu (`MenuID`, `TextID`) VALUES ('3521', '1872477');
INSERT INTO points_of_interest (`ID`, `PositionX`, `PositionY`, `Icon`, `Flags`, `Importance`, `Name`, `VerifiedBuild`) VALUES ('9', '-9456', '87.9022', '6', '99', '0', 'Smith Argus', '0');
INSERT INTO gossip_menu_option (`MenuID`, `OptionID`, `OptionIcon`, `OptionText`, `OptionBroadcastTextID`, `OptionType`, `OptionNpcFlag`, `ActionMenuID`, `ActionPoiID`, `BoxCoded`, `BoxMoney`, `BoxText`, `BoxBroadcastTextID`) VALUES ('3532', '1', '0', 'Blacksmithing', '51346', '1', '1', '3521', '9', '0', '0', '', NULL);
INSERT INTO gossip_text (`ID`, `comment`, `text0_0`, `text0_1`, `BroadcastTextID0`, `lang0`, `Probability0`, `em0_0`, `em0_1`, `em0_2`, `em0_3`, `em0_4`, `em0_5`, `text1_0`, `text1_1`, `BroadcastTextID1`, `lang1`, `Probability1`, `em1_0`, `em1_1`, `em1_2`, `em1_3`, `em1_4`, `em1_5`, `text2_0`, `text2_1`, `BroadcastTextID2`, `lang2`, `Probability2`, `em2_0`, `em2_1`, `em2_2`, `em2_3`, `em2_4`, `em2_5`, `text3_0`, `text3_1`, `BroadcastTextID3`, `lang3`, `Probability3`, `em3_0`, `em3_1`, `em3_2`, `em3_3`, `em3_4`, `em3_5`, `text4_0`, `text4_1`, `BroadcastTextID4`, `lang4`, `Probability4`, `em4_0`, `em4_1`, `em4_2`, `em4_3`, `em4_4`, `em4_5`, `text5_0`, `text5_1`, `BroadcastTextID5`, `lang5`, `Probability5`, `em5_0`, `em5_1`, `em5_2`, `em5_3`, `em5_4`, `em5_5`, `text6_0`, `text6_1`, `BroadcastTextID6`, `lang6`, `Probability6`, `em6_0`, `em6_1`, `em6_2`, `em6_3`, `em6_4`, `em6_5`, `text7_0`, `text7_1`, `BroadcastTextID7`, `lang7`, `Probability7`, `em7_0`, `em7_1`, `em7_2`, `em7_3`, `em7_4`, `em7_5`) VALUES ('1872478', 'Imported from TC', 'Tomas may not be the best cook around, but he has a few dishes that hit the spot.  He\'s currently working in the Lion\'s Pride Inn if you\'d like to learn the profession.', 'Tomas may not be the best cook around, but he has a few dishes that hit the spot.  He\'s currently working in the Lion\'s Pride Inn if you\'d like to learn the profession.', '6961', '0', '1', '0', '0', '0', '0', '0', '0', 'Why don\'t you try looking in the Lion\'s Pride Inn?  The cook there might be able to teach you a few good recipes.', 'Why don\'t you try looking in the Lion\'s Pride Inn?  The cook there might be able to teach you a few good recipes.', '6962', '0', '1', '0', '0', '0', '0', '0', '0', '', '', NULL, '0', '0', '0', '0', '0', '0', '0', '0', '', '', NULL, '0', '0', '0', '0', '0', '0', '0', '0', '', '', NULL, '0', '0', '0', '0', '0', '0', '0', '0', '', '', NULL, '0', '0', '0', '0', '0', '0', '0', '0', '', '', NULL, '0', '0', '0', '0', '0', '0', '0', '0', '', '', NULL, '0', '0', '0', '0', '0', '0', '0', '0');
INSERT INTO gossip_menu (`MenuID`, `TextID`) VALUES ('3522', '1872478');
INSERT INTO points_of_interest (`ID`, `PositionX`, `PositionY`, `Icon`, `Flags`, `Importance`, `Name`, `VerifiedBuild`) VALUES ('10', '-9467', '-3.16732', '6', '99', '0', 'Tomas', '0');
INSERT INTO gossip_menu_option (`MenuID`, `OptionID`, `OptionIcon`, `OptionText`, `OptionBroadcastTextID`, `OptionType`, `OptionNpcFlag`, `ActionMenuID`, `ActionPoiID`, `BoxCoded`, `BoxMoney`, `BoxText`, `BoxBroadcastTextID`) VALUES ('3532', '2', '0', 'Cooking', '45763', '1', '1', '3522', '10', '0', '0', '', NULL);
INSERT INTO gossip_text (`ID`, `comment`, `text0_0`, `text0_1`, `BroadcastTextID0`, `lang0`, `Probability0`, `em0_0`, `em0_1`, `em0_2`, `em0_3`, `em0_4`, `em0_5`, `text1_0`, `text1_1`, `BroadcastTextID1`, `lang1`, `Probability1`, `em1_0`, `em1_1`, `em1_2`, `em1_3`, `em1_4`, `em1_5`, `text2_0`, `text2_1`, `BroadcastTextID2`, `lang2`, `Probability2`, `em2_0`, `em2_1`, `em2_2`, `em2_3`, `em2_4`, `em2_5`, `text3_0`, `text3_1`, `BroadcastTextID3`, `lang3`, `Probability3`, `em3_0`, `em3_1`, `em3_2`, `em3_3`, `em3_4`, `em3_5`, `text4_0`, `text4_1`, `BroadcastTextID4`, `lang4`, `Probability4`, `em4_0`, `em4_1`, `em4_2`, `em4_3`, `em4_4`, `em4_5`, `text5_0`, `text5_1`, `BroadcastTextID5`, `lang5`, `Probability5`, `em5_0`, `em5_1`, `em5_2`, `em5_3`, `em5_4`, `em5_5`, `text6_0`, `text6_1`, `BroadcastTextID6`, `lang6`, `Probability6`, `em6_0`, `em6_1`, `em6_2`, `em6_3`, `em6_4`, `em6_5`, `text7_0`, `text7_1`, `BroadcastTextID7`, `lang7`, `Probability7`, `em7_0`, `em7_1`, `em7_2`, `em7_3`, `em7_4`, `em7_5`) VALUES ('1872479', 'Imported from TC', 'Nope, don\'t think there are any Enchanters here in Elwynn Forest.  There\'s a guy named Lucan who runs a shop up in Stormwind though.  You could check with him and see if he will train you.', 'Nope, don\'t think there are any Enchanters here in Elwynn Forest.  There\'s a guy named Lucan who runs a shop up in Stormwind though.  You could check with him and see if he will train you.', '6963', '0', '1', '0', '0', '0', '0', '0', '0', 'Hmmm... only enchanters I know of around here work out of Stormwind.  Why don\'t you ask one of the guards up in Stormwind?', 'Hmmm... only enchanters I know of around here work out of Stormwind.  Why don\'t you ask one of the guards up in Stormwind?', '6964', '0', '1', '0', '0', '0', '0', '0', '0', '', '', NULL, '0', '0', '0', '0', '0', '0', '0', '0', '', '', NULL, '0', '0', '0', '0', '0', '0', '0', '0', '', '', NULL, '0', '0', '0', '0', '0', '0', '0', '0', '', '', NULL, '0', '0', '0', '0', '0', '0', '0', '0', '', '', NULL, '0', '0', '0', '0', '0', '0', '0', '0', '', '', NULL, '0', '0', '0', '0', '0', '0', '0', '0');
INSERT INTO gossip_menu (`MenuID`, `TextID`) VALUES ('3523', '1872479');
INSERT INTO gossip_menu_option (`MenuID`, `OptionID`, `OptionIcon`, `OptionText`, `OptionBroadcastTextID`, `OptionType`, `OptionNpcFlag`, `ActionMenuID`, `ActionPoiID`, `BoxCoded`, `BoxMoney`, `BoxText`, `BoxBroadcastTextID`) VALUES ('3532', '3', '0', 'Enchanting', '52063', '1', '1', '3523', NULL, '0', '0', '', NULL);
INSERT INTO gossip_text (`ID`, `comment`, `text0_0`, `text0_1`, `BroadcastTextID0`, `lang0`, `Probability0`, `em0_0`, `em0_1`, `em0_2`, `em0_3`, `em0_4`, `em0_5`, `text1_0`, `text1_1`, `BroadcastTextID1`, `lang1`, `Probability1`, `em1_0`, `em1_1`, `em1_2`, `em1_3`, `em1_4`, `em1_5`, `text2_0`, `text2_1`, `BroadcastTextID2`, `lang2`, `Probability2`, `em2_0`, `em2_1`, `em2_2`, `em2_3`, `em2_4`, `em2_5`, `text3_0`, `text3_1`, `BroadcastTextID3`, `lang3`, `Probability3`, `em3_0`, `em3_1`, `em3_2`, `em3_3`, `em3_4`, `em3_5`, `text4_0`, `text4_1`, `BroadcastTextID4`, `lang4`, `Probability4`, `em4_0`, `em4_1`, `em4_2`, `em4_3`, `em4_4`, `em4_5`, `text5_0`, `text5_1`, `BroadcastTextID5`, `lang5`, `Probability5`, `em5_0`, `em5_1`, `em5_2`, `em5_3`, `em5_4`, `em5_5`, `text6_0`, `text6_1`, `BroadcastTextID6`, `lang6`, `Probability6`, `em6_0`, `em6_1`, `em6_2`, `em6_3`, `em6_4`, `em6_5`, `text7_0`, `text7_1`, `BroadcastTextID7`, `lang7`, `Probability7`, `em7_0`, `em7_1`, `em7_2`, `em7_3`, `em7_4`, `em7_5`) VALUES ('1872480', 'Imported from TC', 'I usually leave that sort of thing to the gnomes.  If you want to take up the profession, I\'m sure you could find some gnomes hanging out in Stormwind that would train you.', 'I usually leave that sort of thing to the gnomes.  If you want to take up the profession, I\'m sure you could find some gnomes hanging out in Stormwind that would train you.', '6965', '0', '1', '0', '0', '0', '0', '0', '0', 'There is bound to be a gnome in Stormwind that can teach you the profession.  I\'m sure one of the Stormwind Guards could point you in the right direction.', 'There is bound to be a gnome in Stormwind that can teach you the profession.  I\'m sure one of the Stormwind Guards could point you in the right direction.', '6966', '0', '1', '0', '0', '0', '0', '0', '0', '', '', NULL, '0', '0', '0', '0', '0', '0', '0', '0', '', '', NULL, '0', '0', '0', '0', '0', '0', '0', '0', '', '', NULL, '0', '0', '0', '0', '0', '0', '0', '0', '', '', NULL, '0', '0', '0', '0', '0', '0', '0', '0', '', '', NULL, '0', '0', '0', '0', '0', '0', '0', '0', '', '', NULL, '0', '0', '0', '0', '0', '0', '0', '0');
INSERT INTO gossip_menu (`MenuID`, `TextID`) VALUES ('3524', '1872480');
INSERT INTO gossip_menu_option (`MenuID`, `OptionID`, `OptionIcon`, `OptionText`, `OptionBroadcastTextID`, `OptionType`, `OptionNpcFlag`, `ActionMenuID`, `ActionPoiID`, `BoxCoded`, `BoxMoney`, `BoxText`, `BoxBroadcastTextID`) VALUES ('3532', '4', '0', 'Engineering', '51347', '1', '1', '3524', NULL, '0', '0', '', NULL);
INSERT INTO gossip_text (`ID`, `comment`, `text0_0`, `text0_1`, `BroadcastTextID0`, `lang0`, `Probability0`, `em0_0`, `em0_1`, `em0_2`, `em0_3`, `em0_4`, `em0_5`, `text1_0`, `text1_1`, `BroadcastTextID1`, `lang1`, `Probability1`, `em1_0`, `em1_1`, `em1_2`, `em1_3`, `em1_4`, `em1_5`, `text2_0`, `text2_1`, `BroadcastTextID2`, `lang2`, `Probability2`, `em2_0`, `em2_1`, `em2_2`, `em2_3`, `em2_4`, `em2_5`, `text3_0`, `text3_1`, `BroadcastTextID3`, `lang3`, `Probability3`, `em3_0`, `em3_1`, `em3_2`, `em3_3`, `em3_4`, `em3_5`, `text4_0`, `text4_1`, `BroadcastTextID4`, `lang4`, `Probability4`, `em4_0`, `em4_1`, `em4_2`, `em4_3`, `em4_4`, `em4_5`, `text5_0`, `text5_1`, `BroadcastTextID5`, `lang5`, `Probability5`, `em5_0`, `em5_1`, `em5_2`, `em5_3`, `em5_4`, `em5_5`, `text6_0`, `text6_1`, `BroadcastTextID6`, `lang6`, `Probability6`, `em6_0`, `em6_1`, `em6_2`, `em6_3`, `em6_4`, `em6_5`, `text7_0`, `text7_1`, `BroadcastTextID7`, `lang7`, `Probability7`, `em7_0`, `em7_1`, `em7_2`, `em7_3`, `em7_4`, `em7_5`) VALUES ('1872481', 'Imported from TC', 'I had a bad encounter with some of the Defias around here recently, but Michelle Belle fixed me up pretty well.  Check with her in the Lion\'s Pride Inn and see if she\'ll teach you.', 'I had a bad encounter with some of the Defias around here recently, but Michelle Belle fixed me up pretty well.  Check with her in the Lion\'s Pride Inn and see if she\'ll teach you.', '6967', '0', '1', '0', '0', '0', '0', '0', '0', 'Michelle Belle\'s bedside manner is remarkable!  While she might not be able to teach you that, she surely could teach you some proper First Aid.  She currently resides in the Lion\'s Pride Inn.', 'Michelle Belle\'s bedside manner is remarkable!  While she might not be able to teach you that, she surely could teach you some proper First Aid.  She currently resides in the Lion\'s Pride Inn.', '6968', '0', '1', '0', '0', '0', '0', '0', '0', '', '', NULL, '0', '0', '0', '0', '0', '0', '0', '0', '', '', NULL, '0', '0', '0', '0', '0', '0', '0', '0', '', '', NULL, '0', '0', '0', '0', '0', '0', '0', '0', '', '', NULL, '0', '0', '0', '0', '0', '0', '0', '0', '', '', NULL, '0', '0', '0', '0', '0', '0', '0', '0', '', '', NULL, '0', '0', '0', '0', '0', '0', '0', '0');
INSERT INTO gossip_menu (`MenuID`, `TextID`) VALUES ('3525', '1872481');
INSERT INTO points_of_interest (`ID`, `PositionX`, `PositionY`, `Icon`, `Flags`, `Importance`, `Name`, `VerifiedBuild`) VALUES ('11', '-9456', '30.4947', '6', '99', '0', 'Michelle Belle', '0');
INSERT INTO gossip_menu_option (`MenuID`, `OptionID`, `OptionIcon`, `OptionText`, `OptionBroadcastTextID`, `OptionType`, `OptionNpcFlag`, `ActionMenuID`, `ActionPoiID`, `BoxCoded`, `BoxMoney`, `BoxText`, `BoxBroadcastTextID`) VALUES ('3532', '5', '0', 'First Aid', '52066', '1', '1', '3525', '11', '0', '0', '', NULL);
INSERT INTO gossip_text (`ID`, `comment`, `text0_0`, `text0_1`, `BroadcastTextID0`, `lang0`, `Probability0`, `em0_0`, `em0_1`, `em0_2`, `em0_3`, `em0_4`, `em0_5`, `text1_0`, `text1_1`, `BroadcastTextID1`, `lang1`, `Probability1`, `em1_0`, `em1_1`, `em1_2`, `em1_3`, `em1_4`, `em1_5`, `text2_0`, `text2_1`, `BroadcastTextID2`, `lang2`, `Probability2`, `em2_0`, `em2_1`, `em2_2`, `em2_3`, `em2_4`, `em2_5`, `text3_0`, `text3_1`, `BroadcastTextID3`, `lang3`, `Probability3`, `em3_0`, `em3_1`, `em3_2`, `em3_3`, `em3_4`, `em3_5`, `text4_0`, `text4_1`, `BroadcastTextID4`, `lang4`, `Probability4`, `em4_0`, `em4_1`, `em4_2`, `em4_3`, `em4_4`, `em4_5`, `text5_0`, `text5_1`, `BroadcastTextID5`, `lang5`, `Probability5`, `em5_0`, `em5_1`, `em5_2`, `em5_3`, `em5_4`, `em5_5`, `text6_0`, `text6_1`, `BroadcastTextID6`, `lang6`, `Probability6`, `em6_0`, `em6_1`, `em6_2`, `em6_3`, `em6_4`, `em6_5`, `text7_0`, `text7_1`, `BroadcastTextID7`, `lang7`, `Probability7`, `em7_0`, `em7_1`, `em7_2`, `em7_3`, `em7_4`, `em7_5`) VALUES ('1872482', 'Imported from TC', 'Lee Brown spends the whole day fishing up by Crystal Lake.  He\'s probably got some stories to tell and some tips he could teach you.', 'Lee Brown spends the whole day fishing up by Crystal Lake.  He\'s probably got some stories to tell and some tips he could teach you.', '6969', '0', '1', '0', '0', '0', '0', '0', '0', 'Lee\'s caught some pretty odd things up at Crystal Lake.  He told me a story about this weird mask he fished up some months ago.  If you ask me, I think he just had one too many at the Lion\'s Pride that night.', 'Lee\'s caught some pretty odd things up at Crystal Lake.  He told me a story about this weird mask he fished up some months ago.  If you ask me, I think he just had one too many at the Lion\'s Pride that night.', '6970', '0', '1', '0', '0', '0', '0', '0', '0', '', '', NULL, '0', '0', '0', '0', '0', '0', '0', '0', '', '', NULL, '0', '0', '0', '0', '0', '0', '0', '0', '', '', NULL, '0', '0', '0', '0', '0', '0', '0', '0', '', '', NULL, '0', '0', '0', '0', '0', '0', '0', '0', '', '', NULL, '0', '0', '0', '0', '0', '0', '0', '0', '', '', NULL, '0', '0', '0', '0', '0', '0', '0', '0');
INSERT INTO gossip_menu (`MenuID`, `TextID`) VALUES ('3526', '1872482');
INSERT INTO points_of_interest (`ID`, `PositionX`, `PositionY`, `Icon`, `Flags`, `Importance`, `Name`, `VerifiedBuild`) VALUES ('12', '-9386', '-118.731', '6', '99', '0', 'Lee Brown', '0');
INSERT INTO gossip_menu_option (`MenuID`, `OptionID`, `OptionIcon`, `OptionText`, `OptionBroadcastTextID`, `OptionType`, `OptionNpcFlag`, `ActionMenuID`, `ActionPoiID`, `BoxCoded`, `BoxMoney`, `BoxText`, `BoxBroadcastTextID`) VALUES ('3532', '6', '0', 'Fishing', '45767', '1', '1', '3526', '12', '0', '0', '', NULL);
INSERT INTO gossip_text (`ID`, `comment`, `text0_0`, `text0_1`, `BroadcastTextID0`, `lang0`, `Probability0`, `em0_0`, `em0_1`, `em0_2`, `em0_3`, `em0_4`, `em0_5`, `text1_0`, `text1_1`, `BroadcastTextID1`, `lang1`, `Probability1`, `em1_0`, `em1_1`, `em1_2`, `em1_3`, `em1_4`, `em1_5`, `text2_0`, `text2_1`, `BroadcastTextID2`, `lang2`, `Probability2`, `em2_0`, `em2_1`, `em2_2`, `em2_3`, `em2_4`, `em2_5`, `text3_0`, `text3_1`, `BroadcastTextID3`, `lang3`, `Probability3`, `em3_0`, `em3_1`, `em3_2`, `em3_3`, `em3_4`, `em3_5`, `text4_0`, `text4_1`, `BroadcastTextID4`, `lang4`, `Probability4`, `em4_0`, `em4_1`, `em4_2`, `em4_3`, `em4_4`, `em4_5`, `text5_0`, `text5_1`, `BroadcastTextID5`, `lang5`, `Probability5`, `em5_0`, `em5_1`, `em5_2`, `em5_3`, `em5_4`, `em5_5`, `text6_0`, `text6_1`, `BroadcastTextID6`, `lang6`, `Probability6`, `em6_0`, `em6_1`, `em6_2`, `em6_3`, `em6_4`, `em6_5`, `text7_0`, `text7_1`, `BroadcastTextID7`, `lang7`, `Probability7`, `em7_0`, `em7_1`, `em7_2`, `em7_3`, `em7_4`, `em7_5`) VALUES ('1872483', 'Imported from TC', 'Ms. Pomeroy gathers herbs for an Alchemist who lives up in the hills between Northshire and Stormwind.  Check for her at his cottage and see if she\'ll show you the profession.', 'Ms. Pomeroy gathers herbs for an Alchemist who lives up in the hills between Northshire and Stormwind.  Check for her at his cottage and see if she\'ll show you the profession.', '6971', '0', '1', '0', '0', '0', '0', '0', '0', 'There\'s an herbalist that lives in the hills east of Stormwind with our alchemist. Quite the handy pairing don\'t you think?', 'There\'s an herbalist that lives in the hills east of Stormwind with our alchemist. Quite the handy pairing don\'t you think?', '6972', '0', '1', '0', '0', '0', '0', '0', '0', '', '', NULL, '0', '0', '0', '0', '0', '0', '0', '0', '', '', NULL, '0', '0', '0', '0', '0', '0', '0', '0', '', '', NULL, '0', '0', '0', '0', '0', '0', '0', '0', '', '', NULL, '0', '0', '0', '0', '0', '0', '0', '0', '', '', NULL, '0', '0', '0', '0', '0', '0', '0', '0', '', '', NULL, '0', '0', '0', '0', '0', '0', '0', '0');
INSERT INTO gossip_menu (`MenuID`, `TextID`) VALUES ('3527', '1872483');
INSERT INTO points_of_interest (`ID`, `PositionX`, `PositionY`, `Icon`, `Flags`, `Importance`, `Name`, `VerifiedBuild`) VALUES ('269', '-9060.71', '149.236', '6', '99', '0', 'Herbalist Pomeroy', '0');
INSERT INTO gossip_menu_option (`MenuID`, `OptionID`, `OptionIcon`, `OptionText`, `OptionBroadcastTextID`, `OptionType`, `OptionNpcFlag`, `ActionMenuID`, `ActionPoiID`, `BoxCoded`, `BoxMoney`, `BoxText`, `BoxBroadcastTextID`) VALUES ('3532', '7', '0', 'Herbalism', '45768', '1', '1', '3527', '269', '0', '0', '', NULL);
-- Importing menu 10010 as 57051
-- Text 13881 already present in Sun DB
INSERT INTO gossip_menu (`MenuID`, `TextID`) VALUES ('57051', '13881');
-- POI 13 already present in sun db
INSERT INTO gossip_menu_option (`MenuID`, `OptionID`, `OptionIcon`, `OptionText`, `OptionBroadcastTextID`, `OptionType`, `OptionNpcFlag`, `ActionMenuID`, `ActionPoiID`, `BoxCoded`, `BoxMoney`, `BoxText`, `BoxBroadcastTextID`, `patch_min`) VALUES ('3532', '8', '0', 'Inscription', '48811', '1', '1', '57051', '13', '0', '0', '', NULL, '5');
INSERT INTO gossip_text (`ID`, `comment`, `text0_0`, `text0_1`, `BroadcastTextID0`, `lang0`, `Probability0`, `em0_0`, `em0_1`, `em0_2`, `em0_3`, `em0_4`, `em0_5`, `text1_0`, `text1_1`, `BroadcastTextID1`, `lang1`, `Probability1`, `em1_0`, `em1_1`, `em1_2`, `em1_3`, `em1_4`, `em1_5`, `text2_0`, `text2_1`, `BroadcastTextID2`, `lang2`, `Probability2`, `em2_0`, `em2_1`, `em2_2`, `em2_3`, `em2_4`, `em2_5`, `text3_0`, `text3_1`, `BroadcastTextID3`, `lang3`, `Probability3`, `em3_0`, `em3_1`, `em3_2`, `em3_3`, `em3_4`, `em3_5`, `text4_0`, `text4_1`, `BroadcastTextID4`, `lang4`, `Probability4`, `em4_0`, `em4_1`, `em4_2`, `em4_3`, `em4_4`, `em4_5`, `text5_0`, `text5_1`, `BroadcastTextID5`, `lang5`, `Probability5`, `em5_0`, `em5_1`, `em5_2`, `em5_3`, `em5_4`, `em5_5`, `text6_0`, `text6_1`, `BroadcastTextID6`, `lang6`, `Probability6`, `em6_0`, `em6_1`, `em6_2`, `em6_3`, `em6_4`, `em6_5`, `text7_0`, `text7_1`, `BroadcastTextID7`, `lang7`, `Probability7`, `em7_0`, `em7_1`, `em7_2`, `em7_3`, `em7_4`, `em7_5`) VALUES ('1872484', 'Imported from TC', 'Over by Crystal Lake there lives a lady named Adele Fielder.  She makes patches for the local guards with the extra leather she gets from the local skinner, Helene.  She would probably be the one to see if you\'re interested in learning the profession.', 'Over by Crystal Lake there lives a lady named Adele Fielder.  She makes patches for the local guards with the extra leather she gets from the local skinner, Helene.  She would probably be the one to see if you\'re interested in learning the profession.', '6973', '0', '1', '0', '0', '0', '0', '0', '0', 'Adele Fielder has made a name for herself as a leatherworker around Elwynn.  You can find her working out of her home up by Crystal Lake.', 'Adele Fielder has made a name for herself as a leatherworker around Elwynn.  You can find her working out of her home up by Crystal Lake.', '6974', '0', '1', '0', '0', '0', '0', '0', '0', '', '', NULL, '0', '0', '0', '0', '0', '0', '0', '0', '', '', NULL, '0', '0', '0', '0', '0', '0', '0', '0', '', '', NULL, '0', '0', '0', '0', '0', '0', '0', '0', '', '', NULL, '0', '0', '0', '0', '0', '0', '0', '0', '', '', NULL, '0', '0', '0', '0', '0', '0', '0', '0', '', '', NULL, '0', '0', '0', '0', '0', '0', '0', '0');
INSERT INTO gossip_menu (`MenuID`, `TextID`) VALUES ('3528', '1872484');
INSERT INTO points_of_interest (`ID`, `PositionX`, `PositionY`, `Icon`, `Flags`, `Importance`, `Name`, `VerifiedBuild`) VALUES ('14', '-9376', '-75.2306', '6', '99', '0', 'Adele Fielder', '0');
INSERT INTO gossip_menu_option (`MenuID`, `OptionID`, `OptionIcon`, `OptionText`, `OptionBroadcastTextID`, `OptionType`, `OptionNpcFlag`, `ActionMenuID`, `ActionPoiID`, `BoxCoded`, `BoxMoney`, `BoxText`, `BoxBroadcastTextID`) VALUES ('3532', '9', '0', 'Leatherworking', '52071', '1', '1', '3528', '14', '0', '0', '', NULL);
INSERT INTO gossip_text (`ID`, `comment`, `text0_0`, `text0_1`, `BroadcastTextID0`, `lang0`, `Probability0`, `em0_0`, `em0_1`, `em0_2`, `em0_3`, `em0_4`, `em0_5`, `text1_0`, `text1_1`, `BroadcastTextID1`, `lang1`, `Probability1`, `em1_0`, `em1_1`, `em1_2`, `em1_3`, `em1_4`, `em1_5`, `text2_0`, `text2_1`, `BroadcastTextID2`, `lang2`, `Probability2`, `em2_0`, `em2_1`, `em2_2`, `em2_3`, `em2_4`, `em2_5`, `text3_0`, `text3_1`, `BroadcastTextID3`, `lang3`, `Probability3`, `em3_0`, `em3_1`, `em3_2`, `em3_3`, `em3_4`, `em3_5`, `text4_0`, `text4_1`, `BroadcastTextID4`, `lang4`, `Probability4`, `em4_0`, `em4_1`, `em4_2`, `em4_3`, `em4_4`, `em4_5`, `text5_0`, `text5_1`, `BroadcastTextID5`, `lang5`, `Probability5`, `em5_0`, `em5_1`, `em5_2`, `em5_3`, `em5_4`, `em5_5`, `text6_0`, `text6_1`, `BroadcastTextID6`, `lang6`, `Probability6`, `em6_0`, `em6_1`, `em6_2`, `em6_3`, `em6_4`, `em6_5`, `text7_0`, `text7_1`, `BroadcastTextID7`, `lang7`, `Probability7`, `em7_0`, `em7_1`, `em7_2`, `em7_3`, `em7_4`, `em7_5`) VALUES ('1872485', 'Imported from TC', 'You best head up to Stormwind in the Dwarven District if you want to learn to mine.  Surely one of the dwarves there can teach you the profession.', 'You best head up to Stormwind in the Dwarven District if you want to learn to mine.  Surely one of the dwarves there can teach you the profession.', '6975', '0', '1', '0', '0', '0', '0', '0', '0', 'I think you\'ll have better luck looking in Stormwind.  Ask a guard up there and they\'ll point you in the right direction.', 'I think you\'ll have better luck looking in Stormwind.  Ask a guard up there and they\'ll point you in the right direction.', '6976', '0', '1', '0', '0', '0', '0', '0', '0', '', '', NULL, '0', '0', '0', '0', '0', '0', '0', '0', '', '', NULL, '0', '0', '0', '0', '0', '0', '0', '0', '', '', NULL, '0', '0', '0', '0', '0', '0', '0', '0', '', '', NULL, '0', '0', '0', '0', '0', '0', '0', '0', '', '', NULL, '0', '0', '0', '0', '0', '0', '0', '0', '', '', NULL, '0', '0', '0', '0', '0', '0', '0', '0');
INSERT INTO gossip_menu (`MenuID`, `TextID`) VALUES ('3529', '1872485');
INSERT INTO gossip_menu_option (`MenuID`, `OptionID`, `OptionIcon`, `OptionText`, `OptionBroadcastTextID`, `OptionType`, `OptionNpcFlag`, `ActionMenuID`, `ActionPoiID`, `BoxCoded`, `BoxMoney`, `BoxText`, `BoxBroadcastTextID`) VALUES ('3532', '10', '0', 'Mining', '51348', '1', '1', '3529', NULL, '0', '0', '', NULL);
INSERT INTO gossip_text (`ID`, `comment`, `text0_0`, `text0_1`, `BroadcastTextID0`, `lang0`, `Probability0`, `em0_0`, `em0_1`, `em0_2`, `em0_3`, `em0_4`, `em0_5`, `text1_0`, `text1_1`, `BroadcastTextID1`, `lang1`, `Probability1`, `em1_0`, `em1_1`, `em1_2`, `em1_3`, `em1_4`, `em1_5`, `text2_0`, `text2_1`, `BroadcastTextID2`, `lang2`, `Probability2`, `em2_0`, `em2_1`, `em2_2`, `em2_3`, `em2_4`, `em2_5`, `text3_0`, `text3_1`, `BroadcastTextID3`, `lang3`, `Probability3`, `em3_0`, `em3_1`, `em3_2`, `em3_3`, `em3_4`, `em3_5`, `text4_0`, `text4_1`, `BroadcastTextID4`, `lang4`, `Probability4`, `em4_0`, `em4_1`, `em4_2`, `em4_3`, `em4_4`, `em4_5`, `text5_0`, `text5_1`, `BroadcastTextID5`, `lang5`, `Probability5`, `em5_0`, `em5_1`, `em5_2`, `em5_3`, `em5_4`, `em5_5`, `text6_0`, `text6_1`, `BroadcastTextID6`, `lang6`, `Probability6`, `em6_0`, `em6_1`, `em6_2`, `em6_3`, `em6_4`, `em6_5`, `text7_0`, `text7_1`, `BroadcastTextID7`, `lang7`, `Probability7`, `em7_0`, `em7_1`, `em7_2`, `em7_3`, `em7_4`, `em7_5`) VALUES ('1872486', 'Imported from TC', 'Helene Peltskinner has had years of experience skinning animals for Adele Fielder to make leather items.  You can find Helene in her house by Crystal Lake.', 'Helene Peltskinner has had years of experience skinning animals for Adele Fielder to make leather items.  You can find Helene in her house by Crystal Lake.', '6977', '0', '1', '0', '0', '0', '0', '0', '0', 'There\'s an excellent skinner that lives up in the house by Crystal Lake.  She\'s bound to be able to show you how to get started in the skinner\'s profession.', 'There\'s an excellent skinner that lives up in the house by Crystal Lake.  She\'s bound to be able to show you how to get started in the skinner\'s profession.', '6978', '0', '1', '0', '0', '0', '0', '0', '0', '', '', NULL, '0', '0', '0', '0', '0', '0', '0', '0', '', '', NULL, '0', '0', '0', '0', '0', '0', '0', '0', '', '', NULL, '0', '0', '0', '0', '0', '0', '0', '0', '', '', NULL, '0', '0', '0', '0', '0', '0', '0', '0', '', '', NULL, '0', '0', '0', '0', '0', '0', '0', '0', '', '', NULL, '0', '0', '0', '0', '0', '0', '0', '0');
INSERT INTO gossip_menu (`MenuID`, `TextID`) VALUES ('3530', '1872486');
INSERT INTO points_of_interest (`ID`, `PositionX`, `PositionY`, `Icon`, `Flags`, `Importance`, `Name`, `VerifiedBuild`) VALUES ('15', '-9381', '-70.1127', '6', '99', '0', 'Helene Peltskinner', '0');
INSERT INTO gossip_menu_option (`MenuID`, `OptionID`, `OptionIcon`, `OptionText`, `OptionBroadcastTextID`, `OptionType`, `OptionNpcFlag`, `ActionMenuID`, `ActionPoiID`, `BoxCoded`, `BoxMoney`, `BoxText`, `BoxBroadcastTextID`) VALUES ('3532', '11', '0', 'Skinning', '52076', '1', '1', '3530', '15', '0', '0', '', NULL);
INSERT INTO gossip_text (`ID`, `comment`, `text0_0`, `text0_1`, `BroadcastTextID0`, `lang0`, `Probability0`, `em0_0`, `em0_1`, `em0_2`, `em0_3`, `em0_4`, `em0_5`, `text1_0`, `text1_1`, `BroadcastTextID1`, `lang1`, `Probability1`, `em1_0`, `em1_1`, `em1_2`, `em1_3`, `em1_4`, `em1_5`, `text2_0`, `text2_1`, `BroadcastTextID2`, `lang2`, `Probability2`, `em2_0`, `em2_1`, `em2_2`, `em2_3`, `em2_4`, `em2_5`, `text3_0`, `text3_1`, `BroadcastTextID3`, `lang3`, `Probability3`, `em3_0`, `em3_1`, `em3_2`, `em3_3`, `em3_4`, `em3_5`, `text4_0`, `text4_1`, `BroadcastTextID4`, `lang4`, `Probability4`, `em4_0`, `em4_1`, `em4_2`, `em4_3`, `em4_4`, `em4_5`, `text5_0`, `text5_1`, `BroadcastTextID5`, `lang5`, `Probability5`, `em5_0`, `em5_1`, `em5_2`, `em5_3`, `em5_4`, `em5_5`, `text6_0`, `text6_1`, `BroadcastTextID6`, `lang6`, `Probability6`, `em6_0`, `em6_1`, `em6_2`, `em6_3`, `em6_4`, `em6_5`, `text7_0`, `text7_1`, `BroadcastTextID7`, `lang7`, `Probability7`, `em7_0`, `em7_1`, `em7_2`, `em7_3`, `em7_4`, `em7_5`) VALUES ('1872487', 'Imported from TC', 'Eldrin is the only one in Elwynn Forest that I would call a tailor.  You can find him at the Eastvale Lumber Camp if you\'re interested in learning the profession.', 'Eldrin is the only one in Elwynn Forest that I would call a tailor.  You can find him at the Eastvale Lumber Camp if you\'re interested in learning the profession.', '6979', '0', '1', '0', '0', '0', '0', '0', '0', 'You want to learn to be a tailor?  Hmmm... I believe there\'s a tailor over in the Eastvale Logging Camp that may be able to get you started.  ', 'You want to learn to be a tailor?  Hmmm... I believe there\'s a tailor over in the Eastvale Logging Camp that may be able to get you started.  ', '6980', '0', '1', '0', '0', '0', '0', '0', '0', '', '', NULL, '0', '0', '0', '0', '0', '0', '0', '0', '', '', NULL, '0', '0', '0', '0', '0', '0', '0', '0', '', '', NULL, '0', '0', '0', '0', '0', '0', '0', '0', '', '', NULL, '0', '0', '0', '0', '0', '0', '0', '0', '', '', NULL, '0', '0', '0', '0', '0', '0', '0', '0', '', '', NULL, '0', '0', '0', '0', '0', '0', '0', '0');
INSERT INTO gossip_menu (`MenuID`, `TextID`) VALUES ('3531', '1872487');
INSERT INTO points_of_interest (`ID`, `PositionX`, `PositionY`, `Icon`, `Flags`, `Importance`, `Name`, `VerifiedBuild`) VALUES ('16', '-9536', '-1212.76', '6', '99', '0', 'Eldrin', '0');
INSERT INTO gossip_menu_option (`MenuID`, `OptionID`, `OptionIcon`, `OptionText`, `OptionBroadcastTextID`, `OptionType`, `OptionNpcFlag`, `ActionMenuID`, `ActionPoiID`, `BoxCoded`, `BoxMoney`, `BoxText`, `BoxBroadcastTextID`) VALUES ('3532', '12', '0', 'Tailoring', '52077', '1', '1', '3531', '16', '0', '0', '', NULL);
INSERT INTO gossip_menu_option (`MenuID`, `OptionID`, `OptionIcon`, `OptionText`, `OptionBroadcastTextID`, `OptionType`, `OptionNpcFlag`, `ActionMenuID`, `ActionPoiID`, `BoxCoded`, `BoxMoney`, `BoxText`, `BoxBroadcastTextID`) VALUES ('3506', '6', '0', 'Profession Trainer', '45382', '1', '1', '3532', NULL, '0', '0', '', NULL);
UPDATE creature_template SET npcflag = (npcflag | 1), gossip_menu_id = 3506 WHERE entry = 1423;


-- Importing creature gossip with entry 727 (Ironforge Mountaineer) with import type GOSSIP
INSERT INTO gossip_text (`ID`, `comment`, `text0_0`, `text0_1`, `BroadcastTextID0`, `lang0`, `Probability0`, `em0_0`, `em0_1`, `em0_2`, `em0_3`, `em0_4`, `em0_5`, `text1_0`, `text1_1`, `BroadcastTextID1`, `lang1`, `Probability1`, `em1_0`, `em1_1`, `em1_2`, `em1_3`, `em1_4`, `em1_5`, `text2_0`, `text2_1`, `BroadcastTextID2`, `lang2`, `Probability2`, `em2_0`, `em2_1`, `em2_2`, `em2_3`, `em2_4`, `em2_5`, `text3_0`, `text3_1`, `BroadcastTextID3`, `lang3`, `Probability3`, `em3_0`, `em3_1`, `em3_2`, `em3_3`, `em3_4`, `em3_5`, `text4_0`, `text4_1`, `BroadcastTextID4`, `lang4`, `Probability4`, `em4_0`, `em4_1`, `em4_2`, `em4_3`, `em4_4`, `em4_5`, `text5_0`, `text5_1`, `BroadcastTextID5`, `lang5`, `Probability5`, `em5_0`, `em5_1`, `em5_2`, `em5_3`, `em5_4`, `em5_5`, `text6_0`, `text6_1`, `BroadcastTextID6`, `lang6`, `Probability6`, `em6_0`, `em6_1`, `em6_2`, `em6_3`, `em6_4`, `em6_5`, `text7_0`, `text7_1`, `BroadcastTextID7`, `lang7`, `Probability7`, `em7_0`, `em7_1`, `em7_2`, `em7_3`, `em7_4`, `em7_5`) VALUES ('1872488', 'Imported from TC', 'What do ye need directions to?', 'What do ye need directions to?', '6986', '0', '1', '0', '0', '0', '0', '0', '0', '', '', NULL, '0', '0', '0', '0', '0', '0', '0', '0', '', '', NULL, '0', '0', '0', '0', '0', '0', '0', '0', '', '', NULL, '0', '0', '0', '0', '0', '0', '0', '0', '', '', NULL, '0', '0', '0', '0', '0', '0', '0', '0', '', '', NULL, '0', '0', '0', '0', '0', '0', '0', '0', '', '', NULL, '0', '0', '0', '0', '0', '0', '0', '0', '', '', NULL, '0', '0', '0', '0', '0', '0', '0', '0');
INSERT INTO gossip_menu (`MenuID`, `TextID`) VALUES ('3533', '1872488');
INSERT INTO gossip_text (`ID`, `comment`, `text0_0`, `text0_1`, `BroadcastTextID0`, `lang0`, `Probability0`, `em0_0`, `em0_1`, `em0_2`, `em0_3`, `em0_4`, `em0_5`, `text1_0`, `text1_1`, `BroadcastTextID1`, `lang1`, `Probability1`, `em1_0`, `em1_1`, `em1_2`, `em1_3`, `em1_4`, `em1_5`, `text2_0`, `text2_1`, `BroadcastTextID2`, `lang2`, `Probability2`, `em2_0`, `em2_1`, `em2_2`, `em2_3`, `em2_4`, `em2_5`, `text3_0`, `text3_1`, `BroadcastTextID3`, `lang3`, `Probability3`, `em3_0`, `em3_1`, `em3_2`, `em3_3`, `em3_4`, `em3_5`, `text4_0`, `text4_1`, `BroadcastTextID4`, `lang4`, `Probability4`, `em4_0`, `em4_1`, `em4_2`, `em4_3`, `em4_4`, `em4_5`, `text5_0`, `text5_1`, `BroadcastTextID5`, `lang5`, `Probability5`, `em5_0`, `em5_1`, `em5_2`, `em5_3`, `em5_4`, `em5_5`, `text6_0`, `text6_1`, `BroadcastTextID6`, `lang6`, `Probability6`, `em6_0`, `em6_1`, `em6_2`, `em6_3`, `em6_4`, `em6_5`, `text7_0`, `text7_1`, `BroadcastTextID7`, `lang7`, `Probability7`, `em7_0`, `em7_1`, `em7_2`, `em7_3`, `em7_4`, `em7_5`) VALUES ('1872489', 'Imported from TC', 'The nearest bank ye\'ll find is The Vault in Ironforge, $glad : lass;. ', 'The nearest bank ye\'ll find is The Vault in Ironforge, $glad : lass;. ', '6988', '0', '1', '0', '0', '0', '0', '0', '0', 'The Vault in Ironforge is the closest bank ye\'ll find in these parts.', 'The Vault in Ironforge is the closest bank ye\'ll find in these parts.', '6989', '0', '1', '0', '0', '0', '0', '0', '0', '', '', NULL, '0', '0', '0', '0', '0', '0', '0', '0', '', '', NULL, '0', '0', '0', '0', '0', '0', '0', '0', '', '', NULL, '0', '0', '0', '0', '0', '0', '0', '0', '', '', NULL, '0', '0', '0', '0', '0', '0', '0', '0', '', '', NULL, '0', '0', '0', '0', '0', '0', '0', '0', '', '', NULL, '0', '0', '0', '0', '0', '0', '0', '0');
INSERT INTO gossip_menu (`MenuID`, `TextID`) VALUES ('3534', '1872489');
INSERT INTO gossip_menu_option (`MenuID`, `OptionID`, `OptionIcon`, `OptionText`, `OptionBroadcastTextID`, `OptionType`, `OptionNpcFlag`, `ActionMenuID`, `ActionPoiID`, `BoxCoded`, `BoxMoney`, `BoxText`, `BoxBroadcastTextID`) VALUES ('3533', '0', '0', 'Bank', '44628', '1', '1', '3534', NULL, '0', '0', '', NULL);
INSERT INTO gossip_text (`ID`, `comment`, `text0_0`, `text0_1`, `BroadcastTextID0`, `lang0`, `Probability0`, `em0_0`, `em0_1`, `em0_2`, `em0_3`, `em0_4`, `em0_5`, `text1_0`, `text1_1`, `BroadcastTextID1`, `lang1`, `Probability1`, `em1_0`, `em1_1`, `em1_2`, `em1_3`, `em1_4`, `em1_5`, `text2_0`, `text2_1`, `BroadcastTextID2`, `lang2`, `Probability2`, `em2_0`, `em2_1`, `em2_2`, `em2_3`, `em2_4`, `em2_5`, `text3_0`, `text3_1`, `BroadcastTextID3`, `lang3`, `Probability3`, `em3_0`, `em3_1`, `em3_2`, `em3_3`, `em3_4`, `em3_5`, `text4_0`, `text4_1`, `BroadcastTextID4`, `lang4`, `Probability4`, `em4_0`, `em4_1`, `em4_2`, `em4_3`, `em4_4`, `em4_5`, `text5_0`, `text5_1`, `BroadcastTextID5`, `lang5`, `Probability5`, `em5_0`, `em5_1`, `em5_2`, `em5_3`, `em5_4`, `em5_5`, `text6_0`, `text6_1`, `BroadcastTextID6`, `lang6`, `Probability6`, `em6_0`, `em6_1`, `em6_2`, `em6_3`, `em6_4`, `em6_5`, `text7_0`, `text7_1`, `BroadcastTextID7`, `lang7`, `Probability7`, `em7_0`, `em7_1`, `em7_2`, `em7_3`, `em7_4`, `em7_5`) VALUES ('1872490', 'Imported from TC', 'Ye won\'t find a gryphon master just anywhere around Dun Morogh, $glad : lass;.  Ye\'re going to have to go to Ironforge if ye want to take a gryphon somewhere.', 'Ye won\'t find a gryphon master just anywhere around Dun Morogh, $glad : lass;.  Ye\'re going to have to go to Ironforge if ye want to take a gryphon somewhere.', '6991', '0', '1', '0', '0', '0', '0', '0', '0', 'The closest gryphon master is located up in Ironforge near The Great Forge itself.  Ye\'ll need to head to Ironforge if ye want to travel by gryphon.', 'The closest gryphon master is located up in Ironforge near The Great Forge itself.  Ye\'ll need to head to Ironforge if ye want to travel by gryphon.', '6992', '0', '1', '0', '0', '0', '0', '0', '0', '', '', NULL, '0', '0', '0', '0', '0', '0', '0', '0', '', '', NULL, '0', '0', '0', '0', '0', '0', '0', '0', '', '', NULL, '0', '0', '0', '0', '0', '0', '0', '0', '', '', NULL, '0', '0', '0', '0', '0', '0', '0', '0', '', '', NULL, '0', '0', '0', '0', '0', '0', '0', '0', '', '', NULL, '0', '0', '0', '0', '0', '0', '0', '0');
INSERT INTO gossip_menu (`MenuID`, `TextID`) VALUES ('3535', '1872490');
INSERT INTO gossip_menu_option (`MenuID`, `OptionID`, `OptionIcon`, `OptionText`, `OptionBroadcastTextID`, `OptionType`, `OptionNpcFlag`, `ActionMenuID`, `ActionPoiID`, `BoxCoded`, `BoxMoney`, `BoxText`, `BoxBroadcastTextID`) VALUES ('3533', '1', '0', 'Gryphon Master', '6990', '1', '1', '3535', NULL, '0', '0', '', NULL);
INSERT INTO gossip_text (`ID`, `comment`, `text0_0`, `text0_1`, `BroadcastTextID0`, `lang0`, `Probability0`, `em0_0`, `em0_1`, `em0_2`, `em0_3`, `em0_4`, `em0_5`, `text1_0`, `text1_1`, `BroadcastTextID1`, `lang1`, `Probability1`, `em1_0`, `em1_1`, `em1_2`, `em1_3`, `em1_4`, `em1_5`, `text2_0`, `text2_1`, `BroadcastTextID2`, `lang2`, `Probability2`, `em2_0`, `em2_1`, `em2_2`, `em2_3`, `em2_4`, `em2_5`, `text3_0`, `text3_1`, `BroadcastTextID3`, `lang3`, `Probability3`, `em3_0`, `em3_1`, `em3_2`, `em3_3`, `em3_4`, `em3_5`, `text4_0`, `text4_1`, `BroadcastTextID4`, `lang4`, `Probability4`, `em4_0`, `em4_1`, `em4_2`, `em4_3`, `em4_4`, `em4_5`, `text5_0`, `text5_1`, `BroadcastTextID5`, `lang5`, `Probability5`, `em5_0`, `em5_1`, `em5_2`, `em5_3`, `em5_4`, `em5_5`, `text6_0`, `text6_1`, `BroadcastTextID6`, `lang6`, `Probability6`, `em6_0`, `em6_1`, `em6_2`, `em6_3`, `em6_4`, `em6_5`, `text7_0`, `text7_1`, `BroadcastTextID7`, `lang7`, `Probability7`, `em7_0`, `em7_1`, `em7_2`, `em7_3`, `em7_4`, `em7_5`) VALUES ('1872491', 'Imported from TC', 'All those official types reside in Ironforge.  Ye\'ll be wanting to check out the Ironforge Visitor\'s Center for guild creation papers.', 'All those official types reside in Ironforge.  Ye\'ll be wanting to check out the Ironforge Visitor\'s Center for guild creation papers.', '6994', '0', '1', '0', '0', '0', '0', '0', '0', 'If ye need to get yer hands on some guild creation papers ye\'ll have to head up to Ironforge and visit the Ironforge Visitor\'s Center.', 'If ye need to get yer hands on some guild creation papers ye\'ll have to head up to Ironforge and visit the Ironforge Visitor\'s Center.', '6995', '0', '1', '0', '0', '0', '0', '0', '0', '', '', NULL, '0', '0', '0', '0', '0', '0', '0', '0', '', '', NULL, '0', '0', '0', '0', '0', '0', '0', '0', '', '', NULL, '0', '0', '0', '0', '0', '0', '0', '0', '', '', NULL, '0', '0', '0', '0', '0', '0', '0', '0', '', '', NULL, '0', '0', '0', '0', '0', '0', '0', '0', '', '', NULL, '0', '0', '0', '0', '0', '0', '0', '0');
INSERT INTO gossip_menu (`MenuID`, `TextID`) VALUES ('3536', '1872491');
INSERT INTO gossip_menu_option (`MenuID`, `OptionID`, `OptionIcon`, `OptionText`, `OptionBroadcastTextID`, `OptionType`, `OptionNpcFlag`, `ActionMenuID`, `ActionPoiID`, `BoxCoded`, `BoxMoney`, `BoxText`, `BoxBroadcastTextID`) VALUES ('3533', '2', '0', 'Guild Master', '2870', '1', '1', '3536', NULL, '0', '0', '', NULL);
INSERT INTO gossip_text (`ID`, `comment`, `text0_0`, `text0_1`, `BroadcastTextID0`, `lang0`, `Probability0`, `em0_0`, `em0_1`, `em0_2`, `em0_3`, `em0_4`, `em0_5`, `text1_0`, `text1_1`, `BroadcastTextID1`, `lang1`, `Probability1`, `em1_0`, `em1_1`, `em1_2`, `em1_3`, `em1_4`, `em1_5`, `text2_0`, `text2_1`, `BroadcastTextID2`, `lang2`, `Probability2`, `em2_0`, `em2_1`, `em2_2`, `em2_3`, `em2_4`, `em2_5`, `text3_0`, `text3_1`, `BroadcastTextID3`, `lang3`, `Probability3`, `em3_0`, `em3_1`, `em3_2`, `em3_3`, `em3_4`, `em3_5`, `text4_0`, `text4_1`, `BroadcastTextID4`, `lang4`, `Probability4`, `em4_0`, `em4_1`, `em4_2`, `em4_3`, `em4_4`, `em4_5`, `text5_0`, `text5_1`, `BroadcastTextID5`, `lang5`, `Probability5`, `em5_0`, `em5_1`, `em5_2`, `em5_3`, `em5_4`, `em5_5`, `text6_0`, `text6_1`, `BroadcastTextID6`, `lang6`, `Probability6`, `em6_0`, `em6_1`, `em6_2`, `em6_3`, `em6_4`, `em6_5`, `text7_0`, `text7_1`, `BroadcastTextID7`, `lang7`, `Probability7`, `em7_0`, `em7_1`, `em7_2`, `em7_3`, `em7_4`, `em7_5`) VALUES ('1872492', 'Imported from TC', 'The Thunderbrews run a fine Inn in Kharanos which bears their name.  Stop in for a pint and a bit of rest.', 'The Thunderbrews run a fine Inn in Kharanos which bears their name.  Stop in for a pint and a bit of rest.', '6997', '0', '1', '0', '0', '0', '0', '0', '0', 'Oooh, an Inn is it?  Well, ye just can\'t beat the Thunderbrew Distillery.  Rest if ye must, but be sure to have an ale or two while ye\'re there.', 'Oooh, an Inn is it?  Well, ye just can\'t beat the Thunderbrew Distillery.  Rest if ye must, but be sure to have an ale or two while ye\'re there.', '6998', '0', '1', '0', '0', '0', '0', '0', '0', '', '', NULL, '0', '0', '0', '0', '0', '0', '0', '0', '', '', NULL, '0', '0', '0', '0', '0', '0', '0', '0', '', '', NULL, '0', '0', '0', '0', '0', '0', '0', '0', '', '', NULL, '0', '0', '0', '0', '0', '0', '0', '0', '', '', NULL, '0', '0', '0', '0', '0', '0', '0', '0', '', '', NULL, '0', '0', '0', '0', '0', '0', '0', '0');
INSERT INTO gossip_menu (`MenuID`, `TextID`) VALUES ('3537', '1872492');
INSERT INTO points_of_interest (`ID`, `PositionX`, `PositionY`, `Icon`, `Flags`, `Importance`, `Name`, `VerifiedBuild`) VALUES ('76', '-5584', '-510.862', '6', '99', '0', 'Thunderbrew Distillery', '0');
INSERT INTO gossip_menu_option (`MenuID`, `OptionID`, `OptionIcon`, `OptionText`, `OptionBroadcastTextID`, `OptionType`, `OptionNpcFlag`, `ActionMenuID`, `ActionPoiID`, `BoxCoded`, `BoxMoney`, `BoxText`, `BoxBroadcastTextID`) VALUES ('3533', '3', '0', 'The Inn', '7075', '1', '1', '3537', '76', '0', '0', '', NULL);
INSERT INTO gossip_text (`ID`, `comment`, `text0_0`, `text0_1`, `BroadcastTextID0`, `lang0`, `Probability0`, `em0_0`, `em0_1`, `em0_2`, `em0_3`, `em0_4`, `em0_5`, `text1_0`, `text1_1`, `BroadcastTextID1`, `lang1`, `Probability1`, `em1_0`, `em1_1`, `em1_2`, `em1_3`, `em1_4`, `em1_5`, `text2_0`, `text2_1`, `BroadcastTextID2`, `lang2`, `Probability2`, `em2_0`, `em2_1`, `em2_2`, `em2_3`, `em2_4`, `em2_5`, `text3_0`, `text3_1`, `BroadcastTextID3`, `lang3`, `Probability3`, `em3_0`, `em3_1`, `em3_2`, `em3_3`, `em3_4`, `em3_5`, `text4_0`, `text4_1`, `BroadcastTextID4`, `lang4`, `Probability4`, `em4_0`, `em4_1`, `em4_2`, `em4_3`, `em4_4`, `em4_5`, `text5_0`, `text5_1`, `BroadcastTextID5`, `lang5`, `Probability5`, `em5_0`, `em5_1`, `em5_2`, `em5_3`, `em5_4`, `em5_5`, `text6_0`, `text6_1`, `BroadcastTextID6`, `lang6`, `Probability6`, `em6_0`, `em6_1`, `em6_2`, `em6_3`, `em6_4`, `em6_5`, `text7_0`, `text7_1`, `BroadcastTextID7`, `lang7`, `Probability7`, `em7_0`, `em7_1`, `em7_2`, `em7_3`, `em7_4`, `em7_5`) VALUES ('1872493', 'Imported from TC', 'Well $glad : lass;, ye can find Shelby Stoneflint right outside the Thunderbrew Distillery in Kharanos.  She\'ll take good care of any pets ye might have.', 'Well $glad : lass;, ye can find Shelby Stoneflint right outside the Thunderbrew Distillery in Kharanos.  She\'ll take good care of any pets ye might have.', '8540', '7', '1', '0', '0', '0', '0', '0', '0', 'Shelby Stoneflint houses a good deal of pets for the local hunters.  She can be found over by the Thunderbrew Distillery if ye need her to look after a pet.', 'Shelby Stoneflint houses a good deal of pets for the local hunters.  She can be found over by the Thunderbrew Distillery if ye need her to look after a pet.', '8541', '7', '1', '0', '0', '0', '0', '0', '0', '', '', NULL, '0', '0', '0', '0', '0', '0', '0', '0', '', '', NULL, '0', '0', '0', '0', '0', '0', '0', '0', '', '', NULL, '0', '0', '0', '0', '0', '0', '0', '0', '', '', NULL, '0', '0', '0', '0', '0', '0', '0', '0', '', '', NULL, '0', '0', '0', '0', '0', '0', '0', '0', '', '', NULL, '0', '0', '0', '0', '0', '0', '0', '0');
INSERT INTO gossip_menu (`MenuID`, `TextID`) VALUES ('4926', '1872493');
INSERT INTO points_of_interest (`ID`, `PositionX`, `PositionY`, `Icon`, `Flags`, `Importance`, `Name`, `VerifiedBuild`) VALUES ('77', '-5606', '-513.008', '6', '99', '0', 'Shelby Stoneflint', '0');
INSERT INTO gossip_menu_option (`MenuID`, `OptionID`, `OptionIcon`, `OptionText`, `OptionBroadcastTextID`, `OptionType`, `OptionNpcFlag`, `ActionMenuID`, `ActionPoiID`, `BoxCoded`, `BoxMoney`, `BoxText`, `BoxBroadcastTextID`) VALUES ('3533', '4', '0', 'Stable Master', '45383', '1', '1', '4926', '77', '0', '0', '', NULL);
-- Importing menu 3545 as 57052
INSERT INTO gossip_text (`ID`, `comment`, `text0_0`, `text0_1`, `BroadcastTextID0`, `lang0`, `Probability0`, `em0_0`, `em0_1`, `em0_2`, `em0_3`, `em0_4`, `em0_5`, `text1_0`, `text1_1`, `BroadcastTextID1`, `lang1`, `Probability1`, `em1_0`, `em1_1`, `em1_2`, `em1_3`, `em1_4`, `em1_5`, `text2_0`, `text2_1`, `BroadcastTextID2`, `lang2`, `Probability2`, `em2_0`, `em2_1`, `em2_2`, `em2_3`, `em2_4`, `em2_5`, `text3_0`, `text3_1`, `BroadcastTextID3`, `lang3`, `Probability3`, `em3_0`, `em3_1`, `em3_2`, `em3_3`, `em3_4`, `em3_5`, `text4_0`, `text4_1`, `BroadcastTextID4`, `lang4`, `Probability4`, `em4_0`, `em4_1`, `em4_2`, `em4_3`, `em4_4`, `em4_5`, `text5_0`, `text5_1`, `BroadcastTextID5`, `lang5`, `Probability5`, `em5_0`, `em5_1`, `em5_2`, `em5_3`, `em5_4`, `em5_5`, `text6_0`, `text6_1`, `BroadcastTextID6`, `lang6`, `Probability6`, `em6_0`, `em6_1`, `em6_2`, `em6_3`, `em6_4`, `em6_5`, `text7_0`, `text7_1`, `BroadcastTextID7`, `lang7`, `Probability7`, `em7_0`, `em7_1`, `em7_2`, `em7_3`, `em7_4`, `em7_5`) VALUES ('1872494', 'Imported from TC', 'Which class trainer might ye be looking for?', 'Which class trainer might ye be looking for?', '7000', '0', '1', '0', '0', '0', '0', '0', '0', '', '', NULL, '0', '0', '0', '0', '0', '0', '0', '0', '', '', NULL, '0', '0', '0', '0', '0', '0', '0', '0', '', '', NULL, '0', '0', '0', '0', '0', '0', '0', '0', '', '', NULL, '0', '0', '0', '0', '0', '0', '0', '0', '', '', NULL, '0', '0', '0', '0', '0', '0', '0', '0', '', '', NULL, '0', '0', '0', '0', '0', '0', '0', '0', '', '', NULL, '0', '0', '0', '0', '0', '0', '0', '0');
INSERT INTO gossip_menu (`MenuID`, `TextID`) VALUES ('57052', '1872494');
INSERT INTO gossip_text (`ID`, `comment`, `text0_0`, `text0_1`, `BroadcastTextID0`, `lang0`, `Probability0`, `em0_0`, `em0_1`, `em0_2`, `em0_3`, `em0_4`, `em0_5`, `text1_0`, `text1_1`, `BroadcastTextID1`, `lang1`, `Probability1`, `em1_0`, `em1_1`, `em1_2`, `em1_3`, `em1_4`, `em1_5`, `text2_0`, `text2_1`, `BroadcastTextID2`, `lang2`, `Probability2`, `em2_0`, `em2_1`, `em2_2`, `em2_3`, `em2_4`, `em2_5`, `text3_0`, `text3_1`, `BroadcastTextID3`, `lang3`, `Probability3`, `em3_0`, `em3_1`, `em3_2`, `em3_3`, `em3_4`, `em3_5`, `text4_0`, `text4_1`, `BroadcastTextID4`, `lang4`, `Probability4`, `em4_0`, `em4_1`, `em4_2`, `em4_3`, `em4_4`, `em4_5`, `text5_0`, `text5_1`, `BroadcastTextID5`, `lang5`, `Probability5`, `em5_0`, `em5_1`, `em5_2`, `em5_3`, `em5_4`, `em5_5`, `text6_0`, `text6_1`, `BroadcastTextID6`, `lang6`, `Probability6`, `em6_0`, `em6_1`, `em6_2`, `em6_3`, `em6_4`, `em6_5`, `text7_0`, `text7_1`, `BroadcastTextID7`, `lang7`, `Probability7`, `em7_0`, `em7_1`, `em7_2`, `em7_3`, `em7_4`, `em7_5`) VALUES ('1872495', 'Imported from TC', 'There\'s only one hunter around here I would have ye talk to, and that would be Grif Wildheart.  Ye\'ll find him standing just outside the smithy in Kharanos.', 'There\'s only one hunter around here I would have ye talk to, and that would be Grif Wildheart.  Ye\'ll find him standing just outside the smithy in Kharanos.', '7002', '0', '60', '0', '0', '0', '0', '0', '0', 'If ye ask me, I think Grif spends a little too much time with the animals.  Still, nobody else knows the hunter\'s path quite like he does.  Look for him outside the smithy in Kharanos.', 'If ye ask me, I think Grif spends a little too much time with the animals.  Still, nobody else knows the hunter\'s path quite like he does.  Look for him outside the smithy in Kharanos.', '7003', '0', '40', '0', '0', '0', '0', '0', '0', '', '', NULL, '0', '0', '0', '0', '0', '0', '0', '0', '', '', NULL, '0', '0', '0', '0', '0', '0', '0', '0', '', '', NULL, '0', '0', '0', '0', '0', '0', '0', '0', '', '', NULL, '0', '0', '0', '0', '0', '0', '0', '0', '', '', NULL, '0', '0', '0', '0', '0', '0', '0', '0', '', '', NULL, '0', '0', '0', '0', '0', '0', '0', '0');
INSERT INTO gossip_menu (`MenuID`, `TextID`) VALUES ('3538', '1872495');
INSERT INTO points_of_interest (`ID`, `PositionX`, `PositionY`, `Icon`, `Flags`, `Importance`, `Name`, `VerifiedBuild`) VALUES ('78', '-5618', '-453.72', '6', '99', '0', 'Grif Wildheart', '0');
INSERT INTO gossip_menu_option (`MenuID`, `OptionID`, `OptionIcon`, `OptionText`, `OptionBroadcastTextID`, `OptionType`, `OptionNpcFlag`, `ActionMenuID`, `ActionPoiID`, `BoxCoded`, `BoxMoney`, `BoxText`, `BoxBroadcastTextID`) VALUES ('57052', '0', '0', 'Hunter', '50546', '1', '1', '3538', '78', '0', '0', '', NULL);
INSERT INTO gossip_text (`ID`, `comment`, `text0_0`, `text0_1`, `BroadcastTextID0`, `lang0`, `Probability0`, `em0_0`, `em0_1`, `em0_2`, `em0_3`, `em0_4`, `em0_5`, `text1_0`, `text1_1`, `BroadcastTextID1`, `lang1`, `Probability1`, `em1_0`, `em1_1`, `em1_2`, `em1_3`, `em1_4`, `em1_5`, `text2_0`, `text2_1`, `BroadcastTextID2`, `lang2`, `Probability2`, `em2_0`, `em2_1`, `em2_2`, `em2_3`, `em2_4`, `em2_5`, `text3_0`, `text3_1`, `BroadcastTextID3`, `lang3`, `Probability3`, `em3_0`, `em3_1`, `em3_2`, `em3_3`, `em3_4`, `em3_5`, `text4_0`, `text4_1`, `BroadcastTextID4`, `lang4`, `Probability4`, `em4_0`, `em4_1`, `em4_2`, `em4_3`, `em4_4`, `em4_5`, `text5_0`, `text5_1`, `BroadcastTextID5`, `lang5`, `Probability5`, `em5_0`, `em5_1`, `em5_2`, `em5_3`, `em5_4`, `em5_5`, `text6_0`, `text6_1`, `BroadcastTextID6`, `lang6`, `Probability6`, `em6_0`, `em6_1`, `em6_2`, `em6_3`, `em6_4`, `em6_5`, `text7_0`, `text7_1`, `BroadcastTextID7`, `lang7`, `Probability7`, `em7_0`, `em7_1`, `em7_2`, `em7_3`, `em7_4`, `em7_5`) VALUES ('1872496', 'Imported from TC', 'There\'s a mage at the Thunderbrew Distillery who might be able to teach you some new spells.  I believe his name is Magis Sparkmantle.', 'There\'s a mage at the Thunderbrew Distillery who might be able to teach you some new spells.  I believe his name is Magis Sparkmantle.', '7005', '0', '60', '0', '0', '0', '0', '0', '0', 'Ye sure ye don\'t want to learn to be a warrior?  Well, it\'s yer hide on the battlefield.  If ye really want to learn to waggle yer finger, ye best talk to Magis Sparkmantle in the Thunderbrew Distillery.', 'Ye sure ye don\'t want to learn to be a warrior?  Well, it\'s yer hide on the battlefield.  If ye really want to learn to waggle yer finger, ye best talk to Magis Sparkmantle in the Thunderbrew Distillery.', '7006', '0', '40', '0', '0', '0', '0', '0', '0', '', '', NULL, '0', '0', '0', '0', '0', '0', '0', '0', '', '', NULL, '0', '0', '0', '0', '0', '0', '0', '0', '', '', NULL, '0', '0', '0', '0', '0', '0', '0', '0', '', '', NULL, '0', '0', '0', '0', '0', '0', '0', '0', '', '', NULL, '0', '0', '0', '0', '0', '0', '0', '0', '', '', NULL, '0', '0', '0', '0', '0', '0', '0', '0');
INSERT INTO gossip_menu (`MenuID`, `TextID`) VALUES ('3539', '1872496');
INSERT INTO points_of_interest (`ID`, `PositionX`, `PositionY`, `Icon`, `Flags`, `Importance`, `Name`, `VerifiedBuild`) VALUES ('79', '-5587', '-539.037', '6', '99', '0', 'Magis Sparkmantle', '0');
INSERT INTO gossip_menu_option (`MenuID`, `OptionID`, `OptionIcon`, `OptionText`, `OptionBroadcastTextID`, `OptionType`, `OptionNpcFlag`, `ActionMenuID`, `ActionPoiID`, `BoxCoded`, `BoxMoney`, `BoxText`, `BoxBroadcastTextID`) VALUES ('57052', '1', '0', 'Mage', '45404', '1', '1', '3539', '79', '0', '0', '', NULL);
INSERT INTO gossip_text (`ID`, `comment`, `text0_0`, `text0_1`, `BroadcastTextID0`, `lang0`, `Probability0`, `em0_0`, `em0_1`, `em0_2`, `em0_3`, `em0_4`, `em0_5`, `text1_0`, `text1_1`, `BroadcastTextID1`, `lang1`, `Probability1`, `em1_0`, `em1_1`, `em1_2`, `em1_3`, `em1_4`, `em1_5`, `text2_0`, `text2_1`, `BroadcastTextID2`, `lang2`, `Probability2`, `em2_0`, `em2_1`, `em2_2`, `em2_3`, `em2_4`, `em2_5`, `text3_0`, `text3_1`, `BroadcastTextID3`, `lang3`, `Probability3`, `em3_0`, `em3_1`, `em3_2`, `em3_3`, `em3_4`, `em3_5`, `text4_0`, `text4_1`, `BroadcastTextID4`, `lang4`, `Probability4`, `em4_0`, `em4_1`, `em4_2`, `em4_3`, `em4_4`, `em4_5`, `text5_0`, `text5_1`, `BroadcastTextID5`, `lang5`, `Probability5`, `em5_0`, `em5_1`, `em5_2`, `em5_3`, `em5_4`, `em5_5`, `text6_0`, `text6_1`, `BroadcastTextID6`, `lang6`, `Probability6`, `em6_0`, `em6_1`, `em6_2`, `em6_3`, `em6_4`, `em6_5`, `text7_0`, `text7_1`, `BroadcastTextID7`, `lang7`, `Probability7`, `em7_0`, `em7_1`, `em7_2`, `em7_3`, `em7_4`, `em7_5`) VALUES ('1872497', 'Imported from TC', 'Och... a paladin?  Well $glad : lass;, ye\'re in luck!  Azar Stronghammer is back from training and is currently staying at the Thunderbrew Distillery in Kharanos.', 'Och... a paladin?  Well $glad : lass;, ye\'re in luck!  Azar Stronghammer is back from training and is currently staying at the Thunderbrew Distillery in Kharanos.', '7008', '0', '1', '0', '0', '0', '0', '0', '0', 'Ye need some training?  Well, Azar Stronghammer is always up for showing the younger paladins a thing or two.  Why don\'t ye go see him in the Thunderbrew Distillery.', 'Ye need some training?  Well, Azar Stronghammer is always up for showing the younger paladins a thing or two.  Why don\'t ye go see him in the Thunderbrew Distillery.', '7009', '0', '1', '0', '0', '0', '0', '0', '0', '', '', NULL, '0', '0', '0', '0', '0', '0', '0', '0', '', '', NULL, '0', '0', '0', '0', '0', '0', '0', '0', '', '', NULL, '0', '0', '0', '0', '0', '0', '0', '0', '', '', NULL, '0', '0', '0', '0', '0', '0', '0', '0', '', '', NULL, '0', '0', '0', '0', '0', '0', '0', '0', '', '', NULL, '0', '0', '0', '0', '0', '0', '0', '0');
INSERT INTO gossip_menu (`MenuID`, `TextID`) VALUES ('3540', '1872497');
INSERT INTO points_of_interest (`ID`, `PositionX`, `PositionY`, `Icon`, `Flags`, `Importance`, `Name`, `VerifiedBuild`) VALUES ('80', '-5584', '-542.492', '6', '99', '0', 'Azar Stronghammer', '0');
INSERT INTO gossip_menu_option (`MenuID`, `OptionID`, `OptionIcon`, `OptionText`, `OptionBroadcastTextID`, `OptionType`, `OptionNpcFlag`, `ActionMenuID`, `ActionPoiID`, `BoxCoded`, `BoxMoney`, `BoxText`, `BoxBroadcastTextID`) VALUES ('57052', '2', '0', 'Paladin', '48028', '1', '1', '3540', '80', '0', '0', '', NULL);
INSERT INTO gossip_text (`ID`, `comment`, `text0_0`, `text0_1`, `BroadcastTextID0`, `lang0`, `Probability0`, `em0_0`, `em0_1`, `em0_2`, `em0_3`, `em0_4`, `em0_5`, `text1_0`, `text1_1`, `BroadcastTextID1`, `lang1`, `Probability1`, `em1_0`, `em1_1`, `em1_2`, `em1_3`, `em1_4`, `em1_5`, `text2_0`, `text2_1`, `BroadcastTextID2`, `lang2`, `Probability2`, `em2_0`, `em2_1`, `em2_2`, `em2_3`, `em2_4`, `em2_5`, `text3_0`, `text3_1`, `BroadcastTextID3`, `lang3`, `Probability3`, `em3_0`, `em3_1`, `em3_2`, `em3_3`, `em3_4`, `em3_5`, `text4_0`, `text4_1`, `BroadcastTextID4`, `lang4`, `Probability4`, `em4_0`, `em4_1`, `em4_2`, `em4_3`, `em4_4`, `em4_5`, `text5_0`, `text5_1`, `BroadcastTextID5`, `lang5`, `Probability5`, `em5_0`, `em5_1`, `em5_2`, `em5_3`, `em5_4`, `em5_5`, `text6_0`, `text6_1`, `BroadcastTextID6`, `lang6`, `Probability6`, `em6_0`, `em6_1`, `em6_2`, `em6_3`, `em6_4`, `em6_5`, `text7_0`, `text7_1`, `BroadcastTextID7`, `lang7`, `Probability7`, `em7_0`, `em7_1`, `em7_2`, `em7_3`, `em7_4`, `em7_5`) VALUES ('1872498', 'Imported from TC', 'Oh, a priest is it?  Well good ol\' Maxan is sure to be found having a drink in the Thunderbrew Distillery if ye need a bit of training.', 'Oh, a priest is it?  Well good ol\' Maxan is sure to be found having a drink in the Thunderbrew Distillery if ye need a bit of training.', '7011', '0', '1', '0', '0', '0', '0', '0', '0', 'Ye\'ll surely find Maxan Anvol tossin\' back a few in the Thunderbrew Distillery.  Why don\'t ye go have yerself a pint and see if he\'ll teach ye something new.', 'Ye\'ll surely find Maxan Anvol tossin\' back a few in the Thunderbrew Distillery.  Why don\'t ye go have yerself a pint and see if he\'ll teach ye something new.', '7012', '0', '1', '0', '0', '0', '0', '0', '0', '', '', NULL, '0', '0', '0', '0', '0', '0', '0', '0', '', '', NULL, '0', '0', '0', '0', '0', '0', '0', '0', '', '', NULL, '0', '0', '0', '0', '0', '0', '0', '0', '', '', NULL, '0', '0', '0', '0', '0', '0', '0', '0', '', '', NULL, '0', '0', '0', '0', '0', '0', '0', '0', '', '', NULL, '0', '0', '0', '0', '0', '0', '0', '0');
INSERT INTO gossip_menu (`MenuID`, `TextID`) VALUES ('3541', '1872498');
INSERT INTO points_of_interest (`ID`, `PositionX`, `PositionY`, `Icon`, `Flags`, `Importance`, `Name`, `VerifiedBuild`) VALUES ('81', '-5589', '-530.288', '6', '99', '0', 'Maxan Anvol', '0');
INSERT INTO gossip_menu_option (`MenuID`, `OptionID`, `OptionIcon`, `OptionText`, `OptionBroadcastTextID`, `OptionType`, `OptionNpcFlag`, `ActionMenuID`, `ActionPoiID`, `BoxCoded`, `BoxMoney`, `BoxText`, `BoxBroadcastTextID`) VALUES ('57052', '3', '0', 'Priest', '45405', '1', '1', '3541', '81', '0', '0', '', NULL);
INSERT INTO gossip_text (`ID`, `comment`, `text0_0`, `text0_1`, `BroadcastTextID0`, `lang0`, `Probability0`, `em0_0`, `em0_1`, `em0_2`, `em0_3`, `em0_4`, `em0_5`, `text1_0`, `text1_1`, `BroadcastTextID1`, `lang1`, `Probability1`, `em1_0`, `em1_1`, `em1_2`, `em1_3`, `em1_4`, `em1_5`, `text2_0`, `text2_1`, `BroadcastTextID2`, `lang2`, `Probability2`, `em2_0`, `em2_1`, `em2_2`, `em2_3`, `em2_4`, `em2_5`, `text3_0`, `text3_1`, `BroadcastTextID3`, `lang3`, `Probability3`, `em3_0`, `em3_1`, `em3_2`, `em3_3`, `em3_4`, `em3_5`, `text4_0`, `text4_1`, `BroadcastTextID4`, `lang4`, `Probability4`, `em4_0`, `em4_1`, `em4_2`, `em4_3`, `em4_4`, `em4_5`, `text5_0`, `text5_1`, `BroadcastTextID5`, `lang5`, `Probability5`, `em5_0`, `em5_1`, `em5_2`, `em5_3`, `em5_4`, `em5_5`, `text6_0`, `text6_1`, `BroadcastTextID6`, `lang6`, `Probability6`, `em6_0`, `em6_1`, `em6_2`, `em6_3`, `em6_4`, `em6_5`, `text7_0`, `text7_1`, `BroadcastTextID7`, `lang7`, `Probability7`, `em7_0`, `em7_1`, `em7_2`, `em7_3`, `em7_4`, `em7_5`) VALUES ('1872499', 'Imported from TC', 'Well then, it seems we\'re both looking for Hogral Bakkan.  He\'s a dwarf to be sure, so sooner or later he\'ll be heading for the Thunderbrew Distillery for an ale -- he might even be there now.', 'Well then, it seems we\'re both looking for Hogral Bakkan.  He\'s a dwarf to be sure, so sooner or later he\'ll be heading for the Thunderbrew Distillery for an ale -- he might even be there now.', '7014', '0', '1', '0', '0', '0', '0', '0', '0', 'Ye looking for Hogral?  Well did ye check the tavern?  Och!  If yer looking for a rogue, and a dwarf one at that, ye should start in the Inn!  Go have a look already.', 'Ye looking for Hogral?  Well did ye check the tavern?  Och!  If yer looking for a rogue, and a dwarf one at that, ye should start in the Inn!  Go have a look already.', '7015', '0', '1', '0', '0', '0', '0', '0', '0', '', '', NULL, '0', '0', '0', '0', '0', '0', '0', '0', '', '', NULL, '0', '0', '0', '0', '0', '0', '0', '0', '', '', NULL, '0', '0', '0', '0', '0', '0', '0', '0', '', '', NULL, '0', '0', '0', '0', '0', '0', '0', '0', '', '', NULL, '0', '0', '0', '0', '0', '0', '0', '0', '', '', NULL, '0', '0', '0', '0', '0', '0', '0', '0');
INSERT INTO gossip_menu (`MenuID`, `TextID`) VALUES ('3542', '1872499');
INSERT INTO points_of_interest (`ID`, `PositionX`, `PositionY`, `Icon`, `Flags`, `Importance`, `Name`, `VerifiedBuild`) VALUES ('82', '-5604', '-540.089', '6', '99', '0', 'Hogral Bakkan', '0');
INSERT INTO gossip_menu_option (`MenuID`, `OptionID`, `OptionIcon`, `OptionText`, `OptionBroadcastTextID`, `OptionType`, `OptionNpcFlag`, `ActionMenuID`, `ActionPoiID`, `BoxCoded`, `BoxMoney`, `BoxText`, `BoxBroadcastTextID`) VALUES ('57052', '4', '0', 'Rogue', '45406', '1', '1', '3542', '82', '0', '0', '', NULL);
INSERT INTO gossip_text (`ID`, `comment`, `text0_0`, `text0_1`, `BroadcastTextID0`, `lang0`, `Probability0`, `em0_0`, `em0_1`, `em0_2`, `em0_3`, `em0_4`, `em0_5`, `text1_0`, `text1_1`, `BroadcastTextID1`, `lang1`, `Probability1`, `em1_0`, `em1_1`, `em1_2`, `em1_3`, `em1_4`, `em1_5`, `text2_0`, `text2_1`, `BroadcastTextID2`, `lang2`, `Probability2`, `em2_0`, `em2_1`, `em2_2`, `em2_3`, `em2_4`, `em2_5`, `text3_0`, `text3_1`, `BroadcastTextID3`, `lang3`, `Probability3`, `em3_0`, `em3_1`, `em3_2`, `em3_3`, `em3_4`, `em3_5`, `text4_0`, `text4_1`, `BroadcastTextID4`, `lang4`, `Probability4`, `em4_0`, `em4_1`, `em4_2`, `em4_3`, `em4_4`, `em4_5`, `text5_0`, `text5_1`, `BroadcastTextID5`, `lang5`, `Probability5`, `em5_0`, `em5_1`, `em5_2`, `em5_3`, `em5_4`, `em5_5`, `text6_0`, `text6_1`, `BroadcastTextID6`, `lang6`, `Probability6`, `em6_0`, `em6_1`, `em6_2`, `em6_3`, `em6_4`, `em6_5`, `text7_0`, `text7_1`, `BroadcastTextID7`, `lang7`, `Probability7`, `em7_0`, `em7_1`, `em7_2`, `em7_3`, `em7_4`, `em7_5`) VALUES ('1872500', 'Imported from TC', 'Warlocks... I don\'t care for their lot.  Like that Grimrizz who\'s set up shop outside the Thunderbrew Distillery. The ale will probably go flat there because of him!  Warlocks... bah!', 'Warlocks... I don\'t care for their lot.  Like that Grimrizz who\'s set up shop outside the Thunderbrew Distillery. The ale will probably go flat there because of him!  Warlocks... bah!', '7017', '0', '1', '0', '0', '0', '0', '0', '0', 'That kind of magic is just bad news, I tell ye.  I don\'t know why that Grimrizz has been allowed to set up outside the Thunderbrew Distillery of all places!  You stay away from him, you here!', 'That kind of magic is just bad news, I tell ye.  I don\'t know why that Grimrizz has been allowed to set up outside the Thunderbrew Distillery of all places!  You stay away from him, you here!', '7018', '0', '1', '0', '0', '0', '0', '0', '0', '', '', NULL, '0', '0', '0', '0', '0', '0', '0', '0', '', '', NULL, '0', '0', '0', '0', '0', '0', '0', '0', '', '', NULL, '0', '0', '0', '0', '0', '0', '0', '0', '', '', NULL, '0', '0', '0', '0', '0', '0', '0', '0', '', '', NULL, '0', '0', '0', '0', '0', '0', '0', '0', '', '', NULL, '0', '0', '0', '0', '0', '0', '0', '0');
INSERT INTO gossip_menu (`MenuID`, `TextID`) VALUES ('3543', '1872500');
INSERT INTO points_of_interest (`ID`, `PositionX`, `PositionY`, `Icon`, `Flags`, `Importance`, `Name`, `VerifiedBuild`) VALUES ('83', '-5639', '-528.501', '6', '99', '0', 'Gimrizz Shadowcog', '0');
INSERT INTO gossip_menu_option (`MenuID`, `OptionID`, `OptionIcon`, `OptionText`, `OptionBroadcastTextID`, `OptionType`, `OptionNpcFlag`, `ActionMenuID`, `ActionPoiID`, `BoxCoded`, `BoxMoney`, `BoxText`, `BoxBroadcastTextID`) VALUES ('57052', '5', '0', 'Warlock', '45407', '1', '1', '3543', '83', '0', '0', '', NULL);
INSERT INTO gossip_text (`ID`, `comment`, `text0_0`, `text0_1`, `BroadcastTextID0`, `lang0`, `Probability0`, `em0_0`, `em0_1`, `em0_2`, `em0_3`, `em0_4`, `em0_5`, `text1_0`, `text1_1`, `BroadcastTextID1`, `lang1`, `Probability1`, `em1_0`, `em1_1`, `em1_2`, `em1_3`, `em1_4`, `em1_5`, `text2_0`, `text2_1`, `BroadcastTextID2`, `lang2`, `Probability2`, `em2_0`, `em2_1`, `em2_2`, `em2_3`, `em2_4`, `em2_5`, `text3_0`, `text3_1`, `BroadcastTextID3`, `lang3`, `Probability3`, `em3_0`, `em3_1`, `em3_2`, `em3_3`, `em3_4`, `em3_5`, `text4_0`, `text4_1`, `BroadcastTextID4`, `lang4`, `Probability4`, `em4_0`, `em4_1`, `em4_2`, `em4_3`, `em4_4`, `em4_5`, `text5_0`, `text5_1`, `BroadcastTextID5`, `lang5`, `Probability5`, `em5_0`, `em5_1`, `em5_2`, `em5_3`, `em5_4`, `em5_5`, `text6_0`, `text6_1`, `BroadcastTextID6`, `lang6`, `Probability6`, `em6_0`, `em6_1`, `em6_2`, `em6_3`, `em6_4`, `em6_5`, `text7_0`, `text7_1`, `BroadcastTextID7`, `lang7`, `Probability7`, `em7_0`, `em7_1`, `em7_2`, `em7_3`, `em7_4`, `em7_5`) VALUES ('1872501', 'Imported from TC', 'Och!  Now ye\'re talkin\'!  I bet Granis Swiftaxe could show ye a thing or two about swinging steel.  He\'s over in the Thunderbrew Distillery in Kharanos at the moment.', 'Och!  Now ye\'re talkin\'!  I bet Granis Swiftaxe could show ye a thing or two about swinging steel.  He\'s over in the Thunderbrew Distillery in Kharanos at the moment.', '7020', '0', '1', '0', '0', '0', '0', '0', '0', 'That Granis Swiftaxe could drink a fish under the table and yet his axe still swings true.  However, if yer looking for training, ye best catch him while ye can understand him.', 'That Granis Swiftaxe could drink a fish under the table and yet his axe still swings true.  However, if yer looking for training, ye best catch him while ye can understand him.', '7021', '0', '1', '0', '0', '0', '0', '0', '0', '', '', NULL, '0', '0', '0', '0', '0', '0', '0', '0', '', '', NULL, '0', '0', '0', '0', '0', '0', '0', '0', '', '', NULL, '0', '0', '0', '0', '0', '0', '0', '0', '', '', NULL, '0', '0', '0', '0', '0', '0', '0', '0', '', '', NULL, '0', '0', '0', '0', '0', '0', '0', '0', '', '', NULL, '0', '0', '0', '0', '0', '0', '0', '0');
INSERT INTO gossip_menu (`MenuID`, `TextID`) VALUES ('3544', '1872501');
INSERT INTO points_of_interest (`ID`, `PositionX`, `PositionY`, `Icon`, `Flags`, `Importance`, `Name`, `VerifiedBuild`) VALUES ('84', '-5605', '-530.145', '6', '99', '0', 'Granis Swiftaxe', '0');
INSERT INTO gossip_menu_option (`MenuID`, `OptionID`, `OptionIcon`, `OptionText`, `OptionBroadcastTextID`, `OptionType`, `OptionNpcFlag`, `ActionMenuID`, `ActionPoiID`, `BoxCoded`, `BoxMoney`, `BoxText`, `BoxBroadcastTextID`) VALUES ('57052', '6', '0', 'Warrior', '45408', '1', '1', '3544', '84', '0', '0', '', NULL);
INSERT INTO gossip_menu_option (`MenuID`, `OptionID`, `OptionIcon`, `OptionText`, `OptionBroadcastTextID`, `OptionType`, `OptionNpcFlag`, `ActionMenuID`, `ActionPoiID`, `BoxCoded`, `BoxMoney`, `BoxText`, `BoxBroadcastTextID`) VALUES ('3533', '5', '0', 'Class Trainer', '45378', '1', '1', '57052', NULL, '0', '0', '', NULL);
INSERT INTO gossip_text (`ID`, `comment`, `text0_0`, `text0_1`, `BroadcastTextID0`, `lang0`, `Probability0`, `em0_0`, `em0_1`, `em0_2`, `em0_3`, `em0_4`, `em0_5`, `text1_0`, `text1_1`, `BroadcastTextID1`, `lang1`, `Probability1`, `em1_0`, `em1_1`, `em1_2`, `em1_3`, `em1_4`, `em1_5`, `text2_0`, `text2_1`, `BroadcastTextID2`, `lang2`, `Probability2`, `em2_0`, `em2_1`, `em2_2`, `em2_3`, `em2_4`, `em2_5`, `text3_0`, `text3_1`, `BroadcastTextID3`, `lang3`, `Probability3`, `em3_0`, `em3_1`, `em3_2`, `em3_3`, `em3_4`, `em3_5`, `text4_0`, `text4_1`, `BroadcastTextID4`, `lang4`, `Probability4`, `em4_0`, `em4_1`, `em4_2`, `em4_3`, `em4_4`, `em4_5`, `text5_0`, `text5_1`, `BroadcastTextID5`, `lang5`, `Probability5`, `em5_0`, `em5_1`, `em5_2`, `em5_3`, `em5_4`, `em5_5`, `text6_0`, `text6_1`, `BroadcastTextID6`, `lang6`, `Probability6`, `em6_0`, `em6_1`, `em6_2`, `em6_3`, `em6_4`, `em6_5`, `text7_0`, `text7_1`, `BroadcastTextID7`, `lang7`, `Probability7`, `em7_0`, `em7_1`, `em7_2`, `em7_3`, `em7_4`, `em7_5`) VALUES ('1872502', 'Imported from TC', 'Which profession trainer would ye be looking for?', 'Which profession trainer would ye be looking for?', '7023', '0', '1', '0', '0', '0', '0', '0', '0', '', '', NULL, '0', '0', '0', '0', '0', '0', '0', '0', '', '', NULL, '0', '0', '0', '0', '0', '0', '0', '0', '', '', NULL, '0', '0', '0', '0', '0', '0', '0', '0', '', '', NULL, '0', '0', '0', '0', '0', '0', '0', '0', '', '', NULL, '0', '0', '0', '0', '0', '0', '0', '0', '', '', NULL, '0', '0', '0', '0', '0', '0', '0', '0', '', '', NULL, '0', '0', '0', '0', '0', '0', '0', '0');
INSERT INTO gossip_menu (`MenuID`, `TextID`) VALUES ('3558', '1872502');
-- Importing menu 3546 as 57053
INSERT INTO gossip_text (`ID`, `comment`, `text0_0`, `text0_1`, `BroadcastTextID0`, `lang0`, `Probability0`, `em0_0`, `em0_1`, `em0_2`, `em0_3`, `em0_4`, `em0_5`, `text1_0`, `text1_1`, `BroadcastTextID1`, `lang1`, `Probability1`, `em1_0`, `em1_1`, `em1_2`, `em1_3`, `em1_4`, `em1_5`, `text2_0`, `text2_1`, `BroadcastTextID2`, `lang2`, `Probability2`, `em2_0`, `em2_1`, `em2_2`, `em2_3`, `em2_4`, `em2_5`, `text3_0`, `text3_1`, `BroadcastTextID3`, `lang3`, `Probability3`, `em3_0`, `em3_1`, `em3_2`, `em3_3`, `em3_4`, `em3_5`, `text4_0`, `text4_1`, `BroadcastTextID4`, `lang4`, `Probability4`, `em4_0`, `em4_1`, `em4_2`, `em4_3`, `em4_4`, `em4_5`, `text5_0`, `text5_1`, `BroadcastTextID5`, `lang5`, `Probability5`, `em5_0`, `em5_1`, `em5_2`, `em5_3`, `em5_4`, `em5_5`, `text6_0`, `text6_1`, `BroadcastTextID6`, `lang6`, `Probability6`, `em6_0`, `em6_1`, `em6_2`, `em6_3`, `em6_4`, `em6_5`, `text7_0`, `text7_1`, `BroadcastTextID7`, `lang7`, `Probability7`, `em7_0`, `em7_1`, `em7_2`, `em7_3`, `em7_4`, `em7_5`) VALUES ('1872503', 'Imported from TC', 'Nope, no alchemists out here in Dun Morogh.  Ye best take a look in Ironforge for them... try the gnomes in Tinker Town.', 'Nope, no alchemists out here in Dun Morogh.  Ye best take a look in Ironforge for them... try the gnomes in Tinker Town.', '7036', '0', '1', '0', '0', '0', '0', '0', '0', 'I hear there\'s a shop up in Ironforge run by the gnomes that specializes in alchemy.  You should go have a look.', 'I hear there\'s a shop up in Ironforge run by the gnomes that specializes in alchemy.  You should go have a look.', '7037', '0', '1', '0', '0', '0', '0', '0', '0', '', '', NULL, '0', '0', '0', '0', '0', '0', '0', '0', '', '', NULL, '0', '0', '0', '0', '0', '0', '0', '0', '', '', NULL, '0', '0', '0', '0', '0', '0', '0', '0', '', '', NULL, '0', '0', '0', '0', '0', '0', '0', '0', '', '', NULL, '0', '0', '0', '0', '0', '0', '0', '0', '', '', NULL, '0', '0', '0', '0', '0', '0', '0', '0');
INSERT INTO gossip_menu (`MenuID`, `TextID`) VALUES ('57053', '1872503');
INSERT INTO gossip_menu_option (`MenuID`, `OptionID`, `OptionIcon`, `OptionText`, `OptionBroadcastTextID`, `OptionType`, `OptionNpcFlag`, `ActionMenuID`, `ActionPoiID`, `BoxCoded`, `BoxMoney`, `BoxText`, `BoxBroadcastTextID`) VALUES ('3558', '0', '0', 'Alchemy', '52058', '1', '1', '57053', NULL, '0', '0', '', NULL);
INSERT INTO gossip_text (`ID`, `comment`, `text0_0`, `text0_1`, `BroadcastTextID0`, `lang0`, `Probability0`, `em0_0`, `em0_1`, `em0_2`, `em0_3`, `em0_4`, `em0_5`, `text1_0`, `text1_1`, `BroadcastTextID1`, `lang1`, `Probability1`, `em1_0`, `em1_1`, `em1_2`, `em1_3`, `em1_4`, `em1_5`, `text2_0`, `text2_1`, `BroadcastTextID2`, `lang2`, `Probability2`, `em2_0`, `em2_1`, `em2_2`, `em2_3`, `em2_4`, `em2_5`, `text3_0`, `text3_1`, `BroadcastTextID3`, `lang3`, `Probability3`, `em3_0`, `em3_1`, `em3_2`, `em3_3`, `em3_4`, `em3_5`, `text4_0`, `text4_1`, `BroadcastTextID4`, `lang4`, `Probability4`, `em4_0`, `em4_1`, `em4_2`, `em4_3`, `em4_4`, `em4_5`, `text5_0`, `text5_1`, `BroadcastTextID5`, `lang5`, `Probability5`, `em5_0`, `em5_1`, `em5_2`, `em5_3`, `em5_4`, `em5_5`, `text6_0`, `text6_1`, `BroadcastTextID6`, `lang6`, `Probability6`, `em6_0`, `em6_1`, `em6_2`, `em6_3`, `em6_4`, `em6_5`, `text7_0`, `text7_1`, `BroadcastTextID7`, `lang7`, `Probability7`, `em7_0`, `em7_1`, `em7_2`, `em7_3`, `em7_4`, `em7_5`) VALUES ('1872504', 'Imported from TC', 'Och!  Now that\'s a skill worth knowing.  Tognus beats the anvil with a fury ye don\'t see often.  Why don\'t ye go talk him up and see what he can teach ye?', 'Och!  Now that\'s a skill worth knowing.  Tognus beats the anvil with a fury ye don\'t see often.  Why don\'t ye go talk him up and see what he can teach ye?', '7038', '0', '1', '0', '0', '0', '0', '0', '0', 'Ye can probably hear Tognus beating away on the anvil when yer in Kharanos.  Although, if ye haven\'t cleared the wax out of yer ears recently, then why don\'t ye just have a look in the smithy.', 'Ye can probably hear Tognus beating away on the anvil when yer in Kharanos.  Although, if ye haven\'t cleared the wax out of yer ears recently, then why don\'t ye just have a look in the smithy.', '7039', '0', '1', '0', '0', '0', '0', '0', '0', '', '', NULL, '0', '0', '0', '0', '0', '0', '0', '0', '', '', NULL, '0', '0', '0', '0', '0', '0', '0', '0', '', '', NULL, '0', '0', '0', '0', '0', '0', '0', '0', '', '', NULL, '0', '0', '0', '0', '0', '0', '0', '0', '', '', NULL, '0', '0', '0', '0', '0', '0', '0', '0', '', '', NULL, '0', '0', '0', '0', '0', '0', '0', '0');
INSERT INTO gossip_menu (`MenuID`, `TextID`) VALUES ('3547', '1872504');
INSERT INTO points_of_interest (`ID`, `PositionX`, `PositionY`, `Icon`, `Flags`, `Importance`, `Name`, `VerifiedBuild`) VALUES ('85', '-5582', '-430.441', '6', '99', '0', 'Tognus Flintfire', '0');
INSERT INTO gossip_menu_option (`MenuID`, `OptionID`, `OptionIcon`, `OptionText`, `OptionBroadcastTextID`, `OptionType`, `OptionNpcFlag`, `ActionMenuID`, `ActionPoiID`, `BoxCoded`, `BoxMoney`, `BoxText`, `BoxBroadcastTextID`) VALUES ('3558', '1', '0', 'Blacksmithing', '51346', '1', '1', '3547', '85', '0', '0', '', NULL);
INSERT INTO gossip_text (`ID`, `comment`, `text0_0`, `text0_1`, `BroadcastTextID0`, `lang0`, `Probability0`, `em0_0`, `em0_1`, `em0_2`, `em0_3`, `em0_4`, `em0_5`, `text1_0`, `text1_1`, `BroadcastTextID1`, `lang1`, `Probability1`, `em1_0`, `em1_1`, `em1_2`, `em1_3`, `em1_4`, `em1_5`, `text2_0`, `text2_1`, `BroadcastTextID2`, `lang2`, `Probability2`, `em2_0`, `em2_1`, `em2_2`, `em2_3`, `em2_4`, `em2_5`, `text3_0`, `text3_1`, `BroadcastTextID3`, `lang3`, `Probability3`, `em3_0`, `em3_1`, `em3_2`, `em3_3`, `em3_4`, `em3_5`, `text4_0`, `text4_1`, `BroadcastTextID4`, `lang4`, `Probability4`, `em4_0`, `em4_1`, `em4_2`, `em4_3`, `em4_4`, `em4_5`, `text5_0`, `text5_1`, `BroadcastTextID5`, `lang5`, `Probability5`, `em5_0`, `em5_1`, `em5_2`, `em5_3`, `em5_4`, `em5_5`, `text6_0`, `text6_1`, `BroadcastTextID6`, `lang6`, `Probability6`, `em6_0`, `em6_1`, `em6_2`, `em6_3`, `em6_4`, `em6_5`, `text7_0`, `text7_1`, `BroadcastTextID7`, `lang7`, `Probability7`, `em7_0`, `em7_1`, `em7_2`, `em7_3`, `em7_4`, `em7_5`) VALUES ('1872505', 'Imported from TC', 'A Thunderbrew ale and a bit of Gremlock\'s cooking makes for a nice meal indeed.  Ye really should hit him up for some training if ye want to be a cook.', 'A Thunderbrew ale and a bit of Gremlock\'s cooking makes for a nice meal indeed.  Ye really should hit him up for some training if ye want to be a cook.', '7040', '0', '1', '0', '0', '0', '0', '0', '0', 'Gremlock doesn\'t always have the best of luck with cooking, but he does have some tasty recipies worth learning.  Go chat him up in the Thunderbrew Distillery and see what he\'ll teach ye.', 'Gremlock doesn\'t always have the best of luck with cooking, but he does have some tasty recipies worth learning.  Go chat him up in the Thunderbrew Distillery and see what he\'ll teach ye.', '7041', '0', '1', '0', '0', '0', '0', '0', '0', '', '', NULL, '0', '0', '0', '0', '0', '0', '0', '0', '', '', NULL, '0', '0', '0', '0', '0', '0', '0', '0', '', '', NULL, '0', '0', '0', '0', '0', '0', '0', '0', '', '', NULL, '0', '0', '0', '0', '0', '0', '0', '0', '', '', NULL, '0', '0', '0', '0', '0', '0', '0', '0', '', '', NULL, '0', '0', '0', '0', '0', '0', '0', '0');
INSERT INTO gossip_menu (`MenuID`, `TextID`) VALUES ('3548', '1872505');
INSERT INTO points_of_interest (`ID`, `PositionX`, `PositionY`, `Icon`, `Flags`, `Importance`, `Name`, `VerifiedBuild`) VALUES ('86', '-5594', '-544.573', '6', '99', '0', 'Gremlock Pilsnor', '0');
INSERT INTO gossip_menu_option (`MenuID`, `OptionID`, `OptionIcon`, `OptionText`, `OptionBroadcastTextID`, `OptionType`, `OptionNpcFlag`, `ActionMenuID`, `ActionPoiID`, `BoxCoded`, `BoxMoney`, `BoxText`, `BoxBroadcastTextID`) VALUES ('3558', '2', '0', 'Cooking', '45763', '1', '1', '3548', '86', '0', '0', '', NULL);
INSERT INTO gossip_text (`ID`, `comment`, `text0_0`, `text0_1`, `BroadcastTextID0`, `lang0`, `Probability0`, `em0_0`, `em0_1`, `em0_2`, `em0_3`, `em0_4`, `em0_5`, `text1_0`, `text1_1`, `BroadcastTextID1`, `lang1`, `Probability1`, `em1_0`, `em1_1`, `em1_2`, `em1_3`, `em1_4`, `em1_5`, `text2_0`, `text2_1`, `BroadcastTextID2`, `lang2`, `Probability2`, `em2_0`, `em2_1`, `em2_2`, `em2_3`, `em2_4`, `em2_5`, `text3_0`, `text3_1`, `BroadcastTextID3`, `lang3`, `Probability3`, `em3_0`, `em3_1`, `em3_2`, `em3_3`, `em3_4`, `em3_5`, `text4_0`, `text4_1`, `BroadcastTextID4`, `lang4`, `Probability4`, `em4_0`, `em4_1`, `em4_2`, `em4_3`, `em4_4`, `em4_5`, `text5_0`, `text5_1`, `BroadcastTextID5`, `lang5`, `Probability5`, `em5_0`, `em5_1`, `em5_2`, `em5_3`, `em5_4`, `em5_5`, `text6_0`, `text6_1`, `BroadcastTextID6`, `lang6`, `Probability6`, `em6_0`, `em6_1`, `em6_2`, `em6_3`, `em6_4`, `em6_5`, `text7_0`, `text7_1`, `BroadcastTextID7`, `lang7`, `Probability7`, `em7_0`, `em7_1`, `em7_2`, `em7_3`, `em7_4`, `em7_5`) VALUES ('1872506', 'Imported from TC', 'There aren\'t any enchanters out here in Dun Morogh that I know of.  Ye\'re going to have to visit Ironforge if ye want to learn the enchanter\'s profession.', 'There aren\'t any enchanters out here in Dun Morogh that I know of.  Ye\'re going to have to visit Ironforge if ye want to learn the enchanter\'s profession.', '7042', '0', '1', '0', '0', '0', '0', '0', '0', 'Ye should take a look in Ironforge if ye have yer mind set on enchanting.  I think I saw a shop over by the gryphon master last time I was up there.', 'Ye should take a look in Ironforge if ye have yer mind set on enchanting.  I think I saw a shop over by the gryphon master last time I was up there.', '7043', '0', '1', '0', '0', '0', '0', '0', '0', '', '', NULL, '0', '0', '0', '0', '0', '0', '0', '0', '', '', NULL, '0', '0', '0', '0', '0', '0', '0', '0', '', '', NULL, '0', '0', '0', '0', '0', '0', '0', '0', '', '', NULL, '0', '0', '0', '0', '0', '0', '0', '0', '', '', NULL, '0', '0', '0', '0', '0', '0', '0', '0', '', '', NULL, '0', '0', '0', '0', '0', '0', '0', '0');
INSERT INTO gossip_menu (`MenuID`, `TextID`) VALUES ('3549', '1872506');
INSERT INTO gossip_menu_option (`MenuID`, `OptionID`, `OptionIcon`, `OptionText`, `OptionBroadcastTextID`, `OptionType`, `OptionNpcFlag`, `ActionMenuID`, `ActionPoiID`, `BoxCoded`, `BoxMoney`, `BoxText`, `BoxBroadcastTextID`) VALUES ('3558', '3', '0', 'Enchanting', '52063', '1', '1', '3549', NULL, '0', '0', '', NULL);
INSERT INTO gossip_text (`ID`, `comment`, `text0_0`, `text0_1`, `BroadcastTextID0`, `lang0`, `Probability0`, `em0_0`, `em0_1`, `em0_2`, `em0_3`, `em0_4`, `em0_5`, `text1_0`, `text1_1`, `BroadcastTextID1`, `lang1`, `Probability1`, `em1_0`, `em1_1`, `em1_2`, `em1_3`, `em1_4`, `em1_5`, `text2_0`, `text2_1`, `BroadcastTextID2`, `lang2`, `Probability2`, `em2_0`, `em2_1`, `em2_2`, `em2_3`, `em2_4`, `em2_5`, `text3_0`, `text3_1`, `BroadcastTextID3`, `lang3`, `Probability3`, `em3_0`, `em3_1`, `em3_2`, `em3_3`, `em3_4`, `em3_5`, `text4_0`, `text4_1`, `BroadcastTextID4`, `lang4`, `Probability4`, `em4_0`, `em4_1`, `em4_2`, `em4_3`, `em4_4`, `em4_5`, `text5_0`, `text5_1`, `BroadcastTextID5`, `lang5`, `Probability5`, `em5_0`, `em5_1`, `em5_2`, `em5_3`, `em5_4`, `em5_5`, `text6_0`, `text6_1`, `BroadcastTextID6`, `lang6`, `Probability6`, `em6_0`, `em6_1`, `em6_2`, `em6_3`, `em6_4`, `em6_5`, `text7_0`, `text7_1`, `BroadcastTextID7`, `lang7`, `Probability7`, `em7_0`, `em7_1`, `em7_2`, `em7_3`, `em7_4`, `em7_5`) VALUES ('1872507', 'Imported from TC', 'Ye should check over at Steelgrill\'s Depot for Bronk.  When he\'s not tinkering with some odd device, he\'s usually chatting up the pilots about their steam tanks.', 'Ye should check over at Steelgrill\'s Depot for Bronk.  When he\'s not tinkering with some odd device, he\'s usually chatting up the pilots about their steam tanks.', '7044', '0', '1', '0', '0', '0', '0', '0', '0', 'With all the screws that Bronk has been tightening, I think he\'s let a few of his own go if ye get me.  All the same he\'s still got a good head for engineering the darndest devices.  Ye should go pay him a visit over at Steelgrill\'s Depot.', 'With all the screws that Bronk has been tightening, I think he\'s let a few of his own go if ye get me.  All the same he\'s still got a good head for engineering the darndest devices.  Ye should go pay him a visit over at Steelgrill\'s Depot.', '7045', '0', '1', '0', '0', '0', '0', '0', '0', '', '', NULL, '0', '0', '0', '0', '0', '0', '0', '0', '', '', NULL, '0', '0', '0', '0', '0', '0', '0', '0', '', '', NULL, '0', '0', '0', '0', '0', '0', '0', '0', '', '', NULL, '0', '0', '0', '0', '0', '0', '0', '0', '', '', NULL, '0', '0', '0', '0', '0', '0', '0', '0', '', '', NULL, '0', '0', '0', '0', '0', '0', '0', '0');
INSERT INTO gossip_menu (`MenuID`, `TextID`) VALUES ('3550', '1872507');
INSERT INTO gossip_menu_option (`MenuID`, `OptionID`, `OptionIcon`, `OptionText`, `OptionBroadcastTextID`, `OptionType`, `OptionNpcFlag`, `ActionMenuID`, `ActionPoiID`, `BoxCoded`, `BoxMoney`, `BoxText`, `BoxBroadcastTextID`) VALUES ('3558', '4', '0', 'Engineering', '51347', '1', '1', '3550', NULL, '0', '0', '', NULL);
INSERT INTO gossip_text (`ID`, `comment`, `text0_0`, `text0_1`, `BroadcastTextID0`, `lang0`, `Probability0`, `em0_0`, `em0_1`, `em0_2`, `em0_3`, `em0_4`, `em0_5`, `text1_0`, `text1_1`, `BroadcastTextID1`, `lang1`, `Probability1`, `em1_0`, `em1_1`, `em1_2`, `em1_3`, `em1_4`, `em1_5`, `text2_0`, `text2_1`, `BroadcastTextID2`, `lang2`, `Probability2`, `em2_0`, `em2_1`, `em2_2`, `em2_3`, `em2_4`, `em2_5`, `text3_0`, `text3_1`, `BroadcastTextID3`, `lang3`, `Probability3`, `em3_0`, `em3_1`, `em3_2`, `em3_3`, `em3_4`, `em3_5`, `text4_0`, `text4_1`, `BroadcastTextID4`, `lang4`, `Probability4`, `em4_0`, `em4_1`, `em4_2`, `em4_3`, `em4_4`, `em4_5`, `text5_0`, `text5_1`, `BroadcastTextID5`, `lang5`, `Probability5`, `em5_0`, `em5_1`, `em5_2`, `em5_3`, `em5_4`, `em5_5`, `text6_0`, `text6_1`, `BroadcastTextID6`, `lang6`, `Probability6`, `em6_0`, `em6_1`, `em6_2`, `em6_3`, `em6_4`, `em6_5`, `text7_0`, `text7_1`, `BroadcastTextID7`, `lang7`, `Probability7`, `em7_0`, `em7_1`, `em7_2`, `em7_3`, `em7_4`, `em7_5`) VALUES ('1872508', 'Imported from TC', 'First Aid may not make up for a priest\'s healing, but it\'s handy in a pinch.  I recommend ye go talk to Thamner in the Thunderbrew Distillery and learn what ye can.', 'First Aid may not make up for a priest\'s healing, but it\'s handy in a pinch.  I recommend ye go talk to Thamner in the Thunderbrew Distillery and learn what ye can.', '7046', '0', '1', '0', '0', '0', '0', '0', '0', 'Good ol\' Thamner bandaged me up just the other day when I had a run in with a nasty trogg.  I\'m good as new I tell ye!  I\'m sure Thamner would be happy to show ye how to make a good bandage.', 'Good ol\' Thamner bandaged me up just the other day when I had a run in with a nasty trogg.  I\'m good as new I tell ye!  I\'m sure Thamner would be happy to show ye how to make a good bandage.', '7047', '0', '1', '0', '0', '0', '0', '0', '0', '', '', NULL, '0', '0', '0', '0', '0', '0', '0', '0', '', '', NULL, '0', '0', '0', '0', '0', '0', '0', '0', '', '', NULL, '0', '0', '0', '0', '0', '0', '0', '0', '', '', NULL, '0', '0', '0', '0', '0', '0', '0', '0', '', '', NULL, '0', '0', '0', '0', '0', '0', '0', '0', '', '', NULL, '0', '0', '0', '0', '0', '0', '0', '0');
INSERT INTO gossip_menu (`MenuID`, `TextID`) VALUES ('3551', '1872508');
INSERT INTO points_of_interest (`ID`, `PositionX`, `PositionY`, `Icon`, `Flags`, `Importance`, `Name`, `VerifiedBuild`) VALUES ('87', '-5604', '-521.037', '6', '99', '0', 'Thamner Pol', '0');
INSERT INTO gossip_menu_option (`MenuID`, `OptionID`, `OptionIcon`, `OptionText`, `OptionBroadcastTextID`, `OptionType`, `OptionNpcFlag`, `ActionMenuID`, `ActionPoiID`, `BoxCoded`, `BoxMoney`, `BoxText`, `BoxBroadcastTextID`) VALUES ('3558', '5', '0', 'First Aid', '52066', '1', '1', '3551', '87', '0', '0', '', NULL);
INSERT INTO gossip_text (`ID`, `comment`, `text0_0`, `text0_1`, `BroadcastTextID0`, `lang0`, `Probability0`, `em0_0`, `em0_1`, `em0_2`, `em0_3`, `em0_4`, `em0_5`, `text1_0`, `text1_1`, `BroadcastTextID1`, `lang1`, `Probability1`, `em1_0`, `em1_1`, `em1_2`, `em1_3`, `em1_4`, `em1_5`, `text2_0`, `text2_1`, `BroadcastTextID2`, `lang2`, `Probability2`, `em2_0`, `em2_1`, `em2_2`, `em2_3`, `em2_4`, `em2_5`, `text3_0`, `text3_1`, `BroadcastTextID3`, `lang3`, `Probability3`, `em3_0`, `em3_1`, `em3_2`, `em3_3`, `em3_4`, `em3_5`, `text4_0`, `text4_1`, `BroadcastTextID4`, `lang4`, `Probability4`, `em4_0`, `em4_1`, `em4_2`, `em4_3`, `em4_4`, `em4_5`, `text5_0`, `text5_1`, `BroadcastTextID5`, `lang5`, `Probability5`, `em5_0`, `em5_1`, `em5_2`, `em5_3`, `em5_4`, `em5_5`, `text6_0`, `text6_1`, `BroadcastTextID6`, `lang6`, `Probability6`, `em6_0`, `em6_1`, `em6_2`, `em6_3`, `em6_4`, `em6_5`, `text7_0`, `text7_1`, `BroadcastTextID7`, `lang7`, `Probability7`, `em7_0`, `em7_1`, `em7_2`, `em7_3`, `em7_4`, `em7_5`) VALUES ('1872509', 'Imported from TC', 'Not much fishing to be had around here, but what little there is to be had is Paxton\'s ye can be sure.  Ye can find him fishing out on Iceflow Lake.', 'Not much fishing to be had around here, but what little there is to be had is Paxton\'s ye can be sure.  Ye can find him fishing out on Iceflow Lake.', '7048', '0', '1', '0', '0', '0', '0', '0', '0', 'Only a few spots to get any fishing done around here.  Paxton knows them all and probably a few he won\'t tell ya about.  Why don\'t ye go over to Iceflow Lake and see what he will tell ya.', 'Only a few spots to get any fishing done around here.  Paxton knows them all and probably a few he won\'t tell ya about.  Why don\'t ye go over to Iceflow Lake and see what he will tell ya.', '7049', '0', '1', '0', '0', '0', '0', '0', '0', '', '', NULL, '0', '0', '0', '0', '0', '0', '0', '0', '', '', NULL, '0', '0', '0', '0', '0', '0', '0', '0', '', '', NULL, '0', '0', '0', '0', '0', '0', '0', '0', '', '', NULL, '0', '0', '0', '0', '0', '0', '0', '0', '', '', NULL, '0', '0', '0', '0', '0', '0', '0', '0', '', '', NULL, '0', '0', '0', '0', '0', '0', '0', '0');
INSERT INTO gossip_menu (`MenuID`, `TextID`) VALUES ('3552', '1872509');
INSERT INTO points_of_interest (`ID`, `PositionX`, `PositionY`, `Icon`, `Flags`, `Importance`, `Name`, `VerifiedBuild`) VALUES ('88', '-5198', '53.3649', '6', '99', '0', 'Paxton Ganter', '0');
INSERT INTO gossip_menu_option (`MenuID`, `OptionID`, `OptionIcon`, `OptionText`, `OptionBroadcastTextID`, `OptionType`, `OptionNpcFlag`, `ActionMenuID`, `ActionPoiID`, `BoxCoded`, `BoxMoney`, `BoxText`, `BoxBroadcastTextID`) VALUES ('3558', '6', '0', 'Fishing', '45767', '1', '1', '3552', '88', '0', '0', '', NULL);
INSERT INTO gossip_text (`ID`, `comment`, `text0_0`, `text0_1`, `BroadcastTextID0`, `lang0`, `Probability0`, `em0_0`, `em0_1`, `em0_2`, `em0_3`, `em0_4`, `em0_5`, `text1_0`, `text1_1`, `BroadcastTextID1`, `lang1`, `Probability1`, `em1_0`, `em1_1`, `em1_2`, `em1_3`, `em1_4`, `em1_5`, `text2_0`, `text2_1`, `BroadcastTextID2`, `lang2`, `Probability2`, `em2_0`, `em2_1`, `em2_2`, `em2_3`, `em2_4`, `em2_5`, `text3_0`, `text3_1`, `BroadcastTextID3`, `lang3`, `Probability3`, `em3_0`, `em3_1`, `em3_2`, `em3_3`, `em3_4`, `em3_5`, `text4_0`, `text4_1`, `BroadcastTextID4`, `lang4`, `Probability4`, `em4_0`, `em4_1`, `em4_2`, `em4_3`, `em4_4`, `em4_5`, `text5_0`, `text5_1`, `BroadcastTextID5`, `lang5`, `Probability5`, `em5_0`, `em5_1`, `em5_2`, `em5_3`, `em5_4`, `em5_5`, `text6_0`, `text6_1`, `BroadcastTextID6`, `lang6`, `Probability6`, `em6_0`, `em6_1`, `em6_2`, `em6_3`, `em6_4`, `em6_5`, `text7_0`, `text7_1`, `BroadcastTextID7`, `lang7`, `Probability7`, `em7_0`, `em7_1`, `em7_2`, `em7_3`, `em7_4`, `em7_5`) VALUES ('1872510', 'Imported from TC', 'Amazing to see little flowers persist in the cold of Dun Morogh...  but ye won\'t find any herbalists out here.  Ye\'ll have to go to Ironforge to get some training in that profession.', 'Amazing to see little flowers persist in the cold of Dun Morogh...  but ye won\'t find any herbalists out here.  Ye\'ll have to go to Ironforge to get some training in that profession.', '7050', '0', '1', '0', '0', '0', '0', '0', '0', 'Nope, nobody who can teach ye herbalism out here.  I think ye\'ll have better luck in Ironforge though.', 'Nope, nobody who can teach ye herbalism out here.  I think ye\'ll have better luck in Ironforge though.', '7051', '0', '1', '0', '0', '0', '0', '0', '0', '', '', NULL, '0', '0', '0', '0', '0', '0', '0', '0', '', '', NULL, '0', '0', '0', '0', '0', '0', '0', '0', '', '', NULL, '0', '0', '0', '0', '0', '0', '0', '0', '', '', NULL, '0', '0', '0', '0', '0', '0', '0', '0', '', '', NULL, '0', '0', '0', '0', '0', '0', '0', '0', '', '', NULL, '0', '0', '0', '0', '0', '0', '0', '0');
INSERT INTO gossip_menu (`MenuID`, `TextID`) VALUES ('3553', '1872510');
INSERT INTO gossip_menu_option (`MenuID`, `OptionID`, `OptionIcon`, `OptionText`, `OptionBroadcastTextID`, `OptionType`, `OptionNpcFlag`, `ActionMenuID`, `ActionPoiID`, `BoxCoded`, `BoxMoney`, `BoxText`, `BoxBroadcastTextID`) VALUES ('3558', '7', '0', 'Herbalism', '45768', '1', '1', '3553', NULL, '0', '0', '', NULL);
-- Menu 10013 is already imported
-- POI 72 is already imported
INSERT INTO gossip_menu_option (`MenuID`, `OptionID`, `OptionIcon`, `OptionText`, `OptionBroadcastTextID`, `OptionType`, `OptionNpcFlag`, `ActionMenuID`, `ActionPoiID`, `BoxCoded`, `BoxMoney`, `BoxText`, `BoxBroadcastTextID`, `patch_min`) VALUES ('3558', '8', '0', 'Inscription', '48811', '1', '1', '10013', '72', '0', '0', '', NULL, '5');
-- Importing menu 3554 as 57054
INSERT INTO gossip_text (`ID`, `comment`, `text0_0`, `text0_1`, `BroadcastTextID0`, `lang0`, `Probability0`, `em0_0`, `em0_1`, `em0_2`, `em0_3`, `em0_4`, `em0_5`, `text1_0`, `text1_1`, `BroadcastTextID1`, `lang1`, `Probability1`, `em1_0`, `em1_1`, `em1_2`, `em1_3`, `em1_4`, `em1_5`, `text2_0`, `text2_1`, `BroadcastTextID2`, `lang2`, `Probability2`, `em2_0`, `em2_1`, `em2_2`, `em2_3`, `em2_4`, `em2_5`, `text3_0`, `text3_1`, `BroadcastTextID3`, `lang3`, `Probability3`, `em3_0`, `em3_1`, `em3_2`, `em3_3`, `em3_4`, `em3_5`, `text4_0`, `text4_1`, `BroadcastTextID4`, `lang4`, `Probability4`, `em4_0`, `em4_1`, `em4_2`, `em4_3`, `em4_4`, `em4_5`, `text5_0`, `text5_1`, `BroadcastTextID5`, `lang5`, `Probability5`, `em5_0`, `em5_1`, `em5_2`, `em5_3`, `em5_4`, `em5_5`, `text6_0`, `text6_1`, `BroadcastTextID6`, `lang6`, `Probability6`, `em6_0`, `em6_1`, `em6_2`, `em6_3`, `em6_4`, `em6_5`, `text7_0`, `text7_1`, `BroadcastTextID7`, `lang7`, `Probability7`, `em7_0`, `em7_1`, `em7_2`, `em7_3`, `em7_4`, `em7_5`) VALUES ('1872511', 'Imported from TC', 'If ye\'re looking to learn the profession of leatherworking, ye\'re gonna need to travel to Ironforge.  I hear there\'s a nice shop near the Great Forge where ye can learn the profession.', 'If ye\'re looking to learn the profession of leatherworking, ye\'re gonna need to travel to Ironforge.  I hear there\'s a nice shop near the Great Forge where ye can learn the profession.', '7052', '0', '1', '0', '0', '0', '0', '0', '0', 'Ironforge is going to be your best bet for leatherworkers.  If memory servers, there\'s a shop by The Great Forge that should meet yer needs.', 'Ironforge is going to be your best bet for leatherworkers.  If memory servers, there\'s a shop by The Great Forge that should meet yer needs.', '7053', '0', '1', '0', '0', '0', '0', '0', '0', '', '', NULL, '0', '0', '0', '0', '0', '0', '0', '0', '', '', NULL, '0', '0', '0', '0', '0', '0', '0', '0', '', '', NULL, '0', '0', '0', '0', '0', '0', '0', '0', '', '', NULL, '0', '0', '0', '0', '0', '0', '0', '0', '', '', NULL, '0', '0', '0', '0', '0', '0', '0', '0', '', '', NULL, '0', '0', '0', '0', '0', '0', '0', '0');
INSERT INTO gossip_menu (`MenuID`, `TextID`) VALUES ('57054', '1872511');
INSERT INTO gossip_menu_option (`MenuID`, `OptionID`, `OptionIcon`, `OptionText`, `OptionBroadcastTextID`, `OptionType`, `OptionNpcFlag`, `ActionMenuID`, `ActionPoiID`, `BoxCoded`, `BoxMoney`, `BoxText`, `BoxBroadcastTextID`) VALUES ('3558', '9', '0', 'Leatherworking', '52071', '1', '1', '57054', NULL, '0', '0', '', NULL);
INSERT INTO gossip_text (`ID`, `comment`, `text0_0`, `text0_1`, `BroadcastTextID0`, `lang0`, `Probability0`, `em0_0`, `em0_1`, `em0_2`, `em0_3`, `em0_4`, `em0_5`, `text1_0`, `text1_1`, `BroadcastTextID1`, `lang1`, `Probability1`, `em1_0`, `em1_1`, `em1_2`, `em1_3`, `em1_4`, `em1_5`, `text2_0`, `text2_1`, `BroadcastTextID2`, `lang2`, `Probability2`, `em2_0`, `em2_1`, `em2_2`, `em2_3`, `em2_4`, `em2_5`, `text3_0`, `text3_1`, `BroadcastTextID3`, `lang3`, `Probability3`, `em3_0`, `em3_1`, `em3_2`, `em3_3`, `em3_4`, `em3_5`, `text4_0`, `text4_1`, `BroadcastTextID4`, `lang4`, `Probability4`, `em4_0`, `em4_1`, `em4_2`, `em4_3`, `em4_4`, `em4_5`, `text5_0`, `text5_1`, `BroadcastTextID5`, `lang5`, `Probability5`, `em5_0`, `em5_1`, `em5_2`, `em5_3`, `em5_4`, `em5_5`, `text6_0`, `text6_1`, `BroadcastTextID6`, `lang6`, `Probability6`, `em6_0`, `em6_1`, `em6_2`, `em6_3`, `em6_4`, `em6_5`, `text7_0`, `text7_1`, `BroadcastTextID7`, `lang7`, `Probability7`, `em7_0`, `em7_1`, `em7_2`, `em7_3`, `em7_4`, `em7_5`) VALUES ('1872512', 'Imported from TC', 'Surely ye didn\'t think ye would find a town without a resident miner about, did ye?  Yarr can usually be found over at Steelgrill\'s Depot just outside of Kharanos.', 'Surely ye didn\'t think ye would find a town without a resident miner about, did ye?  Yarr can usually be found over at Steelgrill\'s Depot just outside of Kharanos.', '7054', '0', '1', '0', '0', '0', '0', '0', '0', 'A miner?  Ye don\'t need to ask if $glad : lass;, only where!  Yarr is who yer looking for, and I think ye can find him hiding out over in Steelgrill\'s Depot.', 'A miner?  Ye don\'t need to ask if $glad : lass;, only where!  Yarr is who yer looking for, and I think ye can find him hiding out over in Steelgrill\'s Depot.', '7055', '0', '1', '0', '0', '0', '0', '0', '0', '', '', NULL, '0', '0', '0', '0', '0', '0', '0', '0', '', '', NULL, '0', '0', '0', '0', '0', '0', '0', '0', '', '', NULL, '0', '0', '0', '0', '0', '0', '0', '0', '', '', NULL, '0', '0', '0', '0', '0', '0', '0', '0', '', '', NULL, '0', '0', '0', '0', '0', '0', '0', '0', '', '', NULL, '0', '0', '0', '0', '0', '0', '0', '0');
INSERT INTO gossip_menu (`MenuID`, `TextID`) VALUES ('3555', '1872512');
INSERT INTO points_of_interest (`ID`, `PositionX`, `PositionY`, `Icon`, `Flags`, `Importance`, `Name`, `VerifiedBuild`) VALUES ('402', '-5529.12', '-660.912', '6', '99', '0', 'Yarr Hammerstone', '0');
INSERT INTO gossip_menu_option (`MenuID`, `OptionID`, `OptionIcon`, `OptionText`, `OptionBroadcastTextID`, `OptionType`, `OptionNpcFlag`, `ActionMenuID`, `ActionPoiID`, `BoxCoded`, `BoxMoney`, `BoxText`, `BoxBroadcastTextID`) VALUES ('3558', '10', '0', 'Mining', '51348', '1', '1', '3555', '402', '0', '0', '', NULL);
INSERT INTO gossip_text (`ID`, `comment`, `text0_0`, `text0_1`, `BroadcastTextID0`, `lang0`, `Probability0`, `em0_0`, `em0_1`, `em0_2`, `em0_3`, `em0_4`, `em0_5`, `text1_0`, `text1_1`, `BroadcastTextID1`, `lang1`, `Probability1`, `em1_0`, `em1_1`, `em1_2`, `em1_3`, `em1_4`, `em1_5`, `text2_0`, `text2_1`, `BroadcastTextID2`, `lang2`, `Probability2`, `em2_0`, `em2_1`, `em2_2`, `em2_3`, `em2_4`, `em2_5`, `text3_0`, `text3_1`, `BroadcastTextID3`, `lang3`, `Probability3`, `em3_0`, `em3_1`, `em3_2`, `em3_3`, `em3_4`, `em3_5`, `text4_0`, `text4_1`, `BroadcastTextID4`, `lang4`, `Probability4`, `em4_0`, `em4_1`, `em4_2`, `em4_3`, `em4_4`, `em4_5`, `text5_0`, `text5_1`, `BroadcastTextID5`, `lang5`, `Probability5`, `em5_0`, `em5_1`, `em5_2`, `em5_3`, `em5_4`, `em5_5`, `text6_0`, `text6_1`, `BroadcastTextID6`, `lang6`, `Probability6`, `em6_0`, `em6_1`, `em6_2`, `em6_3`, `em6_4`, `em6_5`, `text7_0`, `text7_1`, `BroadcastTextID7`, `lang7`, `Probability7`, `em7_0`, `em7_1`, `em7_2`, `em7_3`, `em7_4`, `em7_5`) VALUES ('1872513', 'Imported from TC', 'Ye won\'t find any skinners out in here Dun Morogh $glad : lass;, they\'re mostly to be found in Ironforge if ye\'re looking to be trained.', 'Ye won\'t find any skinners out in here Dun Morogh $glad : lass;, they\'re mostly to be found in Ironforge if ye\'re looking to be trained.', '7056', '0', '1', '0', '0', '0', '0', '0', '0', 'The skinners usually take all their hides into Ironforge to dry out.  Why don\'t you head there and see if you can find one to train ye?', 'The skinners usually take all their hides into Ironforge to dry out.  Why don\'t you head there and see if you can find one to train ye?', '7057', '0', '1', '0', '0', '0', '0', '0', '0', '', '', NULL, '0', '0', '0', '0', '0', '0', '0', '0', '', '', NULL, '0', '0', '0', '0', '0', '0', '0', '0', '', '', NULL, '0', '0', '0', '0', '0', '0', '0', '0', '', '', NULL, '0', '0', '0', '0', '0', '0', '0', '0', '', '', NULL, '0', '0', '0', '0', '0', '0', '0', '0', '', '', NULL, '0', '0', '0', '0', '0', '0', '0', '0');
INSERT INTO gossip_menu (`MenuID`, `TextID`) VALUES ('3556', '1872513');
INSERT INTO gossip_menu_option (`MenuID`, `OptionID`, `OptionIcon`, `OptionText`, `OptionBroadcastTextID`, `OptionType`, `OptionNpcFlag`, `ActionMenuID`, `ActionPoiID`, `BoxCoded`, `BoxMoney`, `BoxText`, `BoxBroadcastTextID`) VALUES ('3558', '11', '0', 'Skinning', '52076', '1', '1', '3556', NULL, '0', '0', '', NULL);
-- Importing menu 3557 as 57055
INSERT INTO gossip_text (`ID`, `comment`, `text0_0`, `text0_1`, `BroadcastTextID0`, `lang0`, `Probability0`, `em0_0`, `em0_1`, `em0_2`, `em0_3`, `em0_4`, `em0_5`, `text1_0`, `text1_1`, `BroadcastTextID1`, `lang1`, `Probability1`, `em1_0`, `em1_1`, `em1_2`, `em1_3`, `em1_4`, `em1_5`, `text2_0`, `text2_1`, `BroadcastTextID2`, `lang2`, `Probability2`, `em2_0`, `em2_1`, `em2_2`, `em2_3`, `em2_4`, `em2_5`, `text3_0`, `text3_1`, `BroadcastTextID3`, `lang3`, `Probability3`, `em3_0`, `em3_1`, `em3_2`, `em3_3`, `em3_4`, `em3_5`, `text4_0`, `text4_1`, `BroadcastTextID4`, `lang4`, `Probability4`, `em4_0`, `em4_1`, `em4_2`, `em4_3`, `em4_4`, `em4_5`, `text5_0`, `text5_1`, `BroadcastTextID5`, `lang5`, `Probability5`, `em5_0`, `em5_1`, `em5_2`, `em5_3`, `em5_4`, `em5_5`, `text6_0`, `text6_1`, `BroadcastTextID6`, `lang6`, `Probability6`, `em6_0`, `em6_1`, `em6_2`, `em6_3`, `em6_4`, `em6_5`, `text7_0`, `text7_1`, `BroadcastTextID7`, `lang7`, `Probability7`, `em7_0`, `em7_1`, `em7_2`, `em7_3`, `em7_4`, `em7_5`) VALUES ('1872514', 'Imported from TC', 'Ah, Stonebrow doesn\'t leave Ironforge much these days so if ye\'re looking to learn the tailor\'s profession ye\'ll have to go to see him up in Ironforge.', 'Ah, Stonebrow doesn\'t leave Ironforge much these days so if ye\'re looking to learn the tailor\'s profession ye\'ll have to go to see him up in Ironforge.', '7058', '0', '1', '0', '0', '0', '0', '0', '0', 'Well, ye won\'t have much luck with finding a tailor out here.  Ironforge is home to a quite a few talented tailors though.  Why don\'t ye go ask a guard there.', 'Well, ye won\'t have much luck with finding a tailor out here.  Ironforge is home to a quite a few talented tailors though.  Why don\'t ye go ask a guard there.', '7059', '0', '1', '0', '0', '0', '0', '0', '0', '', '', NULL, '0', '0', '0', '0', '0', '0', '0', '0', '', '', NULL, '0', '0', '0', '0', '0', '0', '0', '0', '', '', NULL, '0', '0', '0', '0', '0', '0', '0', '0', '', '', NULL, '0', '0', '0', '0', '0', '0', '0', '0', '', '', NULL, '0', '0', '0', '0', '0', '0', '0', '0', '', '', NULL, '0', '0', '0', '0', '0', '0', '0', '0');
INSERT INTO gossip_menu (`MenuID`, `TextID`) VALUES ('57055', '1872514');
INSERT INTO gossip_menu_option (`MenuID`, `OptionID`, `OptionIcon`, `OptionText`, `OptionBroadcastTextID`, `OptionType`, `OptionNpcFlag`, `ActionMenuID`, `ActionPoiID`, `BoxCoded`, `BoxMoney`, `BoxText`, `BoxBroadcastTextID`) VALUES ('3558', '12', '0', 'Tailoring', '52077', '1', '1', '57055', NULL, '0', '0', '', NULL);
INSERT INTO gossip_menu_option (`MenuID`, `OptionID`, `OptionIcon`, `OptionText`, `OptionBroadcastTextID`, `OptionType`, `OptionNpcFlag`, `ActionMenuID`, `ActionPoiID`, `BoxCoded`, `BoxMoney`, `BoxText`, `BoxBroadcastTextID`) VALUES ('3533', '6', '0', 'Profession Trainer', '45382', '1', '1', '3558', NULL, '0', '0', '', NULL);
UPDATE creature_template SET npcflag = (npcflag | 1), gossip_menu_id = 3533 WHERE entry = 727;


-- Importing creature gossip with entry 13076 (Dun Morogh Mountaineer) with import type GOSSIP
-- Menu 3533 is already imported
UPDATE creature_template SET gossip_menu_id = 3533 WHERE entry = 13076;


-- Importing creature gossip with entry 3571 (Teldrassil Sentinel) with import type GOSSIP
INSERT INTO gossip_text (`ID`, `comment`, `text0_0`, `text0_1`, `BroadcastTextID0`, `lang0`, `Probability0`, `em0_0`, `em0_1`, `em0_2`, `em0_3`, `em0_4`, `em0_5`, `text1_0`, `text1_1`, `BroadcastTextID1`, `lang1`, `Probability1`, `em1_0`, `em1_1`, `em1_2`, `em1_3`, `em1_4`, `em1_5`, `text2_0`, `text2_1`, `BroadcastTextID2`, `lang2`, `Probability2`, `em2_0`, `em2_1`, `em2_2`, `em2_3`, `em2_4`, `em2_5`, `text3_0`, `text3_1`, `BroadcastTextID3`, `lang3`, `Probability3`, `em3_0`, `em3_1`, `em3_2`, `em3_3`, `em3_4`, `em3_5`, `text4_0`, `text4_1`, `BroadcastTextID4`, `lang4`, `Probability4`, `em4_0`, `em4_1`, `em4_2`, `em4_3`, `em4_4`, `em4_5`, `text5_0`, `text5_1`, `BroadcastTextID5`, `lang5`, `Probability5`, `em5_0`, `em5_1`, `em5_2`, `em5_3`, `em5_4`, `em5_5`, `text6_0`, `text6_1`, `BroadcastTextID6`, `lang6`, `Probability6`, `em6_0`, `em6_1`, `em6_2`, `em6_3`, `em6_4`, `em6_5`, `text7_0`, `text7_1`, `BroadcastTextID7`, `lang7`, `Probability7`, `em7_0`, `em7_1`, `em7_2`, `em7_3`, `em7_4`, `em7_5`) VALUES ('1872515', 'Imported from TC', 'There are many places that you might visit in Teldrassil.  Tell me what you seek.', 'There are many places that you might visit in Teldrassil.  Tell me what you seek.', '7065', '0', '1', '0', '0', '0', '0', '0', '0', '', '', NULL, '0', '0', '0', '0', '0', '0', '0', '0', '', '', NULL, '0', '0', '0', '0', '0', '0', '0', '0', '', '', NULL, '0', '0', '0', '0', '0', '0', '0', '0', '', '', NULL, '0', '0', '0', '0', '0', '0', '0', '0', '', '', NULL, '0', '0', '0', '0', '0', '0', '0', '0', '', '', NULL, '0', '0', '0', '0', '0', '0', '0', '0', '', '', NULL, '0', '0', '0', '0', '0', '0', '0', '0');
INSERT INTO gossip_menu (`MenuID`, `TextID`) VALUES ('3580', '1872515');
-- Importing menu 3560 as 57056
INSERT INTO gossip_text (`ID`, `comment`, `text0_0`, `text0_1`, `BroadcastTextID0`, `lang0`, `Probability0`, `em0_0`, `em0_1`, `em0_2`, `em0_3`, `em0_4`, `em0_5`, `text1_0`, `text1_1`, `BroadcastTextID1`, `lang1`, `Probability1`, `em1_0`, `em1_1`, `em1_2`, `em1_3`, `em1_4`, `em1_5`, `text2_0`, `text2_1`, `BroadcastTextID2`, `lang2`, `Probability2`, `em2_0`, `em2_1`, `em2_2`, `em2_3`, `em2_4`, `em2_5`, `text3_0`, `text3_1`, `BroadcastTextID3`, `lang3`, `Probability3`, `em3_0`, `em3_1`, `em3_2`, `em3_3`, `em3_4`, `em3_5`, `text4_0`, `text4_1`, `BroadcastTextID4`, `lang4`, `Probability4`, `em4_0`, `em4_1`, `em4_2`, `em4_3`, `em4_4`, `em4_5`, `text5_0`, `text5_1`, `BroadcastTextID5`, `lang5`, `Probability5`, `em5_0`, `em5_1`, `em5_2`, `em5_3`, `em5_4`, `em5_5`, `text6_0`, `text6_1`, `BroadcastTextID6`, `lang6`, `Probability6`, `em6_0`, `em6_1`, `em6_2`, `em6_3`, `em6_4`, `em6_5`, `text7_0`, `text7_1`, `BroadcastTextID7`, `lang7`, `Probability7`, `em7_0`, `em7_1`, `em7_2`, `em7_3`, `em7_4`, `em7_5`) VALUES ('1872516', 'Imported from TC', 'The bank is located in the serene city of Darnassus.  You must go there if you wish to store your possessions.', 'The bank is located in the serene city of Darnassus.  You must go there if you wish to store your possessions.', '7067', '0', '1', '0', '0', '0', '0', '0', '0', 'If a bank is what you desire, then your travels take you to the heart of Darnassus.  There you will find storage for your treasures.', 'If a bank is what you desire, then your travels take you to the heart of Darnassus.  There you will find storage for your treasures.', '7068', '0', '1', '0', '0', '0', '0', '0', '0', '', '', NULL, '0', '0', '0', '0', '0', '0', '0', '0', '', '', NULL, '0', '0', '0', '0', '0', '0', '0', '0', '', '', NULL, '0', '0', '0', '0', '0', '0', '0', '0', '', '', NULL, '0', '0', '0', '0', '0', '0', '0', '0', '', '', NULL, '0', '0', '0', '0', '0', '0', '0', '0', '', '', NULL, '0', '0', '0', '0', '0', '0', '0', '0');
INSERT INTO gossip_menu (`MenuID`, `TextID`) VALUES ('57056', '1872516');
INSERT INTO gossip_menu_option (`MenuID`, `OptionID`, `OptionIcon`, `OptionText`, `OptionBroadcastTextID`, `OptionType`, `OptionNpcFlag`, `ActionMenuID`, `ActionPoiID`, `BoxCoded`, `BoxMoney`, `BoxText`, `BoxBroadcastTextID`) VALUES ('3580', '0', '0', 'The Bank', '7066', '1', '1', '57056', NULL, '0', '0', '', NULL);
INSERT INTO gossip_text (`ID`, `comment`, `text0_0`, `text0_1`, `BroadcastTextID0`, `lang0`, `Probability0`, `em0_0`, `em0_1`, `em0_2`, `em0_3`, `em0_4`, `em0_5`, `text1_0`, `text1_1`, `BroadcastTextID1`, `lang1`, `Probability1`, `em1_0`, `em1_1`, `em1_2`, `em1_3`, `em1_4`, `em1_5`, `text2_0`, `text2_1`, `BroadcastTextID2`, `lang2`, `Probability2`, `em2_0`, `em2_1`, `em2_2`, `em2_3`, `em2_4`, `em2_5`, `text3_0`, `text3_1`, `BroadcastTextID3`, `lang3`, `Probability3`, `em3_0`, `em3_1`, `em3_2`, `em3_3`, `em3_4`, `em3_5`, `text4_0`, `text4_1`, `BroadcastTextID4`, `lang4`, `Probability4`, `em4_0`, `em4_1`, `em4_2`, `em4_3`, `em4_4`, `em4_5`, `text5_0`, `text5_1`, `BroadcastTextID5`, `lang5`, `Probability5`, `em5_0`, `em5_1`, `em5_2`, `em5_3`, `em5_4`, `em5_5`, `text6_0`, `text6_1`, `BroadcastTextID6`, `lang6`, `Probability6`, `em6_0`, `em6_1`, `em6_2`, `em6_3`, `em6_4`, `em6_5`, `text7_0`, `text7_1`, `BroadcastTextID7`, `lang7`, `Probability7`, `em7_0`, `em7_1`, `em7_2`, `em7_3`, `em7_4`, `em7_5`) VALUES ('1872517', 'Imported from TC', 'To reach the Rut\'theran Ferry, you will need to travel to Darnassus and take the portal to Rut\'theran Village at the base of Teldrassil.', 'To reach the Rut\'theran Ferry, you will need to travel to Darnassus and take the portal to Rut\'theran Village at the base of Teldrassil.', '7070', '0', '1', '0', '0', '0', '0', '0', '0', 'A Rut\'theran Ferry leaves for Auberdine from Rut\'theran Village at the base of Teldrassil.  The portal in Darnassus will allow you to reach Rut\'theran safely.', 'A Rut\'theran Ferry leaves for Auberdine from Rut\'theran Village at the base of Teldrassil.  The portal in Darnassus will allow you to reach Rut\'theran safely.', '7070', '0', '1', '0', '0', '0', '0', '0', '0', '', '', NULL, '0', '0', '0', '0', '0', '0', '0', '0', '', '', NULL, '0', '0', '0', '0', '0', '0', '0', '0', '', '', NULL, '0', '0', '0', '0', '0', '0', '0', '0', '', '', NULL, '0', '0', '0', '0', '0', '0', '0', '0', '', '', NULL, '0', '0', '0', '0', '0', '0', '0', '0', '', '', NULL, '0', '0', '0', '0', '0', '0', '0', '0');
INSERT INTO gossip_menu (`MenuID`, `TextID`) VALUES ('3561', '1872517');
INSERT INTO gossip_menu_option (`MenuID`, `OptionID`, `OptionIcon`, `OptionText`, `OptionBroadcastTextID`, `OptionType`, `OptionNpcFlag`, `ActionMenuID`, `ActionPoiID`, `BoxCoded`, `BoxMoney`, `BoxText`, `BoxBroadcastTextID`) VALUES ('3580', '1', '0', 'Rut\'theran Ferry', '7069', '1', '1', '3561', NULL, '0', '0', '', NULL);
INSERT INTO gossip_text (`ID`, `comment`, `text0_0`, `text0_1`, `BroadcastTextID0`, `lang0`, `Probability0`, `em0_0`, `em0_1`, `em0_2`, `em0_3`, `em0_4`, `em0_5`, `text1_0`, `text1_1`, `BroadcastTextID1`, `lang1`, `Probability1`, `em1_0`, `em1_1`, `em1_2`, `em1_3`, `em1_4`, `em1_5`, `text2_0`, `text2_1`, `BroadcastTextID2`, `lang2`, `Probability2`, `em2_0`, `em2_1`, `em2_2`, `em2_3`, `em2_4`, `em2_5`, `text3_0`, `text3_1`, `BroadcastTextID3`, `lang3`, `Probability3`, `em3_0`, `em3_1`, `em3_2`, `em3_3`, `em3_4`, `em3_5`, `text4_0`, `text4_1`, `BroadcastTextID4`, `lang4`, `Probability4`, `em4_0`, `em4_1`, `em4_2`, `em4_3`, `em4_4`, `em4_5`, `text5_0`, `text5_1`, `BroadcastTextID5`, `lang5`, `Probability5`, `em5_0`, `em5_1`, `em5_2`, `em5_3`, `em5_4`, `em5_5`, `text6_0`, `text6_1`, `BroadcastTextID6`, `lang6`, `Probability6`, `em6_0`, `em6_1`, `em6_2`, `em6_3`, `em6_4`, `em6_5`, `text7_0`, `text7_1`, `BroadcastTextID7`, `lang7`, `Probability7`, `em7_0`, `em7_1`, `em7_2`, `em7_3`, `em7_4`, `em7_5`) VALUES ('1872518', 'Imported from TC', 'Matters of such an official nature are only handled in Darnassus.  You must travel there to begin the process of your guild\'s creation.', 'Matters of such an official nature are only handled in Darnassus.  You must travel there to begin the process of your guild\'s creation.', '7073', '0', '1', '0', '0', '0', '0', '0', '0', 'Documents such as guild creation papers can be acquired from the Guild Master in the city of Darnassus.', 'Documents such as guild creation papers can be acquired from the Guild Master in the city of Darnassus.', '7074', '0', '1', '0', '0', '0', '0', '0', '0', '', '', NULL, '0', '0', '0', '0', '0', '0', '0', '0', '', '', NULL, '0', '0', '0', '0', '0', '0', '0', '0', '', '', NULL, '0', '0', '0', '0', '0', '0', '0', '0', '', '', NULL, '0', '0', '0', '0', '0', '0', '0', '0', '', '', NULL, '0', '0', '0', '0', '0', '0', '0', '0', '', '', NULL, '0', '0', '0', '0', '0', '0', '0', '0');
INSERT INTO gossip_menu (`MenuID`, `TextID`) VALUES ('3562', '1872518');
INSERT INTO gossip_menu_option (`MenuID`, `OptionID`, `OptionIcon`, `OptionText`, `OptionBroadcastTextID`, `OptionType`, `OptionNpcFlag`, `ActionMenuID`, `ActionPoiID`, `BoxCoded`, `BoxMoney`, `BoxText`, `BoxBroadcastTextID`) VALUES ('3580', '2', '0', 'The Guild Master.', '2870', '1', '1', '3562', NULL, '0', '0', '', NULL);
INSERT INTO gossip_text (`ID`, `comment`, `text0_0`, `text0_1`, `BroadcastTextID0`, `lang0`, `Probability0`, `em0_0`, `em0_1`, `em0_2`, `em0_3`, `em0_4`, `em0_5`, `text1_0`, `text1_1`, `BroadcastTextID1`, `lang1`, `Probability1`, `em1_0`, `em1_1`, `em1_2`, `em1_3`, `em1_4`, `em1_5`, `text2_0`, `text2_1`, `BroadcastTextID2`, `lang2`, `Probability2`, `em2_0`, `em2_1`, `em2_2`, `em2_3`, `em2_4`, `em2_5`, `text3_0`, `text3_1`, `BroadcastTextID3`, `lang3`, `Probability3`, `em3_0`, `em3_1`, `em3_2`, `em3_3`, `em3_4`, `em3_5`, `text4_0`, `text4_1`, `BroadcastTextID4`, `lang4`, `Probability4`, `em4_0`, `em4_1`, `em4_2`, `em4_3`, `em4_4`, `em4_5`, `text5_0`, `text5_1`, `BroadcastTextID5`, `lang5`, `Probability5`, `em5_0`, `em5_1`, `em5_2`, `em5_3`, `em5_4`, `em5_5`, `text6_0`, `text6_1`, `BroadcastTextID6`, `lang6`, `Probability6`, `em6_0`, `em6_1`, `em6_2`, `em6_3`, `em6_4`, `em6_5`, `text7_0`, `text7_1`, `BroadcastTextID7`, `lang7`, `Probability7`, `em7_0`, `em7_1`, `em7_2`, `em7_3`, `em7_4`, `em7_5`) VALUES ('1872519', 'Imported from TC', 'A restful sleep is sure to be had in the beds which Innkeeper Keldamyr keeps at the Inn in Dolanaar.', 'A restful sleep is sure to be had in the beds which Innkeeper Keldamyr keeps at the Inn in Dolanaar.', '7076', '0', '1', '0', '0', '0', '0', '0', '0', 'If you require time to rest and regain your strength, you will find the best at the Inn in Dolanaar.  Innkeeper Keldamyr will see to it that you are taken care of.', 'If you require time to rest and regain your strength, you will find the best at the Inn in Dolanaar.  Innkeeper Keldamyr will see to it that you are taken care of.', '7077', '0', '1', '0', '0', '0', '0', '0', '0', '', '', NULL, '0', '0', '0', '0', '0', '0', '0', '0', '', '', NULL, '0', '0', '0', '0', '0', '0', '0', '0', '', '', NULL, '0', '0', '0', '0', '0', '0', '0', '0', '', '', NULL, '0', '0', '0', '0', '0', '0', '0', '0', '', '', NULL, '0', '0', '0', '0', '0', '0', '0', '0', '', '', NULL, '0', '0', '0', '0', '0', '0', '0', '0');
INSERT INTO gossip_menu (`MenuID`, `TextID`) VALUES ('3563', '1872519');
INSERT INTO points_of_interest (`ID`, `PositionX`, `PositionY`, `Icon`, `Flags`, `Importance`, `Name`, `VerifiedBuild`) VALUES ('111', '9821', '960.138', '6', '99', '0', 'Dolanaar Inn', '0');
INSERT INTO gossip_menu_option (`MenuID`, `OptionID`, `OptionIcon`, `OptionText`, `OptionBroadcastTextID`, `OptionType`, `OptionNpcFlag`, `ActionMenuID`, `ActionPoiID`, `BoxCoded`, `BoxMoney`, `BoxText`, `BoxBroadcastTextID`) VALUES ('3580', '3', '0', 'The Inn', '7075', '1', '1', '3563', '111', '0', '0', '', NULL);
INSERT INTO gossip_text (`ID`, `comment`, `text0_0`, `text0_1`, `BroadcastTextID0`, `lang0`, `Probability0`, `em0_0`, `em0_1`, `em0_2`, `em0_3`, `em0_4`, `em0_5`, `text1_0`, `text1_1`, `BroadcastTextID1`, `lang1`, `Probability1`, `em1_0`, `em1_1`, `em1_2`, `em1_3`, `em1_4`, `em1_5`, `text2_0`, `text2_1`, `BroadcastTextID2`, `lang2`, `Probability2`, `em2_0`, `em2_1`, `em2_2`, `em2_3`, `em2_4`, `em2_5`, `text3_0`, `text3_1`, `BroadcastTextID3`, `lang3`, `Probability3`, `em3_0`, `em3_1`, `em3_2`, `em3_3`, `em3_4`, `em3_5`, `text4_0`, `text4_1`, `BroadcastTextID4`, `lang4`, `Probability4`, `em4_0`, `em4_1`, `em4_2`, `em4_3`, `em4_4`, `em4_5`, `text5_0`, `text5_1`, `BroadcastTextID5`, `lang5`, `Probability5`, `em5_0`, `em5_1`, `em5_2`, `em5_3`, `em5_4`, `em5_5`, `text6_0`, `text6_1`, `BroadcastTextID6`, `lang6`, `Probability6`, `em6_0`, `em6_1`, `em6_2`, `em6_3`, `em6_4`, `em6_5`, `text7_0`, `text7_1`, `BroadcastTextID7`, `lang7`, `Probability7`, `em7_0`, `em7_1`, `em7_2`, `em7_3`, `em7_4`, `em7_5`) VALUES ('1872520', 'Imported from TC', 'Ah, gentle Seriadne.  All animals are safe while in her care.  You can find her just outside the Inn in Dolanaar.', 'Ah, gentle Seriadne.  All animals are safe while in her care.  You can find her just outside the Inn in Dolanaar.', '8530', '7', '1', '0', '0', '0', '0', '0', '0', 'You seek someone who cares for animals?  Then you should look for Seriadne outside the Inn in Dolanaar.  She is the one that you seek.', 'You seek someone who cares for animals?  Then you should look for Seriadne outside the Inn in Dolanaar.  She is the one that you seek.', '8531', '7', '1', '0', '0', '0', '0', '0', '0', '', '', NULL, '0', '0', '0', '0', '0', '0', '0', '0', '', '', NULL, '0', '0', '0', '0', '0', '0', '0', '0', '', '', NULL, '0', '0', '0', '0', '0', '0', '0', '0', '', '', NULL, '0', '0', '0', '0', '0', '0', '0', '0', '', '', NULL, '0', '0', '0', '0', '0', '0', '0', '0', '', '', NULL, '0', '0', '0', '0', '0', '0', '0', '0');
INSERT INTO gossip_menu (`MenuID`, `TextID`) VALUES ('4923', '1872520');
INSERT INTO points_of_interest (`ID`, `PositionX`, `PositionY`, `Icon`, `Flags`, `Importance`, `Name`, `VerifiedBuild`) VALUES ('112', '9808', '931.106', '6', '99', '0', 'Seriadne', '0');
INSERT INTO gossip_menu_option (`MenuID`, `OptionID`, `OptionIcon`, `OptionText`, `OptionBroadcastTextID`, `OptionType`, `OptionNpcFlag`, `ActionMenuID`, `ActionPoiID`, `BoxCoded`, `BoxMoney`, `BoxText`, `BoxBroadcastTextID`) VALUES ('3580', '4', '0', 'Stable Master', '45383', '1', '1', '4923', '112', '0', '0', '', NULL);
INSERT INTO gossip_text (`ID`, `comment`, `text0_0`, `text0_1`, `BroadcastTextID0`, `lang0`, `Probability0`, `em0_0`, `em0_1`, `em0_2`, `em0_3`, `em0_4`, `em0_5`, `text1_0`, `text1_1`, `BroadcastTextID1`, `lang1`, `Probability1`, `em1_0`, `em1_1`, `em1_2`, `em1_3`, `em1_4`, `em1_5`, `text2_0`, `text2_1`, `BroadcastTextID2`, `lang2`, `Probability2`, `em2_0`, `em2_1`, `em2_2`, `em2_3`, `em2_4`, `em2_5`, `text3_0`, `text3_1`, `BroadcastTextID3`, `lang3`, `Probability3`, `em3_0`, `em3_1`, `em3_2`, `em3_3`, `em3_4`, `em3_5`, `text4_0`, `text4_1`, `BroadcastTextID4`, `lang4`, `Probability4`, `em4_0`, `em4_1`, `em4_2`, `em4_3`, `em4_4`, `em4_5`, `text5_0`, `text5_1`, `BroadcastTextID5`, `lang5`, `Probability5`, `em5_0`, `em5_1`, `em5_2`, `em5_3`, `em5_4`, `em5_5`, `text6_0`, `text6_1`, `BroadcastTextID6`, `lang6`, `Probability6`, `em6_0`, `em6_1`, `em6_2`, `em6_3`, `em6_4`, `em6_5`, `text7_0`, `text7_1`, `BroadcastTextID7`, `lang7`, `Probability7`, `em7_0`, `em7_1`, `em7_2`, `em7_3`, `em7_4`, `em7_5`) VALUES ('1872521', 'Imported from TC', 'You will find numerous trainers around Dolanaar with ages of experience with which to tutor you.  Which would you have me point you to?', 'You will find numerous trainers around Dolanaar with ages of experience with which to tutor you.  Which would you have me point you to?', '7079', '0', '1', '0', '0', '0', '0', '0', '0', '', '', NULL, '0', '0', '0', '0', '0', '0', '0', '0', '', '', NULL, '0', '0', '0', '0', '0', '0', '0', '0', '', '', NULL, '0', '0', '0', '0', '0', '0', '0', '0', '', '', NULL, '0', '0', '0', '0', '0', '0', '0', '0', '', '', NULL, '0', '0', '0', '0', '0', '0', '0', '0', '', '', NULL, '0', '0', '0', '0', '0', '0', '0', '0', '', '', NULL, '0', '0', '0', '0', '0', '0', '0', '0');
INSERT INTO gossip_menu (`MenuID`, `TextID`) VALUES ('3564', '1872521');
INSERT INTO gossip_text (`ID`, `comment`, `text0_0`, `text0_1`, `BroadcastTextID0`, `lang0`, `Probability0`, `em0_0`, `em0_1`, `em0_2`, `em0_3`, `em0_4`, `em0_5`, `text1_0`, `text1_1`, `BroadcastTextID1`, `lang1`, `Probability1`, `em1_0`, `em1_1`, `em1_2`, `em1_3`, `em1_4`, `em1_5`, `text2_0`, `text2_1`, `BroadcastTextID2`, `lang2`, `Probability2`, `em2_0`, `em2_1`, `em2_2`, `em2_3`, `em2_4`, `em2_5`, `text3_0`, `text3_1`, `BroadcastTextID3`, `lang3`, `Probability3`, `em3_0`, `em3_1`, `em3_2`, `em3_3`, `em3_4`, `em3_5`, `text4_0`, `text4_1`, `BroadcastTextID4`, `lang4`, `Probability4`, `em4_0`, `em4_1`, `em4_2`, `em4_3`, `em4_4`, `em4_5`, `text5_0`, `text5_1`, `BroadcastTextID5`, `lang5`, `Probability5`, `em5_0`, `em5_1`, `em5_2`, `em5_3`, `em5_4`, `em5_5`, `text6_0`, `text6_1`, `BroadcastTextID6`, `lang6`, `Probability6`, `em6_0`, `em6_1`, `em6_2`, `em6_3`, `em6_4`, `em6_5`, `text7_0`, `text7_1`, `BroadcastTextID7`, `lang7`, `Probability7`, `em7_0`, `em7_1`, `em7_2`, `em7_3`, `em7_4`, `em7_5`) VALUES ('1872522', 'Imported from TC', 'You seek the aid of a Druid?  Then you should go see Kal at the Moonwell just south of the Inn in Dolanaar.', 'You seek the aid of a Druid?  Then you should go see Kal at the Moonwell just south of the Inn in Dolanaar.', '7081', '0', '1', '0', '0', '0', '0', '0', '0', 'The druid, Kal, often spends his time at the moonwell in Dolanaar.  I am certain he would be able to provide you with the training you require.', 'The druid, Kal, often spends his time at the moonwell in Dolanaar.  I am certain he would be able to provide you with the training you require.', '7082', '0', '1', '0', '0', '0', '0', '0', '0', '', '', NULL, '0', '0', '0', '0', '0', '0', '0', '0', '', '', NULL, '0', '0', '0', '0', '0', '0', '0', '0', '', '', NULL, '0', '0', '0', '0', '0', '0', '0', '0', '', '', NULL, '0', '0', '0', '0', '0', '0', '0', '0', '', '', NULL, '0', '0', '0', '0', '0', '0', '0', '0', '', '', NULL, '0', '0', '0', '0', '0', '0', '0', '0');
INSERT INTO gossip_menu (`MenuID`, `TextID`) VALUES ('3565', '1872522');
INSERT INTO points_of_interest (`ID`, `PositionX`, `PositionY`, `Icon`, `Flags`, `Importance`, `Name`, `VerifiedBuild`) VALUES ('113', '9741', '963.705', '6', '99', '0', 'Kal', '0');
INSERT INTO gossip_menu_option (`MenuID`, `OptionID`, `OptionIcon`, `OptionText`, `OptionBroadcastTextID`, `OptionType`, `OptionNpcFlag`, `ActionMenuID`, `ActionPoiID`, `BoxCoded`, `BoxMoney`, `BoxText`, `BoxBroadcastTextID`) VALUES ('3564', '0', '0', 'Druid', '45409', '1', '1', '3565', '113', '0', '0', '', NULL);
-- Importing menu 3566 as 57057
INSERT INTO gossip_text (`ID`, `comment`, `text0_0`, `text0_1`, `BroadcastTextID0`, `lang0`, `Probability0`, `em0_0`, `em0_1`, `em0_2`, `em0_3`, `em0_4`, `em0_5`, `text1_0`, `text1_1`, `BroadcastTextID1`, `lang1`, `Probability1`, `em1_0`, `em1_1`, `em1_2`, `em1_3`, `em1_4`, `em1_5`, `text2_0`, `text2_1`, `BroadcastTextID2`, `lang2`, `Probability2`, `em2_0`, `em2_1`, `em2_2`, `em2_3`, `em2_4`, `em2_5`, `text3_0`, `text3_1`, `BroadcastTextID3`, `lang3`, `Probability3`, `em3_0`, `em3_1`, `em3_2`, `em3_3`, `em3_4`, `em3_5`, `text4_0`, `text4_1`, `BroadcastTextID4`, `lang4`, `Probability4`, `em4_0`, `em4_1`, `em4_2`, `em4_3`, `em4_4`, `em4_5`, `text5_0`, `text5_1`, `BroadcastTextID5`, `lang5`, `Probability5`, `em5_0`, `em5_1`, `em5_2`, `em5_3`, `em5_4`, `em5_5`, `text6_0`, `text6_1`, `BroadcastTextID6`, `lang6`, `Probability6`, `em6_0`, `em6_1`, `em6_2`, `em6_3`, `em6_4`, `em6_5`, `text7_0`, `text7_1`, `BroadcastTextID7`, `lang7`, `Probability7`, `em7_0`, `em7_1`, `em7_2`, `em7_3`, `em7_4`, `em7_5`) VALUES ('1872523', 'Imported from TC', 'If a hunter is whom you seek, then it is Dazalar that you should visit.  He can usually be found just outside the Inn in Dolanaar.', 'If a hunter is whom you seek, then it is Dazalar that you should visit.  He can usually be found just outside the Inn in Dolanaar.', '7084', '0', '1', '0', '0', '0', '0', '0', '0', 'Dazalar is well known around Dolanaar for his hunting skill.  Why don\'t you talk to him and see what he can teach you?', 'Dazalar is well known around Dolanaar for his hunting skill.  Why don\'t you talk to him and see what he can teach you?', '7085', '0', '1', '0', '0', '0', '0', '0', '0', '', '', NULL, '0', '0', '0', '0', '0', '0', '0', '0', '', '', NULL, '0', '0', '0', '0', '0', '0', '0', '0', '', '', NULL, '0', '0', '0', '0', '0', '0', '0', '0', '', '', NULL, '0', '0', '0', '0', '0', '0', '0', '0', '', '', NULL, '0', '0', '0', '0', '0', '0', '0', '0', '', '', NULL, '0', '0', '0', '0', '0', '0', '0', '0');
INSERT INTO gossip_menu (`MenuID`, `TextID`) VALUES ('57057', '1872523');
INSERT INTO points_of_interest (`ID`, `PositionX`, `PositionY`, `Icon`, `Flags`, `Importance`, `Name`, `VerifiedBuild`) VALUES ('114', '9815', '926.283', '6', '99', '0', 'Dazalar', '0');
INSERT INTO gossip_menu_option (`MenuID`, `OptionID`, `OptionIcon`, `OptionText`, `OptionBroadcastTextID`, `OptionType`, `OptionNpcFlag`, `ActionMenuID`, `ActionPoiID`, `BoxCoded`, `BoxMoney`, `BoxText`, `BoxBroadcastTextID`) VALUES ('3564', '1', '0', 'Hunter', '50546', '1', '1', '57057', '114', '0', '0', '', NULL);
INSERT INTO gossip_text (`ID`, `comment`, `text0_0`, `text0_1`, `BroadcastTextID0`, `lang0`, `Probability0`, `em0_0`, `em0_1`, `em0_2`, `em0_3`, `em0_4`, `em0_5`, `text1_0`, `text1_1`, `BroadcastTextID1`, `lang1`, `Probability1`, `em1_0`, `em1_1`, `em1_2`, `em1_3`, `em1_4`, `em1_5`, `text2_0`, `text2_1`, `BroadcastTextID2`, `lang2`, `Probability2`, `em2_0`, `em2_1`, `em2_2`, `em2_3`, `em2_4`, `em2_5`, `text3_0`, `text3_1`, `BroadcastTextID3`, `lang3`, `Probability3`, `em3_0`, `em3_1`, `em3_2`, `em3_3`, `em3_4`, `em3_5`, `text4_0`, `text4_1`, `BroadcastTextID4`, `lang4`, `Probability4`, `em4_0`, `em4_1`, `em4_2`, `em4_3`, `em4_4`, `em4_5`, `text5_0`, `text5_1`, `BroadcastTextID5`, `lang5`, `Probability5`, `em5_0`, `em5_1`, `em5_2`, `em5_3`, `em5_4`, `em5_5`, `text6_0`, `text6_1`, `BroadcastTextID6`, `lang6`, `Probability6`, `em6_0`, `em6_1`, `em6_2`, `em6_3`, `em6_4`, `em6_5`, `text7_0`, `text7_1`, `BroadcastTextID7`, `lang7`, `Probability7`, `em7_0`, `em7_1`, `em7_2`, `em7_3`, `em7_4`, `em7_5`) VALUES ('1872524', 'Imported from TC', 'A priestess by the name of Laurna Morninglight calls Dolanaar home.  I believe she can be found just north of the Inn.', 'A priestess by the name of Laurna Morninglight calls Dolanaar home.  I believe she can be found just north of the Inn.', '7087', '0', '1', '0', '0', '0', '0', '0', '0', 'Laurna Morninglight offers healing to those that live around Dolanaar.  Perhaps she would be able to teach you in the ways of a priest.', 'Laurna Morninglight offers healing to those that live around Dolanaar.  Perhaps she would be able to teach you in the ways of a priest.', '7088', '0', '1', '0', '0', '0', '0', '0', '0', '', '', NULL, '0', '0', '0', '0', '0', '0', '0', '0', '', '', NULL, '0', '0', '0', '0', '0', '0', '0', '0', '', '', NULL, '0', '0', '0', '0', '0', '0', '0', '0', '', '', NULL, '0', '0', '0', '0', '0', '0', '0', '0', '', '', NULL, '0', '0', '0', '0', '0', '0', '0', '0', '', '', NULL, '0', '0', '0', '0', '0', '0', '0', '0');
INSERT INTO gossip_menu (`MenuID`, `TextID`) VALUES ('3567', '1872524');
INSERT INTO points_of_interest (`ID`, `PositionX`, `PositionY`, `Icon`, `Flags`, `Importance`, `Name`, `VerifiedBuild`) VALUES ('115', '9906', '986.636', '6', '99', '0', 'Laurna Morninglight', '0');
INSERT INTO gossip_menu_option (`MenuID`, `OptionID`, `OptionIcon`, `OptionText`, `OptionBroadcastTextID`, `OptionType`, `OptionNpcFlag`, `ActionMenuID`, `ActionPoiID`, `BoxCoded`, `BoxMoney`, `BoxText`, `BoxBroadcastTextID`) VALUES ('3564', '2', '0', 'Priest', '45405', '1', '1', '3567', '115', '0', '0', '', NULL);
INSERT INTO gossip_text (`ID`, `comment`, `text0_0`, `text0_1`, `BroadcastTextID0`, `lang0`, `Probability0`, `em0_0`, `em0_1`, `em0_2`, `em0_3`, `em0_4`, `em0_5`, `text1_0`, `text1_1`, `BroadcastTextID1`, `lang1`, `Probability1`, `em1_0`, `em1_1`, `em1_2`, `em1_3`, `em1_4`, `em1_5`, `text2_0`, `text2_1`, `BroadcastTextID2`, `lang2`, `Probability2`, `em2_0`, `em2_1`, `em2_2`, `em2_3`, `em2_4`, `em2_5`, `text3_0`, `text3_1`, `BroadcastTextID3`, `lang3`, `Probability3`, `em3_0`, `em3_1`, `em3_2`, `em3_3`, `em3_4`, `em3_5`, `text4_0`, `text4_1`, `BroadcastTextID4`, `lang4`, `Probability4`, `em4_0`, `em4_1`, `em4_2`, `em4_3`, `em4_4`, `em4_5`, `text5_0`, `text5_1`, `BroadcastTextID5`, `lang5`, `Probability5`, `em5_0`, `em5_1`, `em5_2`, `em5_3`, `em5_4`, `em5_5`, `text6_0`, `text6_1`, `BroadcastTextID6`, `lang6`, `Probability6`, `em6_0`, `em6_1`, `em6_2`, `em6_3`, `em6_4`, `em6_5`, `text7_0`, `text7_1`, `BroadcastTextID7`, `lang7`, `Probability7`, `em7_0`, `em7_1`, `em7_2`, `em7_3`, `em7_4`, `em7_5`) VALUES ('1872525', 'Imported from TC', 'A rogue?  I\'m not in the habit of referring people to those types, but I believe Jannok would be the one you\'re looking for.  You will find him at the Inn in Dolanaar.', 'A rogue?  I\'m not in the habit of referring people to those types, but I believe Jannok would be the one you\'re looking for.  You will find him at the Inn in Dolanaar.', '7090', '0', '1', '0', '0', '0', '0', '0', '0', 'You seek a rogue?  I believe Jannok would fit that description.  Why don\'t you go talk to him over at the Inn in Dolanaar.', 'You seek a rogue?  I believe Jannok would fit that description.  Why don\'t you go talk to him over at the Inn in Dolanaar.', '7091', '0', '1', '0', '0', '0', '0', '0', '0', '', '', NULL, '0', '0', '0', '0', '0', '0', '0', '0', '', '', NULL, '0', '0', '0', '0', '0', '0', '0', '0', '', '', NULL, '0', '0', '0', '0', '0', '0', '0', '0', '', '', NULL, '0', '0', '0', '0', '0', '0', '0', '0', '', '', NULL, '0', '0', '0', '0', '0', '0', '0', '0', '', '', NULL, '0', '0', '0', '0', '0', '0', '0', '0');
INSERT INTO gossip_menu (`MenuID`, `TextID`) VALUES ('3568', '1872525');
INSERT INTO points_of_interest (`ID`, `PositionX`, `PositionY`, `Icon`, `Flags`, `Importance`, `Name`, `VerifiedBuild`) VALUES ('116', '9789', '942.865', '6', '99', '0', 'Jannok Breezesong', '0');
INSERT INTO gossip_menu_option (`MenuID`, `OptionID`, `OptionIcon`, `OptionText`, `OptionBroadcastTextID`, `OptionType`, `OptionNpcFlag`, `ActionMenuID`, `ActionPoiID`, `BoxCoded`, `BoxMoney`, `BoxText`, `BoxBroadcastTextID`) VALUES ('3564', '3', '0', 'Rogue', '45406', '1', '1', '3568', '116', '0', '0', '', NULL);
INSERT INTO gossip_text (`ID`, `comment`, `text0_0`, `text0_1`, `BroadcastTextID0`, `lang0`, `Probability0`, `em0_0`, `em0_1`, `em0_2`, `em0_3`, `em0_4`, `em0_5`, `text1_0`, `text1_1`, `BroadcastTextID1`, `lang1`, `Probability1`, `em1_0`, `em1_1`, `em1_2`, `em1_3`, `em1_4`, `em1_5`, `text2_0`, `text2_1`, `BroadcastTextID2`, `lang2`, `Probability2`, `em2_0`, `em2_1`, `em2_2`, `em2_3`, `em2_4`, `em2_5`, `text3_0`, `text3_1`, `BroadcastTextID3`, `lang3`, `Probability3`, `em3_0`, `em3_1`, `em3_2`, `em3_3`, `em3_4`, `em3_5`, `text4_0`, `text4_1`, `BroadcastTextID4`, `lang4`, `Probability4`, `em4_0`, `em4_1`, `em4_2`, `em4_3`, `em4_4`, `em4_5`, `text5_0`, `text5_1`, `BroadcastTextID5`, `lang5`, `Probability5`, `em5_0`, `em5_1`, `em5_2`, `em5_3`, `em5_4`, `em5_5`, `text6_0`, `text6_1`, `BroadcastTextID6`, `lang6`, `Probability6`, `em6_0`, `em6_1`, `em6_2`, `em6_3`, `em6_4`, `em6_5`, `text7_0`, `text7_1`, `BroadcastTextID7`, `lang7`, `Probability7`, `em7_0`, `em7_1`, `em7_2`, `em7_3`, `em7_4`, `em7_5`) VALUES ('1872526', 'Imported from TC', 'Kyra Windblade wields her blade with great skill.  She should be able to provide you with some training.  You\'ll find her at the Inn in Dolanaar.', 'Kyra Windblade wields her blade with great skill.  She should be able to provide you with some training.  You\'ll find her at the Inn in Dolanaar.', '7093', '0', '1', '0', '0', '0', '0', '0', '0', 'I had the pleasure of seeing Kyra Windblade in combat once.  Considering what I witnessed, I am confident she will train you well.  Look for her at the Inn in Dolanaar.', 'I had the pleasure of seeing Kyra Windblade in combat once.  Considering what I witnessed, I am confident she will train you well.  Look for her at the Inn in Dolanaar.', '7094', '0', '1', '0', '0', '0', '0', '0', '0', '', '', NULL, '0', '0', '0', '0', '0', '0', '0', '0', '', '', NULL, '0', '0', '0', '0', '0', '0', '0', '0', '', '', NULL, '0', '0', '0', '0', '0', '0', '0', '0', '', '', NULL, '0', '0', '0', '0', '0', '0', '0', '0', '', '', NULL, '0', '0', '0', '0', '0', '0', '0', '0', '', '', NULL, '0', '0', '0', '0', '0', '0', '0', '0');
INSERT INTO gossip_menu (`MenuID`, `TextID`) VALUES ('3569', '1872526');
INSERT INTO points_of_interest (`ID`, `PositionX`, `PositionY`, `Icon`, `Flags`, `Importance`, `Name`, `VerifiedBuild`) VALUES ('117', '9821', '950.616', '6', '99', '0', 'Kyra Windblade', '0');
INSERT INTO gossip_menu_option (`MenuID`, `OptionID`, `OptionIcon`, `OptionText`, `OptionBroadcastTextID`, `OptionType`, `OptionNpcFlag`, `ActionMenuID`, `ActionPoiID`, `BoxCoded`, `BoxMoney`, `BoxText`, `BoxBroadcastTextID`) VALUES ('3564', '4', '0', 'Warrior', '45408', '1', '1', '3569', '117', '0', '0', '', NULL);
INSERT INTO gossip_menu_option (`MenuID`, `OptionID`, `OptionIcon`, `OptionText`, `OptionBroadcastTextID`, `OptionType`, `OptionNpcFlag`, `ActionMenuID`, `ActionPoiID`, `BoxCoded`, `BoxMoney`, `BoxText`, `BoxBroadcastTextID`) VALUES ('3580', '5', '0', 'Class Trainer', '45378', '1', '1', '3564', NULL, '0', '0', '', NULL);
INSERT INTO gossip_text (`ID`, `comment`, `text0_0`, `text0_1`, `BroadcastTextID0`, `lang0`, `Probability0`, `em0_0`, `em0_1`, `em0_2`, `em0_3`, `em0_4`, `em0_5`, `text1_0`, `text1_1`, `BroadcastTextID1`, `lang1`, `Probability1`, `em1_0`, `em1_1`, `em1_2`, `em1_3`, `em1_4`, `em1_5`, `text2_0`, `text2_1`, `BroadcastTextID2`, `lang2`, `Probability2`, `em2_0`, `em2_1`, `em2_2`, `em2_3`, `em2_4`, `em2_5`, `text3_0`, `text3_1`, `BroadcastTextID3`, `lang3`, `Probability3`, `em3_0`, `em3_1`, `em3_2`, `em3_3`, `em3_4`, `em3_5`, `text4_0`, `text4_1`, `BroadcastTextID4`, `lang4`, `Probability4`, `em4_0`, `em4_1`, `em4_2`, `em4_3`, `em4_4`, `em4_5`, `text5_0`, `text5_1`, `BroadcastTextID5`, `lang5`, `Probability5`, `em5_0`, `em5_1`, `em5_2`, `em5_3`, `em5_4`, `em5_5`, `text6_0`, `text6_1`, `BroadcastTextID6`, `lang6`, `Probability6`, `em6_0`, `em6_1`, `em6_2`, `em6_3`, `em6_4`, `em6_5`, `text7_0`, `text7_1`, `BroadcastTextID7`, `lang7`, `Probability7`, `em7_0`, `em7_1`, `em7_2`, `em7_3`, `em7_4`, `em7_5`) VALUES ('1872527', 'Imported from TC', 'The path of those who undertake a profession is long and rewarding.  Which path do you choose to walk?', 'The path of those who undertake a profession is long and rewarding.  Which path do you choose to walk?', '7096', '0', '1', '0', '0', '0', '0', '0', '0', '', '', NULL, '0', '0', '0', '0', '0', '0', '0', '0', '', '', NULL, '0', '0', '0', '0', '0', '0', '0', '0', '', '', NULL, '0', '0', '0', '0', '0', '0', '0', '0', '', '', NULL, '0', '0', '0', '0', '0', '0', '0', '0', '', '', NULL, '0', '0', '0', '0', '0', '0', '0', '0', '', '', NULL, '0', '0', '0', '0', '0', '0', '0', '0', '', '', NULL, '0', '0', '0', '0', '0', '0', '0', '0');
INSERT INTO gossip_menu (`MenuID`, `TextID`) VALUES ('3572', '1872527');
INSERT INTO gossip_text (`ID`, `comment`, `text0_0`, `text0_1`, `BroadcastTextID0`, `lang0`, `Probability0`, `em0_0`, `em0_1`, `em0_2`, `em0_3`, `em0_4`, `em0_5`, `text1_0`, `text1_1`, `BroadcastTextID1`, `lang1`, `Probability1`, `em1_0`, `em1_1`, `em1_2`, `em1_3`, `em1_4`, `em1_5`, `text2_0`, `text2_1`, `BroadcastTextID2`, `lang2`, `Probability2`, `em2_0`, `em2_1`, `em2_2`, `em2_3`, `em2_4`, `em2_5`, `text3_0`, `text3_1`, `BroadcastTextID3`, `lang3`, `Probability3`, `em3_0`, `em3_1`, `em3_2`, `em3_3`, `em3_4`, `em3_5`, `text4_0`, `text4_1`, `BroadcastTextID4`, `lang4`, `Probability4`, `em4_0`, `em4_1`, `em4_2`, `em4_3`, `em4_4`, `em4_5`, `text5_0`, `text5_1`, `BroadcastTextID5`, `lang5`, `Probability5`, `em5_0`, `em5_1`, `em5_2`, `em5_3`, `em5_4`, `em5_5`, `text6_0`, `text6_1`, `BroadcastTextID6`, `lang6`, `Probability6`, `em6_0`, `em6_1`, `em6_2`, `em6_3`, `em6_4`, `em6_5`, `text7_0`, `text7_1`, `BroadcastTextID7`, `lang7`, `Probability7`, `em7_0`, `em7_1`, `em7_2`, `em7_3`, `em7_4`, `em7_5`) VALUES ('1872528', 'Imported from TC', 'While Cyndra is not bubbly like her potions, her kind manner is suitable for teaching her trade.  You can find her just east of the Inn in Dolanaar.', 'While Cyndra is not bubbly like her potions, her kind manner is suitable for teaching her trade.  You can find her just east of the Inn in Dolanaar.', '7098', '0', '1', '0', '0', '0', '0', '0', '0', 'Cyndra\'s knowledge in alchemy is somewhat limited, but I\'m sure it would be sufficient to get you started.  She practices her craft just east of the Inn in Dolanaar.', 'Cyndra\'s knowledge in alchemy is somewhat limited, but I\'m sure it would be sufficient to get you started.  She practices her craft just east of the Inn in Dolanaar.', '7099', '0', '1', '0', '0', '0', '0', '0', '0', '', '', NULL, '0', '0', '0', '0', '0', '0', '0', '0', '', '', NULL, '0', '0', '0', '0', '0', '0', '0', '0', '', '', NULL, '0', '0', '0', '0', '0', '0', '0', '0', '', '', NULL, '0', '0', '0', '0', '0', '0', '0', '0', '', '', NULL, '0', '0', '0', '0', '0', '0', '0', '0', '', '', NULL, '0', '0', '0', '0', '0', '0', '0', '0');
INSERT INTO gossip_menu (`MenuID`, `TextID`) VALUES ('3570', '1872528');
INSERT INTO points_of_interest (`ID`, `PositionX`, `PositionY`, `Icon`, `Flags`, `Importance`, `Name`, `VerifiedBuild`) VALUES ('118', '9767', '878.817', '6', '99', '0', 'Cyndra Kindwhisper', '0');
INSERT INTO gossip_menu_option (`MenuID`, `OptionID`, `OptionIcon`, `OptionText`, `OptionBroadcastTextID`, `OptionType`, `OptionNpcFlag`, `ActionMenuID`, `ActionPoiID`, `BoxCoded`, `BoxMoney`, `BoxText`, `BoxBroadcastTextID`) VALUES ('3572', '0', '0', 'Alchemy', '52058', '1', '1', '3570', '118', '0', '0', '', NULL);
INSERT INTO gossip_text (`ID`, `comment`, `text0_0`, `text0_1`, `BroadcastTextID0`, `lang0`, `Probability0`, `em0_0`, `em0_1`, `em0_2`, `em0_3`, `em0_4`, `em0_5`, `text1_0`, `text1_1`, `BroadcastTextID1`, `lang1`, `Probability1`, `em1_0`, `em1_1`, `em1_2`, `em1_3`, `em1_4`, `em1_5`, `text2_0`, `text2_1`, `BroadcastTextID2`, `lang2`, `Probability2`, `em2_0`, `em2_1`, `em2_2`, `em2_3`, `em2_4`, `em2_5`, `text3_0`, `text3_1`, `BroadcastTextID3`, `lang3`, `Probability3`, `em3_0`, `em3_1`, `em3_2`, `em3_3`, `em3_4`, `em3_5`, `text4_0`, `text4_1`, `BroadcastTextID4`, `lang4`, `Probability4`, `em4_0`, `em4_1`, `em4_2`, `em4_3`, `em4_4`, `em4_5`, `text5_0`, `text5_1`, `BroadcastTextID5`, `lang5`, `Probability5`, `em5_0`, `em5_1`, `em5_2`, `em5_3`, `em5_4`, `em5_5`, `text6_0`, `text6_1`, `BroadcastTextID6`, `lang6`, `Probability6`, `em6_0`, `em6_1`, `em6_2`, `em6_3`, `em6_4`, `em6_5`, `text7_0`, `text7_1`, `BroadcastTextID7`, `lang7`, `Probability7`, `em7_0`, `em7_1`, `em7_2`, `em7_3`, `em7_4`, `em7_5`) VALUES ('1872529', 'Imported from TC', 'Zarrin seems to have a good knowledge of the cooking trade.  Why don\'t you go see if he will show you some recipes?  He is usually cooking over by the Inn in Dolanaar.', 'Zarrin seems to have a good knowledge of the cooking trade.  Why don\'t you go see if he will show you some recipes?  He is usually cooking over by the Inn in Dolanaar.', '7101', '0', '1', '0', '0', '0', '0', '0', '0', 'We could certainly use another cook around Dolanaar, not that Zarrin\'s cooking is lacking mind you.  Why don\'t you go see what he can teach you?', 'We could certainly use another cook around Dolanaar, not that Zarrin\'s cooking is lacking mind you.  Why don\'t you go see what he can teach you?', '7102', '0', '1', '0', '0', '0', '0', '0', '0', '', '', NULL, '0', '0', '0', '0', '0', '0', '0', '0', '', '', NULL, '0', '0', '0', '0', '0', '0', '0', '0', '', '', NULL, '0', '0', '0', '0', '0', '0', '0', '0', '', '', NULL, '0', '0', '0', '0', '0', '0', '0', '0', '', '', NULL, '0', '0', '0', '0', '0', '0', '0', '0', '', '', NULL, '0', '0', '0', '0', '0', '0', '0', '0');
INSERT INTO gossip_menu (`MenuID`, `TextID`) VALUES ('3571', '1872529');
INSERT INTO points_of_interest (`ID`, `PositionX`, `PositionY`, `Icon`, `Flags`, `Importance`, `Name`, `VerifiedBuild`) VALUES ('119', '9751', '906.132', '6', '99', '0', 'Zarrin', '0');
INSERT INTO gossip_menu_option (`MenuID`, `OptionID`, `OptionIcon`, `OptionText`, `OptionBroadcastTextID`, `OptionType`, `OptionNpcFlag`, `ActionMenuID`, `ActionPoiID`, `BoxCoded`, `BoxMoney`, `BoxText`, `BoxBroadcastTextID`) VALUES ('3572', '1', '0', 'Cooking', '45763', '1', '1', '3571', '119', '0', '0', '', NULL);
-- Importing menu 3573 as 57058
INSERT INTO gossip_text (`ID`, `comment`, `text0_0`, `text0_1`, `BroadcastTextID0`, `lang0`, `Probability0`, `em0_0`, `em0_1`, `em0_2`, `em0_3`, `em0_4`, `em0_5`, `text1_0`, `text1_1`, `BroadcastTextID1`, `lang1`, `Probability1`, `em1_0`, `em1_1`, `em1_2`, `em1_3`, `em1_4`, `em1_5`, `text2_0`, `text2_1`, `BroadcastTextID2`, `lang2`, `Probability2`, `em2_0`, `em2_1`, `em2_2`, `em2_3`, `em2_4`, `em2_5`, `text3_0`, `text3_1`, `BroadcastTextID3`, `lang3`, `Probability3`, `em3_0`, `em3_1`, `em3_2`, `em3_3`, `em3_4`, `em3_5`, `text4_0`, `text4_1`, `BroadcastTextID4`, `lang4`, `Probability4`, `em4_0`, `em4_1`, `em4_2`, `em4_3`, `em4_4`, `em4_5`, `text5_0`, `text5_1`, `BroadcastTextID5`, `lang5`, `Probability5`, `em5_0`, `em5_1`, `em5_2`, `em5_3`, `em5_4`, `em5_5`, `text6_0`, `text6_1`, `BroadcastTextID6`, `lang6`, `Probability6`, `em6_0`, `em6_1`, `em6_2`, `em6_3`, `em6_4`, `em6_5`, `text7_0`, `text7_1`, `BroadcastTextID7`, `lang7`, `Probability7`, `em7_0`, `em7_1`, `em7_2`, `em7_3`, `em7_4`, `em7_5`) VALUES ('1872530', 'Imported from TC', 'Alanna Raveneye attributes part of her talent in enchanting to her communion with the spirits at the Oracle Glade.  You should be able to find her there now.', 'Alanna Raveneye attributes part of her talent in enchanting to her communion with the spirits at the Oracle Glade.  You should be able to find her there now.', '7104', '0', '1', '0', '0', '0', '0', '0', '0', 'Alanna spends most of her day at the Oracle Glade where she practices her profession.  Should you wish to learn the Enchanter\'s profession you will need to go there to find her.', 'Alanna spends most of her day at the Oracle Glade where she practices her profession.  Should you wish to learn the Enchanter\'s profession you will need to go there to find her.', '7105', '0', '1', '0', '0', '0', '0', '0', '0', '', '', NULL, '0', '0', '0', '0', '0', '0', '0', '0', '', '', NULL, '0', '0', '0', '0', '0', '0', '0', '0', '', '', NULL, '0', '0', '0', '0', '0', '0', '0', '0', '', '', NULL, '0', '0', '0', '0', '0', '0', '0', '0', '', '', NULL, '0', '0', '0', '0', '0', '0', '0', '0', '', '', NULL, '0', '0', '0', '0', '0', '0', '0', '0');
INSERT INTO gossip_menu (`MenuID`, `TextID`) VALUES ('57058', '1872530');
INSERT INTO points_of_interest (`ID`, `PositionX`, `PositionY`, `Icon`, `Flags`, `Importance`, `Name`, `VerifiedBuild`) VALUES ('120', '10677', '1946.56', '6', '99', '0', 'Alanna Raveneye', '0');
INSERT INTO gossip_menu_option (`MenuID`, `OptionID`, `OptionIcon`, `OptionText`, `OptionBroadcastTextID`, `OptionType`, `OptionNpcFlag`, `ActionMenuID`, `ActionPoiID`, `BoxCoded`, `BoxMoney`, `BoxText`, `BoxBroadcastTextID`) VALUES ('3572', '2', '0', 'Enchanting', '52063', '1', '1', '57058', '120', '0', '0', '', NULL);
INSERT INTO gossip_text (`ID`, `comment`, `text0_0`, `text0_1`, `BroadcastTextID0`, `lang0`, `Probability0`, `em0_0`, `em0_1`, `em0_2`, `em0_3`, `em0_4`, `em0_5`, `text1_0`, `text1_1`, `BroadcastTextID1`, `lang1`, `Probability1`, `em1_0`, `em1_1`, `em1_2`, `em1_3`, `em1_4`, `em1_5`, `text2_0`, `text2_1`, `BroadcastTextID2`, `lang2`, `Probability2`, `em2_0`, `em2_1`, `em2_2`, `em2_3`, `em2_4`, `em2_5`, `text3_0`, `text3_1`, `BroadcastTextID3`, `lang3`, `Probability3`, `em3_0`, `em3_1`, `em3_2`, `em3_3`, `em3_4`, `em3_5`, `text4_0`, `text4_1`, `BroadcastTextID4`, `lang4`, `Probability4`, `em4_0`, `em4_1`, `em4_2`, `em4_3`, `em4_4`, `em4_5`, `text5_0`, `text5_1`, `BroadcastTextID5`, `lang5`, `Probability5`, `em5_0`, `em5_1`, `em5_2`, `em5_3`, `em5_4`, `em5_5`, `text6_0`, `text6_1`, `BroadcastTextID6`, `lang6`, `Probability6`, `em6_0`, `em6_1`, `em6_2`, `em6_3`, `em6_4`, `em6_5`, `text7_0`, `text7_1`, `BroadcastTextID7`, `lang7`, `Probability7`, `em7_0`, `em7_1`, `em7_2`, `em7_3`, `em7_4`, `em7_5`) VALUES ('1872531', 'Imported from TC', 'Byancie has often lent her services to the sentinels who patrol the local wilds.  You should talk to her if you desire to learn First Aid.', 'Byancie has often lent her services to the sentinels who patrol the local wilds.  You should talk to her if you desire to learn First Aid.', '7107', '0', '1', '0', '0', '0', '0', '0', '0', 'Byancie\'s skill in First Aid has proven useful on numerous occasions.  You can find her just north of the Inn in Dolanaar if you wish to learn from her.', 'Byancie\'s skill in First Aid has proven useful on numerous occasions.  You can find her just north of the Inn in Dolanaar if you wish to learn from her.', '7108', '0', '1', '0', '0', '0', '0', '0', '0', '', '', NULL, '0', '0', '0', '0', '0', '0', '0', '0', '', '', NULL, '0', '0', '0', '0', '0', '0', '0', '0', '', '', NULL, '0', '0', '0', '0', '0', '0', '0', '0', '', '', NULL, '0', '0', '0', '0', '0', '0', '0', '0', '', '', NULL, '0', '0', '0', '0', '0', '0', '0', '0', '', '', NULL, '0', '0', '0', '0', '0', '0', '0', '0');
INSERT INTO gossip_menu (`MenuID`, `TextID`) VALUES ('3574', '1872531');
INSERT INTO points_of_interest (`ID`, `PositionX`, `PositionY`, `Icon`, `Flags`, `Importance`, `Name`, `VerifiedBuild`) VALUES ('121', '9903', '999.095', '6', '99', '0', 'Byancie', '0');
INSERT INTO gossip_menu_option (`MenuID`, `OptionID`, `OptionIcon`, `OptionText`, `OptionBroadcastTextID`, `OptionType`, `OptionNpcFlag`, `ActionMenuID`, `ActionPoiID`, `BoxCoded`, `BoxMoney`, `BoxText`, `BoxBroadcastTextID`) VALUES ('3572', '3', '0', 'First Aid', '52066', '1', '1', '3574', '121', '0', '0', '', NULL);
INSERT INTO gossip_text (`ID`, `comment`, `text0_0`, `text0_1`, `BroadcastTextID0`, `lang0`, `Probability0`, `em0_0`, `em0_1`, `em0_2`, `em0_3`, `em0_4`, `em0_5`, `text1_0`, `text1_1`, `BroadcastTextID1`, `lang1`, `Probability1`, `em1_0`, `em1_1`, `em1_2`, `em1_3`, `em1_4`, `em1_5`, `text2_0`, `text2_1`, `BroadcastTextID2`, `lang2`, `Probability2`, `em2_0`, `em2_1`, `em2_2`, `em2_3`, `em2_4`, `em2_5`, `text3_0`, `text3_1`, `BroadcastTextID3`, `lang3`, `Probability3`, `em3_0`, `em3_1`, `em3_2`, `em3_3`, `em3_4`, `em3_5`, `text4_0`, `text4_1`, `BroadcastTextID4`, `lang4`, `Probability4`, `em4_0`, `em4_1`, `em4_2`, `em4_3`, `em4_4`, `em4_5`, `text5_0`, `text5_1`, `BroadcastTextID5`, `lang5`, `Probability5`, `em5_0`, `em5_1`, `em5_2`, `em5_3`, `em5_4`, `em5_5`, `text6_0`, `text6_1`, `BroadcastTextID6`, `lang6`, `Probability6`, `em6_0`, `em6_1`, `em6_2`, `em6_3`, `em6_4`, `em6_5`, `text7_0`, `text7_1`, `BroadcastTextID7`, `lang7`, `Probability7`, `em7_0`, `em7_1`, `em7_2`, `em7_3`, `em7_4`, `em7_5`) VALUES ('1872532', 'Imported from TC', 'All the fisherman have moved to Darnassus with the recent attacks around Lake Al\'Ameth.  You should try looking for someone to train you there.', 'All the fisherman have moved to Darnassus with the recent attacks around Lake Al\'Ameth.  You should try looking for someone to train you there.', '7110', '0', '1', '0', '0', '0', '0', '0', '0', 'The Timberlings have made it too difficult for the fishermen to catch anything around Dolanaar.  You best look for someone to train you in Darnassus.', 'The Timberlings have made it too difficult for the fishermen to catch anything around Dolanaar.  You best look for someone to train you in Darnassus.', '7111', '0', '1', '0', '0', '0', '0', '0', '0', '', '', NULL, '0', '0', '0', '0', '0', '0', '0', '0', '', '', NULL, '0', '0', '0', '0', '0', '0', '0', '0', '', '', NULL, '0', '0', '0', '0', '0', '0', '0', '0', '', '', NULL, '0', '0', '0', '0', '0', '0', '0', '0', '', '', NULL, '0', '0', '0', '0', '0', '0', '0', '0', '', '', NULL, '0', '0', '0', '0', '0', '0', '0', '0');
INSERT INTO gossip_menu (`MenuID`, `TextID`) VALUES ('3575', '1872532');
INSERT INTO gossip_menu_option (`MenuID`, `OptionID`, `OptionIcon`, `OptionText`, `OptionBroadcastTextID`, `OptionType`, `OptionNpcFlag`, `ActionMenuID`, `ActionPoiID`, `BoxCoded`, `BoxMoney`, `BoxText`, `BoxBroadcastTextID`) VALUES ('3572', '4', '0', 'Fishing', '45767', '1', '1', '3575', NULL, '0', '0', '', NULL);
INSERT INTO gossip_text (`ID`, `comment`, `text0_0`, `text0_1`, `BroadcastTextID0`, `lang0`, `Probability0`, `em0_0`, `em0_1`, `em0_2`, `em0_3`, `em0_4`, `em0_5`, `text1_0`, `text1_1`, `BroadcastTextID1`, `lang1`, `Probability1`, `em1_0`, `em1_1`, `em1_2`, `em1_3`, `em1_4`, `em1_5`, `text2_0`, `text2_1`, `BroadcastTextID2`, `lang2`, `Probability2`, `em2_0`, `em2_1`, `em2_2`, `em2_3`, `em2_4`, `em2_5`, `text3_0`, `text3_1`, `BroadcastTextID3`, `lang3`, `Probability3`, `em3_0`, `em3_1`, `em3_2`, `em3_3`, `em3_4`, `em3_5`, `text4_0`, `text4_1`, `BroadcastTextID4`, `lang4`, `Probability4`, `em4_0`, `em4_1`, `em4_2`, `em4_3`, `em4_4`, `em4_5`, `text5_0`, `text5_1`, `BroadcastTextID5`, `lang5`, `Probability5`, `em5_0`, `em5_1`, `em5_2`, `em5_3`, `em5_4`, `em5_5`, `text6_0`, `text6_1`, `BroadcastTextID6`, `lang6`, `Probability6`, `em6_0`, `em6_1`, `em6_2`, `em6_3`, `em6_4`, `em6_5`, `text7_0`, `text7_1`, `BroadcastTextID7`, `lang7`, `Probability7`, `em7_0`, `em7_1`, `em7_2`, `em7_3`, `em7_4`, `em7_5`) VALUES ('1872533', 'Imported from TC', 'Malorne somehow manages to pick the most delicate herbs without damaging them.  Certainly he is the one you should learn from.  He lives just east of the Inn in Dolanaar.', 'Malorne somehow manages to pick the most delicate herbs without damaging them.  Certainly he is the one you should learn from.  He lives just east of the Inn in Dolanaar.', '7113', '0', '1', '0', '0', '0', '0', '0', '0', 'Herbalism requires a gentle touch that few such as Malorne can teach.  Seek him out east of the Inn in Dolanaar.', 'Herbalism requires a gentle touch that few such as Malorne can teach.  Seek him out east of the Inn in Dolanaar.', '7114', '0', '1', '0', '0', '0', '0', '0', '0', '', '', NULL, '0', '0', '0', '0', '0', '0', '0', '0', '', '', NULL, '0', '0', '0', '0', '0', '0', '0', '0', '', '', NULL, '0', '0', '0', '0', '0', '0', '0', '0', '', '', NULL, '0', '0', '0', '0', '0', '0', '0', '0', '', '', NULL, '0', '0', '0', '0', '0', '0', '0', '0', '', '', NULL, '0', '0', '0', '0', '0', '0', '0', '0');
INSERT INTO gossip_menu (`MenuID`, `TextID`) VALUES ('3576', '1872533');
INSERT INTO points_of_interest (`ID`, `PositionX`, `PositionY`, `Icon`, `Flags`, `Importance`, `Name`, `VerifiedBuild`) VALUES ('122', '9773', '875.884', '6', '99', '0', 'Malorne Bladeleaf', '0');
INSERT INTO gossip_menu_option (`MenuID`, `OptionID`, `OptionIcon`, `OptionText`, `OptionBroadcastTextID`, `OptionType`, `OptionNpcFlag`, `ActionMenuID`, `ActionPoiID`, `BoxCoded`, `BoxMoney`, `BoxText`, `BoxBroadcastTextID`) VALUES ('3572', '5', '0', 'Herbalism', '45768', '1', '1', '3576', '122', '0', '0', '', NULL);
-- Menu 10015 is already imported
-- POI 107 is already imported
INSERT INTO gossip_menu_option (`MenuID`, `OptionID`, `OptionIcon`, `OptionText`, `OptionBroadcastTextID`, `OptionType`, `OptionNpcFlag`, `ActionMenuID`, `ActionPoiID`, `BoxCoded`, `BoxMoney`, `BoxText`, `BoxBroadcastTextID`, `patch_min`) VALUES ('3572', '6', '0', 'Inscription', '48811', '1', '1', '10015', '107', '0', '0', '', NULL, '5');
INSERT INTO gossip_text (`ID`, `comment`, `text0_0`, `text0_1`, `BroadcastTextID0`, `lang0`, `Probability0`, `em0_0`, `em0_1`, `em0_2`, `em0_3`, `em0_4`, `em0_5`, `text1_0`, `text1_1`, `BroadcastTextID1`, `lang1`, `Probability1`, `em1_0`, `em1_1`, `em1_2`, `em1_3`, `em1_4`, `em1_5`, `text2_0`, `text2_1`, `BroadcastTextID2`, `lang2`, `Probability2`, `em2_0`, `em2_1`, `em2_2`, `em2_3`, `em2_4`, `em2_5`, `text3_0`, `text3_1`, `BroadcastTextID3`, `lang3`, `Probability3`, `em3_0`, `em3_1`, `em3_2`, `em3_3`, `em3_4`, `em3_5`, `text4_0`, `text4_1`, `BroadcastTextID4`, `lang4`, `Probability4`, `em4_0`, `em4_1`, `em4_2`, `em4_3`, `em4_4`, `em4_5`, `text5_0`, `text5_1`, `BroadcastTextID5`, `lang5`, `Probability5`, `em5_0`, `em5_1`, `em5_2`, `em5_3`, `em5_4`, `em5_5`, `text6_0`, `text6_1`, `BroadcastTextID6`, `lang6`, `Probability6`, `em6_0`, `em6_1`, `em6_2`, `em6_3`, `em6_4`, `em6_5`, `text7_0`, `text7_1`, `BroadcastTextID7`, `lang7`, `Probability7`, `em7_0`, `em7_1`, `em7_2`, `em7_3`, `em7_4`, `em7_5`) VALUES ('1872534', 'Imported from TC', 'The Maneweavers practice their professions out of their home on the road to Darnassus.  Nadyia is an excellent teacher when it comes to Leatherworking.  You should see what she can teach you.', 'The Maneweavers practice their professions out of their home on the road to Darnassus.  Nadyia is an excellent teacher when it comes to Leatherworking.  You should see what she can teach you.', '7116', '0', '1', '0', '0', '0', '0', '0', '0', 'Nadyia has made quite the leatherworker in her years of practice.  Travel west on the road to Darnassus to pay her a visit and maybe she can bestow some of her knowledge upon you.', 'Nadyia has made quite the leatherworker in her years of practice.  Travel west on the road to Darnassus to pay her a visit and maybe she can bestow some of her knowledge upon you.', '7117', '0', '1', '0', '0', '0', '0', '0', '0', '', '', NULL, '0', '0', '0', '0', '0', '0', '0', '0', '', '', NULL, '0', '0', '0', '0', '0', '0', '0', '0', '', '', NULL, '0', '0', '0', '0', '0', '0', '0', '0', '', '', NULL, '0', '0', '0', '0', '0', '0', '0', '0', '', '', NULL, '0', '0', '0', '0', '0', '0', '0', '0', '', '', NULL, '0', '0', '0', '0', '0', '0', '0', '0');
INSERT INTO gossip_menu (`MenuID`, `TextID`) VALUES ('3577', '1872534');
INSERT INTO points_of_interest (`ID`, `PositionX`, `PositionY`, `Icon`, `Flags`, `Importance`, `Name`, `VerifiedBuild`) VALUES ('123', '10152', '1681.47', '6', '99', '0', 'Nadyia Maneweaver', '0');
INSERT INTO gossip_menu_option (`MenuID`, `OptionID`, `OptionIcon`, `OptionText`, `OptionBroadcastTextID`, `OptionType`, `OptionNpcFlag`, `ActionMenuID`, `ActionPoiID`, `BoxCoded`, `BoxMoney`, `BoxText`, `BoxBroadcastTextID`) VALUES ('3572', '7', '0', 'Leatherworking', '52071', '1', '1', '3577', '123', '0', '0', '', NULL);
INSERT INTO gossip_text (`ID`, `comment`, `text0_0`, `text0_1`, `BroadcastTextID0`, `lang0`, `Probability0`, `em0_0`, `em0_1`, `em0_2`, `em0_3`, `em0_4`, `em0_5`, `text1_0`, `text1_1`, `BroadcastTextID1`, `lang1`, `Probability1`, `em1_0`, `em1_1`, `em1_2`, `em1_3`, `em1_4`, `em1_5`, `text2_0`, `text2_1`, `BroadcastTextID2`, `lang2`, `Probability2`, `em2_0`, `em2_1`, `em2_2`, `em2_3`, `em2_4`, `em2_5`, `text3_0`, `text3_1`, `BroadcastTextID3`, `lang3`, `Probability3`, `em3_0`, `em3_1`, `em3_2`, `em3_3`, `em3_4`, `em3_5`, `text4_0`, `text4_1`, `BroadcastTextID4`, `lang4`, `Probability4`, `em4_0`, `em4_1`, `em4_2`, `em4_3`, `em4_4`, `em4_5`, `text5_0`, `text5_1`, `BroadcastTextID5`, `lang5`, `Probability5`, `em5_0`, `em5_1`, `em5_2`, `em5_3`, `em5_4`, `em5_5`, `text6_0`, `text6_1`, `BroadcastTextID6`, `lang6`, `Probability6`, `em6_0`, `em6_1`, `em6_2`, `em6_3`, `em6_4`, `em6_5`, `text7_0`, `text7_1`, `BroadcastTextID7`, `lang7`, `Probability7`, `em7_0`, `em7_1`, `em7_2`, `em7_3`, `em7_4`, `em7_5`) VALUES ('1872535', 'Imported from TC', 'You can find Radnaal practicing his craft outside his home on the road to Darnassus.  You should stop by and see what he can teach you.', 'You can find Radnaal practicing his craft outside his home on the road to Darnassus.  You should stop by and see what he can teach you.', '7120', '0', '1', '0', '0', '0', '0', '0', '0', '', '', NULL, '0', '0', '0', '0', '0', '0', '0', '0', '', '', NULL, '0', '0', '0', '0', '0', '0', '0', '0', '', '', NULL, '0', '0', '0', '0', '0', '0', '0', '0', '', '', NULL, '0', '0', '0', '0', '0', '0', '0', '0', '', '', NULL, '0', '0', '0', '0', '0', '0', '0', '0', '', '', NULL, '0', '0', '0', '0', '0', '0', '0', '0', '', '', NULL, '0', '0', '0', '0', '0', '0', '0', '0');
INSERT INTO gossip_menu (`MenuID`, `TextID`) VALUES ('3578', '1872535');
INSERT INTO points_of_interest (`ID`, `PositionX`, `PositionY`, `Icon`, `Flags`, `Importance`, `Name`, `VerifiedBuild`) VALUES ('124', '10135', '1673.18', '6', '99', '0', 'Radnaal Maneweaver', '0');
INSERT INTO gossip_menu_option (`MenuID`, `OptionID`, `OptionIcon`, `OptionText`, `OptionBroadcastTextID`, `OptionType`, `OptionNpcFlag`, `ActionMenuID`, `ActionPoiID`, `BoxCoded`, `BoxMoney`, `BoxText`, `BoxBroadcastTextID`) VALUES ('3572', '8', '0', 'Skinning', '52076', '1', '1', '3578', '124', '0', '0', '', NULL);
INSERT INTO gossip_text (`ID`, `comment`, `text0_0`, `text0_1`, `BroadcastTextID0`, `lang0`, `Probability0`, `em0_0`, `em0_1`, `em0_2`, `em0_3`, `em0_4`, `em0_5`, `text1_0`, `text1_1`, `BroadcastTextID1`, `lang1`, `Probability1`, `em1_0`, `em1_1`, `em1_2`, `em1_3`, `em1_4`, `em1_5`, `text2_0`, `text2_1`, `BroadcastTextID2`, `lang2`, `Probability2`, `em2_0`, `em2_1`, `em2_2`, `em2_3`, `em2_4`, `em2_5`, `text3_0`, `text3_1`, `BroadcastTextID3`, `lang3`, `Probability3`, `em3_0`, `em3_1`, `em3_2`, `em3_3`, `em3_4`, `em3_5`, `text4_0`, `text4_1`, `BroadcastTextID4`, `lang4`, `Probability4`, `em4_0`, `em4_1`, `em4_2`, `em4_3`, `em4_4`, `em4_5`, `text5_0`, `text5_1`, `BroadcastTextID5`, `lang5`, `Probability5`, `em5_0`, `em5_1`, `em5_2`, `em5_3`, `em5_4`, `em5_5`, `text6_0`, `text6_1`, `BroadcastTextID6`, `lang6`, `Probability6`, `em6_0`, `em6_1`, `em6_2`, `em6_3`, `em6_4`, `em6_5`, `text7_0`, `text7_1`, `BroadcastTextID7`, `lang7`, `Probability7`, `em7_0`, `em7_1`, `em7_2`, `em7_3`, `em7_4`, `em7_5`) VALUES ('1872536', 'Imported from TC', 'I am certain there is a Tailor that could provide you training in Darnassus.  When you arrive, ask one of the Sentinels in Darnassus about seeing a Tailor.', 'I am certain there is a Tailor that could provide you training in Darnassus.  When you arrive, ask one of the Sentinels in Darnassus about seeing a Tailor.', '7122', '0', '1', '0', '0', '0', '0', '0', '0', 'Many of the supplies the tailors need come by way of Darnassus.  It is not surprising that they all moved there to work.  If you wish to be a tailor then you best head to Darnassus.', 'Many of the supplies the tailors need come by way of Darnassus.  It is not surprising that they all moved there to work.  If you wish to be a tailor then you best head to Darnassus.', '7123', '0', '1', '0', '0', '0', '0', '0', '0', '', '', NULL, '0', '0', '0', '0', '0', '0', '0', '0', '', '', NULL, '0', '0', '0', '0', '0', '0', '0', '0', '', '', NULL, '0', '0', '0', '0', '0', '0', '0', '0', '', '', NULL, '0', '0', '0', '0', '0', '0', '0', '0', '', '', NULL, '0', '0', '0', '0', '0', '0', '0', '0', '', '', NULL, '0', '0', '0', '0', '0', '0', '0', '0');
INSERT INTO gossip_menu (`MenuID`, `TextID`) VALUES ('3579', '1872536');
INSERT INTO gossip_menu_option (`MenuID`, `OptionID`, `OptionIcon`, `OptionText`, `OptionBroadcastTextID`, `OptionType`, `OptionNpcFlag`, `ActionMenuID`, `ActionPoiID`, `BoxCoded`, `BoxMoney`, `BoxText`, `BoxBroadcastTextID`) VALUES ('3572', '9', '0', 'Tailoring', '52077', '1', '1', '3579', NULL, '0', '0', '', NULL);
INSERT INTO gossip_menu_option (`MenuID`, `OptionID`, `OptionIcon`, `OptionText`, `OptionBroadcastTextID`, `OptionType`, `OptionNpcFlag`, `ActionMenuID`, `ActionPoiID`, `BoxCoded`, `BoxMoney`, `BoxText`, `BoxBroadcastTextID`) VALUES ('3580', '6', '0', 'Profession Trainer', '45382', '1', '1', '3572', NULL, '0', '0', '', NULL);
UPDATE creature_template SET npcflag = (npcflag | 1), gossip_menu_id = 3580 WHERE entry = 3571;
DELETE FROM gossip_menu WHERE MenuID = 4316;


-- Importing creature gossip with entry 10684 (Remorseful Highborne) with import type SMART
UPDATE creature_template SET ScriptName = '', AIName = 'SmartAI' WHERE entry = 10684;
DELETE FROM smart_scripts WHERE entryorguid = 10684 AND source_type = 0;
DELETE FROM creature_text WHERE CreatureID = 10684;
INSERT INTO creature_text (`CreatureID`, `GroupID`, `ID`, `Text`, `Type`, `Language`, `Probability`, `Emote`, `Duration`, `Sound`, `BroadcastTextId`, `TextRange`, `comment`) VALUES ('10684', '0', '2', 'Spirits of the Highborne! You may now rest! The curse of the crystal releases you!', '14', '0', '100', '0', '0', '0', '6507', '0', 'Remorseful Highborne');
INSERT INTO creature_text (`CreatureID`, `GroupID`, `ID`, `Text`, `Type`, `Language`, `Probability`, `Emote`, `Duration`, `Sound`, `BroadcastTextId`, `TextRange`, `comment`) VALUES ('10684', '0', '1', 'Cursed spirits! Let go of the past! The Crystal of Zin-Malor no longer binds you!', '14', '0', '100', '0', '0', '0', '6506', '0', 'Remorseful Highborne');
INSERT INTO creature_text (`CreatureID`, `GroupID`, `ID`, `Text`, `Type`, `Language`, `Probability`, `Emote`, `Duration`, `Sound`, `BroadcastTextId`, `TextRange`, `comment`) VALUES ('10684', '0', '0', 'Highborne spirits! Be at peace! The Crystal of Zin-Malor is whole once again!', '14', '0', '100', '0', '0', '0', '6505', '0', 'Remorseful Highborne');
DELETE FROM smart_scripts WHERE entryorguid = 1068400 AND source_type = 9;
UPDATE creature_template SET ScriptName = '', AIName = 'SmartAI' WHERE entry = 7523;
DELETE FROM smart_scripts WHERE entryorguid = 7523 AND source_type = 0;
INSERT INTO smart_scripts (`entryorguid`, `source_type`, `id`, `link`, `event_type`, `event_phase_mask`, `event_chance`, `event_flags`, `event_param1`, `event_param2`, `event_param3`, `event_param4`, `event_param5`, `action_type`, `action_param1`, `action_param2`, `action_param3`, `action_param4`, `action_param5`, `action_param6`, `target_type`, `target_param1`, `target_param2`, `target_param3`, `target_param4`, `target_x`, `target_y`, `target_z`, `target_o`, `comment`) VALUES ('7523', '0', '0', '0', '9', '0', '100', '0', '0', '30', '13000', '20000', '0', '11', '14868', '32', '0', '0', '0', '0', '2', '0', '0', '0', '0', '0', '0', '0', '0', 'Suffering Highborne - Within 0-30 Range - Cast Curse of Agony'), ('7523', '0', '1', '0', '11', '0', '100', '0', '0', '0', '0', '0', '0', '49', '0', '0', '0', '0', '0', '0', '21', '20', '0', '0', '0', '0', '0', '0', '0', 'Suffering Highborne - On Respawn - Start Attacking'), ('7523', '0', '2', '0', '38', '0', '100', '0', '1', '1', '0', '0', '0', '2', '124', '0', '0', '0', '0', '0', '1', '0', '0', '0', '0', '0', '0', '0', '0', 'Suffering Highborne - On Data Set 1 1 - Set Faction 124'), ('7523', '0', '3', '0', '38', '0', '100', '0', '2', '2', '0', '0', '0', '2', '21', '0', '0', '0', '0', '0', '1', '0', '0', '0', '0', '0', '0', '0', '0', 'Suffering Highborne - On Data Set 2 2 - Set Faction 21');
UPDATE creature_template SET ScriptName = '', AIName = 'SmartAI' WHERE entry = 7524;
DELETE FROM smart_scripts WHERE entryorguid = 7524 AND source_type = 0;
INSERT INTO smart_scripts (`entryorguid`, `source_type`, `id`, `link`, `event_type`, `event_phase_mask`, `event_chance`, `event_flags`, `event_param1`, `event_param2`, `event_param3`, `event_param4`, `event_param5`, `action_type`, `action_param1`, `action_param2`, `action_param3`, `action_param4`, `action_param5`, `action_param6`, `target_type`, `target_param1`, `target_param2`, `target_param3`, `target_param4`, `target_x`, `target_y`, `target_z`, `target_o`, `comment`) VALUES ('7524', '0', '0', '0', '0', '0', '100', '0', '0', '0', '3400', '4800', '0', '11', '13860', '64', '0', '0', '0', '0', '2', '0', '0', '0', '0', '0', '0', '0', '0', 'Anguished Highborne - In Combat - Cast Mind Blast'), ('7524', '0', '1', '0', '11', '0', '100', '0', '0', '0', '0', '0', '0', '49', '0', '0', '0', '0', '0', '0', '21', '20', '0', '0', '0', '0', '0', '0', '0', 'Anguished Highborne - On Respawn - Start Attacking'), ('7524', '0', '2', '0', '38', '0', '100', '0', '1', '1', '0', '0', '0', '2', '124', '0', '0', '0', '0', '0', '1', '0', '0', '0', '0', '0', '0', '0', '0', 'Anguished Highborne - On Data Set 1 1 - Set Faction 124'), ('7524', '0', '3', '0', '38', '0', '100', '0', '2', '2', '0', '0', '0', '2', '21', '0', '0', '0', '0', '0', '1', '0', '0', '0', '0', '0', '0', '0', '0', 'Anguished Highborne - On Data Set 2 2 - Set Faction 21');
INSERT INTO smart_scripts (`entryorguid`, `source_type`, `id`, `link`, `event_type`, `event_phase_mask`, `event_chance`, `event_flags`, `event_param1`, `event_param2`, `event_param3`, `event_param4`, `event_param5`, `action_type`, `action_param1`, `action_param2`, `action_param3`, `action_param4`, `action_param5`, `action_param6`, `target_type`, `target_param1`, `target_param2`, `target_param3`, `target_param4`, `target_x`, `target_y`, `target_z`, `target_o`, `comment`) VALUES ('1068400', '9', '0', '0', '0', '0', '100', '0', '0', '0', '0', '0', '0', '45', '1', '1', '0', '0', '0', '0', '11', '7523', '500', '0', '0', '0', '0', '0', '0', 'Remorseful Highborne - On Script - Set Data 1 1'), ('1068400', '9', '1', '0', '0', '0', '100', '0', '0', '0', '0', '0', '0', '45', '1', '1', '0', '0', '0', '0', '11', '7524', '500', '0', '0', '0', '0', '0', '0', 'Remorseful Highborne - On Script - Set Data 1 1'), ('1068400', '9', '2', '0', '0', '0', '100', '0', '120000', '120000', '0', '0', '0', '45', '2', '2', '0', '0', '0', '0', '11', '7523', '500', '0', '0', '0', '0', '0', '0', 'Remorseful Highborne - On Script - Set Data 2 2'), ('1068400', '9', '3', '0', '0', '0', '100', '0', '0', '0', '0', '0', '0', '45', '2', '2', '0', '0', '0', '0', '11', '7524', '500', '0', '0', '0', '0', '0', '0', 'Remorseful Highborne - On Script - Set Data 2 2'), ('1068400', '9', '4', '0', '0', '0', '100', '0', '0', '0', '0', '0', '0', '48', '0', '0', '0', '0', '0', '0', '1', '0', '0', '0', '0', '0', '0', '0', '0', 'Remorseful Highborne - On Script - Set Active Off');
INSERT INTO smart_scripts (`entryorguid`, `source_type`, `id`, `link`, `event_type`, `event_phase_mask`, `event_chance`, `event_flags`, `event_param1`, `event_param2`, `event_param3`, `event_param4`, `event_param5`, `action_type`, `action_param1`, `action_param2`, `action_param3`, `action_param4`, `action_param5`, `action_param6`, `target_type`, `target_param1`, `target_param2`, `target_param3`, `target_param4`, `target_x`, `target_y`, `target_z`, `target_o`, `comment`) VALUES ('10684', '0', '0', '0', '20', '0', '100', '0', '5248', '0', '0', '0', '0', '1', '0', '0', '0', '0', '0', '0', '1', '0', '0', '0', '0', '0', '0', '0', '0', 'Remorseful Highborne - On Quest \'Tormented by the Past\' Finished - Say Line 0'), ('10684', '0', '1', '0', '20', '0', '100', '0', '5248', '0', '0', '0', '0', '48', '1', '0', '0', '0', '0', '0', '1', '0', '0', '0', '0', '0', '0', '0', '0', 'Remorseful Highborne - On Quest \'Tormented by the Past\' Finished - Set Active On'), ('10684', '0', '2', '0', '20', '0', '100', '0', '5248', '0', '0', '0', '0', '80', '1068400', '0', '0', '0', '0', '0', '1', '0', '0', '0', '0', '0', '0', '0', '0', 'Remorseful Highborne - On Quest \'Tormented by the Past\' Finished - Run Script');
-- Importing menu 3803 as 57059
-- Text 4635 already present in Sun DB
INSERT INTO gossip_menu (`MenuID`, `TextID`) VALUES ('57059', '4635');
INSERT INTO gossip_text (`ID`, `comment`, `text0_0`, `text0_1`, `BroadcastTextID0`, `lang0`, `Probability0`, `em0_0`, `em0_1`, `em0_2`, `em0_3`, `em0_4`, `em0_5`, `text1_0`, `text1_1`, `BroadcastTextID1`, `lang1`, `Probability1`, `em1_0`, `em1_1`, `em1_2`, `em1_3`, `em1_4`, `em1_5`, `text2_0`, `text2_1`, `BroadcastTextID2`, `lang2`, `Probability2`, `em2_0`, `em2_1`, `em2_2`, `em2_3`, `em2_4`, `em2_5`, `text3_0`, `text3_1`, `BroadcastTextID3`, `lang3`, `Probability3`, `em3_0`, `em3_1`, `em3_2`, `em3_3`, `em3_4`, `em3_5`, `text4_0`, `text4_1`, `BroadcastTextID4`, `lang4`, `Probability4`, `em4_0`, `em4_1`, `em4_2`, `em4_3`, `em4_4`, `em4_5`, `text5_0`, `text5_1`, `BroadcastTextID5`, `lang5`, `Probability5`, `em5_0`, `em5_1`, `em5_2`, `em5_3`, `em5_4`, `em5_5`, `text6_0`, `text6_1`, `BroadcastTextID6`, `lang6`, `Probability6`, `em6_0`, `em6_1`, `em6_2`, `em6_3`, `em6_4`, `em6_5`, `text7_0`, `text7_1`, `BroadcastTextID7`, `lang7`, `Probability7`, `em7_0`, `em7_1`, `em7_2`, `em7_3`, `em7_4`, `em7_5`) VALUES ('4636', 'Imported from TC', '', 'I will not forrrget what you have done...$B$BPleassse, leave meee...', '7309', '0', '1', '0', '0', '0', '0', '0', '0', '', '', NULL, '0', '0', '0', '0', '0', '0', '0', '0', '', '', NULL, '0', '0', '0', '0', '0', '0', '0', '0', '', '', NULL, '0', '0', '0', '0', '0', '0', '0', '0', '', '', NULL, '0', '0', '0', '0', '0', '0', '0', '0', '', '', NULL, '0', '0', '0', '0', '0', '0', '0', '0', '', '', NULL, '0', '0', '0', '0', '0', '0', '0', '0', '', '', NULL, '0', '0', '0', '0', '0', '0', '0', '0');
INSERT INTO conditions (`SourceTypeOrReferenceId`, `SourceGroup`, `SourceEntry`, `SourceId`, `ElseGroup`, `ConditionTypeOrReference`, `ConditionTarget`, `ConditionValue1`, `ConditionValue2`, `ConditionValue3`, `NegativeCondition`, `ErrorType`, `ErrorTextId`, `ScriptName`, `Comment`) VALUES ('14', '57059', '4636', '0', '0', '8', '0', '5248', '0', '0', '0', '0', '0', '', '(autoimported) Remorseful Highborne - Show Gossip Menu Text 4636 if Quest 5248 is rewarded');
INSERT INTO gossip_menu (`MenuID`, `TextID`) VALUES ('57059', '4636');
UPDATE creature_template SET npcflag = (npcflag | 1), gossip_menu_id = 57059 WHERE entry = 10684;


-- Importing creature gossip with entry 12144 (Lunaclaw Spirit) with import type SMART
UPDATE creature_template SET ScriptName = '', AIName = 'SmartAI' WHERE entry = 12144;
DELETE FROM smart_scripts WHERE entryorguid = 12144 AND source_type = 0;
-- Text 4714 already present in Sun DB
INSERT INTO gossip_menu (`MenuID`, `TextID`) VALUES ('3862', '4714');
-- Text 4715 already present in Sun DB
INSERT INTO gossip_menu (`MenuID`, `TextID`) VALUES ('3863', '4715');
INSERT INTO gossip_menu_option (`MenuID`, `OptionID`, `OptionIcon`, `OptionText`, `OptionBroadcastTextID`, `OptionType`, `OptionNpcFlag`, `ActionMenuID`, `ActionPoiID`, `BoxCoded`, `BoxMoney`, `BoxText`, `BoxBroadcastTextID`) VALUES ('3862', '0', '0', 'You have fought well, spirit.  I ask you to grant me the strength of your body and the strength of your heart.', '7405', '1', '1', '3863', NULL, '0', '0', '', NULL);
-- Menu 3863 is already imported
INSERT INTO gossip_menu_option (`MenuID`, `OptionID`, `OptionIcon`, `OptionText`, `OptionBroadcastTextID`, `OptionType`, `OptionNpcFlag`, `ActionMenuID`, `ActionPoiID`, `BoxCoded`, `BoxMoney`, `BoxText`, `BoxBroadcastTextID`) VALUES ('3862', '1', '0', 'You have fought well, spirit.  I ask you to grant me the strength of your body and the strength of your heart.', '7405', '1', '1', '3863', NULL, '0', '0', '', NULL);
INSERT INTO conditions (`SourceTypeOrReferenceId`, `SourceGroup`, `SourceEntry`, `SourceId`, `ElseGroup`, `ConditionTypeOrReference`, `ConditionTarget`, `ConditionValue1`, `ConditionValue2`, `ConditionValue3`, `NegativeCondition`, `ErrorType`, `ErrorTextId`, `ScriptName`, `Comment`) VALUES ('15', '3862', '0', '0', '1', '6', '0', '469', '0', '0', '0', '0', '0', '', '(autoimported) Show gossip menu 3862 option id 0 if player is on the Alliance team. -AND-');
INSERT INTO conditions (`SourceTypeOrReferenceId`, `SourceGroup`, `SourceEntry`, `SourceId`, `ElseGroup`, `ConditionTypeOrReference`, `ConditionTarget`, `ConditionValue1`, `ConditionValue2`, `ConditionValue3`, `NegativeCondition`, `ErrorType`, `ErrorTextId`, `ScriptName`, `Comment`) VALUES ('15', '3862', '0', '0', '1', '28', '0', '6001', '0', '0', '1', '0', '0', '', '(autoimported) Show gossip menu 3862 option id 0 if quest Body and Heart has not been completed.');
INSERT INTO conditions (`SourceTypeOrReferenceId`, `SourceGroup`, `SourceEntry`, `SourceId`, `ElseGroup`, `ConditionTypeOrReference`, `ConditionTarget`, `ConditionValue1`, `ConditionValue2`, `ConditionValue3`, `NegativeCondition`, `ErrorType`, `ErrorTextId`, `ScriptName`, `Comment`) VALUES ('15', '3862', '1', '0', '2', '6', '0', '67', '0', '0', '0', '0', '0', '', '(autoimported) Show gossip menu 3862 option id 1 if player is on the Horde team. -AND-');
INSERT INTO conditions (`SourceTypeOrReferenceId`, `SourceGroup`, `SourceEntry`, `SourceId`, `ElseGroup`, `ConditionTypeOrReference`, `ConditionTarget`, `ConditionValue1`, `ConditionValue2`, `ConditionValue3`, `NegativeCondition`, `ErrorType`, `ErrorTextId`, `ScriptName`, `Comment`) VALUES ('15', '3862', '1', '0', '2', '28', '0', '6002', '0', '0', '1', '0', '0', '', '(autoimported) Show gossip menu 3862 option id 1 if quest Body and Heart has not been completed.');
-- Menu 3863 is already imported
-- Menu 3862 is already imported
-- Menu 3863 is already imported
INSERT INTO smart_scripts (`entryorguid`, `source_type`, `id`, `link`, `event_type`, `event_phase_mask`, `event_chance`, `event_flags`, `event_param1`, `event_param2`, `event_param3`, `event_param4`, `event_param5`, `action_type`, `action_param1`, `action_param2`, `action_param3`, `action_param4`, `action_param5`, `action_param6`, `target_type`, `target_param1`, `target_param2`, `target_param3`, `target_param4`, `target_x`, `target_y`, `target_z`, `target_o`, `comment`) VALUES ('12144', '0', '0', '1', '62', '0', '100', '0', '3862', '0', '0', '0', '0', '72', '0', '0', '0', '0', '0', '0', '7', '0', '0', '0', '0', '0', '0', '0', '0', 'Lunaclaw Spirit - On Gossip Option 0 Selected - Close Gossip'), ('12144', '0', '1', '2', '61', '0', '100', '0', '0', '0', '0', '0', '0', '98', '3863', '4715', '0', '0', '0', '0', '7', '0', '0', '0', '0', '0', '0', '0', '0', 'Lunaclaw Spirit - On Gossip Option 0 Selected - Send Gossip'), ('12144', '0', '2', '0', '61', '0', '100', '0', '0', '0', '0', '0', '0', '15', '6001', '0', '0', '0', '0', '0', '7', '0', '0', '0', '0', '0', '0', '0', '0', 'Lunaclaw Spirit - On Gossip Option 0 Selected - Credit Quest \'Body and Heart - Alliance\''), ('12144', '0', '3', '4', '62', '0', '100', '0', '3862', '1', '0', '0', '0', '72', '0', '0', '0', '0', '0', '0', '7', '0', '0', '0', '0', '0', '0', '0', '0', 'Lunaclaw Spirit - On Gossip Option 1 Selected - Close Gossip'), ('12144', '0', '4', '5', '61', '0', '100', '0', '0', '0', '0', '0', '0', '98', '3863', '4715', '0', '0', '0', '0', '7', '0', '0', '0', '0', '0', '0', '0', '0', 'Lunaclaw Spirit - On Gossip Option 1 Selected - Send Gossip'), ('12144', '0', '5', '0', '61', '0', '100', '0', '0', '0', '0', '0', '0', '15', '6002', '0', '0', '0', '0', '0', '7', '0', '0', '0', '0', '0', '0', '0', '0', 'Lunaclaw Spirit - On Gossip Option 1 Selected - Credit Quest \'Body and Heart - Horde\'');
-- Menu 3862 is already imported
UPDATE creature_template SET npcflag = (npcflag | 1), gossip_menu_id = 3862 WHERE entry = 12144;


-- Importing creature gossip with entry 11956 (Great Bear Spirit) with import type SMART
UPDATE creature_template SET ScriptName = '', AIName = 'SmartAI' WHERE entry = 11956;
DELETE FROM smart_scripts WHERE entryorguid = 11956 AND source_type = 0;
-- Text 4734 already present in Sun DB
INSERT INTO gossip_menu (`MenuID`, `TextID`) VALUES ('3884', '4734');
-- Text 4735 already present in Sun DB
INSERT INTO gossip_menu (`MenuID`, `TextID`) VALUES ('3885', '4735');
INSERT INTO gossip_menu_option (`MenuID`, `OptionID`, `OptionIcon`, `OptionText`, `OptionBroadcastTextID`, `OptionType`, `OptionNpcFlag`, `ActionMenuID`, `ActionPoiID`, `BoxCoded`, `BoxMoney`, `BoxText`, `BoxBroadcastTextID`) VALUES ('3884', '0', '0', 'I have heard your words, Great Bear Spirit, and I understand.  I now seek your blessings to fully learn the way of the Claw.', '7446', '1', '1', '3885', NULL, '0', '0', '', NULL);
-- Menu 3885 is already imported
INSERT INTO gossip_menu_option (`MenuID`, `OptionID`, `OptionIcon`, `OptionText`, `OptionBroadcastTextID`, `OptionType`, `OptionNpcFlag`, `ActionMenuID`, `ActionPoiID`, `BoxCoded`, `BoxMoney`, `BoxText`, `BoxBroadcastTextID`) VALUES ('3884', '1', '0', 'I have heard your words, Great Bear Spirit, and I understand.  I now seek your blessings to fully learn the way of the Claw.', '7446', '1', '1', '3885', NULL, '0', '0', '', NULL);
INSERT INTO conditions (`SourceTypeOrReferenceId`, `SourceGroup`, `SourceEntry`, `SourceId`, `ElseGroup`, `ConditionTypeOrReference`, `ConditionTarget`, `ConditionValue1`, `ConditionValue2`, `ConditionValue3`, `NegativeCondition`, `ErrorType`, `ErrorTextId`, `ScriptName`, `Comment`) VALUES ('15', '3884', '0', '0', '0', '9', '0', '5930', '0', '0', '0', '0', '0', '', '(autoimported) Show the gossip option if the quest 5930 is taken');
INSERT INTO conditions (`SourceTypeOrReferenceId`, `SourceGroup`, `SourceEntry`, `SourceId`, `ElseGroup`, `ConditionTypeOrReference`, `ConditionTarget`, `ConditionValue1`, `ConditionValue2`, `ConditionValue3`, `NegativeCondition`, `ErrorType`, `ErrorTextId`, `ScriptName`, `Comment`) VALUES ('15', '3884', '1', '0', '0', '9', '0', '5929', '0', '0', '0', '0', '0', '', '(autoimported) Show the gossip option if the quest 5929 is taken');
-- Menu 3884 is already imported
INSERT INTO smart_scripts (`entryorguid`, `source_type`, `id`, `link`, `event_type`, `event_phase_mask`, `event_chance`, `event_flags`, `event_param1`, `event_param2`, `event_param3`, `event_param4`, `event_param5`, `action_type`, `action_param1`, `action_param2`, `action_param3`, `action_param4`, `action_param5`, `action_param6`, `target_type`, `target_param1`, `target_param2`, `target_param3`, `target_param4`, `target_x`, `target_y`, `target_z`, `target_o`, `comment`) VALUES ('11956', '0', '0', '0', '62', '0', '100', '512', '3884', '0', '0', '0', '0', '15', '5930', '0', '0', '0', '0', '0', '7', '0', '0', '0', '0', '0', '0', '0', '0', 'Great Bear Spirit - On Gossip Select - Quest explored'), ('11956', '0', '1', '0', '62', '0', '100', '512', '3884', '1', '0', '0', '0', '15', '5929', '0', '0', '0', '0', '0', '7', '0', '0', '0', '0', '0', '0', '0', '0', 'Great Bear Spirit - On Gossip Select - Quest explored');
-- Text 4718 already present in Sun DB
INSERT INTO gossip_menu (`MenuID`, `TextID`) VALUES ('3882', '4718');
INSERT INTO gossip_text (`ID`, `comment`, `text0_0`, `text0_1`, `BroadcastTextID0`, `lang0`, `Probability0`, `em0_0`, `em0_1`, `em0_2`, `em0_3`, `em0_4`, `em0_5`, `text1_0`, `text1_1`, `BroadcastTextID1`, `lang1`, `Probability1`, `em1_0`, `em1_1`, `em1_2`, `em1_3`, `em1_4`, `em1_5`, `text2_0`, `text2_1`, `BroadcastTextID2`, `lang2`, `Probability2`, `em2_0`, `em2_1`, `em2_2`, `em2_3`, `em2_4`, `em2_5`, `text3_0`, `text3_1`, `BroadcastTextID3`, `lang3`, `Probability3`, `em3_0`, `em3_1`, `em3_2`, `em3_3`, `em3_4`, `em3_5`, `text4_0`, `text4_1`, `BroadcastTextID4`, `lang4`, `Probability4`, `em4_0`, `em4_1`, `em4_2`, `em4_3`, `em4_4`, `em4_5`, `text5_0`, `text5_1`, `BroadcastTextID5`, `lang5`, `Probability5`, `em5_0`, `em5_1`, `em5_2`, `em5_3`, `em5_4`, `em5_5`, `text6_0`, `text6_1`, `BroadcastTextID6`, `lang6`, `Probability6`, `em6_0`, `em6_1`, `em6_2`, `em6_3`, `em6_4`, `em6_5`, `text7_0`, `text7_1`, `BroadcastTextID7`, `lang7`, `Probability7`, `em7_0`, `em7_1`, `em7_2`, `em7_3`, `em7_4`, `em7_5`) VALUES ('1872537', 'Imported from TC', 'The bear spirit looks upon you with a calm and peaceful gaze.  You hear a voice speak to you as though it was coming from the bear, but the creature makes no indication that it is speaking.$B$B\"Greetings, my young friend.  If you have come to me seeking guidance, then perhaps I can help you find what you seek.\"', '', '7438', '0', '1', '0', '0', '0', '0', '0', '0', '', '', NULL, '0', '0', '0', '0', '0', '0', '0', '0', '', '', NULL, '0', '0', '0', '0', '0', '0', '0', '0', '', '', NULL, '0', '0', '0', '0', '0', '0', '0', '0', '', '', NULL, '0', '0', '0', '0', '0', '0', '0', '0', '', '', NULL, '0', '0', '0', '0', '0', '0', '0', '0', '', '', NULL, '0', '0', '0', '0', '0', '0', '0', '0', '', '', NULL, '0', '0', '0', '0', '0', '0', '0', '0');
INSERT INTO conditions (`SourceTypeOrReferenceId`, `SourceGroup`, `SourceEntry`, `SourceId`, `ElseGroup`, `ConditionTypeOrReference`, `ConditionTarget`, `ConditionValue1`, `ConditionValue2`, `ConditionValue3`, `NegativeCondition`, `ErrorType`, `ErrorTextId`, `ScriptName`, `Comment`) VALUES ('14', '3882', '1872537', '0', '0', '9', '0', '5929', '0', '0', '0', '0', '0', '', '(autoimported) Only show text_id 1872537 if the quest 5929 is taken');
INSERT INTO conditions (`SourceTypeOrReferenceId`, `SourceGroup`, `SourceEntry`, `SourceId`, `ElseGroup`, `ConditionTypeOrReference`, `ConditionTarget`, `ConditionValue1`, `ConditionValue2`, `ConditionValue3`, `NegativeCondition`, `ErrorType`, `ErrorTextId`, `ScriptName`, `Comment`) VALUES ('14', '3882', '1872537', '0', '1', '9', '0', '5930', '0', '0', '0', '0', '0', '', '(autoimported) Only show text_id 1872537 if the quest 5930 is taken');
INSERT INTO gossip_menu (`MenuID`, `TextID`) VALUES ('3882', '1872537');
-- Text 4721 already present in Sun DB
INSERT INTO gossip_menu (`MenuID`, `TextID`) VALUES ('3881', '4721');
-- Text 4733 already present in Sun DB
INSERT INTO gossip_menu (`MenuID`, `TextID`) VALUES ('3883', '4733');
-- Menu 3884 is already imported
INSERT INTO gossip_menu_option (`MenuID`, `OptionID`, `OptionIcon`, `OptionText`, `OptionBroadcastTextID`, `OptionType`, `OptionNpcFlag`, `ActionMenuID`, `ActionPoiID`, `BoxCoded`, `BoxMoney`, `BoxText`, `BoxBroadcastTextID`) VALUES ('3883', '0', '0', 'I seek to understand the importance of strength of the heart.', '7444', '1', '1', '3884', NULL, '0', '0', '', NULL);
INSERT INTO gossip_menu_option (`MenuID`, `OptionID`, `OptionIcon`, `OptionText`, `OptionBroadcastTextID`, `OptionType`, `OptionNpcFlag`, `ActionMenuID`, `ActionPoiID`, `BoxCoded`, `BoxMoney`, `BoxText`, `BoxBroadcastTextID`) VALUES ('3881', '0', '0', 'I seek to understand the importance of strength of the body.', '7442', '1', '1', '3883', NULL, '0', '0', '', NULL);
INSERT INTO gossip_menu_option (`MenuID`, `OptionID`, `OptionIcon`, `OptionText`, `OptionBroadcastTextID`, `OptionType`, `OptionNpcFlag`, `ActionMenuID`, `ActionPoiID`, `BoxCoded`, `BoxMoney`, `BoxText`, `BoxBroadcastTextID`) VALUES ('3882', '0', '0', 'What do you represent, spirit?', '7439', '1', '1', '3881', NULL, '0', '0', '', NULL);
INSERT INTO conditions (`SourceTypeOrReferenceId`, `SourceGroup`, `SourceEntry`, `SourceId`, `ElseGroup`, `ConditionTypeOrReference`, `ConditionTarget`, `ConditionValue1`, `ConditionValue2`, `ConditionValue3`, `NegativeCondition`, `ErrorType`, `ErrorTextId`, `ScriptName`, `Comment`) VALUES ('15', '3882', '0', '0', '0', '9', '0', '5930', '0', '0', '0', '0', '0', '', '(autoimported) Show the gossip option if the quest 5930 is taken');
INSERT INTO conditions (`SourceTypeOrReferenceId`, `SourceGroup`, `SourceEntry`, `SourceId`, `ElseGroup`, `ConditionTypeOrReference`, `ConditionTarget`, `ConditionValue1`, `ConditionValue2`, `ConditionValue3`, `NegativeCondition`, `ErrorType`, `ErrorTextId`, `ScriptName`, `Comment`) VALUES ('15', '3882', '0', '0', '1', '9', '0', '5929', '0', '0', '0', '0', '0', '', '(autoimported) Show the gossip option if the quest 5929 is taken');
UPDATE creature_template SET npcflag = (npcflag | 1), gossip_menu_id = 3882 WHERE entry = 11956;


-- Importing creature gossip with entry 1261 (Veron Amberstill) with import type GOSSIP
INSERT INTO gossip_text (`ID`, `comment`, `text0_0`, `text0_1`, `BroadcastTextID0`, `lang0`, `Probability0`, `em0_0`, `em0_1`, `em0_2`, `em0_3`, `em0_4`, `em0_5`, `text1_0`, `text1_1`, `BroadcastTextID1`, `lang1`, `Probability1`, `em1_0`, `em1_1`, `em1_2`, `em1_3`, `em1_4`, `em1_5`, `text2_0`, `text2_1`, `BroadcastTextID2`, `lang2`, `Probability2`, `em2_0`, `em2_1`, `em2_2`, `em2_3`, `em2_4`, `em2_5`, `text3_0`, `text3_1`, `BroadcastTextID3`, `lang3`, `Probability3`, `em3_0`, `em3_1`, `em3_2`, `em3_3`, `em3_4`, `em3_5`, `text4_0`, `text4_1`, `BroadcastTextID4`, `lang4`, `Probability4`, `em4_0`, `em4_1`, `em4_2`, `em4_3`, `em4_4`, `em4_5`, `text5_0`, `text5_1`, `BroadcastTextID5`, `lang5`, `Probability5`, `em5_0`, `em5_1`, `em5_2`, `em5_3`, `em5_4`, `em5_5`, `text6_0`, `text6_1`, `BroadcastTextID6`, `lang6`, `Probability6`, `em6_0`, `em6_1`, `em6_2`, `em6_3`, `em6_4`, `em6_5`, `text7_0`, `text7_1`, `BroadcastTextID7`, `lang7`, `Probability7`, `em7_0`, `em7_1`, `em7_2`, `em7_3`, `em7_4`, `em7_5`) VALUES ('1872538', 'Imported from TC', 'Not so fast, $g guy : lady;... I\'ll not be handing out the reigns of a mighty ram steed to someone that\'s not a proven ally of the dwarves of Ironforge.  Once you\'ve been recognized as exalted to Ironforge, I\'ll gladly show you what varieties of rams I have for sale.', 'Not so fast, $g guy : lady;... I\'ll not be handing out the reigns of a mighty ram steed to someone that\'s not a proven ally of the dwarves of Ironforge.  Once you\'ve been recognized as exalted to Ironforge, I\'ll gladly show you what varieties of rams I have for sale.', '8429', '0', '1', '0', '25', '0', '0', '0', '0', '', '', NULL, '0', '0', '0', '0', '0', '0', '0', '0', '', '', NULL, '0', '0', '0', '0', '0', '0', '0', '0', '', '', NULL, '0', '0', '0', '0', '0', '0', '0', '0', '', '', NULL, '0', '0', '0', '0', '0', '0', '0', '0', '', '', NULL, '0', '0', '0', '0', '0', '0', '0', '0', '', '', NULL, '0', '0', '0', '0', '0', '0', '0', '0', '', '', NULL, '0', '0', '0', '0', '0', '0', '0', '0');
INSERT INTO gossip_menu (`MenuID`, `TextID`) VALUES ('4001', '1872538');
INSERT INTO gossip_menu_option (`MenuID`, `OptionID`, `OptionIcon`, `OptionText`, `OptionBroadcastTextID`, `OptionType`, `OptionNpcFlag`, `ActionMenuID`, `ActionPoiID`, `BoxCoded`, `BoxMoney`, `BoxText`, `BoxBroadcastTextID`) VALUES ('4001', '0', '1', 'I would like to buy from you.', '14967', '3', '128', NULL, NULL, '0', '0', '', NULL);
INSERT INTO conditions (`SourceTypeOrReferenceId`, `SourceGroup`, `SourceEntry`, `SourceId`, `ElseGroup`, `ConditionTypeOrReference`, `ConditionTarget`, `ConditionValue1`, `ConditionValue2`, `ConditionValue3`, `NegativeCondition`, `ErrorType`, `ErrorTextId`, `ScriptName`, `Comment`) VALUES ('15', '4001', '0', '0', '0', '16', '0', '4', '0', '0', '0', '0', '0', '', '(autoimported) Gossip Option - Show Option if Player is Dwarf');
INSERT INTO conditions (`SourceTypeOrReferenceId`, `SourceGroup`, `SourceEntry`, `SourceId`, `ElseGroup`, `ConditionTypeOrReference`, `ConditionTarget`, `ConditionValue1`, `ConditionValue2`, `ConditionValue3`, `NegativeCondition`, `ErrorType`, `ErrorTextId`, `ScriptName`, `Comment`) VALUES ('15', '4001', '0', '0', '1', '5', '0', '47', '128', '0', '0', '0', '0', '', '(autoimported) Gossip Option - Show Option if player is Exalted with Ironforge');
UPDATE creature_template SET npcflag = (npcflag | 1), gossip_menu_id = 4001 WHERE entry = 1261;


-- Importing creature gossip with entry 384 (Katie Hunter) with import type GOSSIP
INSERT INTO gossip_text (`ID`, `comment`, `text0_0`, `text0_1`, `BroadcastTextID0`, `lang0`, `Probability0`, `em0_0`, `em0_1`, `em0_2`, `em0_3`, `em0_4`, `em0_5`, `text1_0`, `text1_1`, `BroadcastTextID1`, `lang1`, `Probability1`, `em1_0`, `em1_1`, `em1_2`, `em1_3`, `em1_4`, `em1_5`, `text2_0`, `text2_1`, `BroadcastTextID2`, `lang2`, `Probability2`, `em2_0`, `em2_1`, `em2_2`, `em2_3`, `em2_4`, `em2_5`, `text3_0`, `text3_1`, `BroadcastTextID3`, `lang3`, `Probability3`, `em3_0`, `em3_1`, `em3_2`, `em3_3`, `em3_4`, `em3_5`, `text4_0`, `text4_1`, `BroadcastTextID4`, `lang4`, `Probability4`, `em4_0`, `em4_1`, `em4_2`, `em4_3`, `em4_4`, `em4_5`, `text5_0`, `text5_1`, `BroadcastTextID5`, `lang5`, `Probability5`, `em5_0`, `em5_1`, `em5_2`, `em5_3`, `em5_4`, `em5_5`, `text6_0`, `text6_1`, `BroadcastTextID6`, `lang6`, `Probability6`, `em6_0`, `em6_1`, `em6_2`, `em6_3`, `em6_4`, `em6_5`, `text7_0`, `text7_1`, `BroadcastTextID7`, `lang7`, `Probability7`, `em7_0`, `em7_1`, `em7_2`, `em7_3`, `em7_4`, `em7_5`) VALUES ('1872539', 'Imported from TC', 'Years of quality breeding techniques and plenty of care allow me the privilege of showing you these horses!  Please, take your time as you consider them for your mount.  A horse is a companion for the ages, friend.  Don\'t sell yourself short - get your steed here today!', 'Years of quality breeding techniques and plenty of care allow me the privilege of showing you these horses!  Please, take your time as you consider them for your mount.  A horse is a companion for the ages, friend.  Don\'t sell yourself short - get your steed here today!', '7508', '0', '1', '0', '1', '0', '0', '0', '0', '', '', NULL, '0', '0', '0', '0', '0', '0', '0', '0', '', '', NULL, '0', '0', '0', '0', '0', '0', '0', '0', '', '', NULL, '0', '0', '0', '0', '0', '0', '0', '0', '', '', NULL, '0', '0', '0', '0', '0', '0', '0', '0', '', '', NULL, '0', '0', '0', '0', '0', '0', '0', '0', '', '', NULL, '0', '0', '0', '0', '0', '0', '0', '0', '', '', NULL, '0', '0', '0', '0', '0', '0', '0', '0');
INSERT INTO conditions (`SourceTypeOrReferenceId`, `SourceGroup`, `SourceEntry`, `SourceId`, `ElseGroup`, `ConditionTypeOrReference`, `ConditionTarget`, `ConditionValue1`, `ConditionValue2`, `ConditionValue3`, `NegativeCondition`, `ErrorType`, `ErrorTextId`, `ScriptName`, `Comment`) VALUES ('14', '4004', '1872539', '0', '0', '16', '0', '1', '0', '0', '0', '0', '0', '', '(autoimported) NPC Text - Show text if Player is Human');
INSERT INTO conditions (`SourceTypeOrReferenceId`, `SourceGroup`, `SourceEntry`, `SourceId`, `ElseGroup`, `ConditionTypeOrReference`, `ConditionTarget`, `ConditionValue1`, `ConditionValue2`, `ConditionValue3`, `NegativeCondition`, `ErrorType`, `ErrorTextId`, `ScriptName`, `Comment`) VALUES ('14', '4004', '1872539', '0', '1', '5', '0', '72', '128', '0', '0', '0', '0', '', '(autoimported) NPC Text - Show text if player is Exalted with Stormwind');
INSERT INTO gossip_menu (`MenuID`, `TextID`) VALUES ('4004', '1872539');
INSERT INTO gossip_text (`ID`, `comment`, `text0_0`, `text0_1`, `BroadcastTextID0`, `lang0`, `Probability0`, `em0_0`, `em0_1`, `em0_2`, `em0_3`, `em0_4`, `em0_5`, `text1_0`, `text1_1`, `BroadcastTextID1`, `lang1`, `Probability1`, `em1_0`, `em1_1`, `em1_2`, `em1_3`, `em1_4`, `em1_5`, `text2_0`, `text2_1`, `BroadcastTextID2`, `lang2`, `Probability2`, `em2_0`, `em2_1`, `em2_2`, `em2_3`, `em2_4`, `em2_5`, `text3_0`, `text3_1`, `BroadcastTextID3`, `lang3`, `Probability3`, `em3_0`, `em3_1`, `em3_2`, `em3_3`, `em3_4`, `em3_5`, `text4_0`, `text4_1`, `BroadcastTextID4`, `lang4`, `Probability4`, `em4_0`, `em4_1`, `em4_2`, `em4_3`, `em4_4`, `em4_5`, `text5_0`, `text5_1`, `BroadcastTextID5`, `lang5`, `Probability5`, `em5_0`, `em5_1`, `em5_2`, `em5_3`, `em5_4`, `em5_5`, `text6_0`, `text6_1`, `BroadcastTextID6`, `lang6`, `Probability6`, `em6_0`, `em6_1`, `em6_2`, `em6_3`, `em6_4`, `em6_5`, `text7_0`, `text7_1`, `BroadcastTextID7`, `lang7`, `Probability7`, `em7_0`, `em7_1`, `em7_2`, `em7_3`, `em7_4`, `em7_5`) VALUES ('1872540', 'Imported from TC', 'Sorry, but I am not disposed to sell horses to any individual who is not considered to be at least exalted to the Kingdom of Stormwind.  These steeds are the finest you\'ll find anywhere, and we certainly wouldn\'t want them in the hands of our enemies.$B$BNot saying you\'re an enemy, of course... just earn the trust of Stormwind and then we can do business.', 'Sorry, but I am not disposed to sell horses to any individual who is not considered to be at least exalted to the Kingdom of Stormwind.  These steeds are the finest you\'ll find anywhere, and we certainly wouldn\'t want them in the hands of our enemies.$B$BNot saying you\'re an enemy, of course... just earn the trust of Stormwind and then we can do business.', '8428', '0', '1', '0', '1', '0', '0', '0', '0', '', '', NULL, '0', '0', '0', '0', '0', '0', '0', '0', '', '', NULL, '0', '0', '0', '0', '0', '0', '0', '0', '', '', NULL, '0', '0', '0', '0', '0', '0', '0', '0', '', '', NULL, '0', '0', '0', '0', '0', '0', '0', '0', '', '', NULL, '0', '0', '0', '0', '0', '0', '0', '0', '', '', NULL, '0', '0', '0', '0', '0', '0', '0', '0', '', '', NULL, '0', '0', '0', '0', '0', '0', '0', '0');
INSERT INTO conditions (`SourceTypeOrReferenceId`, `SourceGroup`, `SourceEntry`, `SourceId`, `ElseGroup`, `ConditionTypeOrReference`, `ConditionTarget`, `ConditionValue1`, `ConditionValue2`, `ConditionValue3`, `NegativeCondition`, `ErrorType`, `ErrorTextId`, `ScriptName`, `Comment`) VALUES ('14', '4004', '1872540', '0', '0', '16', '0', '1', '0', '0', '1', '0', '0', '', '(autoimported) NPC Text - Show text if Player is Human');
INSERT INTO conditions (`SourceTypeOrReferenceId`, `SourceGroup`, `SourceEntry`, `SourceId`, `ElseGroup`, `ConditionTypeOrReference`, `ConditionTarget`, `ConditionValue1`, `ConditionValue2`, `ConditionValue3`, `NegativeCondition`, `ErrorType`, `ErrorTextId`, `ScriptName`, `Comment`) VALUES ('14', '4004', '1872540', '0', '0', '5', '0', '72', '128', '0', '1', '0', '0', '', '(autoimported) NPC Text - Show text if player is not Exalted with Stormwind');
INSERT INTO gossip_menu (`MenuID`, `TextID`) VALUES ('4004', '1872540');
INSERT INTO gossip_menu_option (`MenuID`, `OptionID`, `OptionIcon`, `OptionText`, `OptionBroadcastTextID`, `OptionType`, `OptionNpcFlag`, `ActionMenuID`, `ActionPoiID`, `BoxCoded`, `BoxMoney`, `BoxText`, `BoxBroadcastTextID`) VALUES ('4004', '0', '1', 'I would like to buy from you.', '14967', '3', '128', NULL, NULL, '0', '0', '', NULL);
INSERT INTO conditions (`SourceTypeOrReferenceId`, `SourceGroup`, `SourceEntry`, `SourceId`, `ElseGroup`, `ConditionTypeOrReference`, `ConditionTarget`, `ConditionValue1`, `ConditionValue2`, `ConditionValue3`, `NegativeCondition`, `ErrorType`, `ErrorTextId`, `ScriptName`, `Comment`) VALUES ('15', '4004', '0', '0', '0', '16', '0', '1', '0', '0', '0', '0', '0', '', '(autoimported) Gossip Option - Show Option if Player is Human');
INSERT INTO conditions (`SourceTypeOrReferenceId`, `SourceGroup`, `SourceEntry`, `SourceId`, `ElseGroup`, `ConditionTypeOrReference`, `ConditionTarget`, `ConditionValue1`, `ConditionValue2`, `ConditionValue3`, `NegativeCondition`, `ErrorType`, `ErrorTextId`, `ScriptName`, `Comment`) VALUES ('15', '4004', '0', '0', '1', '5', '0', '72', '128', '0', '0', '0', '0', '', '(autoimported) Gossip Option - Show Option if player is Exalted with Stormwind');
UPDATE creature_template SET npcflag = (npcflag | 1), gossip_menu_id = 4004 WHERE entry = 384;


-- Importing creature gossip with entry 4885 (Gregor MacVince) with import type GOSSIP
-- Menu 4004 is already imported
UPDATE creature_template SET npcflag = (npcflag | 1), gossip_menu_id = 4004 WHERE entry = 4885;


-- Importing creature gossip with entry 1460 (Unger Statforth) with import type GOSSIP
-- Menu 4004 is already imported
UPDATE creature_template SET npcflag = (npcflag | 1), gossip_menu_id = 4004 WHERE entry = 1460;


-- Importing creature gossip with entry 2357 (Merideth Carlson) with import type GOSSIP
-- Menu 4004 is already imported
UPDATE creature_template SET npcflag = (npcflag | 1), gossip_menu_id = 4004 WHERE entry = 2357;


-- Importing creature gossip with entry 12384 (Augustus the Touched) with import type SMART
UPDATE creature_template SET ScriptName = '', AIName = 'SmartAI' WHERE entry = 12384;
DELETE FROM smart_scripts WHERE entryorguid = 12384 AND source_type = 0;
DELETE FROM creature_text WHERE CreatureID = 12384;
INSERT INTO creature_text (`CreatureID`, `GroupID`, `ID`, `Text`, `Type`, `Language`, `Probability`, `Emote`, `Duration`, `Sound`, `BroadcastTextId`, `TextRange`, `comment`) VALUES ('12384', '0', '0', 'You won\'t find better prices anywhere!', '14', '0', '100', '22', '0', '0', '7627', '0', 'Augustus the Touched');
INSERT INTO creature_text (`CreatureID`, `GroupID`, `ID`, `Text`, `Type`, `Language`, `Probability`, `Emote`, `Duration`, `Sound`, `BroadcastTextId`, `TextRange`, `comment`) VALUES ('12384', '0', '1', 'I\'m Augustus, and my prices are INSANE!', '14', '0', '100', '22', '0', '0', '7628', '0', 'Augustus the Touched');
INSERT INTO creature_text (`CreatureID`, `GroupID`, `ID`, `Text`, `Type`, `Language`, `Probability`, `Emote`, `Duration`, `Sound`, `BroadcastTextId`, `TextRange`, `comment`) VALUES ('12384', '0', '2', 'I\'m Augustus!  You want it, I got it!  You wanna sell it, then I want it!', '14', '0', '100', '22', '0', '0', '7629', '0', 'Augustus the Touched');
INSERT INTO smart_scripts (`entryorguid`, `source_type`, `id`, `link`, `event_type`, `event_phase_mask`, `event_chance`, `event_flags`, `event_param1`, `event_param2`, `event_param3`, `event_param4`, `event_param5`, `action_type`, `action_param1`, `action_param2`, `action_param3`, `action_param4`, `action_param5`, `action_param6`, `target_type`, `target_param1`, `target_param2`, `target_param3`, `target_param4`, `target_x`, `target_y`, `target_z`, `target_o`, `comment`) VALUES ('12384', '0', '0', '0', '1', '0', '100', '0', '1000', '15000', '150000', '180000', '0', '1', '0', '0', '0', '0', '0', '0', '1', '0', '0', '0', '0', '0', '0', '0', '0', 'Augustus the Touched - Out of Combat - Say Line 0');
-- Text 4979 already present in Sun DB
INSERT INTO conditions (`SourceTypeOrReferenceId`, `SourceGroup`, `SourceEntry`, `SourceId`, `ElseGroup`, `ConditionTypeOrReference`, `ConditionTarget`, `ConditionValue1`, `ConditionValue2`, `ConditionValue3`, `NegativeCondition`, `ErrorType`, `ErrorTextId`, `ScriptName`, `Comment`) VALUES ('14', '4085', '4979', '0', '0', '8', '0', '6164', '0', '0', '1', '0', '0', '', '(autoimported) Augustus - Show Gossip Menu text 4979 if Quest 6164 is not rewarded');
INSERT INTO gossip_menu (`MenuID`, `TextID`) VALUES ('4085', '4979');
-- Text 4980 already present in Sun DB
INSERT INTO conditions (`SourceTypeOrReferenceId`, `SourceGroup`, `SourceEntry`, `SourceId`, `ElseGroup`, `ConditionTypeOrReference`, `ConditionTarget`, `ConditionValue1`, `ConditionValue2`, `ConditionValue3`, `NegativeCondition`, `ErrorType`, `ErrorTextId`, `ScriptName`, `Comment`) VALUES ('14', '4085', '4980', '0', '0', '8', '0', '6164', '0', '0', '0', '0', '0', '', '(autoimported) Augustus - Show Gossip Menu text 4980 if Quest 6164 is rewarded');
INSERT INTO gossip_menu (`MenuID`, `TextID`) VALUES ('4085', '4980');
INSERT INTO gossip_menu_option (`MenuID`, `OptionID`, `OptionIcon`, `OptionText`, `OptionBroadcastTextID`, `OptionType`, `OptionNpcFlag`, `ActionMenuID`, `ActionPoiID`, `BoxCoded`, `BoxMoney`, `BoxText`, `BoxBroadcastTextID`) VALUES ('4085', '0', '1', 'Yes, Augustus.  I would like to do business.', '7623', '3', '128', NULL, NULL, '0', '0', '', NULL);
INSERT INTO conditions (`SourceTypeOrReferenceId`, `SourceGroup`, `SourceEntry`, `SourceId`, `ElseGroup`, `ConditionTypeOrReference`, `ConditionTarget`, `ConditionValue1`, `ConditionValue2`, `ConditionValue3`, `NegativeCondition`, `ErrorType`, `ErrorTextId`, `ScriptName`, `Comment`) VALUES ('15', '4085', '0', '0', '0', '8', '0', '6164', '0', '0', '0', '0', '0', '', '(autoimported) Augustus - Only allow players who have completed Augustus Receipt Book to access vendor');
UPDATE creature_template SET npcflag = (npcflag | 1), gossip_menu_id = 4085 WHERE entry = 12384;


-- Importing creature gossip with entry 3963 (Danlaar Nightstride) with import type SMART
UPDATE creature_template SET ScriptName = '', AIName = 'SmartAI' WHERE entry = 3963;
DELETE FROM smart_scripts WHERE entryorguid = 3963 AND source_type = 0;
INSERT INTO smart_scripts (`entryorguid`, `source_type`, `id`, `link`, `event_type`, `event_phase_mask`, `event_chance`, `event_flags`, `event_param1`, `event_param2`, `event_param3`, `event_param4`, `event_param5`, `action_type`, `action_param1`, `action_param2`, `action_param3`, `action_param4`, `action_param5`, `action_param6`, `target_type`, `target_param1`, `target_param2`, `target_param3`, `target_param4`, `target_x`, `target_y`, `target_z`, `target_o`, `comment`) VALUES ('3963', '0', '0', '0', '2', '0', '100', '1', '0', '15', '0', '0', '0', '25', '1', '0', '0', '0', '0', '0', '0', '0', '0', '0', '0', '0', '0', '0', '0', 'Danlaar Nightstride - Between 0-15% Health - Flee For Assist');
-- Importing menu 4092 as 57060
-- Text 4867 already present in Sun DB
INSERT INTO conditions (`SourceTypeOrReferenceId`, `SourceGroup`, `SourceEntry`, `SourceId`, `ElseGroup`, `ConditionTypeOrReference`, `ConditionTarget`, `ConditionValue1`, `ConditionValue2`, `ConditionValue3`, `NegativeCondition`, `ErrorType`, `ErrorTextId`, `ScriptName`, `Comment`) VALUES ('14', '57060', '4867', '0', '0', '15', '0', '4', '0', '0', '0', '0', '0', '', '(autoimported) Show gossip text if player is a hunter');
INSERT INTO gossip_menu (`MenuID`, `TextID`) VALUES ('57060', '4867');
INSERT INTO gossip_text (`ID`, `comment`, `text0_0`, `text0_1`, `BroadcastTextID0`, `lang0`, `Probability0`, `em0_0`, `em0_1`, `em0_2`, `em0_3`, `em0_4`, `em0_5`, `text1_0`, `text1_1`, `BroadcastTextID1`, `lang1`, `Probability1`, `em1_0`, `em1_1`, `em1_2`, `em1_3`, `em1_4`, `em1_5`, `text2_0`, `text2_1`, `BroadcastTextID2`, `lang2`, `Probability2`, `em2_0`, `em2_1`, `em2_2`, `em2_3`, `em2_4`, `em2_5`, `text3_0`, `text3_1`, `BroadcastTextID3`, `lang3`, `Probability3`, `em3_0`, `em3_1`, `em3_2`, `em3_3`, `em3_4`, `em3_5`, `text4_0`, `text4_1`, `BroadcastTextID4`, `lang4`, `Probability4`, `em4_0`, `em4_1`, `em4_2`, `em4_3`, `em4_4`, `em4_5`, `text5_0`, `text5_1`, `BroadcastTextID5`, `lang5`, `Probability5`, `em5_0`, `em5_1`, `em5_2`, `em5_3`, `em5_4`, `em5_5`, `text6_0`, `text6_1`, `BroadcastTextID6`, `lang6`, `Probability6`, `em6_0`, `em6_1`, `em6_2`, `em6_3`, `em6_4`, `em6_5`, `text7_0`, `text7_1`, `BroadcastTextID7`, `lang7`, `Probability7`, `em7_0`, `em7_1`, `em7_2`, `em7_3`, `em7_4`, `em7_5`) VALUES ('1872541', 'Imported from TC', 'I cannot train a $c such as yourself.', 'I cannot train a $c such as yourself.', '7642', '0', '1', '0', '0', '0', '0', '0', '0', '', '', NULL, '0', '0', '0', '0', '0', '0', '0', '0', '', '', NULL, '0', '0', '0', '0', '0', '0', '0', '0', '', '', NULL, '0', '0', '0', '0', '0', '0', '0', '0', '', '', NULL, '0', '0', '0', '0', '0', '0', '0', '0', '', '', NULL, '0', '0', '0', '0', '0', '0', '0', '0', '', '', NULL, '0', '0', '0', '0', '0', '0', '0', '0', '', '', NULL, '0', '0', '0', '0', '0', '0', '0', '0');
INSERT INTO conditions (`SourceTypeOrReferenceId`, `SourceGroup`, `SourceEntry`, `SourceId`, `ElseGroup`, `ConditionTypeOrReference`, `ConditionTarget`, `ConditionValue1`, `ConditionValue2`, `ConditionValue3`, `NegativeCondition`, `ErrorType`, `ErrorTextId`, `ScriptName`, `Comment`) VALUES ('14', '57060', '1872541', '0', '0', '15', '0', '4', '0', '0', '1', '0', '0', '', '(autoimported) Show gossip text if player is not a hunter');
INSERT INTO gossip_menu (`MenuID`, `TextID`) VALUES ('57060', '1872541');
INSERT INTO gossip_menu_option (`MenuID`, `OptionID`, `OptionIcon`, `OptionText`, `OptionBroadcastTextID`, `OptionType`, `OptionNpcFlag`, `ActionMenuID`, `ActionPoiID`, `BoxCoded`, `BoxMoney`, `BoxText`, `BoxBroadcastTextID`) VALUES ('57060', '0', '3', 'I would like training.', '2603', '5', '16', NULL, NULL, '0', '0', '', NULL);
-- Importing menu 4461 as 57061
INSERT INTO gossip_text (`ID`, `comment`, `text0_0`, `text0_1`, `BroadcastTextID0`, `lang0`, `Probability0`, `em0_0`, `em0_1`, `em0_2`, `em0_3`, `em0_4`, `em0_5`, `text1_0`, `text1_1`, `BroadcastTextID1`, `lang1`, `Probability1`, `em1_0`, `em1_1`, `em1_2`, `em1_3`, `em1_4`, `em1_5`, `text2_0`, `text2_1`, `BroadcastTextID2`, `lang2`, `Probability2`, `em2_0`, `em2_1`, `em2_2`, `em2_3`, `em2_4`, `em2_5`, `text3_0`, `text3_1`, `BroadcastTextID3`, `lang3`, `Probability3`, `em3_0`, `em3_1`, `em3_2`, `em3_3`, `em3_4`, `em3_5`, `text4_0`, `text4_1`, `BroadcastTextID4`, `lang4`, `Probability4`, `em4_0`, `em4_1`, `em4_2`, `em4_3`, `em4_4`, `em4_5`, `text5_0`, `text5_1`, `BroadcastTextID5`, `lang5`, `Probability5`, `em5_0`, `em5_1`, `em5_2`, `em5_3`, `em5_4`, `em5_5`, `text6_0`, `text6_1`, `BroadcastTextID6`, `lang6`, `Probability6`, `em6_0`, `em6_1`, `em6_2`, `em6_3`, `em6_4`, `em6_5`, `text7_0`, `text7_1`, `BroadcastTextID7`, `lang7`, `Probability7`, `em7_0`, `em7_1`, `em7_2`, `em7_3`, `em7_4`, `em7_5`) VALUES ('1872542', 'Imported from TC', 'Through rigorous retraining I have had to break many students of all they had previously learned so that I might teach them anew.  The service I offer becomes increasingly difficult to perform each time it is done.  It is for that reason that it becomes increasingly expensive with each retraining.  Do you desire that I break you of the talents you have learned?', 'Through rigorous retraining I have had to break many students of all they had previously learned so that I might teach them anew.  The service I offer becomes increasingly difficult to perform each time it is done.  It is for that reason that it becomes increasingly expensive with each retraining.  Do you desire that I break you of the talents you have learned?', '8260', '0', '1', '0', '0', '0', '0', '0', '0', '', '', NULL, '0', '0', '0', '0', '0', '0', '0', '0', '', '', NULL, '0', '0', '0', '0', '0', '0', '0', '0', '', '', NULL, '0', '0', '0', '0', '0', '0', '0', '0', '', '', NULL, '0', '0', '0', '0', '0', '0', '0', '0', '', '', NULL, '0', '0', '0', '0', '0', '0', '0', '0', '', '', NULL, '0', '0', '0', '0', '0', '0', '0', '0', '', '', NULL, '0', '0', '0', '0', '0', '0', '0', '0');
INSERT INTO gossip_menu (`MenuID`, `TextID`) VALUES ('57061', '1872542');
INSERT INTO gossip_menu_option (`MenuID`, `OptionID`, `OptionIcon`, `OptionText`, `OptionBroadcastTextID`, `OptionType`, `OptionNpcFlag`, `ActionMenuID`, `ActionPoiID`, `BoxCoded`, `BoxMoney`, `BoxText`, `BoxBroadcastTextID`) VALUES ('57061', '0', '1', 'Yes. I do.', '60961', '1', '1', NULL, NULL, '0', '0', '', NULL);
INSERT INTO gossip_menu_option (`MenuID`, `OptionID`, `OptionIcon`, `OptionText`, `OptionBroadcastTextID`, `OptionType`, `OptionNpcFlag`, `ActionMenuID`, `ActionPoiID`, `BoxCoded`, `BoxMoney`, `BoxText`, `BoxBroadcastTextID`) VALUES ('57060', '1', '0', 'I wish to unlearn my talents.', '8271', '16', '16', '57061', NULL, '0', '0', '', NULL);
-- Importing menu 10371 as 57062
-- Text 14391 already present in Sun DB
INSERT INTO gossip_menu (`MenuID`, `TextID`) VALUES ('57062', '14391');
-- Importing menu 10373 as 57063
-- Text 14393 already present in Sun DB
INSERT INTO gossip_menu (`MenuID`, `TextID`) VALUES ('57063', '14393');
INSERT INTO gossip_menu_option (`MenuID`, `OptionID`, `OptionIcon`, `OptionText`, `OptionBroadcastTextID`, `OptionType`, `OptionNpcFlag`, `ActionMenuID`, `ActionPoiID`, `BoxCoded`, `BoxMoney`, `BoxText`, `BoxBroadcastTextID`, `patch_min`) VALUES ('57062', '0', '0', 'Purchase a Dual Talent Specialization.', '33765', '18', '16', '57063', NULL, '0', '10000000', 'Are you sure you wish to purchase a Dual Talent Specialization?', NULL, '5');
INSERT INTO gossip_menu_option (`MenuID`, `OptionID`, `OptionIcon`, `OptionText`, `OptionBroadcastTextID`, `OptionType`, `OptionNpcFlag`, `ActionMenuID`, `ActionPoiID`, `BoxCoded`, `BoxMoney`, `BoxText`, `BoxBroadcastTextID`, `patch_min`) VALUES ('57060', '2', '0', 'I wish to know about Dual Talent Specialization.', '33762', '20', '1', '57062', NULL, '0', '0', '', NULL, '5');
INSERT INTO conditions (`SourceTypeOrReferenceId`, `SourceGroup`, `SourceEntry`, `SourceId`, `ElseGroup`, `ConditionTypeOrReference`, `ConditionTarget`, `ConditionValue1`, `ConditionValue2`, `ConditionValue3`, `NegativeCondition`, `ErrorType`, `ErrorTextId`, `ScriptName`, `Comment`) VALUES ('15', '57060', '0', '0', '0', '15', '0', '4', '0', '0', '0', '0', '0', '', '(autoimported) Show gossip option if player is a hunter');
INSERT INTO conditions (`SourceTypeOrReferenceId`, `SourceGroup`, `SourceEntry`, `SourceId`, `ElseGroup`, `ConditionTypeOrReference`, `ConditionTarget`, `ConditionValue1`, `ConditionValue2`, `ConditionValue3`, `NegativeCondition`, `ErrorType`, `ErrorTextId`, `ScriptName`, `Comment`) VALUES ('15', '57060', '1', '0', '0', '15', '0', '4', '0', '0', '0', '0', '0', '', '(autoimported) Show gossip option if player is a hunter');
INSERT INTO conditions (`SourceTypeOrReferenceId`, `SourceGroup`, `SourceEntry`, `SourceId`, `ElseGroup`, `ConditionTypeOrReference`, `ConditionTarget`, `ConditionValue1`, `ConditionValue2`, `ConditionValue3`, `NegativeCondition`, `ErrorType`, `ErrorTextId`, `ScriptName`, `Comment`) VALUES ('15', '57060', '2', '0', '0', '15', '0', '4', '0', '0', '0', '0', '0', '', '(autoimported) Show gossip option if player is a hunter');
UPDATE creature_template SET npcflag = (npcflag | 1), gossip_menu_id = 57060 WHERE entry = 3963;


-- Importing creature gossip with entry 3841 (Caylais Moonfeather) with import type SMART
UPDATE creature_template SET ScriptName = '', AIName = 'SmartAI' WHERE entry = 3841;
DELETE FROM smart_scripts WHERE entryorguid = 3841 AND source_type = 0;
DELETE FROM creature_text WHERE CreatureID = 3841;
INSERT INTO creature_text (`CreatureID`, `GroupID`, `ID`, `Text`, `Type`, `Language`, `Probability`, `Emote`, `Duration`, `Sound`, `BroadcastTextId`, `TextRange`, `comment`) VALUES ('3841', '0', '0', 'Sentinels, come to my defense!', '14', '2', '100', '0', '0', '0', '4562', '0', 'Caylais Moonfeather');
INSERT INTO smart_scripts (`entryorguid`, `source_type`, `id`, `link`, `event_type`, `event_phase_mask`, `event_chance`, `event_flags`, `event_param1`, `event_param2`, `event_param3`, `event_param4`, `event_param5`, `action_type`, `action_param1`, `action_param2`, `action_param3`, `action_param4`, `action_param5`, `action_param6`, `target_type`, `target_param1`, `target_param2`, `target_param3`, `target_param4`, `target_x`, `target_y`, `target_z`, `target_o`, `comment`) VALUES ('3841', '0', '0', '0', '4', '0', '100', '512', '0', '0', '0', '0', '0', '11', '14329', '2', '0', '0', '0', '0', '1', '0', '0', '0', '0', '0', '0', '0', '0', 'Caylais Moonfeather - On Aggro - Summon Creature \'Enraged Hippogryph\''), ('3841', '0', '2', '0', '4', '0', '100', '0', '0', '0', '0', '0', '0', '1', '0', '0', '0', '0', '0', '0', '1', '0', '0', '0', '0', '0', '0', '0', '0', 'Caylais Moonfeather - On Aggro - Say Line 0');
-- Text 5473 already present in Sun DB
INSERT INTO gossip_menu (`MenuID`, `TextID`) VALUES ('4301', '5473');
INSERT INTO gossip_menu_option (`MenuID`, `OptionID`, `OptionIcon`, `OptionText`, `OptionBroadcastTextID`, `OptionType`, `OptionNpcFlag`, `ActionMenuID`, `ActionPoiID`, `BoxCoded`, `BoxMoney`, `BoxText`, `BoxBroadcastTextID`) VALUES ('4301', '0', '2', 'I need a ride.', '3409', '4', '8192', NULL, NULL, '0', '0', '', NULL);
UPDATE creature_template SET npcflag = (npcflag | 1), gossip_menu_id = 4301 WHERE entry = 3841;


-- Importing creature gossip with entry 3838 (Vesprystus) with import type SMART
UPDATE creature_template SET ScriptName = '', AIName = 'SmartAI' WHERE entry = 3838;
DELETE FROM smart_scripts WHERE entryorguid = 3838 AND source_type = 0;
DELETE FROM creature_text WHERE CreatureID = 3838;
INSERT INTO creature_text (`CreatureID`, `GroupID`, `ID`, `Text`, `Type`, `Language`, `Probability`, `Emote`, `Duration`, `Sound`, `BroadcastTextId`, `TextRange`, `comment`) VALUES ('3838', '0', '0', 'Sentinels, come to my defense!', '14', '2', '100', '0', '0', '0', '4562', '0', 'Vesprystus');
INSERT INTO smart_scripts (`entryorguid`, `source_type`, `id`, `link`, `event_type`, `event_phase_mask`, `event_chance`, `event_flags`, `event_param1`, `event_param2`, `event_param3`, `event_param4`, `event_param5`, `action_type`, `action_param1`, `action_param2`, `action_param3`, `action_param4`, `action_param5`, `action_param6`, `target_type`, `target_param1`, `target_param2`, `target_param3`, `target_param4`, `target_x`, `target_y`, `target_z`, `target_o`, `comment`) VALUES ('3838', '0', '0', '0', '4', '0', '100', '512', '0', '0', '0', '0', '0', '11', '14329', '2', '0', '0', '0', '0', '1', '0', '0', '0', '0', '0', '0', '0', '0', 'Vesprystus - On Aggro - Summon Creature \'Enraged Hippogryph\''), ('3838', '0', '2', '0', '4', '0', '100', '0', '0', '0', '0', '0', '0', '1', '0', '0', '0', '0', '0', '0', '1', '0', '0', '0', '0', '0', '0', '0', '0', 'Vesprystus - On Aggro - Say Line 0');
-- Text 5474 already present in Sun DB
INSERT INTO gossip_menu (`MenuID`, `TextID`) VALUES ('4302', '5474');
INSERT INTO gossip_menu_option (`MenuID`, `OptionID`, `OptionIcon`, `OptionText`, `OptionBroadcastTextID`, `OptionType`, `OptionNpcFlag`, `ActionMenuID`, `ActionPoiID`, `BoxCoded`, `BoxMoney`, `BoxText`, `BoxBroadcastTextID`) VALUES ('4302', '0', '2', 'I need a ride.', '3409', '4', '8192', NULL, NULL, '0', '0', '', NULL);
UPDATE creature_template SET npcflag = (npcflag | 1), gossip_menu_id = 4302 WHERE entry = 3838;


-- Importing creature gossip with entry 2858 (Gringer) with import type SMART
UPDATE creature_template SET ScriptName = '', AIName = 'SmartAI' WHERE entry = 2858;
DELETE FROM smart_scripts WHERE entryorguid = 2858 AND source_type = 0;
DELETE FROM creature_text WHERE CreatureID = 2858;
INSERT INTO creature_text (`CreatureID`, `GroupID`, `ID`, `Text`, `Type`, `Language`, `Probability`, `Emote`, `Duration`, `Sound`, `BroadcastTextId`, `TextRange`, `comment`) VALUES ('2858', '0', '0', 'Guards!', '14', '1', '100', '0', '0', '0', '4561', '0', 'Gringer');
INSERT INTO smart_scripts (`entryorguid`, `source_type`, `id`, `link`, `event_type`, `event_phase_mask`, `event_chance`, `event_flags`, `event_param1`, `event_param2`, `event_param3`, `event_param4`, `event_param5`, `action_type`, `action_param1`, `action_param2`, `action_param3`, `action_param4`, `action_param5`, `action_param6`, `target_type`, `target_param1`, `target_param2`, `target_param3`, `target_param4`, `target_x`, `target_y`, `target_z`, `target_o`, `comment`) VALUES ('2858', '0', '0', '0', '4', '0', '100', '512', '0', '0', '0', '0', '0', '11', '14307', '2', '0', '0', '0', '0', '1', '0', '0', '0', '0', '0', '0', '0', '0', 'Gringer - On Aggro - Summon Creature \'Enraged Wyvern\''), ('2858', '0', '2', '0', '4', '0', '100', '0', '0', '0', '0', '0', '0', '1', '0', '0', '0', '0', '0', '0', '1', '0', '0', '0', '0', '0', '0', '0', '0', 'Gringer - On Aggro - Say Line 0');
-- Text 5454 already present in Sun DB
INSERT INTO gossip_menu (`MenuID`, `TextID`) VALUES ('4307', '5454');
INSERT INTO gossip_menu_option (`MenuID`, `OptionID`, `OptionIcon`, `OptionText`, `OptionBroadcastTextID`, `OptionType`, `OptionNpcFlag`, `ActionMenuID`, `ActionPoiID`, `BoxCoded`, `BoxMoney`, `BoxText`, `BoxBroadcastTextID`) VALUES ('4307', '0', '2', 'I need a ride.', '3409', '4', '8192', NULL, NULL, '0', '0', '', NULL);
UPDATE creature_template SET npcflag = (npcflag | 1), gossip_menu_id = 4307 WHERE entry = 2858;


-- Importing creature gossip with entry 3615 (Devrak) with import type SMART
UPDATE creature_template SET ScriptName = '', AIName = 'SmartAI' WHERE entry = 3615;
DELETE FROM smart_scripts WHERE entryorguid = 3615 AND source_type = 0;
DELETE FROM creature_text WHERE CreatureID = 3615;
INSERT INTO creature_text (`CreatureID`, `GroupID`, `ID`, `Text`, `Type`, `Language`, `Probability`, `Emote`, `Duration`, `Sound`, `BroadcastTextId`, `TextRange`, `comment`) VALUES ('3615', '0', '0', 'Guards!', '14', '1', '100', '0', '0', '0', '4561', '0', 'Devrak');
INSERT INTO smart_scripts (`entryorguid`, `source_type`, `id`, `link`, `event_type`, `event_phase_mask`, `event_chance`, `event_flags`, `event_param1`, `event_param2`, `event_param3`, `event_param4`, `event_param5`, `action_type`, `action_param1`, `action_param2`, `action_param3`, `action_param4`, `action_param5`, `action_param6`, `target_type`, `target_param1`, `target_param2`, `target_param3`, `target_param4`, `target_x`, `target_y`, `target_z`, `target_o`, `comment`) VALUES ('3615', '0', '0', '0', '4', '0', '100', '512', '0', '0', '0', '0', '0', '11', '14307', '2', '0', '0', '0', '0', '1', '0', '0', '0', '0', '0', '0', '0', '0', 'Devrak - On Aggro - Summon Creature \'Enraged Wyvern\''), ('3615', '0', '2', '0', '4', '0', '100', '0', '0', '0', '0', '0', '0', '1', '0', '0', '0', '0', '0', '0', '1', '0', '0', '0', '0', '0', '0', '0', '0', 'Devrak - On Aggro - Say Line 0');
-- Text 5495 already present in Sun DB
INSERT INTO gossip_menu (`MenuID`, `TextID`) VALUES ('4323', '5495');
INSERT INTO gossip_menu_option (`MenuID`, `OptionID`, `OptionIcon`, `OptionText`, `OptionBroadcastTextID`, `OptionType`, `OptionNpcFlag`, `ActionMenuID`, `ActionPoiID`, `BoxCoded`, `BoxMoney`, `BoxText`, `BoxBroadcastTextID`) VALUES ('4323', '0', '2', 'I need a ride.', '3409', '4', '8192', NULL, NULL, '0', '0', '', NULL);
UPDATE creature_template SET npcflag = (npcflag | 1), gossip_menu_id = 4323 WHERE entry = 3615;


-- Importing creature gossip with entry 2995 (Tal) with import type SMART
UPDATE creature_template SET ScriptName = '', AIName = 'SmartAI' WHERE entry = 2995;
DELETE FROM smart_scripts WHERE entryorguid = 2995 AND source_type = 0;
DELETE FROM creature_text WHERE CreatureID = 2995;
INSERT INTO creature_text (`CreatureID`, `GroupID`, `ID`, `Text`, `Type`, `Language`, `Probability`, `Emote`, `Duration`, `Sound`, `BroadcastTextId`, `TextRange`, `comment`) VALUES ('2995', '0', '0', 'You will not defile our sacred land!', '14', '3', '100', '0', '0', '0', '4560', '0', 'Tal');
INSERT INTO smart_scripts (`entryorguid`, `source_type`, `id`, `link`, `event_type`, `event_phase_mask`, `event_chance`, `event_flags`, `event_param1`, `event_param2`, `event_param3`, `event_param4`, `event_param5`, `action_type`, `action_param1`, `action_param2`, `action_param3`, `action_param4`, `action_param5`, `action_param6`, `target_type`, `target_param1`, `target_param2`, `target_param3`, `target_param4`, `target_x`, `target_y`, `target_z`, `target_o`, `comment`) VALUES ('2995', '0', '0', '0', '4', '0', '100', '512', '0', '0', '0', '0', '0', '11', '14307', '2', '0', '0', '0', '0', '1', '0', '0', '0', '0', '0', '0', '0', '0', 'Tal - On Aggro - Summon Creature \'Enraged Wyvern\''), ('2995', '0', '2', '0', '4', '0', '100', '0', '0', '0', '0', '0', '0', '1', '0', '0', '0', '0', '0', '0', '1', '0', '0', '0', '0', '0', '0', '0', '0', 'Tal - On Aggro - Say Line 0');
-- Text 5500 already present in Sun DB
INSERT INTO gossip_menu (`MenuID`, `TextID`) VALUES ('4326', '5500');
INSERT INTO gossip_menu_option (`MenuID`, `OptionID`, `OptionIcon`, `OptionText`, `OptionBroadcastTextID`, `OptionType`, `OptionNpcFlag`, `ActionMenuID`, `ActionPoiID`, `BoxCoded`, `BoxMoney`, `BoxText`, `BoxBroadcastTextID`) VALUES ('4326', '0', '2', 'I need a ride.', '3409', '4', '8192', NULL, NULL, '0', '0', '', NULL);
UPDATE creature_template SET npcflag = (npcflag | 1), gossip_menu_id = 4326 WHERE entry = 2995;


-- Importing creature gossip with entry 1572 (Thorgrum Borrelson) with import type SMART
UPDATE creature_template SET ScriptName = '', AIName = 'SmartAI' WHERE entry = 1572;
DELETE FROM smart_scripts WHERE entryorguid = 1572 AND source_type = 0;
DELETE FROM creature_text WHERE CreatureID = 1572;
INSERT INTO creature_text (`CreatureID`, `GroupID`, `ID`, `Text`, `Type`, `Language`, `Probability`, `Emote`, `Duration`, `Sound`, `BroadcastTextId`, `TextRange`, `comment`) VALUES ('1572', '0', '0', 'Guards!', '14', '6', '100', '0', '0', '0', '4583', '0', 'Thorgrum Borrelson');
INSERT INTO smart_scripts (`entryorguid`, `source_type`, `id`, `link`, `event_type`, `event_phase_mask`, `event_chance`, `event_flags`, `event_param1`, `event_param2`, `event_param3`, `event_param4`, `event_param5`, `action_type`, `action_param1`, `action_param2`, `action_param3`, `action_param4`, `action_param5`, `action_param6`, `target_type`, `target_param1`, `target_param2`, `target_param3`, `target_param4`, `target_x`, `target_y`, `target_z`, `target_o`, `comment`) VALUES ('1572', '0', '0', '0', '4', '0', '100', '512', '0', '0', '0', '0', '0', '11', '14313', '2', '0', '0', '0', '0', '1', '0', '0', '0', '0', '0', '0', '0', '0', 'Thorgrum Borrelson - On Aggro - Summon Creature \'Enraged Gryphon\''), ('1572', '0', '2', '0', '4', '0', '100', '0', '0', '0', '0', '0', '0', '1', '0', '0', '0', '0', '0', '0', '1', '0', '0', '0', '0', '0', '0', '0', '0', 'Thorgrum Borrelson - On Aggro - Say Line 0');
-- Text 5580 already present in Sun DB
INSERT INTO gossip_menu (`MenuID`, `TextID`) VALUES ('4358', '5580');
INSERT INTO gossip_menu_option (`MenuID`, `OptionID`, `OptionIcon`, `OptionText`, `OptionBroadcastTextID`, `OptionType`, `OptionNpcFlag`, `ActionMenuID`, `ActionPoiID`, `BoxCoded`, `BoxMoney`, `BoxText`, `BoxBroadcastTextID`) VALUES ('4358', '0', '2', 'I need a ride.', '3409', '4', '8192', NULL, NULL, '0', '0', '', NULL);
UPDATE creature_template SET npcflag = (npcflag | 1), gossip_menu_id = 4358 WHERE entry = 1572;


-- Importing creature gossip with entry 918 (Osborne the Night Man) with import type SMART
UPDATE creature_template SET ScriptName = '', AIName = 'SmartAI' WHERE entry = 918;
DELETE FROM smart_scripts WHERE entryorguid = 918 AND source_type = 0;
INSERT INTO gossip_text (`ID`, `comment`, `text0_0`, `text0_1`, `BroadcastTextID0`, `lang0`, `Probability0`, `em0_0`, `em0_1`, `em0_2`, `em0_3`, `em0_4`, `em0_5`, `text1_0`, `text1_1`, `BroadcastTextID1`, `lang1`, `Probability1`, `em1_0`, `em1_1`, `em1_2`, `em1_3`, `em1_4`, `em1_5`, `text2_0`, `text2_1`, `BroadcastTextID2`, `lang2`, `Probability2`, `em2_0`, `em2_1`, `em2_2`, `em2_3`, `em2_4`, `em2_5`, `text3_0`, `text3_1`, `BroadcastTextID3`, `lang3`, `Probability3`, `em3_0`, `em3_1`, `em3_2`, `em3_3`, `em3_4`, `em3_5`, `text4_0`, `text4_1`, `BroadcastTextID4`, `lang4`, `Probability4`, `em4_0`, `em4_1`, `em4_2`, `em4_3`, `em4_4`, `em4_5`, `text5_0`, `text5_1`, `BroadcastTextID5`, `lang5`, `Probability5`, `em5_0`, `em5_1`, `em5_2`, `em5_3`, `em5_4`, `em5_5`, `text6_0`, `text6_1`, `BroadcastTextID6`, `lang6`, `Probability6`, `em6_0`, `em6_1`, `em6_2`, `em6_3`, `em6_4`, `em6_5`, `text7_0`, `text7_1`, `BroadcastTextID7`, `lang7`, `Probability7`, `em7_0`, `em7_1`, `em7_2`, `em7_3`, `em7_4`, `em7_5`) VALUES ('1872543', 'Imported from TC', 'You look like the type I should watch my coin purse around. Something I can help you with?', 'You look like the type I should watch my coin purse around. Something I can help you with?', '8717', '7', '1', '0', '0', '0', '0', '0', '0', '', '', NULL, '0', '0', '0', '0', '0', '0', '0', '0', '', '', NULL, '0', '0', '0', '0', '0', '0', '0', '0', '', '', NULL, '0', '0', '0', '0', '0', '0', '0', '0', '', '', NULL, '0', '0', '0', '0', '0', '0', '0', '0', '', '', NULL, '0', '0', '0', '0', '0', '0', '0', '0', '', '', NULL, '0', '0', '0', '0', '0', '0', '0', '0', '', '', NULL, '0', '0', '0', '0', '0', '0', '0', '0');
INSERT INTO conditions (`SourceTypeOrReferenceId`, `SourceGroup`, `SourceEntry`, `SourceId`, `ElseGroup`, `ConditionTypeOrReference`, `ConditionTarget`, `ConditionValue1`, `ConditionValue2`, `ConditionValue3`, `NegativeCondition`, `ErrorType`, `ErrorTextId`, `ScriptName`, `Comment`) VALUES ('14', '4502', '1872543', '0', '0', '15', '0', '8', '0', '0', '0', '0', '0', '', '(autoimported) Show gossip text if player is a Rogue');
INSERT INTO gossip_menu (`MenuID`, `TextID`) VALUES ('4502', '1872543');
INSERT INTO gossip_text (`ID`, `comment`, `text0_0`, `text0_1`, `BroadcastTextID0`, `lang0`, `Probability0`, `em0_0`, `em0_1`, `em0_2`, `em0_3`, `em0_4`, `em0_5`, `text1_0`, `text1_1`, `BroadcastTextID1`, `lang1`, `Probability1`, `em1_0`, `em1_1`, `em1_2`, `em1_3`, `em1_4`, `em1_5`, `text2_0`, `text2_1`, `BroadcastTextID2`, `lang2`, `Probability2`, `em2_0`, `em2_1`, `em2_2`, `em2_3`, `em2_4`, `em2_5`, `text3_0`, `text3_1`, `BroadcastTextID3`, `lang3`, `Probability3`, `em3_0`, `em3_1`, `em3_2`, `em3_3`, `em3_4`, `em3_5`, `text4_0`, `text4_1`, `BroadcastTextID4`, `lang4`, `Probability4`, `em4_0`, `em4_1`, `em4_2`, `em4_3`, `em4_4`, `em4_5`, `text5_0`, `text5_1`, `BroadcastTextID5`, `lang5`, `Probability5`, `em5_0`, `em5_1`, `em5_2`, `em5_3`, `em5_4`, `em5_5`, `text6_0`, `text6_1`, `BroadcastTextID6`, `lang6`, `Probability6`, `em6_0`, `em6_1`, `em6_2`, `em6_3`, `em6_4`, `em6_5`, `text7_0`, `text7_1`, `BroadcastTextID7`, `lang7`, `Probability7`, `em7_0`, `em7_1`, `em7_2`, `em7_3`, `em7_4`, `em7_5`) VALUES ('1872544', 'Imported from TC', 'I don\'t think you want to learn anything I can teach. Might want to find a $c trainer to help you out.', 'I don\'t think you want to learn anything I can teach. Might want to find a $c trainer to help you out.', '8716', '7', '1', '0', '0', '0', '0', '0', '0', '', '', NULL, '0', '0', '0', '0', '0', '0', '0', '0', '', '', NULL, '0', '0', '0', '0', '0', '0', '0', '0', '', '', NULL, '0', '0', '0', '0', '0', '0', '0', '0', '', '', NULL, '0', '0', '0', '0', '0', '0', '0', '0', '', '', NULL, '0', '0', '0', '0', '0', '0', '0', '0', '', '', NULL, '0', '0', '0', '0', '0', '0', '0', '0', '', '', NULL, '0', '0', '0', '0', '0', '0', '0', '0');
INSERT INTO conditions (`SourceTypeOrReferenceId`, `SourceGroup`, `SourceEntry`, `SourceId`, `ElseGroup`, `ConditionTypeOrReference`, `ConditionTarget`, `ConditionValue1`, `ConditionValue2`, `ConditionValue3`, `NegativeCondition`, `ErrorType`, `ErrorTextId`, `ScriptName`, `Comment`) VALUES ('14', '4502', '1872544', '0', '0', '15', '0', '1527', '0', '0', '0', '0', '0', '', '(autoimported) Show gossip text if player is not a Rogue');
INSERT INTO gossip_menu (`MenuID`, `TextID`) VALUES ('4502', '1872544');
INSERT INTO gossip_menu_option (`MenuID`, `OptionID`, `OptionIcon`, `OptionText`, `OptionBroadcastTextID`, `OptionType`, `OptionNpcFlag`, `ActionMenuID`, `ActionPoiID`, `BoxCoded`, `BoxMoney`, `BoxText`, `BoxBroadcastTextID`) VALUES ('4502', '0', '3', 'Can you train me how to use rogue skills?', '7491', '5', '16', NULL, NULL, '0', '0', '', NULL);
-- Menu 4461 is already imported as 57061
INSERT INTO gossip_menu_option (`MenuID`, `OptionID`, `OptionIcon`, `OptionText`, `OptionBroadcastTextID`, `OptionType`, `OptionNpcFlag`, `ActionMenuID`, `ActionPoiID`, `BoxCoded`, `BoxMoney`, `BoxText`, `BoxBroadcastTextID`) VALUES ('4502', '1', '0', 'I wish to unlearn my talents.', '62295', '16', '16', '57061', NULL, '0', '0', '', NULL);
-- Menu 10371 is already imported as 57062
INSERT INTO gossip_menu_option (`MenuID`, `OptionID`, `OptionIcon`, `OptionText`, `OptionBroadcastTextID`, `OptionType`, `OptionNpcFlag`, `ActionMenuID`, `ActionPoiID`, `BoxCoded`, `BoxMoney`, `BoxText`, `BoxBroadcastTextID`, `patch_min`) VALUES ('4502', '2', '0', 'I wish to know about Dual Talent Specialization.', '33762', '20', '1', '57062', NULL, '0', '0', '', NULL, '5');
INSERT INTO gossip_menu_option (`MenuID`, `OptionID`, `OptionIcon`, `OptionText`, `OptionBroadcastTextID`, `OptionType`, `OptionNpcFlag`, `ActionMenuID`, `ActionPoiID`, `BoxCoded`, `BoxMoney`, `BoxText`, `BoxBroadcastTextID`) VALUES ('4502', '4', '0', '<Take the letter>', NULL, '1', '1', NULL, NULL, '0', '0', '', NULL);
INSERT INTO conditions (`SourceTypeOrReferenceId`, `SourceGroup`, `SourceEntry`, `SourceId`, `ElseGroup`, `ConditionTypeOrReference`, `ConditionTarget`, `ConditionValue1`, `ConditionValue2`, `ConditionValue3`, `NegativeCondition`, `ErrorType`, `ErrorTextId`, `ScriptName`, `Comment`) VALUES ('15', '4502', '0', '0', '0', '15', '0', '8', '0', '0', '0', '0', '0', '', '(autoimported) Show gossip option if player is a Rogue');
INSERT INTO conditions (`SourceTypeOrReferenceId`, `SourceGroup`, `SourceEntry`, `SourceId`, `ElseGroup`, `ConditionTypeOrReference`, `ConditionTarget`, `ConditionValue1`, `ConditionValue2`, `ConditionValue3`, `NegativeCondition`, `ErrorType`, `ErrorTextId`, `ScriptName`, `Comment`) VALUES ('15', '4502', '1', '0', '0', '15', '0', '8', '0', '0', '0', '0', '0', '', '(autoimported) Show gossip option if player is a Rogue');
INSERT INTO conditions (`SourceTypeOrReferenceId`, `SourceGroup`, `SourceEntry`, `SourceId`, `ElseGroup`, `ConditionTypeOrReference`, `ConditionTarget`, `ConditionValue1`, `ConditionValue2`, `ConditionValue3`, `NegativeCondition`, `ErrorType`, `ErrorTextId`, `ScriptName`, `Comment`) VALUES ('15', '4502', '2', '0', '0', '15', '0', '8', '0', '0', '0', '0', '0', '', '(autoimported) Show gossip option if player is a Rogue');
INSERT INTO conditions (`SourceTypeOrReferenceId`, `SourceGroup`, `SourceEntry`, `SourceId`, `ElseGroup`, `ConditionTypeOrReference`, `ConditionTarget`, `ConditionValue1`, `ConditionValue2`, `ConditionValue3`, `NegativeCondition`, `ErrorType`, `ErrorTextId`, `ScriptName`, `Comment`) VALUES ('15', '4502', '4', '0', '0', '15', '0', '8', '0', '0', '0', '0', '0', '', '(autoimported) Show gossip option if player is a rogue');
INSERT INTO conditions (`SourceTypeOrReferenceId`, `SourceGroup`, `SourceEntry`, `SourceId`, `ElseGroup`, `ConditionTypeOrReference`, `ConditionTarget`, `ConditionValue1`, `ConditionValue2`, `ConditionValue3`, `NegativeCondition`, `ErrorType`, `ErrorTextId`, `ScriptName`, `Comment`) VALUES ('15', '4502', '4', '0', '0', '27', '0', '24', '3', '0', '0', '0', '0', '', '(autoimported) Show gossip option if player is at least level 24');
INSERT INTO conditions (`SourceTypeOrReferenceId`, `SourceGroup`, `SourceEntry`, `SourceId`, `ElseGroup`, `ConditionTypeOrReference`, `ConditionTarget`, `ConditionValue1`, `ConditionValue2`, `ConditionValue3`, `NegativeCondition`, `ErrorType`, `ErrorTextId`, `ScriptName`, `Comment`) VALUES ('15', '4502', '4', '0', '0', '2', '0', '17126', '1', '0', '1', '0', '0', '', '(autoimported) Show gossip option if player does not have Elegant Letter');
INSERT INTO conditions (`SourceTypeOrReferenceId`, `SourceGroup`, `SourceEntry`, `SourceId`, `ElseGroup`, `ConditionTypeOrReference`, `ConditionTarget`, `ConditionValue1`, `ConditionValue2`, `ConditionValue3`, `NegativeCondition`, `ErrorType`, `ErrorTextId`, `ScriptName`, `Comment`) VALUES ('15', '4502', '4', '0', '0', '8', '0', '6681', '0', '0', '1', '0', '0', '', '(autoimported) Show gossip option if player is not rewarded for quest 6681');
INSERT INTO conditions (`SourceTypeOrReferenceId`, `SourceGroup`, `SourceEntry`, `SourceId`, `ElseGroup`, `ConditionTypeOrReference`, `ConditionTarget`, `ConditionValue1`, `ConditionValue2`, `ConditionValue3`, `NegativeCondition`, `ErrorType`, `ErrorTextId`, `ScriptName`, `Comment`) VALUES ('15', '4502', '4', '0', '0', '9', '0', '6681', '0', '0', '1', '0', '0', '', '(autoimported) Show gossip option if player does not have quest 6681 taken');
INSERT INTO conditions (`SourceTypeOrReferenceId`, `SourceGroup`, `SourceEntry`, `SourceId`, `ElseGroup`, `ConditionTypeOrReference`, `ConditionTarget`, `ConditionValue1`, `ConditionValue2`, `ConditionValue3`, `NegativeCondition`, `ErrorType`, `ErrorTextId`, `ScriptName`, `Comment`) VALUES ('15', '4502', '4', '0', '0', '28', '0', '6681', '0', '0', '1', '0', '0', '', '(autoimported) Show gossip option if player does not have quest 6681 complete');
INSERT INTO smart_scripts (`entryorguid`, `source_type`, `id`, `link`, `event_type`, `event_phase_mask`, `event_chance`, `event_flags`, `event_param1`, `event_param2`, `event_param3`, `event_param4`, `event_param5`, `action_type`, `action_param1`, `action_param2`, `action_param3`, `action_param4`, `action_param5`, `action_param6`, `target_type`, `target_param1`, `target_param2`, `target_param3`, `target_param4`, `target_x`, `target_y`, `target_z`, `target_o`, `comment`) VALUES ('918', '0', '1', '0', '61', '0', '100', '512', '0', '0', '0', '0', '0', '11', '21100', '0', '0', '0', '0', '0', '7', '0', '0', '0', '0', '0', '0', '0', '0', 'Osborne the Night Man - Linked with Previous Event - Cast Conjure Elegant Letter'), ('918', '0', '0', '1', '62', '0', '100', '512', '4502', '4', '0', '0', '0', '72', '0', '0', '0', '0', '0', '0', '7', '0', '0', '0', '0', '0', '0', '0', '0', 'Osborne the Night Man - On Gossip Select - Close gossip');
-- Menu 4502 is already imported
UPDATE creature_template SET npcflag = (npcflag | 1), gossip_menu_id = 4502 WHERE entry = 918;


-- Importing creature gossip with entry 4488 (Parqual Fintallas) with import type SMART
UPDATE creature_template SET ScriptName = '', AIName = 'SmartAI' WHERE entry = 4488;
DELETE FROM smart_scripts WHERE entryorguid = 4488 AND source_type = 0;
DELETE FROM creature_text WHERE CreatureID = 4488;
INSERT INTO creature_text (`CreatureID`, `GroupID`, `ID`, `Text`, `Type`, `Language`, `Probability`, `Emote`, `Duration`, `Sound`, `BroadcastTextId`, `TextRange`, `comment`) VALUES ('4488', '0', '0', 'Kel\'Thuzad? If you know that name at all, then perhaps you did read the book I sent you to get.$B$BUnfortunately, your answer is incorrect.', '12', '0', '100', '1', '5000', '0', '8373', '0', 'Parqual replies to option 1');
INSERT INTO creature_text (`CreatureID`, `GroupID`, `ID`, `Text`, `Type`, `Language`, `Probability`, `Emote`, `Duration`, `Sound`, `BroadcastTextId`, `TextRange`, `comment`) VALUES ('4488', '1', '0', 'Gul\'dan. Not a name many have heard on Azeroth.$B$BUnfortunately, not the correct answer.', '12', '0', '100', '1', '5000', '0', '8374', '0', 'Parqual replies to option 2');
INSERT INTO creature_text (`CreatureID`, `GroupID`, `ID`, `Text`, `Type`, `Language`, `Probability`, `Emote`, `Duration`, `Sound`, `BroadcastTextId`, `TextRange`, `comment`) VALUES ('4488', '2', '0', 'An interesting response to my question... and the wrong one.', '12', '0', '100', '1', '5000', '0', '8375', '0', 'Parqual replies to option 3');
INSERT INTO creature_text (`CreatureID`, `GroupID`, `ID`, `Text`, `Type`, `Language`, `Probability`, `Emote`, `Duration`, `Sound`, `BroadcastTextId`, `TextRange`, `comment`) VALUES ('4488', '3', '0', 'Ah, Ner\'zhul. Not a name that should be uttered lightly, but I did ask you for an answer.$B$BAnd Ner\'zhul is the correct one.', '12', '0', '100', '1', '5000', '0', '8376', '0', 'Parqual replies to option 4');
INSERT INTO creature_text (`CreatureID`, `GroupID`, `ID`, `Text`, `Type`, `Language`, `Probability`, `Emote`, `Duration`, `Sound`, `BroadcastTextId`, `TextRange`, `comment`) VALUES ('4488', '4', '0', 'I\'m afraid not, $n. Now, feel the shame you have brought upon yourself.', '12', '0', '100', '1', '3000', '0', '8394', '0', 'Parqual, reply 2 to option 1-3');
-- Text 5821 already present in Sun DB
INSERT INTO conditions (`SourceTypeOrReferenceId`, `SourceGroup`, `SourceEntry`, `SourceId`, `ElseGroup`, `ConditionTypeOrReference`, `ConditionTarget`, `ConditionValue1`, `ConditionValue2`, `ConditionValue3`, `NegativeCondition`, `ErrorType`, `ErrorTextId`, `ScriptName`, `Comment`) VALUES ('14', '4764', '5821', '0', '0', '9', '0', '6628', '0', '0', '1', '0', '0', '', '(autoimported) Show gossip dialog text 5821 if Quest 6628 is NOT taken');
INSERT INTO gossip_menu (`MenuID`, `TextID`) VALUES ('4764', '5821');
-- Text 5822 already present in Sun DB
INSERT INTO conditions (`SourceTypeOrReferenceId`, `SourceGroup`, `SourceEntry`, `SourceId`, `ElseGroup`, `ConditionTypeOrReference`, `ConditionTarget`, `ConditionValue1`, `ConditionValue2`, `ConditionValue3`, `NegativeCondition`, `ErrorType`, `ErrorTextId`, `ScriptName`, `Comment`) VALUES ('14', '4764', '5822', '0', '0', '9', '0', '6628', '0', '0', '0', '0', '0', '', '(autoimported) Show gossip dialog text 5822 if Quest 6628 is taken (active)');
INSERT INTO gossip_menu (`MenuID`, `TextID`) VALUES ('4764', '5822');
INSERT INTO gossip_menu_option (`MenuID`, `OptionID`, `OptionIcon`, `OptionText`, `OptionBroadcastTextID`, `OptionType`, `OptionNpcFlag`, `ActionMenuID`, `ActionPoiID`, `BoxCoded`, `BoxMoney`, `BoxText`, `BoxBroadcastTextID`) VALUES ('4764', '0', '0', 'Kel\'Thuzad is my answer.', '8377', '1', '1', NULL, NULL, '0', '0', '', NULL);
INSERT INTO gossip_menu_option (`MenuID`, `OptionID`, `OptionIcon`, `OptionText`, `OptionBroadcastTextID`, `OptionType`, `OptionNpcFlag`, `ActionMenuID`, `ActionPoiID`, `BoxCoded`, `BoxMoney`, `BoxText`, `BoxBroadcastTextID`) VALUES ('4764', '1', '0', 'Gul\'dan is my answer.', '8378', '1', '1', NULL, NULL, '0', '0', '', NULL);
INSERT INTO gossip_menu_option (`MenuID`, `OptionID`, `OptionIcon`, `OptionText`, `OptionBroadcastTextID`, `OptionType`, `OptionNpcFlag`, `ActionMenuID`, `ActionPoiID`, `BoxCoded`, `BoxMoney`, `BoxText`, `BoxBroadcastTextID`) VALUES ('4764', '2', '0', 'Kil\'jaeden is my answer.', '8379', '1', '1', NULL, NULL, '0', '0', '', NULL);
INSERT INTO gossip_menu_option (`MenuID`, `OptionID`, `OptionIcon`, `OptionText`, `OptionBroadcastTextID`, `OptionType`, `OptionNpcFlag`, `ActionMenuID`, `ActionPoiID`, `BoxCoded`, `BoxMoney`, `BoxText`, `BoxBroadcastTextID`) VALUES ('4764', '3', '0', 'Ner\'zhul is my answer.', '8380', '1', '1', NULL, NULL, '0', '0', '', NULL);
INSERT INTO conditions (`SourceTypeOrReferenceId`, `SourceGroup`, `SourceEntry`, `SourceId`, `ElseGroup`, `ConditionTypeOrReference`, `ConditionTarget`, `ConditionValue1`, `ConditionValue2`, `ConditionValue3`, `NegativeCondition`, `ErrorType`, `ErrorTextId`, `ScriptName`, `Comment`) VALUES ('15', '4764', '0', '0', '0', '9', '0', '6628', '0', '0', '0', '0', '0', '', '(autoimported) Show gossip option 4764 id 0 if Quest 6628 is taken (active)');
INSERT INTO conditions (`SourceTypeOrReferenceId`, `SourceGroup`, `SourceEntry`, `SourceId`, `ElseGroup`, `ConditionTypeOrReference`, `ConditionTarget`, `ConditionValue1`, `ConditionValue2`, `ConditionValue3`, `NegativeCondition`, `ErrorType`, `ErrorTextId`, `ScriptName`, `Comment`) VALUES ('15', '4764', '1', '0', '0', '9', '0', '6628', '0', '0', '0', '0', '0', '', '(autoimported) Show gossip option 4764 id 1 if Quest 6628 is taken (active)');
INSERT INTO conditions (`SourceTypeOrReferenceId`, `SourceGroup`, `SourceEntry`, `SourceId`, `ElseGroup`, `ConditionTypeOrReference`, `ConditionTarget`, `ConditionValue1`, `ConditionValue2`, `ConditionValue3`, `NegativeCondition`, `ErrorType`, `ErrorTextId`, `ScriptName`, `Comment`) VALUES ('15', '4764', '2', '0', '0', '9', '0', '6628', '0', '0', '0', '0', '0', '', '(autoimported) Show gossip option 4764 id 2 if Quest 6628 is taken (active)');
INSERT INTO conditions (`SourceTypeOrReferenceId`, `SourceGroup`, `SourceEntry`, `SourceId`, `ElseGroup`, `ConditionTypeOrReference`, `ConditionTarget`, `ConditionValue1`, `ConditionValue2`, `ConditionValue3`, `NegativeCondition`, `ErrorType`, `ErrorTextId`, `ScriptName`, `Comment`) VALUES ('15', '4764', '3', '0', '0', '9', '0', '6628', '0', '0', '0', '0', '0', '', '(autoimported) Show gossip option 4764 id 3 if Quest 6628 is taken (active)');
INSERT INTO conditions (`SourceTypeOrReferenceId`, `SourceGroup`, `SourceEntry`, `SourceId`, `ElseGroup`, `ConditionTypeOrReference`, `ConditionTarget`, `ConditionValue1`, `ConditionValue2`, `ConditionValue3`, `NegativeCondition`, `ErrorType`, `ErrorTextId`, `ScriptName`, `Comment`) VALUES ('15', '4764', '0', '0', '0', '1', '0', '6767', '0', '0', '1', '0', '0', '', '(autoimported) Show gossip option 4764 id 0 if Player does NOT have Aura from spell 6767');
INSERT INTO conditions (`SourceTypeOrReferenceId`, `SourceGroup`, `SourceEntry`, `SourceId`, `ElseGroup`, `ConditionTypeOrReference`, `ConditionTarget`, `ConditionValue1`, `ConditionValue2`, `ConditionValue3`, `NegativeCondition`, `ErrorType`, `ErrorTextId`, `ScriptName`, `Comment`) VALUES ('15', '4764', '1', '0', '0', '1', '0', '6767', '0', '0', '1', '0', '0', '', '(autoimported) Show gossip option 4764 id 1 if Player does NOT have Aura from spell 6767');
INSERT INTO conditions (`SourceTypeOrReferenceId`, `SourceGroup`, `SourceEntry`, `SourceId`, `ElseGroup`, `ConditionTypeOrReference`, `ConditionTarget`, `ConditionValue1`, `ConditionValue2`, `ConditionValue3`, `NegativeCondition`, `ErrorType`, `ErrorTextId`, `ScriptName`, `Comment`) VALUES ('15', '4764', '2', '0', '0', '1', '0', '6767', '0', '0', '1', '0', '0', '', '(autoimported) Show gossip option 4764 id 2 if Player does NOT have Aura from spell 6767');
INSERT INTO conditions (`SourceTypeOrReferenceId`, `SourceGroup`, `SourceEntry`, `SourceId`, `ElseGroup`, `ConditionTypeOrReference`, `ConditionTarget`, `ConditionValue1`, `ConditionValue2`, `ConditionValue3`, `NegativeCondition`, `ErrorType`, `ErrorTextId`, `ScriptName`, `Comment`) VALUES ('15', '4764', '3', '0', '0', '1', '0', '6767', '0', '0', '1', '0', '0', '', '(autoimported) Show gossip option 4764 id 3 if Player does NOT have Aura from spell 6767');
-- Creature text 4488 is already imported
-- Creature text 4488 is already imported
-- Menu 4764 is already imported
-- Menu 4764 is already imported
-- Creature text 4488 is already imported
-- Creature text 4488 is already imported
-- Menu 4764 is already imported
-- Creature text 4488 is already imported
-- Creature text 4488 is already imported
-- Menu 4764 is already imported
-- Menu 4764 is already imported
-- Menu 4764 is already imported
-- Menu 4764 is already imported
INSERT INTO smart_scripts (`entryorguid`, `source_type`, `id`, `link`, `event_type`, `event_phase_mask`, `event_chance`, `event_flags`, `event_param1`, `event_param2`, `event_param3`, `event_param4`, `event_param5`, `action_type`, `action_param1`, `action_param2`, `action_param3`, `action_param4`, `action_param5`, `action_param6`, `target_type`, `target_param1`, `target_param2`, `target_param3`, `target_param4`, `target_x`, `target_y`, `target_z`, `target_o`, `comment`) VALUES ('4488', '0', '17', '18', '61', '0', '100', '512', '0', '0', '0', '0', '0', '5', '2', '0', '0', '0', '0', '0', '7', '0', '0', '0', '0', '0', '0', '0', '0', 'Parqual Fintallas - On Gossip Option 3 Selected - Play Emote 2 '), ('4488', '0', '16', '17', '61', '0', '100', '512', '0', '0', '0', '0', '0', '1', '3', '3000', '0', '0', '0', '0', '7', '0', '0', '0', '0', '0', '0', '0', '0', 'Parqual Fintallas - On Gossip Option 3 Selected - Say Text 3'), ('4488', '0', '15', '16', '61', '0', '100', '512', '0', '0', '0', '0', '0', '72', '0', '0', '0', '0', '0', '0', '7', '0', '0', '0', '0', '0', '0', '0', '0', 'Parqual Fintallas - On Gossip Option 3 Selected - Close Gossip'), ('4488', '0', '7', '8', '61', '0', '100', '512', '0', '0', '0', '0', '0', '72', '0', '0', '0', '0', '0', '0', '7', '0', '0', '0', '0', '0', '0', '0', '0', 'Parqual Fintallas - On Gossip Option 1 Selected - Close Gossip'), ('4488', '0', '6', '7', '62', '0', '100', '512', '4764', '1', '0', '0', '0', '83', '3', '0', '0', '0', '0', '0', '10', '32022', '4488', '0', '0', '0', '0', '0', '0', 'Parqual Fintallas - On Gossip Option 1 Selected - Remove npcflags Gossip & Questgiver'), ('4488', '0', '5', '0', '61', '0', '100', '512', '0', '0', '0', '0', '0', '81', '3', '0', '0', '0', '0', '0', '10', '32022', '4488', '0', '0', '0', '0', '0', '0', 'Parqual Fintallas - On Text 4 Over - Set npcflags Gossip & Questgiver'), ('4488', '0', '4', '5', '52', '0', '100', '512', '4', '4488', '0', '0', '0', '11', '6767', '2', '0', '0', '0', '0', '12', '1', '0', '0', '0', '0', '0', '0', '0', 'Parqual Fintallas - On Text 4 Over - Cast \'Mark of Shame\''), ('4488', '0', '3', '0', '52', '0', '100', '0', '0', '4488', '0', '0', '0', '1', '4', '3000', '0', '0', '0', '0', '12', '1', '0', '0', '0', '0', '0', '0', '0', 'Parqual Fintallas - On Text 0 Over - Say Text 4'), ('4488', '0', '2', '0', '61', '0', '100', '512', '0', '0', '0', '0', '0', '1', '0', '5000', '0', '0', '0', '0', '7', '0', '0', '0', '0', '0', '0', '0', '0', 'Parqual Fintallas - On Gossip Option 0 Selected - Say Text 0'), ('4488', '0', '1', '2', '61', '0', '100', '512', '0', '0', '0', '0', '0', '72', '0', '0', '0', '0', '0', '0', '7', '0', '0', '0', '0', '0', '0', '0', '0', 'Parqual Fintallas - On Gossip Option 0 Selected - Close Gossip'), ('4488', '0', '0', '1', '62', '0', '100', '512', '4764', '0', '0', '0', '0', '83', '3', '0', '0', '0', '0', '0', '10', '32022', '4488', '0', '0', '0', '0', '0', '0', 'Parqual Fintallas - On Gossip Option 0 Selected - Remove npcflags Gossip & Questgiver'), ('4488', '0', '14', '15', '62', '0', '100', '512', '4764', '3', '0', '0', '0', '83', '3', '0', '0', '0', '0', '0', '10', '32022', '4488', '0', '0', '0', '0', '0', '0', 'Parqual Fintallas - On Gossip Option 3 Selected - Remove npcflags Gossip & Questgiver'), ('4488', '0', '13', '0', '52', '0', '100', '0', '2', '4488', '0', '0', '0', '1', '4', '3000', '0', '0', '0', '0', '12', '1', '0', '0', '0', '0', '0', '0', '0', 'Parqual Fintallas - On Text 2 Over - Say Text 4'), ('4488', '0', '12', '0', '61', '0', '100', '512', '0', '0', '0', '0', '0', '1', '2', '5000', '0', '0', '0', '0', '7', '0', '0', '0', '0', '0', '0', '0', '0', 'Parqual Fintallas - On Gossip Option 2 Selected - Say Text 2'), ('4488', '0', '11', '12', '61', '0', '100', '512', '0', '0', '0', '0', '0', '72', '0', '0', '0', '0', '0', '0', '7', '0', '0', '0', '0', '0', '0', '0', '0', 'Parqual Fintallas - On Gossip Option 2 Selected - Close Gossip'), ('4488', '0', '10', '11', '62', '0', '100', '512', '4764', '2', '0', '0', '0', '83', '3', '0', '0', '0', '0', '0', '10', '32022', '4488', '0', '0', '0', '0', '0', '0', 'Parqual Fintallas - On Gossip Option 2 Selected - Remove npcflags Gossip & Questgiver'), ('4488', '0', '9', '0', '52', '0', '100', '0', '1', '4488', '0', '0', '0', '1', '4', '3000', '0', '0', '0', '0', '12', '1', '0', '0', '0', '0', '0', '0', '0', 'Parqual Fintallas - On Text 1 Over - Say Text 4'), ('4488', '0', '8', '0', '61', '0', '100', '512', '0', '0', '0', '0', '0', '1', '1', '5000', '0', '0', '0', '0', '7', '0', '0', '0', '0', '0', '0', '0', '0', 'Parqual Fintallas - On Gossip Option 1 Selected - Say Text 1'), ('4488', '0', '19', '0', '61', '0', '100', '512', '0', '0', '0', '0', '0', '81', '3', '0', '0', '0', '0', '0', '10', '32022', '4488', '0', '0', '0', '0', '0', '0', 'Parqual Fintallas - On Gossip Option 3 Selected - Set npcflags Gossip & Questgiver'), ('4488', '0', '18', '19', '61', '0', '100', '512', '0', '0', '0', '0', '0', '15', '6628', '0', '0', '0', '0', '0', '7', '0', '0', '0', '0', '0', '0', '0', '0', 'Parqual Fintallas - On Gossip Option 3 Selected - Credit quest 6628 \'Test of Lore\''), ('4488', '0', '20', '0', '62', '0', '100', '0', '4764', '0', '0', '0', '0', '64', '1', '0', '0', '0', '0', '0', '7', '0', '0', '0', '0', '0', '0', '0', '0', 'Parqual Fintallas - On Gossip Option 0 Selected - Store target'), ('4488', '0', '21', '0', '62', '0', '100', '0', '4764', '1', '0', '0', '0', '64', '1', '0', '0', '0', '0', '0', '7', '0', '0', '0', '0', '0', '0', '0', '0', 'Parqual Fintallas - On Gossip Option 1 Selected - Store target'), ('4488', '0', '22', '0', '62', '0', '100', '0', '4764', '2', '0', '0', '0', '64', '1', '0', '0', '0', '0', '0', '7', '0', '0', '0', '0', '0', '0', '0', '0', 'Parqual Fintallas - On Gossip Option 2 Selected - Store target'), ('4488', '0', '23', '0', '62', '0', '100', '0', '4764', '3', '0', '0', '0', '64', '1', '0', '0', '0', '0', '0', '7', '0', '0', '0', '0', '0', '0', '0', '0', 'Parqual Fintallas - On Gossip Option 3 Selected - Store target');
-- Menu 4764 is already imported
UPDATE creature_template SET npcflag = (npcflag | 1), gossip_menu_id = 4764 WHERE entry = 4488;


-- Importing creature gossip with entry 2879 (Karrina Mekenda) with import type GOSSIP
-- Importing menu 4783 as 57064
INSERT INTO gossip_text (`ID`, `comment`, `text0_0`, `text0_1`, `BroadcastTextID0`, `lang0`, `Probability0`, `em0_0`, `em0_1`, `em0_2`, `em0_3`, `em0_4`, `em0_5`, `text1_0`, `text1_1`, `BroadcastTextID1`, `lang1`, `Probability1`, `em1_0`, `em1_1`, `em1_2`, `em1_3`, `em1_4`, `em1_5`, `text2_0`, `text2_1`, `BroadcastTextID2`, `lang2`, `Probability2`, `em2_0`, `em2_1`, `em2_2`, `em2_3`, `em2_4`, `em2_5`, `text3_0`, `text3_1`, `BroadcastTextID3`, `lang3`, `Probability3`, `em3_0`, `em3_1`, `em3_2`, `em3_3`, `em3_4`, `em3_5`, `text4_0`, `text4_1`, `BroadcastTextID4`, `lang4`, `Probability4`, `em4_0`, `em4_1`, `em4_2`, `em4_3`, `em4_4`, `em4_5`, `text5_0`, `text5_1`, `BroadcastTextID5`, `lang5`, `Probability5`, `em5_0`, `em5_1`, `em5_2`, `em5_3`, `em5_4`, `em5_5`, `text6_0`, `text6_1`, `BroadcastTextID6`, `lang6`, `Probability6`, `em6_0`, `em6_1`, `em6_2`, `em6_3`, `em6_4`, `em6_5`, `text7_0`, `text7_1`, `BroadcastTextID7`, `lang7`, `Probability7`, `em7_0`, `em7_1`, `em7_2`, `em7_3`, `em7_4`, `em7_5`) VALUES ('1872545', 'Imported from TC', 'You\'ve come for training in order to pass it on to your pets?', 'You\'ve come for training in order to pass it on to your pets?', '8406', '0', '1', '0', '0', '0', '0', '0', '0', '', '', NULL, '0', '0', '0', '0', '0', '0', '0', '0', '', '', NULL, '0', '0', '0', '0', '0', '0', '0', '0', '', '', NULL, '0', '0', '0', '0', '0', '0', '0', '0', '', '', NULL, '0', '0', '0', '0', '0', '0', '0', '0', '', '', NULL, '0', '0', '0', '0', '0', '0', '0', '0', '', '', NULL, '0', '0', '0', '0', '0', '0', '0', '0', '', '', NULL, '0', '0', '0', '0', '0', '0', '0', '0');
INSERT INTO conditions (`SourceTypeOrReferenceId`, `SourceGroup`, `SourceEntry`, `SourceId`, `ElseGroup`, `ConditionTypeOrReference`, `ConditionTarget`, `ConditionValue1`, `ConditionValue2`, `ConditionValue3`, `NegativeCondition`, `ErrorType`, `ErrorTextId`, `ScriptName`, `Comment`) VALUES ('14', '57064', '1872545', '0', '0', '15', '0', '4', '0', '0', '0', '0', '0', '', '(autoimported) Show gossip menu 57064 text id 1872545 if player is a Hunter.');
INSERT INTO gossip_menu (`MenuID`, `TextID`) VALUES ('57064', '1872545');
INSERT INTO gossip_text (`ID`, `comment`, `text0_0`, `text0_1`, `BroadcastTextID0`, `lang0`, `Probability0`, `em0_0`, `em0_1`, `em0_2`, `em0_3`, `em0_4`, `em0_5`, `text1_0`, `text1_1`, `BroadcastTextID1`, `lang1`, `Probability1`, `em1_0`, `em1_1`, `em1_2`, `em1_3`, `em1_4`, `em1_5`, `text2_0`, `text2_1`, `BroadcastTextID2`, `lang2`, `Probability2`, `em2_0`, `em2_1`, `em2_2`, `em2_3`, `em2_4`, `em2_5`, `text3_0`, `text3_1`, `BroadcastTextID3`, `lang3`, `Probability3`, `em3_0`, `em3_1`, `em3_2`, `em3_3`, `em3_4`, `em3_5`, `text4_0`, `text4_1`, `BroadcastTextID4`, `lang4`, `Probability4`, `em4_0`, `em4_1`, `em4_2`, `em4_3`, `em4_4`, `em4_5`, `text5_0`, `text5_1`, `BroadcastTextID5`, `lang5`, `Probability5`, `em5_0`, `em5_1`, `em5_2`, `em5_3`, `em5_4`, `em5_5`, `text6_0`, `text6_1`, `BroadcastTextID6`, `lang6`, `Probability6`, `em6_0`, `em6_1`, `em6_2`, `em6_3`, `em6_4`, `em6_5`, `text7_0`, `text7_1`, `BroadcastTextID7`, `lang7`, `Probability7`, `em7_0`, `em7_1`, `em7_2`, `em7_3`, `em7_4`, `em7_5`) VALUES ('1872546', 'Imported from TC', 'Ah friend, I only help hunters and their pets.', 'Ah friend, I only help hunters and their pets.', '8407', '0', '1', '0', '0', '0', '0', '0', '0', '', '', NULL, '0', '0', '0', '0', '0', '0', '0', '0', '', '', NULL, '0', '0', '0', '0', '0', '0', '0', '0', '', '', NULL, '0', '0', '0', '0', '0', '0', '0', '0', '', '', NULL, '0', '0', '0', '0', '0', '0', '0', '0', '', '', NULL, '0', '0', '0', '0', '0', '0', '0', '0', '', '', NULL, '0', '0', '0', '0', '0', '0', '0', '0', '', '', NULL, '0', '0', '0', '0', '0', '0', '0', '0');
INSERT INTO conditions (`SourceTypeOrReferenceId`, `SourceGroup`, `SourceEntry`, `SourceId`, `ElseGroup`, `ConditionTypeOrReference`, `ConditionTarget`, `ConditionValue1`, `ConditionValue2`, `ConditionValue3`, `NegativeCondition`, `ErrorType`, `ErrorTextId`, `ScriptName`, `Comment`) VALUES ('14', '57064', '1872546', '0', '0', '15', '0', '4', '0', '0', '1', '0', '0', '', '(autoimported) Show gossip menu 57064 text id 1872546 if player is not a Hunter.');
INSERT INTO gossip_menu (`MenuID`, `TextID`) VALUES ('57064', '1872546');
INSERT INTO gossip_text (`ID`, `comment`, `text0_0`, `text0_1`, `BroadcastTextID0`, `lang0`, `Probability0`, `em0_0`, `em0_1`, `em0_2`, `em0_3`, `em0_4`, `em0_5`, `text1_0`, `text1_1`, `BroadcastTextID1`, `lang1`, `Probability1`, `em1_0`, `em1_1`, `em1_2`, `em1_3`, `em1_4`, `em1_5`, `text2_0`, `text2_1`, `BroadcastTextID2`, `lang2`, `Probability2`, `em2_0`, `em2_1`, `em2_2`, `em2_3`, `em2_4`, `em2_5`, `text3_0`, `text3_1`, `BroadcastTextID3`, `lang3`, `Probability3`, `em3_0`, `em3_1`, `em3_2`, `em3_3`, `em3_4`, `em3_5`, `text4_0`, `text4_1`, `BroadcastTextID4`, `lang4`, `Probability4`, `em4_0`, `em4_1`, `em4_2`, `em4_3`, `em4_4`, `em4_5`, `text5_0`, `text5_1`, `BroadcastTextID5`, `lang5`, `Probability5`, `em5_0`, `em5_1`, `em5_2`, `em5_3`, `em5_4`, `em5_5`, `text6_0`, `text6_1`, `BroadcastTextID6`, `lang6`, `Probability6`, `em6_0`, `em6_1`, `em6_2`, `em6_3`, `em6_4`, `em6_5`, `text7_0`, `text7_1`, `BroadcastTextID7`, `lang7`, `Probability7`, `em7_0`, `em7_1`, `em7_2`, `em7_3`, `em7_4`, `em7_5`) VALUES ('13474', 'Imported from TC', 'Pet families come in one of three types. Ferocious pets, like cats, can dish out damage but can\'t take it as well. Tenacious pets, like turtles, are more defensive and can occupy an enemy\'s attention while you stay at range. Cunning pets, like spiders, have a mix of offensive and defensive abilities and are particularly useful in Battlegrounds and Arenas.$b$bAs your pet gains more experience, it can learn new talents just like you can, but at a slower rate. If you ever want to change your pet\'s talents, just come back to me.', 'Pet families come in one of three types. Ferocious pets, like cats, can dish out damage but can\'t take it as well. Tenacious pets, like turtles, are more defensive and can occupy an enemy\'s attention while you stay at range. Cunning pets, like spiders, have a mix of offensive and defensive abilities and are particularly useful in Battlegrounds and Arenas.$b$bAs your pet gains more experience, it can learn new talents just like you can, but at a slower rate. If you ever want to change your pet\'s talents, just come back to me.', '29626', '0', '1', '0', '1', '0', '273', '0', '0', '', '', NULL, '0', '0', '0', '0', '0', '0', '0', '0', '', '', NULL, '0', '0', '0', '0', '0', '0', '0', '0', '', '', NULL, '0', '0', '0', '0', '0', '0', '0', '0', '', '', NULL, '0', '0', '0', '0', '0', '0', '0', '0', '', '', NULL, '0', '0', '0', '0', '0', '0', '0', '0', '', '', NULL, '0', '0', '0', '0', '0', '0', '0', '0', '', '', NULL, '0', '0', '0', '0', '0', '0', '0', '0');
INSERT INTO gossip_menu (`MenuID`, `TextID`) VALUES ('9789', '13474');
INSERT INTO gossip_menu_option (`MenuID`, `OptionID`, `OptionIcon`, `OptionText`, `OptionBroadcastTextID`, `OptionType`, `OptionNpcFlag`, `ActionMenuID`, `ActionPoiID`, `BoxCoded`, `BoxMoney`, `BoxText`, `BoxBroadcastTextID`) VALUES ('57064', '0', '0', 'How do I train my pet?', '29625', '1', '1', '9789', NULL, '0', '0', '', NULL);
INSERT INTO gossip_text (`ID`, `comment`, `text0_0`, `text0_1`, `BroadcastTextID0`, `lang0`, `Probability0`, `em0_0`, `em0_1`, `em0_2`, `em0_3`, `em0_4`, `em0_5`, `text1_0`, `text1_1`, `BroadcastTextID1`, `lang1`, `Probability1`, `em1_0`, `em1_1`, `em1_2`, `em1_3`, `em1_4`, `em1_5`, `text2_0`, `text2_1`, `BroadcastTextID2`, `lang2`, `Probability2`, `em2_0`, `em2_1`, `em2_2`, `em2_3`, `em2_4`, `em2_5`, `text3_0`, `text3_1`, `BroadcastTextID3`, `lang3`, `Probability3`, `em3_0`, `em3_1`, `em3_2`, `em3_3`, `em3_4`, `em3_5`, `text4_0`, `text4_1`, `BroadcastTextID4`, `lang4`, `Probability4`, `em4_0`, `em4_1`, `em4_2`, `em4_3`, `em4_4`, `em4_5`, `text5_0`, `text5_1`, `BroadcastTextID5`, `lang5`, `Probability5`, `em5_0`, `em5_1`, `em5_2`, `em5_3`, `em5_4`, `em5_5`, `text6_0`, `text6_1`, `BroadcastTextID6`, `lang6`, `Probability6`, `em6_0`, `em6_1`, `em6_2`, `em6_3`, `em6_4`, `em6_5`, `text7_0`, `text7_1`, `BroadcastTextID7`, `lang7`, `Probability7`, `em7_0`, `em7_1`, `em7_2`, `em7_3`, `em7_4`, `em7_5`) VALUES ('1872547', 'Imported from TC', 'You can\'t teach an old dog new tricks.  At least that\'s what someone once told me.  Lucky for you, I\'ve discovered it to be untrue.$b$bNow then, would you like your pet to unlearn talents?', 'You can\'t teach an old dog new tricks.  At least that\'s what someone once told me.  Lucky for you, I\'ve discovered it to be untrue.$b$bNow then, would you like your pet to unlearn talents?', '10622', '0', '1', '0', '0', '0', '0', '0', '0', '', '', NULL, '0', '0', '0', '0', '0', '0', '0', '0', '', '', NULL, '0', '0', '0', '0', '0', '0', '0', '0', '', '', NULL, '0', '0', '0', '0', '0', '0', '0', '0', '', '', NULL, '0', '0', '0', '0', '0', '0', '0', '0', '', '', NULL, '0', '0', '0', '0', '0', '0', '0', '0', '', '', NULL, '0', '0', '0', '0', '0', '0', '0', '0', '', '', NULL, '0', '0', '0', '0', '0', '0', '0', '0');
INSERT INTO gossip_menu (`MenuID`, `TextID`) VALUES ('6520', '1872547');
INSERT INTO gossip_menu_option (`MenuID`, `OptionID`, `OptionIcon`, `OptionText`, `OptionBroadcastTextID`, `OptionType`, `OptionNpcFlag`, `ActionMenuID`, `ActionPoiID`, `BoxCoded`, `BoxMoney`, `BoxText`, `BoxBroadcastTextID`) VALUES ('6520', '0', '0', 'Yes, please do.', '10627', '1', '1', NULL, NULL, '0', '0', '', NULL);
INSERT INTO gossip_menu_option (`MenuID`, `OptionID`, `OptionIcon`, `OptionText`, `OptionBroadcastTextID`, `OptionType`, `OptionNpcFlag`, `ActionMenuID`, `ActionPoiID`, `BoxCoded`, `BoxMoney`, `BoxText`, `BoxBroadcastTextID`) VALUES ('57064', '1', '0', 'I wish to untrain my pet.', '10621', '1', '1', '6520', NULL, '0', '0', '', NULL);
INSERT INTO conditions (`SourceTypeOrReferenceId`, `SourceGroup`, `SourceEntry`, `SourceId`, `ElseGroup`, `ConditionTypeOrReference`, `ConditionTarget`, `ConditionValue1`, `ConditionValue2`, `ConditionValue3`, `NegativeCondition`, `ErrorType`, `ErrorTextId`, `ScriptName`, `Comment`) VALUES ('15', '57064', '0', '0', '0', '15', '0', '4', '0', '0', '0', '0', '0', '', '(autoimported) Show gossip menu 57064 option id 0 if player is a Hunter.');
INSERT INTO conditions (`SourceTypeOrReferenceId`, `SourceGroup`, `SourceEntry`, `SourceId`, `ElseGroup`, `ConditionTypeOrReference`, `ConditionTarget`, `ConditionValue1`, `ConditionValue2`, `ConditionValue3`, `NegativeCondition`, `ErrorType`, `ErrorTextId`, `ScriptName`, `Comment`) VALUES ('15', '57064', '1', '0', '0', '15', '0', '4', '0', '0', '0', '0', '0', '', '(autoimported) Show gossip menu 57064 option id 1 if player is a Hunter.');
INSERT INTO conditions (`SourceTypeOrReferenceId`, `SourceGroup`, `SourceEntry`, `SourceId`, `ElseGroup`, `ConditionTypeOrReference`, `ConditionTarget`, `ConditionValue1`, `ConditionValue2`, `ConditionValue3`, `NegativeCondition`, `ErrorType`, `ErrorTextId`, `ScriptName`, `Comment`) VALUES ('15', '57064', '1', '0', '0', '45', '0', '2', '0', '0', '0', '0', '0', '', '(autoimported) Show gossip menu 57064 option id 1 if Pet Type is hunter pet.');
UPDATE creature_template SET npcflag = (npcflag | 1), gossip_menu_id = 57064 WHERE entry = 2879;


-- Importing creature gossip with entry 3698 (Bolyun) with import type GOSSIP
-- Menu 4783 is already imported as 57064
UPDATE creature_template SET npcflag = (npcflag | 1), gossip_menu_id = 57064 WHERE entry = 3698;


-- Importing creature gossip with entry 16675 (Halthenis) with import type GOSSIP
-- Menu 4783 is already imported as 57064
UPDATE creature_template SET npcflag = (npcflag | 1), gossip_menu_id = 57064 WHERE entry = 16675;


-- Importing creature gossip with entry 3306 (Keldas) with import type GOSSIP
-- Menu 4783 is already imported as 57064
UPDATE creature_template SET npcflag = (npcflag | 1), gossip_menu_id = 57064 WHERE entry = 3306;


-- Importing creature gossip with entry 16271 (Telenus) with import type GOSSIP
-- Menu 4783 is already imported as 57064
UPDATE creature_template SET npcflag = (npcflag | 1), gossip_menu_id = 57064 WHERE entry = 16271;


-- Importing creature gossip with entry 3545 (Claude Erksine) with import type GOSSIP
-- Menu 4783 is already imported as 57064
UPDATE creature_template SET npcflag = (npcflag | 1), gossip_menu_id = 57064 WHERE entry = 3545;


-- Importing creature gossip with entry 4320 (Caelyb) with import type GOSSIP
-- Menu 4783 is already imported as 57064
UPDATE creature_template SET npcflag = (npcflag | 1), gossip_menu_id = 57064 WHERE entry = 4320;


-- Importing creature gossip with entry 10086 (Hesuwa Thunderhorn) with import type GOSSIP
-- Menu 4783 is already imported as 57064
UPDATE creature_template SET npcflag = (npcflag | 1), gossip_menu_id = 57064 WHERE entry = 10086;


-- Importing creature gossip with entry 16712 (Ganaar) with import type GOSSIP
-- Menu 4783 is already imported as 57064
UPDATE creature_template SET npcflag = (npcflag | 1), gossip_menu_id = 57064 WHERE entry = 16712;


-- Importing creature gossip with entry 543 (Nalesette Wildbringer) with import type GOSSIP
-- Menu 4783 is already imported as 57064
UPDATE creature_template SET npcflag = (npcflag | 1), gossip_menu_id = 57064 WHERE entry = 543;


-- Importing creature gossip with entry 12939 (Doctor Gustaf VanHowzen) with import type GOSSIP
-- Text 6414 already present in Sun DB
INSERT INTO gossip_menu (`MenuID`, `TextID`) VALUES ('5382', '6414');
-- Text 6415 already present in Sun DB
INSERT INTO gossip_menu (`MenuID`, `TextID`) VALUES ('5382', '6415');
INSERT INTO gossip_menu_option (`MenuID`, `OptionID`, `OptionIcon`, `OptionText`, `OptionBroadcastTextID`, `OptionType`, `OptionNpcFlag`, `ActionMenuID`, `ActionPoiID`, `BoxCoded`, `BoxMoney`, `BoxText`, `BoxBroadcastTextID`) VALUES ('5382', '0', '3', 'Train me.', '3266', '5', '16', NULL, NULL, '0', '0', '', NULL);
UPDATE creature_template SET npcflag = (npcflag | 1), gossip_menu_id = 5382 WHERE entry = 12939;


-- Importing creature gossip with entry 14241 (Ironbark the Redeemed) with import type GOSSIP
-- Importing menu 5602 as 57065
-- Text 6695 already present in Sun DB
INSERT INTO gossip_menu (`MenuID`, `TextID`) VALUES ('57065', '6695');
UPDATE creature_template SET npcflag = (npcflag | 1), gossip_menu_id = 57065 WHERE entry = 14241;


-- Importing creature gossip with entry 14354 (Pusillin) with import type SMART
UPDATE creature_template SET ScriptName = '', AIName = 'SmartAI' WHERE entry = 14354;
DELETE FROM smart_scripts WHERE entryorguid = 14354 AND source_type = 0;
-- Text 6877 already present in Sun DB
INSERT INTO gossip_menu (`MenuID`, `TextID`) VALUES ('5709', '6877');
INSERT INTO gossip_menu_option (`MenuID`, `OptionID`, `OptionIcon`, `OptionText`, `OptionBroadcastTextID`, `OptionType`, `OptionNpcFlag`, `ActionMenuID`, `ActionPoiID`, `BoxCoded`, `BoxMoney`, `BoxText`, `BoxBroadcastTextID`) VALUES ('5709', '0', '0', 'Game? Are you crazy?', '9352', '1', '1', NULL, NULL, '0', '0', '', NULL);
-- Text 6878 already present in Sun DB
INSERT INTO gossip_menu (`MenuID`, `TextID`) VALUES ('5710', '6878');
INSERT INTO gossip_menu_option (`MenuID`, `OptionID`, `OptionIcon`, `OptionText`, `OptionBroadcastTextID`, `OptionType`, `OptionNpcFlag`, `ActionMenuID`, `ActionPoiID`, `BoxCoded`, `BoxMoney`, `BoxText`, `BoxBroadcastTextID`) VALUES ('5710', '0', '0', 'Why you little...', '9355', '1', '1', NULL, NULL, '0', '0', '', NULL);
-- Text 6879 already present in Sun DB
INSERT INTO gossip_menu (`MenuID`, `TextID`) VALUES ('5711', '6879');
INSERT INTO gossip_menu_option (`MenuID`, `OptionID`, `OptionIcon`, `OptionText`, `OptionBroadcastTextID`, `OptionType`, `OptionNpcFlag`, `ActionMenuID`, `ActionPoiID`, `BoxCoded`, `BoxMoney`, `BoxText`, `BoxBroadcastTextID`) VALUES ('5711', '0', '0', 'Mark my words,, I will catch you,, imp. And when I do!', '9356', '1', '1', NULL, NULL, '0', '0', '', NULL);
-- Text 6880 already present in Sun DB
INSERT INTO gossip_menu (`MenuID`, `TextID`) VALUES ('5712', '6880');
INSERT INTO gossip_menu_option (`MenuID`, `OptionID`, `OptionIcon`, `OptionText`, `OptionBroadcastTextID`, `OptionType`, `OptionNpcFlag`, `ActionMenuID`, `ActionPoiID`, `BoxCoded`, `BoxMoney`, `BoxText`, `BoxBroadcastTextID`) VALUES ('5712', '0', '0', 'DIE!', '9359', '1', '1', NULL, NULL, '0', '0', '', NULL);
-- Text 6881 already present in Sun DB
INSERT INTO gossip_menu (`MenuID`, `TextID`) VALUES ('5713', '6881');
INSERT INTO gossip_menu_option (`MenuID`, `OptionID`, `OptionIcon`, `OptionText`, `OptionBroadcastTextID`, `OptionType`, `OptionNpcFlag`, `ActionMenuID`, `ActionPoiID`, `BoxCoded`, `BoxMoney`, `BoxText`, `BoxBroadcastTextID`) VALUES ('5713', '0', '0', 'Prepare to meet your maker.', '9362', '1', '1', NULL, NULL, '0', '0', '', NULL);
-- Menu 5709 is already imported
DELETE FROM smart_scripts WHERE entryorguid = 1435400 AND source_type = 9;
DELETE FROM creature_text WHERE CreatureID = 14354;
INSERT INTO creature_text (`CreatureID`, `GroupID`, `ID`, `Text`, `Type`, `Language`, `Probability`, `Emote`, `Duration`, `Sound`, `BroadcastTextId`, `TextRange`, `comment`) VALUES ('14354', '0', '0', 'If you want the key, you\'ll have to catch me!', '12', '0', '0', '0', '0', '0', '9349', '0', 'Pusillin text #1');
INSERT INTO creature_text (`CreatureID`, `GroupID`, `ID`, `Text`, `Type`, `Language`, `Probability`, `Emote`, `Duration`, `Sound`, `BroadcastTextId`, `TextRange`, `comment`) VALUES ('14354', '1', '0', 'Chase me if you dare! I run without a care!', '12', '0', '0', '0', '0', '0', '9353', '0', 'Pusillin text #2');
INSERT INTO creature_text (`CreatureID`, `GroupID`, `ID`, `Text`, `Type`, `Language`, `Probability`, `Emote`, `Duration`, `Sound`, `BroadcastTextId`, `TextRange`, `comment`) VALUES ('14354', '2', '0', 'Why would you ever want to harm me!? Come. Friends we can be!', '12', '0', '0', '0', '0', '0', '9357', '0', 'Pusillin text #3');
INSERT INTO creature_text (`CreatureID`, `GroupID`, `ID`, `Text`, `Type`, `Language`, `Probability`, `Emote`, `Duration`, `Sound`, `BroadcastTextId`, `TextRange`, `comment`) VALUES ('14354', '3', '0', 'DIE?! You make Pusillin cry!', '12', '0', '0', '0', '0', '0', '9360', '0', 'Pusillin text #4');
INSERT INTO creature_text (`CreatureID`, `GroupID`, `ID`, `Text`, `Type`, `Language`, `Probability`, `Emote`, `Duration`, `Sound`, `BroadcastTextId`, `TextRange`, `comment`) VALUES ('14354', '4', '0', 'Say hello to my little friends!', '12', '0', '0', '0', '0', '0', '9363', '0', 'Pusillin text #5');
INSERT INTO waypoints (`entry`, `pointid`, `position_x`, `position_y`, `position_z`, `point_comment`) VALUES ('14354', '1', '82.88', '-198.508', '-4.1331', 'Pusillin path');
INSERT INTO waypoints (`entry`, `pointid`, `position_x`, `position_y`, `position_z`, `point_comment`) VALUES ('14354', '2', '-159.153', '-201.138', '-4.15275', 'Pusillin path');
INSERT INTO waypoints (`entry`, `pointid`, `position_x`, `position_y`, `position_z`, `point_comment`) VALUES ('14354', '3', '-154.512', '-276.2', '-4.14787', 'Pusillin path');
INSERT INTO smart_scripts (`entryorguid`, `source_type`, `id`, `link`, `event_type`, `event_phase_mask`, `event_chance`, `event_flags`, `event_param1`, `event_param2`, `event_param3`, `event_param4`, `event_param5`, `action_type`, `action_param1`, `action_param2`, `action_param3`, `action_param4`, `action_param5`, `action_param6`, `target_type`, `target_param1`, `target_param2`, `target_param3`, `target_param4`, `target_x`, `target_y`, `target_z`, `target_o`, `comment`) VALUES ('1435400', '9', '0', '0', '0', '0', '100', '0', '0', '0', '0', '0', '0', '72', '0', '0', '0', '0', '0', '0', '7', '0', '0', '0', '0', '0', '0', '0', '0', 'Pusillin - On Script - Close Gossip'), ('1435400', '9', '1', '0', '0', '0', '100', '0', '0', '0', '0', '0', '0', '81', '0', '0', '0', '0', '0', '0', '1', '0', '0', '0', '0', '0', '0', '0', '0', 'Pusillin - On Script - Set Npc Flag '), ('1435400', '9', '2', '0', '0', '0', '100', '0', '0', '0', '0', '0', '0', '1', '0', '0', '0', '0', '0', '0', '1', '0', '0', '0', '0', '0', '0', '0', '0', 'Pusillin - On Script - Say Line 0'), ('1435400', '9', '3', '0', '0', '0', '100', '0', '0', '0', '0', '0', '0', '23', '1', '0', '0', '0', '0', '0', '7', '0', '0', '0', '0', '0', '0', '0', '0', 'Pusillin - On Script - Increment Phase By 1'), ('1435400', '9', '4', '0', '0', '0', '100', '0', '0', '0', '0', '0', '0', '53', '1', '14354', '0', '0', '0', '0', '1', '0', '0', '0', '0', '0', '0', '0', '0', 'Pusillin - On Script - Start Waypoint');
-- Menu 5710 is already imported
DELETE FROM smart_scripts WHERE entryorguid = 1435401 AND source_type = 9;
-- Creature text 14354 is already imported
INSERT INTO waypoints (`entry`, `pointid`, `position_x`, `position_y`, `position_z`, `point_comment`) VALUES ('143540', '1', '-159.64', '-320.208', '-4.14787', 'Pusillin path');
INSERT INTO waypoints (`entry`, `pointid`, `position_x`, `position_y`, `position_z`, `point_comment`) VALUES ('143540', '2', '-142.923', '-344.111', '-4.11348', 'Pusillin path');
INSERT INTO waypoints (`entry`, `pointid`, `position_x`, `position_y`, `position_z`, `point_comment`) VALUES ('143540', '3', '-84.2623', '-363.37', '-4.14729', 'Pusillin path');
INSERT INTO waypoints (`entry`, `pointid`, `position_x`, `position_y`, `position_z`, `point_comment`) VALUES ('143540', '4', '-71.9857', '-364.048', '-4.14729', 'Pusillin path');
INSERT INTO waypoints (`entry`, `pointid`, `position_x`, `position_y`, `position_z`, `point_comment`) VALUES ('143540', '5', '-53.8684', '-348.615', '-4.06211', 'Pusillin path');
INSERT INTO waypoints (`entry`, `pointid`, `position_x`, `position_y`, `position_z`, `point_comment`) VALUES ('143540', '6', '-31.2778', '-353.235', '-4.09911', 'Pusillin path');
INSERT INTO waypoints (`entry`, `pointid`, `position_x`, `position_y`, `position_z`, `point_comment`) VALUES ('143540', '7', '40.8255', '-356.709', '-4.12891', 'Pusillin path');
INSERT INTO waypoints (`entry`, `pointid`, `position_x`, `position_y`, `position_z`, `point_comment`) VALUES ('143540', '8', '44.4199', '-357.733', '-4.13713', 'Pusillin path');
INSERT INTO waypoints (`entry`, `pointid`, `position_x`, `position_y`, `position_z`, `point_comment`) VALUES ('143540', '9', '43.8367', '-362.318', '-4.14879', 'Pusillin path');
INSERT INTO waypoints (`entry`, `pointid`, `position_x`, `position_y`, `position_z`, `point_comment`) VALUES ('143540', '10', '36.4393', '-359.959', '-4.14924', 'Pusillin path');
INSERT INTO waypoints (`entry`, `pointid`, `position_x`, `position_y`, `position_z`, `point_comment`) VALUES ('143540', '11', '38.3357', '-357.051', '-4.13201', 'Pusillin path');
INSERT INTO waypoints (`entry`, `pointid`, `position_x`, `position_y`, `position_z`, `point_comment`) VALUES ('143540', '12', '55.7067', '-349.754', '-4.07173', 'Pusillin path');
INSERT INTO waypoints (`entry`, `pointid`, `position_x`, `position_y`, `position_z`, `point_comment`) VALUES ('143540', '13', '88.4046', '-354.125', '-4.10444', 'Pusillin path');
INSERT INTO waypoints (`entry`, `pointid`, `position_x`, `position_y`, `position_z`, `point_comment`) VALUES ('143540', '14', '113.54', '-372.365', '-4.08966', 'Pusillin path');
INSERT INTO smart_scripts (`entryorguid`, `source_type`, `id`, `link`, `event_type`, `event_phase_mask`, `event_chance`, `event_flags`, `event_param1`, `event_param2`, `event_param3`, `event_param4`, `event_param5`, `action_type`, `action_param1`, `action_param2`, `action_param3`, `action_param4`, `action_param5`, `action_param6`, `target_type`, `target_param1`, `target_param2`, `target_param3`, `target_param4`, `target_x`, `target_y`, `target_z`, `target_o`, `comment`) VALUES ('1435401', '9', '0', '0', '0', '0', '100', '0', '0', '0', '0', '0', '0', '72', '0', '0', '0', '0', '0', '0', '7', '0', '0', '0', '0', '0', '0', '0', '0', 'Pusillin - On Script - Close Gossip'), ('1435401', '9', '1', '0', '0', '0', '100', '0', '0', '0', '0', '0', '0', '81', '0', '0', '0', '0', '0', '0', '1', '0', '0', '0', '0', '0', '0', '0', '0', 'Pusillin - On Script - Set Npc Flag '), ('1435401', '9', '2', '0', '0', '0', '100', '0', '0', '0', '0', '0', '0', '1', '1', '0', '0', '0', '0', '0', '1', '0', '0', '0', '0', '0', '0', '0', '0', 'Pusillin - On Script - Say Line 1'), ('1435401', '9', '3', '0', '0', '0', '100', '0', '0', '0', '0', '0', '0', '23', '1', '0', '0', '0', '0', '0', '7', '0', '0', '0', '0', '0', '0', '0', '0', 'Pusillin - On Script - Increment Phase By 1'), ('1435401', '9', '4', '0', '0', '0', '100', '0', '0', '0', '0', '0', '0', '53', '1', '143540', '0', '0', '0', '0', '1', '0', '0', '0', '0', '0', '0', '0', '0', 'Pusillin - On Script - Start Waypoint');
-- Menu 5711 is already imported
DELETE FROM smart_scripts WHERE entryorguid = 1435402 AND source_type = 9;
-- Creature text 14354 is already imported
INSERT INTO waypoints (`entry`, `pointid`, `position_x`, `position_y`, `position_z`, `point_comment`) VALUES ('287080', '1', '111.71', '-468.929', '-2.71837', 'Pusillin path');
INSERT INTO waypoints (`entry`, `pointid`, `position_x`, `position_y`, `position_z`, `point_comment`) VALUES ('287080', '2', '111.557', '-485.672', '-6.88627', 'Pusillin path');
INSERT INTO waypoints (`entry`, `pointid`, `position_x`, `position_y`, `position_z`, `point_comment`) VALUES ('287080', '3', '111.29', '-514.931', '-6.91324', 'Pusillin path');
INSERT INTO waypoints (`entry`, `pointid`, `position_x`, `position_y`, `position_z`, `point_comment`) VALUES ('287080', '4', '111.144', '-530.976', '-11.0799', 'Pusillin path');
INSERT INTO waypoints (`entry`, `pointid`, `position_x`, `position_y`, `position_z`, `point_comment`) VALUES ('287080', '5', '106.029', '-539.906', '-11.0803', 'Pusillin path');
INSERT INTO waypoints (`entry`, `pointid`, `position_x`, `position_y`, `position_z`, `point_comment`) VALUES ('287080', '6', '92.632', '-544.772', '-11.1469', 'Pusillin path');
INSERT INTO waypoints (`entry`, `pointid`, `position_x`, `position_y`, `position_z`, `point_comment`) VALUES ('287080', '7', '78.5392', '-545.053', '-15.2469', 'Pusillin path');
INSERT INTO waypoints (`entry`, `pointid`, `position_x`, `position_y`, `position_z`, `point_comment`) VALUES ('287080', '8', '67.4856', '-547.887', '-15.2466', 'Pusillin path');
INSERT INTO waypoints (`entry`, `pointid`, `position_x`, `position_y`, `position_z`, `point_comment`) VALUES ('287080', '9', '54.6709', '-557.626', '-19.4133', 'Pusillin path');
INSERT INTO waypoints (`entry`, `pointid`, `position_x`, `position_y`, `position_z`, `point_comment`) VALUES ('287080', '10', '50.4845', '-565.069', '-19.4122', 'Pusillin path');
INSERT INTO waypoints (`entry`, `pointid`, `position_x`, `position_y`, `position_z`, `point_comment`) VALUES ('287080', '11', '49.8745', '-586.269', '-23.5734', 'Pusillin path');
INSERT INTO waypoints (`entry`, `pointid`, `position_x`, `position_y`, `position_z`, `point_comment`) VALUES ('287080', '12', '49.3262', '-636.426', '-25.1286', 'Pusillin path');
INSERT INTO smart_scripts (`entryorguid`, `source_type`, `id`, `link`, `event_type`, `event_phase_mask`, `event_chance`, `event_flags`, `event_param1`, `event_param2`, `event_param3`, `event_param4`, `event_param5`, `action_type`, `action_param1`, `action_param2`, `action_param3`, `action_param4`, `action_param5`, `action_param6`, `target_type`, `target_param1`, `target_param2`, `target_param3`, `target_param4`, `target_x`, `target_y`, `target_z`, `target_o`, `comment`) VALUES ('1435402', '9', '0', '0', '0', '0', '100', '0', '0', '0', '0', '0', '0', '72', '0', '0', '0', '0', '0', '0', '7', '0', '0', '0', '0', '0', '0', '0', '0', 'Pusillin - On Script - Close Gossip'), ('1435402', '9', '1', '0', '0', '0', '100', '0', '0', '0', '0', '0', '0', '81', '0', '0', '0', '0', '0', '0', '1', '0', '0', '0', '0', '0', '0', '0', '0', 'Pusillin - On Script - Set Npc Flag '), ('1435402', '9', '2', '0', '0', '0', '100', '0', '0', '0', '0', '0', '0', '1', '2', '0', '0', '0', '0', '0', '1', '0', '0', '0', '0', '0', '0', '0', '0', 'Pusillin - On Script - Say Line 2'), ('1435402', '9', '3', '0', '0', '0', '100', '0', '0', '0', '0', '0', '0', '23', '1', '0', '0', '0', '0', '0', '7', '0', '0', '0', '0', '0', '0', '0', '0', 'Pusillin - On Script - Increment Phase By 1'), ('1435402', '9', '4', '0', '0', '0', '100', '0', '0', '0', '0', '0', '0', '53', '1', '287080', '0', '0', '0', '0', '1', '0', '0', '0', '0', '0', '0', '0', '0', 'Pusillin - On Script - Start Waypoint');
-- Menu 5712 is already imported
DELETE FROM smart_scripts WHERE entryorguid = 1435403 AND source_type = 9;
-- Creature text 14354 is already imported
INSERT INTO waypoints (`entry`, `pointid`, `position_x`, `position_y`, `position_z`, `point_comment`) VALUES ('430620', '1', '39.8513', '-677.459', '-25.1611', 'Pusillin path');
INSERT INTO waypoints (`entry`, `pointid`, `position_x`, `position_y`, `position_z`, `point_comment`) VALUES ('430620', '2', '11.7509', '-698.469', '-25.1611', 'Pusillin path');
INSERT INTO waypoints (`entry`, `pointid`, `position_x`, `position_y`, `position_z`, `point_comment`) VALUES ('430620', '3', '4.38368', '-694.666', '-25.1611', 'Pusillin path');
INSERT INTO waypoints (`entry`, `pointid`, `position_x`, `position_y`, `position_z`, `point_comment`) VALUES ('430620', '4', '4.88613', '-671.499', '-12.6426', 'Pusillin path');
INSERT INTO waypoints (`entry`, `pointid`, `position_x`, `position_y`, `position_z`, `point_comment`) VALUES ('430620', '5', '8.9517', '-667.447', '-12.6426', 'Pusillin path');
INSERT INTO waypoints (`entry`, `pointid`, `position_x`, `position_y`, `position_z`, `point_comment`) VALUES ('430620', '6', '13.0878', '-672.124', '-12.6426', 'Pusillin path');
INSERT INTO waypoints (`entry`, `pointid`, `position_x`, `position_y`, `position_z`, `point_comment`) VALUES ('430620', '7', '16.2925', '-701.417', '-12.6426', 'Pusillin path');
INSERT INTO smart_scripts (`entryorguid`, `source_type`, `id`, `link`, `event_type`, `event_phase_mask`, `event_chance`, `event_flags`, `event_param1`, `event_param2`, `event_param3`, `event_param4`, `event_param5`, `action_type`, `action_param1`, `action_param2`, `action_param3`, `action_param4`, `action_param5`, `action_param6`, `target_type`, `target_param1`, `target_param2`, `target_param3`, `target_param4`, `target_x`, `target_y`, `target_z`, `target_o`, `comment`) VALUES ('1435403', '9', '0', '0', '0', '0', '100', '0', '0', '0', '0', '0', '0', '72', '0', '0', '0', '0', '0', '0', '7', '0', '0', '0', '0', '0', '0', '0', '0', 'Pusillin - On Script - Close Gossip'), ('1435403', '9', '1', '0', '0', '0', '100', '0', '0', '0', '0', '0', '0', '81', '0', '0', '0', '0', '0', '0', '1', '0', '0', '0', '0', '0', '0', '0', '0', 'Pusillin - On Script - Set Npc Flag '), ('1435403', '9', '2', '0', '0', '0', '100', '0', '0', '0', '0', '0', '0', '1', '3', '0', '0', '0', '0', '0', '1', '0', '0', '0', '0', '0', '0', '0', '0', 'Pusillin - On Script - Say Line 3'), ('1435403', '9', '3', '0', '0', '0', '100', '0', '0', '0', '0', '0', '0', '23', '1', '0', '0', '0', '0', '0', '7', '0', '0', '0', '0', '0', '0', '0', '0', 'Pusillin - On Script - Increment Phase By 1'), ('1435403', '9', '4', '0', '0', '0', '100', '0', '0', '0', '0', '0', '0', '53', '1', '430620', '0', '0', '0', '0', '1', '0', '0', '0', '0', '0', '0', '0', '0', 'Pusillin - On Script - Start Waypoint');
-- Menu 5713 is already imported
DELETE FROM smart_scripts WHERE entryorguid = 1435404 AND source_type = 9;
-- Creature text 14354 is already imported
UPDATE creature_template SET ScriptName = '', AIName = 'SmartAI' WHERE entry = 13276;
DELETE FROM smart_scripts WHERE entryorguid = 13276 AND source_type = 0;
INSERT INTO smart_scripts (`entryorguid`, `source_type`, `id`, `link`, `event_type`, `event_phase_mask`, `event_chance`, `event_flags`, `event_param1`, `event_param2`, `event_param3`, `event_param4`, `event_param5`, `action_type`, `action_param1`, `action_param2`, `action_param3`, `action_param4`, `action_param5`, `action_param6`, `target_type`, `target_param1`, `target_param2`, `target_param3`, `target_param4`, `target_x`, `target_y`, `target_z`, `target_o`, `comment`) VALUES ('13276', '0', '0', '0', '9', '0', '100', '2', '0', '20', '6100', '15700', '0', '11', '13340', '0', '0', '0', '0', '0', '2', '0', '0', '0', '0', '0', '0', '0', '0', 'Wildspawn Imp - Within 0-20 Range - Cast \'Fire Blast\' (Phase 1) (No Repeat) (Normal Dungeon)');
INSERT INTO smart_scripts (`entryorguid`, `source_type`, `id`, `link`, `event_type`, `event_phase_mask`, `event_chance`, `event_flags`, `event_param1`, `event_param2`, `event_param3`, `event_param4`, `event_param5`, `action_type`, `action_param1`, `action_param2`, `action_param3`, `action_param4`, `action_param5`, `action_param6`, `target_type`, `target_param1`, `target_param2`, `target_param3`, `target_param4`, `target_x`, `target_y`, `target_z`, `target_o`, `comment`) VALUES ('1435404', '9', '0', '0', '0', '0', '100', '0', '0', '0', '0', '0', '0', '55', '0', '0', '0', '0', '0', '0', '1', '0', '0', '0', '0', '0', '0', '0', '0', 'Pusillin - On Script - Stop Waypoint'), ('1435404', '9', '1', '0', '0', '0', '100', '0', '0', '0', '0', '0', '0', '1', '4', '0', '0', '0', '0', '0', '9', '0', '0', '0', '0', '0', '0', '0', '0', 'Pusillin - On Script - Say Line 4'), ('1435404', '9', '2', '0', '0', '0', '100', '0', '0', '0', '0', '0', '0', '2', '168', '0', '0', '0', '0', '0', '1', '0', '0', '0', '0', '0', '0', '0', '0', 'Pusillin - On Script - Set Faction 168'), ('1435404', '9', '3', '0', '0', '0', '100', '0', '100', '100', '0', '0', '0', '8', '2', '0', '0', '0', '0', '0', '1', '0', '0', '0', '0', '0', '0', '0', '0', 'Pusillin - On Script - Set Reactstate Aggressive'), ('1435404', '9', '4', '0', '0', '0', '100', '0', '100', '100', '0', '0', '0', '11', '22735', '1', '0', '0', '0', '0', '1', '0', '0', '0', '0', '0', '0', '0', '0', 'Pusillin - On Script - Cast \'Spirit of Runn Tum\''), ('1435404', '9', '5', '0', '0', '0', '100', '0', '0', '0', '0', '0', '0', '12', '13276', '7', '0', '0', '0', '0', '8', '0', '0', '0', '0', '25.1447', '-703.067', '-12.6426', '0', 'Pusillin - On Script - Summon Creature \'Wildspawn Imp\''), ('1435404', '9', '6', '0', '0', '0', '100', '0', '0', '0', '0', '0', '0', '12', '13276', '7', '0', '0', '0', '0', '8', '0', '0', '0', '0', '13.1924', '-709.858', '-12.6426', '0', 'Pusillin - On Script - Summon Creature \'Wildspawn Imp\''), ('1435404', '9', '7', '0', '0', '0', '100', '0', '0', '0', '0', '0', '0', '12', '13276', '7', '0', '0', '0', '0', '8', '0', '0', '0', '0', '24.2691', '-694.881', '-12.6426', '0', 'Pusillin - On Script - Summon Creature \'Wildspawn Imp\''), ('1435404', '9', '8', '0', '0', '0', '100', '0', '0', '0', '0', '0', '0', '12', '13276', '7', '0', '0', '0', '0', '8', '0', '0', '0', '0', '15.6403', '-690.705', '-12.6426', '0', 'Pusillin - On Script - Summon Creature \'Wildspawn Imp\''), ('1435404', '9', '9', '0', '0', '0', '100', '0', '0', '0', '0', '0', '0', '12', '13276', '7', '0', '0', '0', '0', '8', '0', '0', '0', '0', '19.6062', '-677.524', '-12.6426', '0', 'Pusillin - On Script - Summon Creature \'Wildspawn Imp\''), ('1435404', '9', '10', '0', '4', '0', '100', '0', '0', '0', '0', '0', '0', '20', '1', '0', '0', '0', '0', '0', '21', '40', '0', '0', '0', '0', '0', '0', '0', 'Pusillin - On Script - Start Attacking'), ('1435404', '9', '11', '0', '4', '0', '100', '0', '0', '0', '0', '0', '0', '39', '125', '0', '0', '0', '0', '0', '0', '0', '0', '0', '0', '0', '0', '0', '0', 'Pusillin - On Script - Call For Help');
-- Smart Waypoints 14354 are already imported
-- Smart Waypoints 143540 are already imported
-- Smart Waypoints 287080 are already imported
-- Smart Waypoints 430620 are already imported
INSERT INTO smart_scripts (`entryorguid`, `source_type`, `id`, `link`, `event_type`, `event_phase_mask`, `event_chance`, `event_flags`, `event_param1`, `event_param2`, `event_param3`, `event_param4`, `event_param5`, `action_type`, `action_param1`, `action_param2`, `action_param3`, `action_param4`, `action_param5`, `action_param6`, `target_type`, `target_param1`, `target_param2`, `target_param3`, `target_param4`, `target_x`, `target_y`, `target_z`, `target_o`, `comment`) VALUES ('14354', '0', '0', '0', '11', '0', '100', '512', '0', '0', '0', '0', '0', '22', '1', '0', '0', '0', '0', '0', '1', '0', '0', '0', '0', '0', '0', '0', '0', 'Pusillin - On Respawn - Set Event Phase 1 (Phase 1) (No Repeat) (Normal Dungeon)'), ('14354', '0', '1', '0', '64', '0', '100', '512', '0', '0', '0', '0', '0', '98', '5709', '6877', '0', '0', '0', '0', '7', '0', '0', '0', '0', '0', '0', '0', '0', 'Pusillin - On Gossip Hello - Send Gossip (Phase 1) (No Repeat) (Normal Dungeon)'), ('14354', '0', '2', '0', '64', '1', '100', '512', '0', '0', '0', '0', '0', '98', '5710', '6878', '0', '0', '0', '0', '7', '0', '0', '0', '0', '0', '0', '0', '0', 'Pusillin - On Gossip Hello - Send Gossip (Phase 1) (No Repeat) (Normal Dungeon)'), ('14354', '0', '3', '0', '64', '2', '100', '512', '0', '0', '0', '0', '0', '98', '5711', '6879', '0', '0', '0', '0', '7', '0', '0', '0', '0', '0', '0', '0', '0', 'Pusillin - On Gossip Hello - Send Gossip (Phase 1) (No Repeat) (Normal Dungeon)'), ('14354', '0', '4', '0', '64', '4', '100', '512', '0', '0', '0', '0', '0', '98', '5712', '6880', '0', '0', '0', '0', '7', '0', '0', '0', '0', '0', '0', '0', '0', 'Pusillin - On Gossip Hello - Send Gossip (Phase 1) (No Repeat) (Normal Dungeon)'), ('14354', '0', '5', '0', '64', '8', '100', '512', '0', '0', '0', '0', '0', '98', '5713', '6881', '0', '0', '0', '0', '7', '0', '0', '0', '0', '0', '0', '0', '0', 'Pusillin - On Gossip Hello - Send Gossip (Phase 1) (No Repeat) (Normal Dungeon)'), ('14354', '0', '6', '0', '62', '0', '100', '512', '5709', '0', '0', '0', '0', '80', '1435400', '0', '0', '0', '0', '0', '1', '0', '0', '0', '0', '0', '0', '0', '0', 'Pusillin - On Gossip Option 0 Selected - Run Script (Phase 1) (No Repeat) (Normal Dungeon)'), ('14354', '0', '7', '0', '62', '1', '100', '512', '5710', '0', '0', '0', '0', '80', '1435401', '0', '0', '0', '0', '0', '1', '0', '0', '0', '0', '0', '0', '0', '0', 'Pusillin - On Gossip Option 0 Selected - Run Script (Phase 1) (No Repeat) (Normal Dungeon)'), ('14354', '0', '8', '0', '62', '2', '100', '512', '5711', '0', '0', '0', '0', '80', '1435402', '0', '0', '0', '0', '0', '1', '0', '0', '0', '0', '0', '0', '0', '0', 'Pusillin - On Gossip Option 0 Selected - Run Script (Phase 1) (No Repeat) (Normal Dungeon)'), ('14354', '0', '9', '0', '62', '4', '100', '512', '5712', '0', '0', '0', '0', '80', '1435403', '0', '0', '0', '0', '0', '1', '0', '0', '0', '0', '0', '0', '0', '0', 'Pusillin - On Gossip Option 0 Selected - Run Script (Phase 1) (No Repeat) (Normal Dungeon)'), ('14354', '0', '10', '0', '62', '8', '100', '512', '5713', '0', '0', '0', '0', '80', '1435404', '0', '0', '0', '0', '0', '1', '0', '0', '0', '0', '0', '0', '0', '0', 'Pusillin - On Gossip Option 0 Selected - Run Script (Phase 1) (No Repeat) (Normal Dungeon)'), ('14354', '0', '11', '12', '40', '0', '100', '512', '3', '14354', '0', '0', '0', '55', '0', '0', '0', '0', '0', '0', '1', '0', '0', '0', '0', '0', '0', '0', '0', 'Pusillin - On Waypoint 3 Reached - Stop Waypoint'), ('14354', '0', '12', '0', '61', '0', '100', '512', '0', '0', '0', '0', '0', '81', '3', '0', '0', '0', '0', '0', '1', '0', '0', '0', '0', '0', '0', '0', '0', 'Pusillin - On Waypoint 3 Reached - Set Npc Flags Gossip & Questgiver'), ('14354', '0', '13', '14', '40', '0', '100', '512', '14', '143540', '0', '0', '0', '55', '0', '0', '0', '0', '0', '0', '1', '0', '0', '0', '0', '0', '0', '0', '0', 'Pusillin - On Waypoint 14 Reached - Stop Waypoint'), ('14354', '0', '14', '0', '61', '0', '100', '512', '0', '0', '0', '0', '0', '81', '3', '0', '0', '0', '0', '0', '1', '0', '0', '0', '0', '0', '0', '0', '0', 'Pusillin - On Waypoint 14 Reached - Set Npc Flags Gossip & Questgiver'), ('14354', '0', '15', '16', '40', '0', '100', '512', '12', '287080', '0', '0', '0', '55', '0', '0', '0', '0', '0', '0', '1', '0', '0', '0', '0', '0', '0', '0', '0', 'Pusillin - On Waypoint 12 Reached - Stop Waypoint'), ('14354', '0', '16', '0', '61', '0', '100', '512', '0', '0', '0', '0', '0', '81', '3', '0', '0', '0', '0', '0', '1', '0', '0', '0', '0', '0', '0', '0', '0', 'Pusillin - On Waypoint 12 Reached - Set Npc Flags Gossip & Questgiver'), ('14354', '0', '17', '18', '40', '0', '100', '512', '7', '430620', '0', '0', '0', '55', '0', '0', '0', '0', '0', '0', '1', '0', '0', '0', '0', '0', '0', '0', '0', 'Pusillin - On Waypoint 7 Reached - Stop Waypoint'), ('14354', '0', '18', '0', '61', '0', '100', '512', '0', '0', '0', '0', '0', '81', '3', '0', '0', '0', '0', '0', '1', '0', '0', '0', '0', '0', '0', '0', '0', 'Pusillin - On Waypoint 7 Reached - Set Npc Flags Gossip & Questgiver'), ('14354', '0', '19', '0', '0', '0', '100', '0', '1000', '4250', '8000', '8000', '0', '11', '14145', '0', '0', '0', '0', '0', '2', '0', '0', '0', '0', '0', '0', '0', '0', 'Pusillin - In Combat - Cast \'Fire Blast\''), ('14354', '0', '20', '0', '0', '0', '100', '0', '1000', '1000', '4000', '4000', '0', '11', '15228', '0', '0', '0', '0', '0', '2', '0', '0', '0', '0', '0', '0', '0', '0', 'Pusillin - In Combat - Cast \'Fireball\''), ('14354', '0', '21', '0', '0', '0', '100', '0', '2000', '10000', '10000', '17500', '0', '11', '22424', '0', '0', '0', '0', '0', '2', '0', '0', '0', '0', '0', '0', '0', '0', 'Pusillin - In Combat - Cast \'Blast Wave\'');
-- Menu 5710 is already imported
UPDATE creature_template SET npcflag = (npcflag | 1), gossip_menu_id = 5710 WHERE entry = 14354;


-- Importing creature gossip with entry 14323 (Guard Slip'kik) with import type SMART
UPDATE creature_template SET ScriptName = '', AIName = 'SmartAI' WHERE entry = 14323;
DELETE FROM smart_scripts WHERE entryorguid = 14323 AND source_type = 0;
DELETE FROM creature_text WHERE CreatureID = 14323;
INSERT INTO creature_text (`CreatureID`, `GroupID`, `ID`, `Text`, `Type`, `Language`, `Probability`, `Emote`, `Duration`, `Sound`, `BroadcastTextId`, `TextRange`, `comment`) VALUES ('14323', '0', '0', '%s goes into a frenzy!', '16', '0', '100', '0', '0', '0', '38630', '0', 'Guard Slip\'kik');
DELETE FROM waypoints WHERE entry = 14323;
INSERT INTO waypoints (`entry`, `pointid`, `position_x`, `position_y`, `position_z`, `point_comment`) VALUES ('14323', '1', '558.634', '549.916', '-25.3991', 'Guard Slip kik');
INSERT INTO waypoints (`entry`, `pointid`, `position_x`, `position_y`, `position_z`, `point_comment`) VALUES ('14323', '2', '550.942', '528.12', '-25.4017', 'Guard Slip kik');
INSERT INTO waypoints (`entry`, `pointid`, `position_x`, `position_y`, `position_z`, `point_comment`) VALUES ('14323', '3', '558.634', '549.916', '-25.3991', 'Guard Slip kik');
INSERT INTO waypoints (`entry`, `pointid`, `position_x`, `position_y`, `position_z`, `point_comment`) VALUES ('14323', '4', '573.506', '563.22', '-25.4018', 'Guard Slip kik');
INSERT INTO waypoints (`entry`, `pointid`, `position_x`, `position_y`, `position_z`, `point_comment`) VALUES ('14323', '5', '573.226', '586.457', '-25.4027', 'Guard Slip kik');
INSERT INTO waypoints (`entry`, `pointid`, `position_x`, `position_y`, `position_z`, `point_comment`) VALUES ('14323', '6', '524.055', '587.067', '-25.4025', 'Guard Slip kik');
INSERT INTO waypoints (`entry`, `pointid`, `position_x`, `position_y`, `position_z`, `point_comment`) VALUES ('14323', '7', '510.351', '606.567', '-25.4036', 'Guard Slip kik');
INSERT INTO waypoints (`entry`, `pointid`, `position_x`, `position_y`, `position_z`, `point_comment`) VALUES ('14323', '8', '486.848', '606.483', '-25.4048', 'Guard Slip kik');
INSERT INTO waypoints (`entry`, `pointid`, `position_x`, `position_y`, `position_z`, `point_comment`) VALUES ('14323', '9', '478.164', '594.953', '-25.4053', 'Guard Slip kik');
INSERT INTO waypoints (`entry`, `pointid`, `position_x`, `position_y`, `position_z`, `point_comment`) VALUES ('14323', '10', '477.434', '579.612', '-25.4021', 'Guard Slip kik');
INSERT INTO waypoints (`entry`, `pointid`, `position_x`, `position_y`, `position_z`, `point_comment`) VALUES ('14323', '11', '504.78', '574.765', '-25.4009', 'Guard Slip kik');
INSERT INTO waypoints (`entry`, `pointid`, `position_x`, `position_y`, `position_z`, `point_comment`) VALUES ('14323', '12', '477.434', '579.612', '-25.4021', 'Guard Slip kik');
INSERT INTO waypoints (`entry`, `pointid`, `position_x`, `position_y`, `position_z`, `point_comment`) VALUES ('14323', '13', '486.848', '606.483', '-25.4048', 'Guard Slip kik');
INSERT INTO waypoints (`entry`, `pointid`, `position_x`, `position_y`, `position_z`, `point_comment`) VALUES ('14323', '14', '510.351', '606.567', '-25.4036', 'Guard Slip kik');
INSERT INTO waypoints (`entry`, `pointid`, `position_x`, `position_y`, `position_z`, `point_comment`) VALUES ('14323', '15', '524.055', '587.067', '-25.4025', 'Guard Slip kik');
INSERT INTO waypoints (`entry`, `pointid`, `position_x`, `position_y`, `position_z`, `point_comment`) VALUES ('14323', '16', '573.226', '586.457', '-25.4027', 'Guard Slip kik');
INSERT INTO waypoints (`entry`, `pointid`, `position_x`, `position_y`, `position_z`, `point_comment`) VALUES ('14323', '17', '573.506', '563.22', '-25.4018', 'Guard Slip kik');
-- Smart Waypoints 14323 are already imported
INSERT INTO gossip_text (`ID`, `comment`, `text0_0`, `text0_1`, `BroadcastTextID0`, `lang0`, `Probability0`, `em0_0`, `em0_1`, `em0_2`, `em0_3`, `em0_4`, `em0_5`, `text1_0`, `text1_1`, `BroadcastTextID1`, `lang1`, `Probability1`, `em1_0`, `em1_1`, `em1_2`, `em1_3`, `em1_4`, `em1_5`, `text2_0`, `text2_1`, `BroadcastTextID2`, `lang2`, `Probability2`, `em2_0`, `em2_1`, `em2_2`, `em2_3`, `em2_4`, `em2_5`, `text3_0`, `text3_1`, `BroadcastTextID3`, `lang3`, `Probability3`, `em3_0`, `em3_1`, `em3_2`, `em3_3`, `em3_4`, `em3_5`, `text4_0`, `text4_1`, `BroadcastTextID4`, `lang4`, `Probability4`, `em4_0`, `em4_1`, `em4_2`, `em4_3`, `em4_4`, `em4_5`, `text5_0`, `text5_1`, `BroadcastTextID5`, `lang5`, `Probability5`, `em5_0`, `em5_1`, `em5_2`, `em5_3`, `em5_4`, `em5_5`, `text6_0`, `text6_1`, `BroadcastTextID6`, `lang6`, `Probability6`, `em6_0`, `em6_1`, `em6_2`, `em6_3`, `em6_4`, `em6_5`, `text7_0`, `text7_1`, `BroadcastTextID7`, `lang7`, `Probability7`, `em7_0`, `em7_1`, `em7_2`, `em7_3`, `em7_4`, `em7_5`) VALUES ('1872548', 'Imported from TC', 'You got me good boss!  How you get by Slip\'kik??  I smart though, I watch next time!  Har har!$B$BNobody get by Slip\'kik no more. Slip\'kik promise!', '', '9397', '0', '1', '0', '0', '0', '0', '0', '0', '', '', NULL, '0', '0', '0', '0', '0', '0', '0', '0', '', '', NULL, '0', '0', '0', '0', '0', '0', '0', '0', '', '', NULL, '0', '0', '0', '0', '0', '0', '0', '0', '', '', NULL, '0', '0', '0', '0', '0', '0', '0', '0', '', '', NULL, '0', '0', '0', '0', '0', '0', '0', '0', '', '', NULL, '0', '0', '0', '0', '0', '0', '0', '0', '', '', NULL, '0', '0', '0', '0', '0', '0', '0', '0');
INSERT INTO conditions (`SourceTypeOrReferenceId`, `SourceGroup`, `SourceEntry`, `SourceId`, `ElseGroup`, `ConditionTypeOrReference`, `ConditionTarget`, `ConditionValue1`, `ConditionValue2`, `ConditionValue3`, `NegativeCondition`, `ErrorType`, `ErrorTextId`, `ScriptName`, `Comment`) VALUES ('14', '5733', '1872548', '0', '0', '1', '0', '22820', '0', '0', '1', '0', '0', '', '(autoimported) Guard Slip Kik Show text 1872548 only if player does not have aura 22820');
INSERT INTO conditions (`SourceTypeOrReferenceId`, `SourceGroup`, `SourceEntry`, `SourceId`, `ElseGroup`, `ConditionTypeOrReference`, `ConditionTarget`, `ConditionValue1`, `ConditionValue2`, `ConditionValue3`, `NegativeCondition`, `ErrorType`, `ErrorTextId`, `ScriptName`, `Comment`) VALUES ('14', '5733', '1872548', '0', '0', '1', '0', '22799', '0', '0', '0', '0', '0', '', '(autoimported) Guard Slip Kik Show text 6906 only if player has aura 22799');
INSERT INTO gossip_menu (`MenuID`, `TextID`) VALUES ('5733', '1872548');
-- Text 6906 already present in Sun DB
INSERT INTO conditions (`SourceTypeOrReferenceId`, `SourceGroup`, `SourceEntry`, `SourceId`, `ElseGroup`, `ConditionTypeOrReference`, `ConditionTarget`, `ConditionValue1`, `ConditionValue2`, `ConditionValue3`, `NegativeCondition`, `ErrorType`, `ErrorTextId`, `ScriptName`, `Comment`) VALUES ('14', '5733', '6906', '0', '0', '1', '0', '22820', '0', '0', '0', '0', '0', '', '(autoimported) Guard Slip Kik Show text 6905 only if player does not have aura 22820');
INSERT INTO conditions (`SourceTypeOrReferenceId`, `SourceGroup`, `SourceEntry`, `SourceId`, `ElseGroup`, `ConditionTypeOrReference`, `ConditionTarget`, `ConditionValue1`, `ConditionValue2`, `ConditionValue3`, `NegativeCondition`, `ErrorType`, `ErrorTextId`, `ScriptName`, `Comment`) VALUES ('14', '5733', '6906', '0', '0', '1', '0', '22799', '0', '0', '0', '0', '0', '', '(autoimported) Guard Slip Kik Show text 6906 only if player has aura 22799');
INSERT INTO gossip_menu (`MenuID`, `TextID`) VALUES ('5733', '6906');
-- Menu 5733 is already imported
INSERT INTO gossip_menu_option (`MenuID`, `OptionID`, `OptionIcon`, `OptionText`, `OptionBroadcastTextID`, `OptionType`, `OptionNpcFlag`, `ActionMenuID`, `ActionPoiID`, `BoxCoded`, `BoxMoney`, `BoxText`, `BoxBroadcastTextID`) VALUES ('5733', '0', '0', 'Yeah, you\'re a real brainiac.  Just how smart do you think you are, Slip\'kik?', '9398', '1', '1', '5733', NULL, '0', '0', '', NULL);
INSERT INTO conditions (`SourceTypeOrReferenceId`, `SourceGroup`, `SourceEntry`, `SourceId`, `ElseGroup`, `ConditionTypeOrReference`, `ConditionTarget`, `ConditionValue1`, `ConditionValue2`, `ConditionValue3`, `NegativeCondition`, `ErrorType`, `ErrorTextId`, `ScriptName`, `Comment`) VALUES ('15', '5733', '0', '0', '0', '1', '0', '22799', '0', '0', '0', '0', '0', '', '(autoimported) Guard Slip Kik Show Gossip option 0 only if player has aura 22799');
INSERT INTO conditions (`SourceTypeOrReferenceId`, `SourceGroup`, `SourceEntry`, `SourceId`, `ElseGroup`, `ConditionTypeOrReference`, `ConditionTarget`, `ConditionValue1`, `ConditionValue2`, `ConditionValue3`, `NegativeCondition`, `ErrorType`, `ErrorTextId`, `ScriptName`, `Comment`) VALUES ('15', '5733', '0', '0', '0', '1', '0', '22820', '0', '0', '1', '0', '0', '', '(autoimported) Guard Slip Kik Show Gossip option 0 only if player does not have aura 22820');
INSERT INTO conditions (`SourceTypeOrReferenceId`, `SourceGroup`, `SourceEntry`, `SourceId`, `ElseGroup`, `ConditionTypeOrReference`, `ConditionTarget`, `ConditionValue1`, `ConditionValue2`, `ConditionValue3`, `NegativeCondition`, `ErrorType`, `ErrorTextId`, `ScriptName`, `Comment`) VALUES ('15', '5733', '0', '0', '0', '27', '0', '63', '4', '0', '0', '0', '0', '', '(autoimported) Guard Slip Kik Show Gossip option 0 only if player is level 63 or Lower');
INSERT INTO smart_scripts (`entryorguid`, `source_type`, `id`, `link`, `event_type`, `event_phase_mask`, `event_chance`, `event_flags`, `event_param1`, `event_param2`, `event_param3`, `event_param4`, `event_param5`, `action_type`, `action_param1`, `action_param2`, `action_param3`, `action_param4`, `action_param5`, `action_param6`, `target_type`, `target_param1`, `target_param2`, `target_param3`, `target_param4`, `target_x`, `target_y`, `target_z`, `target_o`, `comment`) VALUES ('14323', '0', '0', '0', '4', '0', '100', '3', '0', '0', '0', '0', '0', '11', '15749', '0', '0', '0', '0', '0', '7', '0', '0', '0', '0', '0', '0', '0', '0', 'Guard Slip\'kik - On Aggro - Cast \'Shield Charge\' (No Repeat) (Normal Dungeon)'), ('14323', '0', '1', '0', '0', '0', '100', '2', '5000', '8000', '8000', '12000', '0', '11', '15580', '1', '0', '0', '0', '0', '2', '0', '0', '0', '0', '0', '0', '0', '0', 'Guard Slip\'kik - In Combat - Cast \'Strike\' (No Repeat) (Normal Dungeon)'), ('14323', '0', '2', '0', '13', '0', '100', '3', '0', '0', '0', '0', '0', '11', '11972', '1', '0', '0', '0', '0', '7', '0', '0', '0', '0', '0', '0', '0', '0', 'Guard Slip\'kik - Target Casting - Cast \'Shield Bash\' (No Repeat) (Normal Dungeon)'), ('14323', '0', '3', '0', '0', '0', '100', '2', '7000', '12000', '12000', '15000', '0', '11', '10101', '1', '0', '0', '0', '0', '5', '0', '0', '0', '0', '0', '0', '0', '0', 'Guard Slip\'kik - In Combat - Cast \'Knock Away\' (No Repeat) (Normal Dungeon)'), ('14323', '0', '4', '5', '2', '0', '100', '2', '0', '30', '120000', '120000', '0', '11', '8269', '1', '0', '0', '0', '0', '1', '0', '0', '0', '0', '0', '0', '0', '0', 'Guard Slip\'kik - Between 0-30% Health - Cast \'Frenzy\' (Normal Dungeon)'), ('14323', '0', '5', '0', '61', '0', '100', '0', '0', '0', '0', '0', '0', '1', '0', '0', '0', '0', '0', '0', '1', '0', '0', '0', '0', '0', '0', '0', '0', 'Guard Slip\'kik - Between 0-30% Health - Say Line 0 (Normal Dungeon)'), ('14323', '0', '12', '0', '61', '2', '100', '512', '0', '0', '0', '0', '0', '11', '22856', '2', '0', '0', '0', '0', '1', '0', '0', '0', '0', '0', '0', '0', '0', 'Guard Slip\'kik - On Reached WP19 (Phase 2) - Cast Icelock'), ('14323', '0', '11', '12', '61', '2', '100', '512', '0', '0', '0', '0', '0', '18', '768', '0', '0', '0', '0', '0', '1', '0', '0', '0', '0', '0', '0', '0', '0', 'Guard Slip\'kik - On Reached WP19 (Phase 2) - Set Unit Flags'), ('14323', '0', '10', '11', '61', '2', '100', '512', '0', '0', '0', '0', '0', '101', '0', '0', '0', '0', '0', '0', '1', '0', '0', '0', '0', '0', '0', '0', '0', 'Guard Slip\'kik - On Reached WP19 (Phase 2) - Set Home Position'), ('14323', '0', '9', '10', '40', '2', '100', '512', '3', '14323', '0', '0', '0', '55', '0', '0', '0', '0', '0', '0', '1', '0', '0', '0', '0', '0', '0', '0', '0', 'Guard Slip\'kik - On Reached WP3 (Phase 2) - Stop WP'), ('14323', '0', '8', '0', '38', '0', '100', '512', '1', '1', '0', '0', '0', '22', '2', '0', '0', '0', '0', '0', '1', '0', '0', '0', '0', '0', '0', '0', '0', 'Guard Slip\'kik - On Data Set 1 1 - Set Phase 2'), ('14323', '0', '7', '0', '11', '0', '100', '512', '0', '0', '0', '0', '0', '53', '0', '14323', '1', '0', '0', '2', '1', '0', '0', '0', '0', '0', '0', '0', '0', 'Guard Slip\'kik - On Spawn - Start WP'), ('14323', '0', '13', '0', '62', '2', '100', '0', '5733', '0', '0', '0', '0', '85', '22820', '2', '0', '0', '0', '0', '7', '0', '0', '0', '0', '0', '0', '0', '0', 'Guard Slip\'kik - On Gossip Option Selected - Invoker Cast 22820'), ('14323', '0', '14', '0', '64', '0', '100', '512', '0', '0', '0', '0', '0', '54', '30000', '0', '0', '0', '0', '0', '1', '0', '0', '0', '0', '0', '0', '0', '0', 'Guard Slip Kik - On Gossip Hello - Pause WP');
-- Menu 5733 is already imported
UPDATE creature_template SET npcflag = (npcflag | 1), gossip_menu_id = 5733 WHERE entry = 14323;


-- Importing creature gossip with entry 14321 (Guard Fengus) with import type SMART
UPDATE creature_template SET ScriptName = '', AIName = 'SmartAI' WHERE entry = 14321;
DELETE FROM smart_scripts WHERE entryorguid = 14321 AND source_type = 0;
DELETE FROM creature_text WHERE CreatureID = 14321;
INSERT INTO creature_text (`CreatureID`, `GroupID`, `ID`, `Text`, `Type`, `Language`, `Probability`, `Emote`, `Duration`, `Sound`, `BroadcastTextId`, `TextRange`, `comment`) VALUES ('14321', '0', '0', '%s goes into a frenzy!', '16', '0', '100', '0', '0', '0', '38630', '0', 'Guard Fengus');
INSERT INTO waypoints (`entry`, `pointid`, `position_x`, `position_y`, `position_z`, `point_comment`) VALUES ('14321', '1', '390.79', '340.021', '2.8658', 'Guard Fengus');
INSERT INTO waypoints (`entry`, `pointid`, `position_x`, `position_y`, `position_z`, `point_comment`) VALUES ('14321', '2', '386.586', '316.939', '10.8767', 'Guard Fengus');
INSERT INTO waypoints (`entry`, `pointid`, `position_x`, `position_y`, `position_z`, `point_comment`) VALUES ('14321', '3', '385.826', '281.056', '12.2359', 'Guard Fengus');
INSERT INTO waypoints (`entry`, `pointid`, `position_x`, `position_y`, `position_z`, `point_comment`) VALUES ('14321', '4', '385.666', '260.202', '11.4396', 'Guard Fengus');
INSERT INTO waypoints (`entry`, `pointid`, `position_x`, `position_y`, `position_z`, `point_comment`) VALUES ('14321', '5', '407.447', '256.024', '12.2342', 'Guard Fengus');
INSERT INTO waypoints (`entry`, `pointid`, `position_x`, `position_y`, `position_z`, `point_comment`) VALUES ('14321', '6', '444.092', '255.388', '11.2098', 'Guard Fengus');
INSERT INTO waypoints (`entry`, `pointid`, `position_x`, `position_y`, `position_z`, `point_comment`) VALUES ('14321', '7', '407.48', '258.508', '12.2342', 'Guard Fengus');
INSERT INTO waypoints (`entry`, `pointid`, `position_x`, `position_y`, `position_z`, `point_comment`) VALUES ('14321', '8', '384.614', '256.412', '11.4396', 'Guard Fengus');
INSERT INTO waypoints (`entry`, `pointid`, `position_x`, `position_y`, `position_z`, `point_comment`) VALUES ('14321', '9', '358.866', '258.309', '12.2341', 'Guard Fengus');
INSERT INTO waypoints (`entry`, `pointid`, `position_x`, `position_y`, `position_z`, `point_comment`) VALUES ('14321', '10', '316.544', '258.267', '11.224', 'Guard Fengus');
INSERT INTO waypoints (`entry`, `pointid`, `position_x`, `position_y`, `position_z`, `point_comment`) VALUES ('14321', '11', '287.744', '260.729', '2.86944', 'Guard Fengus');
INSERT INTO waypoints (`entry`, `pointid`, `position_x`, `position_y`, `position_z`, `point_comment`) VALUES ('14321', '12', '290.605', '280.1', '2.84881', 'Guard Fengus');
INSERT INTO waypoints (`entry`, `pointid`, `position_x`, `position_y`, `position_z`, `point_comment`) VALUES ('14321', '13', '289.767', '310.047', '2.85304', 'Guard Fengus');
INSERT INTO waypoints (`entry`, `pointid`, `position_x`, `position_y`, `position_z`, `point_comment`) VALUES ('14321', '14', '300.006', '328.704', '2.85296', 'Guard Fengus');
INSERT INTO waypoints (`entry`, `pointid`, `position_x`, `position_y`, `position_z`, `point_comment`) VALUES ('14321', '15', '294.151', '290.1', '2.84976', 'Guard Fengus');
INSERT INTO waypoints (`entry`, `pointid`, `position_x`, `position_y`, `position_z`, `point_comment`) VALUES ('14321', '16', '288.668', '260.147', '2.87016', 'Guard Fengus');
INSERT INTO waypoints (`entry`, `pointid`, `position_x`, `position_y`, `position_z`, `point_comment`) VALUES ('14321', '17', '318.066', '258.131', '11.2235', 'Guard Fengus');
INSERT INTO waypoints (`entry`, `pointid`, `position_x`, `position_y`, `position_z`, `point_comment`) VALUES ('14321', '18', '352.225', '259.882', '11.2058', 'Guard Fengus');
INSERT INTO waypoints (`entry`, `pointid`, `position_x`, `position_y`, `position_z`, `point_comment`) VALUES ('14321', '19', '379.29', '259.856', '11.4396', 'Guard Fengus');
INSERT INTO waypoints (`entry`, `pointid`, `position_x`, `position_y`, `position_z`, `point_comment`) VALUES ('14321', '20', '383.125', '280.371', '12.2359', 'Guard Fengus');
INSERT INTO waypoints (`entry`, `pointid`, `position_x`, `position_y`, `position_z`, `point_comment`) VALUES ('14321', '21', '384.398', '315.244', '11.212', 'Guard Fengus');
INSERT INTO waypoints (`entry`, `pointid`, `position_x`, `position_y`, `position_z`, `point_comment`) VALUES ('14321', '22', '385.505', '342.491', '2.86224', 'Guard Fengus');
INSERT INTO waypoints (`entry`, `pointid`, `position_x`, `position_y`, `position_z`, `point_comment`) VALUES ('14321', '23', '350.433', '341.198', '2.85337', 'Guard Fengus');
INSERT INTO waypoints (`entry`, `pointid`, `position_x`, `position_y`, `position_z`, `point_comment`) VALUES ('14321', '24', '313.909', '338.892', '2.85294', 'Guard Fengus');
INSERT INTO waypoints (`entry`, `pointid`, `position_x`, `position_y`, `position_z`, `point_comment`) VALUES ('14321', '25', '356.01', '342.207', '2.85322', 'Guard Fengus');
INSERT INTO waypoints (`entry`, `pointid`, `position_x`, `position_y`, `position_z`, `point_comment`) VALUES ('14321', '26', '388.979', '340.467', '2.86485', 'Guard Fengus');
INSERT INTO waypoints (`entry`, `pointid`, `position_x`, `position_y`, `position_z`, `point_comment`) VALUES ('14321', '27', '423.371', '340.045', '2.8538', 'Guard Fengus');
INSERT INTO waypoints (`entry`, `pointid`, `position_x`, `position_y`, `position_z`, `point_comment`) VALUES ('14321', '28', '454.448', '336.781', '2.85523', 'Guard Fengus');
INSERT INTO waypoints (`entry`, `pointid`, `position_x`, `position_y`, `position_z`, `point_comment`) VALUES ('14321', '29', '417.151', '339.722', '2.85351', 'Guard Fengus');
-- Text 6903 already present in Sun DB
INSERT INTO conditions (`SourceTypeOrReferenceId`, `SourceGroup`, `SourceEntry`, `SourceId`, `ElseGroup`, `ConditionTypeOrReference`, `ConditionTarget`, `ConditionValue1`, `ConditionValue2`, `ConditionValue3`, `NegativeCondition`, `ErrorType`, `ErrorTextId`, `ScriptName`, `Comment`) VALUES ('14', '5734', '6903', '0', '0', '1', '0', '22817', '0', '0', '1', '0', '0', '', '(autoimported) Guard Fengus Show text 6905 only if player does not have aura 22817');
INSERT INTO conditions (`SourceTypeOrReferenceId`, `SourceGroup`, `SourceEntry`, `SourceId`, `ElseGroup`, `ConditionTypeOrReference`, `ConditionTarget`, `ConditionValue1`, `ConditionValue2`, `ConditionValue3`, `NegativeCondition`, `ErrorType`, `ErrorTextId`, `ScriptName`, `Comment`) VALUES ('14', '5734', '6903', '0', '0', '1', '0', '22799', '0', '0', '0', '0', '0', '', '(autoimported) Guard Fengus Show text 6906 only if player has aura 22799');
INSERT INTO gossip_menu (`MenuID`, `TextID`) VALUES ('5734', '6903');
-- Text 6904 already present in Sun DB
INSERT INTO conditions (`SourceTypeOrReferenceId`, `SourceGroup`, `SourceEntry`, `SourceId`, `ElseGroup`, `ConditionTypeOrReference`, `ConditionTarget`, `ConditionValue1`, `ConditionValue2`, `ConditionValue3`, `NegativeCondition`, `ErrorType`, `ErrorTextId`, `ScriptName`, `Comment`) VALUES ('14', '5734', '6904', '0', '0', '1', '0', '22817', '0', '0', '0', '0', '0', '', '(autoimported) Guard Fengus Show text 6905 only if player does not have aura 22817');
INSERT INTO conditions (`SourceTypeOrReferenceId`, `SourceGroup`, `SourceEntry`, `SourceId`, `ElseGroup`, `ConditionTypeOrReference`, `ConditionTarget`, `ConditionValue1`, `ConditionValue2`, `ConditionValue3`, `NegativeCondition`, `ErrorType`, `ErrorTextId`, `ScriptName`, `Comment`) VALUES ('14', '5734', '6904', '0', '0', '1', '0', '22799', '0', '0', '0', '0', '0', '', '(autoimported) Guard Fengus Show text 6906 only if player has aura 22799');
INSERT INTO gossip_menu (`MenuID`, `TextID`) VALUES ('5734', '6904');
-- Menu 5734 is already imported
INSERT INTO gossip_menu_option (`MenuID`, `OptionID`, `OptionIcon`, `OptionText`, `OptionBroadcastTextID`, `OptionType`, `OptionNpcFlag`, `ActionMenuID`, `ActionPoiID`, `BoxCoded`, `BoxMoney`, `BoxText`, `BoxBroadcastTextID`) VALUES ('5734', '0', '0', 'So, now that I\'m the king... what have you got for me?!', '9451', '1', '1', '5734', NULL, '0', '0', '', NULL);
INSERT INTO conditions (`SourceTypeOrReferenceId`, `SourceGroup`, `SourceEntry`, `SourceId`, `ElseGroup`, `ConditionTypeOrReference`, `ConditionTarget`, `ConditionValue1`, `ConditionValue2`, `ConditionValue3`, `NegativeCondition`, `ErrorType`, `ErrorTextId`, `ScriptName`, `Comment`) VALUES ('15', '5734', '0', '0', '0', '1', '0', '22799', '0', '0', '0', '0', '0', '', '(autoimported) Guard Fengus Show Gossip option 0 only if player has aura 22799');
INSERT INTO conditions (`SourceTypeOrReferenceId`, `SourceGroup`, `SourceEntry`, `SourceId`, `ElseGroup`, `ConditionTypeOrReference`, `ConditionTarget`, `ConditionValue1`, `ConditionValue2`, `ConditionValue3`, `NegativeCondition`, `ErrorType`, `ErrorTextId`, `ScriptName`, `Comment`) VALUES ('15', '5734', '0', '0', '0', '1', '0', '22817', '0', '0', '1', '0', '0', '', '(autoimported) Guard Fengus Show Gossip option 0 only if player does not have aura 22817');
INSERT INTO conditions (`SourceTypeOrReferenceId`, `SourceGroup`, `SourceEntry`, `SourceId`, `ElseGroup`, `ConditionTypeOrReference`, `ConditionTarget`, `ConditionValue1`, `ConditionValue2`, `ConditionValue3`, `NegativeCondition`, `ErrorType`, `ErrorTextId`, `ScriptName`, `Comment`) VALUES ('15', '5734', '0', '0', '0', '27', '0', '63', '4', '0', '0', '0', '0', '', '(autoimported) Guard Fengus Show Gossip option 0 only if player is level 63 or Lower');
INSERT INTO smart_scripts (`entryorguid`, `source_type`, `id`, `link`, `event_type`, `event_phase_mask`, `event_chance`, `event_flags`, `event_param1`, `event_param2`, `event_param3`, `event_param4`, `event_param5`, `action_type`, `action_param1`, `action_param2`, `action_param3`, `action_param4`, `action_param5`, `action_param6`, `target_type`, `target_param1`, `target_param2`, `target_param3`, `target_param4`, `target_x`, `target_y`, `target_z`, `target_o`, `comment`) VALUES ('14321', '0', '0', '0', '4', '0', '100', '3', '0', '0', '0', '0', '0', '11', '15749', '0', '0', '0', '0', '0', '7', '0', '0', '0', '0', '0', '0', '0', '0', 'Guard Fengus - On Aggro - Cast \'Shield Charge\''), ('14321', '0', '1', '0', '0', '0', '100', '2', '5000', '8000', '8000', '12000', '0', '11', '15580', '1', '0', '0', '0', '0', '2', '0', '0', '0', '0', '0', '0', '0', '0', 'Guard Fengus - In Combat - Cast \'Strike\''), ('14321', '0', '2', '0', '13', '0', '100', '3', '0', '0', '0', '0', '0', '11', '11972', '1', '0', '0', '0', '0', '7', '0', '0', '0', '0', '0', '0', '0', '0', 'Guard Fengus - Target Casting - Cast \'Shield Bash\''), ('14321', '0', '3', '0', '0', '0', '100', '2', '7000', '12000', '12000', '15000', '0', '11', '10101', '1', '0', '0', '0', '0', '5', '0', '0', '0', '0', '0', '0', '0', '0', 'Guard Fengus - In Combat - Cast \'Knock Away\''), ('14321', '0', '4', '5', '2', '0', '100', '2', '0', '30', '120000', '120000', '0', '11', '8269', '1', '0', '0', '0', '0', '1', '0', '0', '0', '0', '0', '0', '0', '0', 'Guard Fengus - Between 0-30% Health - Cast \'Frenzy\' (Normal Dungeon)'), ('14321', '0', '5', '0', '61', '0', '100', '0', '0', '0', '0', '0', '0', '1', '0', '0', '0', '0', '0', '0', '1', '0', '0', '0', '0', '0', '0', '0', '0', 'Guard Fengus - Between 0-30% Health - Say Line 0 (Normal Dungeon)'), ('14321', '0', '8', '0', '11', '0', '100', '512', '0', '0', '0', '0', '0', '53', '0', '14321', '1', '0', '0', '2', '1', '0', '0', '0', '0', '0', '0', '0', '0', 'Guard Fengus - On Spawn - Start WP'), ('14321', '0', '7', '0', '62', '0', '100', '0', '5734', '0', '0', '0', '0', '85', '22817', '2', '0', '0', '0', '0', '7', '0', '0', '0', '0', '0', '0', '0', '0', 'Guard Fengus - On Gossip Option Selected - Invoker Cast 22818'), ('14321', '0', '9', '0', '64', '0', '100', '512', '0', '0', '0', '0', '0', '54', '30000', '0', '0', '0', '0', '0', '1', '0', '0', '0', '0', '0', '0', '0', '0', 'Guard Fengus - On Gossip Hello - Pause WP');
-- Menu 5734 is already imported
UPDATE creature_template SET npcflag = (npcflag | 1), gossip_menu_id = 5734 WHERE entry = 14321;


-- Importing creature gossip with entry 14326 (Guard Mol'dar) with import type SMART
UPDATE creature_template SET ScriptName = '', AIName = 'SmartAI' WHERE entry = 14326;
DELETE FROM smart_scripts WHERE entryorguid = 14326 AND source_type = 0;
DELETE FROM creature_text WHERE CreatureID = 14326;
INSERT INTO creature_text (`CreatureID`, `GroupID`, `ID`, `Text`, `Type`, `Language`, `Probability`, `Emote`, `Duration`, `Sound`, `BroadcastTextId`, `TextRange`, `comment`) VALUES ('14326', '0', '0', '%s goes into a frenzy!', '16', '0', '100', '0', '0', '0', '38630', '0', 'Guard Mol\'dar');
-- Text 6907 already present in Sun DB
INSERT INTO conditions (`SourceTypeOrReferenceId`, `SourceGroup`, `SourceEntry`, `SourceId`, `ElseGroup`, `ConditionTypeOrReference`, `ConditionTarget`, `ConditionValue1`, `ConditionValue2`, `ConditionValue3`, `NegativeCondition`, `ErrorType`, `ErrorTextId`, `ScriptName`, `Comment`) VALUES ('14', '5735', '6907', '0', '0', '1', '0', '22818', '0', '0', '1', '0', '0', '', '(autoimported) Guard Mol Dar Show text 6907 only if player does not have aura 22818');
INSERT INTO conditions (`SourceTypeOrReferenceId`, `SourceGroup`, `SourceEntry`, `SourceId`, `ElseGroup`, `ConditionTypeOrReference`, `ConditionTarget`, `ConditionValue1`, `ConditionValue2`, `ConditionValue3`, `NegativeCondition`, `ErrorType`, `ErrorTextId`, `ScriptName`, `Comment`) VALUES ('14', '5735', '6907', '0', '0', '1', '0', '22799', '0', '0', '0', '0', '0', '', '(autoimported) Guard Mol Dar Show text 6907 only if player has aura 22799');
INSERT INTO gossip_menu (`MenuID`, `TextID`) VALUES ('5735', '6907');
-- Text 6908 already present in Sun DB
INSERT INTO conditions (`SourceTypeOrReferenceId`, `SourceGroup`, `SourceEntry`, `SourceId`, `ElseGroup`, `ConditionTypeOrReference`, `ConditionTarget`, `ConditionValue1`, `ConditionValue2`, `ConditionValue3`, `NegativeCondition`, `ErrorType`, `ErrorTextId`, `ScriptName`, `Comment`) VALUES ('14', '5735', '6908', '0', '0', '1', '0', '22818', '0', '0', '0', '0', '0', '', '(autoimported) Guard Mol Dar Show text 6908 only if player does not have aura 22818');
INSERT INTO conditions (`SourceTypeOrReferenceId`, `SourceGroup`, `SourceEntry`, `SourceId`, `ElseGroup`, `ConditionTypeOrReference`, `ConditionTarget`, `ConditionValue1`, `ConditionValue2`, `ConditionValue3`, `NegativeCondition`, `ErrorType`, `ErrorTextId`, `ScriptName`, `Comment`) VALUES ('14', '5735', '6908', '0', '0', '1', '0', '22799', '0', '0', '0', '0', '0', '', '(autoimported) Guard Mol Dar Show text 6908 only if player has aura 22799');
INSERT INTO gossip_menu (`MenuID`, `TextID`) VALUES ('5735', '6908');
-- Menu 5735 is already imported
INSERT INTO gossip_menu_option (`MenuID`, `OptionID`, `OptionIcon`, `OptionText`, `OptionBroadcastTextID`, `OptionType`, `OptionNpcFlag`, `ActionMenuID`, `ActionPoiID`, `BoxCoded`, `BoxMoney`, `BoxText`, `BoxBroadcastTextID`) VALUES ('5735', '0', '0', 'Call me \"Boss\".  What have you got for me!', '9401', '1', '1', '5735', NULL, '0', '0', '', NULL);
INSERT INTO conditions (`SourceTypeOrReferenceId`, `SourceGroup`, `SourceEntry`, `SourceId`, `ElseGroup`, `ConditionTypeOrReference`, `ConditionTarget`, `ConditionValue1`, `ConditionValue2`, `ConditionValue3`, `NegativeCondition`, `ErrorType`, `ErrorTextId`, `ScriptName`, `Comment`) VALUES ('15', '5735', '0', '0', '0', '1', '0', '22799', '0', '0', '0', '0', '0', '', '(autoimported) Guard Mol Dar Show Gossip option 0 only if player has aura 22799');
INSERT INTO conditions (`SourceTypeOrReferenceId`, `SourceGroup`, `SourceEntry`, `SourceId`, `ElseGroup`, `ConditionTypeOrReference`, `ConditionTarget`, `ConditionValue1`, `ConditionValue2`, `ConditionValue3`, `NegativeCondition`, `ErrorType`, `ErrorTextId`, `ScriptName`, `Comment`) VALUES ('15', '5735', '0', '0', '0', '1', '0', '22818', '0', '0', '1', '0', '0', '', '(autoimported) Guard Mol Dar Show Gossip option 0 only if player does not have aura 22818');
INSERT INTO conditions (`SourceTypeOrReferenceId`, `SourceGroup`, `SourceEntry`, `SourceId`, `ElseGroup`, `ConditionTypeOrReference`, `ConditionTarget`, `ConditionValue1`, `ConditionValue2`, `ConditionValue3`, `NegativeCondition`, `ErrorType`, `ErrorTextId`, `ScriptName`, `Comment`) VALUES ('15', '5735', '0', '0', '0', '27', '0', '63', '4', '0', '0', '0', '0', '', '(autoimported) Guard Mol Dar Show Gossip option 0 only if player is level 63 or Lower');
INSERT INTO smart_scripts (`entryorguid`, `source_type`, `id`, `link`, `event_type`, `event_phase_mask`, `event_chance`, `event_flags`, `event_param1`, `event_param2`, `event_param3`, `event_param4`, `event_param5`, `action_type`, `action_param1`, `action_param2`, `action_param3`, `action_param4`, `action_param5`, `action_param6`, `target_type`, `target_param1`, `target_param2`, `target_param3`, `target_param4`, `target_x`, `target_y`, `target_z`, `target_o`, `comment`) VALUES ('14326', '0', '0', '0', '4', '0', '100', '3', '0', '0', '0', '0', '0', '11', '15749', '0', '0', '0', '0', '0', '7', '0', '0', '0', '0', '0', '0', '0', '0', 'Guard Mol\'dar - On Aggro - Cast \'Shield Charge\' (No Repeat) (Normal Dungeon)'), ('14326', '0', '1', '0', '0', '0', '100', '2', '5000', '8000', '8000', '12000', '0', '11', '15580', '1', '0', '0', '0', '0', '2', '0', '0', '0', '0', '0', '0', '0', '0', 'Guard Mol\'dar - In Combat - Cast \'Strike\' (No Repeat) (Normal Dungeon)'), ('14326', '0', '2', '0', '13', '0', '100', '3', '0', '0', '0', '0', '0', '11', '11972', '1', '0', '0', '0', '0', '7', '0', '0', '0', '0', '0', '0', '0', '0', 'Guard Mol\'dar - Target Casting - Cast \'Shield Bash\' (No Repeat) (Normal Dungeon)'), ('14326', '0', '3', '0', '0', '0', '100', '2', '7000', '12000', '12000', '15000', '0', '11', '10101', '1', '0', '0', '0', '0', '5', '0', '0', '0', '0', '0', '0', '0', '0', 'Guard Mol\'dar - In Combat - Cast \'Knock Away\' (No Repeat) (Normal Dungeon)'), ('14326', '0', '4', '5', '2', '0', '100', '2', '0', '30', '120000', '120000', '0', '11', '8269', '1', '0', '0', '0', '0', '1', '0', '0', '0', '0', '0', '0', '0', '0', 'Guard Mol\'dar - Between 0-30% Health - Cast \'Frenzy\' (Normal Dungeon)'), ('14326', '0', '5', '0', '61', '0', '100', '0', '0', '0', '0', '0', '0', '1', '0', '0', '0', '0', '0', '0', '1', '0', '0', '0', '0', '0', '0', '0', '0', 'Guard Mol\'dar - Between 0-30% Health - Say Line 0 (Normal Dungeon)'), ('14326', '0', '6', '0', '6', '0', '100', '515', '0', '0', '0', '0', '0', '11', '22818', '7', '0', '0', '0', '0', '2', '0', '0', '0', '0', '0', '0', '0', '0', 'Guard Mol\'dar - On Just Died - Cast \'Mol\'dar\'s Moxie\' (Normal Dungeon)'), ('14326', '0', '7', '0', '62', '0', '100', '0', '5735', '0', '0', '0', '0', '85', '22818', '2', '0', '0', '0', '0', '7', '0', '0', '0', '0', '0', '0', '0', '0', 'Guard Mol\'dar - On Gossip Option Selected - Invoker Cast 22818');
-- Menu 5735 is already imported
UPDATE creature_template SET npcflag = (npcflag | 1), gossip_menu_id = 5735 WHERE entry = 14326;


-- Importing creature gossip with entry 14325 (Captain Kromcrush) with import type SMART
UPDATE creature_template SET ScriptName = '', AIName = 'SmartAI' WHERE entry = 14325;
DELETE FROM smart_scripts WHERE entryorguid = 14325 AND source_type = 0;
DELETE FROM creature_text WHERE CreatureID = 14325;
INSERT INTO creature_text (`CreatureID`, `GroupID`, `ID`, `Text`, `Type`, `Language`, `Probability`, `Emote`, `Duration`, `Sound`, `BroadcastTextId`, `TextRange`, `comment`) VALUES ('14325', '0', '0', 'No one get past me and threaten da king!  Ungh, take it!!', '12', '0', '100', '0', '0', '0', '9418', '0', 'Captain Kromcrush');
INSERT INTO creature_text (`CreatureID`, `GroupID`, `ID`, `Text`, `Type`, `Language`, `Probability`, `Emote`, `Duration`, `Sound`, `BroadcastTextId`, `TextRange`, `comment`) VALUES ('14325', '1', '0', 'Help me crush these punys!', '14', '0', '100', '0', '0', '0', '9478', '0', 'Captain Kromcrush');
INSERT INTO creature_text (`CreatureID`, `GroupID`, `ID`, `Text`, `Type`, `Language`, `Probability`, `Emote`, `Duration`, `Sound`, `BroadcastTextId`, `TextRange`, `comment`) VALUES ('14325', '2', '0', '%s begins to retaliate all attacks against him!', '16', '0', '100', '0', '0', '0', '9477', '0', 'Captain Kromcrush');
INSERT INTO creature_text (`CreatureID`, `GroupID`, `ID`, `Text`, `Type`, `Language`, `Probability`, `Emote`, `Duration`, `Sound`, `BroadcastTextId`, `TextRange`, `comment`) VALUES ('14325', '3', '0', 'Hey, who Fengus callin\' a gnoll lover?!  Take da prisoners to da king; you smart to bring them with their weapons and show da king that they a threat.  I\'ll go see if Fengus talk smack when I give him da beatdown!  HAR!', '12', '0', '100', '0', '0', '0', '9416', '0', 'Captain Kromcrush');
INSERT INTO creature_text (`CreatureID`, `GroupID`, `ID`, `Text`, `Type`, `Language`, `Probability`, `Emote`, `Duration`, `Sound`, `BroadcastTextId`, `TextRange`, `comment`) VALUES ('14325', '4', '0', 'OK Fengus, where you at?!  You come call me a gnoll lover while I give you da hammer upside da head!', '14', '0', '100', '0', '0', '0', '9424', '0', 'Captain Kromcrush');
-- Creature text 14325 is already imported
-- Creature text 14325 is already imported
-- Text 6915 already present in Sun DB
INSERT INTO gossip_menu (`MenuID`, `TextID`) VALUES ('5738', '6915');
INSERT INTO gossip_menu_option (`MenuID`, `OptionID`, `OptionIcon`, `OptionText`, `OptionBroadcastTextID`, `OptionType`, `OptionNpcFlag`, `ActionMenuID`, `ActionPoiID`, `BoxCoded`, `BoxMoney`, `BoxText`, `BoxBroadcastTextID`) VALUES ('5738', '0', '0', 'Er... that\'s how I found them.  I wanted to show the king that they were a threat!  Say Captain... I overheard Guard Fengus calling you a fat, useless gnoll lover!', '9423', '1', '1', NULL, NULL, '0', '0', '', NULL);
-- Creature text 14325 is already imported
INSERT INTO waypoints (`entry`, `pointid`, `position_x`, `position_y`, `position_z`, `point_comment`) VALUES ('14325', '1', '492.713', '483.271', '29.4628', 'Captain Kromcrush');
INSERT INTO waypoints (`entry`, `pointid`, `position_x`, `position_y`, `position_z`, `point_comment`) VALUES ('14325', '2', '491.019', '505.918', '29.4624', 'Captain Kromcrush');
-- Smart Waypoints 14325 are already imported
-- Creature text 14325 is already imported
-- Smart Waypoints 14325 are already imported
INSERT INTO smart_scripts (`entryorguid`, `source_type`, `id`, `link`, `event_type`, `event_phase_mask`, `event_chance`, `event_flags`, `event_param1`, `event_param2`, `event_param3`, `event_param4`, `event_param5`, `action_type`, `action_param1`, `action_param2`, `action_param3`, `action_param4`, `action_param5`, `action_param6`, `target_type`, `target_param1`, `target_param2`, `target_param3`, `target_param4`, `target_x`, `target_y`, `target_z`, `target_o`, `comment`) VALUES ('14325', '0', '15', '0', '61', '0', '100', '512', '0', '0', '0', '0', '0', '19', '768', '0', '0', '0', '0', '0', '1', '0', '0', '0', '0', '0', '0', '0', '0', 'Captain Kromcrush - On Reached WP2 - Set Npc Flags'), ('14325', '0', '0', '0', '4', '0', '100', '3', '0', '0', '0', '0', '0', '1', '0', '0', '0', '0', '0', '0', '1', '0', '0', '0', '0', '0', '0', '0', '0', 'Captain Kromcrush - On Aggro - Say Line 0 (Phase 4) (No Repeat) (Normal Dungeon)'), ('14325', '0', '1', '0', '0', '0', '100', '2', '7000', '11000', '7000', '11000', '0', '11', '22859', '0', '0', '0', '0', '0', '5', '0', '0', '0', '0', '0', '0', '0', '0', 'Captain Kromcrush - In Combat - Cast \'Mortal Cleave\' (Phase 4) (No Repeat) (Normal Dungeon)'), ('14325', '0', '2', '0', '0', '0', '100', '2', '12000', '21000', '25000', '35000', '0', '11', '22857', '1', '0', '0', '0', '0', '1', '0', '0', '0', '0', '0', '0', '0', '0', 'Captain Kromcrush - In Combat - Cast \'Retaliation\' (Phase 4) (No Repeat) (Normal Dungeon)'), ('14325', '0', '3', '0', '0', '0', '100', '2', '9000', '18000', '15000', '19000', '0', '11', '19134', '1', '0', '0', '0', '0', '6', '0', '0', '0', '0', '0', '0', '0', '0', 'Captain Kromcrush - In Combat - Cast \'Frightening Shout\' (Phase 4) (No Repeat) (Normal Dungeon)'), ('14325', '0', '4', '5', '2', '0', '100', '3', '0', '75', '0', '0', '0', '11', '22860', '1', '0', '0', '0', '0', '1', '0', '0', '0', '0', '0', '0', '0', '0', 'Captain Kromcrush - Between 0-75% Health - Cast \'Call Reavers\' (No Repeat) (Normal Dungeon)'), ('14325', '0', '5', '0', '61', '0', '100', '0', '0', '0', '0', '0', '0', '1', '1', '0', '0', '0', '0', '0', '1', '0', '0', '0', '0', '0', '0', '0', '0', 'Captain Kromcrush - Between 0-75% Health - Say Line 1 (No Repeat) (Normal Dungeon)'), ('14325', '0', '6', '7', '2', '0', '100', '3', '0', '30', '0', '0', '0', '11', '8599', '1', '0', '0', '0', '0', '1', '0', '0', '0', '0', '0', '0', '0', '0', 'Captain Kromcrush - Between 0-30% Health - Cast \'Enrage\' (No Repeat) (Normal Dungeon)'), ('14325', '0', '7', '0', '61', '0', '100', '0', '0', '0', '0', '0', '0', '1', '2', '0', '0', '0', '0', '0', '1', '0', '0', '0', '0', '0', '0', '0', '0', 'Captain Kromcrush - Between 0-30% Health - Say Line 2 (No Repeat) (Normal Dungeon)'), ('14325', '0', '14', '0', '61', '0', '100', '512', '0', '0', '0', '0', '0', '2', '45', '0', '0', '0', '0', '0', '1', '0', '0', '0', '0', '0', '0', '0', '0', 'Captain Kromcrush - On Gossip Option Selected - Set Faction'), ('14325', '0', '8', '9', '62', '0', '100', '512', '5738', '0', '0', '0', '0', '72', '0', '0', '0', '0', '0', '0', '7', '0', '0', '0', '0', '0', '0', '0', '0', 'Captain Kromcrush - On Gossip Option Selected - Close Gossip'), ('14325', '0', '9', '10', '61', '0', '100', '512', '0', '0', '0', '0', '0', '1', '3', '0', '0', '0', '0', '0', '1', '0', '0', '0', '0', '0', '0', '0', '0', 'Captain Kromcrush - On Gossip Option Selected - Say Line 3'), ('14325', '0', '10', '11', '61', '0', '100', '512', '0', '0', '0', '0', '0', '18', '768', '0', '0', '0', '0', '0', '1', '0', '0', '0', '0', '0', '0', '0', '0', 'Captain Kromcrush - On Gossip Option Selected - Set Unit Flags'), ('14325', '0', '11', '14', '61', '0', '100', '512', '0', '0', '0', '0', '0', '53', '1', '14325', '0', '0', '0', '1', '1', '0', '0', '0', '0', '0', '0', '0', '0', 'Captain Kromcrush - On Gossip Option Selected - Start WP'), ('14325', '0', '12', '0', '40', '0', '100', '0', '1', '14325', '0', '0', '0', '1', '4', '0', '0', '0', '0', '0', '1', '0', '0', '0', '0', '0', '0', '0', '0', 'Captain Kromcrush - On Reached WP1 - Say Line 4'), ('14325', '0', '13', '15', '40', '0', '100', '512', '2', '14325', '0', '0', '0', '81', '3', '0', '0', '0', '0', '0', '1', '0', '0', '0', '0', '0', '0', '0', '0', 'Captain Kromcrush - On Reached WP2 - Set NPC Flags');
-- Text 6913 already present in Sun DB
INSERT INTO conditions (`SourceTypeOrReferenceId`, `SourceGroup`, `SourceEntry`, `SourceId`, `ElseGroup`, `ConditionTypeOrReference`, `ConditionTarget`, `ConditionValue1`, `ConditionValue2`, `ConditionValue3`, `NegativeCondition`, `ErrorType`, `ErrorTextId`, `ScriptName`, `Comment`) VALUES ('14', '5739', '6913', '0', '0', '1', '0', '22799', '0', '0', '1', '0', '0', '', '(autoimported) Captain Kromcrush Show text 6913 only if player does not have aura 22799');
INSERT INTO gossip_menu (`MenuID`, `TextID`) VALUES ('5739', '6913');
-- Text 6914 already present in Sun DB
INSERT INTO conditions (`SourceTypeOrReferenceId`, `SourceGroup`, `SourceEntry`, `SourceId`, `ElseGroup`, `ConditionTypeOrReference`, `ConditionTarget`, `ConditionValue1`, `ConditionValue2`, `ConditionValue3`, `NegativeCondition`, `ErrorType`, `ErrorTextId`, `ScriptName`, `Comment`) VALUES ('14', '5739', '6914', '0', '0', '1', '0', '22799', '0', '0', '0', '0', '0', '', '(autoimported) Captain Kromcrush Show text 6914 only if player has aura 22799');
INSERT INTO gossip_menu (`MenuID`, `TextID`) VALUES ('5739', '6914');
-- Menu 5738 is already imported
INSERT INTO gossip_menu_option (`MenuID`, `OptionID`, `OptionIcon`, `OptionText`, `OptionBroadcastTextID`, `OptionType`, `OptionNpcFlag`, `ActionMenuID`, `ActionPoiID`, `BoxCoded`, `BoxMoney`, `BoxText`, `BoxBroadcastTextID`) VALUES ('5739', '0', '0', 'Um, I\'m taking some prisoners we found outside before the king for punishment.', '9421', '1', '1', '5738', NULL, '0', '0', '', NULL);
INSERT INTO conditions (`SourceTypeOrReferenceId`, `SourceGroup`, `SourceEntry`, `SourceId`, `ElseGroup`, `ConditionTypeOrReference`, `ConditionTarget`, `ConditionValue1`, `ConditionValue2`, `ConditionValue3`, `NegativeCondition`, `ErrorType`, `ErrorTextId`, `ScriptName`, `Comment`) VALUES ('15', '5739', '0', '0', '0', '1', '0', '22799', '0', '0', '1', '0', '0', '', '(autoimported) Captain Kromcrush Show Gossip option 0 only if player does not have aura 22799');
UPDATE creature_template SET npcflag = (npcflag | 1), gossip_menu_id = 5739 WHERE entry = 14325;


-- Importing creature gossip with entry 3057 (Cairne Bloodhoof) with import type GOSSIP
-- Text 7013 already present in Sun DB
INSERT INTO gossip_menu (`MenuID`, `TextID`) VALUES ('5851', '7013');
UPDATE creature_template SET npcflag = (npcflag | 1), gossip_menu_id = 5851 WHERE entry = 3057;


-- Importing creature gossip with entry 2941 (Lanie Reed) with import type SMART
UPDATE creature_template SET ScriptName = '', AIName = 'SmartAI' WHERE entry = 2941;
DELETE FROM smart_scripts WHERE entryorguid = 2941 AND source_type = 0;
DELETE FROM creature_text WHERE CreatureID = 2941;
INSERT INTO creature_text (`CreatureID`, `GroupID`, `ID`, `Text`, `Type`, `Language`, `Probability`, `Emote`, `Duration`, `Sound`, `BroadcastTextId`, `TextRange`, `comment`) VALUES ('2941', '0', '0', 'Guards! Help me!', '14', '7', '100', '0', '0', '0', '4566', '0', 'Lanie Reed');
INSERT INTO smart_scripts (`entryorguid`, `source_type`, `id`, `link`, `event_type`, `event_phase_mask`, `event_chance`, `event_flags`, `event_param1`, `event_param2`, `event_param3`, `event_param4`, `event_param5`, `action_type`, `action_param1`, `action_param2`, `action_param3`, `action_param4`, `action_param5`, `action_param6`, `target_type`, `target_param1`, `target_param2`, `target_param3`, `target_param4`, `target_x`, `target_y`, `target_z`, `target_o`, `comment`) VALUES ('2941', '0', '0', '0', '4', '0', '100', '512', '0', '0', '0', '0', '0', '11', '14313', '2', '0', '0', '0', '0', '1', '0', '0', '0', '0', '0', '0', '0', '0', 'Lanie Reed - On Aggro - Summon Creature \'Enraged Gryphon\''), ('2941', '0', '2', '0', '4', '0', '100', '0', '0', '0', '0', '0', '0', '1', '0', '0', '0', '0', '0', '0', '1', '0', '0', '0', '0', '0', '0', '0', '0', 'Lanie Reed - On Aggro - Say Line 0');
-- Text 7122 already present in Sun DB
INSERT INTO gossip_menu (`MenuID`, `TextID`) VALUES ('5967', '7122');
INSERT INTO gossip_menu_option (`MenuID`, `OptionID`, `OptionIcon`, `OptionText`, `OptionBroadcastTextID`, `OptionType`, `OptionNpcFlag`, `ActionMenuID`, `ActionPoiID`, `BoxCoded`, `BoxMoney`, `BoxText`, `BoxBroadcastTextID`) VALUES ('5967', '0', '2', 'I need a ride.', '3409', '4', '8192', NULL, NULL, '0', '0', '', NULL);
UPDATE creature_template SET npcflag = (npcflag | 1), gossip_menu_id = 5967 WHERE entry = 2941;


-- Importing creature gossip with entry 14823 (Silas Darkmoon) with import type GOSSIP
-- Text 7334 already present in Sun DB
INSERT INTO gossip_menu (`MenuID`, `TextID`) VALUES ('6182', '7334');
-- Text 7336 already present in Sun DB
INSERT INTO gossip_menu (`MenuID`, `TextID`) VALUES ('6181', '7336');
INSERT INTO gossip_menu_option (`MenuID`, `OptionID`, `OptionIcon`, `OptionText`, `OptionBroadcastTextID`, `OptionType`, `OptionNpcFlag`, `ActionMenuID`, `ActionPoiID`, `BoxCoded`, `BoxMoney`, `BoxText`, `BoxBroadcastTextID`) VALUES ('6182', '0', '0', 'Silas, why is most everything at the fair free? How do you make a profit?', '10035', '1', '1', '6181', NULL, '0', '0', '', NULL);
UPDATE creature_template SET npcflag = (npcflag | 1), gossip_menu_id = 6182 WHERE entry = 14823;


-- Importing creature gossip with entry 15126 (Rutherford Twing) with import type GOSSIP
-- Text 7723 already present in Sun DB
INSERT INTO gossip_menu (`MenuID`, `TextID`) VALUES ('6521', '7723');
INSERT INTO gossip_menu_option (`MenuID`, `OptionID`, `OptionIcon`, `OptionText`, `OptionBroadcastTextID`, `OptionType`, `OptionNpcFlag`, `ActionMenuID`, `ActionPoiID`, `BoxCoded`, `BoxMoney`, `BoxText`, `BoxBroadcastTextID`) VALUES ('6521', '0', '1', 'What goods have I earned the right to purchase from the Defilers?', '10623', '3', '128', NULL, NULL, '0', '0', '', NULL);
UPDATE creature_template SET npcflag = (npcflag | 1), gossip_menu_id = 6521 WHERE entry = 15126;


-- Importing creature gossip with entry 15127 (Samuel Hawke) with import type GOSSIP
-- Text 7724 already present in Sun DB
INSERT INTO gossip_menu (`MenuID`, `TextID`) VALUES ('6522', '7724');
INSERT INTO gossip_menu_option (`MenuID`, `OptionID`, `OptionIcon`, `OptionText`, `OptionBroadcastTextID`, `OptionType`, `OptionNpcFlag`, `ActionMenuID`, `ActionPoiID`, `BoxCoded`, `BoxMoney`, `BoxText`, `BoxBroadcastTextID`) VALUES ('6522', '0', '1', 'What goods have I earned the right to purchase from the League of Arathor?', '10625', '3', '128', NULL, NULL, '0', '0', '', NULL);
UPDATE creature_template SET npcflag = (npcflag | 1), gossip_menu_id = 6522 WHERE entry = 15127;


-- Importing creature gossip with entry 16684 (Zelanis) with import type SMART
UPDATE creature_template SET ScriptName = '', AIName = 'SmartAI' WHERE entry = 16684;
DELETE FROM smart_scripts WHERE entryorguid = 16684 AND source_type = 0;
-- Importing menu 6650 as 57066
INSERT INTO gossip_text (`ID`, `comment`, `text0_0`, `text0_1`, `BroadcastTextID0`, `lang0`, `Probability0`, `em0_0`, `em0_1`, `em0_2`, `em0_3`, `em0_4`, `em0_5`, `text1_0`, `text1_1`, `BroadcastTextID1`, `lang1`, `Probability1`, `em1_0`, `em1_1`, `em1_2`, `em1_3`, `em1_4`, `em1_5`, `text2_0`, `text2_1`, `BroadcastTextID2`, `lang2`, `Probability2`, `em2_0`, `em2_1`, `em2_2`, `em2_3`, `em2_4`, `em2_5`, `text3_0`, `text3_1`, `BroadcastTextID3`, `lang3`, `Probability3`, `em3_0`, `em3_1`, `em3_2`, `em3_3`, `em3_4`, `em3_5`, `text4_0`, `text4_1`, `BroadcastTextID4`, `lang4`, `Probability4`, `em4_0`, `em4_1`, `em4_2`, `em4_3`, `em4_4`, `em4_5`, `text5_0`, `text5_1`, `BroadcastTextID5`, `lang5`, `Probability5`, `em5_0`, `em5_1`, `em5_2`, `em5_3`, `em5_4`, `em5_5`, `text6_0`, `text6_1`, `BroadcastTextID6`, `lang6`, `Probability6`, `em6_0`, `em6_1`, `em6_2`, `em6_3`, `em6_4`, `em6_5`, `text7_0`, `text7_1`, `BroadcastTextID7`, `lang7`, `Probability7`, `em7_0`, `em7_1`, `em7_2`, `em7_3`, `em7_4`, `em7_5`) VALUES ('1872549', 'Imported from TC', 'It appears you took a wrong turn, $c.', 'It appears you took a wrong turn, $c.', '52392', '1', '1', '0', '0', '0', '0', '0', '0', '', '', NULL, '0', '0', '0', '0', '0', '0', '0', '0', '', '', NULL, '0', '0', '0', '0', '0', '0', '0', '0', '', '', NULL, '0', '0', '0', '0', '0', '0', '0', '0', '', '', NULL, '0', '0', '0', '0', '0', '0', '0', '0', '', '', NULL, '0', '0', '0', '0', '0', '0', '0', '0', '', '', NULL, '0', '0', '0', '0', '0', '0', '0', '0', '', '', NULL, '0', '0', '0', '0', '0', '0', '0', '0');
INSERT INTO conditions (`SourceTypeOrReferenceId`, `SourceGroup`, `SourceEntry`, `SourceId`, `ElseGroup`, `ConditionTypeOrReference`, `ConditionTarget`, `ConditionValue1`, `ConditionValue2`, `ConditionValue3`, `NegativeCondition`, `ErrorType`, `ErrorTextId`, `ScriptName`, `Comment`) VALUES ('14', '57066', '1872549', '0', '0', '15', '0', '1527', '0', '0', '0', '0', '0', '', '(autoimported) Show gossip text if player is not a Rogue');
INSERT INTO gossip_menu (`MenuID`, `TextID`) VALUES ('57066', '1872549');
INSERT INTO gossip_text (`ID`, `comment`, `text0_0`, `text0_1`, `BroadcastTextID0`, `lang0`, `Probability0`, `em0_0`, `em0_1`, `em0_2`, `em0_3`, `em0_4`, `em0_5`, `text1_0`, `text1_1`, `BroadcastTextID1`, `lang1`, `Probability1`, `em1_0`, `em1_1`, `em1_2`, `em1_3`, `em1_4`, `em1_5`, `text2_0`, `text2_1`, `BroadcastTextID2`, `lang2`, `Probability2`, `em2_0`, `em2_1`, `em2_2`, `em2_3`, `em2_4`, `em2_5`, `text3_0`, `text3_1`, `BroadcastTextID3`, `lang3`, `Probability3`, `em3_0`, `em3_1`, `em3_2`, `em3_3`, `em3_4`, `em3_5`, `text4_0`, `text4_1`, `BroadcastTextID4`, `lang4`, `Probability4`, `em4_0`, `em4_1`, `em4_2`, `em4_3`, `em4_4`, `em4_5`, `text5_0`, `text5_1`, `BroadcastTextID5`, `lang5`, `Probability5`, `em5_0`, `em5_1`, `em5_2`, `em5_3`, `em5_4`, `em5_5`, `text6_0`, `text6_1`, `BroadcastTextID6`, `lang6`, `Probability6`, `em6_0`, `em6_1`, `em6_2`, `em6_3`, `em6_4`, `em6_5`, `text7_0`, `text7_1`, `BroadcastTextID7`, `lang7`, `Probability7`, `em7_0`, `em7_1`, `em7_2`, `em7_3`, `em7_4`, `em7_5`) VALUES ('1872550', 'Imported from TC', 'Greetings, $n. You were not followed here, I trust?', 'Greetings, $n. You were not followed here, I trust?', '14767', '1', '1', '0', '0', '0', '0', '0', '0', '', '', NULL, '0', '0', '0', '0', '0', '0', '0', '0', '', '', NULL, '0', '0', '0', '0', '0', '0', '0', '0', '', '', NULL, '0', '0', '0', '0', '0', '0', '0', '0', '', '', NULL, '0', '0', '0', '0', '0', '0', '0', '0', '', '', NULL, '0', '0', '0', '0', '0', '0', '0', '0', '', '', NULL, '0', '0', '0', '0', '0', '0', '0', '0', '', '', NULL, '0', '0', '0', '0', '0', '0', '0', '0');
INSERT INTO conditions (`SourceTypeOrReferenceId`, `SourceGroup`, `SourceEntry`, `SourceId`, `ElseGroup`, `ConditionTypeOrReference`, `ConditionTarget`, `ConditionValue1`, `ConditionValue2`, `ConditionValue3`, `NegativeCondition`, `ErrorType`, `ErrorTextId`, `ScriptName`, `Comment`) VALUES ('14', '57066', '1872550', '0', '0', '15', '0', '8', '0', '0', '0', '0', '0', '', '(autoimported) Show gossip text if player is a Rogue');
INSERT INTO gossip_menu (`MenuID`, `TextID`) VALUES ('57066', '1872550');
INSERT INTO gossip_menu_option (`MenuID`, `OptionID`, `OptionIcon`, `OptionText`, `OptionBroadcastTextID`, `OptionType`, `OptionNpcFlag`, `ActionMenuID`, `ActionPoiID`, `BoxCoded`, `BoxMoney`, `BoxText`, `BoxBroadcastTextID`) VALUES ('57066', '0', '3', 'I require rogue training.', '11073', '5', '16', NULL, NULL, '0', '0', '', NULL);
-- Menu 4461 is already imported as 57061
INSERT INTO gossip_menu_option (`MenuID`, `OptionID`, `OptionIcon`, `OptionText`, `OptionBroadcastTextID`, `OptionType`, `OptionNpcFlag`, `ActionMenuID`, `ActionPoiID`, `BoxCoded`, `BoxMoney`, `BoxText`, `BoxBroadcastTextID`) VALUES ('57066', '1', '0', 'I wish to unlearn my talents.', '62295', '16', '16', '57061', NULL, '0', '0', '', NULL);
-- Menu 10371 is already imported as 57062
INSERT INTO gossip_menu_option (`MenuID`, `OptionID`, `OptionIcon`, `OptionText`, `OptionBroadcastTextID`, `OptionType`, `OptionNpcFlag`, `ActionMenuID`, `ActionPoiID`, `BoxCoded`, `BoxMoney`, `BoxText`, `BoxBroadcastTextID`, `patch_min`) VALUES ('57066', '2', '0', 'I wish to know about Dual Talent Specialization.', '33762', '20', '1', '57062', NULL, '0', '0', '', NULL, '5');
INSERT INTO gossip_menu_option (`MenuID`, `OptionID`, `OptionIcon`, `OptionText`, `OptionBroadcastTextID`, `OptionType`, `OptionNpcFlag`, `ActionMenuID`, `ActionPoiID`, `BoxCoded`, `BoxMoney`, `BoxText`, `BoxBroadcastTextID`) VALUES ('57066', '4', '0', '<Take the letter>', NULL, '1', '1', NULL, NULL, '0', '0', '', NULL);
INSERT INTO conditions (`SourceTypeOrReferenceId`, `SourceGroup`, `SourceEntry`, `SourceId`, `ElseGroup`, `ConditionTypeOrReference`, `ConditionTarget`, `ConditionValue1`, `ConditionValue2`, `ConditionValue3`, `NegativeCondition`, `ErrorType`, `ErrorTextId`, `ScriptName`, `Comment`) VALUES ('15', '57066', '0', '0', '0', '15', '0', '8', '0', '0', '0', '0', '0', '', '(autoimported) Show gossip option if player is a Rogue');
INSERT INTO conditions (`SourceTypeOrReferenceId`, `SourceGroup`, `SourceEntry`, `SourceId`, `ElseGroup`, `ConditionTypeOrReference`, `ConditionTarget`, `ConditionValue1`, `ConditionValue2`, `ConditionValue3`, `NegativeCondition`, `ErrorType`, `ErrorTextId`, `ScriptName`, `Comment`) VALUES ('15', '57066', '1', '0', '0', '15', '0', '8', '0', '0', '0', '0', '0', '', '(autoimported) Show gossip option if player is a Rogue');
INSERT INTO conditions (`SourceTypeOrReferenceId`, `SourceGroup`, `SourceEntry`, `SourceId`, `ElseGroup`, `ConditionTypeOrReference`, `ConditionTarget`, `ConditionValue1`, `ConditionValue2`, `ConditionValue3`, `NegativeCondition`, `ErrorType`, `ErrorTextId`, `ScriptName`, `Comment`) VALUES ('15', '57066', '2', '0', '0', '15', '0', '8', '0', '0', '0', '0', '0', '', '(autoimported) Show gossip option if player is a Rogue');
INSERT INTO conditions (`SourceTypeOrReferenceId`, `SourceGroup`, `SourceEntry`, `SourceId`, `ElseGroup`, `ConditionTypeOrReference`, `ConditionTarget`, `ConditionValue1`, `ConditionValue2`, `ConditionValue3`, `NegativeCondition`, `ErrorType`, `ErrorTextId`, `ScriptName`, `Comment`) VALUES ('15', '57066', '4', '0', '0', '15', '0', '8', '0', '0', '0', '0', '0', '', '(autoimported) Show gossip option if player is a rogue');
INSERT INTO conditions (`SourceTypeOrReferenceId`, `SourceGroup`, `SourceEntry`, `SourceId`, `ElseGroup`, `ConditionTypeOrReference`, `ConditionTarget`, `ConditionValue1`, `ConditionValue2`, `ConditionValue3`, `NegativeCondition`, `ErrorType`, `ErrorTextId`, `ScriptName`, `Comment`) VALUES ('15', '57066', '4', '0', '0', '27', '0', '24', '3', '0', '0', '0', '0', '', '(autoimported) Show gossip option if player is at least level 24');
INSERT INTO conditions (`SourceTypeOrReferenceId`, `SourceGroup`, `SourceEntry`, `SourceId`, `ElseGroup`, `ConditionTypeOrReference`, `ConditionTarget`, `ConditionValue1`, `ConditionValue2`, `ConditionValue3`, `NegativeCondition`, `ErrorType`, `ErrorTextId`, `ScriptName`, `Comment`) VALUES ('15', '57066', '4', '0', '0', '2', '0', '17126', '1', '0', '1', '0', '0', '', '(autoimported) Show gossip option if player does not have Elegant Letter');
INSERT INTO conditions (`SourceTypeOrReferenceId`, `SourceGroup`, `SourceEntry`, `SourceId`, `ElseGroup`, `ConditionTypeOrReference`, `ConditionTarget`, `ConditionValue1`, `ConditionValue2`, `ConditionValue3`, `NegativeCondition`, `ErrorType`, `ErrorTextId`, `ScriptName`, `Comment`) VALUES ('15', '57066', '4', '0', '0', '8', '0', '6681', '0', '0', '1', '0', '0', '', '(autoimported) Show gossip option if player is not rewarded for quest 6681');
INSERT INTO conditions (`SourceTypeOrReferenceId`, `SourceGroup`, `SourceEntry`, `SourceId`, `ElseGroup`, `ConditionTypeOrReference`, `ConditionTarget`, `ConditionValue1`, `ConditionValue2`, `ConditionValue3`, `NegativeCondition`, `ErrorType`, `ErrorTextId`, `ScriptName`, `Comment`) VALUES ('15', '57066', '4', '0', '0', '9', '0', '6681', '0', '0', '1', '0', '0', '', '(autoimported) Show gossip option if player does not have quest 6681 taken');
INSERT INTO conditions (`SourceTypeOrReferenceId`, `SourceGroup`, `SourceEntry`, `SourceId`, `ElseGroup`, `ConditionTypeOrReference`, `ConditionTarget`, `ConditionValue1`, `ConditionValue2`, `ConditionValue3`, `NegativeCondition`, `ErrorType`, `ErrorTextId`, `ScriptName`, `Comment`) VALUES ('15', '57066', '4', '0', '0', '28', '0', '6681', '0', '0', '1', '0', '0', '', '(autoimported) Show gossip option if player does not have quest 6681 complete');
INSERT INTO smart_scripts (`entryorguid`, `source_type`, `id`, `link`, `event_type`, `event_phase_mask`, `event_chance`, `event_flags`, `event_param1`, `event_param2`, `event_param3`, `event_param4`, `event_param5`, `action_type`, `action_param1`, `action_param2`, `action_param3`, `action_param4`, `action_param5`, `action_param6`, `target_type`, `target_param1`, `target_param2`, `target_param3`, `target_param4`, `target_x`, `target_y`, `target_z`, `target_o`, `comment`) VALUES ('16684', '0', '0', '1', '62', '0', '100', '512', '57066', '4', '0', '0', '0', '72', '0', '0', '0', '0', '0', '0', '7', '0', '0', '0', '0', '0', '0', '0', '0', 'Zelanis - On Gossip Select - Close gossip'), ('16684', '0', '1', '0', '61', '0', '100', '512', '0', '0', '0', '0', '0', '11', '21100', '0', '0', '0', '0', '0', '7', '0', '0', '0', '0', '0', '0', '0', '0', 'Zelanis - Linked with Previous Event - Cast Conjure Elegant Letter');
-- Menu 6650 is already imported as 57066
UPDATE creature_template SET npcflag = (npcflag | 1), gossip_menu_id = 57066 WHERE entry = 16684;


-- Importing creature gossip with entry 15609 (Cenarion Scout Landion) with import type SMART
UPDATE creature_template SET ScriptName = '', AIName = 'SmartAI' WHERE entry = 15609;
DELETE FROM smart_scripts WHERE entryorguid = 15609 AND source_type = 0;
-- Text 8063 already present in Sun DB
INSERT INTO gossip_menu (`MenuID`, `TextID`) VALUES ('6690', '8063');
INSERT INTO gossip_menu_option (`MenuID`, `OptionID`, `OptionIcon`, `OptionText`, `OptionBroadcastTextID`, `OptionType`, `OptionNpcFlag`, `ActionMenuID`, `ActionPoiID`, `BoxCoded`, `BoxMoney`, `BoxText`, `BoxBroadcastTextID`) VALUES ('6690', '0', '0', 'May I have your report?', '11325', '1', '1', NULL, NULL, '0', '0', '', NULL);
INSERT INTO conditions (`SourceTypeOrReferenceId`, `SourceGroup`, `SourceEntry`, `SourceId`, `ElseGroup`, `ConditionTypeOrReference`, `ConditionTarget`, `ConditionValue1`, `ConditionValue2`, `ConditionValue3`, `NegativeCondition`, `ErrorType`, `ErrorTextId`, `ScriptName`, `Comment`) VALUES ('15', '6690', '0', '0', '0', '2', '0', '21160', '1', '0', '1', '0', '0', '', '(autoimported) Show gossip only if player dosn\'t have Hive\'Regal Scout Report');
INSERT INTO conditions (`SourceTypeOrReferenceId`, `SourceGroup`, `SourceEntry`, `SourceId`, `ElseGroup`, `ConditionTypeOrReference`, `ConditionTarget`, `ConditionValue1`, `ConditionValue2`, `ConditionValue3`, `NegativeCondition`, `ErrorType`, `ErrorTextId`, `ScriptName`, `Comment`) VALUES ('15', '6690', '0', '0', '0', '9', '0', '8738', '0', '0', '0', '0', '0', '', '(autoimported) Show gossip only if Hive\'Regal Scout Report quest has been taken');
INSERT INTO smart_scripts (`entryorguid`, `source_type`, `id`, `link`, `event_type`, `event_phase_mask`, `event_chance`, `event_flags`, `event_param1`, `event_param2`, `event_param3`, `event_param4`, `event_param5`, `action_type`, `action_param1`, `action_param2`, `action_param3`, `action_param4`, `action_param5`, `action_param6`, `target_type`, `target_param1`, `target_param2`, `target_param3`, `target_param4`, `target_x`, `target_y`, `target_z`, `target_o`, `comment`) VALUES ('15609', '0', '0', '1', '62', '0', '100', '0', '6690', '0', '0', '0', '0', '11', '25847', '1', '0', '0', '0', '0', '7', '0', '0', '0', '0', '0', '0', '0', '0', 'Cenarion Scout Landion - On Gossip Option 0 Selected - Cast \'Create Hive\'Regal Scout Report\''), ('15609', '0', '1', '0', '61', '0', '100', '512', '0', '0', '0', '0', '0', '72', '0', '0', '0', '0', '0', '0', '7', '0', '0', '0', '0', '0', '0', '0', '0', 'Cenarion Scout Landion - On Gossip Option 0 Selected - Close Gossip');
-- Menu 6690 is already imported
UPDATE creature_template SET npcflag = (npcflag | 1), gossip_menu_id = 6690 WHERE entry = 15609;


-- Importing creature gossip with entry 15610 (Cenarion Scout Azenel) with import type SMART
UPDATE creature_template SET ScriptName = '', AIName = 'SmartAI' WHERE entry = 15610;
DELETE FROM smart_scripts WHERE entryorguid = 15610 AND source_type = 0;
-- Text 8064 already present in Sun DB
INSERT INTO gossip_menu (`MenuID`, `TextID`) VALUES ('6691', '8064');
INSERT INTO gossip_menu_option (`MenuID`, `OptionID`, `OptionIcon`, `OptionText`, `OptionBroadcastTextID`, `OptionType`, `OptionNpcFlag`, `ActionMenuID`, `ActionPoiID`, `BoxCoded`, `BoxMoney`, `BoxText`, `BoxBroadcastTextID`) VALUES ('6691', '0', '0', 'May I have your report?', '11325', '1', '1', NULL, NULL, '0', '0', '', NULL);
INSERT INTO conditions (`SourceTypeOrReferenceId`, `SourceGroup`, `SourceEntry`, `SourceId`, `ElseGroup`, `ConditionTypeOrReference`, `ConditionTarget`, `ConditionValue1`, `ConditionValue2`, `ConditionValue3`, `NegativeCondition`, `ErrorType`, `ErrorTextId`, `ScriptName`, `Comment`) VALUES ('15', '6691', '0', '0', '0', '2', '0', '21158', '1', '0', '1', '0', '0', '', '(autoimported) Show gossip only if player dosn\'t have Hive\'Zora Scout Report');
INSERT INTO conditions (`SourceTypeOrReferenceId`, `SourceGroup`, `SourceEntry`, `SourceId`, `ElseGroup`, `ConditionTypeOrReference`, `ConditionTarget`, `ConditionValue1`, `ConditionValue2`, `ConditionValue3`, `NegativeCondition`, `ErrorType`, `ErrorTextId`, `ScriptName`, `Comment`) VALUES ('15', '6691', '0', '0', '0', '9', '0', '8534', '0', '0', '0', '0', '0', '', '(autoimported) Show gossip only if Hive\'Zora Scout Report quest has been taken');
INSERT INTO smart_scripts (`entryorguid`, `source_type`, `id`, `link`, `event_type`, `event_phase_mask`, `event_chance`, `event_flags`, `event_param1`, `event_param2`, `event_param3`, `event_param4`, `event_param5`, `action_type`, `action_param1`, `action_param2`, `action_param3`, `action_param4`, `action_param5`, `action_param6`, `target_type`, `target_param1`, `target_param2`, `target_param3`, `target_param4`, `target_x`, `target_y`, `target_z`, `target_o`, `comment`) VALUES ('15610', '0', '0', '1', '62', '0', '100', '0', '6691', '0', '0', '0', '0', '85', '25843', '1', '0', '0', '0', '0', '7', '0', '0', '0', '0', '0', '0', '0', '0', 'Cenarion Scout Azenel - On Gossip Option 0 Selected - Cast \'Create Hive\'Zora Scout Report\''), ('15610', '0', '1', '0', '61', '0', '100', '512', '0', '0', '0', '0', '0', '72', '0', '0', '0', '0', '0', '0', '7', '0', '0', '0', '0', '0', '0', '0', '0', 'Cenarion Scout Azenel - On Gossip Option 0 Selected - Close Gossip');
-- Menu 6691 is already imported
UPDATE creature_template SET npcflag = (npcflag | 1), gossip_menu_id = 6691 WHERE entry = 15610;


-- Importing creature gossip with entry 15572 (Elder Runetotem) with import type GOSSIP
INSERT INTO gossip_text (`ID`, `comment`, `text0_0`, `text0_1`, `BroadcastTextID0`, `lang0`, `Probability0`, `em0_0`, `em0_1`, `em0_2`, `em0_3`, `em0_4`, `em0_5`, `text1_0`, `text1_1`, `BroadcastTextID1`, `lang1`, `Probability1`, `em1_0`, `em1_1`, `em1_2`, `em1_3`, `em1_4`, `em1_5`, `text2_0`, `text2_1`, `BroadcastTextID2`, `lang2`, `Probability2`, `em2_0`, `em2_1`, `em2_2`, `em2_3`, `em2_4`, `em2_5`, `text3_0`, `text3_1`, `BroadcastTextID3`, `lang3`, `Probability3`, `em3_0`, `em3_1`, `em3_2`, `em3_3`, `em3_4`, `em3_5`, `text4_0`, `text4_1`, `BroadcastTextID4`, `lang4`, `Probability4`, `em4_0`, `em4_1`, `em4_2`, `em4_3`, `em4_4`, `em4_5`, `text5_0`, `text5_1`, `BroadcastTextID5`, `lang5`, `Probability5`, `em5_0`, `em5_1`, `em5_2`, `em5_3`, `em5_4`, `em5_5`, `text6_0`, `text6_1`, `BroadcastTextID6`, `lang6`, `Probability6`, `em6_0`, `em6_1`, `em6_2`, `em6_3`, `em6_4`, `em6_5`, `text7_0`, `text7_1`, `BroadcastTextID7`, `lang7`, `Probability7`, `em7_0`, `em7_1`, `em7_2`, `em7_3`, `em7_4`, `em7_5`) VALUES ('1872551', 'Imported from TC', 'In days long past, we lived for the hunt.  We hunted for glory, for honor...$B$BIs it so different now?', 'In days long past, we lived for the hunt.  We hunted for glory, for honor...$B$BIs it so different now?', '11111', '0', '1', '0', '1', '0', '0', '0', '0', '', '', NULL, '0', '0', '0', '0', '0', '0', '0', '0', '', '', NULL, '0', '0', '0', '0', '0', '0', '0', '0', '', '', NULL, '0', '0', '0', '0', '0', '0', '0', '0', '', '', NULL, '0', '0', '0', '0', '0', '0', '0', '0', '', '', NULL, '0', '0', '0', '0', '0', '0', '0', '0', '', '', NULL, '0', '0', '0', '0', '0', '0', '0', '0', '', '', NULL, '0', '0', '0', '0', '0', '0', '0', '0');
INSERT INTO gossip_menu (`MenuID`, `TextID`) VALUES ('6815', '1872551');
INSERT INTO gossip_menu_option (`MenuID`, `OptionID`, `OptionIcon`, `OptionText`, `OptionBroadcastTextID`, `OptionType`, `OptionNpcFlag`, `ActionMenuID`, `ActionPoiID`, `BoxCoded`, `BoxMoney`, `BoxText`, `BoxBroadcastTextID`) VALUES ('6815', '1', '0', 'Where is Elder High Mountain?', '11578', '1', '1', NULL, NULL, '0', '0', '', NULL);
INSERT INTO gossip_menu_option (`MenuID`, `OptionID`, `OptionIcon`, `OptionText`, `OptionBroadcastTextID`, `OptionType`, `OptionNpcFlag`, `ActionMenuID`, `ActionPoiID`, `BoxCoded`, `BoxMoney`, `BoxText`, `BoxBroadcastTextID`) VALUES ('6815', '2', '0', 'Where is Elder Moonwarden?', '11580', '1', '1', NULL, NULL, '0', '0', '', NULL);
INSERT INTO gossip_menu_option (`MenuID`, `OptionID`, `OptionIcon`, `OptionText`, `OptionBroadcastTextID`, `OptionType`, `OptionNpcFlag`, `ActionMenuID`, `ActionPoiID`, `BoxCoded`, `BoxMoney`, `BoxText`, `BoxBroadcastTextID`) VALUES ('6815', '3', '0', 'Where is Elder Windtotem?', '11576', '1', '1', NULL, NULL, '0', '0', '', NULL);
UPDATE creature_template SET npcflag = (npcflag | 1), gossip_menu_id = 6815 WHERE entry = 15572;


-- Importing creature gossip with entry 1571 (Shellei Brondir) with import type SMART
UPDATE creature_template SET ScriptName = '', AIName = 'SmartAI' WHERE entry = 1571;
DELETE FROM smart_scripts WHERE entryorguid = 1571 AND source_type = 0;
DELETE FROM creature_text WHERE CreatureID = 1571;
INSERT INTO creature_text (`CreatureID`, `GroupID`, `ID`, `Text`, `Type`, `Language`, `Probability`, `Emote`, `Duration`, `Sound`, `BroadcastTextId`, `TextRange`, `comment`) VALUES ('1571', '0', '0', 'Guards! Help me!', '14', '7', '100', '0', '0', '0', '4566', '0', 'Shellei Brondir');
INSERT INTO smart_scripts (`entryorguid`, `source_type`, `id`, `link`, `event_type`, `event_phase_mask`, `event_chance`, `event_flags`, `event_param1`, `event_param2`, `event_param3`, `event_param4`, `event_param5`, `action_type`, `action_param1`, `action_param2`, `action_param3`, `action_param4`, `action_param5`, `action_param6`, `target_type`, `target_param1`, `target_param2`, `target_param3`, `target_param4`, `target_x`, `target_y`, `target_z`, `target_o`, `comment`) VALUES ('1571', '0', '0', '0', '4', '0', '100', '512', '0', '0', '0', '0', '0', '11', '14313', '2', '0', '0', '0', '0', '1', '0', '0', '0', '0', '0', '0', '0', '0', 'Shellei Brondir - On Aggro - Summon Creature \'Enraged Gryphon\''), ('1571', '0', '2', '0', '4', '0', '100', '0', '0', '0', '0', '0', '0', '1', '0', '0', '0', '0', '0', '0', '1', '0', '0', '0', '0', '0', '0', '0', '0', 'Shellei Brondir - On Aggro - Say Line 0');
INSERT INTO gossip_text (`ID`, `comment`, `text0_0`, `text0_1`, `BroadcastTextID0`, `lang0`, `Probability0`, `em0_0`, `em0_1`, `em0_2`, `em0_3`, `em0_4`, `em0_5`, `text1_0`, `text1_1`, `BroadcastTextID1`, `lang1`, `Probability1`, `em1_0`, `em1_1`, `em1_2`, `em1_3`, `em1_4`, `em1_5`, `text2_0`, `text2_1`, `BroadcastTextID2`, `lang2`, `Probability2`, `em2_0`, `em2_1`, `em2_2`, `em2_3`, `em2_4`, `em2_5`, `text3_0`, `text3_1`, `BroadcastTextID3`, `lang3`, `Probability3`, `em3_0`, `em3_1`, `em3_2`, `em3_3`, `em3_4`, `em3_5`, `text4_0`, `text4_1`, `BroadcastTextID4`, `lang4`, `Probability4`, `em4_0`, `em4_1`, `em4_2`, `em4_3`, `em4_4`, `em4_5`, `text5_0`, `text5_1`, `BroadcastTextID5`, `lang5`, `Probability5`, `em5_0`, `em5_1`, `em5_2`, `em5_3`, `em5_4`, `em5_5`, `text6_0`, `text6_1`, `BroadcastTextID6`, `lang6`, `Probability6`, `em6_0`, `em6_1`, `em6_2`, `em6_3`, `em6_4`, `em6_5`, `text7_0`, `text7_1`, `BroadcastTextID7`, `lang7`, `Probability7`, `em7_0`, `em7_1`, `em7_2`, `em7_3`, `em7_4`, `em7_5`) VALUES ('1872552', 'Imported from TC', 'Where would you like to fly to?', 'Where would you like to fly to?', '10753', '0', '1', '0', '0', '0', '0', '0', '0', '', '', NULL, '0', '0', '0', '0', '0', '0', '0', '0', '', '', NULL, '0', '0', '0', '0', '0', '0', '0', '0', '', '', NULL, '0', '0', '0', '0', '0', '0', '0', '0', '', '', NULL, '0', '0', '0', '0', '0', '0', '0', '0', '', '', NULL, '0', '0', '0', '0', '0', '0', '0', '0', '', '', NULL, '0', '0', '0', '0', '0', '0', '0', '0', '', '', NULL, '0', '0', '0', '0', '0', '0', '0', '0');
INSERT INTO gossip_menu (`MenuID`, `TextID`) VALUES ('6944', '1872552');
INSERT INTO gossip_menu_option (`MenuID`, `OptionID`, `OptionIcon`, `OptionText`, `OptionBroadcastTextID`, `OptionType`, `OptionNpcFlag`, `ActionMenuID`, `ActionPoiID`, `BoxCoded`, `BoxMoney`, `BoxText`, `BoxBroadcastTextID`) VALUES ('6944', '0', '2', 'Show me where I can fly.', '12271', '4', '8192', NULL, NULL, '0', '0', '', NULL);
UPDATE creature_template SET npcflag = (npcflag | 1), gossip_menu_id = 6944 WHERE entry = 1571;


-- Importing creature gossip with entry 2432 (Darla Harris) with import type SMART
UPDATE creature_template SET ScriptName = '', AIName = 'SmartAI' WHERE entry = 2432;
DELETE FROM smart_scripts WHERE entryorguid = 2432 AND source_type = 0;
DELETE FROM creature_text WHERE CreatureID = 2432;
INSERT INTO creature_text (`CreatureID`, `GroupID`, `ID`, `Text`, `Type`, `Language`, `Probability`, `Emote`, `Duration`, `Sound`, `BroadcastTextId`, `TextRange`, `comment`) VALUES ('2432', '0', '0', 'Guards! Help me!', '14', '7', '100', '0', '0', '0', '4566', '0', 'Darla Harris');
INSERT INTO smart_scripts (`entryorguid`, `source_type`, `id`, `link`, `event_type`, `event_phase_mask`, `event_chance`, `event_flags`, `event_param1`, `event_param2`, `event_param3`, `event_param4`, `event_param5`, `action_type`, `action_param1`, `action_param2`, `action_param3`, `action_param4`, `action_param5`, `action_param6`, `target_type`, `target_param1`, `target_param2`, `target_param3`, `target_param4`, `target_x`, `target_y`, `target_z`, `target_o`, `comment`) VALUES ('2432', '0', '0', '0', '4', '0', '100', '512', '0', '0', '0', '0', '0', '11', '14313', '2', '0', '0', '0', '0', '1', '0', '0', '0', '0', '0', '0', '0', '0', 'Darla Harris - On Aggro - Summon Creature \'Enraged Gryphon\''), ('2432', '0', '2', '0', '4', '0', '100', '0', '0', '0', '0', '0', '0', '1', '0', '0', '0', '0', '0', '0', '1', '0', '0', '0', '0', '0', '0', '0', '0', 'Darla Harris - On Aggro - Say Line 0');
-- Menu 6944 is already imported
UPDATE creature_template SET npcflag = (npcflag | 1), gossip_menu_id = 6944 WHERE entry = 2432;


-- Importing creature gossip with entry 4407 (Teloren) with import type SMART
UPDATE creature_template SET ScriptName = '', AIName = 'SmartAI' WHERE entry = 4407;
DELETE FROM smart_scripts WHERE entryorguid = 4407 AND source_type = 0;
DELETE FROM creature_text WHERE CreatureID = 4407;
INSERT INTO creature_text (`CreatureID`, `GroupID`, `ID`, `Text`, `Type`, `Language`, `Probability`, `Emote`, `Duration`, `Sound`, `BroadcastTextId`, `TextRange`, `comment`) VALUES ('4407', '0', '0', 'Guards! Help me!', '14', '7', '100', '0', '0', '0', '4566', '0', 'Teloren');
INSERT INTO smart_scripts (`entryorguid`, `source_type`, `id`, `link`, `event_type`, `event_phase_mask`, `event_chance`, `event_flags`, `event_param1`, `event_param2`, `event_param3`, `event_param4`, `event_param5`, `action_type`, `action_param1`, `action_param2`, `action_param3`, `action_param4`, `action_param5`, `action_param6`, `target_type`, `target_param1`, `target_param2`, `target_param3`, `target_param4`, `target_x`, `target_y`, `target_z`, `target_o`, `comment`) VALUES ('4407', '0', '0', '0', '4', '0', '100', '512', '0', '0', '0', '0', '0', '11', '14329', '2', '0', '0', '0', '0', '1', '0', '0', '0', '0', '0', '0', '0', '0', 'Teloren - On Aggro - Summon Creature \'Enraged Hippogryph\''), ('4407', '0', '2', '0', '4', '0', '100', '0', '0', '0', '0', '0', '0', '1', '0', '0', '0', '0', '0', '0', '1', '0', '0', '0', '0', '0', '0', '0', '0', 'Teloren - On Aggro - Say Line 0');
-- Menu 6944 is already imported
UPDATE creature_template SET npcflag = (npcflag | 1), gossip_menu_id = 6944 WHERE entry = 4407;


-- Importing creature gossip with entry 7823 (Bera Stonehammer) with import type SMART
UPDATE creature_template SET ScriptName = '', AIName = 'SmartAI' WHERE entry = 7823;
DELETE FROM smart_scripts WHERE entryorguid = 7823 AND source_type = 0;
DELETE FROM creature_text WHERE CreatureID = 7823;
INSERT INTO creature_text (`CreatureID`, `GroupID`, `ID`, `Text`, `Type`, `Language`, `Probability`, `Emote`, `Duration`, `Sound`, `BroadcastTextId`, `TextRange`, `comment`) VALUES ('7823', '0', '0', 'Guards! Help me!', '14', '7', '100', '0', '0', '0', '4566', '0', 'Bera Stonehammer');
INSERT INTO smart_scripts (`entryorguid`, `source_type`, `id`, `link`, `event_type`, `event_phase_mask`, `event_chance`, `event_flags`, `event_param1`, `event_param2`, `event_param3`, `event_param4`, `event_param5`, `action_type`, `action_param1`, `action_param2`, `action_param3`, `action_param4`, `action_param5`, `action_param6`, `target_type`, `target_param1`, `target_param2`, `target_param3`, `target_param4`, `target_x`, `target_y`, `target_z`, `target_o`, `comment`) VALUES ('7823', '0', '0', '0', '4', '0', '100', '512', '0', '0', '0', '0', '0', '11', '14313', '2', '0', '0', '0', '0', '1', '0', '0', '0', '0', '0', '0', '0', '0', 'Bera Stonehammer - On Aggro - Summon Creature \'Enraged Gryphon\''), ('7823', '0', '2', '0', '4', '0', '100', '0', '0', '0', '0', '0', '0', '1', '0', '0', '0', '0', '0', '0', '1', '0', '0', '0', '0', '0', '0', '0', '0', 'Bera Stonehammer - On Aggro - Say Line 0');
-- Menu 6944 is already imported
UPDATE creature_template SET npcflag = (npcflag | 1), gossip_menu_id = 6944 WHERE entry = 7823;


-- Importing creature gossip with entry 10897 (Sindrayl) with import type SMART
UPDATE creature_template SET ScriptName = '', AIName = 'SmartAI' WHERE entry = 10897;
DELETE FROM smart_scripts WHERE entryorguid = 10897 AND source_type = 0;
DELETE FROM creature_text WHERE CreatureID = 10897;
INSERT INTO creature_text (`CreatureID`, `GroupID`, `ID`, `Text`, `Type`, `Language`, `Probability`, `Emote`, `Duration`, `Sound`, `BroadcastTextId`, `TextRange`, `comment`) VALUES ('10897', '0', '0', 'Guards! Help me!', '14', '7', '100', '0', '0', '0', '4566', '0', 'Sindrayl');
INSERT INTO smart_scripts (`entryorguid`, `source_type`, `id`, `link`, `event_type`, `event_phase_mask`, `event_chance`, `event_flags`, `event_param1`, `event_param2`, `event_param3`, `event_param4`, `event_param5`, `action_type`, `action_param1`, `action_param2`, `action_param3`, `action_param4`, `action_param5`, `action_param6`, `target_type`, `target_param1`, `target_param2`, `target_param3`, `target_param4`, `target_x`, `target_y`, `target_z`, `target_o`, `comment`) VALUES ('10897', '0', '0', '0', '4', '0', '100', '512', '0', '0', '0', '0', '0', '11', '14329', '2', '0', '0', '0', '0', '1', '0', '0', '0', '0', '0', '0', '0', '0', 'Sindrayl - On Aggro - Summon Creature \'Enraged Hippogryph\''), ('10897', '0', '2', '0', '4', '0', '100', '0', '0', '0', '0', '0', '0', '1', '0', '0', '0', '0', '0', '0', '1', '0', '0', '0', '0', '0', '0', '0', '0', 'Sindrayl - On Aggro - Say Line 0');
-- Menu 6944 is already imported
UPDATE creature_template SET npcflag = (npcflag | 1), gossip_menu_id = 6944 WHERE entry = 10897;


-- Importing creature gossip with entry 12577 (Jarrodenus) with import type SMART
UPDATE creature_template SET ScriptName = '', AIName = 'SmartAI' WHERE entry = 12577;
DELETE FROM smart_scripts WHERE entryorguid = 12577 AND source_type = 0;
DELETE FROM creature_text WHERE CreatureID = 12577;
INSERT INTO creature_text (`CreatureID`, `GroupID`, `ID`, `Text`, `Type`, `Language`, `Probability`, `Emote`, `Duration`, `Sound`, `BroadcastTextId`, `TextRange`, `comment`) VALUES ('12577', '0', '0', 'Guards! Help me!', '14', '7', '100', '0', '0', '0', '4566', '0', 'Jarrodenus');
INSERT INTO smart_scripts (`entryorguid`, `source_type`, `id`, `link`, `event_type`, `event_phase_mask`, `event_chance`, `event_flags`, `event_param1`, `event_param2`, `event_param3`, `event_param4`, `event_param5`, `action_type`, `action_param1`, `action_param2`, `action_param3`, `action_param4`, `action_param5`, `action_param6`, `target_type`, `target_param1`, `target_param2`, `target_param3`, `target_param4`, `target_x`, `target_y`, `target_z`, `target_o`, `comment`) VALUES ('12577', '0', '0', '0', '4', '0', '100', '512', '0', '0', '0', '0', '0', '11', '14329', '2', '0', '0', '0', '0', '1', '0', '0', '0', '0', '0', '0', '0', '0', 'Jarrodenus - On Aggro - Summon Creature \'Enraged Hippogryph\''), ('12577', '0', '2', '0', '4', '0', '100', '0', '0', '0', '0', '0', '0', '1', '0', '0', '0', '0', '0', '0', '1', '0', '0', '0', '0', '0', '0', '0', '0', 'Jarrodenus - On Aggro - Say Line 0');
-- Menu 6944 is already imported
UPDATE creature_template SET npcflag = (npcflag | 1), gossip_menu_id = 6944 WHERE entry = 12577;


-- Importing creature gossip with entry 4317 (Nyse) with import type SMART
UPDATE creature_template SET ScriptName = '', AIName = 'SmartAI' WHERE entry = 4317;
DELETE FROM smart_scripts WHERE entryorguid = 4317 AND source_type = 0;
DELETE FROM creature_text WHERE CreatureID = 4317;
INSERT INTO creature_text (`CreatureID`, `GroupID`, `ID`, `Text`, `Type`, `Language`, `Probability`, `Emote`, `Duration`, `Sound`, `BroadcastTextId`, `TextRange`, `comment`) VALUES ('4317', '0', '0', 'You will not defile our sacred land!', '14', '3', '100', '0', '0', '0', '4560', '0', 'Nyse');
INSERT INTO smart_scripts (`entryorguid`, `source_type`, `id`, `link`, `event_type`, `event_phase_mask`, `event_chance`, `event_flags`, `event_param1`, `event_param2`, `event_param3`, `event_param4`, `event_param5`, `action_type`, `action_param1`, `action_param2`, `action_param3`, `action_param4`, `action_param5`, `action_param6`, `target_type`, `target_param1`, `target_param2`, `target_param3`, `target_param4`, `target_x`, `target_y`, `target_z`, `target_o`, `comment`) VALUES ('4317', '0', '0', '0', '4', '0', '100', '512', '0', '0', '0', '0', '0', '11', '14307', '2', '0', '0', '0', '0', '1', '0', '0', '0', '0', '0', '0', '0', '0', 'Nyse - On Aggro - Summon Creature \'Enraged Wyvern\''), ('4317', '0', '2', '0', '4', '0', '100', '0', '0', '0', '0', '0', '0', '1', '0', '0', '0', '0', '0', '0', '1', '0', '0', '0', '0', '0', '0', '0', '0', 'Nyse - On Aggro - Say Line 0');
-- Menu 6944 is already imported
UPDATE creature_template SET npcflag = (npcflag | 1), gossip_menu_id = 6944 WHERE entry = 4317;


-- Importing creature gossip with entry 6026 (Breyk) with import type SMART
UPDATE creature_template SET ScriptName = '', AIName = 'SmartAI' WHERE entry = 6026;
DELETE FROM smart_scripts WHERE entryorguid = 6026 AND source_type = 0;
DELETE FROM creature_text WHERE CreatureID = 6026;
INSERT INTO creature_text (`CreatureID`, `GroupID`, `ID`, `Text`, `Type`, `Language`, `Probability`, `Emote`, `Duration`, `Sound`, `BroadcastTextId`, `TextRange`, `comment`) VALUES ('6026', '0', '0', 'Guards!', '14', '1', '100', '0', '0', '0', '4561', '0', 'Breyk');
INSERT INTO smart_scripts (`entryorguid`, `source_type`, `id`, `link`, `event_type`, `event_phase_mask`, `event_chance`, `event_flags`, `event_param1`, `event_param2`, `event_param3`, `event_param4`, `event_param5`, `action_type`, `action_param1`, `action_param2`, `action_param3`, `action_param4`, `action_param5`, `action_param6`, `target_type`, `target_param1`, `target_param2`, `target_param3`, `target_param4`, `target_x`, `target_y`, `target_z`, `target_o`, `comment`) VALUES ('6026', '0', '0', '0', '4', '0', '100', '512', '0', '0', '0', '0', '0', '11', '14307', '2', '0', '0', '0', '0', '1', '0', '0', '0', '0', '0', '0', '0', '0', 'Breyk - On Aggro - Summon Creature \'Enraged Wyvern\''), ('6026', '0', '2', '0', '4', '0', '100', '0', '0', '0', '0', '0', '0', '1', '0', '0', '0', '0', '0', '0', '1', '0', '0', '0', '0', '0', '0', '0', '0', 'Breyk - On Aggro - Say Line 0');
-- Menu 6944 is already imported
UPDATE creature_template SET npcflag = (npcflag | 1), gossip_menu_id = 6944 WHERE entry = 6026;


-- Importing creature gossip with entry 8018 (Guthrum Thunderfist) with import type SMART
UPDATE creature_template SET ScriptName = '', AIName = 'SmartAI' WHERE entry = 8018;
DELETE FROM smart_scripts WHERE entryorguid = 8018 AND source_type = 0;
DELETE FROM creature_text WHERE CreatureID = 8018;
INSERT INTO creature_text (`CreatureID`, `GroupID`, `ID`, `Text`, `Type`, `Language`, `Probability`, `Emote`, `Duration`, `Sound`, `BroadcastTextId`, `TextRange`, `comment`) VALUES ('8018', '0', '0', 'Guards!', '14', '6', '100', '0', '0', '0', '4583', '0', 'Guthrum Thunderfist');
INSERT INTO smart_scripts (`entryorguid`, `source_type`, `id`, `link`, `event_type`, `event_phase_mask`, `event_chance`, `event_flags`, `event_param1`, `event_param2`, `event_param3`, `event_param4`, `event_param5`, `action_type`, `action_param1`, `action_param2`, `action_param3`, `action_param4`, `action_param5`, `action_param6`, `target_type`, `target_param1`, `target_param2`, `target_param3`, `target_param4`, `target_x`, `target_y`, `target_z`, `target_o`, `comment`) VALUES ('8018', '0', '0', '0', '4', '0', '100', '512', '0', '0', '0', '0', '0', '11', '14313', '2', '0', '0', '0', '0', '1', '0', '0', '0', '0', '0', '0', '0', '0', 'Guthrum Thunderfist - On Aggro - Summon Creature \'Enraged Gryphon\''), ('8018', '0', '2', '0', '4', '0', '100', '0', '0', '0', '0', '0', '0', '1', '0', '0', '0', '0', '0', '0', '1', '0', '0', '0', '0', '0', '0', '0', '0', 'Guthrum Thunderfist - On Aggro - Say Line 0');
-- Menu 6944 is already imported
UPDATE creature_template SET npcflag = (npcflag | 1), gossip_menu_id = 6944 WHERE entry = 8018;


-- Importing creature gossip with entry 19558 (Amilya Airheart) with import type SMART
UPDATE creature_template SET ScriptName = '', AIName = 'SmartAI' WHERE entry = 19558;
DELETE FROM smart_scripts WHERE entryorguid = 19558 AND source_type = 0;
DELETE FROM creature_text WHERE CreatureID = 19558;
INSERT INTO creature_text (`CreatureID`, `GroupID`, `ID`, `Text`, `Type`, `Language`, `Probability`, `Emote`, `Duration`, `Sound`, `BroadcastTextId`, `TextRange`, `comment`) VALUES ('19558', '0', '0', 'Guards!', '14', '1', '100', '0', '0', '0', '4561', '0', 'Amilya Airheart');
INSERT INTO smart_scripts (`entryorguid`, `source_type`, `id`, `link`, `event_type`, `event_phase_mask`, `event_chance`, `event_flags`, `event_param1`, `event_param2`, `event_param3`, `event_param4`, `event_param5`, `action_type`, `action_param1`, `action_param2`, `action_param3`, `action_param4`, `action_param5`, `action_param6`, `target_type`, `target_param1`, `target_param2`, `target_param3`, `target_param4`, `target_x`, `target_y`, `target_z`, `target_o`, `comment`) VALUES ('19558', '0', '0', '0', '4', '0', '100', '512', '0', '0', '0', '0', '0', '11', '14307', '2', '0', '0', '0', '0', '1', '0', '0', '0', '0', '0', '0', '0', '0', 'Amilya Airheart - On Aggro - Summon Creature \'Enraged Wyvern\''), ('19558', '0', '2', '0', '4', '0', '100', '0', '0', '0', '0', '0', '0', '1', '0', '0', '0', '0', '0', '0', '1', '0', '0', '0', '0', '0', '0', '0', '0', 'Amilya Airheart - On Aggro - Say Line 0');
-- Menu 6944 is already imported
UPDATE creature_template SET npcflag = (npcflag | 1), gossip_menu_id = 6944 WHERE entry = 19558;


-- Importing creature gossip with entry 2299 (Borgus Stoutarm) with import type SMART
UPDATE creature_template SET ScriptName = '', AIName = 'SmartAI' WHERE entry = 2299;
DELETE FROM smart_scripts WHERE entryorguid = 2299 AND source_type = 0;
DELETE FROM creature_text WHERE CreatureID = 2299;
INSERT INTO creature_text (`CreatureID`, `GroupID`, `ID`, `Text`, `Type`, `Language`, `Probability`, `Emote`, `Duration`, `Sound`, `BroadcastTextId`, `TextRange`, `comment`) VALUES ('2299', '0', '0', 'Guards! Help me!', '14', '7', '100', '0', '0', '0', '4566', '0', 'Borgus Stoutarm');
INSERT INTO smart_scripts (`entryorguid`, `source_type`, `id`, `link`, `event_type`, `event_phase_mask`, `event_chance`, `event_flags`, `event_param1`, `event_param2`, `event_param3`, `event_param4`, `event_param5`, `action_type`, `action_param1`, `action_param2`, `action_param3`, `action_param4`, `action_param5`, `action_param6`, `target_type`, `target_param1`, `target_param2`, `target_param3`, `target_param4`, `target_x`, `target_y`, `target_z`, `target_o`, `comment`) VALUES ('2299', '0', '0', '0', '4', '0', '100', '512', '0', '0', '0', '0', '0', '11', '14313', '2', '0', '0', '0', '0', '1', '0', '0', '0', '0', '0', '0', '0', '0', 'Borgus Stoutarm - On Aggro - Summon Creature \'Enraged Gryphon\''), ('2299', '0', '2', '0', '4', '0', '100', '0', '0', '0', '0', '0', '0', '1', '0', '0', '0', '0', '0', '0', '1', '0', '0', '0', '0', '0', '0', '0', '0', 'Borgus Stoutarm - On Aggro - Say Line 0');
-- Menu 6944 is already imported
UPDATE creature_template SET npcflag = (npcflag | 1), gossip_menu_id = 6944 WHERE entry = 2299;


-- Importing creature gossip with entry 2835 (Cedrik Prose) with import type SMART
UPDATE creature_template SET ScriptName = '', AIName = 'SmartAI' WHERE entry = 2835;
DELETE FROM smart_scripts WHERE entryorguid = 2835 AND source_type = 0;
DELETE FROM creature_text WHERE CreatureID = 2835;
INSERT INTO creature_text (`CreatureID`, `GroupID`, `ID`, `Text`, `Type`, `Language`, `Probability`, `Emote`, `Duration`, `Sound`, `BroadcastTextId`, `TextRange`, `comment`) VALUES ('2835', '0', '0', 'Guards! Help me!', '14', '7', '100', '0', '0', '0', '4566', '0', 'Cedrik Prose');
INSERT INTO smart_scripts (`entryorguid`, `source_type`, `id`, `link`, `event_type`, `event_phase_mask`, `event_chance`, `event_flags`, `event_param1`, `event_param2`, `event_param3`, `event_param4`, `event_param5`, `action_type`, `action_param1`, `action_param2`, `action_param3`, `action_param4`, `action_param5`, `action_param6`, `target_type`, `target_param1`, `target_param2`, `target_param3`, `target_param4`, `target_x`, `target_y`, `target_z`, `target_o`, `comment`) VALUES ('2835', '0', '0', '0', '4', '0', '100', '512', '0', '0', '0', '0', '0', '11', '14313', '2', '0', '0', '0', '0', '1', '0', '0', '0', '0', '0', '0', '0', '0', 'Cedrik Prose - On Aggro - Summon Creature \'Enraged Gryphon\''), ('2835', '0', '2', '0', '4', '0', '100', '0', '0', '0', '0', '0', '0', '1', '0', '0', '0', '0', '0', '0', '1', '0', '0', '0', '0', '0', '0', '0', '0', 'Cedrik Prose - On Aggro - Say Line 0');
-- Menu 6944 is already imported
UPDATE creature_template SET npcflag = (npcflag | 1), gossip_menu_id = 6944 WHERE entry = 2835;


-- Importing creature gossip with entry 23612 (Dyslix Silvergrub) with import type SMART
UPDATE creature_template SET ScriptName = '', AIName = 'SmartAI' WHERE entry = 23612;
DELETE FROM smart_scripts WHERE entryorguid = 23612 AND source_type = 0;
INSERT INTO smart_scripts (`entryorguid`, `source_type`, `id`, `link`, `event_type`, `event_phase_mask`, `event_chance`, `event_flags`, `event_param1`, `event_param2`, `event_param3`, `event_param4`, `event_param5`, `action_type`, `action_param1`, `action_param2`, `action_param3`, `action_param4`, `action_param5`, `action_param6`, `target_type`, `target_param1`, `target_param2`, `target_param3`, `target_param4`, `target_x`, `target_y`, `target_z`, `target_o`, `comment`) VALUES ('23612', '0', '0', '0', '4', '0', '100', '512', '0', '0', '0', '0', '0', '11', '14313', '2', '0', '0', '0', '0', '1', '0', '0', '0', '0', '0', '0', '0', '0', 'Dyslix Silvergrub - On Aggro - Summon Creature \'Enraged Gryphon\'');
-- Menu 6944 is already imported
UPDATE creature_template SET npcflag = (npcflag | 1), gossip_menu_id = 6944 WHERE entry = 23612;


-- Importing creature gossip with entry 24366 (Nizzle) with import type SMART
UPDATE creature_template SET ScriptName = '', AIName = 'SmartAI' WHERE entry = 24366;
DELETE FROM smart_scripts WHERE entryorguid = 24366 AND source_type = 0;
DELETE FROM creature_text WHERE CreatureID = 24366;
INSERT INTO creature_text (`CreatureID`, `GroupID`, `ID`, `Text`, `Type`, `Language`, `Probability`, `Emote`, `Duration`, `Sound`, `BroadcastTextId`, `TextRange`, `comment`) VALUES ('24366', '0', '0', 'Guards! Help me!', '14', '7', '100', '0', '0', '0', '4566', '0', 'Nizzle');
INSERT INTO smart_scripts (`entryorguid`, `source_type`, `id`, `link`, `event_type`, `event_phase_mask`, `event_chance`, `event_flags`, `event_param1`, `event_param2`, `event_param3`, `event_param4`, `event_param5`, `action_type`, `action_param1`, `action_param2`, `action_param3`, `action_param4`, `action_param5`, `action_param6`, `target_type`, `target_param1`, `target_param2`, `target_param3`, `target_param4`, `target_x`, `target_y`, `target_z`, `target_o`, `comment`) VALUES ('24366', '0', '0', '0', '4', '0', '100', '512', '0', '0', '0', '0', '0', '11', '14313', '2', '0', '0', '0', '0', '1', '0', '0', '0', '0', '0', '0', '0', '0', 'Nizzle - On Aggro - Summon Creature \'Enraged Gryphon\''), ('24366', '0', '2', '0', '4', '0', '100', '0', '0', '0', '0', '0', '0', '1', '0', '0', '0', '0', '0', '0', '1', '0', '0', '0', '0', '0', '0', '0', '0', 'Nizzle - On Aggro - Say Line 0');
-- Menu 6944 is already imported
UPDATE creature_template SET npcflag = (npcflag | 1), gossip_menu_id = 6944 WHERE entry = 24366;


-- Importing creature gossip with entry 6706 (Baritanas Skyriver) with import type SMART
UPDATE creature_template SET ScriptName = '', AIName = 'SmartAI' WHERE entry = 6706;
DELETE FROM smart_scripts WHERE entryorguid = 6706 AND source_type = 0;
DELETE FROM creature_text WHERE CreatureID = 6706;
INSERT INTO creature_text (`CreatureID`, `GroupID`, `ID`, `Text`, `Type`, `Language`, `Probability`, `Emote`, `Duration`, `Sound`, `BroadcastTextId`, `TextRange`, `comment`) VALUES ('6706', '0', '0', 'Guards! Help me!', '14', '7', '100', '0', '0', '0', '4566', '0', 'Baritanas Skyriver');
INSERT INTO smart_scripts (`entryorguid`, `source_type`, `id`, `link`, `event_type`, `event_phase_mask`, `event_chance`, `event_flags`, `event_param1`, `event_param2`, `event_param3`, `event_param4`, `event_param5`, `action_type`, `action_param1`, `action_param2`, `action_param3`, `action_param4`, `action_param5`, `action_param6`, `target_type`, `target_param1`, `target_param2`, `target_param3`, `target_param4`, `target_x`, `target_y`, `target_z`, `target_o`, `comment`) VALUES ('6706', '0', '0', '0', '4', '0', '100', '512', '0', '0', '0', '0', '0', '11', '14329', '2', '0', '0', '0', '0', '1', '0', '0', '0', '0', '0', '0', '0', '0', 'Baritanas Skyriver - On Aggro - Summon Creature \'Enraged Hippogryph\''), ('6706', '0', '2', '0', '4', '0', '100', '0', '0', '0', '0', '0', '0', '1', '0', '0', '0', '0', '0', '0', '1', '0', '0', '0', '0', '0', '0', '0', '0', 'Baritanas Skyriver - On Aggro - Say Line 0');
-- Menu 6944 is already imported
UPDATE creature_template SET npcflag = (npcflag | 1), gossip_menu_id = 6944 WHERE entry = 6706;


-- Importing creature gossip with entry 8019 (Fyldren Moonfeather) with import type SMART
UPDATE creature_template SET ScriptName = '', AIName = 'SmartAI' WHERE entry = 8019;
DELETE FROM smart_scripts WHERE entryorguid = 8019 AND source_type = 0;
DELETE FROM creature_text WHERE CreatureID = 8019;
INSERT INTO creature_text (`CreatureID`, `GroupID`, `ID`, `Text`, `Type`, `Language`, `Probability`, `Emote`, `Duration`, `Sound`, `BroadcastTextId`, `TextRange`, `comment`) VALUES ('8019', '0', '0', 'Sentinels, come to my defense!', '14', '2', '100', '0', '0', '0', '4562', '0', 'Fyldren Moonfeather');
INSERT INTO smart_scripts (`entryorguid`, `source_type`, `id`, `link`, `event_type`, `event_phase_mask`, `event_chance`, `event_flags`, `event_param1`, `event_param2`, `event_param3`, `event_param4`, `event_param5`, `action_type`, `action_param1`, `action_param2`, `action_param3`, `action_param4`, `action_param5`, `action_param6`, `target_type`, `target_param1`, `target_param2`, `target_param3`, `target_param4`, `target_x`, `target_y`, `target_z`, `target_o`, `comment`) VALUES ('8019', '0', '0', '0', '4', '0', '100', '512', '0', '0', '0', '0', '0', '11', '14329', '2', '0', '0', '0', '0', '1', '0', '0', '0', '0', '0', '0', '0', '0', 'Fyldren Moonfeather - On Aggro - Summon Creature \'Enraged Hippogryph\''), ('8019', '0', '2', '0', '4', '0', '100', '0', '0', '0', '0', '0', '0', '1', '0', '0', '0', '0', '0', '0', '1', '0', '0', '0', '0', '0', '0', '0', '0', 'Fyldren Moonfeather - On Aggro - Say Line 0');
-- Menu 6944 is already imported
UPDATE creature_template SET npcflag = (npcflag | 1), gossip_menu_id = 6944 WHERE entry = 8019;


-- Importing creature gossip with entry 4321 (Baldruc) with import type SMART
UPDATE creature_template SET ScriptName = '', AIName = 'SmartAI' WHERE entry = 4321;
DELETE FROM smart_scripts WHERE entryorguid = 4321 AND source_type = 0;
DELETE FROM creature_text WHERE CreatureID = 4321;
INSERT INTO creature_text (`CreatureID`, `GroupID`, `ID`, `Text`, `Type`, `Language`, `Probability`, `Emote`, `Duration`, `Sound`, `BroadcastTextId`, `TextRange`, `comment`) VALUES ('4321', '0', '0', 'Guards! Help me!', '14', '7', '100', '0', '0', '0', '4566', '0', 'Baldruc');
INSERT INTO smart_scripts (`entryorguid`, `source_type`, `id`, `link`, `event_type`, `event_phase_mask`, `event_chance`, `event_flags`, `event_param1`, `event_param2`, `event_param3`, `event_param4`, `event_param5`, `action_type`, `action_param1`, `action_param2`, `action_param3`, `action_param4`, `action_param5`, `action_param6`, `target_type`, `target_param1`, `target_param2`, `target_param3`, `target_param4`, `target_x`, `target_y`, `target_z`, `target_o`, `comment`) VALUES ('4321', '0', '0', '0', '4', '0', '100', '512', '0', '0', '0', '0', '0', '11', '14313', '2', '0', '0', '0', '0', '1', '0', '0', '0', '0', '0', '0', '0', '0', 'Baldruc - On Aggro - Summon Creature \'Enraged Gryphon\''), ('4321', '0', '2', '0', '4', '0', '100', '0', '0', '0', '0', '0', '0', '1', '0', '0', '0', '0', '0', '0', '1', '0', '0', '0', '0', '0', '0', '0', '0', 'Baldruc - On Aggro - Say Line 0');
-- Menu 6944 is already imported
UPDATE creature_template SET npcflag = (npcflag | 1), gossip_menu_id = 6944 WHERE entry = 4321;


-- Importing creature gossip with entry 16169 (Hastings) with import type GOSSIP
INSERT INTO gossip_text (`ID`, `comment`, `text0_0`, `text0_1`, `BroadcastTextID0`, `lang0`, `Probability0`, `em0_0`, `em0_1`, `em0_2`, `em0_3`, `em0_4`, `em0_5`, `text1_0`, `text1_1`, `BroadcastTextID1`, `lang1`, `Probability1`, `em1_0`, `em1_1`, `em1_2`, `em1_3`, `em1_4`, `em1_5`, `text2_0`, `text2_1`, `BroadcastTextID2`, `lang2`, `Probability2`, `em2_0`, `em2_1`, `em2_2`, `em2_3`, `em2_4`, `em2_5`, `text3_0`, `text3_1`, `BroadcastTextID3`, `lang3`, `Probability3`, `em3_0`, `em3_1`, `em3_2`, `em3_3`, `em3_4`, `em3_5`, `text4_0`, `text4_1`, `BroadcastTextID4`, `lang4`, `Probability4`, `em4_0`, `em4_1`, `em4_2`, `em4_3`, `em4_4`, `em4_5`, `text5_0`, `text5_1`, `BroadcastTextID5`, `lang5`, `Probability5`, `em5_0`, `em5_1`, `em5_2`, `em5_3`, `em5_4`, `em5_5`, `text6_0`, `text6_1`, `BroadcastTextID6`, `lang6`, `Probability6`, `em6_0`, `em6_1`, `em6_2`, `em6_3`, `em6_4`, `em6_5`, `text7_0`, `text7_1`, `BroadcastTextID7`, `lang7`, `Probability7`, `em7_0`, `em7_1`, `em7_2`, `em7_3`, `em7_4`, `em7_5`) VALUES ('1872553', 'Imported from TC', 'Damn all these vermin! I don\'t suppose you could help me with this situation?', '', '12073', '0', '1', '0', '5', '0', '0', '0', '0', '', '', NULL, '0', '0', '0', '0', '0', '0', '0', '0', '', '', NULL, '0', '0', '0', '0', '0', '0', '0', '0', '', '', NULL, '0', '0', '0', '0', '0', '0', '0', '0', '', '', NULL, '0', '0', '0', '0', '0', '0', '0', '0', '', '', NULL, '0', '0', '0', '0', '0', '0', '0', '0', '', '', NULL, '0', '0', '0', '0', '0', '0', '0', '0', '', '', NULL, '0', '0', '0', '0', '0', '0', '0', '0');
INSERT INTO gossip_menu (`MenuID`, `TextID`) VALUES ('7143', '1872553');
INSERT INTO gossip_text (`ID`, `comment`, `text0_0`, `text0_1`, `BroadcastTextID0`, `lang0`, `Probability0`, `em0_0`, `em0_1`, `em0_2`, `em0_3`, `em0_4`, `em0_5`, `text1_0`, `text1_1`, `BroadcastTextID1`, `lang1`, `Probability1`, `em1_0`, `em1_1`, `em1_2`, `em1_3`, `em1_4`, `em1_5`, `text2_0`, `text2_1`, `BroadcastTextID2`, `lang2`, `Probability2`, `em2_0`, `em2_1`, `em2_2`, `em2_3`, `em2_4`, `em2_5`, `text3_0`, `text3_1`, `BroadcastTextID3`, `lang3`, `Probability3`, `em3_0`, `em3_1`, `em3_2`, `em3_3`, `em3_4`, `em3_5`, `text4_0`, `text4_1`, `BroadcastTextID4`, `lang4`, `Probability4`, `em4_0`, `em4_1`, `em4_2`, `em4_3`, `em4_4`, `em4_5`, `text5_0`, `text5_1`, `BroadcastTextID5`, `lang5`, `Probability5`, `em5_0`, `em5_1`, `em5_2`, `em5_3`, `em5_4`, `em5_5`, `text6_0`, `text6_1`, `BroadcastTextID6`, `lang6`, `Probability6`, `em6_0`, `em6_1`, `em6_2`, `em6_3`, `em6_4`, `em6_5`, `text7_0`, `text7_1`, `BroadcastTextID7`, `lang7`, `Probability7`, `em7_0`, `em7_1`, `em7_2`, `em7_3`, `em7_4`, `em7_5`) VALUES ('1872554', 'Imported from TC', 'The damn spiders, the endlessly screeching bats, and those blasted demon beasts have all taken residence in the Servant\'s Quarters. It\'s not safe to walk around anymore, especially when the big ones come out of hiding.', '', '18419', '0', '1', '0', '0', '0', '0', '0', '0', '', '', NULL, '0', '0', '0', '0', '0', '0', '0', '0', '', '', NULL, '0', '0', '0', '0', '0', '0', '0', '0', '', '', NULL, '0', '0', '0', '0', '0', '0', '0', '0', '', '', NULL, '0', '0', '0', '0', '0', '0', '0', '0', '', '', NULL, '0', '0', '0', '0', '0', '0', '0', '0', '', '', NULL, '0', '0', '0', '0', '0', '0', '0', '0', '', '', NULL, '0', '0', '0', '0', '0', '0', '0', '0');
INSERT INTO gossip_menu (`MenuID`, `TextID`) VALUES ('8172', '1872554');
INSERT INTO gossip_text (`ID`, `comment`, `text0_0`, `text0_1`, `BroadcastTextID0`, `lang0`, `Probability0`, `em0_0`, `em0_1`, `em0_2`, `em0_3`, `em0_4`, `em0_5`, `text1_0`, `text1_1`, `BroadcastTextID1`, `lang1`, `Probability1`, `em1_0`, `em1_1`, `em1_2`, `em1_3`, `em1_4`, `em1_5`, `text2_0`, `text2_1`, `BroadcastTextID2`, `lang2`, `Probability2`, `em2_0`, `em2_1`, `em2_2`, `em2_3`, `em2_4`, `em2_5`, `text3_0`, `text3_1`, `BroadcastTextID3`, `lang3`, `Probability3`, `em3_0`, `em3_1`, `em3_2`, `em3_3`, `em3_4`, `em3_5`, `text4_0`, `text4_1`, `BroadcastTextID4`, `lang4`, `Probability4`, `em4_0`, `em4_1`, `em4_2`, `em4_3`, `em4_4`, `em4_5`, `text5_0`, `text5_1`, `BroadcastTextID5`, `lang5`, `Probability5`, `em5_0`, `em5_1`, `em5_2`, `em5_3`, `em5_4`, `em5_5`, `text6_0`, `text6_1`, `BroadcastTextID6`, `lang6`, `Probability6`, `em6_0`, `em6_1`, `em6_2`, `em6_3`, `em6_4`, `em6_5`, `text7_0`, `text7_1`, `BroadcastTextID7`, `lang7`, `Probability7`, `em7_0`, `em7_1`, `em7_2`, `em7_3`, `em7_4`, `em7_5`) VALUES ('1872555', 'Imported from TC', 'Oh yeah, I\'ve never seen them personally, but sometimes I hear them in the distance. Keep a watchful eye out for them if you venture inside.', '', '18422', '0', '1', '0', '0', '0', '0', '0', '0', '', '', NULL, '0', '0', '0', '0', '0', '0', '0', '0', '', '', NULL, '0', '0', '0', '0', '0', '0', '0', '0', '', '', NULL, '0', '0', '0', '0', '0', '0', '0', '0', '', '', NULL, '0', '0', '0', '0', '0', '0', '0', '0', '', '', NULL, '0', '0', '0', '0', '0', '0', '0', '0', '', '', NULL, '0', '0', '0', '0', '0', '0', '0', '0', '', '', NULL, '0', '0', '0', '0', '0', '0', '0', '0');
INSERT INTO gossip_menu (`MenuID`, `TextID`) VALUES ('8171', '1872555');
INSERT INTO gossip_menu_option (`MenuID`, `OptionID`, `OptionIcon`, `OptionText`, `OptionBroadcastTextID`, `OptionType`, `OptionNpcFlag`, `ActionMenuID`, `ActionPoiID`, `BoxCoded`, `BoxMoney`, `BoxText`, `BoxBroadcastTextID`) VALUES ('8172', '0', '0', 'Big ones?', '18421', '1', '1', '8171', NULL, '0', '0', '', NULL);
INSERT INTO gossip_menu_option (`MenuID`, `OptionID`, `OptionIcon`, `OptionText`, `OptionBroadcastTextID`, `OptionType`, `OptionNpcFlag`, `ActionMenuID`, `ActionPoiID`, `BoxCoded`, `BoxMoney`, `BoxText`, `BoxBroadcastTextID`) VALUES ('7143', '0', '0', 'Help you with what situation?', '18420', '1', '1', '8172', NULL, '0', '0', '', NULL);
UPDATE creature_template SET npcflag = (npcflag | 1), gossip_menu_id = 7143 WHERE entry = 16169;


-- Importing creature gossip with entry 17630 (Innkeeper Jovia) with import type SMART
UPDATE creature_template SET ScriptName = '', AIName = 'SmartAI' WHERE entry = 17630;
DELETE FROM smart_scripts WHERE entryorguid = 17630 AND source_type = 0;
INSERT INTO gossip_text (`ID`, `comment`, `text0_0`, `text0_1`, `BroadcastTextID0`, `lang0`, `Probability0`, `em0_0`, `em0_1`, `em0_2`, `em0_3`, `em0_4`, `em0_5`, `text1_0`, `text1_1`, `BroadcastTextID1`, `lang1`, `Probability1`, `em1_0`, `em1_1`, `em1_2`, `em1_3`, `em1_4`, `em1_5`, `text2_0`, `text2_1`, `BroadcastTextID2`, `lang2`, `Probability2`, `em2_0`, `em2_1`, `em2_2`, `em2_3`, `em2_4`, `em2_5`, `text3_0`, `text3_1`, `BroadcastTextID3`, `lang3`, `Probability3`, `em3_0`, `em3_1`, `em3_2`, `em3_3`, `em3_4`, `em3_5`, `text4_0`, `text4_1`, `BroadcastTextID4`, `lang4`, `Probability4`, `em4_0`, `em4_1`, `em4_2`, `em4_3`, `em4_4`, `em4_5`, `text5_0`, `text5_1`, `BroadcastTextID5`, `lang5`, `Probability5`, `em5_0`, `em5_1`, `em5_2`, `em5_3`, `em5_4`, `em5_5`, `text6_0`, `text6_1`, `BroadcastTextID6`, `lang6`, `Probability6`, `em6_0`, `em6_1`, `em6_2`, `em6_3`, `em6_4`, `em6_5`, `text7_0`, `text7_1`, `BroadcastTextID7`, `lang7`, `Probability7`, `em7_0`, `em7_1`, `em7_2`, `em7_3`, `em7_4`, `em7_5`) VALUES ('1872556', 'Imported from TC', 'I offer what shelter I can in our shattered lands.', 'I offer what shelter I can in our shattered lands.', '12528', '0', '1', '0', '0', '0', '0', '0', '0', '', '', NULL, '0', '0', '0', '0', '0', '0', '0', '0', '', '', NULL, '0', '0', '0', '0', '0', '0', '0', '0', '', '', NULL, '0', '0', '0', '0', '0', '0', '0', '0', '', '', NULL, '0', '0', '0', '0', '0', '0', '0', '0', '', '', NULL, '0', '0', '0', '0', '0', '0', '0', '0', '', '', NULL, '0', '0', '0', '0', '0', '0', '0', '0', '', '', NULL, '0', '0', '0', '0', '0', '0', '0', '0');
INSERT INTO gossip_menu (`MenuID`, `TextID`) VALUES ('7288', '1872556');
INSERT INTO gossip_menu_option (`MenuID`, `OptionID`, `OptionIcon`, `OptionText`, `OptionBroadcastTextID`, `OptionType`, `OptionNpcFlag`, `ActionMenuID`, `ActionPoiID`, `BoxCoded`, `BoxMoney`, `BoxText`, `BoxBroadcastTextID`) VALUES ('7288', '2', '5', 'Make this inn your home.', '2822', '8', '65536', NULL, NULL, '0', '0', '', NULL);
INSERT INTO gossip_menu_option (`MenuID`, `OptionID`, `OptionIcon`, `OptionText`, `OptionBroadcastTextID`, `OptionType`, `OptionNpcFlag`, `ActionMenuID`, `ActionPoiID`, `BoxCoded`, `BoxMoney`, `BoxText`, `BoxBroadcastTextID`) VALUES ('7288', '3', '1', 'Let me browse your goods.', '8097', '3', '128', NULL, NULL, '0', '0', '', NULL);
INSERT INTO gossip_menu_option (`MenuID`, `OptionID`, `OptionIcon`, `OptionText`, `OptionBroadcastTextID`, `OptionType`, `OptionNpcFlag`, `ActionMenuID`, `ActionPoiID`, `BoxCoded`, `BoxMoney`, `BoxText`, `BoxBroadcastTextID`) VALUES ('7288', '0', '0', 'Trick or Treat!', '10693', '1', '1', NULL, NULL, '0', '0', '', NULL);
INSERT INTO conditions (`SourceTypeOrReferenceId`, `SourceGroup`, `SourceEntry`, `SourceId`, `ElseGroup`, `ConditionTypeOrReference`, `ConditionTarget`, `ConditionValue1`, `ConditionValue2`, `ConditionValue3`, `NegativeCondition`, `ErrorType`, `ErrorTextId`, `ScriptName`, `Comment`) VALUES ('15', '7288', '0', '0', '0', '12', '0', '12', '0', '0', '0', '0', '0', '', '(autoimported) ');
INSERT INTO conditions (`SourceTypeOrReferenceId`, `SourceGroup`, `SourceEntry`, `SourceId`, `ElseGroup`, `ConditionTypeOrReference`, `ConditionTarget`, `ConditionValue1`, `ConditionValue2`, `ConditionValue3`, `NegativeCondition`, `ErrorType`, `ErrorTextId`, `ScriptName`, `Comment`) VALUES ('15', '7288', '0', '0', '0', '1', '0', '24755', '0', '0', '1', '0', '0', '', '(autoimported) ');
INSERT INTO smart_scripts (`entryorguid`, `source_type`, `id`, `link`, `event_type`, `event_phase_mask`, `event_chance`, `event_flags`, `event_param1`, `event_param2`, `event_param3`, `event_param4`, `event_param5`, `action_type`, `action_param1`, `action_param2`, `action_param3`, `action_param4`, `action_param5`, `action_param6`, `target_type`, `target_param1`, `target_param2`, `target_param3`, `target_param4`, `target_x`, `target_y`, `target_z`, `target_o`, `comment`) VALUES ('17630', '0', '0', '1', '62', '0', '100', '512', '7288', '0', '0', '0', '0', '72', '0', '0', '0', '0', '0', '0', '7', '0', '0', '0', '0', '0', '0', '0', '0', 'Innkeeper Jovia - On Gossip Option 0 Selected - Close Gossip'), ('17630', '0', '1', '0', '61', '0', '100', '512', '0', '0', '0', '0', '0', '85', '24751', '0', '0', '0', '0', '0', '7', '0', '0', '0', '0', '0', '0', '0', '0', 'Innkeeper Jovia - On Gossip Option 0 Selected - Invoker Cast \'Trick or Treat\'');
-- Menu 7288 is already imported
UPDATE creature_template SET npcflag = (npcflag | 1), gossip_menu_id = 7288 WHERE entry = 17630;


-- Importing creature gossip with entry 16263 (Paelarin) with import type SMART
UPDATE creature_template SET ScriptName = '', AIName = 'SmartAI' WHERE entry = 16263;
DELETE FROM smart_scripts WHERE entryorguid = 16263 AND source_type = 0;
DELETE FROM creature_text WHERE CreatureID = 16263;
INSERT INTO creature_text (`CreatureID`, `GroupID`, `ID`, `Text`, `Type`, `Language`, `Probability`, `Emote`, `Duration`, `Sound`, `BroadcastTextId`, `TextRange`, `comment`) VALUES ('16263', '0', '0', 'Why do we ally with filthy stinking trolls?  The only good troll is a dead troll.', '12', '0', '100', '1', '0', '0', '12787', '0', 'Paelarin');
INSERT INTO creature_text (`CreatureID`, `GroupID`, `ID`, `Text`, `Type`, `Language`, `Probability`, `Emote`, `Duration`, `Sound`, `BroadcastTextId`, `TextRange`, `comment`) VALUES ('16263', '0', '1', 'Does anyone need supplies to hunt down the trolls?  Any troll will do.', '12', '0', '100', '1', '0', '0', '12786', '0', 'Paelarin');
INSERT INTO smart_scripts (`entryorguid`, `source_type`, `id`, `link`, `event_type`, `event_phase_mask`, `event_chance`, `event_flags`, `event_param1`, `event_param2`, `event_param3`, `event_param4`, `event_param5`, `action_type`, `action_param1`, `action_param2`, `action_param3`, `action_param4`, `action_param5`, `action_param6`, `target_type`, `target_param1`, `target_param2`, `target_param3`, `target_param4`, `target_x`, `target_y`, `target_z`, `target_o`, `comment`) VALUES ('16263', '0', '0', '0', '1', '0', '100', '0', '30000', '90000', '240000', '480000', '0', '1', '0', '0', '0', '0', '0', '0', '1', '0', '0', '0', '0', '0', '0', '0', '0', 'Paelarin - Out of Combat - Say Line 0');
INSERT INTO gossip_text (`ID`, `comment`, `text0_0`, `text0_1`, `BroadcastTextID0`, `lang0`, `Probability0`, `em0_0`, `em0_1`, `em0_2`, `em0_3`, `em0_4`, `em0_5`, `text1_0`, `text1_1`, `BroadcastTextID1`, `lang1`, `Probability1`, `em1_0`, `em1_1`, `em1_2`, `em1_3`, `em1_4`, `em1_5`, `text2_0`, `text2_1`, `BroadcastTextID2`, `lang2`, `Probability2`, `em2_0`, `em2_1`, `em2_2`, `em2_3`, `em2_4`, `em2_5`, `text3_0`, `text3_1`, `BroadcastTextID3`, `lang3`, `Probability3`, `em3_0`, `em3_1`, `em3_2`, `em3_3`, `em3_4`, `em3_5`, `text4_0`, `text4_1`, `BroadcastTextID4`, `lang4`, `Probability4`, `em4_0`, `em4_1`, `em4_2`, `em4_3`, `em4_4`, `em4_5`, `text5_0`, `text5_1`, `BroadcastTextID5`, `lang5`, `Probability5`, `em5_0`, `em5_1`, `em5_2`, `em5_3`, `em5_4`, `em5_5`, `text6_0`, `text6_1`, `BroadcastTextID6`, `lang6`, `Probability6`, `em6_0`, `em6_1`, `em6_2`, `em6_3`, `em6_4`, `em6_5`, `text7_0`, `text7_1`, `BroadcastTextID7`, `lang7`, `Probability7`, `em7_0`, `em7_1`, `em7_2`, `em7_3`, `em7_4`, `em7_5`) VALUES ('1872557', 'Imported from TC', 'How may I serve?', 'How may I serve?', '12788', '0', '1', '0', '0', '0', '0', '0', '0', '', '', NULL, '0', '0', '0', '0', '0', '0', '0', '0', '', '', NULL, '0', '0', '0', '0', '0', '0', '0', '0', '', '', NULL, '0', '0', '0', '0', '0', '0', '0', '0', '', '', NULL, '0', '0', '0', '0', '0', '0', '0', '0', '', '', NULL, '0', '0', '0', '0', '0', '0', '0', '0', '', '', NULL, '0', '0', '0', '0', '0', '0', '0', '0', '', '', NULL, '0', '0', '0', '0', '0', '0', '0', '0');
INSERT INTO gossip_menu (`MenuID`, `TextID`) VALUES ('7311', '1872557');
INSERT INTO gossip_text (`ID`, `comment`, `text0_0`, `text0_1`, `BroadcastTextID0`, `lang0`, `Probability0`, `em0_0`, `em0_1`, `em0_2`, `em0_3`, `em0_4`, `em0_5`, `text1_0`, `text1_1`, `BroadcastTextID1`, `lang1`, `Probability1`, `em1_0`, `em1_1`, `em1_2`, `em1_3`, `em1_4`, `em1_5`, `text2_0`, `text2_1`, `BroadcastTextID2`, `lang2`, `Probability2`, `em2_0`, `em2_1`, `em2_2`, `em2_3`, `em2_4`, `em2_5`, `text3_0`, `text3_1`, `BroadcastTextID3`, `lang3`, `Probability3`, `em3_0`, `em3_1`, `em3_2`, `em3_3`, `em3_4`, `em3_5`, `text4_0`, `text4_1`, `BroadcastTextID4`, `lang4`, `Probability4`, `em4_0`, `em4_1`, `em4_2`, `em4_3`, `em4_4`, `em4_5`, `text5_0`, `text5_1`, `BroadcastTextID5`, `lang5`, `Probability5`, `em5_0`, `em5_1`, `em5_2`, `em5_3`, `em5_4`, `em5_5`, `text6_0`, `text6_1`, `BroadcastTextID6`, `lang6`, `Probability6`, `em6_0`, `em6_1`, `em6_2`, `em6_3`, `em6_4`, `em6_5`, `text7_0`, `text7_1`, `BroadcastTextID7`, `lang7`, `Probability7`, `em7_0`, `em7_1`, `em7_2`, `em7_3`, `em7_4`, `em7_5`) VALUES ('8679', 'Imported from TC', 'Be gone filthy creature!  Why anyone would tolerate your filth is beyond me.', '', '12789', '0', '0', '0', '0', '0', '0', '0', '0', '', '', NULL, '0', '0', '0', '0', '0', '0', '0', '0', '', '', NULL, '0', '0', '0', '0', '0', '0', '0', '0', '', '', NULL, '0', '0', '0', '0', '0', '0', '0', '0', '', '', NULL, '0', '0', '0', '0', '0', '0', '0', '0', '', '', NULL, '0', '0', '0', '0', '0', '0', '0', '0', '', '', NULL, '0', '0', '0', '0', '0', '0', '0', '0', '', '', NULL, '0', '0', '0', '0', '0', '0', '0', '0');
INSERT INTO conditions (`SourceTypeOrReferenceId`, `SourceGroup`, `SourceEntry`, `SourceId`, `ElseGroup`, `ConditionTypeOrReference`, `ConditionTarget`, `ConditionValue1`, `ConditionValue2`, `ConditionValue3`, `NegativeCondition`, `ErrorType`, `ErrorTextId`, `ScriptName`, `Comment`) VALUES ('14', '7311', '8679', '0', '0', '16', '0', '128', '0', '0', '0', '0', '0', '', '(autoimported) Show gossip text 19894 if player is a Troll');
INSERT INTO gossip_menu (`MenuID`, `TextID`) VALUES ('7311', '8679');
INSERT INTO gossip_menu_option (`MenuID`, `OptionID`, `OptionIcon`, `OptionText`, `OptionBroadcastTextID`, `OptionType`, `OptionNpcFlag`, `ActionMenuID`, `ActionPoiID`, `BoxCoded`, `BoxMoney`, `BoxText`, `BoxBroadcastTextID`) VALUES ('7311', '0', '1', 'May I see your wares?', '12790', '3', '128', NULL, NULL, '0', '0', '', NULL);
INSERT INTO conditions (`SourceTypeOrReferenceId`, `SourceGroup`, `SourceEntry`, `SourceId`, `ElseGroup`, `ConditionTypeOrReference`, `ConditionTarget`, `ConditionValue1`, `ConditionValue2`, `ConditionValue3`, `NegativeCondition`, `ErrorType`, `ErrorTextId`, `ScriptName`, `Comment`) VALUES ('15', '7311', '0', '0', '0', '16', '0', '128', '0', '0', '1', '0', '0', '', '(autoimported) Show gossip option 0 if player is NOT a Troll');
UPDATE creature_template SET npcflag = (npcflag | 1), gossip_menu_id = 7311 WHERE entry = 16263;


-- Importing creature gossip with entry 17119 (Ithania) with import type SMART
UPDATE creature_template SET ScriptName = '', AIName = 'SmartAI' WHERE entry = 17119;
DELETE FROM smart_scripts WHERE entryorguid = 17119 AND source_type = 0;
DELETE FROM smart_scripts WHERE entryorguid = 1711900 AND source_type = 9;
-- Text 8808 already present in Sun DB
INSERT INTO gossip_menu (`MenuID`, `TextID`) VALUES ('7371', '8808');
INSERT INTO gossip_menu_option (`MenuID`, `OptionID`, `OptionIcon`, `OptionText`, `OptionBroadcastTextID`, `OptionType`, `OptionNpcFlag`, `ActionMenuID`, `ActionPoiID`, `BoxCoded`, `BoxMoney`, `BoxText`, `BoxBroadcastTextID`) VALUES ('7371', '0', '0', 'Balandar sent me to get you out of here and pick up his cargo. He is waiting for you in the Brackenwall.', '13499', '1', '1', NULL, NULL, '0', '0', '', NULL);
DELETE FROM creature_text WHERE CreatureID = 17119;
INSERT INTO creature_text (`CreatureID`, `GroupID`, `ID`, `Text`, `Type`, `Language`, `Probability`, `Emote`, `Duration`, `Sound`, `BroadcastTextId`, `TextRange`, `comment`) VALUES ('17119', '0', '0', 'I think I can make it to Brackenwall on my own. They\'ve got the cargo at the top of the tower. Be careful!', '12', '0', '0', '0', '0', '0', '13500', '0', 'Ithania - Escape');
INSERT INTO waypoints (`entry`, `pointid`, `position_x`, `position_y`, `position_z`, `point_comment`) VALUES ('17119', '1', '-2873.96', '-3424.76', '39.35', 'Ithania - Tower Entrance');
INSERT INTO waypoints (`entry`, `pointid`, `position_x`, `position_y`, `position_z`, `point_comment`) VALUES ('17119', '2', '-2833.36', '-3415.22', '33.77', 'Ithania - Road');
INSERT INTO smart_scripts (`entryorguid`, `source_type`, `id`, `link`, `event_type`, `event_phase_mask`, `event_chance`, `event_flags`, `event_param1`, `event_param2`, `event_param3`, `event_param4`, `event_param5`, `action_type`, `action_param1`, `action_param2`, `action_param3`, `action_param4`, `action_param5`, `action_param6`, `target_type`, `target_param1`, `target_param2`, `target_param3`, `target_param4`, `target_x`, `target_y`, `target_z`, `target_o`, `comment`) VALUES ('1711900', '9', '0', '0', '0', '0', '100', '0', '500', '500', '0', '0', '0', '91', '8', '0', '0', '0', '0', '0', '1', '0', '0', '0', '0', '0', '0', '0', '0', 'Ithania - On Script - Remove Flag Standstate Kneel'), ('1711900', '9', '1', '0', '0', '0', '100', '0', '0', '0', '0', '0', '0', '83', '1', '0', '0', '0', '0', '0', '1', '0', '0', '0', '0', '0', '0', '0', '0', 'Ithania - On Script - Remove Npc Flag Gossip'), ('1711900', '9', '2', '0', '0', '0', '100', '0', '500', '500', '0', '0', '0', '1', '0', '0', '0', '0', '0', '0', '7', '0', '0', '0', '0', '0', '0', '0', '0', 'Ithania - On Script - Say Line 0'), ('1711900', '9', '3', '0', '0', '0', '100', '0', '1500', '1500', '0', '0', '0', '53', '1', '17119', '0', '0', '0', '2', '1', '0', '0', '0', '0', '0', '0', '0', '0', 'Ithania - On Script - Start Waypoint');
-- Smart Waypoints 17119 are already imported
-- Smart Waypoints 17119 are already imported
INSERT INTO smart_scripts (`entryorguid`, `source_type`, `id`, `link`, `event_type`, `event_phase_mask`, `event_chance`, `event_flags`, `event_param1`, `event_param2`, `event_param3`, `event_param4`, `event_param5`, `action_type`, `action_param1`, `action_param2`, `action_param3`, `action_param4`, `action_param5`, `action_param6`, `target_type`, `target_param1`, `target_param2`, `target_param3`, `target_param4`, `target_x`, `target_y`, `target_z`, `target_o`, `comment`) VALUES ('17119', '0', '0', '0', '62', '0', '100', '512', '7371', '0', '0', '0', '0', '80', '1711900', '0', '0', '0', '0', '0', '1', '0', '0', '0', '0', '0', '0', '0', '0', 'Ithania - On Gossip Option 0 Selected - Run Script (No Repeat)'), ('17119', '0', '1', '0', '40', '0', '100', '512', '2', '17119', '0', '0', '0', '33', '17119', '0', '0', '0', '0', '0', '18', '60', '0', '0', '0', '0', '0', '0', '0', 'Ithania - On Waypoint 2 Reached - Quest Credit \'Twilight of the Dawn Runner\' (No Repeat)'), ('17119', '0', '2', '0', '40', '0', '100', '512', '2', '17119', '0', '0', '0', '41', '0', '0', '0', '0', '0', '0', '1', '0', '0', '0', '0', '0', '0', '0', '0', 'Ithania - On Waypoint 2 Reached - Despawn Instant (No Repeat)');
-- Menu 7371 is already imported
UPDATE creature_template SET npcflag = (npcflag | 1), gossip_menu_id = 7371 WHERE entry = 17119;


-- Importing creature gossip with entry 17209 (William Kielar) with import type SMART
UPDATE creature_template SET ScriptName = '', AIName = 'SmartAI' WHERE entry = 17209;
DELETE FROM smart_scripts WHERE entryorguid = 17209 AND source_type = 0;
INSERT INTO gossip_text (`ID`, `comment`, `text0_0`, `text0_1`, `BroadcastTextID0`, `lang0`, `Probability0`, `em0_0`, `em0_1`, `em0_2`, `em0_3`, `em0_4`, `em0_5`, `text1_0`, `text1_1`, `BroadcastTextID1`, `lang1`, `Probability1`, `em1_0`, `em1_1`, `em1_2`, `em1_3`, `em1_4`, `em1_5`, `text2_0`, `text2_1`, `BroadcastTextID2`, `lang2`, `Probability2`, `em2_0`, `em2_1`, `em2_2`, `em2_3`, `em2_4`, `em2_5`, `text3_0`, `text3_1`, `BroadcastTextID3`, `lang3`, `Probability3`, `em3_0`, `em3_1`, `em3_2`, `em3_3`, `em3_4`, `em3_5`, `text4_0`, `text4_1`, `BroadcastTextID4`, `lang4`, `Probability4`, `em4_0`, `em4_1`, `em4_2`, `em4_3`, `em4_4`, `em4_5`, `text5_0`, `text5_1`, `BroadcastTextID5`, `lang5`, `Probability5`, `em5_0`, `em5_1`, `em5_2`, `em5_3`, `em5_4`, `em5_5`, `text6_0`, `text6_1`, `BroadcastTextID6`, `lang6`, `Probability6`, `em6_0`, `em6_1`, `em6_2`, `em6_3`, `em6_4`, `em6_5`, `text7_0`, `text7_1`, `BroadcastTextID7`, `lang7`, `Probability7`, `em7_0`, `em7_1`, `em7_2`, `em7_3`, `em7_4`, `em7_5`) VALUES ('1872558', 'Imported from TC', 'Don\'t be alarmed... while my gryphons may not be entirely alive, they will still carry you faithfully to your destination. Tell me... which tower do you seek?', 'Don\'t be alarmed... while my gryphons may not be entirely alive, they will still carry you faithfully to your destination. Tell me... which tower do you seek?', '13561', '0', '1', '0', '0', '0', '0', '0', '0', '', '', NULL, '0', '0', '0', '0', '0', '0', '0', '0', '', '', NULL, '0', '0', '0', '0', '0', '0', '0', '0', '', '', NULL, '0', '0', '0', '0', '0', '0', '0', '0', '', '', NULL, '0', '0', '0', '0', '0', '0', '0', '0', '', '', NULL, '0', '0', '0', '0', '0', '0', '0', '0', '', '', NULL, '0', '0', '0', '0', '0', '0', '0', '0', '', '', NULL, '0', '0', '0', '0', '0', '0', '0', '0');
INSERT INTO gossip_menu (`MenuID`, `TextID`) VALUES ('7379', '1872558');
INSERT INTO gossip_menu_option (`MenuID`, `OptionID`, `OptionIcon`, `OptionText`, `OptionBroadcastTextID`, `OptionType`, `OptionNpcFlag`, `ActionMenuID`, `ActionPoiID`, `BoxCoded`, `BoxMoney`, `BoxText`, `BoxBroadcastTextID`) VALUES ('7379', '0', '0', 'Take me to Northpass Tower.', '13562', '1', '1', NULL, NULL, '0', '0', '', NULL);
INSERT INTO gossip_menu_option (`MenuID`, `OptionID`, `OptionIcon`, `OptionText`, `OptionBroadcastTextID`, `OptionType`, `OptionNpcFlag`, `ActionMenuID`, `ActionPoiID`, `BoxCoded`, `BoxMoney`, `BoxText`, `BoxBroadcastTextID`) VALUES ('7379', '1', '0', 'Take me to Eastwall Tower.', '13563', '1', '1', NULL, NULL, '0', '0', '', NULL);
INSERT INTO gossip_menu_option (`MenuID`, `OptionID`, `OptionIcon`, `OptionText`, `OptionBroadcastTextID`, `OptionType`, `OptionNpcFlag`, `ActionMenuID`, `ActionPoiID`, `BoxCoded`, `BoxMoney`, `BoxText`, `BoxBroadcastTextID`) VALUES ('7379', '2', '0', 'Take me to Crown Guard Tower.', '13564', '1', '1', NULL, NULL, '0', '0', '', NULL);
-- Menu 7379 is already imported
-- Menu 7379 is already imported
INSERT INTO smart_scripts (`entryorguid`, `source_type`, `id`, `link`, `event_type`, `event_phase_mask`, `event_chance`, `event_flags`, `event_param1`, `event_param2`, `event_param3`, `event_param4`, `event_param5`, `action_type`, `action_param1`, `action_param2`, `action_param3`, `action_param4`, `action_param5`, `action_param6`, `target_type`, `target_param1`, `target_param2`, `target_param3`, `target_param4`, `target_x`, `target_y`, `target_z`, `target_o`, `comment`) VALUES ('17209', '0', '0', '3', '62', '0', '100', '512', '7379', '0', '0', '0', '0', '52', '494', '0', '0', '0', '0', '0', '7', '0', '0', '0', '0', '0', '0', '0', '0', 'William Kielar - On Gossip Option 0 Selected - Activate Taxi Path 494'), ('17209', '0', '1', '3', '62', '0', '100', '512', '7379', '1', '0', '0', '0', '52', '495', '0', '0', '0', '0', '0', '7', '0', '0', '0', '0', '0', '0', '0', '0', 'William Kielar - On Gossip Option 1 Selected - Activate Taxi Path 495'), ('17209', '0', '2', '3', '62', '0', '100', '512', '7379', '2', '0', '0', '0', '52', '496', '0', '0', '0', '0', '0', '7', '0', '0', '0', '0', '0', '0', '0', '0', 'William Kielar - On Gossip Option 2 Selected - Activate Taxi Path 496'), ('17209', '0', '3', '0', '61', '0', '100', '512', '0', '0', '0', '0', '0', '72', '0', '0', '0', '0', '0', '0', '7', '0', '0', '0', '0', '0', '0', '0', '0', 'William Kielar - On Gossip Option 0 Selected - Close Gossip');
-- Menu 7379 is already imported
UPDATE creature_template SET npcflag = (npcflag | 1), gossip_menu_id = 7379 WHERE entry = 17209;


-- Importing creature gossip with entry 17211 (Human Footman) with import type GOSSIP
-- Text 8952 already present in Sun DB
INSERT INTO gossip_menu (`MenuID`, `TextID`) VALUES ('7413', '8952');
INSERT INTO gossip_menu_option (`MenuID`, `OptionID`, `OptionIcon`, `OptionText`, `OptionBroadcastTextID`, `OptionType`, `OptionNpcFlag`, `ActionMenuID`, `ActionPoiID`, `BoxCoded`, `BoxMoney`, `BoxText`, `BoxBroadcastTextID`) VALUES ('7413', '0', '0', 'Control Human Footman', '14008', '1', '1', NULL, NULL, '0', '0', '', NULL);
UPDATE creature_template SET npcflag = (npcflag | 1), gossip_menu_id = 7413 WHERE entry = 17211;


-- Importing creature gossip with entry 18908 (Innkeeper Kerp) with import type SMART
UPDATE creature_template SET ScriptName = '', AIName = 'SmartAI' WHERE entry = 18908;
DELETE FROM smart_scripts WHERE entryorguid = 18908 AND source_type = 0;
-- Importing menu 7481 as 57067
INSERT INTO gossip_text (`ID`, `comment`, `text0_0`, `text0_1`, `BroadcastTextID0`, `lang0`, `Probability0`, `em0_0`, `em0_1`, `em0_2`, `em0_3`, `em0_4`, `em0_5`, `text1_0`, `text1_1`, `BroadcastTextID1`, `lang1`, `Probability1`, `em1_0`, `em1_1`, `em1_2`, `em1_3`, `em1_4`, `em1_5`, `text2_0`, `text2_1`, `BroadcastTextID2`, `lang2`, `Probability2`, `em2_0`, `em2_1`, `em2_2`, `em2_3`, `em2_4`, `em2_5`, `text3_0`, `text3_1`, `BroadcastTextID3`, `lang3`, `Probability3`, `em3_0`, `em3_1`, `em3_2`, `em3_3`, `em3_4`, `em3_5`, `text4_0`, `text4_1`, `BroadcastTextID4`, `lang4`, `Probability4`, `em4_0`, `em4_1`, `em4_2`, `em4_3`, `em4_4`, `em4_5`, `text5_0`, `text5_1`, `BroadcastTextID5`, `lang5`, `Probability5`, `em5_0`, `em5_1`, `em5_2`, `em5_3`, `em5_4`, `em5_5`, `text6_0`, `text6_1`, `BroadcastTextID6`, `lang6`, `Probability6`, `em6_0`, `em6_1`, `em6_2`, `em6_3`, `em6_4`, `em6_5`, `text7_0`, `text7_1`, `BroadcastTextID7`, `lang7`, `Probability7`, `em7_0`, `em7_1`, `em7_2`, `em7_3`, `em7_4`, `em7_5`) VALUES ('1872559', 'Imported from TC', 'Please, sit and make yourself comfortable.', 'Please, sit and make yourself comfortable.', '16966', '0', '1', '0', '1', '0', '0', '0', '0', '', '', NULL, '0', '0', '0', '0', '0', '0', '0', '0', '', '', NULL, '0', '0', '0', '0', '0', '0', '0', '0', '', '', NULL, '0', '0', '0', '0', '0', '0', '0', '0', '', '', NULL, '0', '0', '0', '0', '0', '0', '0', '0', '', '', NULL, '0', '0', '0', '0', '0', '0', '0', '0', '', '', NULL, '0', '0', '0', '0', '0', '0', '0', '0', '', '', NULL, '0', '0', '0', '0', '0', '0', '0', '0');
INSERT INTO gossip_menu (`MenuID`, `TextID`) VALUES ('57067', '1872559');
INSERT INTO gossip_menu_option (`MenuID`, `OptionID`, `OptionIcon`, `OptionText`, `OptionBroadcastTextID`, `OptionType`, `OptionNpcFlag`, `ActionMenuID`, `ActionPoiID`, `BoxCoded`, `BoxMoney`, `BoxText`, `BoxBroadcastTextID`) VALUES ('57067', '1', '5', 'Make this inn your home.', '2822', '8', '65536', NULL, NULL, '0', '0', '', NULL);
INSERT INTO gossip_menu_option (`MenuID`, `OptionID`, `OptionIcon`, `OptionText`, `OptionBroadcastTextID`, `OptionType`, `OptionNpcFlag`, `ActionMenuID`, `ActionPoiID`, `BoxCoded`, `BoxMoney`, `BoxText`, `BoxBroadcastTextID`) VALUES ('57067', '2', '1', 'I want to browse your goods.', '3370', '3', '128', NULL, NULL, '0', '0', '', NULL);
INSERT INTO gossip_menu_option (`MenuID`, `OptionID`, `OptionIcon`, `OptionText`, `OptionBroadcastTextID`, `OptionType`, `OptionNpcFlag`, `ActionMenuID`, `ActionPoiID`, `BoxCoded`, `BoxMoney`, `BoxText`, `BoxBroadcastTextID`) VALUES ('57067', '0', '0', 'Trick or Treat!', '10693', '1', '1', NULL, NULL, '0', '0', '', NULL);
INSERT INTO conditions (`SourceTypeOrReferenceId`, `SourceGroup`, `SourceEntry`, `SourceId`, `ElseGroup`, `ConditionTypeOrReference`, `ConditionTarget`, `ConditionValue1`, `ConditionValue2`, `ConditionValue3`, `NegativeCondition`, `ErrorType`, `ErrorTextId`, `ScriptName`, `Comment`) VALUES ('15', '57067', '0', '0', '0', '12', '0', '12', '0', '0', '0', '0', '0', '', '(autoimported) ');
INSERT INTO conditions (`SourceTypeOrReferenceId`, `SourceGroup`, `SourceEntry`, `SourceId`, `ElseGroup`, `ConditionTypeOrReference`, `ConditionTarget`, `ConditionValue1`, `ConditionValue2`, `ConditionValue3`, `NegativeCondition`, `ErrorType`, `ErrorTextId`, `ScriptName`, `Comment`) VALUES ('15', '57067', '0', '0', '0', '1', '0', '24755', '0', '0', '1', '0', '0', '', '(autoimported) ');
INSERT INTO smart_scripts (`entryorguid`, `source_type`, `id`, `link`, `event_type`, `event_phase_mask`, `event_chance`, `event_flags`, `event_param1`, `event_param2`, `event_param3`, `event_param4`, `event_param5`, `action_type`, `action_param1`, `action_param2`, `action_param3`, `action_param4`, `action_param5`, `action_param6`, `target_type`, `target_param1`, `target_param2`, `target_param3`, `target_param4`, `target_x`, `target_y`, `target_z`, `target_o`, `comment`) VALUES ('18908', '0', '0', '1', '62', '0', '100', '512', '57067', '0', '0', '0', '0', '72', '0', '0', '0', '0', '0', '0', '7', '0', '0', '0', '0', '0', '0', '0', '0', 'Innkeeper Kerp - On Gossip Option 0 Selected - Close Gossip'), ('18908', '0', '1', '0', '61', '0', '100', '512', '0', '0', '0', '0', '0', '85', '24751', '0', '0', '0', '0', '0', '7', '0', '0', '0', '0', '0', '0', '0', '0', 'Innkeeper Kerp - On Gossip Option 0 Selected - Invoker Cast \'Trick or Treat\'');
-- Menu 7481 is already imported as 57067
UPDATE creature_template SET npcflag = (npcflag | 1), gossip_menu_id = 57067 WHERE entry = 18908;


-- Importing creature gossip with entry 18914 (Caregiver Isel) with import type SMART
UPDATE creature_template SET ScriptName = '', AIName = 'SmartAI' WHERE entry = 18914;
DELETE FROM smart_scripts WHERE entryorguid = 18914 AND source_type = 0;
-- Menu 7481 is already imported as 57067
INSERT INTO smart_scripts (`entryorguid`, `source_type`, `id`, `link`, `event_type`, `event_phase_mask`, `event_chance`, `event_flags`, `event_param1`, `event_param2`, `event_param3`, `event_param4`, `event_param5`, `action_type`, `action_param1`, `action_param2`, `action_param3`, `action_param4`, `action_param5`, `action_param6`, `target_type`, `target_param1`, `target_param2`, `target_param3`, `target_param4`, `target_x`, `target_y`, `target_z`, `target_o`, `comment`) VALUES ('18914', '0', '0', '1', '62', '0', '100', '512', '57067', '0', '0', '0', '0', '72', '0', '0', '0', '0', '0', '0', '7', '0', '0', '0', '0', '0', '0', '0', '0', 'Caregiver Isel - On Gossip Option 0 Selected - Close Gossip'), ('18914', '0', '1', '0', '61', '0', '100', '512', '0', '0', '0', '0', '0', '85', '24751', '0', '0', '0', '0', '0', '7', '0', '0', '0', '0', '0', '0', '0', '0', 'Caregiver Isel - On Gossip Option 0 Selected - Invoker Cast \'Trick or Treat\'');
-- Menu 7481 is already imported as 57067
UPDATE creature_template SET npcflag = (npcflag | 1), gossip_menu_id = 57067 WHERE entry = 18914;


-- Importing creature gossip with entry 17832 (Blood Knight Dawnstar) with import type SMART
UPDATE creature_template SET ScriptName = '', AIName = 'SmartAI' WHERE entry = 17832;
DELETE FROM smart_scripts WHERE entryorguid = 17832 AND source_type = 0;
-- Text 9070 already present in Sun DB
INSERT INTO gossip_menu (`MenuID`, `TextID`) VALUES ('7486', '9070');
INSERT INTO gossip_menu_option (`MenuID`, `OptionID`, `OptionIcon`, `OptionText`, `OptionBroadcastTextID`, `OptionType`, `OptionNpcFlag`, `ActionMenuID`, `ActionPoiID`, `BoxCoded`, `BoxMoney`, `BoxText`, `BoxBroadcastTextID`) VALUES ('7486', '0', '0', 'Take Blood Knight Insignia', NULL, '1', '1', NULL, NULL, '0', '0', '', NULL);
INSERT INTO conditions (`SourceTypeOrReferenceId`, `SourceGroup`, `SourceEntry`, `SourceId`, `ElseGroup`, `ConditionTypeOrReference`, `ConditionTarget`, `ConditionValue1`, `ConditionValue2`, `ConditionValue3`, `NegativeCondition`, `ErrorType`, `ErrorTextId`, `ScriptName`, `Comment`) VALUES ('15', '7486', '0', '0', '0', '9', '0', '9692', '0', '0', '0', '0', '0', '', '(autoimported) Show gossip option if player has quest 9692 but not complete');
INSERT INTO conditions (`SourceTypeOrReferenceId`, `SourceGroup`, `SourceEntry`, `SourceId`, `ElseGroup`, `ConditionTypeOrReference`, `ConditionTarget`, `ConditionValue1`, `ConditionValue2`, `ConditionValue3`, `NegativeCondition`, `ErrorType`, `ErrorTextId`, `ScriptName`, `Comment`) VALUES ('15', '7486', '0', '0', '0', '2', '0', '24226', '1', '1', '1', '0', '0', '', '(autoimported) Show gossip option if player does not have item 24226');
INSERT INTO smart_scripts (`entryorguid`, `source_type`, `id`, `link`, `event_type`, `event_phase_mask`, `event_chance`, `event_flags`, `event_param1`, `event_param2`, `event_param3`, `event_param4`, `event_param5`, `action_type`, `action_param1`, `action_param2`, `action_param3`, `action_param4`, `action_param5`, `action_param6`, `target_type`, `target_param1`, `target_param2`, `target_param3`, `target_param4`, `target_x`, `target_y`, `target_z`, `target_o`, `comment`) VALUES ('17832', '0', '0', '1', '62', '0', '100', '0', '7486', '0', '0', '0', '0', '85', '31314', '2', '0', '0', '0', '0', '7', '0', '0', '0', '0', '0', '0', '0', '0', 'Blood Knight Dawnstar - On Gossip Option 0 Selected - Cast Summon Blood Knight Insignia'), ('17832', '0', '1', '0', '61', '0', '100', '512', '0', '0', '0', '0', '0', '72', '0', '0', '0', '0', '0', '0', '7', '0', '0', '0', '0', '0', '0', '0', '0', 'Blood Knight Dawnstar - On Gossip Option 0 Selected - Close Gossip');
-- Menu 7486 is already imported
UPDATE creature_template SET npcflag = (npcflag | 1), gossip_menu_id = 7486 WHERE entry = 17832;


-- Importing creature gossip with entry 17893 (Naturalist Bite) with import type SMART
UPDATE creature_template SET ScriptName = '', AIName = 'SmartAI' WHERE entry = 17893;
DELETE FROM smart_scripts WHERE entryorguid = 17893 AND source_type = 0;
-- Importing menu 7520 as 57068
-- Text 9119 already present in Sun DB
INSERT INTO gossip_menu (`MenuID`, `TextID`) VALUES ('57068', '9119');
INSERT INTO gossip_menu_option (`MenuID`, `OptionID`, `OptionIcon`, `OptionText`, `OptionBroadcastTextID`, `OptionType`, `OptionNpcFlag`, `ActionMenuID`, `ActionPoiID`, `BoxCoded`, `BoxMoney`, `BoxText`, `BoxBroadcastTextID`) VALUES ('57068', '0', '0', 'Alright, Bite, I\'ll let you out.', '14574', '1', '1', NULL, NULL, '0', '0', '', NULL);
INSERT INTO conditions (`SourceTypeOrReferenceId`, `SourceGroup`, `SourceEntry`, `SourceId`, `ElseGroup`, `ConditionTypeOrReference`, `ConditionTarget`, `ConditionValue1`, `ConditionValue2`, `ConditionValue3`, `NegativeCondition`, `ErrorType`, `ErrorTextId`, `ScriptName`, `Comment`) VALUES ('15', '57068', '0', '0', '0', '9', '0', '9738', '0', '0', '0', '0', '0', '', '(autoimported) Gossip option 0 requires quest 9738 active');
DELETE FROM creature_text WHERE CreatureID = 17893;
INSERT INTO creature_text (`CreatureID`, `GroupID`, `ID`, `Text`, `Type`, `Language`, `Probability`, `Emote`, `Duration`, `Sound`, `BroadcastTextId`, `TextRange`, `comment`) VALUES ('17893', '0', '0', 'Hey!  Over here!  Yeah, over here... I\'m in this cage!!!', '14', '0', '100', '0', '0', '0', '14668', '0', 'Naturalist Bite');
INSERT INTO creature_text (`CreatureID`, `GroupID`, `ID`, `Text`, `Type`, `Language`, `Probability`, `Emote`, `Duration`, `Sound`, `BroadcastTextId`, `TextRange`, `comment`) VALUES ('17893', '1', '0', 'Uh oh!  It would appear that all of the noise you\'ve been making has attracted some unwanted attention!', '12', '0', '100', '0', '0', '0', '14575', '0', 'Naturalist Bite');
-- Menu 7520 is already imported as 57068
DELETE FROM smart_scripts WHERE entryorguid = 1789300 AND source_type = 9;
INSERT INTO waypoints (`entry`, `pointid`, `position_x`, `position_y`, `position_z`, `point_comment`) VALUES ('17893', '1', '-190.926', '-796.39', '43.7993', 'Naturalist Bite');
INSERT INTO smart_scripts (`entryorguid`, `source_type`, `id`, `link`, `event_type`, `event_phase_mask`, `event_chance`, `event_flags`, `event_param1`, `event_param2`, `event_param3`, `event_param4`, `event_param5`, `action_type`, `action_param1`, `action_param2`, `action_param3`, `action_param4`, `action_param5`, `action_param6`, `target_type`, `target_param1`, `target_param2`, `target_param3`, `target_param4`, `target_x`, `target_y`, `target_z`, `target_o`, `comment`) VALUES ('1789300', '9', '0', '0', '0', '0', '100', '0', '0', '0', '0', '0', '0', '22', '0', '0', '0', '0', '0', '0', '1', '0', '0', '0', '0', '0', '0', '0', '0', 'Naturalist Bite - Script - Set Phase 0'), ('1789300', '9', '1', '0', '0', '0', '100', '0', '1000', '1000', '0', '0', '0', '9', '0', '0', '0', '0', '0', '0', '20', '182094', '0', '0', '0', '0', '0', '0', '0', 'Naturalist Bite - Script - Activate GO'), ('1789300', '9', '2', '0', '0', '0', '100', '0', '9000', '9000', '0', '0', '0', '2', '113', '0', '0', '0', '0', '0', '1', '0', '0', '0', '0', '0', '0', '0', '0', 'Naturalist Bite - Script - Start WP'), ('1789300', '9', '3', '0', '0', '0', '100', '0', '0', '0', '0', '0', '0', '81', '0', '0', '0', '0', '0', '0', '1', '0', '0', '0', '0', '0', '0', '0', '0', 'Naturalist Bite - Script - Set NPC Flags'), ('1789300', '9', '4', '0', '0', '0', '100', '0', '0', '0', '0', '0', '0', '19', '768', '0', '0', '0', '0', '0', '1', '0', '0', '0', '0', '0', '0', '0', '0', 'Naturalist Bite - Script - Set Unit Flags'), ('1789300', '9', '5', '0', '0', '0', '100', '0', '0', '0', '0', '0', '0', '53', '0', '17893', '0', '0', '0', '1', '1', '0', '0', '0', '0', '0', '0', '0', '0', 'Naturalist Bite - Script - Start WP');
-- Smart Waypoints 17893 are already imported
-- Creature text 17893 is already imported
UPDATE creature_template SET ScriptName = '', AIName = 'SmartAI' WHERE entry = 17957;
DELETE FROM smart_scripts WHERE entryorguid = 17957 AND source_type = 0;
INSERT INTO smart_scripts (`entryorguid`, `source_type`, `id`, `link`, `event_type`, `event_phase_mask`, `event_chance`, `event_flags`, `event_param1`, `event_param2`, `event_param3`, `event_param4`, `event_param5`, `action_type`, `action_param1`, `action_param2`, `action_param3`, `action_param4`, `action_param5`, `action_param6`, `target_type`, `target_param1`, `target_param2`, `target_param3`, `target_param4`, `target_x`, `target_y`, `target_z`, `target_o`, `comment`) VALUES ('17957', '0', '3', '0', '54', '0', '100', '512', '0', '0', '0', '0', '0', '49', '0', '0', '0', '0', '0', '0', '19', '17893', '0', '0', '0', '0', '0', '0', '0', 'Coilfang Champion - On Just Summoned - Start Attack'), ('17957', '0', '0', '0', '0', '0', '100', '6', '14200', '24100', '29000', '29000', '0', '11', '19134', '0', '0', '0', '0', '0', '5', '0', '0', '0', '0', '0', '0', '0', '0', 'Coilfang Champion - In Combat - Cast \'Frightening Shout\' (Phase 8) (No Repeat) (Dungeon)'), ('17957', '0', '1', '0', '0', '0', '100', '6', '4700', '17900', '11900', '16200', '0', '11', '15284', '1', '0', '0', '0', '0', '2', '0', '0', '0', '0', '0', '0', '0', '0', 'Coilfang Champion - In Combat - Cast \'Cleave\' (Phase 8) (No Repeat) (Dungeon)'), ('17957', '0', '2', '0', '0', '0', '100', '6', '9500', '12900', '15100', '23500', '0', '11', '16145', '0', '0', '0', '0', '0', '2', '0', '0', '0', '0', '0', '0', '0', '0', 'Coilfang Champion - In Combat - Cast \'Sunder Armor\' (Phase 8) (No Repeat) (Dungeon)');
UPDATE creature_template SET ScriptName = '', AIName = 'SmartAI' WHERE entry = 17961;
DELETE FROM smart_scripts WHERE entryorguid = 17961 AND source_type = 0;
INSERT INTO smart_scripts (`entryorguid`, `source_type`, `id`, `link`, `event_type`, `event_phase_mask`, `event_chance`, `event_flags`, `event_param1`, `event_param2`, `event_param3`, `event_param4`, `event_param5`, `action_type`, `action_param1`, `action_param2`, `action_param3`, `action_param4`, `action_param5`, `action_param6`, `target_type`, `target_param1`, `target_param2`, `target_param3`, `target_param4`, `target_x`, `target_y`, `target_z`, `target_o`, `comment`) VALUES ('17961', '0', '0', '0', '1', '0', '100', '519', '0', '0', '0', '0', '0', '21', '0', '0', '0', '0', '0', '0', '1', '0', '0', '0', '0', '0', '0', '0', '0', 'Coilfang Enchantress - Out of Combat - Disable Combat Movement (Phase 1) (No Repeat) (Dungeon)'), ('17961', '0', '1', '2', '4', '0', '100', '3', '0', '0', '0', '0', '0', '11', '15234', '0', '0', '0', '0', '0', '7', '0', '0', '0', '0', '0', '0', '0', '0', 'Coilfang Enchantress - On Aggro - Cast \'Lightning Bolt\' (No Repeat) (Normal Dungeon)'), ('17961', '0', '2', '0', '61', '0', '100', '512', '0', '0', '0', '0', '0', '23', '1', '0', '0', '0', '0', '0', '1', '0', '0', '0', '0', '0', '0', '0', '0', 'Coilfang Enchantress - On Aggro - Increment Phase By 1 (No Repeat) (Normal Dungeon)'), ('17961', '0', '3', '0', '9', '1', '100', '2', '0', '40', '3200', '6900', '0', '11', '15234', '0', '0', '0', '0', '0', '2', '0', '0', '0', '0', '0', '0', '0', '0', 'Coilfang Enchantress - Within 0-40 Range - Cast \'Lightning Bolt\' (No Repeat) (Normal Dungeon)'), ('17961', '0', '4', '5', '4', '0', '100', '5', '0', '0', '0', '0', '0', '11', '37664', '0', '0', '0', '0', '0', '7', '0', '0', '0', '0', '0', '0', '0', '0', 'Coilfang Enchantress - On Aggro - Cast \'Lightning Bolt\' (No Repeat) (Heroic Dungeon)'), ('17961', '0', '5', '0', '61', '0', '100', '512', '0', '0', '0', '0', '0', '23', '1', '0', '0', '0', '0', '0', '1', '0', '0', '0', '0', '0', '0', '0', '0', 'Coilfang Enchantress - On Aggro - Increment Phase By 1 (No Repeat) (Heroic Dungeon)'), ('17961', '0', '6', '0', '9', '1', '100', '4', '0', '40', '3200', '6900', '0', '11', '37664', '0', '0', '0', '0', '0', '2', '0', '0', '0', '0', '0', '0', '0', '0', 'Coilfang Enchantress - Within 0-40 Range - Cast \'Lightning Bolt\' (No Repeat) (Heroic Dungeon)'), ('17961', '0', '7', '8', '3', '1', '100', '519', '0', '15', '0', '0', '0', '21', '1', '0', '0', '0', '0', '0', '1', '0', '0', '0', '0', '0', '0', '0', '0', 'Coilfang Enchantress - Between 0-15% Mana - Enable Combat Movement (Phase 1) (No Repeat) (Dungeon)'), ('17961', '0', '8', '0', '61', '1', '100', '512', '0', '0', '0', '0', '0', '23', '1', '0', '0', '0', '0', '0', '1', '0', '0', '0', '0', '0', '0', '0', '0', 'Coilfang Enchantress - Between 0-15% Mana - Increment Phase By 1 (Phase 1) (No Repeat) (Dungeon)'), ('17961', '0', '9', '0', '9', '1', '100', '519', '35', '80', '0', '0', '0', '21', '1', '0', '0', '0', '0', '0', '1', '0', '0', '0', '0', '0', '0', '0', '0', 'Coilfang Enchantress - Within 35-80 Range - Enable Combat Movement (Phase 1) (No Repeat) (Dungeon)'), ('17961', '0', '10', '0', '9', '1', '100', '519', '5', '15', '0', '0', '0', '21', '0', '0', '0', '0', '0', '0', '1', '0', '0', '0', '0', '0', '0', '0', '0', 'Coilfang Enchantress - Within 5-15 Range - Disable Combat Movement (Phase 1) (No Repeat) (Dungeon)'), ('17961', '0', '11', '0', '9', '1', '100', '519', '0', '5', '0', '0', '0', '21', '1', '0', '0', '0', '0', '0', '1', '0', '0', '0', '0', '0', '0', '0', '0', 'Coilfang Enchantress - Within 0-5 Range - Enable Combat Movement (Phase 1) (No Repeat) (Dungeon)'), ('17961', '0', '12', '0', '3', '0', '100', '518', '30', '100', '100', '100', '0', '23', '0', '1', '0', '0', '0', '0', '1', '0', '0', '0', '0', '0', '0', '0', '0', 'Coilfang Enchantress - Between 30-100% Mana - Decrement Phase By 1 (Phase 1) (No Repeat) (Dungeon)'), ('17961', '0', '13', '0', '0', '0', '100', '2', '18900', '22500', '11000', '16000', '0', '11', '32193', '0', '0', '0', '0', '0', '5', '0', '0', '0', '0', '0', '0', '0', '0', 'Coilfang Enchantress - In Combat - Cast \'Lightning Cloud\' (Phase 1) (No Repeat) (Dungeon)'), ('17961', '0', '14', '0', '0', '0', '100', '4', '18900', '22500', '11000', '16000', '0', '11', '37665', '0', '0', '0', '0', '0', '5', '0', '0', '0', '0', '0', '0', '0', '0', 'Coilfang Enchantress - In Combat - Cast \'Lightning Cloud\' (Phase 1) (No Repeat) (Dungeon)'), ('17961', '0', '15', '0', '0', '0', '100', '6', '5600', '11800', '20300', '20300', '0', '11', '32173', '0', '0', '0', '0', '0', '5', '0', '0', '0', '0', '0', '0', '0', '0', 'Coilfang Enchantress - In Combat - Cast \'Entangling Roots\' (Phase 1) (No Repeat) (Dungeon)'), ('17961', '0', '16', '0', '54', '0', '100', '512', '0', '0', '0', '0', '0', '49', '0', '0', '0', '0', '0', '0', '21', '100', '0', '0', '0', '0', '0', '0', '0', 'Coilfang Enchantress - On Just Summoned - Start Attack');
UPDATE creature_template SET ScriptName = '', AIName = 'SmartAI' WHERE entry = 17960;
DELETE FROM smart_scripts WHERE entryorguid = 17960 AND source_type = 0;
INSERT INTO smart_scripts (`entryorguid`, `source_type`, `id`, `link`, `event_type`, `event_phase_mask`, `event_chance`, `event_flags`, `event_param1`, `event_param2`, `event_param3`, `event_param4`, `event_param5`, `action_type`, `action_param1`, `action_param2`, `action_param3`, `action_param4`, `action_param5`, `action_param6`, `target_type`, `target_param1`, `target_param2`, `target_param3`, `target_param4`, `target_x`, `target_y`, `target_z`, `target_o`, `comment`) VALUES ('17960', '0', '12', '0', '54', '0', '100', '512', '0', '0', '0', '0', '0', '49', '0', '0', '0', '0', '0', '0', '21', '100', '0', '0', '0', '0', '0', '0', '0', 'Coilfang Soothsayer - On Just Summoned - Start Attack'), ('17960', '0', '0', '0', '1', '0', '100', '519', '0', '0', '0', '0', '0', '21', '0', '0', '0', '0', '0', '0', '1', '0', '0', '0', '0', '0', '0', '0', '0', 'Coilfang Soothsayer - Out of Combat - Disable Combat Movement (Phase 8) (No Repeat) (Dungeon)'), ('17960', '0', '1', '2', '4', '0', '100', '7', '0', '0', '0', '0', '0', '11', '15791', '0', '0', '0', '0', '0', '7', '0', '0', '0', '0', '0', '0', '0', '0', 'Coilfang Soothsayer - On Aggro - Cast \'Arcane Missiles\' (No Repeat) (Dungeon)'), ('17960', '0', '2', '0', '61', '0', '100', '512', '0', '0', '0', '0', '0', '23', '1', '0', '0', '0', '0', '0', '1', '0', '0', '0', '0', '0', '0', '0', '0', 'Coilfang Soothsayer - On Aggro - Increment Phase By 1 (No Repeat) (Dungeon)'), ('17960', '0', '3', '0', '9', '1', '100', '6', '0', '30', '2400', '3800', '0', '11', '15791', '0', '0', '0', '0', '0', '2', '0', '0', '0', '0', '0', '0', '0', '0', 'Coilfang Soothsayer - Within 0-30 Range - Cast \'Arcane Missiles\' (No Repeat) (Dungeon)'), ('17960', '0', '4', '5', '3', '1', '100', '519', '0', '15', '0', '0', '0', '21', '1', '0', '0', '0', '0', '0', '1', '0', '0', '0', '0', '0', '0', '0', '0', 'Coilfang Soothsayer - Between 0-15% Mana - Enable Combat Movement (Phase 1) (No Repeat) (Dungeon)'), ('17960', '0', '5', '0', '61', '1', '100', '512', '0', '0', '0', '0', '0', '23', '1', '0', '0', '0', '0', '0', '1', '0', '0', '0', '0', '0', '0', '0', '0', 'Coilfang Soothsayer - Between 0-15% Mana - Increment Phase By 1 (Phase 1) (No Repeat) (Dungeon)'), ('17960', '0', '6', '0', '9', '1', '100', '519', '25', '80', '0', '0', '0', '21', '1', '0', '0', '0', '0', '0', '1', '0', '0', '0', '0', '0', '0', '0', '0', 'Coilfang Soothsayer - Within 25-80 Range - Enable Combat Movement (Phase 1) (No Repeat) (Dungeon)'), ('17960', '0', '7', '0', '9', '1', '100', '519', '5', '15', '0', '0', '0', '21', '0', '0', '0', '0', '0', '0', '1', '0', '0', '0', '0', '0', '0', '0', '0', 'Coilfang Soothsayer - Within 5-15 Range - Disable Combat Movement (Phase 1) (No Repeat) (Dungeon)'), ('17960', '0', '8', '0', '9', '1', '100', '519', '0', '5', '0', '0', '0', '21', '1', '0', '0', '0', '0', '0', '1', '0', '0', '0', '0', '0', '0', '0', '0', 'Coilfang Soothsayer - Within 0-5 Range - Enable Combat Movement (Phase 1) (No Repeat) (Dungeon)'), ('17960', '0', '9', '0', '3', '0', '100', '518', '30', '100', '100', '100', '0', '23', '0', '1', '0', '0', '0', '0', '1', '0', '0', '0', '0', '0', '0', '0', '0', 'Coilfang Soothsayer - Between 30-100% Mana - Decrement Phase By 1 (Phase 1) (No Repeat) (Dungeon)'), ('17960', '0', '10', '0', '0', '0', '100', '7', '12200', '13400', '6000', '9000', '0', '11', '31555', '33', '0', '0', '0', '0', '5', '0', '0', '0', '0', '0', '0', '0', '0', 'Coilfang Soothsayer - In Combat - Cast \'Decayed Intellect\' (Phase 1) (No Repeat) (Dungeon)'), ('17960', '0', '11', '0', '0', '0', '100', '7', '9700', '10900', '12000', '18000', '0', '11', '35280', '1', '0', '0', '0', '0', '6', '0', '0', '0', '0', '0', '0', '0', '0', 'Coilfang Soothsayer - In Combat - Cast \'Domination\' (Phase 1) (No Repeat) (Dungeon)');
INSERT INTO smart_scripts (`entryorguid`, `source_type`, `id`, `link`, `event_type`, `event_phase_mask`, `event_chance`, `event_flags`, `event_param1`, `event_param2`, `event_param3`, `event_param4`, `event_param5`, `action_type`, `action_param1`, `action_param2`, `action_param3`, `action_param4`, `action_param5`, `action_param6`, `target_type`, `target_param1`, `target_param2`, `target_param3`, `target_param4`, `target_x`, `target_y`, `target_z`, `target_o`, `comment`) VALUES ('17893', '0', '0', '1', '62', '0', '100', '512', '57068', '0', '0', '0', '0', '72', '0', '0', '0', '0', '0', '0', '7', '0', '0', '0', '0', '0', '0', '0', '0', 'Naturalist Bite - On Gossip Select - Close Gossip'), ('17893', '0', '1', '0', '61', '0', '100', '512', '0', '0', '0', '0', '0', '33', '17893', '0', '0', '0', '0', '0', '16', '0', '0', '0', '0', '0', '0', '0', '0', 'Naturalist Bite - Linked with Previous Event - Give Kill Credit'), ('17893', '0', '2', '0', '10', '1', '100', '0', '1', '15', '15000', '90000', '1', '1', '0', '0', '0', '0', '0', '0', '7', '0', '0', '0', '0', '0', '0', '0', '0', 'Naturalist Bite - On Los OOC - Say Line 0 (Phase 1)'), ('17893', '0', '3', '0', '62', '0', '100', '513', '57068', '0', '0', '0', '0', '80', '1789300', '2', '0', '0', '0', '0', '1', '0', '0', '0', '0', '0', '0', '0', '0', 'Naturalist Bite - On Gossip Select - Run Script'), ('17893', '0', '4', '5', '40', '0', '100', '513', '1', '17893', '0', '0', '0', '66', '0', '0', '0', '0', '0', '0', '21', '100', '0', '0', '0', '0', '0', '0', '0', 'Naturalist Bite - On Reached WP1 - Set Orientation'), ('17893', '0', '5', '6', '61', '0', '100', '513', '0', '0', '0', '0', '0', '101', '0', '0', '0', '0', '0', '0', '1', '0', '0', '0', '0', '0', '0', '0', '0', 'Naturalist Bite - On Reached WP1 - Set Home Position'), ('17893', '0', '6', '7', '61', '0', '100', '513', '0', '0', '0', '0', '0', '1', '1', '0', '0', '0', '0', '0', '1', '0', '0', '0', '0', '0', '0', '0', '0', 'Naturalist Bite - On Reached WP1 - Say Line 1'), ('17893', '0', '7', '8', '61', '0', '100', '513', '0', '0', '0', '0', '0', '12', '17957', '8', '0', '0', '0', '0', '8', '0', '0', '0', '0', '-117.167', '-750.923', '37.0479', '3.47604', 'Naturalist Bite - On Reached WP1 - Summon Coilfang Champion'), ('17893', '0', '8', '9', '61', '0', '100', '513', '0', '0', '0', '0', '0', '12', '17961', '8', '0', '0', '0', '0', '8', '0', '0', '0', '0', '-117.036', '-754.659', '37.4551', '0.344406', 'Naturalist Bite - On Reached WP1 - Summon Coilfang Enchantress'), ('17893', '0', '9', '10', '61', '0', '100', '513', '0', '0', '0', '0', '0', '12', '17960', '8', '0', '0', '0', '0', '8', '0', '0', '0', '0', '-119.735', '-750.315', '37.0497', '0.611494', 'Naturalist Bite - On Reached WP1 - Summon Coilfang Soothsayer'), ('17893', '0', '10', '11', '61', '0', '100', '513', '0', '0', '0', '0', '0', '11', '34906', '2', '0', '0', '0', '0', '1', '0', '0', '0', '0', '0', '0', '0', '0', 'Naturalist Bite - On Reached WP1 - Cast Mark of Bite'), ('17893', '0', '11', '0', '61', '0', '100', '513', '0', '0', '0', '0', '0', '11', '34906', '2', '0', '0', '0', '0', '21', '100', '0', '0', '0', '0', '0', '0', '0', 'Naturalist Bite - On Reached WP1 - Cast Mark of Bite'), ('17893', '0', '12', '0', '11', '0', '100', '512', '0', '0', '0', '0', '0', '22', '1', '0', '0', '0', '0', '0', '1', '0', '0', '0', '0', '0', '0', '0', '0', 'Naturalist Bite - On Spawn - Set Phase 1');
-- Menu 7520 is already imported as 57068
UPDATE creature_template SET npcflag = (npcflag | 1), gossip_menu_id = 57068 WHERE entry = 17893;


-- Importing creature gossip with entry 16222 (Silvermoon City Guardian) with import type GOSSIP
INSERT INTO gossip_text (`ID`, `comment`, `text0_0`, `text0_1`, `BroadcastTextID0`, `lang0`, `Probability0`, `em0_0`, `em0_1`, `em0_2`, `em0_3`, `em0_4`, `em0_5`, `text1_0`, `text1_1`, `BroadcastTextID1`, `lang1`, `Probability1`, `em1_0`, `em1_1`, `em1_2`, `em1_3`, `em1_4`, `em1_5`, `text2_0`, `text2_1`, `BroadcastTextID2`, `lang2`, `Probability2`, `em2_0`, `em2_1`, `em2_2`, `em2_3`, `em2_4`, `em2_5`, `text3_0`, `text3_1`, `BroadcastTextID3`, `lang3`, `Probability3`, `em3_0`, `em3_1`, `em3_2`, `em3_3`, `em3_4`, `em3_5`, `text4_0`, `text4_1`, `BroadcastTextID4`, `lang4`, `Probability4`, `em4_0`, `em4_1`, `em4_2`, `em4_3`, `em4_4`, `em4_5`, `text5_0`, `text5_1`, `BroadcastTextID5`, `lang5`, `Probability5`, `em5_0`, `em5_1`, `em5_2`, `em5_3`, `em5_4`, `em5_5`, `text6_0`, `text6_1`, `BroadcastTextID6`, `lang6`, `Probability6`, `em6_0`, `em6_1`, `em6_2`, `em6_3`, `em6_4`, `em6_5`, `text7_0`, `text7_1`, `BroadcastTextID7`, `lang7`, `Probability7`, `em7_0`, `em7_1`, `em7_2`, `em7_3`, `em7_4`, `em7_5`) VALUES ('1872560', 'Imported from TC', 'Where in our fair city do you wish to go?', 'Where in our fair city do you wish to go?', '15207', '0', '1', '0', '0', '0', '0', '0', '0', '', '', NULL, '0', '0', '0', '0', '0', '0', '0', '0', '', '', NULL, '0', '0', '0', '0', '0', '0', '0', '0', '', '', NULL, '0', '0', '0', '0', '0', '0', '0', '0', '', '', NULL, '0', '0', '0', '0', '0', '0', '0', '0', '', '', NULL, '0', '0', '0', '0', '0', '0', '0', '0', '', '', NULL, '0', '0', '0', '0', '0', '0', '0', '0', '', '', NULL, '0', '0', '0', '0', '0', '0', '0', '0');
INSERT INTO gossip_menu (`MenuID`, `TextID`) VALUES ('7633', '1872560');
-- Importing menu 7668 as 57069
INSERT INTO gossip_text (`ID`, `comment`, `text0_0`, `text0_1`, `BroadcastTextID0`, `lang0`, `Probability0`, `em0_0`, `em0_1`, `em0_2`, `em0_3`, `em0_4`, `em0_5`, `text1_0`, `text1_1`, `BroadcastTextID1`, `lang1`, `Probability1`, `em1_0`, `em1_1`, `em1_2`, `em1_3`, `em1_4`, `em1_5`, `text2_0`, `text2_1`, `BroadcastTextID2`, `lang2`, `Probability2`, `em2_0`, `em2_1`, `em2_2`, `em2_3`, `em2_4`, `em2_5`, `text3_0`, `text3_1`, `BroadcastTextID3`, `lang3`, `Probability3`, `em3_0`, `em3_1`, `em3_2`, `em3_3`, `em3_4`, `em3_5`, `text4_0`, `text4_1`, `BroadcastTextID4`, `lang4`, `Probability4`, `em4_0`, `em4_1`, `em4_2`, `em4_3`, `em4_4`, `em4_5`, `text5_0`, `text5_1`, `BroadcastTextID5`, `lang5`, `Probability5`, `em5_0`, `em5_1`, `em5_2`, `em5_3`, `em5_4`, `em5_5`, `text6_0`, `text6_1`, `BroadcastTextID6`, `lang6`, `Probability6`, `em6_0`, `em6_1`, `em6_2`, `em6_3`, `em6_4`, `em6_5`, `text7_0`, `text7_1`, `BroadcastTextID7`, `lang7`, `Probability7`, `em7_0`, `em7_1`, `em7_2`, `em7_3`, `em7_4`, `em7_5`) VALUES ('1872561', 'Imported from TC', 'We have two auction houses within Silvermoon. Which would you prefer?', 'We have two auction houses within Silvermoon. Which would you prefer?', '15209', '0', '1', '0', '0', '0', '0', '0', '0', '', '', NULL, '0', '0', '0', '0', '0', '0', '0', '0', '', '', NULL, '0', '0', '0', '0', '0', '0', '0', '0', '', '', NULL, '0', '0', '0', '0', '0', '0', '0', '0', '', '', NULL, '0', '0', '0', '0', '0', '0', '0', '0', '', '', NULL, '0', '0', '0', '0', '0', '0', '0', '0', '', '', NULL, '0', '0', '0', '0', '0', '0', '0', '0', '', '', NULL, '0', '0', '0', '0', '0', '0', '0', '0');
INSERT INTO gossip_menu (`MenuID`, `TextID`) VALUES ('57069', '1872561');
INSERT INTO gossip_text (`ID`, `comment`, `text0_0`, `text0_1`, `BroadcastTextID0`, `lang0`, `Probability0`, `em0_0`, `em0_1`, `em0_2`, `em0_3`, `em0_4`, `em0_5`, `text1_0`, `text1_1`, `BroadcastTextID1`, `lang1`, `Probability1`, `em1_0`, `em1_1`, `em1_2`, `em1_3`, `em1_4`, `em1_5`, `text2_0`, `text2_1`, `BroadcastTextID2`, `lang2`, `Probability2`, `em2_0`, `em2_1`, `em2_2`, `em2_3`, `em2_4`, `em2_5`, `text3_0`, `text3_1`, `BroadcastTextID3`, `lang3`, `Probability3`, `em3_0`, `em3_1`, `em3_2`, `em3_3`, `em3_4`, `em3_5`, `text4_0`, `text4_1`, `BroadcastTextID4`, `lang4`, `Probability4`, `em4_0`, `em4_1`, `em4_2`, `em4_3`, `em4_4`, `em4_5`, `text5_0`, `text5_1`, `BroadcastTextID5`, `lang5`, `Probability5`, `em5_0`, `em5_1`, `em5_2`, `em5_3`, `em5_4`, `em5_5`, `text6_0`, `text6_1`, `BroadcastTextID6`, `lang6`, `Probability6`, `em6_0`, `em6_1`, `em6_2`, `em6_3`, `em6_4`, `em6_5`, `text7_0`, `text7_1`, `BroadcastTextID7`, `lang7`, `Probability7`, `em7_0`, `em7_1`, `em7_2`, `em7_3`, `em7_4`, `em7_5`) VALUES ('1872562', 'Imported from TC', 'The western auction house can be found in the middle of the Bazaar, just west of the Walk of Elders.', 'The western auction house can be found in the middle of the Bazaar, just west of the Walk of Elders.', '15211', '0', '1', '0', '0', '0', '0', '0', '0', '', '', NULL, '0', '0', '0', '0', '0', '0', '0', '0', '', '', NULL, '0', '0', '0', '0', '0', '0', '0', '0', '', '', NULL, '0', '0', '0', '0', '0', '0', '0', '0', '', '', NULL, '0', '0', '0', '0', '0', '0', '0', '0', '', '', NULL, '0', '0', '0', '0', '0', '0', '0', '0', '', '', NULL, '0', '0', '0', '0', '0', '0', '0', '0', '', '', NULL, '0', '0', '0', '0', '0', '0', '0', '0');
INSERT INTO gossip_menu (`MenuID`, `TextID`) VALUES ('7634', '1872562');
INSERT INTO points_of_interest (`ID`, `PositionX`, `PositionY`, `Icon`, `Flags`, `Importance`, `Name`, `VerifiedBuild`) VALUES ('349', '9648.04', '-7135.57', '6', '99', '0', 'Silvermoon City, Auction House', '0');
INSERT INTO gossip_menu_option (`MenuID`, `OptionID`, `OptionIcon`, `OptionText`, `OptionBroadcastTextID`, `OptionType`, `OptionNpcFlag`, `ActionMenuID`, `ActionPoiID`, `BoxCoded`, `BoxMoney`, `BoxText`, `BoxBroadcastTextID`) VALUES ('57069', '0', '0', 'To the west.', '15210', '1', '1', '7634', '349', '0', '0', '', NULL);
INSERT INTO gossip_text (`ID`, `comment`, `text0_0`, `text0_1`, `BroadcastTextID0`, `lang0`, `Probability0`, `em0_0`, `em0_1`, `em0_2`, `em0_3`, `em0_4`, `em0_5`, `text1_0`, `text1_1`, `BroadcastTextID1`, `lang1`, `Probability1`, `em1_0`, `em1_1`, `em1_2`, `em1_3`, `em1_4`, `em1_5`, `text2_0`, `text2_1`, `BroadcastTextID2`, `lang2`, `Probability2`, `em2_0`, `em2_1`, `em2_2`, `em2_3`, `em2_4`, `em2_5`, `text3_0`, `text3_1`, `BroadcastTextID3`, `lang3`, `Probability3`, `em3_0`, `em3_1`, `em3_2`, `em3_3`, `em3_4`, `em3_5`, `text4_0`, `text4_1`, `BroadcastTextID4`, `lang4`, `Probability4`, `em4_0`, `em4_1`, `em4_2`, `em4_3`, `em4_4`, `em4_5`, `text5_0`, `text5_1`, `BroadcastTextID5`, `lang5`, `Probability5`, `em5_0`, `em5_1`, `em5_2`, `em5_3`, `em5_4`, `em5_5`, `text6_0`, `text6_1`, `BroadcastTextID6`, `lang6`, `Probability6`, `em6_0`, `em6_1`, `em6_2`, `em6_3`, `em6_4`, `em6_5`, `text7_0`, `text7_1`, `BroadcastTextID7`, `lang7`, `Probability7`, `em7_0`, `em7_1`, `em7_2`, `em7_3`, `em7_4`, `em7_5`) VALUES ('1872563', 'Imported from TC', 'The Royal Exchange auction house can be found in the eastern part of the city, just south of the training area for the blood knights and rangers.', 'The Royal Exchange auction house can be found in the eastern part of the city, just south of the training area for the blood knights and rangers.', '15213', '0', '1', '0', '0', '0', '0', '0', '0', '', '', NULL, '0', '0', '0', '0', '0', '0', '0', '0', '', '', NULL, '0', '0', '0', '0', '0', '0', '0', '0', '', '', NULL, '0', '0', '0', '0', '0', '0', '0', '0', '', '', NULL, '0', '0', '0', '0', '0', '0', '0', '0', '', '', NULL, '0', '0', '0', '0', '0', '0', '0', '0', '', '', NULL, '0', '0', '0', '0', '0', '0', '0', '0', '', '', NULL, '0', '0', '0', '0', '0', '0', '0', '0');
INSERT INTO gossip_menu (`MenuID`, `TextID`) VALUES ('7635', '1872563');
INSERT INTO points_of_interest (`ID`, `PositionX`, `PositionY`, `Icon`, `Flags`, `Importance`, `Name`, `VerifiedBuild`) VALUES ('350', '9683.17', '-7518.94', '6', '99', '0', 'Silvermoon City, Auction House', '0');
INSERT INTO gossip_menu_option (`MenuID`, `OptionID`, `OptionIcon`, `OptionText`, `OptionBroadcastTextID`, `OptionType`, `OptionNpcFlag`, `ActionMenuID`, `ActionPoiID`, `BoxCoded`, `BoxMoney`, `BoxText`, `BoxBroadcastTextID`) VALUES ('57069', '1', '0', 'To the east.', '15212', '1', '1', '7635', '350', '0', '0', '', NULL);
INSERT INTO gossip_menu_option (`MenuID`, `OptionID`, `OptionIcon`, `OptionText`, `OptionBroadcastTextID`, `OptionType`, `OptionNpcFlag`, `ActionMenuID`, `ActionPoiID`, `BoxCoded`, `BoxMoney`, `BoxText`, `BoxBroadcastTextID`) VALUES ('7633', '0', '0', 'Auction House', '44627', '1', '1', '57069', NULL, '0', '0', '', NULL);
INSERT INTO gossip_text (`ID`, `comment`, `text0_0`, `text0_1`, `BroadcastTextID0`, `lang0`, `Probability0`, `em0_0`, `em0_1`, `em0_2`, `em0_3`, `em0_4`, `em0_5`, `text1_0`, `text1_1`, `BroadcastTextID1`, `lang1`, `Probability1`, `em1_0`, `em1_1`, `em1_2`, `em1_3`, `em1_4`, `em1_5`, `text2_0`, `text2_1`, `BroadcastTextID2`, `lang2`, `Probability2`, `em2_0`, `em2_1`, `em2_2`, `em2_3`, `em2_4`, `em2_5`, `text3_0`, `text3_1`, `BroadcastTextID3`, `lang3`, `Probability3`, `em3_0`, `em3_1`, `em3_2`, `em3_3`, `em3_4`, `em3_5`, `text4_0`, `text4_1`, `BroadcastTextID4`, `lang4`, `Probability4`, `em4_0`, `em4_1`, `em4_2`, `em4_3`, `em4_4`, `em4_5`, `text5_0`, `text5_1`, `BroadcastTextID5`, `lang5`, `Probability5`, `em5_0`, `em5_1`, `em5_2`, `em5_3`, `em5_4`, `em5_5`, `text6_0`, `text6_1`, `BroadcastTextID6`, `lang6`, `Probability6`, `em6_0`, `em6_1`, `em6_2`, `em6_3`, `em6_4`, `em6_5`, `text7_0`, `text7_1`, `BroadcastTextID7`, `lang7`, `Probability7`, `em7_0`, `em7_1`, `em7_2`, `em7_3`, `em7_4`, `em7_5`) VALUES ('1872564', 'Imported from TC', 'What path do you wish to pursue?', 'What path do you wish to pursue?', '15235', '0', '1', '0', '0', '0', '0', '0', '0', '', '', NULL, '0', '0', '0', '0', '0', '0', '0', '0', '', '', NULL, '0', '0', '0', '0', '0', '0', '0', '0', '', '', NULL, '0', '0', '0', '0', '0', '0', '0', '0', '', '', NULL, '0', '0', '0', '0', '0', '0', '0', '0', '', '', NULL, '0', '0', '0', '0', '0', '0', '0', '0', '', '', NULL, '0', '0', '0', '0', '0', '0', '0', '0', '', '', NULL, '0', '0', '0', '0', '0', '0', '0', '0');
INSERT INTO gossip_menu (`MenuID`, `TextID`) VALUES ('7639', '1872564');
INSERT INTO gossip_text (`ID`, `comment`, `text0_0`, `text0_1`, `BroadcastTextID0`, `lang0`, `Probability0`, `em0_0`, `em0_1`, `em0_2`, `em0_3`, `em0_4`, `em0_5`, `text1_0`, `text1_1`, `BroadcastTextID1`, `lang1`, `Probability1`, `em1_0`, `em1_1`, `em1_2`, `em1_3`, `em1_4`, `em1_5`, `text2_0`, `text2_1`, `BroadcastTextID2`, `lang2`, `Probability2`, `em2_0`, `em2_1`, `em2_2`, `em2_3`, `em2_4`, `em2_5`, `text3_0`, `text3_1`, `BroadcastTextID3`, `lang3`, `Probability3`, `em3_0`, `em3_1`, `em3_2`, `em3_3`, `em3_4`, `em3_5`, `text4_0`, `text4_1`, `BroadcastTextID4`, `lang4`, `Probability4`, `em4_0`, `em4_1`, `em4_2`, `em4_3`, `em4_4`, `em4_5`, `text5_0`, `text5_1`, `BroadcastTextID5`, `lang5`, `Probability5`, `em5_0`, `em5_1`, `em5_2`, `em5_3`, `em5_4`, `em5_5`, `text6_0`, `text6_1`, `BroadcastTextID6`, `lang6`, `Probability6`, `em6_0`, `em6_1`, `em6_2`, `em6_3`, `em6_4`, `em6_5`, `text7_0`, `text7_1`, `BroadcastTextID7`, `lang7`, `Probability7`, `em7_0`, `em7_1`, `em7_2`, `em7_3`, `em7_4`, `em7_5`) VALUES ('1872565', 'Imported from TC', 'The Bank of Silvermoon can be found within the Bazaar. Seek it out in the southeast corner.', 'The Bank of Silvermoon can be found within the Bazaar. Seek it out in the southeast corner.', '15217', '0', '1', '0', '0', '0', '0', '0', '0', '', '', NULL, '0', '0', '0', '0', '0', '0', '0', '0', '', '', NULL, '0', '0', '0', '0', '0', '0', '0', '0', '', '', NULL, '0', '0', '0', '0', '0', '0', '0', '0', '', '', NULL, '0', '0', '0', '0', '0', '0', '0', '0', '', '', NULL, '0', '0', '0', '0', '0', '0', '0', '0', '', '', NULL, '0', '0', '0', '0', '0', '0', '0', '0', '', '', NULL, '0', '0', '0', '0', '0', '0', '0', '0');
INSERT INTO gossip_menu (`MenuID`, `TextID`) VALUES ('7637', '1872565');
INSERT INTO points_of_interest (`ID`, `PositionX`, `PositionY`, `Icon`, `Flags`, `Importance`, `Name`, `VerifiedBuild`) VALUES ('351', '9525.04', '-7215.4', '6', '99', '0', 'Silvermoon City, Bank', '0');
INSERT INTO gossip_menu_option (`MenuID`, `OptionID`, `OptionIcon`, `OptionText`, `OptionBroadcastTextID`, `OptionType`, `OptionNpcFlag`, `ActionMenuID`, `ActionPoiID`, `BoxCoded`, `BoxMoney`, `BoxText`, `BoxBroadcastTextID`) VALUES ('7639', '0', '0', 'The west.', '15216', '1', '1', '7637', '351', '0', '0', '', NULL);
-- Importing menu 7638 as 57070
INSERT INTO gossip_text (`ID`, `comment`, `text0_0`, `text0_1`, `BroadcastTextID0`, `lang0`, `Probability0`, `em0_0`, `em0_1`, `em0_2`, `em0_3`, `em0_4`, `em0_5`, `text1_0`, `text1_1`, `BroadcastTextID1`, `lang1`, `Probability1`, `em1_0`, `em1_1`, `em1_2`, `em1_3`, `em1_4`, `em1_5`, `text2_0`, `text2_1`, `BroadcastTextID2`, `lang2`, `Probability2`, `em2_0`, `em2_1`, `em2_2`, `em2_3`, `em2_4`, `em2_5`, `text3_0`, `text3_1`, `BroadcastTextID3`, `lang3`, `Probability3`, `em3_0`, `em3_1`, `em3_2`, `em3_3`, `em3_4`, `em3_5`, `text4_0`, `text4_1`, `BroadcastTextID4`, `lang4`, `Probability4`, `em4_0`, `em4_1`, `em4_2`, `em4_3`, `em4_4`, `em4_5`, `text5_0`, `text5_1`, `BroadcastTextID5`, `lang5`, `Probability5`, `em5_0`, `em5_1`, `em5_2`, `em5_3`, `em5_4`, `em5_5`, `text6_0`, `text6_1`, `BroadcastTextID6`, `lang6`, `Probability6`, `em6_0`, `em6_1`, `em6_2`, `em6_3`, `em6_4`, `em6_5`, `text7_0`, `text7_1`, `BroadcastTextID7`, `lang7`, `Probability7`, `em7_0`, `em7_1`, `em7_2`, `em7_3`, `em7_4`, `em7_5`) VALUES ('1872566', 'Imported from TC', 'If you\'re seeking a bank in the eastern part of the city, look no further than the Royal Exchange. It lies along the north wall therein.', 'If you\'re seeking a bank in the eastern part of the city, look no further than the Royal Exchange. It lies along the north wall therein.', '15219', '0', '1', '0', '0', '0', '0', '0', '0', '', '', NULL, '0', '0', '0', '0', '0', '0', '0', '0', '', '', NULL, '0', '0', '0', '0', '0', '0', '0', '0', '', '', NULL, '0', '0', '0', '0', '0', '0', '0', '0', '', '', NULL, '0', '0', '0', '0', '0', '0', '0', '0', '', '', NULL, '0', '0', '0', '0', '0', '0', '0', '0', '', '', NULL, '0', '0', '0', '0', '0', '0', '0', '0', '', '', NULL, '0', '0', '0', '0', '0', '0', '0', '0');
INSERT INTO gossip_menu (`MenuID`, `TextID`) VALUES ('57070', '1872566');
INSERT INTO points_of_interest (`ID`, `PositionX`, `PositionY`, `Icon`, `Flags`, `Importance`, `Name`, `VerifiedBuild`) VALUES ('352', '9792.68', '-7488.06', '6', '99', '0', 'Silvermoon City, Bank', '0');
INSERT INTO gossip_menu_option (`MenuID`, `OptionID`, `OptionIcon`, `OptionText`, `OptionBroadcastTextID`, `OptionType`, `OptionNpcFlag`, `ActionMenuID`, `ActionPoiID`, `BoxCoded`, `BoxMoney`, `BoxText`, `BoxBroadcastTextID`) VALUES ('7639', '1', '0', 'The east.', '15218', '1', '1', '57070', '352', '0', '0', '', NULL);
INSERT INTO gossip_menu_option (`MenuID`, `OptionID`, `OptionIcon`, `OptionText`, `OptionBroadcastTextID`, `OptionType`, `OptionNpcFlag`, `ActionMenuID`, `ActionPoiID`, `BoxCoded`, `BoxMoney`, `BoxText`, `BoxBroadcastTextID`) VALUES ('7633', '1', '0', 'The Bank', '7066', '1', '1', '7639', NULL, '0', '0', '', NULL);
INSERT INTO gossip_text (`ID`, `comment`, `text0_0`, `text0_1`, `BroadcastTextID0`, `lang0`, `Probability0`, `em0_0`, `em0_1`, `em0_2`, `em0_3`, `em0_4`, `em0_5`, `text1_0`, `text1_1`, `BroadcastTextID1`, `lang1`, `Probability1`, `em1_0`, `em1_1`, `em1_2`, `em1_3`, `em1_4`, `em1_5`, `text2_0`, `text2_1`, `BroadcastTextID2`, `lang2`, `Probability2`, `em2_0`, `em2_1`, `em2_2`, `em2_3`, `em2_4`, `em2_5`, `text3_0`, `text3_1`, `BroadcastTextID3`, `lang3`, `Probability3`, `em3_0`, `em3_1`, `em3_2`, `em3_3`, `em3_4`, `em3_5`, `text4_0`, `text4_1`, `BroadcastTextID4`, `lang4`, `Probability4`, `em4_0`, `em4_1`, `em4_2`, `em4_3`, `em4_4`, `em4_5`, `text5_0`, `text5_1`, `BroadcastTextID5`, `lang5`, `Probability5`, `em5_0`, `em5_1`, `em5_2`, `em5_3`, `em5_4`, `em5_5`, `text6_0`, `text6_1`, `BroadcastTextID6`, `lang6`, `Probability6`, `em6_0`, `em6_1`, `em6_2`, `em6_3`, `em6_4`, `em6_5`, `text7_0`, `text7_1`, `BroadcastTextID7`, `lang7`, `Probability7`, `em7_0`, `em7_1`, `em7_2`, `em7_3`, `em7_4`, `em7_5`) VALUES ('1872567', 'Imported from TC', 'Skymistress Gloaming and her bats are just outside and to the west of the Shepherd\'s Gate.', 'Skymistress Gloaming and her bats are just outside and to the west of the Shepherd\'s Gate.', '15221', '0', '1', '0', '0', '0', '0', '0', '0', '', '', NULL, '0', '0', '0', '0', '0', '0', '0', '0', '', '', NULL, '0', '0', '0', '0', '0', '0', '0', '0', '', '', NULL, '0', '0', '0', '0', '0', '0', '0', '0', '', '', NULL, '0', '0', '0', '0', '0', '0', '0', '0', '', '', NULL, '0', '0', '0', '0', '0', '0', '0', '0', '', '', NULL, '0', '0', '0', '0', '0', '0', '0', '0', '', '', NULL, '0', '0', '0', '0', '0', '0', '0', '0');
INSERT INTO gossip_menu (`MenuID`, `TextID`) VALUES ('7640', '1872567');
INSERT INTO points_of_interest (`ID`, `PositionX`, `PositionY`, `Icon`, `Flags`, `Importance`, `Name`, `VerifiedBuild`) VALUES ('353', '9379.46', '-7166', '6', '99', '0', 'Silvermoon City, Flight Master', '0');
INSERT INTO gossip_menu_option (`MenuID`, `OptionID`, `OptionIcon`, `OptionText`, `OptionBroadcastTextID`, `OptionType`, `OptionNpcFlag`, `ActionMenuID`, `ActionPoiID`, `BoxCoded`, `BoxMoney`, `BoxText`, `BoxBroadcastTextID`) VALUES ('7633', '2', '0', 'Dragonhawk Master', '15220', '1', '1', '7640', '353', '0', '0', '', NULL);
INSERT INTO gossip_text (`ID`, `comment`, `text0_0`, `text0_1`, `BroadcastTextID0`, `lang0`, `Probability0`, `em0_0`, `em0_1`, `em0_2`, `em0_3`, `em0_4`, `em0_5`, `text1_0`, `text1_1`, `BroadcastTextID1`, `lang1`, `Probability1`, `em1_0`, `em1_1`, `em1_2`, `em1_3`, `em1_4`, `em1_5`, `text2_0`, `text2_1`, `BroadcastTextID2`, `lang2`, `Probability2`, `em2_0`, `em2_1`, `em2_2`, `em2_3`, `em2_4`, `em2_5`, `text3_0`, `text3_1`, `BroadcastTextID3`, `lang3`, `Probability3`, `em3_0`, `em3_1`, `em3_2`, `em3_3`, `em3_4`, `em3_5`, `text4_0`, `text4_1`, `BroadcastTextID4`, `lang4`, `Probability4`, `em4_0`, `em4_1`, `em4_2`, `em4_3`, `em4_4`, `em4_5`, `text5_0`, `text5_1`, `BroadcastTextID5`, `lang5`, `Probability5`, `em5_0`, `em5_1`, `em5_2`, `em5_3`, `em5_4`, `em5_5`, `text6_0`, `text6_1`, `BroadcastTextID6`, `lang6`, `Probability6`, `em6_0`, `em6_1`, `em6_2`, `em6_3`, `em6_4`, `em6_5`, `text7_0`, `text7_1`, `BroadcastTextID7`, `lang7`, `Probability7`, `em7_0`, `em7_1`, `em7_2`, `em7_3`, `em7_4`, `em7_5`) VALUES ('1872568', 'Imported from TC', 'Tandrine is the guild master of Silvermoon. Her residence is along the Walk of Elders, close to the Magister\'s Gate.', 'Tandrine is the guild master of Silvermoon. Her residence is along the Walk of Elders, close to the Magister\'s Gate.', '15223', '0', '1', '0', '0', '0', '0', '0', '0', '', '', NULL, '0', '0', '0', '0', '0', '0', '0', '0', '', '', NULL, '0', '0', '0', '0', '0', '0', '0', '0', '', '', NULL, '0', '0', '0', '0', '0', '0', '0', '0', '', '', NULL, '0', '0', '0', '0', '0', '0', '0', '0', '', '', NULL, '0', '0', '0', '0', '0', '0', '0', '0', '', '', NULL, '0', '0', '0', '0', '0', '0', '0', '0', '', '', NULL, '0', '0', '0', '0', '0', '0', '0', '0');
INSERT INTO gossip_menu (`MenuID`, `TextID`) VALUES ('7641', '1872568');
INSERT INTO points_of_interest (`ID`, `PositionX`, `PositionY`, `Icon`, `Flags`, `Importance`, `Name`, `VerifiedBuild`) VALUES ('354', '9484.73', '-7345.1', '6', '99', '0', 'Silvermoon City, Guild House', '0');
INSERT INTO gossip_menu_option (`MenuID`, `OptionID`, `OptionIcon`, `OptionText`, `OptionBroadcastTextID`, `OptionType`, `OptionNpcFlag`, `ActionMenuID`, `ActionPoiID`, `BoxCoded`, `BoxMoney`, `BoxText`, `BoxBroadcastTextID`) VALUES ('7633', '3', '0', 'Guild Master', '2870', '1', '1', '7641', '354', '0', '0', '', NULL);
INSERT INTO gossip_text (`ID`, `comment`, `text0_0`, `text0_1`, `BroadcastTextID0`, `lang0`, `Probability0`, `em0_0`, `em0_1`, `em0_2`, `em0_3`, `em0_4`, `em0_5`, `text1_0`, `text1_1`, `BroadcastTextID1`, `lang1`, `Probability1`, `em1_0`, `em1_1`, `em1_2`, `em1_3`, `em1_4`, `em1_5`, `text2_0`, `text2_1`, `BroadcastTextID2`, `lang2`, `Probability2`, `em2_0`, `em2_1`, `em2_2`, `em2_3`, `em2_4`, `em2_5`, `text3_0`, `text3_1`, `BroadcastTextID3`, `lang3`, `Probability3`, `em3_0`, `em3_1`, `em3_2`, `em3_3`, `em3_4`, `em3_5`, `text4_0`, `text4_1`, `BroadcastTextID4`, `lang4`, `Probability4`, `em4_0`, `em4_1`, `em4_2`, `em4_3`, `em4_4`, `em4_5`, `text5_0`, `text5_1`, `BroadcastTextID5`, `lang5`, `Probability5`, `em5_0`, `em5_1`, `em5_2`, `em5_3`, `em5_4`, `em5_5`, `text6_0`, `text6_1`, `BroadcastTextID6`, `lang6`, `Probability6`, `em6_0`, `em6_1`, `em6_2`, `em6_3`, `em6_4`, `em6_5`, `text7_0`, `text7_1`, `BroadcastTextID7`, `lang7`, `Probability7`, `em7_0`, `em7_1`, `em7_2`, `em7_3`, `em7_4`, `em7_5`) VALUES ('1872569', 'Imported from TC', 'Do you mean the Silvermoon City Inn, or the Wayfarer\'s Rest tavern?', 'Do you mean the Silvermoon City Inn, or the Wayfarer\'s Rest tavern?', '15964', '0', '1', '0', '0', '0', '0', '0', '0', '', '', NULL, '0', '0', '0', '0', '0', '0', '0', '0', '', '', NULL, '0', '0', '0', '0', '0', '0', '0', '0', '', '', NULL, '0', '0', '0', '0', '0', '0', '0', '0', '', '', NULL, '0', '0', '0', '0', '0', '0', '0', '0', '', '', NULL, '0', '0', '0', '0', '0', '0', '0', '0', '', '', NULL, '0', '0', '0', '0', '0', '0', '0', '0', '', '', NULL, '0', '0', '0', '0', '0', '0', '0', '0');
INSERT INTO gossip_menu (`MenuID`, `TextID`) VALUES ('7845', '1872569');
INSERT INTO gossip_text (`ID`, `comment`, `text0_0`, `text0_1`, `BroadcastTextID0`, `lang0`, `Probability0`, `em0_0`, `em0_1`, `em0_2`, `em0_3`, `em0_4`, `em0_5`, `text1_0`, `text1_1`, `BroadcastTextID1`, `lang1`, `Probability1`, `em1_0`, `em1_1`, `em1_2`, `em1_3`, `em1_4`, `em1_5`, `text2_0`, `text2_1`, `BroadcastTextID2`, `lang2`, `Probability2`, `em2_0`, `em2_1`, `em2_2`, `em2_3`, `em2_4`, `em2_5`, `text3_0`, `text3_1`, `BroadcastTextID3`, `lang3`, `Probability3`, `em3_0`, `em3_1`, `em3_2`, `em3_3`, `em3_4`, `em3_5`, `text4_0`, `text4_1`, `BroadcastTextID4`, `lang4`, `Probability4`, `em4_0`, `em4_1`, `em4_2`, `em4_3`, `em4_4`, `em4_5`, `text5_0`, `text5_1`, `BroadcastTextID5`, `lang5`, `Probability5`, `em5_0`, `em5_1`, `em5_2`, `em5_3`, `em5_4`, `em5_5`, `text6_0`, `text6_1`, `BroadcastTextID6`, `lang6`, `Probability6`, `em6_0`, `em6_1`, `em6_2`, `em6_3`, `em6_4`, `em6_5`, `text7_0`, `text7_1`, `BroadcastTextID7`, `lang7`, `Probability7`, `em7_0`, `em7_1`, `em7_2`, `em7_3`, `em7_4`, `em7_5`) VALUES ('1872570', 'Imported from TC', 'The Silvermoon City Inn, located in the Royal Exchange, is run by a talented woman named Velandra. I\'m told that the renowned vinemaster can sometimes be found there, as well.', 'The Silvermoon City Inn, located in the Royal Exchange, is run by a talented woman named Velandra. I\'m told that the renowned vinemaster can sometimes be found there, as well.', '15225', '0', '1', '0', '0', '0', '0', '0', '0', '', '', NULL, '0', '0', '0', '0', '0', '0', '0', '0', '', '', NULL, '0', '0', '0', '0', '0', '0', '0', '0', '', '', NULL, '0', '0', '0', '0', '0', '0', '0', '0', '', '', NULL, '0', '0', '0', '0', '0', '0', '0', '0', '', '', NULL, '0', '0', '0', '0', '0', '0', '0', '0', '', '', NULL, '0', '0', '0', '0', '0', '0', '0', '0', '', '', NULL, '0', '0', '0', '0', '0', '0', '0', '0');
INSERT INTO gossip_menu (`MenuID`, `TextID`) VALUES ('7642', '1872570');
INSERT INTO points_of_interest (`ID`, `PositionX`, `PositionY`, `Icon`, `Flags`, `Importance`, `Name`, `VerifiedBuild`) VALUES ('355', '9673.15', '-7370.3', '6', '99', '0', 'Silvermoon City, Inn', '0');
INSERT INTO gossip_menu_option (`MenuID`, `OptionID`, `OptionIcon`, `OptionText`, `OptionBroadcastTextID`, `OptionType`, `OptionNpcFlag`, `ActionMenuID`, `ActionPoiID`, `BoxCoded`, `BoxMoney`, `BoxText`, `BoxBroadcastTextID`) VALUES ('7845', '0', '0', 'The Silvermoon City Inn.', '15966', '1', '1', '7642', '355', '0', '0', '', NULL);
INSERT INTO gossip_text (`ID`, `comment`, `text0_0`, `text0_1`, `BroadcastTextID0`, `lang0`, `Probability0`, `em0_0`, `em0_1`, `em0_2`, `em0_3`, `em0_4`, `em0_5`, `text1_0`, `text1_1`, `BroadcastTextID1`, `lang1`, `Probability1`, `em1_0`, `em1_1`, `em1_2`, `em1_3`, `em1_4`, `em1_5`, `text2_0`, `text2_1`, `BroadcastTextID2`, `lang2`, `Probability2`, `em2_0`, `em2_1`, `em2_2`, `em2_3`, `em2_4`, `em2_5`, `text3_0`, `text3_1`, `BroadcastTextID3`, `lang3`, `Probability3`, `em3_0`, `em3_1`, `em3_2`, `em3_3`, `em3_4`, `em3_5`, `text4_0`, `text4_1`, `BroadcastTextID4`, `lang4`, `Probability4`, `em4_0`, `em4_1`, `em4_2`, `em4_3`, `em4_4`, `em4_5`, `text5_0`, `text5_1`, `BroadcastTextID5`, `lang5`, `Probability5`, `em5_0`, `em5_1`, `em5_2`, `em5_3`, `em5_4`, `em5_5`, `text6_0`, `text6_1`, `BroadcastTextID6`, `lang6`, `Probability6`, `em6_0`, `em6_1`, `em6_2`, `em6_3`, `em6_4`, `em6_5`, `text7_0`, `text7_1`, `BroadcastTextID7`, `lang7`, `Probability7`, `em7_0`, `em7_1`, `em7_2`, `em7_3`, `em7_4`, `em7_5`) VALUES ('1872571', 'Imported from TC', 'The Wayfarer\'s Rest Tavern is located between the Walk of Elders and the Bazaar. You can reach it from either location.', 'The Wayfarer\'s Rest Tavern is located between the Walk of Elders and the Bazaar. You can reach it from either location.', '15967', '0', '1', '0', '0', '0', '0', '0', '0', '', '', NULL, '0', '0', '0', '0', '0', '0', '0', '0', '', '', NULL, '0', '0', '0', '0', '0', '0', '0', '0', '', '', NULL, '0', '0', '0', '0', '0', '0', '0', '0', '', '', NULL, '0', '0', '0', '0', '0', '0', '0', '0', '', '', NULL, '0', '0', '0', '0', '0', '0', '0', '0', '', '', NULL, '0', '0', '0', '0', '0', '0', '0', '0', '', '', NULL, '0', '0', '0', '0', '0', '0', '0', '0');
INSERT INTO gossip_menu (`MenuID`, `TextID`) VALUES ('7844', '1872571');
INSERT INTO points_of_interest (`ID`, `PositionX`, `PositionY`, `Icon`, `Flags`, `Importance`, `Name`, `VerifiedBuild`) VALUES ('356', '9561.12', '-7216.6', '6', '99', '0', 'Silvermoon City, Inn', '0');
INSERT INTO gossip_menu_option (`MenuID`, `OptionID`, `OptionIcon`, `OptionText`, `OptionBroadcastTextID`, `OptionType`, `OptionNpcFlag`, `ActionMenuID`, `ActionPoiID`, `BoxCoded`, `BoxMoney`, `BoxText`, `BoxBroadcastTextID`) VALUES ('7845', '1', '0', 'The Wayfarer\'s Rest tavern.', '15965', '1', '1', '7844', '356', '0', '0', '', NULL);
INSERT INTO gossip_menu_option (`MenuID`, `OptionID`, `OptionIcon`, `OptionText`, `OptionBroadcastTextID`, `OptionType`, `OptionNpcFlag`, `ActionMenuID`, `ActionPoiID`, `BoxCoded`, `BoxMoney`, `BoxText`, `BoxBroadcastTextID`) VALUES ('7633', '4', '0', 'The Inn', '7075', '1', '1', '7845', NULL, '0', '0', '', NULL);
INSERT INTO gossip_text (`ID`, `comment`, `text0_0`, `text0_1`, `BroadcastTextID0`, `lang0`, `Probability0`, `em0_0`, `em0_1`, `em0_2`, `em0_3`, `em0_4`, `em0_5`, `text1_0`, `text1_1`, `BroadcastTextID1`, `lang1`, `Probability1`, `em1_0`, `em1_1`, `em1_2`, `em1_3`, `em1_4`, `em1_5`, `text2_0`, `text2_1`, `BroadcastTextID2`, `lang2`, `Probability2`, `em2_0`, `em2_1`, `em2_2`, `em2_3`, `em2_4`, `em2_5`, `text3_0`, `text3_1`, `BroadcastTextID3`, `lang3`, `Probability3`, `em3_0`, `em3_1`, `em3_2`, `em3_3`, `em3_4`, `em3_5`, `text4_0`, `text4_1`, `BroadcastTextID4`, `lang4`, `Probability4`, `em4_0`, `em4_1`, `em4_2`, `em4_3`, `em4_4`, `em4_5`, `text5_0`, `text5_1`, `BroadcastTextID5`, `lang5`, `Probability5`, `em5_0`, `em5_1`, `em5_2`, `em5_3`, `em5_4`, `em5_5`, `text6_0`, `text6_1`, `BroadcastTextID6`, `lang6`, `Probability6`, `em6_0`, `em6_1`, `em6_2`, `em6_3`, `em6_4`, `em6_5`, `text7_0`, `text7_1`, `BroadcastTextID7`, `lang7`, `Probability7`, `em7_0`, `em7_1`, `em7_2`, `em7_3`, `em7_4`, `em7_5`) VALUES ('1872572', 'Imported from TC', 'We have an abundance of mailboxes in our fair city. The one by the Royal Exchange Bank should certainly fit your needs.', 'We have an abundance of mailboxes in our fair city. The one by the Royal Exchange Bank should certainly fit your needs.', '15227', '0', '1', '0', '0', '0', '0', '0', '0', '', '', NULL, '0', '0', '0', '0', '0', '0', '0', '0', '', '', NULL, '0', '0', '0', '0', '0', '0', '0', '0', '', '', NULL, '0', '0', '0', '0', '0', '0', '0', '0', '', '', NULL, '0', '0', '0', '0', '0', '0', '0', '0', '', '', NULL, '0', '0', '0', '0', '0', '0', '0', '0', '', '', NULL, '0', '0', '0', '0', '0', '0', '0', '0', '', '', NULL, '0', '0', '0', '0', '0', '0', '0', '0');
INSERT INTO gossip_menu (`MenuID`, `TextID`) VALUES ('7643', '1872572');
INSERT INTO points_of_interest (`ID`, `PositionX`, `PositionY`, `Icon`, `Flags`, `Importance`, `Name`, `VerifiedBuild`) VALUES ('357', '9743.59', '-7466.39', '6', '99', '0', 'Silvermoon City, Mailbox', '0');
INSERT INTO gossip_menu_option (`MenuID`, `OptionID`, `OptionIcon`, `OptionText`, `OptionBroadcastTextID`, `OptionType`, `OptionNpcFlag`, `ActionMenuID`, `ActionPoiID`, `BoxCoded`, `BoxMoney`, `BoxText`, `BoxBroadcastTextID`) VALUES ('7633', '5', '0', 'Mailbox', '45381', '1', '1', '7643', '357', '0', '0', '', NULL);
INSERT INTO gossip_text (`ID`, `comment`, `text0_0`, `text0_1`, `BroadcastTextID0`, `lang0`, `Probability0`, `em0_0`, `em0_1`, `em0_2`, `em0_3`, `em0_4`, `em0_5`, `text1_0`, `text1_1`, `BroadcastTextID1`, `lang1`, `Probability1`, `em1_0`, `em1_1`, `em1_2`, `em1_3`, `em1_4`, `em1_5`, `text2_0`, `text2_1`, `BroadcastTextID2`, `lang2`, `Probability2`, `em2_0`, `em2_1`, `em2_2`, `em2_3`, `em2_4`, `em2_5`, `text3_0`, `text3_1`, `BroadcastTextID3`, `lang3`, `Probability3`, `em3_0`, `em3_1`, `em3_2`, `em3_3`, `em3_4`, `em3_5`, `text4_0`, `text4_1`, `BroadcastTextID4`, `lang4`, `Probability4`, `em4_0`, `em4_1`, `em4_2`, `em4_3`, `em4_4`, `em4_5`, `text5_0`, `text5_1`, `BroadcastTextID5`, `lang5`, `Probability5`, `em5_0`, `em5_1`, `em5_2`, `em5_3`, `em5_4`, `em5_5`, `text6_0`, `text6_1`, `BroadcastTextID6`, `lang6`, `Probability6`, `em6_0`, `em6_1`, `em6_2`, `em6_3`, `em6_4`, `em6_5`, `text7_0`, `text7_1`, `BroadcastTextID7`, `lang7`, `Probability7`, `em7_0`, `em7_1`, `em7_2`, `em7_3`, `em7_4`, `em7_5`) VALUES ('1872573', 'Imported from TC', 'Shalenn tends the animals within the city and prevents them from running amok while their masters continue to fritter their lives away. She stands in Farstriders\' Square, just outside the rangers\' hall.', 'Shalenn tends the animals within the city and prevents them from running amok while their masters continue to fritter their lives away. She stands in Farstriders\' Square, just outside the rangers\' hall.', '15229', '0', '1', '0', '0', '0', '0', '0', '0', '', '', NULL, '0', '0', '0', '0', '0', '0', '0', '0', '', '', NULL, '0', '0', '0', '0', '0', '0', '0', '0', '', '', NULL, '0', '0', '0', '0', '0', '0', '0', '0', '', '', NULL, '0', '0', '0', '0', '0', '0', '0', '0', '', '', NULL, '0', '0', '0', '0', '0', '0', '0', '0', '', '', NULL, '0', '0', '0', '0', '0', '0', '0', '0', '', '', NULL, '0', '0', '0', '0', '0', '0', '0', '0');
INSERT INTO gossip_menu (`MenuID`, `TextID`) VALUES ('7644', '1872573');
INSERT INTO points_of_interest (`ID`, `PositionX`, `PositionY`, `Icon`, `Flags`, `Importance`, `Name`, `VerifiedBuild`) VALUES ('358', '9903.8', '-7404.16', '6', '99', '0', 'Silvermoon City, Stable Master', '0');
INSERT INTO gossip_menu_option (`MenuID`, `OptionID`, `OptionIcon`, `OptionText`, `OptionBroadcastTextID`, `OptionType`, `OptionNpcFlag`, `ActionMenuID`, `ActionPoiID`, `BoxCoded`, `BoxMoney`, `BoxText`, `BoxBroadcastTextID`) VALUES ('7633', '6', '0', 'Stable Master', '45383', '1', '1', '7644', '358', '0', '0', '', NULL);
INSERT INTO gossip_text (`ID`, `comment`, `text0_0`, `text0_1`, `BroadcastTextID0`, `lang0`, `Probability0`, `em0_0`, `em0_1`, `em0_2`, `em0_3`, `em0_4`, `em0_5`, `text1_0`, `text1_1`, `BroadcastTextID1`, `lang1`, `Probability1`, `em1_0`, `em1_1`, `em1_2`, `em1_3`, `em1_4`, `em1_5`, `text2_0`, `text2_1`, `BroadcastTextID2`, `lang2`, `Probability2`, `em2_0`, `em2_1`, `em2_2`, `em2_3`, `em2_4`, `em2_5`, `text3_0`, `text3_1`, `BroadcastTextID3`, `lang3`, `Probability3`, `em3_0`, `em3_1`, `em3_2`, `em3_3`, `em3_4`, `em3_5`, `text4_0`, `text4_1`, `BroadcastTextID4`, `lang4`, `Probability4`, `em4_0`, `em4_1`, `em4_2`, `em4_3`, `em4_4`, `em4_5`, `text5_0`, `text5_1`, `BroadcastTextID5`, `lang5`, `Probability5`, `em5_0`, `em5_1`, `em5_2`, `em5_3`, `em5_4`, `em5_5`, `text6_0`, `text6_1`, `BroadcastTextID6`, `lang6`, `Probability6`, `em6_0`, `em6_1`, `em6_2`, `em6_3`, `em6_4`, `em6_5`, `text7_0`, `text7_1`, `BroadcastTextID7`, `lang7`, `Probability7`, `em7_0`, `em7_1`, `em7_2`, `em7_3`, `em7_4`, `em7_5`) VALUES ('1872574', 'Imported from TC', 'The Blood Knights in Farstriders\' Square graciously allow space within their halls for Ileda, the weapon master of Silvermoon. While her training is not cheap, you\'ll appreciate her expertise.', 'The Blood Knights in Farstriders\' Square graciously allow space within their halls for Ileda, the weapon master of Silvermoon. While her training is not cheap, you\'ll appreciate her expertise.', '15231', '0', '1', '0', '0', '0', '0', '0', '0', '', '', NULL, '0', '0', '0', '0', '0', '0', '0', '0', '', '', NULL, '0', '0', '0', '0', '0', '0', '0', '0', '', '', NULL, '0', '0', '0', '0', '0', '0', '0', '0', '', '', NULL, '0', '0', '0', '0', '0', '0', '0', '0', '', '', NULL, '0', '0', '0', '0', '0', '0', '0', '0', '', '', NULL, '0', '0', '0', '0', '0', '0', '0', '0', '', '', NULL, '0', '0', '0', '0', '0', '0', '0', '0');
INSERT INTO gossip_menu (`MenuID`, `TextID`) VALUES ('7645', '1872574');
INSERT INTO points_of_interest (`ID`, `PositionX`, `PositionY`, `Icon`, `Flags`, `Importance`, `Name`, `VerifiedBuild`) VALUES ('359', '9839.98', '-7505.83', '6', '99', '0', 'Silvermoon City, Weapon Master', '0');
INSERT INTO gossip_menu_option (`MenuID`, `OptionID`, `OptionIcon`, `OptionText`, `OptionBroadcastTextID`, `OptionType`, `OptionNpcFlag`, `ActionMenuID`, `ActionPoiID`, `BoxCoded`, `BoxMoney`, `BoxText`, `BoxBroadcastTextID`) VALUES ('7633', '7', '0', 'Weapon Master', '15230', '1', '1', '7645', '359', '0', '0', '', NULL);
INSERT INTO gossip_text (`ID`, `comment`, `text0_0`, `text0_1`, `BroadcastTextID0`, `lang0`, `Probability0`, `em0_0`, `em0_1`, `em0_2`, `em0_3`, `em0_4`, `em0_5`, `text1_0`, `text1_1`, `BroadcastTextID1`, `lang1`, `Probability1`, `em1_0`, `em1_1`, `em1_2`, `em1_3`, `em1_4`, `em1_5`, `text2_0`, `text2_1`, `BroadcastTextID2`, `lang2`, `Probability2`, `em2_0`, `em2_1`, `em2_2`, `em2_3`, `em2_4`, `em2_5`, `text3_0`, `text3_1`, `BroadcastTextID3`, `lang3`, `Probability3`, `em3_0`, `em3_1`, `em3_2`, `em3_3`, `em3_4`, `em3_5`, `text4_0`, `text4_1`, `BroadcastTextID4`, `lang4`, `Probability4`, `em4_0`, `em4_1`, `em4_2`, `em4_3`, `em4_4`, `em4_5`, `text5_0`, `text5_1`, `BroadcastTextID5`, `lang5`, `Probability5`, `em5_0`, `em5_1`, `em5_2`, `em5_3`, `em5_4`, `em5_5`, `text6_0`, `text6_1`, `BroadcastTextID6`, `lang6`, `Probability6`, `em6_0`, `em6_1`, `em6_2`, `em6_3`, `em6_4`, `em6_5`, `text7_0`, `text7_1`, `BroadcastTextID7`, `lang7`, `Probability7`, `em7_0`, `em7_1`, `em7_2`, `em7_3`, `em7_4`, `em7_5`) VALUES ('1872575', 'Imported from TC', 'The battlemasters take their ease deep within the halls of the Blood Knight enclave in Farstriders\' Square. While somewhat... crude, they have their redeemable traits.', 'The battlemasters take their ease deep within the halls of the Blood Knight enclave in Farstriders\' Square. While somewhat... crude, they have their redeemable traits.', '15233', '0', '1', '0', '0', '0', '0', '0', '0', '', '', NULL, '0', '0', '0', '0', '0', '0', '0', '0', '', '', NULL, '0', '0', '0', '0', '0', '0', '0', '0', '', '', NULL, '0', '0', '0', '0', '0', '0', '0', '0', '', '', NULL, '0', '0', '0', '0', '0', '0', '0', '0', '', '', NULL, '0', '0', '0', '0', '0', '0', '0', '0', '', '', NULL, '0', '0', '0', '0', '0', '0', '0', '0', '', '', NULL, '0', '0', '0', '0', '0', '0', '0', '0');
INSERT INTO gossip_menu (`MenuID`, `TextID`) VALUES ('7646', '1872575');
INSERT INTO points_of_interest (`ID`, `PositionX`, `PositionY`, `Icon`, `Flags`, `Importance`, `Name`, `VerifiedBuild`) VALUES ('360', '9850.67', '-7565.29', '6', '99', '0', 'Silvermoon City, Battlemasters', '0');
INSERT INTO gossip_menu_option (`MenuID`, `OptionID`, `OptionIcon`, `OptionText`, `OptionBroadcastTextID`, `OptionType`, `OptionNpcFlag`, `ActionMenuID`, `ActionPoiID`, `BoxCoded`, `BoxMoney`, `BoxText`, `BoxBroadcastTextID`) VALUES ('7633', '8', '0', 'Battlemasters', '45377', '1', '1', '7646', '360', '0', '0', '', NULL);
INSERT INTO gossip_text (`ID`, `comment`, `text0_0`, `text0_1`, `BroadcastTextID0`, `lang0`, `Probability0`, `em0_0`, `em0_1`, `em0_2`, `em0_3`, `em0_4`, `em0_5`, `text1_0`, `text1_1`, `BroadcastTextID1`, `lang1`, `Probability1`, `em1_0`, `em1_1`, `em1_2`, `em1_3`, `em1_4`, `em1_5`, `text2_0`, `text2_1`, `BroadcastTextID2`, `lang2`, `Probability2`, `em2_0`, `em2_1`, `em2_2`, `em2_3`, `em2_4`, `em2_5`, `text3_0`, `text3_1`, `BroadcastTextID3`, `lang3`, `Probability3`, `em3_0`, `em3_1`, `em3_2`, `em3_3`, `em3_4`, `em3_5`, `text4_0`, `text4_1`, `BroadcastTextID4`, `lang4`, `Probability4`, `em4_0`, `em4_1`, `em4_2`, `em4_3`, `em4_4`, `em4_5`, `text5_0`, `text5_1`, `BroadcastTextID5`, `lang5`, `Probability5`, `em5_0`, `em5_1`, `em5_2`, `em5_3`, `em5_4`, `em5_5`, `text6_0`, `text6_1`, `BroadcastTextID6`, `lang6`, `Probability6`, `em6_0`, `em6_1`, `em6_2`, `em6_3`, `em6_4`, `em6_5`, `text7_0`, `text7_1`, `BroadcastTextID7`, `lang7`, `Probability7`, `em7_0`, `em7_1`, `em7_2`, `em7_3`, `em7_4`, `em7_5`) VALUES ('1872576', 'Imported from TC', 'What path do you wish to pursue?', 'What path do you wish to pursue?', '15235', '0', '1', '0', '0', '0', '0', '0', '0', '', '', NULL, '0', '0', '0', '0', '0', '0', '0', '0', '', '', NULL, '0', '0', '0', '0', '0', '0', '0', '0', '', '', NULL, '0', '0', '0', '0', '0', '0', '0', '0', '', '', NULL, '0', '0', '0', '0', '0', '0', '0', '0', '', '', NULL, '0', '0', '0', '0', '0', '0', '0', '0', '', '', NULL, '0', '0', '0', '0', '0', '0', '0', '0', '', '', NULL, '0', '0', '0', '0', '0', '0', '0', '0');
INSERT INTO gossip_menu (`MenuID`, `TextID`) VALUES ('7649', '1872576');
-- Text 9330 already present in Sun DB
INSERT INTO gossip_menu (`MenuID`, `TextID`) VALUES ('7647', '9330');
INSERT INTO points_of_interest (`ID`, `PositionX`, `PositionY`, `Icon`, `Flags`, `Importance`, `Name`, `VerifiedBuild`) VALUES ('361', '9700.38', '-7265.52', '6', '99', '0', 'Silvermoon City, Druid Trainer', '0');
INSERT INTO gossip_menu_option (`MenuID`, `OptionID`, `OptionIcon`, `OptionText`, `OptionBroadcastTextID`, `OptionType`, `OptionNpcFlag`, `ActionMenuID`, `ActionPoiID`, `BoxCoded`, `BoxMoney`, `BoxText`, `BoxBroadcastTextID`) VALUES ('7649', '0', '0', 'Druid', '45409', '1', '1', '7647', '361', '0', '0', '', NULL);
INSERT INTO gossip_text (`ID`, `comment`, `text0_0`, `text0_1`, `BroadcastTextID0`, `lang0`, `Probability0`, `em0_0`, `em0_1`, `em0_2`, `em0_3`, `em0_4`, `em0_5`, `text1_0`, `text1_1`, `BroadcastTextID1`, `lang1`, `Probability1`, `em1_0`, `em1_1`, `em1_2`, `em1_3`, `em1_4`, `em1_5`, `text2_0`, `text2_1`, `BroadcastTextID2`, `lang2`, `Probability2`, `em2_0`, `em2_1`, `em2_2`, `em2_3`, `em2_4`, `em2_5`, `text3_0`, `text3_1`, `BroadcastTextID3`, `lang3`, `Probability3`, `em3_0`, `em3_1`, `em3_2`, `em3_3`, `em3_4`, `em3_5`, `text4_0`, `text4_1`, `BroadcastTextID4`, `lang4`, `Probability4`, `em4_0`, `em4_1`, `em4_2`, `em4_3`, `em4_4`, `em4_5`, `text5_0`, `text5_1`, `BroadcastTextID5`, `lang5`, `Probability5`, `em5_0`, `em5_1`, `em5_2`, `em5_3`, `em5_4`, `em5_5`, `text6_0`, `text6_1`, `BroadcastTextID6`, `lang6`, `Probability6`, `em6_0`, `em6_1`, `em6_2`, `em6_3`, `em6_4`, `em6_5`, `text7_0`, `text7_1`, `BroadcastTextID7`, `lang7`, `Probability7`, `em7_0`, `em7_1`, `em7_2`, `em7_3`, `em7_4`, `em7_5`) VALUES ('1872577', 'Imported from TC', 'Oh. You\'re seeking one of... them. Well, if you truly want to waste your time speaking with those backward individuals, you\'ll find the rangers in Farstriders\' Square. Zandine can take care of you.', 'Oh. You\'re seeking one of... them. Well, if you truly want to waste your time speaking with those backward individuals, you\'ll find the rangers in Farstriders\' Square. Zandine can take care of you.', '15239', '0', '1', '0', '0', '0', '0', '0', '0', '', '', NULL, '0', '0', '0', '0', '0', '0', '0', '0', '', '', NULL, '0', '0', '0', '0', '0', '0', '0', '0', '', '', NULL, '0', '0', '0', '0', '0', '0', '0', '0', '', '', NULL, '0', '0', '0', '0', '0', '0', '0', '0', '', '', NULL, '0', '0', '0', '0', '0', '0', '0', '0', '', '', NULL, '0', '0', '0', '0', '0', '0', '0', '0', '', '', NULL, '0', '0', '0', '0', '0', '0', '0', '0');
INSERT INTO gossip_menu (`MenuID`, `TextID`) VALUES ('7648', '1872577');
INSERT INTO points_of_interest (`ID`, `PositionX`, `PositionY`, `Icon`, `Flags`, `Importance`, `Name`, `VerifiedBuild`) VALUES ('362', '9934.22', '-7411.71', '6', '99', '0', 'Silvermoon City, Hunter Trainer', '0');
INSERT INTO gossip_menu_option (`MenuID`, `OptionID`, `OptionIcon`, `OptionText`, `OptionBroadcastTextID`, `OptionType`, `OptionNpcFlag`, `ActionMenuID`, `ActionPoiID`, `BoxCoded`, `BoxMoney`, `BoxText`, `BoxBroadcastTextID`) VALUES ('7649', '1', '0', 'Hunter', '50546', '1', '1', '7648', '362', '0', '0', '', NULL);
INSERT INTO gossip_text (`ID`, `comment`, `text0_0`, `text0_1`, `BroadcastTextID0`, `lang0`, `Probability0`, `em0_0`, `em0_1`, `em0_2`, `em0_3`, `em0_4`, `em0_5`, `text1_0`, `text1_1`, `BroadcastTextID1`, `lang1`, `Probability1`, `em1_0`, `em1_1`, `em1_2`, `em1_3`, `em1_4`, `em1_5`, `text2_0`, `text2_1`, `BroadcastTextID2`, `lang2`, `Probability2`, `em2_0`, `em2_1`, `em2_2`, `em2_3`, `em2_4`, `em2_5`, `text3_0`, `text3_1`, `BroadcastTextID3`, `lang3`, `Probability3`, `em3_0`, `em3_1`, `em3_2`, `em3_3`, `em3_4`, `em3_5`, `text4_0`, `text4_1`, `BroadcastTextID4`, `lang4`, `Probability4`, `em4_0`, `em4_1`, `em4_2`, `em4_3`, `em4_4`, `em4_5`, `text5_0`, `text5_1`, `BroadcastTextID5`, `lang5`, `Probability5`, `em5_0`, `em5_1`, `em5_2`, `em5_3`, `em5_4`, `em5_5`, `text6_0`, `text6_1`, `BroadcastTextID6`, `lang6`, `Probability6`, `em6_0`, `em6_1`, `em6_2`, `em6_3`, `em6_4`, `em6_5`, `text7_0`, `text7_1`, `BroadcastTextID7`, `lang7`, `Probability7`, `em7_0`, `em7_1`, `em7_2`, `em7_3`, `em7_4`, `em7_5`) VALUES ('1872578', 'Imported from TC', 'Ah, seeking the masters of the arcane? You can find Quithas and the other magisters within the Sunfury Spire.', 'Ah, seeking the masters of the arcane? You can find Quithas and the other magisters within the Sunfury Spire.', '15245', '0', '1', '0', '0', '0', '0', '0', '0', '', '', NULL, '0', '0', '0', '0', '0', '0', '0', '0', '', '', NULL, '0', '0', '0', '0', '0', '0', '0', '0', '', '', NULL, '0', '0', '0', '0', '0', '0', '0', '0', '', '', NULL, '0', '0', '0', '0', '0', '0', '0', '0', '', '', NULL, '0', '0', '0', '0', '0', '0', '0', '0', '', '', NULL, '0', '0', '0', '0', '0', '0', '0', '0', '', '', NULL, '0', '0', '0', '0', '0', '0', '0', '0');
INSERT INTO gossip_menu (`MenuID`, `TextID`) VALUES ('7650', '1872578');
INSERT INTO points_of_interest (`ID`, `PositionX`, `PositionY`, `Icon`, `Flags`, `Importance`, `Name`, `VerifiedBuild`) VALUES ('363', '9998.34', '-7106.58', '6', '99', '0', 'Silvermoon City, Mage Trainer', '0');
INSERT INTO gossip_menu_option (`MenuID`, `OptionID`, `OptionIcon`, `OptionText`, `OptionBroadcastTextID`, `OptionType`, `OptionNpcFlag`, `ActionMenuID`, `ActionPoiID`, `BoxCoded`, `BoxMoney`, `BoxText`, `BoxBroadcastTextID`) VALUES ('7649', '2', '0', 'Mage', '45404', '1', '1', '7650', '363', '0', '0', '', NULL);
INSERT INTO gossip_text (`ID`, `comment`, `text0_0`, `text0_1`, `BroadcastTextID0`, `lang0`, `Probability0`, `em0_0`, `em0_1`, `em0_2`, `em0_3`, `em0_4`, `em0_5`, `text1_0`, `text1_1`, `BroadcastTextID1`, `lang1`, `Probability1`, `em1_0`, `em1_1`, `em1_2`, `em1_3`, `em1_4`, `em1_5`, `text2_0`, `text2_1`, `BroadcastTextID2`, `lang2`, `Probability2`, `em2_0`, `em2_1`, `em2_2`, `em2_3`, `em2_4`, `em2_5`, `text3_0`, `text3_1`, `BroadcastTextID3`, `lang3`, `Probability3`, `em3_0`, `em3_1`, `em3_2`, `em3_3`, `em3_4`, `em3_5`, `text4_0`, `text4_1`, `BroadcastTextID4`, `lang4`, `Probability4`, `em4_0`, `em4_1`, `em4_2`, `em4_3`, `em4_4`, `em4_5`, `text5_0`, `text5_1`, `BroadcastTextID5`, `lang5`, `Probability5`, `em5_0`, `em5_1`, `em5_2`, `em5_3`, `em5_4`, `em5_5`, `text6_0`, `text6_1`, `BroadcastTextID6`, `lang6`, `Probability6`, `em6_0`, `em6_1`, `em6_2`, `em6_3`, `em6_4`, `em6_5`, `text7_0`, `text7_1`, `BroadcastTextID7`, `lang7`, `Probability7`, `em7_0`, `em7_1`, `em7_2`, `em7_3`, `em7_4`, `em7_5`) VALUES ('1872579', 'Imported from TC', 'Lady Liadrin, matriarch of the Blood Knights, has the Knights\' headquarters in an enclave in Farstriders\' Square. You\'ll need to speak to Champion Bachi there if you are looking for instruction. Be respectful while there if you value your head.', 'Lady Liadrin, matriarch of the Blood Knights, has the Knights\' headquarters in an enclave in Farstriders\' Square. You\'ll need to speak to Champion Bachi there if you are looking for instruction. Be respectful while there if you value your head.', '15246', '0', '1', '0', '0', '0', '0', '0', '0', '', '', NULL, '0', '0', '0', '0', '0', '0', '0', '0', '', '', NULL, '0', '0', '0', '0', '0', '0', '0', '0', '', '', NULL, '0', '0', '0', '0', '0', '0', '0', '0', '', '', NULL, '0', '0', '0', '0', '0', '0', '0', '0', '', '', NULL, '0', '0', '0', '0', '0', '0', '0', '0', '', '', NULL, '0', '0', '0', '0', '0', '0', '0', '0', '', '', NULL, '0', '0', '0', '0', '0', '0', '0', '0');
INSERT INTO gossip_menu (`MenuID`, `TextID`) VALUES ('7651', '1872579');
INSERT INTO points_of_interest (`ID`, `PositionX`, `PositionY`, `Icon`, `Flags`, `Importance`, `Name`, `VerifiedBuild`) VALUES ('364', '9850.89', '-7512.63', '6', '99', '0', 'Silvermoon City, Paladin Trainer', '0');
INSERT INTO gossip_menu_option (`MenuID`, `OptionID`, `OptionIcon`, `OptionText`, `OptionBroadcastTextID`, `OptionType`, `OptionNpcFlag`, `ActionMenuID`, `ActionPoiID`, `BoxCoded`, `BoxMoney`, `BoxText`, `BoxBroadcastTextID`) VALUES ('7649', '3', '0', 'Paladin', '48028', '1', '1', '7651', '364', '0', '0', '', NULL);
-- Importing menu 7652 as 57071
INSERT INTO gossip_text (`ID`, `comment`, `text0_0`, `text0_1`, `BroadcastTextID0`, `lang0`, `Probability0`, `em0_0`, `em0_1`, `em0_2`, `em0_3`, `em0_4`, `em0_5`, `text1_0`, `text1_1`, `BroadcastTextID1`, `lang1`, `Probability1`, `em1_0`, `em1_1`, `em1_2`, `em1_3`, `em1_4`, `em1_5`, `text2_0`, `text2_1`, `BroadcastTextID2`, `lang2`, `Probability2`, `em2_0`, `em2_1`, `em2_2`, `em2_3`, `em2_4`, `em2_5`, `text3_0`, `text3_1`, `BroadcastTextID3`, `lang3`, `Probability3`, `em3_0`, `em3_1`, `em3_2`, `em3_3`, `em3_4`, `em3_5`, `text4_0`, `text4_1`, `BroadcastTextID4`, `lang4`, `Probability4`, `em4_0`, `em4_1`, `em4_2`, `em4_3`, `em4_4`, `em4_5`, `text5_0`, `text5_1`, `BroadcastTextID5`, `lang5`, `Probability5`, `em5_0`, `em5_1`, `em5_2`, `em5_3`, `em5_4`, `em5_5`, `text6_0`, `text6_1`, `BroadcastTextID6`, `lang6`, `Probability6`, `em6_0`, `em6_1`, `em6_2`, `em6_3`, `em6_4`, `em6_5`, `text7_0`, `text7_1`, `BroadcastTextID7`, `lang7`, `Probability7`, `em7_0`, `em7_1`, `em7_2`, `em7_3`, `em7_4`, `em7_5`) VALUES ('1872580', 'Imported from TC', 'The priests of our fair city can be found within the Sunfury Spire.  Seek out the lady Belestra.', 'The priests of our fair city can be found within the Sunfury Spire.  Seek out the lady Belestra.', '15247', '0', '1', '0', '0', '0', '0', '0', '0', '', '', NULL, '0', '0', '0', '0', '0', '0', '0', '0', '', '', NULL, '0', '0', '0', '0', '0', '0', '0', '0', '', '', NULL, '0', '0', '0', '0', '0', '0', '0', '0', '', '', NULL, '0', '0', '0', '0', '0', '0', '0', '0', '', '', NULL, '0', '0', '0', '0', '0', '0', '0', '0', '', '', NULL, '0', '0', '0', '0', '0', '0', '0', '0', '', '', NULL, '0', '0', '0', '0', '0', '0', '0', '0');
INSERT INTO gossip_menu (`MenuID`, `TextID`) VALUES ('57071', '1872580');
INSERT INTO points_of_interest (`ID`, `PositionX`, `PositionY`, `Icon`, `Flags`, `Importance`, `Name`, `VerifiedBuild`) VALUES ('365', '9936.98', '-7058.41', '6', '99', '0', 'Silvermoon City, Priest Trainer', '0');
INSERT INTO gossip_menu_option (`MenuID`, `OptionID`, `OptionIcon`, `OptionText`, `OptionBroadcastTextID`, `OptionType`, `OptionNpcFlag`, `ActionMenuID`, `ActionPoiID`, `BoxCoded`, `BoxMoney`, `BoxText`, `BoxBroadcastTextID`) VALUES ('7649', '4', '0', 'Priest', '45405', '1', '1', '57071', '365', '0', '0', '', NULL);
-- Importing menu 7653 as 57072
INSERT INTO gossip_text (`ID`, `comment`, `text0_0`, `text0_1`, `BroadcastTextID0`, `lang0`, `Probability0`, `em0_0`, `em0_1`, `em0_2`, `em0_3`, `em0_4`, `em0_5`, `text1_0`, `text1_1`, `BroadcastTextID1`, `lang1`, `Probability1`, `em1_0`, `em1_1`, `em1_2`, `em1_3`, `em1_4`, `em1_5`, `text2_0`, `text2_1`, `BroadcastTextID2`, `lang2`, `Probability2`, `em2_0`, `em2_1`, `em2_2`, `em2_3`, `em2_4`, `em2_5`, `text3_0`, `text3_1`, `BroadcastTextID3`, `lang3`, `Probability3`, `em3_0`, `em3_1`, `em3_2`, `em3_3`, `em3_4`, `em3_5`, `text4_0`, `text4_1`, `BroadcastTextID4`, `lang4`, `Probability4`, `em4_0`, `em4_1`, `em4_2`, `em4_3`, `em4_4`, `em4_5`, `text5_0`, `text5_1`, `BroadcastTextID5`, `lang5`, `Probability5`, `em5_0`, `em5_1`, `em5_2`, `em5_3`, `em5_4`, `em5_5`, `text6_0`, `text6_1`, `BroadcastTextID6`, `lang6`, `Probability6`, `em6_0`, `em6_1`, `em6_2`, `em6_3`, `em6_4`, `em6_5`, `text7_0`, `text7_1`, `BroadcastTextID7`, `lang7`, `Probability7`, `em7_0`, `em7_1`, `em7_2`, `em7_3`, `em7_4`, `em7_5`) VALUES ('1872581', 'Imported from TC', 'The more agile among us can sometimes be difficult to spot, but nonetheless, you\'ll probably run across the rogue Zelanis and his cohorts deep within Murder Row.', 'The more agile among us can sometimes be difficult to spot, but nonetheless, you\'ll probably run across the rogue Zelanis and his cohorts deep within Murder Row.', '15248', '0', '1', '0', '0', '0', '0', '0', '0', '', '', NULL, '0', '0', '0', '0', '0', '0', '0', '0', '', '', NULL, '0', '0', '0', '0', '0', '0', '0', '0', '', '', NULL, '0', '0', '0', '0', '0', '0', '0', '0', '', '', NULL, '0', '0', '0', '0', '0', '0', '0', '0', '', '', NULL, '0', '0', '0', '0', '0', '0', '0', '0', '', '', NULL, '0', '0', '0', '0', '0', '0', '0', '0', '', '', NULL, '0', '0', '0', '0', '0', '0', '0', '0');
INSERT INTO gossip_menu (`MenuID`, `TextID`) VALUES ('57072', '1872581');
INSERT INTO points_of_interest (`ID`, `PositionX`, `PositionY`, `Icon`, `Flags`, `Importance`, `Name`, `VerifiedBuild`) VALUES ('366', '9740.59', '-7370.85', '6', '99', '0', 'Silvermoon City, Rogue Trainer', '0');
INSERT INTO gossip_menu_option (`MenuID`, `OptionID`, `OptionIcon`, `OptionText`, `OptionBroadcastTextID`, `OptionType`, `OptionNpcFlag`, `ActionMenuID`, `ActionPoiID`, `BoxCoded`, `BoxMoney`, `BoxText`, `BoxBroadcastTextID`) VALUES ('7649', '5', '0', 'Rogue', '45406', '1', '1', '57072', '366', '0', '0', '', NULL);
-- Importing menu 7654 as 57073
INSERT INTO gossip_text (`ID`, `comment`, `text0_0`, `text0_1`, `BroadcastTextID0`, `lang0`, `Probability0`, `em0_0`, `em0_1`, `em0_2`, `em0_3`, `em0_4`, `em0_5`, `text1_0`, `text1_1`, `BroadcastTextID1`, `lang1`, `Probability1`, `em1_0`, `em1_1`, `em1_2`, `em1_3`, `em1_4`, `em1_5`, `text2_0`, `text2_1`, `BroadcastTextID2`, `lang2`, `Probability2`, `em2_0`, `em2_1`, `em2_2`, `em2_3`, `em2_4`, `em2_5`, `text3_0`, `text3_1`, `BroadcastTextID3`, `lang3`, `Probability3`, `em3_0`, `em3_1`, `em3_2`, `em3_3`, `em3_4`, `em3_5`, `text4_0`, `text4_1`, `BroadcastTextID4`, `lang4`, `Probability4`, `em4_0`, `em4_1`, `em4_2`, `em4_3`, `em4_4`, `em4_5`, `text5_0`, `text5_1`, `BroadcastTextID5`, `lang5`, `Probability5`, `em5_0`, `em5_1`, `em5_2`, `em5_3`, `em5_4`, `em5_5`, `text6_0`, `text6_1`, `BroadcastTextID6`, `lang6`, `Probability6`, `em6_0`, `em6_1`, `em6_2`, `em6_3`, `em6_4`, `em6_5`, `text7_0`, `text7_1`, `BroadcastTextID7`, `lang7`, `Probability7`, `em7_0`, `em7_1`, `em7_2`, `em7_3`, `em7_4`, `em7_5`) VALUES ('1872582', 'Imported from TC', 'The summoning of demons is a dangerous practice, but the resulting power can be immense. Our resident expert is Alamma, who watches over the warlocks within Murder Row.', 'The summoning of demons is a dangerous practice, but the resulting power can be immense. Our resident expert is Alamma, who watches over the warlocks within Murder Row.', '15249', '0', '1', '0', '0', '0', '0', '0', '0', '', '', NULL, '0', '0', '0', '0', '0', '0', '0', '0', '', '', NULL, '0', '0', '0', '0', '0', '0', '0', '0', '', '', NULL, '0', '0', '0', '0', '0', '0', '0', '0', '', '', NULL, '0', '0', '0', '0', '0', '0', '0', '0', '', '', NULL, '0', '0', '0', '0', '0', '0', '0', '0', '', '', NULL, '0', '0', '0', '0', '0', '0', '0', '0', '', '', NULL, '0', '0', '0', '0', '0', '0', '0', '0');
INSERT INTO gossip_menu (`MenuID`, `TextID`) VALUES ('57073', '1872582');
INSERT INTO points_of_interest (`ID`, `PositionX`, `PositionY`, `Icon`, `Flags`, `Importance`, `Name`, `VerifiedBuild`) VALUES ('367', '9801.76', '-7322.78', '6', '99', '0', 'Silvermoon City, Warlock Trainers', '0');
INSERT INTO gossip_menu_option (`MenuID`, `OptionID`, `OptionIcon`, `OptionText`, `OptionBroadcastTextID`, `OptionType`, `OptionNpcFlag`, `ActionMenuID`, `ActionPoiID`, `BoxCoded`, `BoxMoney`, `BoxText`, `BoxBroadcastTextID`) VALUES ('7649', '6', '0', 'Warlock', '45407', '1', '1', '57073', '367', '0', '0', '', NULL);
INSERT INTO gossip_menu_option (`MenuID`, `OptionID`, `OptionIcon`, `OptionText`, `OptionBroadcastTextID`, `OptionType`, `OptionNpcFlag`, `ActionMenuID`, `ActionPoiID`, `BoxCoded`, `BoxMoney`, `BoxText`, `BoxBroadcastTextID`) VALUES ('7633', '9', '0', 'Class Trainer', '45378', '1', '1', '7649', NULL, '0', '0', '', NULL);
-- Importing menu 7667 as 57074
INSERT INTO gossip_text (`ID`, `comment`, `text0_0`, `text0_1`, `BroadcastTextID0`, `lang0`, `Probability0`, `em0_0`, `em0_1`, `em0_2`, `em0_3`, `em0_4`, `em0_5`, `text1_0`, `text1_1`, `BroadcastTextID1`, `lang1`, `Probability1`, `em1_0`, `em1_1`, `em1_2`, `em1_3`, `em1_4`, `em1_5`, `text2_0`, `text2_1`, `BroadcastTextID2`, `lang2`, `Probability2`, `em2_0`, `em2_1`, `em2_2`, `em2_3`, `em2_4`, `em2_5`, `text3_0`, `text3_1`, `BroadcastTextID3`, `lang3`, `Probability3`, `em3_0`, `em3_1`, `em3_2`, `em3_3`, `em3_4`, `em3_5`, `text4_0`, `text4_1`, `BroadcastTextID4`, `lang4`, `Probability4`, `em4_0`, `em4_1`, `em4_2`, `em4_3`, `em4_4`, `em4_5`, `text5_0`, `text5_1`, `BroadcastTextID5`, `lang5`, `Probability5`, `em5_0`, `em5_1`, `em5_2`, `em5_3`, `em5_4`, `em5_5`, `text6_0`, `text6_1`, `BroadcastTextID6`, `lang6`, `Probability6`, `em6_0`, `em6_1`, `em6_2`, `em6_3`, `em6_4`, `em6_5`, `text7_0`, `text7_1`, `BroadcastTextID7`, `lang7`, `Probability7`, `em7_0`, `em7_1`, `em7_2`, `em7_3`, `em7_4`, `em7_5`) VALUES ('1872583', 'Imported from TC', 'Which profession do you seek to learn?', 'Which profession do you seek to learn?', '15251', '0', '1', '0', '0', '0', '0', '0', '0', '', '', NULL, '0', '0', '0', '0', '0', '0', '0', '0', '', '', NULL, '0', '0', '0', '0', '0', '0', '0', '0', '', '', NULL, '0', '0', '0', '0', '0', '0', '0', '0', '', '', NULL, '0', '0', '0', '0', '0', '0', '0', '0', '', '', NULL, '0', '0', '0', '0', '0', '0', '0', '0', '', '', NULL, '0', '0', '0', '0', '0', '0', '0', '0', '', '', NULL, '0', '0', '0', '0', '0', '0', '0', '0');
INSERT INTO gossip_menu (`MenuID`, `TextID`) VALUES ('57074', '1872583');
INSERT INTO gossip_text (`ID`, `comment`, `text0_0`, `text0_1`, `BroadcastTextID0`, `lang0`, `Probability0`, `em0_0`, `em0_1`, `em0_2`, `em0_3`, `em0_4`, `em0_5`, `text1_0`, `text1_1`, `BroadcastTextID1`, `lang1`, `Probability1`, `em1_0`, `em1_1`, `em1_2`, `em1_3`, `em1_4`, `em1_5`, `text2_0`, `text2_1`, `BroadcastTextID2`, `lang2`, `Probability2`, `em2_0`, `em2_1`, `em2_2`, `em2_3`, `em2_4`, `em2_5`, `text3_0`, `text3_1`, `BroadcastTextID3`, `lang3`, `Probability3`, `em3_0`, `em3_1`, `em3_2`, `em3_3`, `em3_4`, `em3_5`, `text4_0`, `text4_1`, `BroadcastTextID4`, `lang4`, `Probability4`, `em4_0`, `em4_1`, `em4_2`, `em4_3`, `em4_4`, `em4_5`, `text5_0`, `text5_1`, `BroadcastTextID5`, `lang5`, `Probability5`, `em5_0`, `em5_1`, `em5_2`, `em5_3`, `em5_4`, `em5_5`, `text6_0`, `text6_1`, `BroadcastTextID6`, `lang6`, `Probability6`, `em6_0`, `em6_1`, `em6_2`, `em6_3`, `em6_4`, `em6_5`, `text7_0`, `text7_1`, `BroadcastTextID7`, `lang7`, `Probability7`, `em7_0`, `em7_1`, `em7_2`, `em7_3`, `em7_4`, `em7_5`) VALUES ('1872584', 'Imported from TC', 'The alchemists are located in the Court of the Sun; you\'ll find Camberon eager to teach you anything you might want to know about the art of brewing potions.', 'The alchemists are located in the Court of the Sun; you\'ll find Camberon eager to teach you anything you might want to know about the art of brewing potions.', '15254', '0', '1', '0', '0', '0', '0', '0', '0', '', '', NULL, '0', '0', '0', '0', '0', '0', '0', '0', '', '', NULL, '0', '0', '0', '0', '0', '0', '0', '0', '', '', NULL, '0', '0', '0', '0', '0', '0', '0', '0', '', '', NULL, '0', '0', '0', '0', '0', '0', '0', '0', '', '', NULL, '0', '0', '0', '0', '0', '0', '0', '0', '', '', NULL, '0', '0', '0', '0', '0', '0', '0', '0', '', '', NULL, '0', '0', '0', '0', '0', '0', '0', '0');
INSERT INTO gossip_menu (`MenuID`, `TextID`) VALUES ('7655', '1872584');
INSERT INTO points_of_interest (`ID`, `PositionX`, `PositionY`, `Icon`, `Flags`, `Importance`, `Name`, `VerifiedBuild`) VALUES ('368', '10007.6', '-7213.23', '6', '99', '0', 'Silvermoon City, Alchemy', '0');
INSERT INTO gossip_menu_option (`MenuID`, `OptionID`, `OptionIcon`, `OptionText`, `OptionBroadcastTextID`, `OptionType`, `OptionNpcFlag`, `ActionMenuID`, `ActionPoiID`, `BoxCoded`, `BoxMoney`, `BoxText`, `BoxBroadcastTextID`) VALUES ('57074', '0', '0', 'Alchemy', '52058', '1', '1', '7655', '368', '0', '0', '', NULL);
INSERT INTO gossip_text (`ID`, `comment`, `text0_0`, `text0_1`, `BroadcastTextID0`, `lang0`, `Probability0`, `em0_0`, `em0_1`, `em0_2`, `em0_3`, `em0_4`, `em0_5`, `text1_0`, `text1_1`, `BroadcastTextID1`, `lang1`, `Probability1`, `em1_0`, `em1_1`, `em1_2`, `em1_3`, `em1_4`, `em1_5`, `text2_0`, `text2_1`, `BroadcastTextID2`, `lang2`, `Probability2`, `em2_0`, `em2_1`, `em2_2`, `em2_3`, `em2_4`, `em2_5`, `text3_0`, `text3_1`, `BroadcastTextID3`, `lang3`, `Probability3`, `em3_0`, `em3_1`, `em3_2`, `em3_3`, `em3_4`, `em3_5`, `text4_0`, `text4_1`, `BroadcastTextID4`, `lang4`, `Probability4`, `em4_0`, `em4_1`, `em4_2`, `em4_3`, `em4_4`, `em4_5`, `text5_0`, `text5_1`, `BroadcastTextID5`, `lang5`, `Probability5`, `em5_0`, `em5_1`, `em5_2`, `em5_3`, `em5_4`, `em5_5`, `text6_0`, `text6_1`, `BroadcastTextID6`, `lang6`, `Probability6`, `em6_0`, `em6_1`, `em6_2`, `em6_3`, `em6_4`, `em6_5`, `text7_0`, `text7_1`, `BroadcastTextID7`, `lang7`, `Probability7`, `em7_0`, `em7_1`, `em7_2`, `em7_3`, `em7_4`, `em7_5`) VALUES ('1872585', 'Imported from TC', 'Bemarrin teaches the trade of blacksmithing in Farstriders\' Square. While a somewhat... dirty trade, I suppose it has its merits.', 'Bemarrin teaches the trade of blacksmithing in Farstriders\' Square. While a somewhat... dirty trade, I suppose it has its merits.', '15256', '0', '1', '0', '0', '0', '0', '0', '0', '', '', NULL, '0', '0', '0', '0', '0', '0', '0', '0', '', '', NULL, '0', '0', '0', '0', '0', '0', '0', '0', '', '', NULL, '0', '0', '0', '0', '0', '0', '0', '0', '', '', NULL, '0', '0', '0', '0', '0', '0', '0', '0', '', '', NULL, '0', '0', '0', '0', '0', '0', '0', '0', '', '', NULL, '0', '0', '0', '0', '0', '0', '0', '0', '', '', NULL, '0', '0', '0', '0', '0', '0', '0', '0');
INSERT INTO gossip_menu (`MenuID`, `TextID`) VALUES ('7656', '1872585');
INSERT INTO points_of_interest (`ID`, `PositionX`, `PositionY`, `Icon`, `Flags`, `Importance`, `Name`, `VerifiedBuild`) VALUES ('369', '9841.22', '-7367.58', '6', '99', '0', 'Silvermoon City, Blacksmithing', '0');
INSERT INTO gossip_menu_option (`MenuID`, `OptionID`, `OptionIcon`, `OptionText`, `OptionBroadcastTextID`, `OptionType`, `OptionNpcFlag`, `ActionMenuID`, `ActionPoiID`, `BoxCoded`, `BoxMoney`, `BoxText`, `BoxBroadcastTextID`) VALUES ('57074', '1', '0', 'Blacksmithing', '51346', '1', '1', '7656', '369', '0', '0', '', NULL);
INSERT INTO gossip_text (`ID`, `comment`, `text0_0`, `text0_1`, `BroadcastTextID0`, `lang0`, `Probability0`, `em0_0`, `em0_1`, `em0_2`, `em0_3`, `em0_4`, `em0_5`, `text1_0`, `text1_1`, `BroadcastTextID1`, `lang1`, `Probability1`, `em1_0`, `em1_1`, `em1_2`, `em1_3`, `em1_4`, `em1_5`, `text2_0`, `text2_1`, `BroadcastTextID2`, `lang2`, `Probability2`, `em2_0`, `em2_1`, `em2_2`, `em2_3`, `em2_4`, `em2_5`, `text3_0`, `text3_1`, `BroadcastTextID3`, `lang3`, `Probability3`, `em3_0`, `em3_1`, `em3_2`, `em3_3`, `em3_4`, `em3_5`, `text4_0`, `text4_1`, `BroadcastTextID4`, `lang4`, `Probability4`, `em4_0`, `em4_1`, `em4_2`, `em4_3`, `em4_4`, `em4_5`, `text5_0`, `text5_1`, `BroadcastTextID5`, `lang5`, `Probability5`, `em5_0`, `em5_1`, `em5_2`, `em5_3`, `em5_4`, `em5_5`, `text6_0`, `text6_1`, `BroadcastTextID6`, `lang6`, `Probability6`, `em6_0`, `em6_1`, `em6_2`, `em6_3`, `em6_4`, `em6_5`, `text7_0`, `text7_1`, `BroadcastTextID7`, `lang7`, `Probability7`, `em7_0`, `em7_1`, `em7_2`, `em7_3`, `em7_4`, `em7_5`) VALUES ('1872586', 'Imported from TC', 'Sylann, one of the finest cooks in the city, can be found upstairs in the Wayfarer\'s Rest tavern. You can purchase cooking supplies from her assistant there, too.', 'Sylann, one of the finest cooks in the city, can be found upstairs in the Wayfarer\'s Rest tavern. You can purchase cooking supplies from her assistant there, too.', '16028', '0', '1', '0', '0', '0', '0', '0', '0', '', '', NULL, '0', '0', '0', '0', '0', '0', '0', '0', '', '', NULL, '0', '0', '0', '0', '0', '0', '0', '0', '', '', NULL, '0', '0', '0', '0', '0', '0', '0', '0', '', '', NULL, '0', '0', '0', '0', '0', '0', '0', '0', '', '', NULL, '0', '0', '0', '0', '0', '0', '0', '0', '', '', NULL, '0', '0', '0', '0', '0', '0', '0', '0', '', '', NULL, '0', '0', '0', '0', '0', '0', '0', '0');
INSERT INTO gossip_menu (`MenuID`, `TextID`) VALUES ('7860', '1872586');
INSERT INTO points_of_interest (`ID`, `PositionX`, `PositionY`, `Icon`, `Flags`, `Importance`, `Name`, `VerifiedBuild`) VALUES ('370', '9577.93', '-7240.72', '6', '99', '0', 'Silvermoon City, Cooking', '0');
INSERT INTO gossip_menu_option (`MenuID`, `OptionID`, `OptionIcon`, `OptionText`, `OptionBroadcastTextID`, `OptionType`, `OptionNpcFlag`, `ActionMenuID`, `ActionPoiID`, `BoxCoded`, `BoxMoney`, `BoxText`, `BoxBroadcastTextID`) VALUES ('57074', '2', '0', 'Cooking', '45763', '1', '1', '7860', '370', '0', '0', '', NULL);
INSERT INTO gossip_text (`ID`, `comment`, `text0_0`, `text0_1`, `BroadcastTextID0`, `lang0`, `Probability0`, `em0_0`, `em0_1`, `em0_2`, `em0_3`, `em0_4`, `em0_5`, `text1_0`, `text1_1`, `BroadcastTextID1`, `lang1`, `Probability1`, `em1_0`, `em1_1`, `em1_2`, `em1_3`, `em1_4`, `em1_5`, `text2_0`, `text2_1`, `BroadcastTextID2`, `lang2`, `Probability2`, `em2_0`, `em2_1`, `em2_2`, `em2_3`, `em2_4`, `em2_5`, `text3_0`, `text3_1`, `BroadcastTextID3`, `lang3`, `Probability3`, `em3_0`, `em3_1`, `em3_2`, `em3_3`, `em3_4`, `em3_5`, `text4_0`, `text4_1`, `BroadcastTextID4`, `lang4`, `Probability4`, `em4_0`, `em4_1`, `em4_2`, `em4_3`, `em4_4`, `em4_5`, `text5_0`, `text5_1`, `BroadcastTextID5`, `lang5`, `Probability5`, `em5_0`, `em5_1`, `em5_2`, `em5_3`, `em5_4`, `em5_5`, `text6_0`, `text6_1`, `BroadcastTextID6`, `lang6`, `Probability6`, `em6_0`, `em6_1`, `em6_2`, `em6_3`, `em6_4`, `em6_5`, `text7_0`, `text7_1`, `BroadcastTextID7`, `lang7`, `Probability7`, `em7_0`, `em7_1`, `em7_2`, `em7_3`, `em7_4`, `em7_5`) VALUES ('1872587', 'Imported from TC', 'The enchanter Sedana is currently accepting apprentices, I believe. You\'ll find her in one of the alcoves within the Court of the Sun.', 'The enchanter Sedana is currently accepting apprentices, I believe. You\'ll find her in one of the alcoves within the Court of the Sun.', '15258', '0', '1', '0', '0', '0', '0', '0', '0', '', '', NULL, '0', '0', '0', '0', '0', '0', '0', '0', '', '', NULL, '0', '0', '0', '0', '0', '0', '0', '0', '', '', NULL, '0', '0', '0', '0', '0', '0', '0', '0', '', '', NULL, '0', '0', '0', '0', '0', '0', '0', '0', '', '', NULL, '0', '0', '0', '0', '0', '0', '0', '0', '', '', NULL, '0', '0', '0', '0', '0', '0', '0', '0', '', '', NULL, '0', '0', '0', '0', '0', '0', '0', '0');
INSERT INTO gossip_menu (`MenuID`, `TextID`) VALUES ('7657', '1872587');
INSERT INTO points_of_interest (`ID`, `PositionX`, `PositionY`, `Icon`, `Flags`, `Importance`, `Name`, `VerifiedBuild`) VALUES ('371', '9956.17', '-7244.75', '6', '99', '0', 'Silvermoon City, Enchanting', '0');
INSERT INTO gossip_menu_option (`MenuID`, `OptionID`, `OptionIcon`, `OptionText`, `OptionBroadcastTextID`, `OptionType`, `OptionNpcFlag`, `ActionMenuID`, `ActionPoiID`, `BoxCoded`, `BoxMoney`, `BoxText`, `BoxBroadcastTextID`) VALUES ('57074', '3', '0', 'Enchanting', '52063', '1', '1', '7657', '371', '0', '0', '', NULL);
INSERT INTO gossip_text (`ID`, `comment`, `text0_0`, `text0_1`, `BroadcastTextID0`, `lang0`, `Probability0`, `em0_0`, `em0_1`, `em0_2`, `em0_3`, `em0_4`, `em0_5`, `text1_0`, `text1_1`, `BroadcastTextID1`, `lang1`, `Probability1`, `em1_0`, `em1_1`, `em1_2`, `em1_3`, `em1_4`, `em1_5`, `text2_0`, `text2_1`, `BroadcastTextID2`, `lang2`, `Probability2`, `em2_0`, `em2_1`, `em2_2`, `em2_3`, `em2_4`, `em2_5`, `text3_0`, `text3_1`, `BroadcastTextID3`, `lang3`, `Probability3`, `em3_0`, `em3_1`, `em3_2`, `em3_3`, `em3_4`, `em3_5`, `text4_0`, `text4_1`, `BroadcastTextID4`, `lang4`, `Probability4`, `em4_0`, `em4_1`, `em4_2`, `em4_3`, `em4_4`, `em4_5`, `text5_0`, `text5_1`, `BroadcastTextID5`, `lang5`, `Probability5`, `em5_0`, `em5_1`, `em5_2`, `em5_3`, `em5_4`, `em5_5`, `text6_0`, `text6_1`, `BroadcastTextID6`, `lang6`, `Probability6`, `em6_0`, `em6_1`, `em6_2`, `em6_3`, `em6_4`, `em6_5`, `text7_0`, `text7_1`, `BroadcastTextID7`, `lang7`, `Probability7`, `em7_0`, `em7_1`, `em7_2`, `em7_3`, `em7_4`, `em7_5`) VALUES ('1872588', 'Imported from TC', 'An old choice... but I suppose I\'m not one to judge. Danwe is the one you\'re after; his engineering stand lies near the Court of the Sun, on the path to Farstriders\' Square.', 'An old choice... but I suppose I\'m not one to judge. Danwe is the one you\'re after; his engineering stand lies near the Court of the Sun, on the path to Farstriders\' Square.', '15260', '0', '1', '0', '0', '0', '0', '0', '0', '', '', NULL, '0', '0', '0', '0', '0', '0', '0', '0', '', '', NULL, '0', '0', '0', '0', '0', '0', '0', '0', '', '', NULL, '0', '0', '0', '0', '0', '0', '0', '0', '', '', NULL, '0', '0', '0', '0', '0', '0', '0', '0', '', '', NULL, '0', '0', '0', '0', '0', '0', '0', '0', '', '', NULL, '0', '0', '0', '0', '0', '0', '0', '0', '', '', NULL, '0', '0', '0', '0', '0', '0', '0', '0');
INSERT INTO gossip_menu (`MenuID`, `TextID`) VALUES ('7658', '1872588');
INSERT INTO points_of_interest (`ID`, `PositionX`, `PositionY`, `Icon`, `Flags`, `Importance`, `Name`, `VerifiedBuild`) VALUES ('372', '9826.92', '-7323.3', '6', '99', '0', 'Silvermoon City, Engineering', '0');
INSERT INTO gossip_menu_option (`MenuID`, `OptionID`, `OptionIcon`, `OptionText`, `OptionBroadcastTextID`, `OptionType`, `OptionNpcFlag`, `ActionMenuID`, `ActionPoiID`, `BoxCoded`, `BoxMoney`, `BoxText`, `BoxBroadcastTextID`) VALUES ('57074', '4', '0', 'Engineering', '51347', '1', '1', '7658', '372', '0', '0', '', NULL);
-- Importing menu 7659 as 57075
INSERT INTO gossip_text (`ID`, `comment`, `text0_0`, `text0_1`, `BroadcastTextID0`, `lang0`, `Probability0`, `em0_0`, `em0_1`, `em0_2`, `em0_3`, `em0_4`, `em0_5`, `text1_0`, `text1_1`, `BroadcastTextID1`, `lang1`, `Probability1`, `em1_0`, `em1_1`, `em1_2`, `em1_3`, `em1_4`, `em1_5`, `text2_0`, `text2_1`, `BroadcastTextID2`, `lang2`, `Probability2`, `em2_0`, `em2_1`, `em2_2`, `em2_3`, `em2_4`, `em2_5`, `text3_0`, `text3_1`, `BroadcastTextID3`, `lang3`, `Probability3`, `em3_0`, `em3_1`, `em3_2`, `em3_3`, `em3_4`, `em3_5`, `text4_0`, `text4_1`, `BroadcastTextID4`, `lang4`, `Probability4`, `em4_0`, `em4_1`, `em4_2`, `em4_3`, `em4_4`, `em4_5`, `text5_0`, `text5_1`, `BroadcastTextID5`, `lang5`, `Probability5`, `em5_0`, `em5_1`, `em5_2`, `em5_3`, `em5_4`, `em5_5`, `text6_0`, `text6_1`, `BroadcastTextID6`, `lang6`, `Probability6`, `em6_0`, `em6_1`, `em6_2`, `em6_3`, `em6_4`, `em6_5`, `text7_0`, `text7_1`, `BroadcastTextID7`, `lang7`, `Probability7`, `em7_0`, `em7_1`, `em7_2`, `em7_3`, `em7_4`, `em7_5`) VALUES ('1872589', 'Imported from TC', 'Alestus is a master at the... messier way of mending wounds.  If learning first aid is your aim, seek him out on the Walk of Elders, near the entrance to the Royal Exchange.', 'Alestus is a master at the... messier way of mending wounds.  If learning first aid is your aim, seek him out on the Walk of Elders, near the entrance to the Royal Exchange.', '15262', '0', '1', '0', '0', '0', '0', '0', '0', '', '', NULL, '0', '0', '0', '0', '0', '0', '0', '0', '', '', NULL, '0', '0', '0', '0', '0', '0', '0', '0', '', '', NULL, '0', '0', '0', '0', '0', '0', '0', '0', '', '', NULL, '0', '0', '0', '0', '0', '0', '0', '0', '', '', NULL, '0', '0', '0', '0', '0', '0', '0', '0', '', '', NULL, '0', '0', '0', '0', '0', '0', '0', '0', '', '', NULL, '0', '0', '0', '0', '0', '0', '0', '0');
INSERT INTO gossip_menu (`MenuID`, `TextID`) VALUES ('57075', '1872589');
INSERT INTO points_of_interest (`ID`, `PositionX`, `PositionY`, `Icon`, `Flags`, `Importance`, `Name`, `VerifiedBuild`) VALUES ('373', '9592.15', '-7343.07', '6', '99', '0', 'Silvermoon City, First Aid', '0');
INSERT INTO gossip_menu_option (`MenuID`, `OptionID`, `OptionIcon`, `OptionText`, `OptionBroadcastTextID`, `OptionType`, `OptionNpcFlag`, `ActionMenuID`, `ActionPoiID`, `BoxCoded`, `BoxMoney`, `BoxText`, `BoxBroadcastTextID`) VALUES ('57074', '5', '0', 'First Aid', '52066', '1', '1', '57075', '373', '0', '0', '', NULL);
INSERT INTO gossip_text (`ID`, `comment`, `text0_0`, `text0_1`, `BroadcastTextID0`, `lang0`, `Probability0`, `em0_0`, `em0_1`, `em0_2`, `em0_3`, `em0_4`, `em0_5`, `text1_0`, `text1_1`, `BroadcastTextID1`, `lang1`, `Probability1`, `em1_0`, `em1_1`, `em1_2`, `em1_3`, `em1_4`, `em1_5`, `text2_0`, `text2_1`, `BroadcastTextID2`, `lang2`, `Probability2`, `em2_0`, `em2_1`, `em2_2`, `em2_3`, `em2_4`, `em2_5`, `text3_0`, `text3_1`, `BroadcastTextID3`, `lang3`, `Probability3`, `em3_0`, `em3_1`, `em3_2`, `em3_3`, `em3_4`, `em3_5`, `text4_0`, `text4_1`, `BroadcastTextID4`, `lang4`, `Probability4`, `em4_0`, `em4_1`, `em4_2`, `em4_3`, `em4_4`, `em4_5`, `text5_0`, `text5_1`, `BroadcastTextID5`, `lang5`, `Probability5`, `em5_0`, `em5_1`, `em5_2`, `em5_3`, `em5_4`, `em5_5`, `text6_0`, `text6_1`, `BroadcastTextID6`, `lang6`, `Probability6`, `em6_0`, `em6_1`, `em6_2`, `em6_3`, `em6_4`, `em6_5`, `text7_0`, `text7_1`, `BroadcastTextID7`, `lang7`, `Probability7`, `em7_0`, `em7_1`, `em7_2`, `em7_3`, `em7_4`, `em7_5`) VALUES ('1872590', 'Imported from TC', 'The waters of Quel\'thalas are teeming with fish; I take it they caught your eye? Drathen is quite experienced with the tricks of the fishing trade, and can be found on the Walk of Elders near the Royal Exchange.', 'The waters of Quel\'thalas are teeming with fish; I take it they caught your eye? Drathen is quite experienced with the tricks of the fishing trade, and can be found on the Walk of Elders near the Royal Exchange.', '15264', '0', '1', '0', '0', '0', '0', '0', '0', '', '', NULL, '0', '0', '0', '0', '0', '0', '0', '0', '', '', NULL, '0', '0', '0', '0', '0', '0', '0', '0', '', '', NULL, '0', '0', '0', '0', '0', '0', '0', '0', '', '', NULL, '0', '0', '0', '0', '0', '0', '0', '0', '', '', NULL, '0', '0', '0', '0', '0', '0', '0', '0', '', '', NULL, '0', '0', '0', '0', '0', '0', '0', '0', '', '', NULL, '0', '0', '0', '0', '0', '0', '0', '0');
INSERT INTO gossip_menu (`MenuID`, `TextID`) VALUES ('7660', '1872590');
INSERT INTO points_of_interest (`ID`, `PositionX`, `PositionY`, `Icon`, `Flags`, `Importance`, `Name`, `VerifiedBuild`) VALUES ('374', '9605', '-7328.44', '6', '99', '0', 'Silvermoon City, Fishing', '0');
INSERT INTO gossip_menu_option (`MenuID`, `OptionID`, `OptionIcon`, `OptionText`, `OptionBroadcastTextID`, `OptionType`, `OptionNpcFlag`, `ActionMenuID`, `ActionPoiID`, `BoxCoded`, `BoxMoney`, `BoxText`, `BoxBroadcastTextID`) VALUES ('57074', '6', '0', 'Fishing', '45767', '1', '1', '7660', '374', '0', '0', '', NULL);
-- Importing menu 7661 as 57076
INSERT INTO gossip_text (`ID`, `comment`, `text0_0`, `text0_1`, `BroadcastTextID0`, `lang0`, `Probability0`, `em0_0`, `em0_1`, `em0_2`, `em0_3`, `em0_4`, `em0_5`, `text1_0`, `text1_1`, `BroadcastTextID1`, `lang1`, `Probability1`, `em1_0`, `em1_1`, `em1_2`, `em1_3`, `em1_4`, `em1_5`, `text2_0`, `text2_1`, `BroadcastTextID2`, `lang2`, `Probability2`, `em2_0`, `em2_1`, `em2_2`, `em2_3`, `em2_4`, `em2_5`, `text3_0`, `text3_1`, `BroadcastTextID3`, `lang3`, `Probability3`, `em3_0`, `em3_1`, `em3_2`, `em3_3`, `em3_4`, `em3_5`, `text4_0`, `text4_1`, `BroadcastTextID4`, `lang4`, `Probability4`, `em4_0`, `em4_1`, `em4_2`, `em4_3`, `em4_4`, `em4_5`, `text5_0`, `text5_1`, `BroadcastTextID5`, `lang5`, `Probability5`, `em5_0`, `em5_1`, `em5_2`, `em5_3`, `em5_4`, `em5_5`, `text6_0`, `text6_1`, `BroadcastTextID6`, `lang6`, `Probability6`, `em6_0`, `em6_1`, `em6_2`, `em6_3`, `em6_4`, `em6_5`, `text7_0`, `text7_1`, `BroadcastTextID7`, `lang7`, `Probability7`, `em7_0`, `em7_1`, `em7_2`, `em7_3`, `em7_4`, `em7_5`) VALUES ('1872591', 'Imported from TC', 'Botanist Nathera has a keen eye for finding herbs, and I imagine she might impart her wisdom to the likes of you. You\'ll find her with the alchemists in an alcove of the Court of the Sun.', 'Botanist Nathera has a keen eye for finding herbs, and I imagine she might impart her wisdom to the likes of you. You\'ll find her with the alchemists in an alcove of the Court of the Sun.', '15266', '0', '1', '0', '0', '0', '0', '0', '0', '', '', NULL, '0', '0', '0', '0', '0', '0', '0', '0', '', '', NULL, '0', '0', '0', '0', '0', '0', '0', '0', '', '', NULL, '0', '0', '0', '0', '0', '0', '0', '0', '', '', NULL, '0', '0', '0', '0', '0', '0', '0', '0', '', '', NULL, '0', '0', '0', '0', '0', '0', '0', '0', '', '', NULL, '0', '0', '0', '0', '0', '0', '0', '0', '', '', NULL, '0', '0', '0', '0', '0', '0', '0', '0');
INSERT INTO gossip_menu (`MenuID`, `TextID`) VALUES ('57076', '1872591');
INSERT INTO points_of_interest (`ID`, `PositionX`, `PositionY`, `Icon`, `Flags`, `Importance`, `Name`, `VerifiedBuild`) VALUES ('375', '10000.4', '-7209.03', '6', '99', '0', 'Silvermoon City, Herbalism', '0');
INSERT INTO gossip_menu_option (`MenuID`, `OptionID`, `OptionIcon`, `OptionText`, `OptionBroadcastTextID`, `OptionType`, `OptionNpcFlag`, `ActionMenuID`, `ActionPoiID`, `BoxCoded`, `BoxMoney`, `BoxText`, `BoxBroadcastTextID`) VALUES ('57074', '7', '0', 'Herbalism', '45768', '1', '1', '57076', '375', '0', '0', '', NULL);
-- Importing menu 10022 as 57077
INSERT INTO gossip_text (`ID`, `comment`, `text0_0`, `text0_1`, `BroadcastTextID0`, `lang0`, `Probability0`, `em0_0`, `em0_1`, `em0_2`, `em0_3`, `em0_4`, `em0_5`, `text1_0`, `text1_1`, `BroadcastTextID1`, `lang1`, `Probability1`, `em1_0`, `em1_1`, `em1_2`, `em1_3`, `em1_4`, `em1_5`, `text2_0`, `text2_1`, `BroadcastTextID2`, `lang2`, `Probability2`, `em2_0`, `em2_1`, `em2_2`, `em2_3`, `em2_4`, `em2_5`, `text3_0`, `text3_1`, `BroadcastTextID3`, `lang3`, `Probability3`, `em3_0`, `em3_1`, `em3_2`, `em3_3`, `em3_4`, `em3_5`, `text4_0`, `text4_1`, `BroadcastTextID4`, `lang4`, `Probability4`, `em4_0`, `em4_1`, `em4_2`, `em4_3`, `em4_4`, `em4_5`, `text5_0`, `text5_1`, `BroadcastTextID5`, `lang5`, `Probability5`, `em5_0`, `em5_1`, `em5_2`, `em5_3`, `em5_4`, `em5_5`, `text6_0`, `text6_1`, `BroadcastTextID6`, `lang6`, `Probability6`, `em6_0`, `em6_1`, `em6_2`, `em6_3`, `em6_4`, `em6_5`, `text7_0`, `text7_1`, `BroadcastTextID7`, `lang7`, `Probability7`, `em7_0`, `em7_1`, `em7_2`, `em7_3`, `em7_4`, `em7_5`) VALUES ('13893', 'Imported from TC', 'You can find the scribe, Zantasia in the Court of the Sun.', 'You can find the scribe, Zantasia in the Court of the Sun.', '31566', '0', '1', '0', '5', '0', '1', '0', '0', '', '', NULL, '0', '0', '0', '0', '0', '0', '0', '0', '', '', NULL, '0', '0', '0', '0', '0', '0', '0', '0', '', '', NULL, '0', '0', '0', '0', '0', '0', '0', '0', '', '', NULL, '0', '0', '0', '0', '0', '0', '0', '0', '', '', NULL, '0', '0', '0', '0', '0', '0', '0', '0', '', '', NULL, '0', '0', '0', '0', '0', '0', '0', '0', '', '', NULL, '0', '0', '0', '0', '0', '0', '0', '0');
INSERT INTO gossip_menu (`MenuID`, `TextID`) VALUES ('57077', '13893');
INSERT INTO points_of_interest (`ID`, `PositionX`, `PositionY`, `Icon`, `Flags`, `Importance`, `Name`, `VerifiedBuild`) VALUES ('376', '9956.29', '-7238.35', '6', '99', '0', 'Silvermoon City Inscription', '0');
INSERT INTO gossip_menu_option (`MenuID`, `OptionID`, `OptionIcon`, `OptionText`, `OptionBroadcastTextID`, `OptionType`, `OptionNpcFlag`, `ActionMenuID`, `ActionPoiID`, `BoxCoded`, `BoxMoney`, `BoxText`, `BoxBroadcastTextID`, `patch_min`) VALUES ('57074', '8', '0', 'Inscription', '48811', '1', '1', '57077', '376', '0', '0', '', NULL, '5');
-- Importing menu 7662 as 57078
-- Text 9346 already present in Sun DB
INSERT INTO gossip_menu (`MenuID`, `TextID`) VALUES ('57078', '9346');
INSERT INTO points_of_interest (`ID`, `PositionX`, `PositionY`, `Icon`, `Flags`, `Importance`, `Name`, `VerifiedBuild`) VALUES ('377', '9553.46', '-7501.89', '6', '99', '0', 'Silvermoon City, Jewelcrafting', '0');
INSERT INTO gossip_menu_option (`MenuID`, `OptionID`, `OptionIcon`, `OptionText`, `OptionBroadcastTextID`, `OptionType`, `OptionNpcFlag`, `ActionMenuID`, `ActionPoiID`, `BoxCoded`, `BoxMoney`, `BoxText`, `BoxBroadcastTextID`) VALUES ('57074', '9', '0', 'Jewelcrafting', '45758', '1', '1', '57078', '377', '0', '0', '', NULL);
INSERT INTO gossip_text (`ID`, `comment`, `text0_0`, `text0_1`, `BroadcastTextID0`, `lang0`, `Probability0`, `em0_0`, `em0_1`, `em0_2`, `em0_3`, `em0_4`, `em0_5`, `text1_0`, `text1_1`, `BroadcastTextID1`, `lang1`, `Probability1`, `em1_0`, `em1_1`, `em1_2`, `em1_3`, `em1_4`, `em1_5`, `text2_0`, `text2_1`, `BroadcastTextID2`, `lang2`, `Probability2`, `em2_0`, `em2_1`, `em2_2`, `em2_3`, `em2_4`, `em2_5`, `text3_0`, `text3_1`, `BroadcastTextID3`, `lang3`, `Probability3`, `em3_0`, `em3_1`, `em3_2`, `em3_3`, `em3_4`, `em3_5`, `text4_0`, `text4_1`, `BroadcastTextID4`, `lang4`, `Probability4`, `em4_0`, `em4_1`, `em4_2`, `em4_3`, `em4_4`, `em4_5`, `text5_0`, `text5_1`, `BroadcastTextID5`, `lang5`, `Probability5`, `em5_0`, `em5_1`, `em5_2`, `em5_3`, `em5_4`, `em5_5`, `text6_0`, `text6_1`, `BroadcastTextID6`, `lang6`, `Probability6`, `em6_0`, `em6_1`, `em6_2`, `em6_3`, `em6_4`, `em6_5`, `text7_0`, `text7_1`, `BroadcastTextID7`, `lang7`, `Probability7`, `em7_0`, `em7_1`, `em7_2`, `em7_3`, `em7_4`, `em7_5`) VALUES ('1872592', 'Imported from TC', 'Along the southeast end of the Walk of Elders, Lynalis has set up a fine leatherworking stand. She\'ll train you... for a fee.', 'Along the southeast end of the Walk of Elders, Lynalis has set up a fine leatherworking stand. She\'ll train you... for a fee.', '15270', '0', '1', '0', '0', '0', '0', '0', '0', '', '', NULL, '0', '0', '0', '0', '0', '0', '0', '0', '', '', NULL, '0', '0', '0', '0', '0', '0', '0', '0', '', '', NULL, '0', '0', '0', '0', '0', '0', '0', '0', '', '', NULL, '0', '0', '0', '0', '0', '0', '0', '0', '', '', NULL, '0', '0', '0', '0', '0', '0', '0', '0', '', '', NULL, '0', '0', '0', '0', '0', '0', '0', '0', '', '', NULL, '0', '0', '0', '0', '0', '0', '0', '0');
INSERT INTO gossip_menu (`MenuID`, `TextID`) VALUES ('7663', '1872592');
INSERT INTO points_of_interest (`ID`, `PositionX`, `PositionY`, `Icon`, `Flags`, `Importance`, `Name`, `VerifiedBuild`) VALUES ('378', '9489.78', '-7430.7', '6', '99', '0', 'Silvermoon City, Leatherworking', '0');
INSERT INTO gossip_menu_option (`MenuID`, `OptionID`, `OptionIcon`, `OptionText`, `OptionBroadcastTextID`, `OptionType`, `OptionNpcFlag`, `ActionMenuID`, `ActionPoiID`, `BoxCoded`, `BoxMoney`, `BoxText`, `BoxBroadcastTextID`) VALUES ('57074', '10', '0', 'Leatherworking', '52071', '1', '1', '7663', '378', '0', '0', '', NULL);
INSERT INTO gossip_text (`ID`, `comment`, `text0_0`, `text0_1`, `BroadcastTextID0`, `lang0`, `Probability0`, `em0_0`, `em0_1`, `em0_2`, `em0_3`, `em0_4`, `em0_5`, `text1_0`, `text1_1`, `BroadcastTextID1`, `lang1`, `Probability1`, `em1_0`, `em1_1`, `em1_2`, `em1_3`, `em1_4`, `em1_5`, `text2_0`, `text2_1`, `BroadcastTextID2`, `lang2`, `Probability2`, `em2_0`, `em2_1`, `em2_2`, `em2_3`, `em2_4`, `em2_5`, `text3_0`, `text3_1`, `BroadcastTextID3`, `lang3`, `Probability3`, `em3_0`, `em3_1`, `em3_2`, `em3_3`, `em3_4`, `em3_5`, `text4_0`, `text4_1`, `BroadcastTextID4`, `lang4`, `Probability4`, `em4_0`, `em4_1`, `em4_2`, `em4_3`, `em4_4`, `em4_5`, `text5_0`, `text5_1`, `BroadcastTextID5`, `lang5`, `Probability5`, `em5_0`, `em5_1`, `em5_2`, `em5_3`, `em5_4`, `em5_5`, `text6_0`, `text6_1`, `BroadcastTextID6`, `lang6`, `Probability6`, `em6_0`, `em6_1`, `em6_2`, `em6_3`, `em6_4`, `em6_5`, `text7_0`, `text7_1`, `BroadcastTextID7`, `lang7`, `Probability7`, `em7_0`, `em7_1`, `em7_2`, `em7_3`, `em7_4`, `em7_5`) VALUES ('1872593', 'Imported from TC', 'If digging in the dirt is the sort of pastime you find enjoyable, go share your insanity with Belil in Farstriders\' Square. I\'m certain he\'d be happy to see he\'s not the only crazy one.', 'If digging in the dirt is the sort of pastime you find enjoyable, go share your insanity with Belil in Farstriders\' Square. I\'m certain he\'d be happy to see he\'s not the only crazy one.', '15272', '0', '1', '0', '0', '0', '0', '0', '0', '', '', NULL, '0', '0', '0', '0', '0', '0', '0', '0', '', '', NULL, '0', '0', '0', '0', '0', '0', '0', '0', '', '', NULL, '0', '0', '0', '0', '0', '0', '0', '0', '', '', NULL, '0', '0', '0', '0', '0', '0', '0', '0', '', '', NULL, '0', '0', '0', '0', '0', '0', '0', '0', '', '', NULL, '0', '0', '0', '0', '0', '0', '0', '0', '', '', NULL, '0', '0', '0', '0', '0', '0', '0', '0');
INSERT INTO gossip_menu (`MenuID`, `TextID`) VALUES ('7664', '1872593');
INSERT INTO points_of_interest (`ID`, `PositionX`, `PositionY`, `Icon`, `Flags`, `Importance`, `Name`, `VerifiedBuild`) VALUES ('379', '9810', '-7358.41', '6', '99', '0', 'Silvermoon City, Mining', '0');
INSERT INTO gossip_menu_option (`MenuID`, `OptionID`, `OptionIcon`, `OptionText`, `OptionBroadcastTextID`, `OptionType`, `OptionNpcFlag`, `ActionMenuID`, `ActionPoiID`, `BoxCoded`, `BoxMoney`, `BoxText`, `BoxBroadcastTextID`) VALUES ('57074', '11', '0', 'Mining', '51348', '1', '1', '7664', '379', '0', '0', '', NULL);
-- Importing menu 7665 as 57079
INSERT INTO gossip_text (`ID`, `comment`, `text0_0`, `text0_1`, `BroadcastTextID0`, `lang0`, `Probability0`, `em0_0`, `em0_1`, `em0_2`, `em0_3`, `em0_4`, `em0_5`, `text1_0`, `text1_1`, `BroadcastTextID1`, `lang1`, `Probability1`, `em1_0`, `em1_1`, `em1_2`, `em1_3`, `em1_4`, `em1_5`, `text2_0`, `text2_1`, `BroadcastTextID2`, `lang2`, `Probability2`, `em2_0`, `em2_1`, `em2_2`, `em2_3`, `em2_4`, `em2_5`, `text3_0`, `text3_1`, `BroadcastTextID3`, `lang3`, `Probability3`, `em3_0`, `em3_1`, `em3_2`, `em3_3`, `em3_4`, `em3_5`, `text4_0`, `text4_1`, `BroadcastTextID4`, `lang4`, `Probability4`, `em4_0`, `em4_1`, `em4_2`, `em4_3`, `em4_4`, `em4_5`, `text5_0`, `text5_1`, `BroadcastTextID5`, `lang5`, `Probability5`, `em5_0`, `em5_1`, `em5_2`, `em5_3`, `em5_4`, `em5_5`, `text6_0`, `text6_1`, `BroadcastTextID6`, `lang6`, `Probability6`, `em6_0`, `em6_1`, `em6_2`, `em6_3`, `em6_4`, `em6_5`, `text7_0`, `text7_1`, `BroadcastTextID7`, `lang7`, `Probability7`, `em7_0`, `em7_1`, `em7_2`, `em7_3`, `em7_4`, `em7_5`) VALUES ('1872594', 'Imported from TC', 'Tyn is quite the talented skinner; she produces the finest lynx hides I\'ve yet seen. If you wish to learn from her, you\'ll find her on the southeast end of the Walk of Elders.', 'Tyn is quite the talented skinner; she produces the finest lynx hides I\'ve yet seen. If you wish to learn from her, you\'ll find her on the southeast end of the Walk of Elders.', '15274', '0', '1', '0', '0', '0', '0', '0', '0', '', '', NULL, '0', '0', '0', '0', '0', '0', '0', '0', '', '', NULL, '0', '0', '0', '0', '0', '0', '0', '0', '', '', NULL, '0', '0', '0', '0', '0', '0', '0', '0', '', '', NULL, '0', '0', '0', '0', '0', '0', '0', '0', '', '', NULL, '0', '0', '0', '0', '0', '0', '0', '0', '', '', NULL, '0', '0', '0', '0', '0', '0', '0', '0', '', '', NULL, '0', '0', '0', '0', '0', '0', '0', '0');
INSERT INTO gossip_menu (`MenuID`, `TextID`) VALUES ('57079', '1872594');
INSERT INTO points_of_interest (`ID`, `PositionX`, `PositionY`, `Icon`, `Flags`, `Importance`, `Name`, `VerifiedBuild`) VALUES ('380', '9512.51', '-7425.99', '6', '99', '0', 'Silvermoon City, Skinning', '0');
INSERT INTO gossip_menu_option (`MenuID`, `OptionID`, `OptionIcon`, `OptionText`, `OptionBroadcastTextID`, `OptionType`, `OptionNpcFlag`, `ActionMenuID`, `ActionPoiID`, `BoxCoded`, `BoxMoney`, `BoxText`, `BoxBroadcastTextID`) VALUES ('57074', '12', '0', 'Skinning', '52076', '1', '1', '57079', '380', '0', '0', '', NULL);
-- Importing menu 7666 as 57080
INSERT INTO gossip_text (`ID`, `comment`, `text0_0`, `text0_1`, `BroadcastTextID0`, `lang0`, `Probability0`, `em0_0`, `em0_1`, `em0_2`, `em0_3`, `em0_4`, `em0_5`, `text1_0`, `text1_1`, `BroadcastTextID1`, `lang1`, `Probability1`, `em1_0`, `em1_1`, `em1_2`, `em1_3`, `em1_4`, `em1_5`, `text2_0`, `text2_1`, `BroadcastTextID2`, `lang2`, `Probability2`, `em2_0`, `em2_1`, `em2_2`, `em2_3`, `em2_4`, `em2_5`, `text3_0`, `text3_1`, `BroadcastTextID3`, `lang3`, `Probability3`, `em3_0`, `em3_1`, `em3_2`, `em3_3`, `em3_4`, `em3_5`, `text4_0`, `text4_1`, `BroadcastTextID4`, `lang4`, `Probability4`, `em4_0`, `em4_1`, `em4_2`, `em4_3`, `em4_4`, `em4_5`, `text5_0`, `text5_1`, `BroadcastTextID5`, `lang5`, `Probability5`, `em5_0`, `em5_1`, `em5_2`, `em5_3`, `em5_4`, `em5_5`, `text6_0`, `text6_1`, `BroadcastTextID6`, `lang6`, `Probability6`, `em6_0`, `em6_1`, `em6_2`, `em6_3`, `em6_4`, `em6_5`, `text7_0`, `text7_1`, `BroadcastTextID7`, `lang7`, `Probability7`, `em7_0`, `em7_1`, `em7_2`, `em7_3`, `em7_4`, `em7_5`) VALUES ('1872595', 'Imported from TC', 'The tailor Keelen is always seeking more curious students to teach his delicate craft. His shop is somewhat difficult to uncover at first, but it\'s just north of the auction house in the Bazaar. You\'ll find him on the lower level of the building.', 'The tailor Keelen is always seeking more curious students to teach his delicate craft. His shop is somewhat difficult to uncover at first, but it\'s just north of the auction house in the Bazaar. You\'ll find him on the lower level of the building.', '15276', '0', '1', '0', '0', '0', '0', '0', '0', '', '', NULL, '0', '0', '0', '0', '0', '0', '0', '0', '', '', NULL, '0', '0', '0', '0', '0', '0', '0', '0', '', '', NULL, '0', '0', '0', '0', '0', '0', '0', '0', '', '', NULL, '0', '0', '0', '0', '0', '0', '0', '0', '', '', NULL, '0', '0', '0', '0', '0', '0', '0', '0', '', '', NULL, '0', '0', '0', '0', '0', '0', '0', '0', '', '', NULL, '0', '0', '0', '0', '0', '0', '0', '0');
INSERT INTO gossip_menu (`MenuID`, `TextID`) VALUES ('57080', '1872595');
INSERT INTO points_of_interest (`ID`, `PositionX`, `PositionY`, `Icon`, `Flags`, `Importance`, `Name`, `VerifiedBuild`) VALUES ('381', '9732.46', '-7086.61', '6', '99', '0', 'Silvermoon City, Tailoring', '0');
INSERT INTO gossip_menu_option (`MenuID`, `OptionID`, `OptionIcon`, `OptionText`, `OptionBroadcastTextID`, `OptionType`, `OptionNpcFlag`, `ActionMenuID`, `ActionPoiID`, `BoxCoded`, `BoxMoney`, `BoxText`, `BoxBroadcastTextID`) VALUES ('57074', '13', '0', 'Tailoring', '52077', '1', '1', '57080', '381', '0', '0', '', NULL);
INSERT INTO gossip_menu_option (`MenuID`, `OptionID`, `OptionIcon`, `OptionText`, `OptionBroadcastTextID`, `OptionType`, `OptionNpcFlag`, `ActionMenuID`, `ActionPoiID`, `BoxCoded`, `BoxMoney`, `BoxText`, `BoxBroadcastTextID`) VALUES ('7633', '10', '0', 'Profession Trainer', '45382', '1', '1', '57074', NULL, '0', '0', '', NULL);
-- Text 10502 already present in Sun DB
INSERT INTO gossip_menu (`MenuID`, `TextID`) VALUES ('8401', '10502');
INSERT INTO points_of_interest (`ID`, `PositionX`, `PositionY`, `Icon`, `Flags`, `Importance`, `Name`, `VerifiedBuild`) VALUES ('382', '9746.89', '-7073.7', '6', '99', '0', 'Silvermoon City, Mana Loom', '0');
INSERT INTO gossip_menu_option (`MenuID`, `OptionID`, `OptionIcon`, `OptionText`, `OptionBroadcastTextID`, `OptionType`, `OptionNpcFlag`, `ActionMenuID`, `ActionPoiID`, `BoxCoded`, `BoxMoney`, `BoxText`, `BoxBroadcastTextID`) VALUES ('7633', '11', '0', 'Mana Loom', '19589', '1', '1', '8401', '382', '0', '0', '', NULL);
UPDATE creature_template SET npcflag = (npcflag | 1), gossip_menu_id = 7633 WHERE entry = 16222;


-- Importing creature gossip with entry 18564 (Horde Field Scout) with import type GOSSIP
INSERT INTO gossip_text (`ID`, `comment`, `text0_0`, `text0_1`, `BroadcastTextID0`, `lang0`, `Probability0`, `em0_0`, `em0_1`, `em0_2`, `em0_3`, `em0_4`, `em0_5`, `text1_0`, `text1_1`, `BroadcastTextID1`, `lang1`, `Probability1`, `em1_0`, `em1_1`, `em1_2`, `em1_3`, `em1_4`, `em1_5`, `text2_0`, `text2_1`, `BroadcastTextID2`, `lang2`, `Probability2`, `em2_0`, `em2_1`, `em2_2`, `em2_3`, `em2_4`, `em2_5`, `text3_0`, `text3_1`, `BroadcastTextID3`, `lang3`, `Probability3`, `em3_0`, `em3_1`, `em3_2`, `em3_3`, `em3_4`, `em3_5`, `text4_0`, `text4_1`, `BroadcastTextID4`, `lang4`, `Probability4`, `em4_0`, `em4_1`, `em4_2`, `em4_3`, `em4_4`, `em4_5`, `text5_0`, `text5_1`, `BroadcastTextID5`, `lang5`, `Probability5`, `em5_0`, `em5_1`, `em5_2`, `em5_3`, `em5_4`, `em5_5`, `text6_0`, `text6_1`, `BroadcastTextID6`, `lang6`, `Probability6`, `em6_0`, `em6_1`, `em6_2`, `em6_3`, `em6_4`, `em6_5`, `text7_0`, `text7_1`, `BroadcastTextID7`, `lang7`, `Probability7`, `em7_0`, `em7_1`, `em7_2`, `em7_3`, `em7_4`, `em7_5`) VALUES ('9431', 'Imported from TC', 'Twin Spire Ruins is not yet secure! My orders are to only give out battle standards when the two beacons are lit and the area is secure. Get out there and gain control of those beacons!', '', '15540', '0', '1', '0', '0', '0', '0', '0', '0', '', '', NULL, '0', '0', '0', '0', '0', '0', '0', '0', '', '', NULL, '0', '0', '0', '0', '0', '0', '0', '0', '', '', NULL, '0', '0', '0', '0', '0', '0', '0', '0', '', '', NULL, '0', '0', '0', '0', '0', '0', '0', '0', '', '', NULL, '0', '0', '0', '0', '0', '0', '0', '0', '', '', NULL, '0', '0', '0', '0', '0', '0', '0', '0', '', '', NULL, '0', '0', '0', '0', '0', '0', '0', '0');
INSERT INTO gossip_menu (`MenuID`, `TextID`) VALUES ('7722', '9431');
INSERT INTO gossip_menu_option (`MenuID`, `OptionID`, `OptionIcon`, `OptionText`, `OptionBroadcastTextID`, `OptionType`, `OptionNpcFlag`, `ActionMenuID`, `ActionPoiID`, `BoxCoded`, `BoxMoney`, `BoxText`, `BoxBroadcastTextID`) VALUES ('7722', '1', '1', 'I have marks to redeem!', '16146', '3', '128', NULL, NULL, '0', '0', '', NULL);
UPDATE creature_template SET npcflag = (npcflag | 1), gossip_menu_id = 7722 WHERE entry = 18564;


-- Importing creature gossip with entry 18581 (Alliance Field Scout) with import type GOSSIP
INSERT INTO gossip_text (`ID`, `comment`, `text0_0`, `text0_1`, `BroadcastTextID0`, `lang0`, `Probability0`, `em0_0`, `em0_1`, `em0_2`, `em0_3`, `em0_4`, `em0_5`, `text1_0`, `text1_1`, `BroadcastTextID1`, `lang1`, `Probability1`, `em1_0`, `em1_1`, `em1_2`, `em1_3`, `em1_4`, `em1_5`, `text2_0`, `text2_1`, `BroadcastTextID2`, `lang2`, `Probability2`, `em2_0`, `em2_1`, `em2_2`, `em2_3`, `em2_4`, `em2_5`, `text3_0`, `text3_1`, `BroadcastTextID3`, `lang3`, `Probability3`, `em3_0`, `em3_1`, `em3_2`, `em3_3`, `em3_4`, `em3_5`, `text4_0`, `text4_1`, `BroadcastTextID4`, `lang4`, `Probability4`, `em4_0`, `em4_1`, `em4_2`, `em4_3`, `em4_4`, `em4_5`, `text5_0`, `text5_1`, `BroadcastTextID5`, `lang5`, `Probability5`, `em5_0`, `em5_1`, `em5_2`, `em5_3`, `em5_4`, `em5_5`, `text6_0`, `text6_1`, `BroadcastTextID6`, `lang6`, `Probability6`, `em6_0`, `em6_1`, `em6_2`, `em6_3`, `em6_4`, `em6_5`, `text7_0`, `text7_1`, `BroadcastTextID7`, `lang7`, `Probability7`, `em7_0`, `em7_1`, `em7_2`, `em7_3`, `em7_4`, `em7_5`) VALUES ('1872596', 'Imported from TC', 'Twin Spire Ruins is not yet secure! My orders are to only give out battle standards when the two beacons are lit and the area is secure. Get out there and gain control of those beacons!', '', '15540', '0', '1', '0', '0', '0', '0', '0', '0', '', '', NULL, '0', '0', '0', '0', '0', '0', '0', '0', '', '', NULL, '0', '0', '0', '0', '0', '0', '0', '0', '', '', NULL, '0', '0', '0', '0', '0', '0', '0', '0', '', '', NULL, '0', '0', '0', '0', '0', '0', '0', '0', '', '', NULL, '0', '0', '0', '0', '0', '0', '0', '0', '', '', NULL, '0', '0', '0', '0', '0', '0', '0', '0', '', '', NULL, '0', '0', '0', '0', '0', '0', '0', '0');
INSERT INTO gossip_menu (`MenuID`, `TextID`) VALUES ('7724', '1872596');
INSERT INTO gossip_menu_option (`MenuID`, `OptionID`, `OptionIcon`, `OptionText`, `OptionBroadcastTextID`, `OptionType`, `OptionNpcFlag`, `ActionMenuID`, `ActionPoiID`, `BoxCoded`, `BoxMoney`, `BoxText`, `BoxBroadcastTextID`) VALUES ('7724', '1', '1', 'I have marks to redeem!', '16146', '3', '128', NULL, NULL, '0', '0', '', NULL);
UPDATE creature_template SET npcflag = (npcflag | 1), gossip_menu_id = 7724 WHERE entry = 18581;


-- Importing creature gossip with entry 16733 (Exodar Peacekeeper) with import type GOSSIP
INSERT INTO gossip_text (`ID`, `comment`, `text0_0`, `text0_1`, `BroadcastTextID0`, `lang0`, `Probability0`, `em0_0`, `em0_1`, `em0_2`, `em0_3`, `em0_4`, `em0_5`, `text1_0`, `text1_1`, `BroadcastTextID1`, `lang1`, `Probability1`, `em1_0`, `em1_1`, `em1_2`, `em1_3`, `em1_4`, `em1_5`, `text2_0`, `text2_1`, `BroadcastTextID2`, `lang2`, `Probability2`, `em2_0`, `em2_1`, `em2_2`, `em2_3`, `em2_4`, `em2_5`, `text3_0`, `text3_1`, `BroadcastTextID3`, `lang3`, `Probability3`, `em3_0`, `em3_1`, `em3_2`, `em3_3`, `em3_4`, `em3_5`, `text4_0`, `text4_1`, `BroadcastTextID4`, `lang4`, `Probability4`, `em4_0`, `em4_1`, `em4_2`, `em4_3`, `em4_4`, `em4_5`, `text5_0`, `text5_1`, `BroadcastTextID5`, `lang5`, `Probability5`, `em5_0`, `em5_1`, `em5_2`, `em5_3`, `em5_4`, `em5_5`, `text6_0`, `text6_1`, `BroadcastTextID6`, `lang6`, `Probability6`, `em6_0`, `em6_1`, `em6_2`, `em6_3`, `em6_4`, `em6_5`, `text7_0`, `text7_1`, `BroadcastTextID7`, `lang7`, `Probability7`, `em7_0`, `em7_1`, `em7_2`, `em7_3`, `em7_4`, `em7_5`) VALUES ('1872597', 'Imported from TC', 'Blessings of the Naaru. What can I help you find?', 'Blessings of the Naaru. What can I help you find?', '15856', '0', '1', '1', '1', '0', '0', '0', '0', '', '', NULL, '0', '0', '0', '0', '0', '0', '0', '0', '', '', NULL, '0', '0', '0', '0', '0', '0', '0', '0', '', '', NULL, '0', '0', '0', '0', '0', '0', '0', '0', '', '', NULL, '0', '0', '0', '0', '0', '0', '0', '0', '', '', NULL, '0', '0', '0', '0', '0', '0', '0', '0', '', '', NULL, '0', '0', '0', '0', '0', '0', '0', '0', '', '', NULL, '0', '0', '0', '0', '0', '0', '0', '0');
INSERT INTO gossip_menu (`MenuID`, `TextID`) VALUES ('7777', '1872597');
-- Importing menu 7778 as 57081
INSERT INTO gossip_text (`ID`, `comment`, `text0_0`, `text0_1`, `BroadcastTextID0`, `lang0`, `Probability0`, `em0_0`, `em0_1`, `em0_2`, `em0_3`, `em0_4`, `em0_5`, `text1_0`, `text1_1`, `BroadcastTextID1`, `lang1`, `Probability1`, `em1_0`, `em1_1`, `em1_2`, `em1_3`, `em1_4`, `em1_5`, `text2_0`, `text2_1`, `BroadcastTextID2`, `lang2`, `Probability2`, `em2_0`, `em2_1`, `em2_2`, `em2_3`, `em2_4`, `em2_5`, `text3_0`, `text3_1`, `BroadcastTextID3`, `lang3`, `Probability3`, `em3_0`, `em3_1`, `em3_2`, `em3_3`, `em3_4`, `em3_5`, `text4_0`, `text4_1`, `BroadcastTextID4`, `lang4`, `Probability4`, `em4_0`, `em4_1`, `em4_2`, `em4_3`, `em4_4`, `em4_5`, `text5_0`, `text5_1`, `BroadcastTextID5`, `lang5`, `Probability5`, `em5_0`, `em5_1`, `em5_2`, `em5_3`, `em5_4`, `em5_5`, `text6_0`, `text6_1`, `BroadcastTextID6`, `lang6`, `Probability6`, `em6_0`, `em6_1`, `em6_2`, `em6_3`, `em6_4`, `em6_5`, `text7_0`, `text7_1`, `BroadcastTextID7`, `lang7`, `Probability7`, `em7_0`, `em7_1`, `em7_2`, `em7_3`, `em7_4`, `em7_5`) VALUES ('1872598', 'Imported from TC', 'Though the acquisition of wealth is no longer a driving force in our lives, we understand that money makes the world go \'round. You will find our auction house in the Seat of the Naaru.', 'Though the acquisition of wealth is no longer a driving force in our lives, we understand that money makes the world go \'round. You will find our auction house in the Seat of the Naaru.', '15814', '0', '1', '0', '0', '0', '0', '0', '0', '', '', NULL, '0', '0', '0', '0', '0', '0', '0', '0', '', '', NULL, '0', '0', '0', '0', '0', '0', '0', '0', '', '', NULL, '0', '0', '0', '0', '0', '0', '0', '0', '', '', NULL, '0', '0', '0', '0', '0', '0', '0', '0', '', '', NULL, '0', '0', '0', '0', '0', '0', '0', '0', '', '', NULL, '0', '0', '0', '0', '0', '0', '0', '0', '', '', NULL, '0', '0', '0', '0', '0', '0', '0', '0');
INSERT INTO gossip_menu (`MenuID`, `TextID`) VALUES ('57081', '1872598');
INSERT INTO points_of_interest (`ID`, `PositionX`, `PositionY`, `Icon`, `Flags`, `Importance`, `Name`, `VerifiedBuild`) VALUES ('190', '-4020', '-11733.5', '6', '99', '0', 'Exodar, Auctioneer', '0');
INSERT INTO gossip_menu_option (`MenuID`, `OptionID`, `OptionIcon`, `OptionText`, `OptionBroadcastTextID`, `OptionType`, `OptionNpcFlag`, `ActionMenuID`, `ActionPoiID`, `BoxCoded`, `BoxMoney`, `BoxText`, `BoxBroadcastTextID`) VALUES ('7777', '0', '0', 'Auction House', '44627', '1', '1', '57081', '190', '0', '0', '', NULL);
-- Importing menu 7779 as 57082
INSERT INTO gossip_text (`ID`, `comment`, `text0_0`, `text0_1`, `BroadcastTextID0`, `lang0`, `Probability0`, `em0_0`, `em0_1`, `em0_2`, `em0_3`, `em0_4`, `em0_5`, `text1_0`, `text1_1`, `BroadcastTextID1`, `lang1`, `Probability1`, `em1_0`, `em1_1`, `em1_2`, `em1_3`, `em1_4`, `em1_5`, `text2_0`, `text2_1`, `BroadcastTextID2`, `lang2`, `Probability2`, `em2_0`, `em2_1`, `em2_2`, `em2_3`, `em2_4`, `em2_5`, `text3_0`, `text3_1`, `BroadcastTextID3`, `lang3`, `Probability3`, `em3_0`, `em3_1`, `em3_2`, `em3_3`, `em3_4`, `em3_5`, `text4_0`, `text4_1`, `BroadcastTextID4`, `lang4`, `Probability4`, `em4_0`, `em4_1`, `em4_2`, `em4_3`, `em4_4`, `em4_5`, `text5_0`, `text5_1`, `BroadcastTextID5`, `lang5`, `Probability5`, `em5_0`, `em5_1`, `em5_2`, `em5_3`, `em5_4`, `em5_5`, `text6_0`, `text6_1`, `BroadcastTextID6`, `lang6`, `Probability6`, `em6_0`, `em6_1`, `em6_2`, `em6_3`, `em6_4`, `em6_5`, `text7_0`, `text7_1`, `BroadcastTextID7`, `lang7`, `Probability7`, `em7_0`, `em7_1`, `em7_2`, `em7_3`, `em7_4`, `em7_5`) VALUES ('1872599', 'Imported from TC', 'You will find our bank in the Exodar\'s central hub.  Go with the Light.', 'You will find our bank in the Exodar\'s central hub.  Go with the Light.', '15815', '0', '1', '0', '0', '0', '0', '0', '0', '', '', NULL, '0', '0', '0', '0', '0', '0', '0', '0', '', '', NULL, '0', '0', '0', '0', '0', '0', '0', '0', '', '', NULL, '0', '0', '0', '0', '0', '0', '0', '0', '', '', NULL, '0', '0', '0', '0', '0', '0', '0', '0', '', '', NULL, '0', '0', '0', '0', '0', '0', '0', '0', '', '', NULL, '0', '0', '0', '0', '0', '0', '0', '0', '', '', NULL, '0', '0', '0', '0', '0', '0', '0', '0');
INSERT INTO gossip_menu (`MenuID`, `TextID`) VALUES ('57082', '1872599');
INSERT INTO points_of_interest (`ID`, `PositionX`, `PositionY`, `Icon`, `Flags`, `Importance`, `Name`, `VerifiedBuild`) VALUES ('191', '-3918', '-11550.1', '6', '99', '0', 'Exodar, bank', '0');
INSERT INTO gossip_menu_option (`MenuID`, `OptionID`, `OptionIcon`, `OptionText`, `OptionBroadcastTextID`, `OptionType`, `OptionNpcFlag`, `ActionMenuID`, `ActionPoiID`, `BoxCoded`, `BoxMoney`, `BoxText`, `BoxBroadcastTextID`) VALUES ('7777', '1', '0', 'The Bank', '7066', '1', '1', '57082', '191', '0', '0', '', NULL);
-- Importing menu 7780 as 57083
INSERT INTO gossip_text (`ID`, `comment`, `text0_0`, `text0_1`, `BroadcastTextID0`, `lang0`, `Probability0`, `em0_0`, `em0_1`, `em0_2`, `em0_3`, `em0_4`, `em0_5`, `text1_0`, `text1_1`, `BroadcastTextID1`, `lang1`, `Probability1`, `em1_0`, `em1_1`, `em1_2`, `em1_3`, `em1_4`, `em1_5`, `text2_0`, `text2_1`, `BroadcastTextID2`, `lang2`, `Probability2`, `em2_0`, `em2_1`, `em2_2`, `em2_3`, `em2_4`, `em2_5`, `text3_0`, `text3_1`, `BroadcastTextID3`, `lang3`, `Probability3`, `em3_0`, `em3_1`, `em3_2`, `em3_3`, `em3_4`, `em3_5`, `text4_0`, `text4_1`, `BroadcastTextID4`, `lang4`, `Probability4`, `em4_0`, `em4_1`, `em4_2`, `em4_3`, `em4_4`, `em4_5`, `text5_0`, `text5_1`, `BroadcastTextID5`, `lang5`, `Probability5`, `em5_0`, `em5_1`, `em5_2`, `em5_3`, `em5_4`, `em5_5`, `text6_0`, `text6_1`, `BroadcastTextID6`, `lang6`, `Probability6`, `em6_0`, `em6_1`, `em6_2`, `em6_3`, `em6_4`, `em6_5`, `text7_0`, `text7_1`, `BroadcastTextID7`, `lang7`, `Probability7`, `em7_0`, `em7_1`, `em7_2`, `em7_3`, `em7_4`, `em7_5`) VALUES ('1872600', 'Imported from TC', 'Stephanos is our Hippogryph master.  He resides just outside of the Exodar, near the main entrance.  May the Light bless you on your travels.', 'Stephanos is our Hippogryph master.  He resides just outside of the Exodar, near the main entrance.  May the Light bless you on your travels.', '15816', '0', '1', '0', '0', '0', '0', '0', '0', '', '', NULL, '0', '0', '0', '0', '0', '0', '0', '0', '', '', NULL, '0', '0', '0', '0', '0', '0', '0', '0', '', '', NULL, '0', '0', '0', '0', '0', '0', '0', '0', '', '', NULL, '0', '0', '0', '0', '0', '0', '0', '0', '', '', NULL, '0', '0', '0', '0', '0', '0', '0', '0', '', '', NULL, '0', '0', '0', '0', '0', '0', '0', '0', '', '', NULL, '0', '0', '0', '0', '0', '0', '0', '0');
INSERT INTO gossip_menu (`MenuID`, `TextID`) VALUES ('57083', '1872600');
INSERT INTO points_of_interest (`ID`, `PositionX`, `PositionY`, `Icon`, `Flags`, `Importance`, `Name`, `VerifiedBuild`) VALUES ('192', '-4053', '-11787.7', '6', '99', '0', 'Exodar, Hippogryph Master', '0');
INSERT INTO gossip_menu_option (`MenuID`, `OptionID`, `OptionIcon`, `OptionText`, `OptionBroadcastTextID`, `OptionType`, `OptionNpcFlag`, `ActionMenuID`, `ActionPoiID`, `BoxCoded`, `BoxMoney`, `BoxText`, `BoxBroadcastTextID`) VALUES ('7777', '2', '0', 'Hippogryph Master', '18292', '1', '1', '57083', '192', '0', '0', '', NULL);
-- Importing menu 7781 as 57084
INSERT INTO gossip_text (`ID`, `comment`, `text0_0`, `text0_1`, `BroadcastTextID0`, `lang0`, `Probability0`, `em0_0`, `em0_1`, `em0_2`, `em0_3`, `em0_4`, `em0_5`, `text1_0`, `text1_1`, `BroadcastTextID1`, `lang1`, `Probability1`, `em1_0`, `em1_1`, `em1_2`, `em1_3`, `em1_4`, `em1_5`, `text2_0`, `text2_1`, `BroadcastTextID2`, `lang2`, `Probability2`, `em2_0`, `em2_1`, `em2_2`, `em2_3`, `em2_4`, `em2_5`, `text3_0`, `text3_1`, `BroadcastTextID3`, `lang3`, `Probability3`, `em3_0`, `em3_1`, `em3_2`, `em3_3`, `em3_4`, `em3_5`, `text4_0`, `text4_1`, `BroadcastTextID4`, `lang4`, `Probability4`, `em4_0`, `em4_1`, `em4_2`, `em4_3`, `em4_4`, `em4_5`, `text5_0`, `text5_1`, `BroadcastTextID5`, `lang5`, `Probability5`, `em5_0`, `em5_1`, `em5_2`, `em5_3`, `em5_4`, `em5_5`, `text6_0`, `text6_1`, `BroadcastTextID6`, `lang6`, `Probability6`, `em6_0`, `em6_1`, `em6_2`, `em6_3`, `em6_4`, `em6_5`, `text7_0`, `text7_1`, `BroadcastTextID7`, `lang7`, `Probability7`, `em7_0`, `em7_1`, `em7_2`, `em7_3`, `em7_4`, `em7_5`) VALUES ('1872601', 'Imported from TC', 'You will find Funaam, the guild master, near the Trader\'s Tier entrance.', 'You will find Funaam, the guild master, near the Trader\'s Tier entrance.', '15828', '0', '1', '0', '0', '0', '0', '0', '0', '', '', NULL, '0', '0', '0', '0', '0', '0', '0', '0', '', '', NULL, '0', '0', '0', '0', '0', '0', '0', '0', '', '', NULL, '0', '0', '0', '0', '0', '0', '0', '0', '', '', NULL, '0', '0', '0', '0', '0', '0', '0', '0', '', '', NULL, '0', '0', '0', '0', '0', '0', '0', '0', '', '', NULL, '0', '0', '0', '0', '0', '0', '0', '0', '', '', NULL, '0', '0', '0', '0', '0', '0', '0', '0');
INSERT INTO gossip_menu (`MenuID`, `TextID`) VALUES ('57084', '1872601');
INSERT INTO points_of_interest (`ID`, `PositionX`, `PositionY`, `Icon`, `Flags`, `Importance`, `Name`, `VerifiedBuild`) VALUES ('193', '-4099', '-11630', '6', '99', '0', 'Exodar, Guild Master', '0');
INSERT INTO gossip_menu_option (`MenuID`, `OptionID`, `OptionIcon`, `OptionText`, `OptionBroadcastTextID`, `OptionType`, `OptionNpcFlag`, `ActionMenuID`, `ActionPoiID`, `BoxCoded`, `BoxMoney`, `BoxText`, `BoxBroadcastTextID`) VALUES ('7777', '3', '0', 'Guild Master', '2870', '1', '1', '57084', '193', '0', '0', '', NULL);
-- Importing menu 7782 as 57085
INSERT INTO gossip_text (`ID`, `comment`, `text0_0`, `text0_1`, `BroadcastTextID0`, `lang0`, `Probability0`, `em0_0`, `em0_1`, `em0_2`, `em0_3`, `em0_4`, `em0_5`, `text1_0`, `text1_1`, `BroadcastTextID1`, `lang1`, `Probability1`, `em1_0`, `em1_1`, `em1_2`, `em1_3`, `em1_4`, `em1_5`, `text2_0`, `text2_1`, `BroadcastTextID2`, `lang2`, `Probability2`, `em2_0`, `em2_1`, `em2_2`, `em2_3`, `em2_4`, `em2_5`, `text3_0`, `text3_1`, `BroadcastTextID3`, `lang3`, `Probability3`, `em3_0`, `em3_1`, `em3_2`, `em3_3`, `em3_4`, `em3_5`, `text4_0`, `text4_1`, `BroadcastTextID4`, `lang4`, `Probability4`, `em4_0`, `em4_1`, `em4_2`, `em4_3`, `em4_4`, `em4_5`, `text5_0`, `text5_1`, `BroadcastTextID5`, `lang5`, `Probability5`, `em5_0`, `em5_1`, `em5_2`, `em5_3`, `em5_4`, `em5_5`, `text6_0`, `text6_1`, `BroadcastTextID6`, `lang6`, `Probability6`, `em6_0`, `em6_1`, `em6_2`, `em6_3`, `em6_4`, `em6_5`, `text7_0`, `text7_1`, `BroadcastTextID7`, `lang7`, `Probability7`, `em7_0`, `em7_1`, `em7_2`, `em7_3`, `em7_4`, `em7_5`) VALUES ('1872602', 'Imported from TC', 'Our Caregiver Center is located above the central Vault of Light, near the Exodar\'s main entrance.', 'Our Caregiver Center is located above the central Vault of Light, near the Exodar\'s main entrance.', '15846', '0', '1', '0', '0', '0', '0', '0', '0', '', '', NULL, '0', '0', '0', '0', '0', '0', '0', '0', '', '', NULL, '0', '0', '0', '0', '0', '0', '0', '0', '', '', NULL, '0', '0', '0', '0', '0', '0', '0', '0', '', '', NULL, '0', '0', '0', '0', '0', '0', '0', '0', '', '', NULL, '0', '0', '0', '0', '0', '0', '0', '0', '', '', NULL, '0', '0', '0', '0', '0', '0', '0', '0', '', '', NULL, '0', '0', '0', '0', '0', '0', '0', '0');
INSERT INTO gossip_menu (`MenuID`, `TextID`) VALUES ('57085', '1872602');
INSERT INTO points_of_interest (`ID`, `PositionX`, `PositionY`, `Icon`, `Flags`, `Importance`, `Name`, `VerifiedBuild`) VALUES ('194', '-3761', '-11696.2', '6', '99', '0', 'Exodar, Inn', '0');
INSERT INTO gossip_menu_option (`MenuID`, `OptionID`, `OptionIcon`, `OptionText`, `OptionBroadcastTextID`, `OptionType`, `OptionNpcFlag`, `ActionMenuID`, `ActionPoiID`, `BoxCoded`, `BoxMoney`, `BoxText`, `BoxBroadcastTextID`) VALUES ('7777', '4', '0', 'The Inn', '7075', '1', '1', '57085', '194', '0', '0', '', NULL);
INSERT INTO gossip_text (`ID`, `comment`, `text0_0`, `text0_1`, `BroadcastTextID0`, `lang0`, `Probability0`, `em0_0`, `em0_1`, `em0_2`, `em0_3`, `em0_4`, `em0_5`, `text1_0`, `text1_1`, `BroadcastTextID1`, `lang1`, `Probability1`, `em1_0`, `em1_1`, `em1_2`, `em1_3`, `em1_4`, `em1_5`, `text2_0`, `text2_1`, `BroadcastTextID2`, `lang2`, `Probability2`, `em2_0`, `em2_1`, `em2_2`, `em2_3`, `em2_4`, `em2_5`, `text3_0`, `text3_1`, `BroadcastTextID3`, `lang3`, `Probability3`, `em3_0`, `em3_1`, `em3_2`, `em3_3`, `em3_4`, `em3_5`, `text4_0`, `text4_1`, `BroadcastTextID4`, `lang4`, `Probability4`, `em4_0`, `em4_1`, `em4_2`, `em4_3`, `em4_4`, `em4_5`, `text5_0`, `text5_1`, `BroadcastTextID5`, `lang5`, `Probability5`, `em5_0`, `em5_1`, `em5_2`, `em5_3`, `em5_4`, `em5_5`, `text6_0`, `text6_1`, `BroadcastTextID6`, `lang6`, `Probability6`, `em6_0`, `em6_1`, `em6_2`, `em6_3`, `em6_4`, `em6_5`, `text7_0`, `text7_1`, `BroadcastTextID7`, `lang7`, `Probability7`, `em7_0`, `em7_1`, `em7_2`, `em7_3`, `em7_4`, `em7_5`) VALUES ('1872603', 'Imported from TC', 'There are two mailboxes in the Seat of the Naaru: one by the bank, and another outside the auction house.', 'There are two mailboxes in the Seat of the Naaru: one by the bank, and another outside the auction house.', '18770', '0', '1', '0', '0', '0', '0', '0', '0', '', '', NULL, '0', '0', '0', '0', '0', '0', '0', '0', '', '', NULL, '0', '0', '0', '0', '0', '0', '0', '0', '', '', NULL, '0', '0', '0', '0', '0', '0', '0', '0', '', '', NULL, '0', '0', '0', '0', '0', '0', '0', '0', '', '', NULL, '0', '0', '0', '0', '0', '0', '0', '0', '', '', NULL, '0', '0', '0', '0', '0', '0', '0', '0', '', '', NULL, '0', '0', '0', '0', '0', '0', '0', '0');
INSERT INTO gossip_menu (`MenuID`, `TextID`) VALUES ('7783', '1872603');
INSERT INTO points_of_interest (`ID`, `PositionX`, `PositionY`, `Icon`, `Flags`, `Importance`, `Name`, `VerifiedBuild`) VALUES ('195', '-3913', '-11607.6', '6', '99', '0', 'Exodar, Mailbox', '0');
INSERT INTO gossip_menu_option (`MenuID`, `OptionID`, `OptionIcon`, `OptionText`, `OptionBroadcastTextID`, `OptionType`, `OptionNpcFlag`, `ActionMenuID`, `ActionPoiID`, `BoxCoded`, `BoxMoney`, `BoxText`, `BoxBroadcastTextID`) VALUES ('7777', '5', '0', 'Mailbox', '45381', '1', '1', '7783', '195', '0', '0', '', NULL);
INSERT INTO gossip_text (`ID`, `comment`, `text0_0`, `text0_1`, `BroadcastTextID0`, `lang0`, `Probability0`, `em0_0`, `em0_1`, `em0_2`, `em0_3`, `em0_4`, `em0_5`, `text1_0`, `text1_1`, `BroadcastTextID1`, `lang1`, `Probability1`, `em1_0`, `em1_1`, `em1_2`, `em1_3`, `em1_4`, `em1_5`, `text2_0`, `text2_1`, `BroadcastTextID2`, `lang2`, `Probability2`, `em2_0`, `em2_1`, `em2_2`, `em2_3`, `em2_4`, `em2_5`, `text3_0`, `text3_1`, `BroadcastTextID3`, `lang3`, `Probability3`, `em3_0`, `em3_1`, `em3_2`, `em3_3`, `em3_4`, `em3_5`, `text4_0`, `text4_1`, `BroadcastTextID4`, `lang4`, `Probability4`, `em4_0`, `em4_1`, `em4_2`, `em4_3`, `em4_4`, `em4_5`, `text5_0`, `text5_1`, `BroadcastTextID5`, `lang5`, `Probability5`, `em5_0`, `em5_1`, `em5_2`, `em5_3`, `em5_4`, `em5_5`, `text6_0`, `text6_1`, `BroadcastTextID6`, `lang6`, `Probability6`, `em6_0`, `em6_1`, `em6_2`, `em6_3`, `em6_4`, `em6_5`, `text7_0`, `text7_1`, `BroadcastTextID7`, `lang7`, `Probability7`, `em7_0`, `em7_1`, `em7_2`, `em7_3`, `em7_4`, `em7_5`) VALUES ('1872604', 'Imported from TC', 'You can find Arthaid, our stable master, outside of the Caregiver Center. He is located on the upper level of the central hub, near the Exodar\'s main entrance.', 'You can find Arthaid, our stable master, outside of the Caregiver Center. He is located on the upper level of the central hub, near the Exodar\'s main entrance.', '15863', '0', '1', '0', '0', '0', '0', '0', '0', '', '', NULL, '0', '0', '0', '0', '0', '0', '0', '0', '', '', NULL, '0', '0', '0', '0', '0', '0', '0', '0', '', '', NULL, '0', '0', '0', '0', '0', '0', '0', '0', '', '', NULL, '0', '0', '0', '0', '0', '0', '0', '0', '', '', NULL, '0', '0', '0', '0', '0', '0', '0', '0', '', '', NULL, '0', '0', '0', '0', '0', '0', '0', '0', '', '', NULL, '0', '0', '0', '0', '0', '0', '0', '0');
INSERT INTO gossip_menu (`MenuID`, `TextID`) VALUES ('7784', '1872604');
INSERT INTO points_of_interest (`ID`, `PositionX`, `PositionY`, `Icon`, `Flags`, `Importance`, `Name`, `VerifiedBuild`) VALUES ('196', '-3792', '-11703.7', '6', '99', '0', 'Exodar, Stable Master', '0');
INSERT INTO gossip_menu_option (`MenuID`, `OptionID`, `OptionIcon`, `OptionText`, `OptionBroadcastTextID`, `OptionType`, `OptionNpcFlag`, `ActionMenuID`, `ActionPoiID`, `BoxCoded`, `BoxMoney`, `BoxText`, `BoxBroadcastTextID`) VALUES ('7777', '6', '0', 'Stable Master', '45383', '1', '1', '7784', '196', '0', '0', '', NULL);
INSERT INTO gossip_text (`ID`, `comment`, `text0_0`, `text0_1`, `BroadcastTextID0`, `lang0`, `Probability0`, `em0_0`, `em0_1`, `em0_2`, `em0_3`, `em0_4`, `em0_5`, `text1_0`, `text1_1`, `BroadcastTextID1`, `lang1`, `Probability1`, `em1_0`, `em1_1`, `em1_2`, `em1_3`, `em1_4`, `em1_5`, `text2_0`, `text2_1`, `BroadcastTextID2`, `lang2`, `Probability2`, `em2_0`, `em2_1`, `em2_2`, `em2_3`, `em2_4`, `em2_5`, `text3_0`, `text3_1`, `BroadcastTextID3`, `lang3`, `Probability3`, `em3_0`, `em3_1`, `em3_2`, `em3_3`, `em3_4`, `em3_5`, `text4_0`, `text4_1`, `BroadcastTextID4`, `lang4`, `Probability4`, `em4_0`, `em4_1`, `em4_2`, `em4_3`, `em4_4`, `em4_5`, `text5_0`, `text5_1`, `BroadcastTextID5`, `lang5`, `Probability5`, `em5_0`, `em5_1`, `em5_2`, `em5_3`, `em5_4`, `em5_5`, `text6_0`, `text6_1`, `BroadcastTextID6`, `lang6`, `Probability6`, `em6_0`, `em6_1`, `em6_2`, `em6_3`, `em6_4`, `em6_5`, `text7_0`, `text7_1`, `BroadcastTextID7`, `lang7`, `Probability7`, `em7_0`, `em7_1`, `em7_2`, `em7_3`, `em7_4`, `em7_5`) VALUES ('1872605', 'Imported from TC', 'You wish to improve your weapon skills?  Our weapon master is located on the highest level of the Trader\'s Tier, on the Warriors\' Terrace.', 'You wish to improve your weapon skills?  Our weapon master is located on the highest level of the Trader\'s Tier, on the Warriors\' Terrace.', '15870', '0', '1', '0', '0', '0', '0', '0', '0', '', '', NULL, '0', '0', '0', '0', '0', '0', '0', '0', '', '', NULL, '0', '0', '0', '0', '0', '0', '0', '0', '', '', NULL, '0', '0', '0', '0', '0', '0', '0', '0', '', '', NULL, '0', '0', '0', '0', '0', '0', '0', '0', '', '', NULL, '0', '0', '0', '0', '0', '0', '0', '0', '', '', NULL, '0', '0', '0', '0', '0', '0', '0', '0', '', '', NULL, '0', '0', '0', '0', '0', '0', '0', '0');
INSERT INTO gossip_menu (`MenuID`, `TextID`) VALUES ('7785', '1872605');
INSERT INTO points_of_interest (`ID`, `PositionX`, `PositionY`, `Icon`, `Flags`, `Importance`, `Name`, `VerifiedBuild`) VALUES ('197', '-4214', '-11630', '6', '99', '0', 'Exodar, Weapon Master', '0');
INSERT INTO gossip_menu_option (`MenuID`, `OptionID`, `OptionIcon`, `OptionText`, `OptionBroadcastTextID`, `OptionType`, `OptionNpcFlag`, `ActionMenuID`, `ActionPoiID`, `BoxCoded`, `BoxMoney`, `BoxText`, `BoxBroadcastTextID`) VALUES ('7777', '7', '0', 'Weapon Master', '15230', '1', '1', '7785', '197', '0', '0', '', NULL);
-- Importing menu 7786 as 57086
INSERT INTO gossip_text (`ID`, `comment`, `text0_0`, `text0_1`, `BroadcastTextID0`, `lang0`, `Probability0`, `em0_0`, `em0_1`, `em0_2`, `em0_3`, `em0_4`, `em0_5`, `text1_0`, `text1_1`, `BroadcastTextID1`, `lang1`, `Probability1`, `em1_0`, `em1_1`, `em1_2`, `em1_3`, `em1_4`, `em1_5`, `text2_0`, `text2_1`, `BroadcastTextID2`, `lang2`, `Probability2`, `em2_0`, `em2_1`, `em2_2`, `em2_3`, `em2_4`, `em2_5`, `text3_0`, `text3_1`, `BroadcastTextID3`, `lang3`, `Probability3`, `em3_0`, `em3_1`, `em3_2`, `em3_3`, `em3_4`, `em3_5`, `text4_0`, `text4_1`, `BroadcastTextID4`, `lang4`, `Probability4`, `em4_0`, `em4_1`, `em4_2`, `em4_3`, `em4_4`, `em4_5`, `text5_0`, `text5_1`, `BroadcastTextID5`, `lang5`, `Probability5`, `em5_0`, `em5_1`, `em5_2`, `em5_3`, `em5_4`, `em5_5`, `text6_0`, `text6_1`, `BroadcastTextID6`, `lang6`, `Probability6`, `em6_0`, `em6_1`, `em6_2`, `em6_3`, `em6_4`, `em6_5`, `text7_0`, `text7_1`, `BroadcastTextID7`, `lang7`, `Probability7`, `em7_0`, `em7_1`, `em7_2`, `em7_3`, `em7_4`, `em7_5`) VALUES ('1872606', 'Imported from TC', 'You will find our battlemasters in the Vault of the Lights.  There is also one \"Miglik Blotstrom\" staying with Caregiver Breel, who claims to represent an arena fighting circuit on this world.', 'You will find our battlemasters in the Vault of the Lights.  There is also one \"Miglik Blotstrom\" staying with Caregiver Breel, who claims to represent an arena fighting circuit on this world.', '15817', '0', '1', '0', '0', '0', '0', '0', '0', '', '', NULL, '0', '0', '0', '0', '0', '0', '0', '0', '', '', NULL, '0', '0', '0', '0', '0', '0', '0', '0', '', '', NULL, '0', '0', '0', '0', '0', '0', '0', '0', '', '', NULL, '0', '0', '0', '0', '0', '0', '0', '0', '', '', NULL, '0', '0', '0', '0', '0', '0', '0', '0', '', '', NULL, '0', '0', '0', '0', '0', '0', '0', '0', '', '', NULL, '0', '0', '0', '0', '0', '0', '0', '0');
INSERT INTO gossip_menu (`MenuID`, `TextID`) VALUES ('57086', '1872606');
-- Importing menu 8226 as 57087
INSERT INTO gossip_text (`ID`, `comment`, `text0_0`, `text0_1`, `BroadcastTextID0`, `lang0`, `Probability0`, `em0_0`, `em0_1`, `em0_2`, `em0_3`, `em0_4`, `em0_5`, `text1_0`, `text1_1`, `BroadcastTextID1`, `lang1`, `Probability1`, `em1_0`, `em1_1`, `em1_2`, `em1_3`, `em1_4`, `em1_5`, `text2_0`, `text2_1`, `BroadcastTextID2`, `lang2`, `Probability2`, `em2_0`, `em2_1`, `em2_2`, `em2_3`, `em2_4`, `em2_5`, `text3_0`, `text3_1`, `BroadcastTextID3`, `lang3`, `Probability3`, `em3_0`, `em3_1`, `em3_2`, `em3_3`, `em3_4`, `em3_5`, `text4_0`, `text4_1`, `BroadcastTextID4`, `lang4`, `Probability4`, `em4_0`, `em4_1`, `em4_2`, `em4_3`, `em4_4`, `em4_5`, `text5_0`, `text5_1`, `BroadcastTextID5`, `lang5`, `Probability5`, `em5_0`, `em5_1`, `em5_2`, `em5_3`, `em5_4`, `em5_5`, `text6_0`, `text6_1`, `BroadcastTextID6`, `lang6`, `Probability6`, `em6_0`, `em6_1`, `em6_2`, `em6_3`, `em6_4`, `em6_5`, `text7_0`, `text7_1`, `BroadcastTextID7`, `lang7`, `Probability7`, `em7_0`, `em7_1`, `em7_2`, `em7_3`, `em7_4`, `em7_5`) VALUES ('1872607', 'Imported from TC', 'You will find him in the Caregiver Center in the Seat of the Naaru. Light be with you.', 'You will find him in the Caregiver Center in the Seat of the Naaru. Light be with you.', '18611', '7', '1', '0', '0', '0', '0', '0', '0', '', '', NULL, '0', '0', '0', '0', '0', '0', '0', '0', '', '', NULL, '0', '0', '0', '0', '0', '0', '0', '0', '', '', NULL, '0', '0', '0', '0', '0', '0', '0', '0', '', '', NULL, '0', '0', '0', '0', '0', '0', '0', '0', '', '', NULL, '0', '0', '0', '0', '0', '0', '0', '0', '', '', NULL, '0', '0', '0', '0', '0', '0', '0', '0', '', '', NULL, '0', '0', '0', '0', '0', '0', '0', '0');
INSERT INTO gossip_menu (`MenuID`, `TextID`) VALUES ('57087', '1872607');
INSERT INTO points_of_interest (`ID`, `PositionX`, `PositionY`, `Icon`, `Flags`, `Importance`, `Name`, `VerifiedBuild`) VALUES ('264', '-3725.4', '-11688.4', '6', '99', '0', 'Arena Battlemaster Exodar', '0');
INSERT INTO gossip_menu_option (`MenuID`, `OptionID`, `OptionIcon`, `OptionText`, `OptionBroadcastTextID`, `OptionType`, `OptionNpcFlag`, `ActionMenuID`, `ActionPoiID`, `BoxCoded`, `BoxMoney`, `BoxText`, `BoxBroadcastTextID`) VALUES ('57086', '0', '0', 'Arena Battlemaster', '18610', '1', '1', '57087', '264', '0', '0', '', NULL);
INSERT INTO points_of_interest (`ID`, `PositionX`, `PositionY`, `Icon`, `Flags`, `Importance`, `Name`, `VerifiedBuild`) VALUES ('263', '-4000.54', '-11372.1', '6', '99', '0', 'Exodar, Battlemasters', '0');
INSERT INTO gossip_menu_option (`MenuID`, `OptionID`, `OptionIcon`, `OptionText`, `OptionBroadcastTextID`, `OptionType`, `OptionNpcFlag`, `ActionMenuID`, `ActionPoiID`, `BoxCoded`, `BoxMoney`, `BoxText`, `BoxBroadcastTextID`) VALUES ('7777', '8', '0', 'Battlemasters', '45377', '1', '1', '57086', '263', '0', '0', '', NULL);
-- Importing menu 7787 as 57088
INSERT INTO gossip_text (`ID`, `comment`, `text0_0`, `text0_1`, `BroadcastTextID0`, `lang0`, `Probability0`, `em0_0`, `em0_1`, `em0_2`, `em0_3`, `em0_4`, `em0_5`, `text1_0`, `text1_1`, `BroadcastTextID1`, `lang1`, `Probability1`, `em1_0`, `em1_1`, `em1_2`, `em1_3`, `em1_4`, `em1_5`, `text2_0`, `text2_1`, `BroadcastTextID2`, `lang2`, `Probability2`, `em2_0`, `em2_1`, `em2_2`, `em2_3`, `em2_4`, `em2_5`, `text3_0`, `text3_1`, `BroadcastTextID3`, `lang3`, `Probability3`, `em3_0`, `em3_1`, `em3_2`, `em3_3`, `em3_4`, `em3_5`, `text4_0`, `text4_1`, `BroadcastTextID4`, `lang4`, `Probability4`, `em4_0`, `em4_1`, `em4_2`, `em4_3`, `em4_4`, `em4_5`, `text5_0`, `text5_1`, `BroadcastTextID5`, `lang5`, `Probability5`, `em5_0`, `em5_1`, `em5_2`, `em5_3`, `em5_4`, `em5_5`, `text6_0`, `text6_1`, `BroadcastTextID6`, `lang6`, `Probability6`, `em6_0`, `em6_1`, `em6_2`, `em6_3`, `em6_4`, `em6_5`, `text7_0`, `text7_1`, `BroadcastTextID7`, `lang7`, `Probability7`, `em7_0`, `em7_1`, `em7_2`, `em7_3`, `em7_4`, `em7_5`) VALUES ('1872608', 'Imported from TC', 'What trainer do you seek?', 'What trainer do you seek?', '15819', '0', '1', '0', '0', '0', '0', '0', '0', '', '', NULL, '0', '0', '0', '0', '0', '0', '0', '0', '', '', NULL, '0', '0', '0', '0', '0', '0', '0', '0', '', '', NULL, '0', '0', '0', '0', '0', '0', '0', '0', '', '', NULL, '0', '0', '0', '0', '0', '0', '0', '0', '', '', NULL, '0', '0', '0', '0', '0', '0', '0', '0', '', '', NULL, '0', '0', '0', '0', '0', '0', '0', '0', '', '', NULL, '0', '0', '0', '0', '0', '0', '0', '0');
INSERT INTO gossip_menu (`MenuID`, `TextID`) VALUES ('57088', '1872608');
-- Importing menu 7789 as 57089
INSERT INTO gossip_text (`ID`, `comment`, `text0_0`, `text0_1`, `BroadcastTextID0`, `lang0`, `Probability0`, `em0_0`, `em0_1`, `em0_2`, `em0_3`, `em0_4`, `em0_5`, `text1_0`, `text1_1`, `BroadcastTextID1`, `lang1`, `Probability1`, `em1_0`, `em1_1`, `em1_2`, `em1_3`, `em1_4`, `em1_5`, `text2_0`, `text2_1`, `BroadcastTextID2`, `lang2`, `Probability2`, `em2_0`, `em2_1`, `em2_2`, `em2_3`, `em2_4`, `em2_5`, `text3_0`, `text3_1`, `BroadcastTextID3`, `lang3`, `Probability3`, `em3_0`, `em3_1`, `em3_2`, `em3_3`, `em3_4`, `em3_5`, `text4_0`, `text4_1`, `BroadcastTextID4`, `lang4`, `Probability4`, `em4_0`, `em4_1`, `em4_2`, `em4_3`, `em4_4`, `em4_5`, `text5_0`, `text5_1`, `BroadcastTextID5`, `lang5`, `Probability5`, `em5_0`, `em5_1`, `em5_2`, `em5_3`, `em5_4`, `em5_5`, `text6_0`, `text6_1`, `BroadcastTextID6`, `lang6`, `Probability6`, `em6_0`, `em6_1`, `em6_2`, `em6_3`, `em6_4`, `em6_5`, `text7_0`, `text7_1`, `BroadcastTextID7`, `lang7`, `Probability7`, `em7_0`, `em7_1`, `em7_2`, `em7_3`, `em7_4`, `em7_5`) VALUES ('1872609', 'Imported from TC', 'Druid?  Ah... Shalannius, you seek Shalannius.  You shall find this night elf outside of the Exodar, near Valaar\'s Berth.', 'Druid?  Ah... Shalannius, you seek Shalannius.  You shall find this night elf outside of the Exodar, near Valaar\'s Berth.', '15820', '0', '1', '0', '0', '0', '0', '0', '0', '', '', NULL, '0', '0', '0', '0', '0', '0', '0', '0', '', '', NULL, '0', '0', '0', '0', '0', '0', '0', '0', '', '', NULL, '0', '0', '0', '0', '0', '0', '0', '0', '', '', NULL, '0', '0', '0', '0', '0', '0', '0', '0', '', '', NULL, '0', '0', '0', '0', '0', '0', '0', '0', '', '', NULL, '0', '0', '0', '0', '0', '0', '0', '0', '', '', NULL, '0', '0', '0', '0', '0', '0', '0', '0');
INSERT INTO gossip_menu (`MenuID`, `TextID`) VALUES ('57089', '1872609');
INSERT INTO points_of_interest (`ID`, `PositionX`, `PositionY`, `Icon`, `Flags`, `Importance`, `Name`, `VerifiedBuild`) VALUES ('198', '-4272', '-11495.5', '6', '99', '0', 'Exodar, Druid Trainer', '0');
INSERT INTO gossip_menu_option (`MenuID`, `OptionID`, `OptionIcon`, `OptionText`, `OptionBroadcastTextID`, `OptionType`, `OptionNpcFlag`, `ActionMenuID`, `ActionPoiID`, `BoxCoded`, `BoxMoney`, `BoxText`, `BoxBroadcastTextID`) VALUES ('57088', '0', '0', 'Druid', '45409', '1', '1', '57089', '198', '0', '0', '', NULL);
-- Importing menu 7790 as 57090
INSERT INTO gossip_text (`ID`, `comment`, `text0_0`, `text0_1`, `BroadcastTextID0`, `lang0`, `Probability0`, `em0_0`, `em0_1`, `em0_2`, `em0_3`, `em0_4`, `em0_5`, `text1_0`, `text1_1`, `BroadcastTextID1`, `lang1`, `Probability1`, `em1_0`, `em1_1`, `em1_2`, `em1_3`, `em1_4`, `em1_5`, `text2_0`, `text2_1`, `BroadcastTextID2`, `lang2`, `Probability2`, `em2_0`, `em2_1`, `em2_2`, `em2_3`, `em2_4`, `em2_5`, `text3_0`, `text3_1`, `BroadcastTextID3`, `lang3`, `Probability3`, `em3_0`, `em3_1`, `em3_2`, `em3_3`, `em3_4`, `em3_5`, `text4_0`, `text4_1`, `BroadcastTextID4`, `lang4`, `Probability4`, `em4_0`, `em4_1`, `em4_2`, `em4_3`, `em4_4`, `em4_5`, `text5_0`, `text5_1`, `BroadcastTextID5`, `lang5`, `Probability5`, `em5_0`, `em5_1`, `em5_2`, `em5_3`, `em5_4`, `em5_5`, `text6_0`, `text6_1`, `BroadcastTextID6`, `lang6`, `Probability6`, `em6_0`, `em6_1`, `em6_2`, `em6_3`, `em6_4`, `em6_5`, `text7_0`, `text7_1`, `BroadcastTextID7`, `lang7`, `Probability7`, `em7_0`, `em7_1`, `em7_2`, `em7_3`, `em7_4`, `em7_5`) VALUES ('1872610', 'Imported from TC', 'You seek the hunters?  You will find them on the second level of the Trader\'s Tier, in the Hall of the Hunt.', 'You seek the hunters?  You will find them on the second level of the Trader\'s Tier, in the Hall of the Hunt.', '15845', '0', '1', '0', '0', '0', '0', '0', '0', '', '', NULL, '0', '0', '0', '0', '0', '0', '0', '0', '', '', NULL, '0', '0', '0', '0', '0', '0', '0', '0', '', '', NULL, '0', '0', '0', '0', '0', '0', '0', '0', '', '', NULL, '0', '0', '0', '0', '0', '0', '0', '0', '', '', NULL, '0', '0', '0', '0', '0', '0', '0', '0', '', '', NULL, '0', '0', '0', '0', '0', '0', '0', '0', '', '', NULL, '0', '0', '0', '0', '0', '0', '0', '0');
INSERT INTO gossip_menu (`MenuID`, `TextID`) VALUES ('57090', '1872610');
INSERT INTO points_of_interest (`ID`, `PositionX`, `PositionY`, `Icon`, `Flags`, `Importance`, `Name`, `VerifiedBuild`) VALUES ('199', '-4239', '-11558.2', '6', '99', '0', 'Exodar, Hunter Trainers', '0');
INSERT INTO gossip_menu_option (`MenuID`, `OptionID`, `OptionIcon`, `OptionText`, `OptionBroadcastTextID`, `OptionType`, `OptionNpcFlag`, `ActionMenuID`, `ActionPoiID`, `BoxCoded`, `BoxMoney`, `BoxText`, `BoxBroadcastTextID`) VALUES ('57088', '1', '0', 'Hunter', '50546', '1', '1', '57090', '199', '0', '0', '', NULL);
INSERT INTO gossip_text (`ID`, `comment`, `text0_0`, `text0_1`, `BroadcastTextID0`, `lang0`, `Probability0`, `em0_0`, `em0_1`, `em0_2`, `em0_3`, `em0_4`, `em0_5`, `text1_0`, `text1_1`, `BroadcastTextID1`, `lang1`, `Probability1`, `em1_0`, `em1_1`, `em1_2`, `em1_3`, `em1_4`, `em1_5`, `text2_0`, `text2_1`, `BroadcastTextID2`, `lang2`, `Probability2`, `em2_0`, `em2_1`, `em2_2`, `em2_3`, `em2_4`, `em2_5`, `text3_0`, `text3_1`, `BroadcastTextID3`, `lang3`, `Probability3`, `em3_0`, `em3_1`, `em3_2`, `em3_3`, `em3_4`, `em3_5`, `text4_0`, `text4_1`, `BroadcastTextID4`, `lang4`, `Probability4`, `em4_0`, `em4_1`, `em4_2`, `em4_3`, `em4_4`, `em4_5`, `text5_0`, `text5_1`, `BroadcastTextID5`, `lang5`, `Probability5`, `em5_0`, `em5_1`, `em5_2`, `em5_3`, `em5_4`, `em5_5`, `text6_0`, `text6_1`, `BroadcastTextID6`, `lang6`, `Probability6`, `em6_0`, `em6_1`, `em6_2`, `em6_3`, `em6_4`, `em6_5`, `text7_0`, `text7_1`, `BroadcastTextID7`, `lang7`, `Probability7`, `em7_0`, `em7_1`, `em7_2`, `em7_3`, `em7_4`, `em7_5`) VALUES ('1872611', 'Imported from TC', 'You will find our mages in the Vault of Lights.  Go with the Light.', 'You will find our mages in the Vault of Lights.  Go with the Light.', '15855', '0', '1', '0', '0', '0', '0', '0', '0', '', '', NULL, '0', '0', '0', '0', '0', '0', '0', '0', '', '', NULL, '0', '0', '0', '0', '0', '0', '0', '0', '', '', NULL, '0', '0', '0', '0', '0', '0', '0', '0', '', '', NULL, '0', '0', '0', '0', '0', '0', '0', '0', '', '', NULL, '0', '0', '0', '0', '0', '0', '0', '0', '', '', NULL, '0', '0', '0', '0', '0', '0', '0', '0', '', '', NULL, '0', '0', '0', '0', '0', '0', '0', '0');
INSERT INTO gossip_menu (`MenuID`, `TextID`) VALUES ('7791', '1872611');
INSERT INTO points_of_interest (`ID`, `PositionX`, `PositionY`, `Icon`, `Flags`, `Importance`, `Name`, `VerifiedBuild`) VALUES ('200', '-4048', '-11559.9', '6', '99', '0', 'Exodar, Mage Trainers', '0');
INSERT INTO gossip_menu_option (`MenuID`, `OptionID`, `OptionIcon`, `OptionText`, `OptionBroadcastTextID`, `OptionType`, `OptionNpcFlag`, `ActionMenuID`, `ActionPoiID`, `BoxCoded`, `BoxMoney`, `BoxText`, `BoxBroadcastTextID`) VALUES ('57088', '2', '0', 'Mage', '45404', '1', '1', '7791', '200', '0', '0', '', NULL);
-- Importing menu 7792 as 57091
INSERT INTO gossip_text (`ID`, `comment`, `text0_0`, `text0_1`, `BroadcastTextID0`, `lang0`, `Probability0`, `em0_0`, `em0_1`, `em0_2`, `em0_3`, `em0_4`, `em0_5`, `text1_0`, `text1_1`, `BroadcastTextID1`, `lang1`, `Probability1`, `em1_0`, `em1_1`, `em1_2`, `em1_3`, `em1_4`, `em1_5`, `text2_0`, `text2_1`, `BroadcastTextID2`, `lang2`, `Probability2`, `em2_0`, `em2_1`, `em2_2`, `em2_3`, `em2_4`, `em2_5`, `text3_0`, `text3_1`, `BroadcastTextID3`, `lang3`, `Probability3`, `em3_0`, `em3_1`, `em3_2`, `em3_3`, `em3_4`, `em3_5`, `text4_0`, `text4_1`, `BroadcastTextID4`, `lang4`, `Probability4`, `em4_0`, `em4_1`, `em4_2`, `em4_3`, `em4_4`, `em4_5`, `text5_0`, `text5_1`, `BroadcastTextID5`, `lang5`, `Probability5`, `em5_0`, `em5_1`, `em5_2`, `em5_3`, `em5_4`, `em5_5`, `text6_0`, `text6_1`, `BroadcastTextID6`, `lang6`, `Probability6`, `em6_0`, `em6_1`, `em6_2`, `em6_3`, `em6_4`, `em6_5`, `text7_0`, `text7_1`, `BroadcastTextID7`, `lang7`, `Probability7`, `em7_0`, `em7_1`, `em7_2`, `em7_3`, `em7_4`, `em7_5`) VALUES ('1872612', 'Imported from TC', 'The Exodar\'s paladin trainers are found in the luminous Chapel of Light in the Seat of the Naaru.', 'The Exodar\'s paladin trainers are found in the luminous Chapel of Light in the Seat of the Naaru.', '15858', '0', '1', '0', '0', '0', '0', '0', '0', '', '', NULL, '0', '0', '0', '0', '0', '0', '0', '0', '', '', NULL, '0', '0', '0', '0', '0', '0', '0', '0', '', '', NULL, '0', '0', '0', '0', '0', '0', '0', '0', '', '', NULL, '0', '0', '0', '0', '0', '0', '0', '0', '', '', NULL, '0', '0', '0', '0', '0', '0', '0', '0', '', '', NULL, '0', '0', '0', '0', '0', '0', '0', '0', '', '', NULL, '0', '0', '0', '0', '0', '0', '0', '0');
INSERT INTO gossip_menu (`MenuID`, `TextID`) VALUES ('57091', '1872612');
INSERT INTO points_of_interest (`ID`, `PositionX`, `PositionY`, `Icon`, `Flags`, `Importance`, `Name`, `VerifiedBuild`) VALUES ('201', '-4178', '-11477', '6', '99', '0', 'Exodar, Paladin Trainers', '0');
INSERT INTO gossip_menu_option (`MenuID`, `OptionID`, `OptionIcon`, `OptionText`, `OptionBroadcastTextID`, `OptionType`, `OptionNpcFlag`, `ActionMenuID`, `ActionPoiID`, `BoxCoded`, `BoxMoney`, `BoxText`, `BoxBroadcastTextID`) VALUES ('57088', '3', '0', 'Paladin', '48028', '1', '1', '57091', '201', '0', '0', '', NULL);
INSERT INTO gossip_text (`ID`, `comment`, `text0_0`, `text0_1`, `BroadcastTextID0`, `lang0`, `Probability0`, `em0_0`, `em0_1`, `em0_2`, `em0_3`, `em0_4`, `em0_5`, `text1_0`, `text1_1`, `BroadcastTextID1`, `lang1`, `Probability1`, `em1_0`, `em1_1`, `em1_2`, `em1_3`, `em1_4`, `em1_5`, `text2_0`, `text2_1`, `BroadcastTextID2`, `lang2`, `Probability2`, `em2_0`, `em2_1`, `em2_2`, `em2_3`, `em2_4`, `em2_5`, `text3_0`, `text3_1`, `BroadcastTextID3`, `lang3`, `Probability3`, `em3_0`, `em3_1`, `em3_2`, `em3_3`, `em3_4`, `em3_5`, `text4_0`, `text4_1`, `BroadcastTextID4`, `lang4`, `Probability4`, `em4_0`, `em4_1`, `em4_2`, `em4_3`, `em4_4`, `em4_5`, `text5_0`, `text5_1`, `BroadcastTextID5`, `lang5`, `Probability5`, `em5_0`, `em5_1`, `em5_2`, `em5_3`, `em5_4`, `em5_5`, `text6_0`, `text6_1`, `BroadcastTextID6`, `lang6`, `Probability6`, `em6_0`, `em6_1`, `em6_2`, `em6_3`, `em6_4`, `em6_5`, `text7_0`, `text7_1`, `BroadcastTextID7`, `lang7`, `Probability7`, `em7_0`, `em7_1`, `em7_2`, `em7_3`, `em7_4`, `em7_5`) VALUES ('1872613', 'Imported from TC', 'Our priest trainers can be found within the Order of Light\'s chamber, at the entrance to the Seat of the Naaru. Light be with you.', 'Our priest trainers can be found within the Order of Light\'s chamber, at the entrance to the Seat of the Naaru. Light be with you.', '15859', '0', '1', '0', '0', '0', '0', '0', '0', '', '', NULL, '0', '0', '0', '0', '0', '0', '0', '0', '', '', NULL, '0', '0', '0', '0', '0', '0', '0', '0', '', '', NULL, '0', '0', '0', '0', '0', '0', '0', '0', '', '', NULL, '0', '0', '0', '0', '0', '0', '0', '0', '', '', NULL, '0', '0', '0', '0', '0', '0', '0', '0', '', '', NULL, '0', '0', '0', '0', '0', '0', '0', '0', '', '', NULL, '0', '0', '0', '0', '0', '0', '0', '0');
INSERT INTO gossip_menu (`MenuID`, `TextID`) VALUES ('7793', '1872613');
INSERT INTO points_of_interest (`ID`, `PositionX`, `PositionY`, `Icon`, `Flags`, `Importance`, `Name`, `VerifiedBuild`) VALUES ('202', '-3975', '-11486.1', '6', '99', '0', 'Exodar, Priest Trainers', '0');
INSERT INTO gossip_menu_option (`MenuID`, `OptionID`, `OptionIcon`, `OptionText`, `OptionBroadcastTextID`, `OptionType`, `OptionNpcFlag`, `ActionMenuID`, `ActionPoiID`, `BoxCoded`, `BoxMoney`, `BoxText`, `BoxBroadcastTextID`) VALUES ('57088', '4', '0', 'Priest', '45405', '1', '1', '7793', '202', '0', '0', '', NULL);
INSERT INTO gossip_text (`ID`, `comment`, `text0_0`, `text0_1`, `BroadcastTextID0`, `lang0`, `Probability0`, `em0_0`, `em0_1`, `em0_2`, `em0_3`, `em0_4`, `em0_5`, `text1_0`, `text1_1`, `BroadcastTextID1`, `lang1`, `Probability1`, `em1_0`, `em1_1`, `em1_2`, `em1_3`, `em1_4`, `em1_5`, `text2_0`, `text2_1`, `BroadcastTextID2`, `lang2`, `Probability2`, `em2_0`, `em2_1`, `em2_2`, `em2_3`, `em2_4`, `em2_5`, `text3_0`, `text3_1`, `BroadcastTextID3`, `lang3`, `Probability3`, `em3_0`, `em3_1`, `em3_2`, `em3_3`, `em3_4`, `em3_5`, `text4_0`, `text4_1`, `BroadcastTextID4`, `lang4`, `Probability4`, `em4_0`, `em4_1`, `em4_2`, `em4_3`, `em4_4`, `em4_5`, `text5_0`, `text5_1`, `BroadcastTextID5`, `lang5`, `Probability5`, `em5_0`, `em5_1`, `em5_2`, `em5_3`, `em5_4`, `em5_5`, `text6_0`, `text6_1`, `BroadcastTextID6`, `lang6`, `Probability6`, `em6_0`, `em6_1`, `em6_2`, `em6_3`, `em6_4`, `em6_5`, `text7_0`, `text7_1`, `BroadcastTextID7`, `lang7`, `Probability7`, `em7_0`, `em7_1`, `em7_2`, `em7_3`, `em7_4`, `em7_5`) VALUES ('1872614', 'Imported from TC', 'You will find a number of shaman trainers in the Crystal Hall. Perhaps you should visit Farseer Nobundo there, and show the Broken some pity. Light be with you.', 'You will find a number of shaman trainers in the Crystal Hall. Perhaps you should visit Farseer Nobundo there, and show the Broken some pity. Light be with you.', '15861', '0', '1', '0', '0', '0', '0', '0', '0', '', '', NULL, '0', '0', '0', '0', '0', '0', '0', '0', '', '', NULL, '0', '0', '0', '0', '0', '0', '0', '0', '', '', NULL, '0', '0', '0', '0', '0', '0', '0', '0', '', '', NULL, '0', '0', '0', '0', '0', '0', '0', '0', '', '', NULL, '0', '0', '0', '0', '0', '0', '0', '0', '', '', NULL, '0', '0', '0', '0', '0', '0', '0', '0', '', '', NULL, '0', '0', '0', '0', '0', '0', '0', '0');
INSERT INTO gossip_menu (`MenuID`, `TextID`) VALUES ('7794', '1872614');
INSERT INTO points_of_interest (`ID`, `PositionX`, `PositionY`, `Icon`, `Flags`, `Importance`, `Name`, `VerifiedBuild`) VALUES ('203', '-3848', '-11392.7', '6', '99', '0', 'Exodar, Shaman Trainer', '0');
INSERT INTO gossip_menu_option (`MenuID`, `OptionID`, `OptionIcon`, `OptionText`, `OptionBroadcastTextID`, `OptionType`, `OptionNpcFlag`, `ActionMenuID`, `ActionPoiID`, `BoxCoded`, `BoxMoney`, `BoxText`, `BoxBroadcastTextID`) VALUES ('57088', '5', '0', 'Shaman', '45410', '1', '1', '7794', '203', '0', '0', '', NULL);
INSERT INTO gossip_text (`ID`, `comment`, `text0_0`, `text0_1`, `BroadcastTextID0`, `lang0`, `Probability0`, `em0_0`, `em0_1`, `em0_2`, `em0_3`, `em0_4`, `em0_5`, `text1_0`, `text1_1`, `BroadcastTextID1`, `lang1`, `Probability1`, `em1_0`, `em1_1`, `em1_2`, `em1_3`, `em1_4`, `em1_5`, `text2_0`, `text2_1`, `BroadcastTextID2`, `lang2`, `Probability2`, `em2_0`, `em2_1`, `em2_2`, `em2_3`, `em2_4`, `em2_5`, `text3_0`, `text3_1`, `BroadcastTextID3`, `lang3`, `Probability3`, `em3_0`, `em3_1`, `em3_2`, `em3_3`, `em3_4`, `em3_5`, `text4_0`, `text4_1`, `BroadcastTextID4`, `lang4`, `Probability4`, `em4_0`, `em4_1`, `em4_2`, `em4_3`, `em4_4`, `em4_5`, `text5_0`, `text5_1`, `BroadcastTextID5`, `lang5`, `Probability5`, `em5_0`, `em5_1`, `em5_2`, `em5_3`, `em5_4`, `em5_5`, `text6_0`, `text6_1`, `BroadcastTextID6`, `lang6`, `Probability6`, `em6_0`, `em6_1`, `em6_2`, `em6_3`, `em6_4`, `em6_5`, `text7_0`, `text7_1`, `BroadcastTextID7`, `lang7`, `Probability7`, `em7_0`, `em7_1`, `em7_2`, `em7_3`, `em7_4`, `em7_5`) VALUES ('1872615', 'Imported from TC', 'Looking to be a great warrior?  War does not make one great.  Still, you will find our great warrior trainers on the Warriors\' Terrace, overlooking the rest of the Trader\'s Tier.', 'Looking to be a great warrior?  War does not make one great.  Still, you will find our great warrior trainers on the Warriors\' Terrace, overlooking the rest of the Trader\'s Tier.', '15867', '0', '1', '0', '0', '0', '0', '0', '0', '', '', NULL, '0', '0', '0', '0', '0', '0', '0', '0', '', '', NULL, '0', '0', '0', '0', '0', '0', '0', '0', '', '', NULL, '0', '0', '0', '0', '0', '0', '0', '0', '', '', NULL, '0', '0', '0', '0', '0', '0', '0', '0', '', '', NULL, '0', '0', '0', '0', '0', '0', '0', '0', '', '', NULL, '0', '0', '0', '0', '0', '0', '0', '0', '', '', NULL, '0', '0', '0', '0', '0', '0', '0', '0');
INSERT INTO gossip_menu (`MenuID`, `TextID`) VALUES ('7795', '1872615');
INSERT INTO points_of_interest (`ID`, `PositionX`, `PositionY`, `Icon`, `Flags`, `Importance`, `Name`, `VerifiedBuild`) VALUES ('204', '-4194', '-11649.1', '6', '99', '0', 'Exodar, Warrior Trainers', '0');
INSERT INTO gossip_menu_option (`MenuID`, `OptionID`, `OptionIcon`, `OptionText`, `OptionBroadcastTextID`, `OptionType`, `OptionNpcFlag`, `ActionMenuID`, `ActionPoiID`, `BoxCoded`, `BoxMoney`, `BoxText`, `BoxBroadcastTextID`) VALUES ('57088', '6', '0', 'Warrior', '45408', '1', '1', '7795', '204', '0', '0', '', NULL);
INSERT INTO gossip_menu_option (`MenuID`, `OptionID`, `OptionIcon`, `OptionText`, `OptionBroadcastTextID`, `OptionType`, `OptionNpcFlag`, `ActionMenuID`, `ActionPoiID`, `BoxCoded`, `BoxMoney`, `BoxText`, `BoxBroadcastTextID`) VALUES ('7777', '9', '0', 'Class Trainer', '45378', '1', '1', '57088', NULL, '0', '0', '', NULL);
INSERT INTO gossip_text (`ID`, `comment`, `text0_0`, `text0_1`, `BroadcastTextID0`, `lang0`, `Probability0`, `em0_0`, `em0_1`, `em0_2`, `em0_3`, `em0_4`, `em0_5`, `text1_0`, `text1_1`, `BroadcastTextID1`, `lang1`, `Probability1`, `em1_0`, `em1_1`, `em1_2`, `em1_3`, `em1_4`, `em1_5`, `text2_0`, `text2_1`, `BroadcastTextID2`, `lang2`, `Probability2`, `em2_0`, `em2_1`, `em2_2`, `em2_3`, `em2_4`, `em2_5`, `text3_0`, `text3_1`, `BroadcastTextID3`, `lang3`, `Probability3`, `em3_0`, `em3_1`, `em3_2`, `em3_3`, `em3_4`, `em3_5`, `text4_0`, `text4_1`, `BroadcastTextID4`, `lang4`, `Probability4`, `em4_0`, `em4_1`, `em4_2`, `em4_3`, `em4_4`, `em4_5`, `text5_0`, `text5_1`, `BroadcastTextID5`, `lang5`, `Probability5`, `em5_0`, `em5_1`, `em5_2`, `em5_3`, `em5_4`, `em5_5`, `text6_0`, `text6_1`, `BroadcastTextID6`, `lang6`, `Probability6`, `em6_0`, `em6_1`, `em6_2`, `em6_3`, `em6_4`, `em6_5`, `text7_0`, `text7_1`, `BroadcastTextID7`, `lang7`, `Probability7`, `em7_0`, `em7_1`, `em7_2`, `em7_3`, `em7_4`, `em7_5`) VALUES ('1872616', 'Imported from TC', 'Which profession trainer are you looking for?', 'Which profession trainer are you looking for?', '15860', '0', '1', '0', '0', '0', '0', '0', '0', '', '', NULL, '0', '0', '0', '0', '0', '0', '0', '0', '', '', NULL, '0', '0', '0', '0', '0', '0', '0', '0', '', '', NULL, '0', '0', '0', '0', '0', '0', '0', '0', '', '', NULL, '0', '0', '0', '0', '0', '0', '0', '0', '', '', NULL, '0', '0', '0', '0', '0', '0', '0', '0', '', '', NULL, '0', '0', '0', '0', '0', '0', '0', '0', '', '', NULL, '0', '0', '0', '0', '0', '0', '0', '0');
INSERT INTO gossip_menu (`MenuID`, `TextID`) VALUES ('7788', '1872616');
INSERT INTO gossip_text (`ID`, `comment`, `text0_0`, `text0_1`, `BroadcastTextID0`, `lang0`, `Probability0`, `em0_0`, `em0_1`, `em0_2`, `em0_3`, `em0_4`, `em0_5`, `text1_0`, `text1_1`, `BroadcastTextID1`, `lang1`, `Probability1`, `em1_0`, `em1_1`, `em1_2`, `em1_3`, `em1_4`, `em1_5`, `text2_0`, `text2_1`, `BroadcastTextID2`, `lang2`, `Probability2`, `em2_0`, `em2_1`, `em2_2`, `em2_3`, `em2_4`, `em2_5`, `text3_0`, `text3_1`, `BroadcastTextID3`, `lang3`, `Probability3`, `em3_0`, `em3_1`, `em3_2`, `em3_3`, `em3_4`, `em3_5`, `text4_0`, `text4_1`, `BroadcastTextID4`, `lang4`, `Probability4`, `em4_0`, `em4_1`, `em4_2`, `em4_3`, `em4_4`, `em4_5`, `text5_0`, `text5_1`, `BroadcastTextID5`, `lang5`, `Probability5`, `em5_0`, `em5_1`, `em5_2`, `em5_3`, `em5_4`, `em5_5`, `text6_0`, `text6_1`, `BroadcastTextID6`, `lang6`, `Probability6`, `em6_0`, `em6_1`, `em6_2`, `em6_3`, `em6_4`, `em6_5`, `text7_0`, `text7_1`, `BroadcastTextID7`, `lang7`, `Probability7`, `em7_0`, `em7_1`, `em7_2`, `em7_3`, `em7_4`, `em7_5`) VALUES ('1872617', 'Imported from TC', 'You will find our alchemist trainers in the Vault of Lights. Go with the Light.', 'You will find our alchemist trainers in the Vault of Lights. Go with the Light.', '15813', '0', '1', '0', '0', '0', '0', '0', '0', '', '', NULL, '0', '0', '0', '0', '0', '0', '0', '0', '', '', NULL, '0', '0', '0', '0', '0', '0', '0', '0', '', '', NULL, '0', '0', '0', '0', '0', '0', '0', '0', '', '', NULL, '0', '0', '0', '0', '0', '0', '0', '0', '', '', NULL, '0', '0', '0', '0', '0', '0', '0', '0', '', '', NULL, '0', '0', '0', '0', '0', '0', '0', '0', '', '', NULL, '0', '0', '0', '0', '0', '0', '0', '0');
INSERT INTO gossip_menu (`MenuID`, `TextID`) VALUES ('7796', '1872617');
INSERT INTO points_of_interest (`ID`, `PositionX`, `PositionY`, `Icon`, `Flags`, `Importance`, `Name`, `VerifiedBuild`) VALUES ('205', '-4043', '-11364.8', '6', '99', '0', 'Exodar, Alchemist Trainers', '0');
INSERT INTO gossip_menu_option (`MenuID`, `OptionID`, `OptionIcon`, `OptionText`, `OptionBroadcastTextID`, `OptionType`, `OptionNpcFlag`, `ActionMenuID`, `ActionPoiID`, `BoxCoded`, `BoxMoney`, `BoxText`, `BoxBroadcastTextID`) VALUES ('7788', '0', '0', 'Alchemy', '52058', '1', '1', '7796', '205', '0', '0', '', NULL);
-- Importing menu 7797 as 57092
INSERT INTO gossip_text (`ID`, `comment`, `text0_0`, `text0_1`, `BroadcastTextID0`, `lang0`, `Probability0`, `em0_0`, `em0_1`, `em0_2`, `em0_3`, `em0_4`, `em0_5`, `text1_0`, `text1_1`, `BroadcastTextID1`, `lang1`, `Probability1`, `em1_0`, `em1_1`, `em1_2`, `em1_3`, `em1_4`, `em1_5`, `text2_0`, `text2_1`, `BroadcastTextID2`, `lang2`, `Probability2`, `em2_0`, `em2_1`, `em2_2`, `em2_3`, `em2_4`, `em2_5`, `text3_0`, `text3_1`, `BroadcastTextID3`, `lang3`, `Probability3`, `em3_0`, `em3_1`, `em3_2`, `em3_3`, `em3_4`, `em3_5`, `text4_0`, `text4_1`, `BroadcastTextID4`, `lang4`, `Probability4`, `em4_0`, `em4_1`, `em4_2`, `em4_3`, `em4_4`, `em4_5`, `text5_0`, `text5_1`, `BroadcastTextID5`, `lang5`, `Probability5`, `em5_0`, `em5_1`, `em5_2`, `em5_3`, `em5_4`, `em5_5`, `text6_0`, `text6_1`, `BroadcastTextID6`, `lang6`, `Probability6`, `em6_0`, `em6_1`, `em6_2`, `em6_3`, `em6_4`, `em6_5`, `text7_0`, `text7_1`, `BroadcastTextID7`, `lang7`, `Probability7`, `em7_0`, `em7_1`, `em7_2`, `em7_3`, `em7_4`, `em7_5`) VALUES ('1872618', 'Imported from TC', 'Miall is our chief blacksmith on the Exodar. She can be found on the lower level of the Trader\'s Tier.  Go with the Light.', 'Miall is our chief blacksmith on the Exodar. She can be found on the lower level of the Trader\'s Tier.  Go with the Light.', '15818', '0', '1', '0', '0', '0', '0', '0', '0', '', '', NULL, '0', '0', '0', '0', '0', '0', '0', '0', '', '', NULL, '0', '0', '0', '0', '0', '0', '0', '0', '', '', NULL, '0', '0', '0', '0', '0', '0', '0', '0', '', '', NULL, '0', '0', '0', '0', '0', '0', '0', '0', '', '', NULL, '0', '0', '0', '0', '0', '0', '0', '0', '', '', NULL, '0', '0', '0', '0', '0', '0', '0', '0', '', '', NULL, '0', '0', '0', '0', '0', '0', '0', '0');
INSERT INTO gossip_menu (`MenuID`, `TextID`) VALUES ('57092', '1872618');
INSERT INTO points_of_interest (`ID`, `PositionX`, `PositionY`, `Icon`, `Flags`, `Importance`, `Name`, `VerifiedBuild`) VALUES ('206', '-4241', '-11713.5', '6', '99', '0', 'Exodar, Blacksmithing Trainers', '0');
INSERT INTO gossip_menu_option (`MenuID`, `OptionID`, `OptionIcon`, `OptionText`, `OptionBroadcastTextID`, `OptionType`, `OptionNpcFlag`, `ActionMenuID`, `ActionPoiID`, `BoxCoded`, `BoxMoney`, `BoxText`, `BoxBroadcastTextID`) VALUES ('7788', '1', '0', 'Blacksmithing', '51346', '1', '1', '57092', '206', '0', '0', '', NULL);
INSERT INTO gossip_text (`ID`, `comment`, `text0_0`, `text0_1`, `BroadcastTextID0`, `lang0`, `Probability0`, `em0_0`, `em0_1`, `em0_2`, `em0_3`, `em0_4`, `em0_5`, `text1_0`, `text1_1`, `BroadcastTextID1`, `lang1`, `Probability1`, `em1_0`, `em1_1`, `em1_2`, `em1_3`, `em1_4`, `em1_5`, `text2_0`, `text2_1`, `BroadcastTextID2`, `lang2`, `Probability2`, `em2_0`, `em2_1`, `em2_2`, `em2_3`, `em2_4`, `em2_5`, `text3_0`, `text3_1`, `BroadcastTextID3`, `lang3`, `Probability3`, `em3_0`, `em3_1`, `em3_2`, `em3_3`, `em3_4`, `em3_5`, `text4_0`, `text4_1`, `BroadcastTextID4`, `lang4`, `Probability4`, `em4_0`, `em4_1`, `em4_2`, `em4_3`, `em4_4`, `em4_5`, `text5_0`, `text5_1`, `BroadcastTextID5`, `lang5`, `Probability5`, `em5_0`, `em5_1`, `em5_2`, `em5_3`, `em5_4`, `em5_5`, `text6_0`, `text6_1`, `BroadcastTextID6`, `lang6`, `Probability6`, `em6_0`, `em6_1`, `em6_2`, `em6_3`, `em6_4`, `em6_5`, `text7_0`, `text7_1`, `BroadcastTextID7`, `lang7`, `Probability7`, `em7_0`, `em7_1`, `em7_2`, `em7_3`, `em7_4`, `em7_5`) VALUES ('1872619', 'Imported from TC', 'Our enchanters are located in the Crystal Hall opposite the jewel crafters.  Light be with you.', 'Our enchanters are located in the Crystal Hall opposite the jewel crafters.  Light be with you.', '15821', '0', '1', '0', '0', '0', '0', '0', '0', '', '', NULL, '0', '0', '0', '0', '0', '0', '0', '0', '', '', NULL, '0', '0', '0', '0', '0', '0', '0', '0', '', '', NULL, '0', '0', '0', '0', '0', '0', '0', '0', '', '', NULL, '0', '0', '0', '0', '0', '0', '0', '0', '', '', NULL, '0', '0', '0', '0', '0', '0', '0', '0', '', '', NULL, '0', '0', '0', '0', '0', '0', '0', '0', '', '', NULL, '0', '0', '0', '0', '0', '0', '0', '0');
INSERT INTO gossip_menu (`MenuID`, `TextID`) VALUES ('7798', '1872619');
INSERT INTO points_of_interest (`ID`, `PositionX`, `PositionY`, `Icon`, `Flags`, `Importance`, `Name`, `VerifiedBuild`) VALUES ('207', '-3887', '-11493.7', '6', '99', '0', 'Exodar, Enchanters', '0');
INSERT INTO gossip_menu_option (`MenuID`, `OptionID`, `OptionIcon`, `OptionText`, `OptionBroadcastTextID`, `OptionType`, `OptionNpcFlag`, `ActionMenuID`, `ActionPoiID`, `BoxCoded`, `BoxMoney`, `BoxText`, `BoxBroadcastTextID`) VALUES ('7788', '2', '0', 'Enchanting', '52063', '1', '1', '7798', '207', '0', '0', '', NULL);
INSERT INTO gossip_text (`ID`, `comment`, `text0_0`, `text0_1`, `BroadcastTextID0`, `lang0`, `Probability0`, `em0_0`, `em0_1`, `em0_2`, `em0_3`, `em0_4`, `em0_5`, `text1_0`, `text1_1`, `BroadcastTextID1`, `lang1`, `Probability1`, `em1_0`, `em1_1`, `em1_2`, `em1_3`, `em1_4`, `em1_5`, `text2_0`, `text2_1`, `BroadcastTextID2`, `lang2`, `Probability2`, `em2_0`, `em2_1`, `em2_2`, `em2_3`, `em2_4`, `em2_5`, `text3_0`, `text3_1`, `BroadcastTextID3`, `lang3`, `Probability3`, `em3_0`, `em3_1`, `em3_2`, `em3_3`, `em3_4`, `em3_5`, `text4_0`, `text4_1`, `BroadcastTextID4`, `lang4`, `Probability4`, `em4_0`, `em4_1`, `em4_2`, `em4_3`, `em4_4`, `em4_5`, `text5_0`, `text5_1`, `BroadcastTextID5`, `lang5`, `Probability5`, `em5_0`, `em5_1`, `em5_2`, `em5_3`, `em5_4`, `em5_5`, `text6_0`, `text6_1`, `BroadcastTextID6`, `lang6`, `Probability6`, `em6_0`, `em6_1`, `em6_2`, `em6_3`, `em6_4`, `em6_5`, `text7_0`, `text7_1`, `BroadcastTextID7`, `lang7`, `Probability7`, `em7_0`, `em7_1`, `em7_2`, `em7_3`, `em7_4`, `em7_5`) VALUES ('1872620', 'Imported from TC', 'So, you are willing to help repair the mighty Exodar?  I heard it will take years before the Exodar is fully functional once more.  You have two hours.  Just kidding.  Our engineers are located on the lower levels of the Trader\'s Tier.  Go with the Light.', 'So, you are willing to help repair the mighty Exodar?  I heard it will take years before the Exodar is fully functional once more.  You have two hours.  Just kidding.  Our engineers are located on the lower levels of the Trader\'s Tier.  Go with the Light.', '15822', '0', '1', '0', '0', '0', '0', '0', '0', '', '', NULL, '0', '0', '0', '0', '0', '0', '0', '0', '', '', NULL, '0', '0', '0', '0', '0', '0', '0', '0', '', '', NULL, '0', '0', '0', '0', '0', '0', '0', '0', '', '', NULL, '0', '0', '0', '0', '0', '0', '0', '0', '', '', NULL, '0', '0', '0', '0', '0', '0', '0', '0', '', '', NULL, '0', '0', '0', '0', '0', '0', '0', '0', '', '', NULL, '0', '0', '0', '0', '0', '0', '0', '0');
INSERT INTO gossip_menu (`MenuID`, `TextID`) VALUES ('7799', '1872620');
INSERT INTO points_of_interest (`ID`, `PositionX`, `PositionY`, `Icon`, `Flags`, `Importance`, `Name`, `VerifiedBuild`) VALUES ('208', '-4259', '-11643.8', '6', '99', '0', 'Exodar, Engineering', '0');
INSERT INTO gossip_menu_option (`MenuID`, `OptionID`, `OptionIcon`, `OptionText`, `OptionBroadcastTextID`, `OptionType`, `OptionNpcFlag`, `ActionMenuID`, `ActionPoiID`, `BoxCoded`, `BoxMoney`, `BoxText`, `BoxBroadcastTextID`) VALUES ('7788', '3', '0', 'Engineering', '51347', '1', '1', '7799', '208', '0', '0', '', NULL);
INSERT INTO gossip_text (`ID`, `comment`, `text0_0`, `text0_1`, `BroadcastTextID0`, `lang0`, `Probability0`, `em0_0`, `em0_1`, `em0_2`, `em0_3`, `em0_4`, `em0_5`, `text1_0`, `text1_1`, `BroadcastTextID1`, `lang1`, `Probability1`, `em1_0`, `em1_1`, `em1_2`, `em1_3`, `em1_4`, `em1_5`, `text2_0`, `text2_1`, `BroadcastTextID2`, `lang2`, `Probability2`, `em2_0`, `em2_1`, `em2_2`, `em2_3`, `em2_4`, `em2_5`, `text3_0`, `text3_1`, `BroadcastTextID3`, `lang3`, `Probability3`, `em3_0`, `em3_1`, `em3_2`, `em3_3`, `em3_4`, `em3_5`, `text4_0`, `text4_1`, `BroadcastTextID4`, `lang4`, `Probability4`, `em4_0`, `em4_1`, `em4_2`, `em4_3`, `em4_4`, `em4_5`, `text5_0`, `text5_1`, `BroadcastTextID5`, `lang5`, `Probability5`, `em5_0`, `em5_1`, `em5_2`, `em5_3`, `em5_4`, `em5_5`, `text6_0`, `text6_1`, `BroadcastTextID6`, `lang6`, `Probability6`, `em6_0`, `em6_1`, `em6_2`, `em6_3`, `em6_4`, `em6_5`, `text7_0`, `text7_1`, `BroadcastTextID7`, `lang7`, `Probability7`, `em7_0`, `em7_1`, `em7_2`, `em7_3`, `em7_4`, `em7_5`) VALUES ('1872621', 'Imported from TC', 'By the Light! It is a blessing to have one who cares about the well-being of others. At a time like this we need all the help we can get. Nus can train you in the ways of first aid. She is near the crystal cave in the Crystal Hall. Light be with you.', 'By the Light! It is a blessing to have one who cares about the well-being of others. At a time like this we need all the help we can get. Nus can train you in the ways of first aid. She is near the crystal cave in the Crystal Hall. Light be with you.', '15823', '0', '1', '0', '0', '0', '0', '0', '0', '', '', NULL, '0', '0', '0', '0', '0', '0', '0', '0', '', '', NULL, '0', '0', '0', '0', '0', '0', '0', '0', '', '', NULL, '0', '0', '0', '0', '0', '0', '0', '0', '', '', NULL, '0', '0', '0', '0', '0', '0', '0', '0', '', '', NULL, '0', '0', '0', '0', '0', '0', '0', '0', '', '', NULL, '0', '0', '0', '0', '0', '0', '0', '0', '', '', NULL, '0', '0', '0', '0', '0', '0', '0', '0');
INSERT INTO gossip_menu (`MenuID`, `TextID`) VALUES ('7800', '1872621');
INSERT INTO points_of_interest (`ID`, `PositionX`, `PositionY`, `Icon`, `Flags`, `Importance`, `Name`, `VerifiedBuild`) VALUES ('209', '-3766', '-11477.7', '6', '99', '0', 'Exodar, First Aid Trainer', '0');
INSERT INTO gossip_menu_option (`MenuID`, `OptionID`, `OptionIcon`, `OptionText`, `OptionBroadcastTextID`, `OptionType`, `OptionNpcFlag`, `ActionMenuID`, `ActionPoiID`, `BoxCoded`, `BoxMoney`, `BoxText`, `BoxBroadcastTextID`) VALUES ('7788', '4', '0', 'First Aid', '52066', '1', '1', '7800', '209', '0', '0', '', NULL);
-- Importing menu 7801 as 57093
INSERT INTO gossip_text (`ID`, `comment`, `text0_0`, `text0_1`, `BroadcastTextID0`, `lang0`, `Probability0`, `em0_0`, `em0_1`, `em0_2`, `em0_3`, `em0_4`, `em0_5`, `text1_0`, `text1_1`, `BroadcastTextID1`, `lang1`, `Probability1`, `em1_0`, `em1_1`, `em1_2`, `em1_3`, `em1_4`, `em1_5`, `text2_0`, `text2_1`, `BroadcastTextID2`, `lang2`, `Probability2`, `em2_0`, `em2_1`, `em2_2`, `em2_3`, `em2_4`, `em2_5`, `text3_0`, `text3_1`, `BroadcastTextID3`, `lang3`, `Probability3`, `em3_0`, `em3_1`, `em3_2`, `em3_3`, `em3_4`, `em3_5`, `text4_0`, `text4_1`, `BroadcastTextID4`, `lang4`, `Probability4`, `em4_0`, `em4_1`, `em4_2`, `em4_3`, `em4_4`, `em4_5`, `text5_0`, `text5_1`, `BroadcastTextID5`, `lang5`, `Probability5`, `em5_0`, `em5_1`, `em5_2`, `em5_3`, `em5_4`, `em5_5`, `text6_0`, `text6_1`, `BroadcastTextID6`, `lang6`, `Probability6`, `em6_0`, `em6_1`, `em6_2`, `em6_3`, `em6_4`, `em6_5`, `text7_0`, `text7_1`, `BroadcastTextID7`, `lang7`, `Probability7`, `em7_0`, `em7_1`, `em7_2`, `em7_3`, `em7_4`, `em7_5`) VALUES ('1872622', 'Imported from TC', 'You can find Erett the fishing trainer in the Crystal Hall near the Light Blessed Waters.', 'You can find Erett the fishing trainer in the Crystal Hall near the Light Blessed Waters.', '15826', '0', '1', '0', '0', '0', '0', '0', '0', '', '', NULL, '0', '0', '0', '0', '0', '0', '0', '0', '', '', NULL, '0', '0', '0', '0', '0', '0', '0', '0', '', '', NULL, '0', '0', '0', '0', '0', '0', '0', '0', '', '', NULL, '0', '0', '0', '0', '0', '0', '0', '0', '', '', NULL, '0', '0', '0', '0', '0', '0', '0', '0', '', '', NULL, '0', '0', '0', '0', '0', '0', '0', '0', '', '', NULL, '0', '0', '0', '0', '0', '0', '0', '0');
INSERT INTO gossip_menu (`MenuID`, `TextID`) VALUES ('57093', '1872622');
INSERT INTO points_of_interest (`ID`, `PositionX`, `PositionY`, `Icon`, `Flags`, `Importance`, `Name`, `VerifiedBuild`) VALUES ('210', '-3726', '-11387.1', '6', '99', '0', 'Exodar, Fishing Trainer', '0');
INSERT INTO gossip_menu_option (`MenuID`, `OptionID`, `OptionIcon`, `OptionText`, `OptionBroadcastTextID`, `OptionType`, `OptionNpcFlag`, `ActionMenuID`, `ActionPoiID`, `BoxCoded`, `BoxMoney`, `BoxText`, `BoxBroadcastTextID`) VALUES ('7788', '5', '0', 'Fishing', '45767', '1', '1', '57093', '210', '0', '0', '', NULL);
INSERT INTO gossip_text (`ID`, `comment`, `text0_0`, `text0_1`, `BroadcastTextID0`, `lang0`, `Probability0`, `em0_0`, `em0_1`, `em0_2`, `em0_3`, `em0_4`, `em0_5`, `text1_0`, `text1_1`, `BroadcastTextID1`, `lang1`, `Probability1`, `em1_0`, `em1_1`, `em1_2`, `em1_3`, `em1_4`, `em1_5`, `text2_0`, `text2_1`, `BroadcastTextID2`, `lang2`, `Probability2`, `em2_0`, `em2_1`, `em2_2`, `em2_3`, `em2_4`, `em2_5`, `text3_0`, `text3_1`, `BroadcastTextID3`, `lang3`, `Probability3`, `em3_0`, `em3_1`, `em3_2`, `em3_3`, `em3_4`, `em3_5`, `text4_0`, `text4_1`, `BroadcastTextID4`, `lang4`, `Probability4`, `em4_0`, `em4_1`, `em4_2`, `em4_3`, `em4_4`, `em4_5`, `text5_0`, `text5_1`, `BroadcastTextID5`, `lang5`, `Probability5`, `em5_0`, `em5_1`, `em5_2`, `em5_3`, `em5_4`, `em5_5`, `text6_0`, `text6_1`, `BroadcastTextID6`, `lang6`, `Probability6`, `em6_0`, `em6_1`, `em6_2`, `em6_3`, `em6_4`, `em6_5`, `text7_0`, `text7_1`, `BroadcastTextID7`, `lang7`, `Probability7`, `em7_0`, `em7_1`, `em7_2`, `em7_3`, `em7_4`, `em7_5`) VALUES ('1872623', 'Imported from TC', 'You will find our herbalist, Cemmorhan, against the back wall of the Vault of Lights.', 'You will find our herbalist, Cemmorhan, against the back wall of the Vault of Lights.', '15841', '0', '1', '0', '0', '0', '0', '0', '0', '', '', NULL, '0', '0', '0', '0', '0', '0', '0', '0', '', '', NULL, '0', '0', '0', '0', '0', '0', '0', '0', '', '', NULL, '0', '0', '0', '0', '0', '0', '0', '0', '', '', NULL, '0', '0', '0', '0', '0', '0', '0', '0', '', '', NULL, '0', '0', '0', '0', '0', '0', '0', '0', '', '', NULL, '0', '0', '0', '0', '0', '0', '0', '0', '', '', NULL, '0', '0', '0', '0', '0', '0', '0', '0');
INSERT INTO gossip_menu (`MenuID`, `TextID`) VALUES ('7802', '1872623');
INSERT INTO points_of_interest (`ID`, `PositionX`, `PositionY`, `Icon`, `Flags`, `Importance`, `Name`, `VerifiedBuild`) VALUES ('211', '-4050', '-11360', '6', '99', '0', 'Exodar, Herbalist Trainer', '0');
INSERT INTO gossip_menu_option (`MenuID`, `OptionID`, `OptionIcon`, `OptionText`, `OptionBroadcastTextID`, `OptionType`, `OptionNpcFlag`, `ActionMenuID`, `ActionPoiID`, `BoxCoded`, `BoxMoney`, `BoxText`, `BoxBroadcastTextID`) VALUES ('7788', '6', '0', 'Herbalism', '45768', '1', '1', '7802', '211', '0', '0', '', NULL);
INSERT INTO gossip_text (`ID`, `comment`, `text0_0`, `text0_1`, `BroadcastTextID0`, `lang0`, `Probability0`, `em0_0`, `em0_1`, `em0_2`, `em0_3`, `em0_4`, `em0_5`, `text1_0`, `text1_1`, `BroadcastTextID1`, `lang1`, `Probability1`, `em1_0`, `em1_1`, `em1_2`, `em1_3`, `em1_4`, `em1_5`, `text2_0`, `text2_1`, `BroadcastTextID2`, `lang2`, `Probability2`, `em2_0`, `em2_1`, `em2_2`, `em2_3`, `em2_4`, `em2_5`, `text3_0`, `text3_1`, `BroadcastTextID3`, `lang3`, `Probability3`, `em3_0`, `em3_1`, `em3_2`, `em3_3`, `em3_4`, `em3_5`, `text4_0`, `text4_1`, `BroadcastTextID4`, `lang4`, `Probability4`, `em4_0`, `em4_1`, `em4_2`, `em4_3`, `em4_4`, `em4_5`, `text5_0`, `text5_1`, `BroadcastTextID5`, `lang5`, `Probability5`, `em5_0`, `em5_1`, `em5_2`, `em5_3`, `em5_4`, `em5_5`, `text6_0`, `text6_1`, `BroadcastTextID6`, `lang6`, `Probability6`, `em6_0`, `em6_1`, `em6_2`, `em6_3`, `em6_4`, `em6_5`, `text7_0`, `text7_1`, `BroadcastTextID7`, `lang7`, `Probability7`, `em7_0`, `em7_1`, `em7_2`, `em7_3`, `em7_4`, `em7_5`) VALUES ('13887', 'Imported from TC', 'Thoth can teach you Inscription in The Crystal Hall.', 'Thoth can teach you Inscription in The Crystal Hall.', '31557', '0', '1', '0', '5', '0', '1', '0', '0', '', '', NULL, '0', '0', '0', '0', '0', '0', '0', '0', '', '', NULL, '0', '0', '0', '0', '0', '0', '0', '0', '', '', NULL, '0', '0', '0', '0', '0', '0', '0', '0', '', '', NULL, '0', '0', '0', '0', '0', '0', '0', '0', '', '', NULL, '0', '0', '0', '0', '0', '0', '0', '0', '', '', NULL, '0', '0', '0', '0', '0', '0', '0', '0', '', '', NULL, '0', '0', '0', '0', '0', '0', '0', '0');
INSERT INTO gossip_menu (`MenuID`, `TextID`) VALUES ('10016', '13887');
INSERT INTO points_of_interest (`ID`, `PositionX`, `PositionY`, `Icon`, `Flags`, `Importance`, `Name`, `VerifiedBuild`) VALUES ('212', '-3887', '-11485', '6', '99', '0', 'Exodar Inscription', '0');
INSERT INTO gossip_menu_option (`MenuID`, `OptionID`, `OptionIcon`, `OptionText`, `OptionBroadcastTextID`, `OptionType`, `OptionNpcFlag`, `ActionMenuID`, `ActionPoiID`, `BoxCoded`, `BoxMoney`, `BoxText`, `BoxBroadcastTextID`, `patch_min`) VALUES ('7788', '7', '0', 'Inscription', '48811', '1', '1', '10016', '212', '0', '0', '', NULL, '5');
INSERT INTO gossip_text (`ID`, `comment`, `text0_0`, `text0_1`, `BroadcastTextID0`, `lang0`, `Probability0`, `em0_0`, `em0_1`, `em0_2`, `em0_3`, `em0_4`, `em0_5`, `text1_0`, `text1_1`, `BroadcastTextID1`, `lang1`, `Probability1`, `em1_0`, `em1_1`, `em1_2`, `em1_3`, `em1_4`, `em1_5`, `text2_0`, `text2_1`, `BroadcastTextID2`, `lang2`, `Probability2`, `em2_0`, `em2_1`, `em2_2`, `em2_3`, `em2_4`, `em2_5`, `text3_0`, `text3_1`, `BroadcastTextID3`, `lang3`, `Probability3`, `em3_0`, `em3_1`, `em3_2`, `em3_3`, `em3_4`, `em3_5`, `text4_0`, `text4_1`, `BroadcastTextID4`, `lang4`, `Probability4`, `em4_0`, `em4_1`, `em4_2`, `em4_3`, `em4_4`, `em4_5`, `text5_0`, `text5_1`, `BroadcastTextID5`, `lang5`, `Probability5`, `em5_0`, `em5_1`, `em5_2`, `em5_3`, `em5_4`, `em5_5`, `text6_0`, `text6_1`, `BroadcastTextID6`, `lang6`, `Probability6`, `em6_0`, `em6_1`, `em6_2`, `em6_3`, `em6_4`, `em6_5`, `text7_0`, `text7_1`, `BroadcastTextID7`, `lang7`, `Probability7`, `em7_0`, `em7_1`, `em7_2`, `em7_3`, `em7_4`, `em7_5`) VALUES ('1872624', 'Imported from TC', 'Farii trains those interested in jewel crafting. You can find her in the Crystal Hall near the cavern there.', 'Farii trains those interested in jewel crafting. You can find her in the Crystal Hall near the cavern there.', '15848', '0', '1', '0', '0', '0', '0', '0', '0', '', '', NULL, '0', '0', '0', '0', '0', '0', '0', '0', '', '', NULL, '0', '0', '0', '0', '0', '0', '0', '0', '', '', NULL, '0', '0', '0', '0', '0', '0', '0', '0', '', '', NULL, '0', '0', '0', '0', '0', '0', '0', '0', '', '', NULL, '0', '0', '0', '0', '0', '0', '0', '0', '', '', NULL, '0', '0', '0', '0', '0', '0', '0', '0', '', '', NULL, '0', '0', '0', '0', '0', '0', '0', '0');
INSERT INTO gossip_menu (`MenuID`, `TextID`) VALUES ('7803', '1872624');
INSERT INTO points_of_interest (`ID`, `PositionX`, `PositionY`, `Icon`, `Flags`, `Importance`, `Name`, `VerifiedBuild`) VALUES ('213', '-3785', '-11544', '6', '99', '0', 'Exodar, Jewelcrafters', '0');
INSERT INTO gossip_menu_option (`MenuID`, `OptionID`, `OptionIcon`, `OptionText`, `OptionBroadcastTextID`, `OptionType`, `OptionNpcFlag`, `ActionMenuID`, `ActionPoiID`, `BoxCoded`, `BoxMoney`, `BoxText`, `BoxBroadcastTextID`) VALUES ('7788', '8', '0', 'Jewelcrafting', '45758', '1', '1', '7803', '213', '0', '0', '', NULL);
INSERT INTO gossip_text (`ID`, `comment`, `text0_0`, `text0_1`, `BroadcastTextID0`, `lang0`, `Probability0`, `em0_0`, `em0_1`, `em0_2`, `em0_3`, `em0_4`, `em0_5`, `text1_0`, `text1_1`, `BroadcastTextID1`, `lang1`, `Probability1`, `em1_0`, `em1_1`, `em1_2`, `em1_3`, `em1_4`, `em1_5`, `text2_0`, `text2_1`, `BroadcastTextID2`, `lang2`, `Probability2`, `em2_0`, `em2_1`, `em2_2`, `em2_3`, `em2_4`, `em2_5`, `text3_0`, `text3_1`, `BroadcastTextID3`, `lang3`, `Probability3`, `em3_0`, `em3_1`, `em3_2`, `em3_3`, `em3_4`, `em3_5`, `text4_0`, `text4_1`, `BroadcastTextID4`, `lang4`, `Probability4`, `em4_0`, `em4_1`, `em4_2`, `em4_3`, `em4_4`, `em4_5`, `text5_0`, `text5_1`, `BroadcastTextID5`, `lang5`, `Probability5`, `em5_0`, `em5_1`, `em5_2`, `em5_3`, `em5_4`, `em5_5`, `text6_0`, `text6_1`, `BroadcastTextID6`, `lang6`, `Probability6`, `em6_0`, `em6_1`, `em6_2`, `em6_3`, `em6_4`, `em6_5`, `text7_0`, `text7_1`, `BroadcastTextID7`, `lang7`, `Probability7`, `em7_0`, `em7_1`, `em7_2`, `em7_3`, `em7_4`, `em7_5`) VALUES ('1872625', 'Imported from TC', 'You will find the Exodar\'s leatherworkers in the Trader\'s Tier.  May the Light bless you.', 'You will find the Exodar\'s leatherworkers in the Trader\'s Tier.  May the Light bless you.', '15854', '0', '1', '0', '0', '0', '0', '0', '0', '', '', NULL, '0', '0', '0', '0', '0', '0', '0', '0', '', '', NULL, '0', '0', '0', '0', '0', '0', '0', '0', '', '', NULL, '0', '0', '0', '0', '0', '0', '0', '0', '', '', NULL, '0', '0', '0', '0', '0', '0', '0', '0', '', '', NULL, '0', '0', '0', '0', '0', '0', '0', '0', '', '', NULL, '0', '0', '0', '0', '0', '0', '0', '0', '', '', NULL, '0', '0', '0', '0', '0', '0', '0', '0');
INSERT INTO gossip_menu (`MenuID`, `TextID`) VALUES ('7804', '1872625');
INSERT INTO points_of_interest (`ID`, `PositionX`, `PositionY`, `Icon`, `Flags`, `Importance`, `Name`, `VerifiedBuild`) VALUES ('214', '-4138', '-11768.5', '6', '99', '0', 'Exodar, Leatherworking', '0');
INSERT INTO gossip_menu_option (`MenuID`, `OptionID`, `OptionIcon`, `OptionText`, `OptionBroadcastTextID`, `OptionType`, `OptionNpcFlag`, `ActionMenuID`, `ActionPoiID`, `BoxCoded`, `BoxMoney`, `BoxText`, `BoxBroadcastTextID`) VALUES ('7788', '9', '0', 'Leatherworking', '52071', '1', '1', '7804', '214', '0', '0', '', NULL);
INSERT INTO gossip_text (`ID`, `comment`, `text0_0`, `text0_1`, `BroadcastTextID0`, `lang0`, `Probability0`, `em0_0`, `em0_1`, `em0_2`, `em0_3`, `em0_4`, `em0_5`, `text1_0`, `text1_1`, `BroadcastTextID1`, `lang1`, `Probability1`, `em1_0`, `em1_1`, `em1_2`, `em1_3`, `em1_4`, `em1_5`, `text2_0`, `text2_1`, `BroadcastTextID2`, `lang2`, `Probability2`, `em2_0`, `em2_1`, `em2_2`, `em2_3`, `em2_4`, `em2_5`, `text3_0`, `text3_1`, `BroadcastTextID3`, `lang3`, `Probability3`, `em3_0`, `em3_1`, `em3_2`, `em3_3`, `em3_4`, `em3_5`, `text4_0`, `text4_1`, `BroadcastTextID4`, `lang4`, `Probability4`, `em4_0`, `em4_1`, `em4_2`, `em4_3`, `em4_4`, `em4_5`, `text5_0`, `text5_1`, `BroadcastTextID5`, `lang5`, `Probability5`, `em5_0`, `em5_1`, `em5_2`, `em5_3`, `em5_4`, `em5_5`, `text6_0`, `text6_1`, `BroadcastTextID6`, `lang6`, `Probability6`, `em6_0`, `em6_1`, `em6_2`, `em6_3`, `em6_4`, `em6_5`, `text7_0`, `text7_1`, `BroadcastTextID7`, `lang7`, `Probability7`, `em7_0`, `em7_1`, `em7_2`, `em7_3`, `em7_4`, `em7_5`) VALUES ('1872626', 'Imported from TC', 'You will find our mining trainers towards the back of the Trader\'s Tier.', 'You will find our mining trainers towards the back of the Trader\'s Tier.', '15857', '0', '1', '0', '0', '0', '0', '0', '0', '', '', NULL, '0', '0', '0', '0', '0', '0', '0', '0', '', '', NULL, '0', '0', '0', '0', '0', '0', '0', '0', '', '', NULL, '0', '0', '0', '0', '0', '0', '0', '0', '', '', NULL, '0', '0', '0', '0', '0', '0', '0', '0', '', '', NULL, '0', '0', '0', '0', '0', '0', '0', '0', '', '', NULL, '0', '0', '0', '0', '0', '0', '0', '0', '', '', NULL, '0', '0', '0', '0', '0', '0', '0', '0');
INSERT INTO gossip_menu (`MenuID`, `TextID`) VALUES ('7805', '1872626');
INSERT INTO points_of_interest (`ID`, `PositionX`, `PositionY`, `Icon`, `Flags`, `Importance`, `Name`, `VerifiedBuild`) VALUES ('215', '-4223', '-11694.7', '6', '99', '0', 'Exodar, Mining Trainers', '0');
INSERT INTO gossip_menu_option (`MenuID`, `OptionID`, `OptionIcon`, `OptionText`, `OptionBroadcastTextID`, `OptionType`, `OptionNpcFlag`, `ActionMenuID`, `ActionPoiID`, `BoxCoded`, `BoxMoney`, `BoxText`, `BoxBroadcastTextID`) VALUES ('7788', '10', '0', 'Mining', '51348', '1', '1', '7805', '215', '0', '0', '', NULL);
-- Importing menu 7806 as 57094
INSERT INTO gossip_text (`ID`, `comment`, `text0_0`, `text0_1`, `BroadcastTextID0`, `lang0`, `Probability0`, `em0_0`, `em0_1`, `em0_2`, `em0_3`, `em0_4`, `em0_5`, `text1_0`, `text1_1`, `BroadcastTextID1`, `lang1`, `Probability1`, `em1_0`, `em1_1`, `em1_2`, `em1_3`, `em1_4`, `em1_5`, `text2_0`, `text2_1`, `BroadcastTextID2`, `lang2`, `Probability2`, `em2_0`, `em2_1`, `em2_2`, `em2_3`, `em2_4`, `em2_5`, `text3_0`, `text3_1`, `BroadcastTextID3`, `lang3`, `Probability3`, `em3_0`, `em3_1`, `em3_2`, `em3_3`, `em3_4`, `em3_5`, `text4_0`, `text4_1`, `BroadcastTextID4`, `lang4`, `Probability4`, `em4_0`, `em4_1`, `em4_2`, `em4_3`, `em4_4`, `em4_5`, `text5_0`, `text5_1`, `BroadcastTextID5`, `lang5`, `Probability5`, `em5_0`, `em5_1`, `em5_2`, `em5_3`, `em5_4`, `em5_5`, `text6_0`, `text6_1`, `BroadcastTextID6`, `lang6`, `Probability6`, `em6_0`, `em6_1`, `em6_2`, `em6_3`, `em6_4`, `em6_5`, `text7_0`, `text7_1`, `BroadcastTextID7`, `lang7`, `Probability7`, `em7_0`, `em7_1`, `em7_2`, `em7_3`, `em7_4`, `em7_5`) VALUES ('1872627', 'Imported from TC', 'You will find the Exodar\'s skinning trainers in the Trader\'s Tier with the leatherworkers.  May the Light bless you.', 'You will find the Exodar\'s skinning trainers in the Trader\'s Tier with the leatherworkers.  May the Light bless you.', '15862', '0', '1', '0', '0', '0', '0', '0', '0', '', '', NULL, '0', '0', '0', '0', '0', '0', '0', '0', '', '', NULL, '0', '0', '0', '0', '0', '0', '0', '0', '', '', NULL, '0', '0', '0', '0', '0', '0', '0', '0', '', '', NULL, '0', '0', '0', '0', '0', '0', '0', '0', '', '', NULL, '0', '0', '0', '0', '0', '0', '0', '0', '', '', NULL, '0', '0', '0', '0', '0', '0', '0', '0', '', '', NULL, '0', '0', '0', '0', '0', '0', '0', '0');
INSERT INTO gossip_menu (`MenuID`, `TextID`) VALUES ('57094', '1872627');
INSERT INTO points_of_interest (`ID`, `PositionX`, `PositionY`, `Icon`, `Flags`, `Importance`, `Name`, `VerifiedBuild`) VALUES ('216', '-4137', '-11761.8', '6', '99', '0', 'Exodar, Skinning Trainer', '0');
INSERT INTO gossip_menu_option (`MenuID`, `OptionID`, `OptionIcon`, `OptionText`, `OptionBroadcastTextID`, `OptionType`, `OptionNpcFlag`, `ActionMenuID`, `ActionPoiID`, `BoxCoded`, `BoxMoney`, `BoxText`, `BoxBroadcastTextID`) VALUES ('7788', '11', '0', 'Skinning', '52076', '1', '1', '57094', '216', '0', '0', '', NULL);
INSERT INTO gossip_text (`ID`, `comment`, `text0_0`, `text0_1`, `BroadcastTextID0`, `lang0`, `Probability0`, `em0_0`, `em0_1`, `em0_2`, `em0_3`, `em0_4`, `em0_5`, `text1_0`, `text1_1`, `BroadcastTextID1`, `lang1`, `Probability1`, `em1_0`, `em1_1`, `em1_2`, `em1_3`, `em1_4`, `em1_5`, `text2_0`, `text2_1`, `BroadcastTextID2`, `lang2`, `Probability2`, `em2_0`, `em2_1`, `em2_2`, `em2_3`, `em2_4`, `em2_5`, `text3_0`, `text3_1`, `BroadcastTextID3`, `lang3`, `Probability3`, `em3_0`, `em3_1`, `em3_2`, `em3_3`, `em3_4`, `em3_5`, `text4_0`, `text4_1`, `BroadcastTextID4`, `lang4`, `Probability4`, `em4_0`, `em4_1`, `em4_2`, `em4_3`, `em4_4`, `em4_5`, `text5_0`, `text5_1`, `BroadcastTextID5`, `lang5`, `Probability5`, `em5_0`, `em5_1`, `em5_2`, `em5_3`, `em5_4`, `em5_5`, `text6_0`, `text6_1`, `BroadcastTextID6`, `lang6`, `Probability6`, `em6_0`, `em6_1`, `em6_2`, `em6_3`, `em6_4`, `em6_5`, `text7_0`, `text7_1`, `BroadcastTextID7`, `lang7`, `Probability7`, `em7_0`, `em7_1`, `em7_2`, `em7_3`, `em7_4`, `em7_5`) VALUES ('1872628', 'Imported from TC', 'Long ago, we wore one piece jumpsuits. Thanks to our innovative tailors, we no longer wear such impractical outfits. You can find these fashion lifesavers in the Trader\'s Tier.', 'Long ago, we wore one piece jumpsuits. Thanks to our innovative tailors, we no longer wear such impractical outfits. You can find these fashion lifesavers in the Trader\'s Tier.', '15864', '0', '1', '0', '0', '0', '0', '0', '0', '', '', NULL, '0', '0', '0', '0', '0', '0', '0', '0', '', '', NULL, '0', '0', '0', '0', '0', '0', '0', '0', '', '', NULL, '0', '0', '0', '0', '0', '0', '0', '0', '', '', NULL, '0', '0', '0', '0', '0', '0', '0', '0', '', '', NULL, '0', '0', '0', '0', '0', '0', '0', '0', '', '', NULL, '0', '0', '0', '0', '0', '0', '0', '0', '', '', NULL, '0', '0', '0', '0', '0', '0', '0', '0');
INSERT INTO gossip_menu (`MenuID`, `TextID`) VALUES ('7807', '1872628');
INSERT INTO points_of_interest (`ID`, `PositionX`, `PositionY`, `Icon`, `Flags`, `Importance`, `Name`, `VerifiedBuild`) VALUES ('217', '-4092', '-11743.8', '6', '99', '0', 'Exodar, Tailors', '0');
INSERT INTO gossip_menu_option (`MenuID`, `OptionID`, `OptionIcon`, `OptionText`, `OptionBroadcastTextID`, `OptionType`, `OptionNpcFlag`, `ActionMenuID`, `ActionPoiID`, `BoxCoded`, `BoxMoney`, `BoxText`, `BoxBroadcastTextID`) VALUES ('7788', '12', '0', 'Tailoring', '52077', '1', '1', '7807', '217', '0', '0', '', NULL);
INSERT INTO gossip_text (`ID`, `comment`, `text0_0`, `text0_1`, `BroadcastTextID0`, `lang0`, `Probability0`, `em0_0`, `em0_1`, `em0_2`, `em0_3`, `em0_4`, `em0_5`, `text1_0`, `text1_1`, `BroadcastTextID1`, `lang1`, `Probability1`, `em1_0`, `em1_1`, `em1_2`, `em1_3`, `em1_4`, `em1_5`, `text2_0`, `text2_1`, `BroadcastTextID2`, `lang2`, `Probability2`, `em2_0`, `em2_1`, `em2_2`, `em2_3`, `em2_4`, `em2_5`, `text3_0`, `text3_1`, `BroadcastTextID3`, `lang3`, `Probability3`, `em3_0`, `em3_1`, `em3_2`, `em3_3`, `em3_4`, `em3_5`, `text4_0`, `text4_1`, `BroadcastTextID4`, `lang4`, `Probability4`, `em4_0`, `em4_1`, `em4_2`, `em4_3`, `em4_4`, `em4_5`, `text5_0`, `text5_1`, `BroadcastTextID5`, `lang5`, `Probability5`, `em5_0`, `em5_1`, `em5_2`, `em5_3`, `em5_4`, `em5_5`, `text6_0`, `text6_1`, `BroadcastTextID6`, `lang6`, `Probability6`, `em6_0`, `em6_1`, `em6_2`, `em6_3`, `em6_4`, `em6_5`, `text7_0`, `text7_1`, `BroadcastTextID7`, `lang7`, `Probability7`, `em7_0`, `em7_1`, `em7_2`, `em7_3`, `em7_4`, `em7_5`) VALUES ('1872629', 'Imported from TC', 'Mumman has set up her humble shop near the main entrance of the city, just past the inn. A fine cook, that one.', 'Mumman has set up her humble shop near the main entrance of the city, just past the inn. A fine cook, that one.', '19588', '0', '1', '0', '0', '0', '0', '0', '0', '', '', NULL, '0', '0', '0', '0', '0', '0', '0', '0', '', '', NULL, '0', '0', '0', '0', '0', '0', '0', '0', '', '', NULL, '0', '0', '0', '0', '0', '0', '0', '0', '', '', NULL, '0', '0', '0', '0', '0', '0', '0', '0', '', '', NULL, '0', '0', '0', '0', '0', '0', '0', '0', '', '', NULL, '0', '0', '0', '0', '0', '0', '0', '0', '', '', NULL, '0', '0', '0', '0', '0', '0', '0', '0');
INSERT INTO gossip_menu (`MenuID`, `TextID`) VALUES ('8399', '1872629');
INSERT INTO points_of_interest (`ID`, `PositionX`, `PositionY`, `Icon`, `Flags`, `Importance`, `Name`, `VerifiedBuild`) VALUES ('218', '-3798', '-11654.5', '6', '99', '0', 'Exodar, Cook', '0');
INSERT INTO gossip_menu_option (`MenuID`, `OptionID`, `OptionIcon`, `OptionText`, `OptionBroadcastTextID`, `OptionType`, `OptionNpcFlag`, `ActionMenuID`, `ActionPoiID`, `BoxCoded`, `BoxMoney`, `BoxText`, `BoxBroadcastTextID`) VALUES ('7788', '13', '0', 'Cooking', '45763', '1', '1', '8399', '218', '0', '0', '', NULL);
INSERT INTO gossip_menu_option (`MenuID`, `OptionID`, `OptionIcon`, `OptionText`, `OptionBroadcastTextID`, `OptionType`, `OptionNpcFlag`, `ActionMenuID`, `ActionPoiID`, `BoxCoded`, `BoxMoney`, `BoxText`, `BoxBroadcastTextID`) VALUES ('7777', '10', '0', 'Profession Trainer', '45382', '1', '1', '7788', NULL, '0', '0', '', NULL);
UPDATE creature_template SET npcflag = (npcflag | 1), gossip_menu_id = 7777 WHERE entry = 16733;
DELETE FROM gossip_menu WHERE MenuID = 9529;


-- Importing creature gossip with entry 18760 (Isla Starmane) with import type GOSSIP
-- Text 9568 already present in Sun DB
INSERT INTO gossip_menu (`MenuID`, `TextID`) VALUES ('7821', '9568');
UPDATE creature_template SET npcflag = (npcflag | 1), gossip_menu_id = 7821 WHERE entry = 18760;


-- Importing creature gossip with entry 18913 (Matron Tikkit) with import type GOSSIP
-- Text 9620 already present in Sun DB
INSERT INTO gossip_menu (`MenuID`, `TextID`) VALUES ('7857', '9620');
INSERT INTO gossip_menu_option (`MenuID`, `OptionID`, `OptionIcon`, `OptionText`, `OptionBroadcastTextID`, `OptionType`, `OptionNpcFlag`, `ActionMenuID`, `ActionPoiID`, `BoxCoded`, `BoxMoney`, `BoxText`, `BoxBroadcastTextID`) VALUES ('7857', '1', '5', 'Make this inn your home.', '2822', '8', '65536', NULL, NULL, '0', '0', '', NULL);
INSERT INTO gossip_menu_option (`MenuID`, `OptionID`, `OptionIcon`, `OptionText`, `OptionBroadcastTextID`, `OptionType`, `OptionNpcFlag`, `ActionMenuID`, `ActionPoiID`, `BoxCoded`, `BoxMoney`, `BoxText`, `BoxBroadcastTextID`) VALUES ('7857', '6', '1', 'What do you have for sale?', '66614', '3', '128', NULL, NULL, '0', '0', '', NULL);
UPDATE creature_template SET npcflag = (npcflag | 1), gossip_menu_id = 7857 WHERE entry = 18913;


-- Importing creature gossip with entry 18956 (Lakka) with import type SMART
UPDATE creature_template SET ScriptName = '', AIName = 'SmartAI' WHERE entry = 18956;
DELETE FROM smart_scripts WHERE entryorguid = 18956 AND source_type = 0;
-- Text 9636 already present in Sun DB
INSERT INTO gossip_menu (`MenuID`, `TextID`) VALUES ('7868', '9636');
INSERT INTO gossip_menu_option (`MenuID`, `OptionID`, `OptionIcon`, `OptionText`, `OptionBroadcastTextID`, `OptionType`, `OptionNpcFlag`, `ActionMenuID`, `ActionPoiID`, `BoxCoded`, `BoxMoney`, `BoxText`, `BoxBroadcastTextID`) VALUES ('7868', '0', '0', 'I\'ll have you out of there in just a moment.', '16054', '1', '1', NULL, NULL, '0', '0', '', NULL);
INSERT INTO conditions (`SourceTypeOrReferenceId`, `SourceGroup`, `SourceEntry`, `SourceId`, `ElseGroup`, `ConditionTypeOrReference`, `ConditionTarget`, `ConditionValue1`, `ConditionValue2`, `ConditionValue3`, `NegativeCondition`, `ErrorType`, `ErrorTextId`, `ScriptName`, `Comment`) VALUES ('15', '7868', '0', '0', '0', '9', '0', '10097', '0', '0', '0', '0', '0', '', '(autoimported) ');
DELETE FROM smart_scripts WHERE entryorguid = 1895600 AND source_type = 9;
DELETE FROM creature_text WHERE CreatureID = 18956;
INSERT INTO creature_text (`CreatureID`, `GroupID`, `ID`, `Text`, `Type`, `Language`, `Probability`, `Emote`, `Duration`, `Sound`, `BroadcastTextId`, `TextRange`, `comment`) VALUES ('18956', '0', '0', 'Thank you for freeing me, $n! I\'m going to make my way to Shattrath!', '12', '0', '100', '0', '0', '0', '16049', '0', 'Lakka');
INSERT INTO smart_scripts (`entryorguid`, `source_type`, `id`, `link`, `event_type`, `event_phase_mask`, `event_chance`, `event_flags`, `event_param1`, `event_param2`, `event_param3`, `event_param4`, `event_param5`, `action_type`, `action_param1`, `action_param2`, `action_param3`, `action_param4`, `action_param5`, `action_param6`, `target_type`, `target_param1`, `target_param2`, `target_param3`, `target_param4`, `target_x`, `target_y`, `target_z`, `target_o`, `comment`) VALUES ('1895600', '9', '0', '0', '0', '0', '100', '7', '0', '0', '0', '0', '0', '72', '0', '0', '0', '0', '0', '0', '7', '0', '0', '0', '0', '0', '0', '0', '0', 'Lakka - On Script - Close Gossip'), ('1895600', '9', '1', '0', '0', '0', '100', '7', '0', '0', '0', '0', '0', '1', '0', '0', '0', '0', '0', '0', '7', '0', '0', '0', '0', '0', '0', '0', '0', 'Lakka - On Script - Say Line 0'), ('1895600', '9', '2', '0', '0', '0', '100', '7', '0', '0', '0', '0', '0', '33', '18956', '0', '0', '0', '0', '0', '7', '0', '0', '0', '0', '0', '0', '0', '0', 'Lakka - On Script - Quest Credit \'Brother Against Brother\''), ('1895600', '9', '3', '0', '0', '0', '100', '7', '0', '0', '0', '0', '0', '41', '5000', '0', '0', '0', '0', '0', '1', '0', '0', '0', '0', '0', '0', '0', '0', 'Lakka - On Script - Despawn In 5000 ms');
INSERT INTO smart_scripts (`entryorguid`, `source_type`, `id`, `link`, `event_type`, `event_phase_mask`, `event_chance`, `event_flags`, `event_param1`, `event_param2`, `event_param3`, `event_param4`, `event_param5`, `action_type`, `action_param1`, `action_param2`, `action_param3`, `action_param4`, `action_param5`, `action_param6`, `target_type`, `target_param1`, `target_param2`, `target_param3`, `target_param4`, `target_x`, `target_y`, `target_z`, `target_o`, `comment`) VALUES ('18956', '0', '0', '0', '62', '0', '100', '7', '7868', '0', '0', '0', '0', '80', '1895600', '0', '0', '0', '0', '0', '1', '0', '0', '0', '0', '0', '0', '0', '0', 'Lakka - On Gossip Option 0 Selected - Run Script');
-- Menu 7868 is already imported
UPDATE creature_template SET npcflag = (npcflag | 1), gossip_menu_id = 7868 WHERE entry = 18956;


-- Importing creature gossip with entry 9460 (Gadgetzan Bruiser) with import type GOSSIP
-- Importing menu 7956 as 57095
INSERT INTO gossip_text (`ID`, `comment`, `text0_0`, `text0_1`, `BroadcastTextID0`, `lang0`, `Probability0`, `em0_0`, `em0_1`, `em0_2`, `em0_3`, `em0_4`, `em0_5`, `text1_0`, `text1_1`, `BroadcastTextID1`, `lang1`, `Probability1`, `em1_0`, `em1_1`, `em1_2`, `em1_3`, `em1_4`, `em1_5`, `text2_0`, `text2_1`, `BroadcastTextID2`, `lang2`, `Probability2`, `em2_0`, `em2_1`, `em2_2`, `em2_3`, `em2_4`, `em2_5`, `text3_0`, `text3_1`, `BroadcastTextID3`, `lang3`, `Probability3`, `em3_0`, `em3_1`, `em3_2`, `em3_3`, `em3_4`, `em3_5`, `text4_0`, `text4_1`, `BroadcastTextID4`, `lang4`, `Probability4`, `em4_0`, `em4_1`, `em4_2`, `em4_3`, `em4_4`, `em4_5`, `text5_0`, `text5_1`, `BroadcastTextID5`, `lang5`, `Probability5`, `em5_0`, `em5_1`, `em5_2`, `em5_3`, `em5_4`, `em5_5`, `text6_0`, `text6_1`, `BroadcastTextID6`, `lang6`, `Probability6`, `em6_0`, `em6_1`, `em6_2`, `em6_3`, `em6_4`, `em6_5`, `text7_0`, `text7_1`, `BroadcastTextID7`, `lang7`, `Probability7`, `em7_0`, `em7_1`, `em7_2`, `em7_3`, `em7_4`, `em7_5`) VALUES ('1872630', 'Imported from TC', 'We\'re here to protect Gadgetzan interests in Un\'Goro and that\'s none of your business.', '', '16450', '0', '1', '0', '0', '0', '0', '0', '0', '', '', NULL, '0', '0', '0', '0', '0', '0', '0', '0', '', '', NULL, '0', '0', '0', '0', '0', '0', '0', '0', '', '', NULL, '0', '0', '0', '0', '0', '0', '0', '0', '', '', NULL, '0', '0', '0', '0', '0', '0', '0', '0', '', '', NULL, '0', '0', '0', '0', '0', '0', '0', '0', '', '', NULL, '0', '0', '0', '0', '0', '0', '0', '0', '', '', NULL, '0', '0', '0', '0', '0', '0', '0', '0');
INSERT INTO gossip_menu (`MenuID`, `TextID`) VALUES ('57095', '1872630');
INSERT INTO gossip_text (`ID`, `comment`, `text0_0`, `text0_1`, `BroadcastTextID0`, `lang0`, `Probability0`, `em0_0`, `em0_1`, `em0_2`, `em0_3`, `em0_4`, `em0_5`, `text1_0`, `text1_1`, `BroadcastTextID1`, `lang1`, `Probability1`, `em1_0`, `em1_1`, `em1_2`, `em1_3`, `em1_4`, `em1_5`, `text2_0`, `text2_1`, `BroadcastTextID2`, `lang2`, `Probability2`, `em2_0`, `em2_1`, `em2_2`, `em2_3`, `em2_4`, `em2_5`, `text3_0`, `text3_1`, `BroadcastTextID3`, `lang3`, `Probability3`, `em3_0`, `em3_1`, `em3_2`, `em3_3`, `em3_4`, `em3_5`, `text4_0`, `text4_1`, `BroadcastTextID4`, `lang4`, `Probability4`, `em4_0`, `em4_1`, `em4_2`, `em4_3`, `em4_4`, `em4_5`, `text5_0`, `text5_1`, `BroadcastTextID5`, `lang5`, `Probability5`, `em5_0`, `em5_1`, `em5_2`, `em5_3`, `em5_4`, `em5_5`, `text6_0`, `text6_1`, `BroadcastTextID6`, `lang6`, `Probability6`, `em6_0`, `em6_1`, `em6_2`, `em6_3`, `em6_4`, `em6_5`, `text7_0`, `text7_1`, `BroadcastTextID7`, `lang7`, `Probability7`, `em7_0`, `em7_1`, `em7_2`, `em7_3`, `em7_4`, `em7_5`) VALUES ('15532', 'Imported from TC', 'On behalf of the illustrious and still neutral Steamwheedle Cartel, I hope you enjoy your stay.$B$BRemember, everyone is welcome in Gadgetzan! Everyone except pirates.', '', '39180', '0', '1', '0', '0', '0', '0', '0', '0', '', '', NULL, '0', '0', '0', '0', '0', '0', '0', '0', '', '', NULL, '0', '0', '0', '0', '0', '0', '0', '0', '', '', NULL, '0', '0', '0', '0', '0', '0', '0', '0', '', '', NULL, '0', '0', '0', '0', '0', '0', '0', '0', '', '', NULL, '0', '0', '0', '0', '0', '0', '0', '0', '', '', NULL, '0', '0', '0', '0', '0', '0', '0', '0', '', '', NULL, '0', '0', '0', '0', '0', '0', '0', '0');
INSERT INTO gossip_menu (`MenuID`, `TextID`) VALUES ('57095', '15532');
UPDATE creature_template SET npcflag = (npcflag | 1), gossip_menu_id = 57095 WHERE entry = 9460;


-- Importing creature gossip with entry 19882 (Jero'me) with import type GOSSIP
INSERT INTO gossip_text (`ID`, `comment`, `text0_0`, `text0_1`, `BroadcastTextID0`, `lang0`, `Probability0`, `em0_0`, `em0_1`, `em0_2`, `em0_3`, `em0_4`, `em0_5`, `text1_0`, `text1_1`, `BroadcastTextID1`, `lang1`, `Probability1`, `em1_0`, `em1_1`, `em1_2`, `em1_3`, `em1_4`, `em1_5`, `text2_0`, `text2_1`, `BroadcastTextID2`, `lang2`, `Probability2`, `em2_0`, `em2_1`, `em2_2`, `em2_3`, `em2_4`, `em2_5`, `text3_0`, `text3_1`, `BroadcastTextID3`, `lang3`, `Probability3`, `em3_0`, `em3_1`, `em3_2`, `em3_3`, `em3_4`, `em3_5`, `text4_0`, `text4_1`, `BroadcastTextID4`, `lang4`, `Probability4`, `em4_0`, `em4_1`, `em4_2`, `em4_3`, `em4_4`, `em4_5`, `text5_0`, `text5_1`, `BroadcastTextID5`, `lang5`, `Probability5`, `em5_0`, `em5_1`, `em5_2`, `em5_3`, `em5_4`, `em5_5`, `text6_0`, `text6_1`, `BroadcastTextID6`, `lang6`, `Probability6`, `em6_0`, `em6_1`, `em6_2`, `em6_3`, `em6_4`, `em6_5`, `text7_0`, `text7_1`, `BroadcastTextID7`, `lang7`, `Probability7`, `em7_0`, `em7_1`, `em7_2`, `em7_3`, `em7_4`, `em7_5`) VALUES ('1872631', 'Imported from TC', 'Finally, someone came down to talk to me!  Want to hear some of my rhymes?', '', '17581', '0', '1', '0', '0', '0', '0', '0', '0', '', '', NULL, '0', '0', '0', '0', '0', '0', '0', '0', '', '', NULL, '0', '0', '0', '0', '0', '0', '0', '0', '', '', NULL, '0', '0', '0', '0', '0', '0', '0', '0', '', '', NULL, '0', '0', '0', '0', '0', '0', '0', '0', '', '', NULL, '0', '0', '0', '0', '0', '0', '0', '0', '', '', NULL, '0', '0', '0', '0', '0', '0', '0', '0', '', '', NULL, '0', '0', '0', '0', '0', '0', '0', '0');
INSERT INTO gossip_menu (`MenuID`, `TextID`) VALUES ('8060', '1872631');
INSERT INTO gossip_text (`ID`, `comment`, `text0_0`, `text0_1`, `BroadcastTextID0`, `lang0`, `Probability0`, `em0_0`, `em0_1`, `em0_2`, `em0_3`, `em0_4`, `em0_5`, `text1_0`, `text1_1`, `BroadcastTextID1`, `lang1`, `Probability1`, `em1_0`, `em1_1`, `em1_2`, `em1_3`, `em1_4`, `em1_5`, `text2_0`, `text2_1`, `BroadcastTextID2`, `lang2`, `Probability2`, `em2_0`, `em2_1`, `em2_2`, `em2_3`, `em2_4`, `em2_5`, `text3_0`, `text3_1`, `BroadcastTextID3`, `lang3`, `Probability3`, `em3_0`, `em3_1`, `em3_2`, `em3_3`, `em3_4`, `em3_5`, `text4_0`, `text4_1`, `BroadcastTextID4`, `lang4`, `Probability4`, `em4_0`, `em4_1`, `em4_2`, `em4_3`, `em4_4`, `em4_5`, `text5_0`, `text5_1`, `BroadcastTextID5`, `lang5`, `Probability5`, `em5_0`, `em5_1`, `em5_2`, `em5_3`, `em5_4`, `em5_5`, `text6_0`, `text6_1`, `BroadcastTextID6`, `lang6`, `Probability6`, `em6_0`, `em6_1`, `em6_2`, `em6_3`, `em6_4`, `em6_5`, `text7_0`, `text7_1`, `BroadcastTextID7`, `lang7`, `Probability7`, `em7_0`, `em7_1`, `em7_2`, `em7_3`, `em7_4`, `em7_5`) VALUES ('1872632', 'Imported from TC', 'Walking down the street!  Looking at my feet!  Watching the leaves, fall off of the trees!', '', '17584', '0', '1', '0', '0', '0', '0', '0', '0', '', '', NULL, '0', '0', '0', '0', '0', '0', '0', '0', '', '', NULL, '0', '0', '0', '0', '0', '0', '0', '0', '', '', NULL, '0', '0', '0', '0', '0', '0', '0', '0', '', '', NULL, '0', '0', '0', '0', '0', '0', '0', '0', '', '', NULL, '0', '0', '0', '0', '0', '0', '0', '0', '', '', NULL, '0', '0', '0', '0', '0', '0', '0', '0', '', '', NULL, '0', '0', '0', '0', '0', '0', '0', '0');
INSERT INTO gossip_menu (`MenuID`, `TextID`) VALUES ('8061', '1872632');
INSERT INTO gossip_menu_option (`MenuID`, `OptionID`, `OptionIcon`, `OptionText`, `OptionBroadcastTextID`, `OptionType`, `OptionNpcFlag`, `ActionMenuID`, `ActionPoiID`, `BoxCoded`, `BoxMoney`, `BoxText`, `BoxBroadcastTextID`) VALUES ('8060', '0', '0', 'YES!', '17582', '1', '1', '8061', NULL, '0', '0', '', NULL);
INSERT INTO gossip_menu_option (`MenuID`, `OptionID`, `OptionIcon`, `OptionText`, `OptionBroadcastTextID`, `OptionType`, `OptionNpcFlag`, `ActionMenuID`, `ActionPoiID`, `BoxCoded`, `BoxMoney`, `BoxText`, `BoxBroadcastTextID`) VALUES ('8060', '1', '0', 'NO!', '68393', '1', '1', NULL, NULL, '0', '0', '', NULL);
UPDATE creature_template SET npcflag = (npcflag | 1), gossip_menu_id = 8060 WHERE entry = 19882;


-- Importing creature gossip with entry 16264 (Winaestra) with import type GOSSIP
-- Text 10011 already present in Sun DB
INSERT INTO conditions (`SourceTypeOrReferenceId`, `SourceGroup`, `SourceEntry`, `SourceId`, `ElseGroup`, `ConditionTypeOrReference`, `ConditionTarget`, `ConditionValue1`, `ConditionValue2`, `ConditionValue3`, `NegativeCondition`, `ErrorType`, `ErrorTextId`, `ScriptName`, `Comment`) VALUES ('14', '8098', '10011', '0', '0', '16', '0', '512', '0', '0', '0', '0', '0', '', '(autoimported) NPC Text - Show text if Player is Blood Elf');
INSERT INTO conditions (`SourceTypeOrReferenceId`, `SourceGroup`, `SourceEntry`, `SourceId`, `ElseGroup`, `ConditionTypeOrReference`, `ConditionTarget`, `ConditionValue1`, `ConditionValue2`, `ConditionValue3`, `NegativeCondition`, `ErrorType`, `ErrorTextId`, `ScriptName`, `Comment`) VALUES ('14', '8098', '10011', '0', '1', '5', '0', '911', '128', '0', '0', '0', '0', '', '(autoimported) NPC Text - Show text if player is Exalted with Silvermoon');
INSERT INTO gossip_menu (`MenuID`, `TextID`) VALUES ('8098', '10011');
INSERT INTO gossip_text (`ID`, `comment`, `text0_0`, `text0_1`, `BroadcastTextID0`, `lang0`, `Probability0`, `em0_0`, `em0_1`, `em0_2`, `em0_3`, `em0_4`, `em0_5`, `text1_0`, `text1_1`, `BroadcastTextID1`, `lang1`, `Probability1`, `em1_0`, `em1_1`, `em1_2`, `em1_3`, `em1_4`, `em1_5`, `text2_0`, `text2_1`, `BroadcastTextID2`, `lang2`, `Probability2`, `em2_0`, `em2_1`, `em2_2`, `em2_3`, `em2_4`, `em2_5`, `text3_0`, `text3_1`, `BroadcastTextID3`, `lang3`, `Probability3`, `em3_0`, `em3_1`, `em3_2`, `em3_3`, `em3_4`, `em3_5`, `text4_0`, `text4_1`, `BroadcastTextID4`, `lang4`, `Probability4`, `em4_0`, `em4_1`, `em4_2`, `em4_3`, `em4_4`, `em4_5`, `text5_0`, `text5_1`, `BroadcastTextID5`, `lang5`, `Probability5`, `em5_0`, `em5_1`, `em5_2`, `em5_3`, `em5_4`, `em5_5`, `text6_0`, `text6_1`, `BroadcastTextID6`, `lang6`, `Probability6`, `em6_0`, `em6_1`, `em6_2`, `em6_3`, `em6_4`, `em6_5`, `text7_0`, `text7_1`, `BroadcastTextID7`, `lang7`, `Probability7`, `em7_0`, `em7_1`, `em7_2`, `em7_3`, `em7_4`, `em7_5`) VALUES ('1872633', 'Imported from TC', '', 'You\'ll be purchasing no hawkstrider here until you\'ve proven your worth and dedication to our people.$b$B$BDo not return until you are considered exalted among the blood elves. Away with you!', '18925', '1', '1', '1', '274', '2', '25', '0', '0', '', '', NULL, '0', '0', '0', '0', '0', '0', '0', '0', '', '', NULL, '0', '0', '0', '0', '0', '0', '0', '0', '', '', NULL, '0', '0', '0', '0', '0', '0', '0', '0', '', '', NULL, '0', '0', '0', '0', '0', '0', '0', '0', '', '', NULL, '0', '0', '0', '0', '0', '0', '0', '0', '', '', NULL, '0', '0', '0', '0', '0', '0', '0', '0', '', '', NULL, '0', '0', '0', '0', '0', '0', '0', '0');
INSERT INTO conditions (`SourceTypeOrReferenceId`, `SourceGroup`, `SourceEntry`, `SourceId`, `ElseGroup`, `ConditionTypeOrReference`, `ConditionTarget`, `ConditionValue1`, `ConditionValue2`, `ConditionValue3`, `NegativeCondition`, `ErrorType`, `ErrorTextId`, `ScriptName`, `Comment`) VALUES ('14', '8098', '1872633', '0', '0', '16', '0', '512', '0', '0', '1', '0', '0', '', '(autoimported) NPC Text - Show text if Player is not Blood Elf');
INSERT INTO conditions (`SourceTypeOrReferenceId`, `SourceGroup`, `SourceEntry`, `SourceId`, `ElseGroup`, `ConditionTypeOrReference`, `ConditionTarget`, `ConditionValue1`, `ConditionValue2`, `ConditionValue3`, `NegativeCondition`, `ErrorType`, `ErrorTextId`, `ScriptName`, `Comment`) VALUES ('14', '8098', '1872633', '0', '0', '5', '0', '911', '128', '0', '1', '0', '0', '', '(autoimported) NPC Text - Show text if player is not Exalted with Silvermoon');
INSERT INTO gossip_menu (`MenuID`, `TextID`) VALUES ('8098', '1872633');
INSERT INTO gossip_menu_option (`MenuID`, `OptionID`, `OptionIcon`, `OptionText`, `OptionBroadcastTextID`, `OptionType`, `OptionNpcFlag`, `ActionMenuID`, `ActionPoiID`, `BoxCoded`, `BoxMoney`, `BoxText`, `BoxBroadcastTextID`) VALUES ('8098', '0', '1', 'I wish to purchase one of these creatures.', '17909', '3', '128', NULL, NULL, '0', '0', '', NULL);
INSERT INTO conditions (`SourceTypeOrReferenceId`, `SourceGroup`, `SourceEntry`, `SourceId`, `ElseGroup`, `ConditionTypeOrReference`, `ConditionTarget`, `ConditionValue1`, `ConditionValue2`, `ConditionValue3`, `NegativeCondition`, `ErrorType`, `ErrorTextId`, `ScriptName`, `Comment`) VALUES ('15', '8098', '0', '0', '0', '16', '0', '512', '0', '0', '0', '0', '0', '', '(autoimported) Gossip Option - Show Option if Player is Blood Elf');
INSERT INTO conditions (`SourceTypeOrReferenceId`, `SourceGroup`, `SourceEntry`, `SourceId`, `ElseGroup`, `ConditionTypeOrReference`, `ConditionTarget`, `ConditionValue1`, `ConditionValue2`, `ConditionValue3`, `NegativeCondition`, `ErrorType`, `ErrorTextId`, `ScriptName`, `Comment`) VALUES ('15', '8098', '0', '0', '1', '5', '0', '911', '128', '0', '0', '0', '0', '', '(autoimported) Gossip Option - Show Option if player is Exalted with Silvermoon City');
UPDATE creature_template SET npcflag = (npcflag | 1), gossip_menu_id = 8098 WHERE entry = 16264;


-- Importing creature gossip with entry 18038 (Azuremyst Peacekeeper) with import type GOSSIP
-- Importing menu 8129 as 57096
INSERT INTO gossip_text (`ID`, `comment`, `text0_0`, `text0_1`, `BroadcastTextID0`, `lang0`, `Probability0`, `em0_0`, `em0_1`, `em0_2`, `em0_3`, `em0_4`, `em0_5`, `text1_0`, `text1_1`, `BroadcastTextID1`, `lang1`, `Probability1`, `em1_0`, `em1_1`, `em1_2`, `em1_3`, `em1_4`, `em1_5`, `text2_0`, `text2_1`, `BroadcastTextID2`, `lang2`, `Probability2`, `em2_0`, `em2_1`, `em2_2`, `em2_3`, `em2_4`, `em2_5`, `text3_0`, `text3_1`, `BroadcastTextID3`, `lang3`, `Probability3`, `em3_0`, `em3_1`, `em3_2`, `em3_3`, `em3_4`, `em3_5`, `text4_0`, `text4_1`, `BroadcastTextID4`, `lang4`, `Probability4`, `em4_0`, `em4_1`, `em4_2`, `em4_3`, `em4_4`, `em4_5`, `text5_0`, `text5_1`, `BroadcastTextID5`, `lang5`, `Probability5`, `em5_0`, `em5_1`, `em5_2`, `em5_3`, `em5_4`, `em5_5`, `text6_0`, `text6_1`, `BroadcastTextID6`, `lang6`, `Probability6`, `em6_0`, `em6_1`, `em6_2`, `em6_3`, `em6_4`, `em6_5`, `text7_0`, `text7_1`, `BroadcastTextID7`, `lang7`, `Probability7`, `em7_0`, `em7_1`, `em7_2`, `em7_3`, `em7_4`, `em7_5`) VALUES ('1872634', 'Imported from TC', 'If the Light cannot guide you, my friend, perhaps I can be of assistance. What is it you need?', 'If the Light cannot guide you, my friend, perhaps I can be of assistance. What is it you need?', '18273', '7', '1', '0', '0', '0', '0', '0', '0', 'This isle can be strange, can it not? Is there something I can do for you?', 'This isle can be strange, can it not? Is there something I can do for you?', '18274', '7', '1', '0', '0', '0', '0', '0', '0', '', '', NULL, '0', '0', '0', '0', '0', '0', '0', '0', '', '', NULL, '0', '0', '0', '0', '0', '0', '0', '0', '', '', NULL, '0', '0', '0', '0', '0', '0', '0', '0', '', '', NULL, '0', '0', '0', '0', '0', '0', '0', '0', '', '', NULL, '0', '0', '0', '0', '0', '0', '0', '0', '', '', NULL, '0', '0', '0', '0', '0', '0', '0', '0');
INSERT INTO gossip_menu (`MenuID`, `TextID`) VALUES ('57096', '1872634');
-- Importing menu 8130 as 57097
INSERT INTO gossip_text (`ID`, `comment`, `text0_0`, `text0_1`, `BroadcastTextID0`, `lang0`, `Probability0`, `em0_0`, `em0_1`, `em0_2`, `em0_3`, `em0_4`, `em0_5`, `text1_0`, `text1_1`, `BroadcastTextID1`, `lang1`, `Probability1`, `em1_0`, `em1_1`, `em1_2`, `em1_3`, `em1_4`, `em1_5`, `text2_0`, `text2_1`, `BroadcastTextID2`, `lang2`, `Probability2`, `em2_0`, `em2_1`, `em2_2`, `em2_3`, `em2_4`, `em2_5`, `text3_0`, `text3_1`, `BroadcastTextID3`, `lang3`, `Probability3`, `em3_0`, `em3_1`, `em3_2`, `em3_3`, `em3_4`, `em3_5`, `text4_0`, `text4_1`, `BroadcastTextID4`, `lang4`, `Probability4`, `em4_0`, `em4_1`, `em4_2`, `em4_3`, `em4_4`, `em4_5`, `text5_0`, `text5_1`, `BroadcastTextID5`, `lang5`, `Probability5`, `em5_0`, `em5_1`, `em5_2`, `em5_3`, `em5_4`, `em5_5`, `text6_0`, `text6_1`, `BroadcastTextID6`, `lang6`, `Probability6`, `em6_0`, `em6_1`, `em6_2`, `em6_3`, `em6_4`, `em6_5`, `text7_0`, `text7_1`, `BroadcastTextID7`, `lang7`, `Probability7`, `em7_0`, `em7_1`, `em7_2`, `em7_3`, `em7_4`, `em7_5`) VALUES ('1872635', 'Imported from TC', 'Seeking storage? You\'ll want to head to the safety of the Exodar, then... the bankers will be more than happy to help you.', 'Seeking storage? You\'ll want to head to the safety of the Exodar, then... the bankers will be more than happy to help you.', '18275', '7', '1', '0', '0', '0', '0', '0', '0', '', '', NULL, '0', '0', '0', '0', '0', '0', '0', '0', '', '', NULL, '0', '0', '0', '0', '0', '0', '0', '0', '', '', NULL, '0', '0', '0', '0', '0', '0', '0', '0', '', '', NULL, '0', '0', '0', '0', '0', '0', '0', '0', '', '', NULL, '0', '0', '0', '0', '0', '0', '0', '0', '', '', NULL, '0', '0', '0', '0', '0', '0', '0', '0', '', '', NULL, '0', '0', '0', '0', '0', '0', '0', '0');
INSERT INTO gossip_menu (`MenuID`, `TextID`) VALUES ('57097', '1872635');
INSERT INTO gossip_menu_option (`MenuID`, `OptionID`, `OptionIcon`, `OptionText`, `OptionBroadcastTextID`, `OptionType`, `OptionNpcFlag`, `ActionMenuID`, `ActionPoiID`, `BoxCoded`, `BoxMoney`, `BoxText`, `BoxBroadcastTextID`) VALUES ('57096', '0', '0', 'Bank', '44628', '1', '1', '57097', NULL, '0', '0', '', NULL);
-- Importing menu 8133 as 57098
INSERT INTO gossip_text (`ID`, `comment`, `text0_0`, `text0_1`, `BroadcastTextID0`, `lang0`, `Probability0`, `em0_0`, `em0_1`, `em0_2`, `em0_3`, `em0_4`, `em0_5`, `text1_0`, `text1_1`, `BroadcastTextID1`, `lang1`, `Probability1`, `em1_0`, `em1_1`, `em1_2`, `em1_3`, `em1_4`, `em1_5`, `text2_0`, `text2_1`, `BroadcastTextID2`, `lang2`, `Probability2`, `em2_0`, `em2_1`, `em2_2`, `em2_3`, `em2_4`, `em2_5`, `text3_0`, `text3_1`, `BroadcastTextID3`, `lang3`, `Probability3`, `em3_0`, `em3_1`, `em3_2`, `em3_3`, `em3_4`, `em3_5`, `text4_0`, `text4_1`, `BroadcastTextID4`, `lang4`, `Probability4`, `em4_0`, `em4_1`, `em4_2`, `em4_3`, `em4_4`, `em4_5`, `text5_0`, `text5_1`, `BroadcastTextID5`, `lang5`, `Probability5`, `em5_0`, `em5_1`, `em5_2`, `em5_3`, `em5_4`, `em5_5`, `text6_0`, `text6_1`, `BroadcastTextID6`, `lang6`, `Probability6`, `em6_0`, `em6_1`, `em6_2`, `em6_3`, `em6_4`, `em6_5`, `text7_0`, `text7_1`, `BroadcastTextID7`, `lang7`, `Probability7`, `em7_0`, `em7_1`, `em7_2`, `em7_3`, `em7_4`, `em7_5`) VALUES ('1872636', 'Imported from TC', 'The hippogryphs are well-tended near the Exodar proper. You should journey there if you wish to fly to Blood Watch.', 'The hippogryphs are well-tended near the Exodar proper. You should journey there if you wish to fly to Blood Watch.', '18295', '7', '1', '0', '0', '0', '0', '0', '0', '', '', NULL, '0', '0', '0', '0', '0', '0', '0', '0', '', '', NULL, '0', '0', '0', '0', '0', '0', '0', '0', '', '', NULL, '0', '0', '0', '0', '0', '0', '0', '0', '', '', NULL, '0', '0', '0', '0', '0', '0', '0', '0', '', '', NULL, '0', '0', '0', '0', '0', '0', '0', '0', '', '', NULL, '0', '0', '0', '0', '0', '0', '0', '0', '', '', NULL, '0', '0', '0', '0', '0', '0', '0', '0');
INSERT INTO gossip_menu (`MenuID`, `TextID`) VALUES ('57098', '1872636');
INSERT INTO gossip_menu_option (`MenuID`, `OptionID`, `OptionIcon`, `OptionText`, `OptionBroadcastTextID`, `OptionType`, `OptionNpcFlag`, `ActionMenuID`, `ActionPoiID`, `BoxCoded`, `BoxMoney`, `BoxText`, `BoxBroadcastTextID`) VALUES ('57096', '1', '0', 'Hippogryph Master', '18292', '1', '1', '57098', NULL, '0', '0', '', NULL);
INSERT INTO gossip_text (`ID`, `comment`, `text0_0`, `text0_1`, `BroadcastTextID0`, `lang0`, `Probability0`, `em0_0`, `em0_1`, `em0_2`, `em0_3`, `em0_4`, `em0_5`, `text1_0`, `text1_1`, `BroadcastTextID1`, `lang1`, `Probability1`, `em1_0`, `em1_1`, `em1_2`, `em1_3`, `em1_4`, `em1_5`, `text2_0`, `text2_1`, `BroadcastTextID2`, `lang2`, `Probability2`, `em2_0`, `em2_1`, `em2_2`, `em2_3`, `em2_4`, `em2_5`, `text3_0`, `text3_1`, `BroadcastTextID3`, `lang3`, `Probability3`, `em3_0`, `em3_1`, `em3_2`, `em3_3`, `em3_4`, `em3_5`, `text4_0`, `text4_1`, `BroadcastTextID4`, `lang4`, `Probability4`, `em4_0`, `em4_1`, `em4_2`, `em4_3`, `em4_4`, `em4_5`, `text5_0`, `text5_1`, `BroadcastTextID5`, `lang5`, `Probability5`, `em5_0`, `em5_1`, `em5_2`, `em5_3`, `em5_4`, `em5_5`, `text6_0`, `text6_1`, `BroadcastTextID6`, `lang6`, `Probability6`, `em6_0`, `em6_1`, `em6_2`, `em6_3`, `em6_4`, `em6_5`, `text7_0`, `text7_1`, `BroadcastTextID7`, `lang7`, `Probability7`, `em7_0`, `em7_1`, `em7_2`, `em7_3`, `em7_4`, `em7_5`) VALUES ('1872637', 'Imported from TC', 'Funaam is our guild registrar. His office has been set up within the Exodar. Just follow the road; you\'ll find it in no time.', 'Funaam is our guild registrar. His office has been set up within the Exodar. Just follow the road; you\'ll find it in no time.', '18297', '7', '1', '0', '0', '0', '0', '0', '0', '', '', NULL, '0', '0', '0', '0', '0', '0', '0', '0', '', '', NULL, '0', '0', '0', '0', '0', '0', '0', '0', '', '', NULL, '0', '0', '0', '0', '0', '0', '0', '0', '', '', NULL, '0', '0', '0', '0', '0', '0', '0', '0', '', '', NULL, '0', '0', '0', '0', '0', '0', '0', '0', '', '', NULL, '0', '0', '0', '0', '0', '0', '0', '0', '', '', NULL, '0', '0', '0', '0', '0', '0', '0', '0');
INSERT INTO gossip_menu (`MenuID`, `TextID`) VALUES ('8134', '1872637');
INSERT INTO gossip_menu_option (`MenuID`, `OptionID`, `OptionIcon`, `OptionText`, `OptionBroadcastTextID`, `OptionType`, `OptionNpcFlag`, `ActionMenuID`, `ActionPoiID`, `BoxCoded`, `BoxMoney`, `BoxText`, `BoxBroadcastTextID`) VALUES ('57096', '2', '0', 'Guild Master', '2870', '1', '1', '8134', NULL, '0', '0', '', NULL);
INSERT INTO gossip_text (`ID`, `comment`, `text0_0`, `text0_1`, `BroadcastTextID0`, `lang0`, `Probability0`, `em0_0`, `em0_1`, `em0_2`, `em0_3`, `em0_4`, `em0_5`, `text1_0`, `text1_1`, `BroadcastTextID1`, `lang1`, `Probability1`, `em1_0`, `em1_1`, `em1_2`, `em1_3`, `em1_4`, `em1_5`, `text2_0`, `text2_1`, `BroadcastTextID2`, `lang2`, `Probability2`, `em2_0`, `em2_1`, `em2_2`, `em2_3`, `em2_4`, `em2_5`, `text3_0`, `text3_1`, `BroadcastTextID3`, `lang3`, `Probability3`, `em3_0`, `em3_1`, `em3_2`, `em3_3`, `em3_4`, `em3_5`, `text4_0`, `text4_1`, `BroadcastTextID4`, `lang4`, `Probability4`, `em4_0`, `em4_1`, `em4_2`, `em4_3`, `em4_4`, `em4_5`, `text5_0`, `text5_1`, `BroadcastTextID5`, `lang5`, `Probability5`, `em5_0`, `em5_1`, `em5_2`, `em5_3`, `em5_4`, `em5_5`, `text6_0`, `text6_1`, `BroadcastTextID6`, `lang6`, `Probability6`, `em6_0`, `em6_1`, `em6_2`, `em6_3`, `em6_4`, `em6_5`, `text7_0`, `text7_1`, `BroadcastTextID7`, `lang7`, `Probability7`, `em7_0`, `em7_1`, `em7_2`, `em7_3`, `em7_4`, `em7_5`) VALUES ('1872638', 'Imported from TC', 'Our humble inn is located in the north of Azure Watch; Chellan will take good care of you.', 'Our humble inn is located in the north of Azure Watch; Chellan will take good care of you.', '18298', '7', '1', '0', '0', '0', '0', '0', '0', '', '', NULL, '0', '0', '0', '0', '0', '0', '0', '0', '', '', NULL, '0', '0', '0', '0', '0', '0', '0', '0', '', '', NULL, '0', '0', '0', '0', '0', '0', '0', '0', '', '', NULL, '0', '0', '0', '0', '0', '0', '0', '0', '', '', NULL, '0', '0', '0', '0', '0', '0', '0', '0', '', '', NULL, '0', '0', '0', '0', '0', '0', '0', '0', '', '', NULL, '0', '0', '0', '0', '0', '0', '0', '0');
INSERT INTO gossip_menu (`MenuID`, `TextID`) VALUES ('8135', '1872638');
INSERT INTO points_of_interest (`ID`, `PositionX`, `PositionY`, `Icon`, `Flags`, `Importance`, `Name`, `VerifiedBuild`) VALUES ('219', '-4127', '-12467.4', '6', '583', '0', 'Azure Watch, Innkeeper', '0');
INSERT INTO gossip_menu_option (`MenuID`, `OptionID`, `OptionIcon`, `OptionText`, `OptionBroadcastTextID`, `OptionType`, `OptionNpcFlag`, `ActionMenuID`, `ActionPoiID`, `BoxCoded`, `BoxMoney`, `BoxText`, `BoxBroadcastTextID`) VALUES ('57096', '3', '0', 'Inn', '44629', '1', '1', '8135', '219', '0', '0', '', NULL);
INSERT INTO gossip_text (`ID`, `comment`, `text0_0`, `text0_1`, `BroadcastTextID0`, `lang0`, `Probability0`, `em0_0`, `em0_1`, `em0_2`, `em0_3`, `em0_4`, `em0_5`, `text1_0`, `text1_1`, `BroadcastTextID1`, `lang1`, `Probability1`, `em1_0`, `em1_1`, `em1_2`, `em1_3`, `em1_4`, `em1_5`, `text2_0`, `text2_1`, `BroadcastTextID2`, `lang2`, `Probability2`, `em2_0`, `em2_1`, `em2_2`, `em2_3`, `em2_4`, `em2_5`, `text3_0`, `text3_1`, `BroadcastTextID3`, `lang3`, `Probability3`, `em3_0`, `em3_1`, `em3_2`, `em3_3`, `em3_4`, `em3_5`, `text4_0`, `text4_1`, `BroadcastTextID4`, `lang4`, `Probability4`, `em4_0`, `em4_1`, `em4_2`, `em4_3`, `em4_4`, `em4_5`, `text5_0`, `text5_1`, `BroadcastTextID5`, `lang5`, `Probability5`, `em5_0`, `em5_1`, `em5_2`, `em5_3`, `em5_4`, `em5_5`, `text6_0`, `text6_1`, `BroadcastTextID6`, `lang6`, `Probability6`, `em6_0`, `em6_1`, `em6_2`, `em6_3`, `em6_4`, `em6_5`, `text7_0`, `text7_1`, `BroadcastTextID7`, `lang7`, `Probability7`, `em7_0`, `em7_1`, `em7_2`, `em7_3`, `em7_4`, `em7_5`) VALUES ('1872639', 'Imported from TC', 'Esbina will be happy to take care of your animal companion, my friend. She waits outside the inn within Azure Watch.', 'Esbina will be happy to take care of your animal companion, my friend. She waits outside the inn within Azure Watch.', '18300', '7', '1', '0', '0', '0', '0', '0', '0', '', '', NULL, '0', '0', '0', '0', '0', '0', '0', '0', '', '', NULL, '0', '0', '0', '0', '0', '0', '0', '0', '', '', NULL, '0', '0', '0', '0', '0', '0', '0', '0', '', '', NULL, '0', '0', '0', '0', '0', '0', '0', '0', '', '', NULL, '0', '0', '0', '0', '0', '0', '0', '0', '', '', NULL, '0', '0', '0', '0', '0', '0', '0', '0', '', '', NULL, '0', '0', '0', '0', '0', '0', '0', '0');
INSERT INTO gossip_menu (`MenuID`, `TextID`) VALUES ('8136', '1872639');
INSERT INTO points_of_interest (`ID`, `PositionX`, `PositionY`, `Icon`, `Flags`, `Importance`, `Name`, `VerifiedBuild`) VALUES ('220', '-4146', '-12492.7', '6', '583', '0', 'Azure Watch, Stable Master', '0');
INSERT INTO gossip_menu_option (`MenuID`, `OptionID`, `OptionIcon`, `OptionText`, `OptionBroadcastTextID`, `OptionType`, `OptionNpcFlag`, `ActionMenuID`, `ActionPoiID`, `BoxCoded`, `BoxMoney`, `BoxText`, `BoxBroadcastTextID`) VALUES ('57096', '4', '0', 'Stable Master', '45383', '1', '1', '8136', '220', '0', '0', '', NULL);
INSERT INTO gossip_text (`ID`, `comment`, `text0_0`, `text0_1`, `BroadcastTextID0`, `lang0`, `Probability0`, `em0_0`, `em0_1`, `em0_2`, `em0_3`, `em0_4`, `em0_5`, `text1_0`, `text1_1`, `BroadcastTextID1`, `lang1`, `Probability1`, `em1_0`, `em1_1`, `em1_2`, `em1_3`, `em1_4`, `em1_5`, `text2_0`, `text2_1`, `BroadcastTextID2`, `lang2`, `Probability2`, `em2_0`, `em2_1`, `em2_2`, `em2_3`, `em2_4`, `em2_5`, `text3_0`, `text3_1`, `BroadcastTextID3`, `lang3`, `Probability3`, `em3_0`, `em3_1`, `em3_2`, `em3_3`, `em3_4`, `em3_5`, `text4_0`, `text4_1`, `BroadcastTextID4`, `lang4`, `Probability4`, `em4_0`, `em4_1`, `em4_2`, `em4_3`, `em4_4`, `em4_5`, `text5_0`, `text5_1`, `BroadcastTextID5`, `lang5`, `Probability5`, `em5_0`, `em5_1`, `em5_2`, `em5_3`, `em5_4`, `em5_5`, `text6_0`, `text6_1`, `BroadcastTextID6`, `lang6`, `Probability6`, `em6_0`, `em6_1`, `em6_2`, `em6_3`, `em6_4`, `em6_5`, `text7_0`, `text7_1`, `BroadcastTextID7`, `lang7`, `Probability7`, `em7_0`, `em7_1`, `em7_2`, `em7_3`, `em7_4`, `em7_5`) VALUES ('1872640', 'Imported from TC', 'Ah, seeking training, are you? There are several instructors who are camped in Azure Watch... what are you after?', 'Ah, seeking training, are you? There are several instructors who are camped in Azure Watch... what are you after?', '18302', '7', '1', '0', '0', '0', '0', '0', '0', '', '', NULL, '0', '0', '0', '0', '0', '0', '0', '0', '', '', NULL, '0', '0', '0', '0', '0', '0', '0', '0', '', '', NULL, '0', '0', '0', '0', '0', '0', '0', '0', '', '', NULL, '0', '0', '0', '0', '0', '0', '0', '0', '', '', NULL, '0', '0', '0', '0', '0', '0', '0', '0', '', '', NULL, '0', '0', '0', '0', '0', '0', '0', '0', '', '', NULL, '0', '0', '0', '0', '0', '0', '0', '0');
INSERT INTO gossip_menu (`MenuID`, `TextID`) VALUES ('8137', '1872640');
-- Importing menu 8139 as 57099
INSERT INTO gossip_text (`ID`, `comment`, `text0_0`, `text0_1`, `BroadcastTextID0`, `lang0`, `Probability0`, `em0_0`, `em0_1`, `em0_2`, `em0_3`, `em0_4`, `em0_5`, `text1_0`, `text1_1`, `BroadcastTextID1`, `lang1`, `Probability1`, `em1_0`, `em1_1`, `em1_2`, `em1_3`, `em1_4`, `em1_5`, `text2_0`, `text2_1`, `BroadcastTextID2`, `lang2`, `Probability2`, `em2_0`, `em2_1`, `em2_2`, `em2_3`, `em2_4`, `em2_5`, `text3_0`, `text3_1`, `BroadcastTextID3`, `lang3`, `Probability3`, `em3_0`, `em3_1`, `em3_2`, `em3_3`, `em3_4`, `em3_5`, `text4_0`, `text4_1`, `BroadcastTextID4`, `lang4`, `Probability4`, `em4_0`, `em4_1`, `em4_2`, `em4_3`, `em4_4`, `em4_5`, `text5_0`, `text5_1`, `BroadcastTextID5`, `lang5`, `Probability5`, `em5_0`, `em5_1`, `em5_2`, `em5_3`, `em5_4`, `em5_5`, `text6_0`, `text6_1`, `BroadcastTextID6`, `lang6`, `Probability6`, `em6_0`, `em6_1`, `em6_2`, `em6_3`, `em6_4`, `em6_5`, `text7_0`, `text7_1`, `BroadcastTextID7`, `lang7`, `Probability7`, `em7_0`, `em7_1`, `em7_2`, `em7_3`, `em7_4`, `em7_5`) VALUES ('1872641', 'Imported from TC', 'Druid? No one here follows that path... but I believe I heard of someone matching that description near the Exodar. Shalannius, I think?', 'Druid? No one here follows that path... but I believe I heard of someone matching that description near the Exodar. Shalannius, I think?', '18306', '7', '1', '0', '0', '0', '0', '0', '0', '', '', NULL, '0', '0', '0', '0', '0', '0', '0', '0', '', '', NULL, '0', '0', '0', '0', '0', '0', '0', '0', '', '', NULL, '0', '0', '0', '0', '0', '0', '0', '0', '', '', NULL, '0', '0', '0', '0', '0', '0', '0', '0', '', '', NULL, '0', '0', '0', '0', '0', '0', '0', '0', '', '', NULL, '0', '0', '0', '0', '0', '0', '0', '0', '', '', NULL, '0', '0', '0', '0', '0', '0', '0', '0');
INSERT INTO gossip_menu (`MenuID`, `TextID`) VALUES ('57099', '1872641');
INSERT INTO gossip_menu_option (`MenuID`, `OptionID`, `OptionIcon`, `OptionText`, `OptionBroadcastTextID`, `OptionType`, `OptionNpcFlag`, `ActionMenuID`, `ActionPoiID`, `BoxCoded`, `BoxMoney`, `BoxText`, `BoxBroadcastTextID`) VALUES ('8137', '0', '0', 'Druid', '45409', '1', '1', '57099', NULL, '0', '0', '', NULL);
INSERT INTO gossip_text (`ID`, `comment`, `text0_0`, `text0_1`, `BroadcastTextID0`, `lang0`, `Probability0`, `em0_0`, `em0_1`, `em0_2`, `em0_3`, `em0_4`, `em0_5`, `text1_0`, `text1_1`, `BroadcastTextID1`, `lang1`, `Probability1`, `em1_0`, `em1_1`, `em1_2`, `em1_3`, `em1_4`, `em1_5`, `text2_0`, `text2_1`, `BroadcastTextID2`, `lang2`, `Probability2`, `em2_0`, `em2_1`, `em2_2`, `em2_3`, `em2_4`, `em2_5`, `text3_0`, `text3_1`, `BroadcastTextID3`, `lang3`, `Probability3`, `em3_0`, `em3_1`, `em3_2`, `em3_3`, `em3_4`, `em3_5`, `text4_0`, `text4_1`, `BroadcastTextID4`, `lang4`, `Probability4`, `em4_0`, `em4_1`, `em4_2`, `em4_3`, `em4_4`, `em4_5`, `text5_0`, `text5_1`, `BroadcastTextID5`, `lang5`, `Probability5`, `em5_0`, `em5_1`, `em5_2`, `em5_3`, `em5_4`, `em5_5`, `text6_0`, `text6_1`, `BroadcastTextID6`, `lang6`, `Probability6`, `em6_0`, `em6_1`, `em6_2`, `em6_3`, `em6_4`, `em6_5`, `text7_0`, `text7_1`, `BroadcastTextID7`, `lang7`, `Probability7`, `em7_0`, `em7_1`, `em7_2`, `em7_3`, `em7_4`, `em7_5`) VALUES ('1872642', 'Imported from TC', 'Acteon is our resident tracker, and a good one he is, too - the skins he wears are testament to his skill. His camp is in the southeast of Azure Watch.', 'Acteon is our resident tracker, and a good one he is, too - the skins he wears are testament to his skill. His camp is in the southeast of Azure Watch.', '18309', '7', '1', '0', '0', '0', '0', '0', '0', '', '', NULL, '0', '0', '0', '0', '0', '0', '0', '0', '', '', NULL, '0', '0', '0', '0', '0', '0', '0', '0', '', '', NULL, '0', '0', '0', '0', '0', '0', '0', '0', '', '', NULL, '0', '0', '0', '0', '0', '0', '0', '0', '', '', NULL, '0', '0', '0', '0', '0', '0', '0', '0', '', '', NULL, '0', '0', '0', '0', '0', '0', '0', '0', '', '', NULL, '0', '0', '0', '0', '0', '0', '0', '0');
INSERT INTO gossip_menu (`MenuID`, `TextID`) VALUES ('8141', '1872642');
INSERT INTO points_of_interest (`ID`, `PositionX`, `PositionY`, `Icon`, `Flags`, `Importance`, `Name`, `VerifiedBuild`) VALUES ('221', '-4203', '-12526.5', '6', '583', '0', 'Azure Watch, Hunter Trainer', '0');
INSERT INTO gossip_menu_option (`MenuID`, `OptionID`, `OptionIcon`, `OptionText`, `OptionBroadcastTextID`, `OptionType`, `OptionNpcFlag`, `ActionMenuID`, `ActionPoiID`, `BoxCoded`, `BoxMoney`, `BoxText`, `BoxBroadcastTextID`) VALUES ('8137', '1', '0', 'Hunter', '50546', '1', '1', '8141', '221', '0', '0', '', NULL);
INSERT INTO gossip_text (`ID`, `comment`, `text0_0`, `text0_1`, `BroadcastTextID0`, `lang0`, `Probability0`, `em0_0`, `em0_1`, `em0_2`, `em0_3`, `em0_4`, `em0_5`, `text1_0`, `text1_1`, `BroadcastTextID1`, `lang1`, `Probability1`, `em1_0`, `em1_1`, `em1_2`, `em1_3`, `em1_4`, `em1_5`, `text2_0`, `text2_1`, `BroadcastTextID2`, `lang2`, `Probability2`, `em2_0`, `em2_1`, `em2_2`, `em2_3`, `em2_4`, `em2_5`, `text3_0`, `text3_1`, `BroadcastTextID3`, `lang3`, `Probability3`, `em3_0`, `em3_1`, `em3_2`, `em3_3`, `em3_4`, `em3_5`, `text4_0`, `text4_1`, `BroadcastTextID4`, `lang4`, `Probability4`, `em4_0`, `em4_1`, `em4_2`, `em4_3`, `em4_4`, `em4_5`, `text5_0`, `text5_1`, `BroadcastTextID5`, `lang5`, `Probability5`, `em5_0`, `em5_1`, `em5_2`, `em5_3`, `em5_4`, `em5_5`, `text6_0`, `text6_1`, `BroadcastTextID6`, `lang6`, `Probability6`, `em6_0`, `em6_1`, `em6_2`, `em6_3`, `em6_4`, `em6_5`, `text7_0`, `text7_1`, `BroadcastTextID7`, `lang7`, `Probability7`, `em7_0`, `em7_1`, `em7_2`, `em7_3`, `em7_4`, `em7_5`) VALUES ('1872643', 'Imported from TC', 'For mastery over the arcane, you need look no further than Semid. He teaches on the eastern side of Azure Watch along with Ruada.', 'For mastery over the arcane, you need look no further than Semid. He teaches on the eastern side of Azure Watch along with Ruada.', '18317', '7', '1', '0', '0', '0', '0', '0', '0', '', '', NULL, '0', '0', '0', '0', '0', '0', '0', '0', '', '', NULL, '0', '0', '0', '0', '0', '0', '0', '0', '', '', NULL, '0', '0', '0', '0', '0', '0', '0', '0', '', '', NULL, '0', '0', '0', '0', '0', '0', '0', '0', '', '', NULL, '0', '0', '0', '0', '0', '0', '0', '0', '', '', NULL, '0', '0', '0', '0', '0', '0', '0', '0', '', '', NULL, '0', '0', '0', '0', '0', '0', '0', '0');
INSERT INTO gossip_menu (`MenuID`, `TextID`) VALUES ('8142', '1872643');
INSERT INTO points_of_interest (`ID`, `PositionX`, `PositionY`, `Icon`, `Flags`, `Importance`, `Name`, `VerifiedBuild`) VALUES ('222', '-4149', '-12530', '6', '583', '0', 'Azure Watch, Mage Trainer', '0');
INSERT INTO gossip_menu_option (`MenuID`, `OptionID`, `OptionIcon`, `OptionText`, `OptionBroadcastTextID`, `OptionType`, `OptionNpcFlag`, `ActionMenuID`, `ActionPoiID`, `BoxCoded`, `BoxMoney`, `BoxText`, `BoxBroadcastTextID`) VALUES ('8137', '2', '0', 'Mage', '45404', '1', '1', '8142', '222', '0', '0', '', NULL);
-- Importing menu 8143 as 57100
INSERT INTO gossip_text (`ID`, `comment`, `text0_0`, `text0_1`, `BroadcastTextID0`, `lang0`, `Probability0`, `em0_0`, `em0_1`, `em0_2`, `em0_3`, `em0_4`, `em0_5`, `text1_0`, `text1_1`, `BroadcastTextID1`, `lang1`, `Probability1`, `em1_0`, `em1_1`, `em1_2`, `em1_3`, `em1_4`, `em1_5`, `text2_0`, `text2_1`, `BroadcastTextID2`, `lang2`, `Probability2`, `em2_0`, `em2_1`, `em2_2`, `em2_3`, `em2_4`, `em2_5`, `text3_0`, `text3_1`, `BroadcastTextID3`, `lang3`, `Probability3`, `em3_0`, `em3_1`, `em3_2`, `em3_3`, `em3_4`, `em3_5`, `text4_0`, `text4_1`, `BroadcastTextID4`, `lang4`, `Probability4`, `em4_0`, `em4_1`, `em4_2`, `em4_3`, `em4_4`, `em4_5`, `text5_0`, `text5_1`, `BroadcastTextID5`, `lang5`, `Probability5`, `em5_0`, `em5_1`, `em5_2`, `em5_3`, `em5_4`, `em5_5`, `text6_0`, `text6_1`, `BroadcastTextID6`, `lang6`, `Probability6`, `em6_0`, `em6_1`, `em6_2`, `em6_3`, `em6_4`, `em6_5`, `text7_0`, `text7_1`, `BroadcastTextID7`, `lang7`, `Probability7`, `em7_0`, `em7_1`, `em7_2`, `em7_3`, `em7_4`, `em7_5`) VALUES ('1872644', 'Imported from TC', 'The good Tullas is a noble woman, and a stalwart defender of the Light. Her lessons are taught in the inn proper.', 'The good Tullas is a noble woman, and a stalwart defender of the Light. Her lessons are taught in the inn proper.', '18319', '7', '1', '0', '0', '0', '0', '0', '0', '', '', NULL, '0', '0', '0', '0', '0', '0', '0', '0', '', '', NULL, '0', '0', '0', '0', '0', '0', '0', '0', '', '', NULL, '0', '0', '0', '0', '0', '0', '0', '0', '', '', NULL, '0', '0', '0', '0', '0', '0', '0', '0', '', '', NULL, '0', '0', '0', '0', '0', '0', '0', '0', '', '', NULL, '0', '0', '0', '0', '0', '0', '0', '0', '', '', NULL, '0', '0', '0', '0', '0', '0', '0', '0');
INSERT INTO gossip_menu (`MenuID`, `TextID`) VALUES ('57100', '1872644');
INSERT INTO points_of_interest (`ID`, `PositionX`, `PositionY`, `Icon`, `Flags`, `Importance`, `Name`, `VerifiedBuild`) VALUES ('223', '-4138', '-12468.5', '6', '583', '0', 'Azure Watch, Paladin Trainer', '0');
INSERT INTO gossip_menu_option (`MenuID`, `OptionID`, `OptionIcon`, `OptionText`, `OptionBroadcastTextID`, `OptionType`, `OptionNpcFlag`, `ActionMenuID`, `ActionPoiID`, `BoxCoded`, `BoxMoney`, `BoxText`, `BoxBroadcastTextID`) VALUES ('8137', '3', '0', 'Paladin', '48028', '1', '1', '57100', '223', '0', '0', '', NULL);
INSERT INTO gossip_text (`ID`, `comment`, `text0_0`, `text0_1`, `BroadcastTextID0`, `lang0`, `Probability0`, `em0_0`, `em0_1`, `em0_2`, `em0_3`, `em0_4`, `em0_5`, `text1_0`, `text1_1`, `BroadcastTextID1`, `lang1`, `Probability1`, `em1_0`, `em1_1`, `em1_2`, `em1_3`, `em1_4`, `em1_5`, `text2_0`, `text2_1`, `BroadcastTextID2`, `lang2`, `Probability2`, `em2_0`, `em2_1`, `em2_2`, `em2_3`, `em2_4`, `em2_5`, `text3_0`, `text3_1`, `BroadcastTextID3`, `lang3`, `Probability3`, `em3_0`, `em3_1`, `em3_2`, `em3_3`, `em3_4`, `em3_5`, `text4_0`, `text4_1`, `BroadcastTextID4`, `lang4`, `Probability4`, `em4_0`, `em4_1`, `em4_2`, `em4_3`, `em4_4`, `em4_5`, `text5_0`, `text5_1`, `BroadcastTextID5`, `lang5`, `Probability5`, `em5_0`, `em5_1`, `em5_2`, `em5_3`, `em5_4`, `em5_5`, `text6_0`, `text6_1`, `BroadcastTextID6`, `lang6`, `Probability6`, `em6_0`, `em6_1`, `em6_2`, `em6_3`, `em6_4`, `em6_5`, `text7_0`, `text7_1`, `BroadcastTextID7`, `lang7`, `Probability7`, `em7_0`, `em7_1`, `em7_2`, `em7_3`, `em7_4`, `em7_5`) VALUES ('1872645', 'Imported from TC', 'In Chellan\'s small but serviceable inn, you can find the priest Guvan.', 'In Chellan\'s small but serviceable inn, you can find the priest Guvan.', '18320', '7', '1', '0', '0', '0', '0', '0', '0', '', '', NULL, '0', '0', '0', '0', '0', '0', '0', '0', '', '', NULL, '0', '0', '0', '0', '0', '0', '0', '0', '', '', NULL, '0', '0', '0', '0', '0', '0', '0', '0', '', '', NULL, '0', '0', '0', '0', '0', '0', '0', '0', '', '', NULL, '0', '0', '0', '0', '0', '0', '0', '0', '', '', NULL, '0', '0', '0', '0', '0', '0', '0', '0', '', '', NULL, '0', '0', '0', '0', '0', '0', '0', '0');
INSERT INTO gossip_menu (`MenuID`, `TextID`) VALUES ('8144', '1872645');
INSERT INTO points_of_interest (`ID`, `PositionX`, `PositionY`, `Icon`, `Flags`, `Importance`, `Name`, `VerifiedBuild`) VALUES ('224', '-4131', '-12478.7', '6', '583', '0', 'Azure Watch, Priest Trainer', '0');
INSERT INTO gossip_menu_option (`MenuID`, `OptionID`, `OptionIcon`, `OptionText`, `OptionBroadcastTextID`, `OptionType`, `OptionNpcFlag`, `ActionMenuID`, `ActionPoiID`, `BoxCoded`, `BoxMoney`, `BoxText`, `BoxBroadcastTextID`) VALUES ('8137', '4', '0', 'Priest', '45405', '1', '1', '8144', '224', '0', '0', '', NULL);
INSERT INTO gossip_text (`ID`, `comment`, `text0_0`, `text0_1`, `BroadcastTextID0`, `lang0`, `Probability0`, `em0_0`, `em0_1`, `em0_2`, `em0_3`, `em0_4`, `em0_5`, `text1_0`, `text1_1`, `BroadcastTextID1`, `lang1`, `Probability1`, `em1_0`, `em1_1`, `em1_2`, `em1_3`, `em1_4`, `em1_5`, `text2_0`, `text2_1`, `BroadcastTextID2`, `lang2`, `Probability2`, `em2_0`, `em2_1`, `em2_2`, `em2_3`, `em2_4`, `em2_5`, `text3_0`, `text3_1`, `BroadcastTextID3`, `lang3`, `Probability3`, `em3_0`, `em3_1`, `em3_2`, `em3_3`, `em3_4`, `em3_5`, `text4_0`, `text4_1`, `BroadcastTextID4`, `lang4`, `Probability4`, `em4_0`, `em4_1`, `em4_2`, `em4_3`, `em4_4`, `em4_5`, `text5_0`, `text5_1`, `BroadcastTextID5`, `lang5`, `Probability5`, `em5_0`, `em5_1`, `em5_2`, `em5_3`, `em5_4`, `em5_5`, `text6_0`, `text6_1`, `BroadcastTextID6`, `lang6`, `Probability6`, `em6_0`, `em6_1`, `em6_2`, `em6_3`, `em6_4`, `em6_5`, `text7_0`, `text7_1`, `BroadcastTextID7`, `lang7`, `Probability7`, `em7_0`, `em7_1`, `em7_2`, `em7_3`, `em7_4`, `em7_5`) VALUES ('1872646', 'Imported from TC', 'You\'re one of the shaman? Hm. I suppose you are free to choose your own path... whatever that path may be. Tuluun has an isolated, small camp in the northwest of Azure Watch.', 'You\'re one of the shaman? Hm. I suppose you are free to choose your own path... whatever that path may be. Tuluun has an isolated, small camp in the northwest of Azure Watch.', '18322', '7', '1', '0', '0', '0', '0', '0', '0', '', '', NULL, '0', '0', '0', '0', '0', '0', '0', '0', '', '', NULL, '0', '0', '0', '0', '0', '0', '0', '0', '', '', NULL, '0', '0', '0', '0', '0', '0', '0', '0', '', '', NULL, '0', '0', '0', '0', '0', '0', '0', '0', '', '', NULL, '0', '0', '0', '0', '0', '0', '0', '0', '', '', NULL, '0', '0', '0', '0', '0', '0', '0', '0', '', '', NULL, '0', '0', '0', '0', '0', '0', '0', '0');
INSERT INTO gossip_menu (`MenuID`, `TextID`) VALUES ('8145', '1872646');
INSERT INTO points_of_interest (`ID`, `PositionX`, `PositionY`, `Icon`, `Flags`, `Importance`, `Name`, `VerifiedBuild`) VALUES ('225', '-4162', '-12456', '6', '583', '0', 'Azure Watch, Shaman Trainer', '0');
INSERT INTO gossip_menu_option (`MenuID`, `OptionID`, `OptionIcon`, `OptionText`, `OptionBroadcastTextID`, `OptionType`, `OptionNpcFlag`, `ActionMenuID`, `ActionPoiID`, `BoxCoded`, `BoxMoney`, `BoxText`, `BoxBroadcastTextID`) VALUES ('8137', '5', '0', 'Shaman', '45410', '1', '1', '8145', '225', '0', '0', '', NULL);
INSERT INTO gossip_text (`ID`, `comment`, `text0_0`, `text0_1`, `BroadcastTextID0`, `lang0`, `Probability0`, `em0_0`, `em0_1`, `em0_2`, `em0_3`, `em0_4`, `em0_5`, `text1_0`, `text1_1`, `BroadcastTextID1`, `lang1`, `Probability1`, `em1_0`, `em1_1`, `em1_2`, `em1_3`, `em1_4`, `em1_5`, `text2_0`, `text2_1`, `BroadcastTextID2`, `lang2`, `Probability2`, `em2_0`, `em2_1`, `em2_2`, `em2_3`, `em2_4`, `em2_5`, `text3_0`, `text3_1`, `BroadcastTextID3`, `lang3`, `Probability3`, `em3_0`, `em3_1`, `em3_2`, `em3_3`, `em3_4`, `em3_5`, `text4_0`, `text4_1`, `BroadcastTextID4`, `lang4`, `Probability4`, `em4_0`, `em4_1`, `em4_2`, `em4_3`, `em4_4`, `em4_5`, `text5_0`, `text5_1`, `BroadcastTextID5`, `lang5`, `Probability5`, `em5_0`, `em5_1`, `em5_2`, `em5_3`, `em5_4`, `em5_5`, `text6_0`, `text6_1`, `BroadcastTextID6`, `lang6`, `Probability6`, `em6_0`, `em6_1`, `em6_2`, `em6_3`, `em6_4`, `em6_5`, `text7_0`, `text7_1`, `BroadcastTextID7`, `lang7`, `Probability7`, `em7_0`, `em7_1`, `em7_2`, `em7_3`, `em7_4`, `em7_5`) VALUES ('1872647', 'Imported from TC', 'Ruada trains young fighters in the eastern portion of Azure Watch. If training in the practical art of warfare is what you\'re looking for, she will help you.', 'Ruada trains young fighters in the eastern portion of Azure Watch. If training in the practical art of warfare is what you\'re looking for, she will help you.', '18323', '7', '1', '0', '0', '0', '0', '0', '0', '', '', NULL, '0', '0', '0', '0', '0', '0', '0', '0', '', '', NULL, '0', '0', '0', '0', '0', '0', '0', '0', '', '', NULL, '0', '0', '0', '0', '0', '0', '0', '0', '', '', NULL, '0', '0', '0', '0', '0', '0', '0', '0', '', '', NULL, '0', '0', '0', '0', '0', '0', '0', '0', '', '', NULL, '0', '0', '0', '0', '0', '0', '0', '0', '', '', NULL, '0', '0', '0', '0', '0', '0', '0', '0');
INSERT INTO gossip_menu (`MenuID`, `TextID`) VALUES ('8146', '1872647');
INSERT INTO points_of_interest (`ID`, `PositionX`, `PositionY`, `Icon`, `Flags`, `Importance`, `Name`, `VerifiedBuild`) VALUES ('226', '-4165', '-12536.4', '6', '583', '0', 'Azure Watch, Warrior Trainer', '0');
INSERT INTO gossip_menu_option (`MenuID`, `OptionID`, `OptionIcon`, `OptionText`, `OptionBroadcastTextID`, `OptionType`, `OptionNpcFlag`, `ActionMenuID`, `ActionPoiID`, `BoxCoded`, `BoxMoney`, `BoxText`, `BoxBroadcastTextID`) VALUES ('8137', '6', '0', 'Warrior', '45408', '1', '1', '8146', '226', '0', '0', '', NULL);
INSERT INTO gossip_menu_option (`MenuID`, `OptionID`, `OptionIcon`, `OptionText`, `OptionBroadcastTextID`, `OptionType`, `OptionNpcFlag`, `ActionMenuID`, `ActionPoiID`, `BoxCoded`, `BoxMoney`, `BoxText`, `BoxBroadcastTextID`) VALUES ('57096', '5', '0', 'Class Trainer', '45378', '1', '1', '8137', NULL, '0', '0', '', NULL);
INSERT INTO gossip_text (`ID`, `comment`, `text0_0`, `text0_1`, `BroadcastTextID0`, `lang0`, `Probability0`, `em0_0`, `em0_1`, `em0_2`, `em0_3`, `em0_4`, `em0_5`, `text1_0`, `text1_1`, `BroadcastTextID1`, `lang1`, `Probability1`, `em1_0`, `em1_1`, `em1_2`, `em1_3`, `em1_4`, `em1_5`, `text2_0`, `text2_1`, `BroadcastTextID2`, `lang2`, `Probability2`, `em2_0`, `em2_1`, `em2_2`, `em2_3`, `em2_4`, `em2_5`, `text3_0`, `text3_1`, `BroadcastTextID3`, `lang3`, `Probability3`, `em3_0`, `em3_1`, `em3_2`, `em3_3`, `em3_4`, `em3_5`, `text4_0`, `text4_1`, `BroadcastTextID4`, `lang4`, `Probability4`, `em4_0`, `em4_1`, `em4_2`, `em4_3`, `em4_4`, `em4_5`, `text5_0`, `text5_1`, `BroadcastTextID5`, `lang5`, `Probability5`, `em5_0`, `em5_1`, `em5_2`, `em5_3`, `em5_4`, `em5_5`, `text6_0`, `text6_1`, `BroadcastTextID6`, `lang6`, `Probability6`, `em6_0`, `em6_1`, `em6_2`, `em6_3`, `em6_4`, `em6_5`, `text7_0`, `text7_1`, `BroadcastTextID7`, `lang7`, `Probability7`, `em7_0`, `em7_1`, `em7_2`, `em7_3`, `em7_4`, `em7_5`) VALUES ('1872648', 'Imported from TC', 'There are a number of skilled tradesmen scattered around Azuremyst. Which one are you looking for?', 'There are a number of skilled tradesmen scattered around Azuremyst. Which one are you looking for?', '18324', '7', '1', '0', '0', '0', '0', '0', '0', '', '', NULL, '0', '0', '0', '0', '0', '0', '0', '0', '', '', NULL, '0', '0', '0', '0', '0', '0', '0', '0', '', '', NULL, '0', '0', '0', '0', '0', '0', '0', '0', '', '', NULL, '0', '0', '0', '0', '0', '0', '0', '0', '', '', NULL, '0', '0', '0', '0', '0', '0', '0', '0', '', '', NULL, '0', '0', '0', '0', '0', '0', '0', '0', '', '', NULL, '0', '0', '0', '0', '0', '0', '0', '0');
INSERT INTO gossip_menu (`MenuID`, `TextID`) VALUES ('8138', '1872648');
INSERT INTO gossip_text (`ID`, `comment`, `text0_0`, `text0_1`, `BroadcastTextID0`, `lang0`, `Probability0`, `em0_0`, `em0_1`, `em0_2`, `em0_3`, `em0_4`, `em0_5`, `text1_0`, `text1_1`, `BroadcastTextID1`, `lang1`, `Probability1`, `em1_0`, `em1_1`, `em1_2`, `em1_3`, `em1_4`, `em1_5`, `text2_0`, `text2_1`, `BroadcastTextID2`, `lang2`, `Probability2`, `em2_0`, `em2_1`, `em2_2`, `em2_3`, `em2_4`, `em2_5`, `text3_0`, `text3_1`, `BroadcastTextID3`, `lang3`, `Probability3`, `em3_0`, `em3_1`, `em3_2`, `em3_3`, `em3_4`, `em3_5`, `text4_0`, `text4_1`, `BroadcastTextID4`, `lang4`, `Probability4`, `em4_0`, `em4_1`, `em4_2`, `em4_3`, `em4_4`, `em4_5`, `text5_0`, `text5_1`, `BroadcastTextID5`, `lang5`, `Probability5`, `em5_0`, `em5_1`, `em5_2`, `em5_3`, `em5_4`, `em5_5`, `text6_0`, `text6_1`, `BroadcastTextID6`, `lang6`, `Probability6`, `em6_0`, `em6_1`, `em6_2`, `em6_3`, `em6_4`, `em6_5`, `text7_0`, `text7_1`, `BroadcastTextID7`, `lang7`, `Probability7`, `em7_0`, `em7_1`, `em7_2`, `em7_3`, `em7_4`, `em7_5`) VALUES ('1872649', 'Imported from TC', 'Daedal knows his way around the art of brewing potions. He works closely with Fateema in western Azure Watch.', 'Daedal knows his way around the art of brewing potions. He works closely with Fateema in western Azure Watch.', '18326', '7', '1', '0', '0', '0', '0', '0', '0', '', '', NULL, '0', '0', '0', '0', '0', '0', '0', '0', '', '', NULL, '0', '0', '0', '0', '0', '0', '0', '0', '', '', NULL, '0', '0', '0', '0', '0', '0', '0', '0', '', '', NULL, '0', '0', '0', '0', '0', '0', '0', '0', '', '', NULL, '0', '0', '0', '0', '0', '0', '0', '0', '', '', NULL, '0', '0', '0', '0', '0', '0', '0', '0', '', '', NULL, '0', '0', '0', '0', '0', '0', '0', '0');
INSERT INTO gossip_menu (`MenuID`, `TextID`) VALUES ('8147', '1872649');
INSERT INTO points_of_interest (`ID`, `PositionX`, `PositionY`, `Icon`, `Flags`, `Importance`, `Name`, `VerifiedBuild`) VALUES ('227', '-4191', '-12469.6', '6', '583', '0', 'Azure Watch, Alchemist', '0');
INSERT INTO gossip_menu_option (`MenuID`, `OptionID`, `OptionIcon`, `OptionText`, `OptionBroadcastTextID`, `OptionType`, `OptionNpcFlag`, `ActionMenuID`, `ActionPoiID`, `BoxCoded`, `BoxMoney`, `BoxText`, `BoxBroadcastTextID`) VALUES ('8138', '0', '0', 'Alchemy', '52058', '1', '1', '8147', '227', '0', '0', '', NULL);
INSERT INTO gossip_text (`ID`, `comment`, `text0_0`, `text0_1`, `BroadcastTextID0`, `lang0`, `Probability0`, `em0_0`, `em0_1`, `em0_2`, `em0_3`, `em0_4`, `em0_5`, `text1_0`, `text1_1`, `BroadcastTextID1`, `lang1`, `Probability1`, `em1_0`, `em1_1`, `em1_2`, `em1_3`, `em1_4`, `em1_5`, `text2_0`, `text2_1`, `BroadcastTextID2`, `lang2`, `Probability2`, `em2_0`, `em2_1`, `em2_2`, `em2_3`, `em2_4`, `em2_5`, `text3_0`, `text3_1`, `BroadcastTextID3`, `lang3`, `Probability3`, `em3_0`, `em3_1`, `em3_2`, `em3_3`, `em3_4`, `em3_5`, `text4_0`, `text4_1`, `BroadcastTextID4`, `lang4`, `Probability4`, `em4_0`, `em4_1`, `em4_2`, `em4_3`, `em4_4`, `em4_5`, `text5_0`, `text5_1`, `BroadcastTextID5`, `lang5`, `Probability5`, `em5_0`, `em5_1`, `em5_2`, `em5_3`, `em5_4`, `em5_5`, `text6_0`, `text6_1`, `BroadcastTextID6`, `lang6`, `Probability6`, `em6_0`, `em6_1`, `em6_2`, `em6_3`, `em6_4`, `em6_5`, `text7_0`, `text7_1`, `BroadcastTextID7`, `lang7`, `Probability7`, `em7_0`, `em7_1`, `em7_2`, `em7_3`, `em7_4`, `em7_5`) VALUES ('1872650', 'Imported from TC', 'We have no smithy set up in Azure Watch. However, I\'ve seen a few young blacksmiths coming from that odd encampment on the south coast. Perhaps you should investigate.', 'We have no smithy set up in Azure Watch. However, I\'ve seen a few young blacksmiths coming from that odd encampment on the south coast. Perhaps you should investigate.', '18327', '7', '1', '0', '0', '0', '0', '0', '0', '', '', NULL, '0', '0', '0', '0', '0', '0', '0', '0', '', '', NULL, '0', '0', '0', '0', '0', '0', '0', '0', '', '', NULL, '0', '0', '0', '0', '0', '0', '0', '0', '', '', NULL, '0', '0', '0', '0', '0', '0', '0', '0', '', '', NULL, '0', '0', '0', '0', '0', '0', '0', '0', '', '', NULL, '0', '0', '0', '0', '0', '0', '0', '0', '', '', NULL, '0', '0', '0', '0', '0', '0', '0', '0');
INSERT INTO gossip_menu (`MenuID`, `TextID`) VALUES ('8148', '1872650');
INSERT INTO points_of_interest (`ID`, `PositionX`, `PositionY`, `Icon`, `Flags`, `Importance`, `Name`, `VerifiedBuild`) VALUES ('228', '-4726', '-12386.9', '6', '583', '0', 'Odesyus\' Landing, Blacksmith', '0');
INSERT INTO gossip_menu_option (`MenuID`, `OptionID`, `OptionIcon`, `OptionText`, `OptionBroadcastTextID`, `OptionType`, `OptionNpcFlag`, `ActionMenuID`, `ActionPoiID`, `BoxCoded`, `BoxMoney`, `BoxText`, `BoxBroadcastTextID`) VALUES ('8138', '1', '0', 'Blacksmithing', '51346', '1', '1', '8148', '228', '0', '0', '', NULL);
INSERT INTO gossip_text (`ID`, `comment`, `text0_0`, `text0_1`, `BroadcastTextID0`, `lang0`, `Probability0`, `em0_0`, `em0_1`, `em0_2`, `em0_3`, `em0_4`, `em0_5`, `text1_0`, `text1_1`, `BroadcastTextID1`, `lang1`, `Probability1`, `em1_0`, `em1_1`, `em1_2`, `em1_3`, `em1_4`, `em1_5`, `text2_0`, `text2_1`, `BroadcastTextID2`, `lang2`, `Probability2`, `em2_0`, `em2_1`, `em2_2`, `em2_3`, `em2_4`, `em2_5`, `text3_0`, `text3_1`, `BroadcastTextID3`, `lang3`, `Probability3`, `em3_0`, `em3_1`, `em3_2`, `em3_3`, `em3_4`, `em3_5`, `text4_0`, `text4_1`, `BroadcastTextID4`, `lang4`, `Probability4`, `em4_0`, `em4_1`, `em4_2`, `em4_3`, `em4_4`, `em4_5`, `text5_0`, `text5_1`, `BroadcastTextID5`, `lang5`, `Probability5`, `em5_0`, `em5_1`, `em5_2`, `em5_3`, `em5_4`, `em5_5`, `text6_0`, `text6_1`, `BroadcastTextID6`, `lang6`, `Probability6`, `em6_0`, `em6_1`, `em6_2`, `em6_3`, `em6_4`, `em6_5`, `text7_0`, `text7_1`, `BroadcastTextID7`, `lang7`, `Probability7`, `em7_0`, `em7_1`, `em7_2`, `em7_3`, `em7_4`, `em7_5`) VALUES ('1872651', 'Imported from TC', 'We had no cooks to spare, but it is a bit odd... there are some delectable scents on the south wind. Follow your nose, eh?', 'We had no cooks to spare, but it is a bit odd... there are some delectable scents on the south wind. Follow your nose, eh?', '18328', '7', '1', '0', '0', '0', '0', '0', '0', '', '', NULL, '0', '0', '0', '0', '0', '0', '0', '0', '', '', NULL, '0', '0', '0', '0', '0', '0', '0', '0', '', '', NULL, '0', '0', '0', '0', '0', '0', '0', '0', '', '', NULL, '0', '0', '0', '0', '0', '0', '0', '0', '', '', NULL, '0', '0', '0', '0', '0', '0', '0', '0', '', '', NULL, '0', '0', '0', '0', '0', '0', '0', '0', '', '', NULL, '0', '0', '0', '0', '0', '0', '0', '0');
INSERT INTO gossip_menu (`MenuID`, `TextID`) VALUES ('8149', '1872651');
INSERT INTO points_of_interest (`ID`, `PositionX`, `PositionY`, `Icon`, `Flags`, `Importance`, `Name`, `VerifiedBuild`) VALUES ('229', '-4708', '-12400.1', '6', '583', '0', 'Odesyus\' Landing, Cook', '0');
INSERT INTO gossip_menu_option (`MenuID`, `OptionID`, `OptionIcon`, `OptionText`, `OptionBroadcastTextID`, `OptionType`, `OptionNpcFlag`, `ActionMenuID`, `ActionPoiID`, `BoxCoded`, `BoxMoney`, `BoxText`, `BoxBroadcastTextID`) VALUES ('8138', '2', '0', 'Cooking', '45763', '1', '1', '8149', '229', '0', '0', '', NULL);
INSERT INTO gossip_text (`ID`, `comment`, `text0_0`, `text0_1`, `BroadcastTextID0`, `lang0`, `Probability0`, `em0_0`, `em0_1`, `em0_2`, `em0_3`, `em0_4`, `em0_5`, `text1_0`, `text1_1`, `BroadcastTextID1`, `lang1`, `Probability1`, `em1_0`, `em1_1`, `em1_2`, `em1_3`, `em1_4`, `em1_5`, `text2_0`, `text2_1`, `BroadcastTextID2`, `lang2`, `Probability2`, `em2_0`, `em2_1`, `em2_2`, `em2_3`, `em2_4`, `em2_5`, `text3_0`, `text3_1`, `BroadcastTextID3`, `lang3`, `Probability3`, `em3_0`, `em3_1`, `em3_2`, `em3_3`, `em3_4`, `em3_5`, `text4_0`, `text4_1`, `BroadcastTextID4`, `lang4`, `Probability4`, `em4_0`, `em4_1`, `em4_2`, `em4_3`, `em4_4`, `em4_5`, `text5_0`, `text5_1`, `BroadcastTextID5`, `lang5`, `Probability5`, `em5_0`, `em5_1`, `em5_2`, `em5_3`, `em5_4`, `em5_5`, `text6_0`, `text6_1`, `BroadcastTextID6`, `lang6`, `Probability6`, `em6_0`, `em6_1`, `em6_2`, `em6_3`, `em6_4`, `em6_5`, `text7_0`, `text7_1`, `BroadcastTextID7`, `lang7`, `Probability7`, `em7_0`, `em7_1`, `em7_2`, `em7_3`, `em7_4`, `em7_5`) VALUES ('1872652', 'Imported from TC', 'Our enchanters spend their days in the Exodar, working away at any number of projects. Nahogg will start your training.', 'Our enchanters spend their days in the Exodar, working away at any number of projects. Nahogg will start your training.', '18329', '7', '1', '0', '0', '0', '0', '0', '0', '', '', NULL, '0', '0', '0', '0', '0', '0', '0', '0', '', '', NULL, '0', '0', '0', '0', '0', '0', '0', '0', '', '', NULL, '0', '0', '0', '0', '0', '0', '0', '0', '', '', NULL, '0', '0', '0', '0', '0', '0', '0', '0', '', '', NULL, '0', '0', '0', '0', '0', '0', '0', '0', '', '', NULL, '0', '0', '0', '0', '0', '0', '0', '0', '', '', NULL, '0', '0', '0', '0', '0', '0', '0', '0');
INSERT INTO gossip_menu (`MenuID`, `TextID`) VALUES ('8150', '1872652');
INSERT INTO gossip_menu_option (`MenuID`, `OptionID`, `OptionIcon`, `OptionText`, `OptionBroadcastTextID`, `OptionType`, `OptionNpcFlag`, `ActionMenuID`, `ActionPoiID`, `BoxCoded`, `BoxMoney`, `BoxText`, `BoxBroadcastTextID`) VALUES ('8138', '3', '0', 'Enchanting', '52063', '1', '1', '8150', NULL, '0', '0', '', NULL);
INSERT INTO gossip_text (`ID`, `comment`, `text0_0`, `text0_1`, `BroadcastTextID0`, `lang0`, `Probability0`, `em0_0`, `em0_1`, `em0_2`, `em0_3`, `em0_4`, `em0_5`, `text1_0`, `text1_1`, `BroadcastTextID1`, `lang1`, `Probability1`, `em1_0`, `em1_1`, `em1_2`, `em1_3`, `em1_4`, `em1_5`, `text2_0`, `text2_1`, `BroadcastTextID2`, `lang2`, `Probability2`, `em2_0`, `em2_1`, `em2_2`, `em2_3`, `em2_4`, `em2_5`, `text3_0`, `text3_1`, `BroadcastTextID3`, `lang3`, `Probability3`, `em3_0`, `em3_1`, `em3_2`, `em3_3`, `em3_4`, `em3_5`, `text4_0`, `text4_1`, `BroadcastTextID4`, `lang4`, `Probability4`, `em4_0`, `em4_1`, `em4_2`, `em4_3`, `em4_4`, `em4_5`, `text5_0`, `text5_1`, `BroadcastTextID5`, `lang5`, `Probability5`, `em5_0`, `em5_1`, `em5_2`, `em5_3`, `em5_4`, `em5_5`, `text6_0`, `text6_1`, `BroadcastTextID6`, `lang6`, `Probability6`, `em6_0`, `em6_1`, `em6_2`, `em6_3`, `em6_4`, `em6_5`, `text7_0`, `text7_1`, `BroadcastTextID7`, `lang7`, `Probability7`, `em7_0`, `em7_1`, `em7_2`, `em7_3`, `em7_4`, `em7_5`) VALUES ('1872653', 'Imported from TC', 'The local artificer, Daelo, can teach you the basics of engineering. Perhaps you can help our technician fix that malfunctioning communications device!', 'The local artificer, Daelo, can teach you the basics of engineering. Perhaps you can help our technician fix that malfunctioning communications device!', '18330', '7', '1', '0', '0', '0', '0', '0', '0', '', '', NULL, '0', '0', '0', '0', '0', '0', '0', '0', '', '', NULL, '0', '0', '0', '0', '0', '0', '0', '0', '', '', NULL, '0', '0', '0', '0', '0', '0', '0', '0', '', '', NULL, '0', '0', '0', '0', '0', '0', '0', '0', '', '', NULL, '0', '0', '0', '0', '0', '0', '0', '0', '', '', NULL, '0', '0', '0', '0', '0', '0', '0', '0', '', '', NULL, '0', '0', '0', '0', '0', '0', '0', '0');
INSERT INTO gossip_menu (`MenuID`, `TextID`) VALUES ('8151', '1872653');
INSERT INTO points_of_interest (`ID`, `PositionX`, `PositionY`, `Icon`, `Flags`, `Importance`, `Name`, `VerifiedBuild`) VALUES ('230', '-4157', '-12470.4', '6', '583', '0', 'Azure Watch, Engineering Trainer', '0');
INSERT INTO gossip_menu_option (`MenuID`, `OptionID`, `OptionIcon`, `OptionText`, `OptionBroadcastTextID`, `OptionType`, `OptionNpcFlag`, `ActionMenuID`, `ActionPoiID`, `BoxCoded`, `BoxMoney`, `BoxText`, `BoxBroadcastTextID`) VALUES ('8138', '4', '0', 'Engineering', '51347', '1', '1', '8151', '230', '0', '0', '', NULL);
INSERT INTO gossip_text (`ID`, `comment`, `text0_0`, `text0_1`, `BroadcastTextID0`, `lang0`, `Probability0`, `em0_0`, `em0_1`, `em0_2`, `em0_3`, `em0_4`, `em0_5`, `text1_0`, `text1_1`, `BroadcastTextID1`, `lang1`, `Probability1`, `em1_0`, `em1_1`, `em1_2`, `em1_3`, `em1_4`, `em1_5`, `text2_0`, `text2_1`, `BroadcastTextID2`, `lang2`, `Probability2`, `em2_0`, `em2_1`, `em2_2`, `em2_3`, `em2_4`, `em2_5`, `text3_0`, `text3_1`, `BroadcastTextID3`, `lang3`, `Probability3`, `em3_0`, `em3_1`, `em3_2`, `em3_3`, `em3_4`, `em3_5`, `text4_0`, `text4_1`, `BroadcastTextID4`, `lang4`, `Probability4`, `em4_0`, `em4_1`, `em4_2`, `em4_3`, `em4_4`, `em4_5`, `text5_0`, `text5_1`, `BroadcastTextID5`, `lang5`, `Probability5`, `em5_0`, `em5_1`, `em5_2`, `em5_3`, `em5_4`, `em5_5`, `text6_0`, `text6_1`, `BroadcastTextID6`, `lang6`, `Probability6`, `em6_0`, `em6_1`, `em6_2`, `em6_3`, `em6_4`, `em6_5`, `text7_0`, `text7_1`, `BroadcastTextID7`, `lang7`, `Probability7`, `em7_0`, `em7_1`, `em7_2`, `em7_3`, `em7_4`, `em7_5`) VALUES ('1872654', 'Imported from TC', 'Fateema is our anchorite, and she has been invaluable in tending crash victims. She practices her trade on the western side of the Watch.', 'Fateema is our anchorite, and she has been invaluable in tending crash victims. She practices her trade on the western side of the Watch.', '18331', '7', '1', '0', '0', '0', '0', '0', '0', '', '', NULL, '0', '0', '0', '0', '0', '0', '0', '0', '', '', NULL, '0', '0', '0', '0', '0', '0', '0', '0', '', '', NULL, '0', '0', '0', '0', '0', '0', '0', '0', '', '', NULL, '0', '0', '0', '0', '0', '0', '0', '0', '', '', NULL, '0', '0', '0', '0', '0', '0', '0', '0', '', '', NULL, '0', '0', '0', '0', '0', '0', '0', '0', '', '', NULL, '0', '0', '0', '0', '0', '0', '0', '0');
INSERT INTO gossip_menu (`MenuID`, `TextID`) VALUES ('8152', '1872654');
INSERT INTO points_of_interest (`ID`, `PositionX`, `PositionY`, `Icon`, `Flags`, `Importance`, `Name`, `VerifiedBuild`) VALUES ('231', '-4199', '-12469.9', '6', '583', '0', 'Azure Watch, First Aid Trainer', '0');
INSERT INTO gossip_menu_option (`MenuID`, `OptionID`, `OptionIcon`, `OptionText`, `OptionBroadcastTextID`, `OptionType`, `OptionNpcFlag`, `ActionMenuID`, `ActionPoiID`, `BoxCoded`, `BoxMoney`, `BoxText`, `BoxBroadcastTextID`) VALUES ('8138', '5', '0', 'First Aid', '52066', '1', '1', '8152', '231', '0', '0', '', NULL);
INSERT INTO gossip_text (`ID`, `comment`, `text0_0`, `text0_1`, `BroadcastTextID0`, `lang0`, `Probability0`, `em0_0`, `em0_1`, `em0_2`, `em0_3`, `em0_4`, `em0_5`, `text1_0`, `text1_1`, `BroadcastTextID1`, `lang1`, `Probability1`, `em1_0`, `em1_1`, `em1_2`, `em1_3`, `em1_4`, `em1_5`, `text2_0`, `text2_1`, `BroadcastTextID2`, `lang2`, `Probability2`, `em2_0`, `em2_1`, `em2_2`, `em2_3`, `em2_4`, `em2_5`, `text3_0`, `text3_1`, `BroadcastTextID3`, `lang3`, `Probability3`, `em3_0`, `em3_1`, `em3_2`, `em3_3`, `em3_4`, `em3_5`, `text4_0`, `text4_1`, `BroadcastTextID4`, `lang4`, `Probability4`, `em4_0`, `em4_1`, `em4_2`, `em4_3`, `em4_4`, `em4_5`, `text5_0`, `text5_1`, `BroadcastTextID5`, `lang5`, `Probability5`, `em5_0`, `em5_1`, `em5_2`, `em5_3`, `em5_4`, `em5_5`, `text6_0`, `text6_1`, `BroadcastTextID6`, `lang6`, `Probability6`, `em6_0`, `em6_1`, `em6_2`, `em6_3`, `em6_4`, `em6_5`, `text7_0`, `text7_1`, `BroadcastTextID7`, `lang7`, `Probability7`, `em7_0`, `em7_1`, `em7_2`, `em7_3`, `em7_4`, `em7_5`) VALUES ('1872655', 'Imported from TC', 'An aspiring angler... well, Diktynna lives on the shore of Ammen Ford, using her net and pole to keep us all supplied. I am certain she could use the help.', 'An aspiring angler... well, Diktynna lives on the shore of Ammen Ford, using her net and pole to keep us all supplied. I am certain she could use the help.', '18332', '7', '1', '0', '0', '0', '0', '0', '0', '', '', NULL, '0', '0', '0', '0', '0', '0', '0', '0', '', '', NULL, '0', '0', '0', '0', '0', '0', '0', '0', '', '', NULL, '0', '0', '0', '0', '0', '0', '0', '0', '', '', NULL, '0', '0', '0', '0', '0', '0', '0', '0', '', '', NULL, '0', '0', '0', '0', '0', '0', '0', '0', '', '', NULL, '0', '0', '0', '0', '0', '0', '0', '0', '', '', NULL, '0', '0', '0', '0', '0', '0', '0', '0');
INSERT INTO gossip_menu (`MenuID`, `TextID`) VALUES ('8153', '1872655');
INSERT INTO points_of_interest (`ID`, `PositionX`, `PositionY`, `Icon`, `Flags`, `Importance`, `Name`, `VerifiedBuild`) VALUES ('232', '-4266', '-12985.4', '6', '583', '0', 'Ammen Ford, Fisherwoman', '0');
INSERT INTO gossip_menu_option (`MenuID`, `OptionID`, `OptionIcon`, `OptionText`, `OptionBroadcastTextID`, `OptionType`, `OptionNpcFlag`, `ActionMenuID`, `ActionPoiID`, `BoxCoded`, `BoxMoney`, `BoxText`, `BoxBroadcastTextID`) VALUES ('8138', '6', '0', 'Fishing', '45767', '1', '1', '8153', '232', '0', '0', '', NULL);
INSERT INTO gossip_text (`ID`, `comment`, `text0_0`, `text0_1`, `BroadcastTextID0`, `lang0`, `Probability0`, `em0_0`, `em0_1`, `em0_2`, `em0_3`, `em0_4`, `em0_5`, `text1_0`, `text1_1`, `BroadcastTextID1`, `lang1`, `Probability1`, `em1_0`, `em1_1`, `em1_2`, `em1_3`, `em1_4`, `em1_5`, `text2_0`, `text2_1`, `BroadcastTextID2`, `lang2`, `Probability2`, `em2_0`, `em2_1`, `em2_2`, `em2_3`, `em2_4`, `em2_5`, `text3_0`, `text3_1`, `BroadcastTextID3`, `lang3`, `Probability3`, `em3_0`, `em3_1`, `em3_2`, `em3_3`, `em3_4`, `em3_5`, `text4_0`, `text4_1`, `BroadcastTextID4`, `lang4`, `Probability4`, `em4_0`, `em4_1`, `em4_2`, `em4_3`, `em4_4`, `em4_5`, `text5_0`, `text5_1`, `BroadcastTextID5`, `lang5`, `Probability5`, `em5_0`, `em5_1`, `em5_2`, `em5_3`, `em5_4`, `em5_5`, `text6_0`, `text6_1`, `BroadcastTextID6`, `lang6`, `Probability6`, `em6_0`, `em6_1`, `em6_2`, `em6_3`, `em6_4`, `em6_5`, `text7_0`, `text7_1`, `BroadcastTextID7`, `lang7`, `Probability7`, `em7_0`, `em7_1`, `em7_2`, `em7_3`, `em7_4`, `em7_5`) VALUES ('1872656', 'Imported from TC', 'Heur has studied the local flora since our landing. He will be able to guide you. You can find him working with Daedal on the western edge of Azure Watch.', 'Heur has studied the local flora since our landing. He will be able to guide you. You can find him working with Daedal on the western edge of Azure Watch.', '18333', '7', '1', '0', '0', '0', '0', '0', '0', '', '', NULL, '0', '0', '0', '0', '0', '0', '0', '0', '', '', NULL, '0', '0', '0', '0', '0', '0', '0', '0', '', '', NULL, '0', '0', '0', '0', '0', '0', '0', '0', '', '', NULL, '0', '0', '0', '0', '0', '0', '0', '0', '', '', NULL, '0', '0', '0', '0', '0', '0', '0', '0', '', '', NULL, '0', '0', '0', '0', '0', '0', '0', '0', '', '', NULL, '0', '0', '0', '0', '0', '0', '0', '0');
INSERT INTO gossip_menu (`MenuID`, `TextID`) VALUES ('8154', '1872656');
INSERT INTO points_of_interest (`ID`, `PositionX`, `PositionY`, `Icon`, `Flags`, `Importance`, `Name`, `VerifiedBuild`) VALUES ('233', '-4189', '-12459.5', '6', '583', '0', 'Azure Watch, Herbalist', '0');
INSERT INTO gossip_menu_option (`MenuID`, `OptionID`, `OptionIcon`, `OptionText`, `OptionBroadcastTextID`, `OptionType`, `OptionNpcFlag`, `ActionMenuID`, `ActionPoiID`, `BoxCoded`, `BoxMoney`, `BoxText`, `BoxBroadcastTextID`) VALUES ('8138', '7', '0', 'Herbalism', '45768', '1', '1', '8154', '233', '0', '0', '', NULL);
-- Menu 10016 is already imported
-- POI 212 is already imported
INSERT INTO gossip_menu_option (`MenuID`, `OptionID`, `OptionIcon`, `OptionText`, `OptionBroadcastTextID`, `OptionType`, `OptionNpcFlag`, `ActionMenuID`, `ActionPoiID`, `BoxCoded`, `BoxMoney`, `BoxText`, `BoxBroadcastTextID`, `patch_min`) VALUES ('8138', '8', '0', 'Inscription', '48811', '1', '1', '10016', '212', '0', '0', '', NULL, '5');
INSERT INTO gossip_text (`ID`, `comment`, `text0_0`, `text0_1`, `BroadcastTextID0`, `lang0`, `Probability0`, `em0_0`, `em0_1`, `em0_2`, `em0_3`, `em0_4`, `em0_5`, `text1_0`, `text1_1`, `BroadcastTextID1`, `lang1`, `Probability1`, `em1_0`, `em1_1`, `em1_2`, `em1_3`, `em1_4`, `em1_5`, `text2_0`, `text2_1`, `BroadcastTextID2`, `lang2`, `Probability2`, `em2_0`, `em2_1`, `em2_2`, `em2_3`, `em2_4`, `em2_5`, `text3_0`, `text3_1`, `BroadcastTextID3`, `lang3`, `Probability3`, `em3_0`, `em3_1`, `em3_2`, `em3_3`, `em3_4`, `em3_5`, `text4_0`, `text4_1`, `BroadcastTextID4`, `lang4`, `Probability4`, `em4_0`, `em4_1`, `em4_2`, `em4_3`, `em4_4`, `em4_5`, `text5_0`, `text5_1`, `BroadcastTextID5`, `lang5`, `Probability5`, `em5_0`, `em5_1`, `em5_2`, `em5_3`, `em5_4`, `em5_5`, `text6_0`, `text6_1`, `BroadcastTextID6`, `lang6`, `Probability6`, `em6_0`, `em6_1`, `em6_2`, `em6_3`, `em6_4`, `em6_5`, `text7_0`, `text7_1`, `BroadcastTextID7`, `lang7`, `Probability7`, `em7_0`, `em7_1`, `em7_2`, `em7_3`, `em7_4`, `em7_5`) VALUES ('1872657', 'Imported from TC', 'Looking for a lapidary? Our jewelcrafters are in the Exodar, using the materials they have uncovered to work wonders. Speak with Farii when you arrive.', 'Looking for a lapidary? Our jewelcrafters are in the Exodar, using the materials they have uncovered to work wonders. Speak with Farii when you arrive.', '18339', '7', '1', '0', '0', '0', '0', '0', '0', '', '', NULL, '0', '0', '0', '0', '0', '0', '0', '0', '', '', NULL, '0', '0', '0', '0', '0', '0', '0', '0', '', '', NULL, '0', '0', '0', '0', '0', '0', '0', '0', '', '', NULL, '0', '0', '0', '0', '0', '0', '0', '0', '', '', NULL, '0', '0', '0', '0', '0', '0', '0', '0', '', '', NULL, '0', '0', '0', '0', '0', '0', '0', '0', '', '', NULL, '0', '0', '0', '0', '0', '0', '0', '0');
INSERT INTO gossip_menu (`MenuID`, `TextID`) VALUES ('8159', '1872657');
INSERT INTO gossip_menu_option (`MenuID`, `OptionID`, `OptionIcon`, `OptionText`, `OptionBroadcastTextID`, `OptionType`, `OptionNpcFlag`, `ActionMenuID`, `ActionPoiID`, `BoxCoded`, `BoxMoney`, `BoxText`, `BoxBroadcastTextID`) VALUES ('8138', '9', '0', 'Jewelcrafting', '45758', '1', '1', '8159', NULL, '0', '0', '', NULL);
INSERT INTO gossip_text (`ID`, `comment`, `text0_0`, `text0_1`, `BroadcastTextID0`, `lang0`, `Probability0`, `em0_0`, `em0_1`, `em0_2`, `em0_3`, `em0_4`, `em0_5`, `text1_0`, `text1_1`, `BroadcastTextID1`, `lang1`, `Probability1`, `em1_0`, `em1_1`, `em1_2`, `em1_3`, `em1_4`, `em1_5`, `text2_0`, `text2_1`, `BroadcastTextID2`, `lang2`, `Probability2`, `em2_0`, `em2_1`, `em2_2`, `em2_3`, `em2_4`, `em2_5`, `text3_0`, `text3_1`, `BroadcastTextID3`, `lang3`, `Probability3`, `em3_0`, `em3_1`, `em3_2`, `em3_3`, `em3_4`, `em3_5`, `text4_0`, `text4_1`, `BroadcastTextID4`, `lang4`, `Probability4`, `em4_0`, `em4_1`, `em4_2`, `em4_3`, `em4_4`, `em4_5`, `text5_0`, `text5_1`, `BroadcastTextID5`, `lang5`, `Probability5`, `em5_0`, `em5_1`, `em5_2`, `em5_3`, `em5_4`, `em5_5`, `text6_0`, `text6_1`, `BroadcastTextID6`, `lang6`, `Probability6`, `em6_0`, `em6_1`, `em6_2`, `em6_3`, `em6_4`, `em6_5`, `text7_0`, `text7_1`, `BroadcastTextID7`, `lang7`, `Probability7`, `em7_0`, `em7_1`, `em7_2`, `em7_3`, `em7_4`, `em7_5`) VALUES ('1872658', 'Imported from TC', 'Our new allies, the Stillpine furbolgs, have expressed interest in taking what hides we find. They live to the north; I would seek knowledge from them.', 'Our new allies, the Stillpine furbolgs, have expressed interest in taking what hides we find. They live to the north; I would seek knowledge from them.', '18334', '7', '1', '0', '0', '0', '0', '0', '0', '', '', NULL, '0', '0', '0', '0', '0', '0', '0', '0', '', '', NULL, '0', '0', '0', '0', '0', '0', '0', '0', '', '', NULL, '0', '0', '0', '0', '0', '0', '0', '0', '', '', NULL, '0', '0', '0', '0', '0', '0', '0', '0', '', '', NULL, '0', '0', '0', '0', '0', '0', '0', '0', '', '', NULL, '0', '0', '0', '0', '0', '0', '0', '0', '', '', NULL, '0', '0', '0', '0', '0', '0', '0', '0');
INSERT INTO gossip_menu (`MenuID`, `TextID`) VALUES ('8155', '1872658');
INSERT INTO points_of_interest (`ID`, `PositionX`, `PositionY`, `Icon`, `Flags`, `Importance`, `Name`, `VerifiedBuild`) VALUES ('234', '-3442', '-12322.4', '6', '583', '0', 'Stillpine Hold, Leatherworker', '0');
INSERT INTO gossip_menu_option (`MenuID`, `OptionID`, `OptionIcon`, `OptionText`, `OptionBroadcastTextID`, `OptionType`, `OptionNpcFlag`, `ActionMenuID`, `ActionPoiID`, `BoxCoded`, `BoxMoney`, `BoxText`, `BoxBroadcastTextID`) VALUES ('8138', '10', '0', 'Leatherworking', '52071', '1', '1', '8155', '234', '0', '0', '', NULL);
INSERT INTO gossip_text (`ID`, `comment`, `text0_0`, `text0_1`, `BroadcastTextID0`, `lang0`, `Probability0`, `em0_0`, `em0_1`, `em0_2`, `em0_3`, `em0_4`, `em0_5`, `text1_0`, `text1_1`, `BroadcastTextID1`, `lang1`, `Probability1`, `em1_0`, `em1_1`, `em1_2`, `em1_3`, `em1_4`, `em1_5`, `text2_0`, `text2_1`, `BroadcastTextID2`, `lang2`, `Probability2`, `em2_0`, `em2_1`, `em2_2`, `em2_3`, `em2_4`, `em2_5`, `text3_0`, `text3_1`, `BroadcastTextID3`, `lang3`, `Probability3`, `em3_0`, `em3_1`, `em3_2`, `em3_3`, `em3_4`, `em3_5`, `text4_0`, `text4_1`, `BroadcastTextID4`, `lang4`, `Probability4`, `em4_0`, `em4_1`, `em4_2`, `em4_3`, `em4_4`, `em4_5`, `text5_0`, `text5_1`, `BroadcastTextID5`, `lang5`, `Probability5`, `em5_0`, `em5_1`, `em5_2`, `em5_3`, `em5_4`, `em5_5`, `text6_0`, `text6_1`, `BroadcastTextID6`, `lang6`, `Probability6`, `em6_0`, `em6_1`, `em6_2`, `em6_3`, `em6_4`, `em6_5`, `text7_0`, `text7_1`, `BroadcastTextID7`, `lang7`, `Probability7`, `em7_0`, `em7_1`, `em7_2`, `em7_3`, `em7_4`, `em7_5`) VALUES ('1872659', 'Imported from TC', 'Dulvi is the woman you want. She trains new prospects in the middle of the Watch.', 'Dulvi is the woman you want. She trains new prospects in the middle of the Watch.', '18335', '7', '1', '0', '0', '0', '0', '0', '0', '', '', NULL, '0', '0', '0', '0', '0', '0', '0', '0', '', '', NULL, '0', '0', '0', '0', '0', '0', '0', '0', '', '', NULL, '0', '0', '0', '0', '0', '0', '0', '0', '', '', NULL, '0', '0', '0', '0', '0', '0', '0', '0', '', '', NULL, '0', '0', '0', '0', '0', '0', '0', '0', '', '', NULL, '0', '0', '0', '0', '0', '0', '0', '0', '', '', NULL, '0', '0', '0', '0', '0', '0', '0', '0');
INSERT INTO gossip_menu (`MenuID`, `TextID`) VALUES ('8156', '1872659');
INSERT INTO points_of_interest (`ID`, `PositionX`, `PositionY`, `Icon`, `Flags`, `Importance`, `Name`, `VerifiedBuild`) VALUES ('235', '-4179', '-12493.1', '6', '583', '0', 'Azure Watch, Mining Trainer', '0');
INSERT INTO gossip_menu_option (`MenuID`, `OptionID`, `OptionIcon`, `OptionText`, `OptionBroadcastTextID`, `OptionType`, `OptionNpcFlag`, `ActionMenuID`, `ActionPoiID`, `BoxCoded`, `BoxMoney`, `BoxText`, `BoxBroadcastTextID`) VALUES ('8138', '11', '0', 'Mining', '51348', '1', '1', '8156', '235', '0', '0', '', NULL);
INSERT INTO gossip_text (`ID`, `comment`, `text0_0`, `text0_1`, `BroadcastTextID0`, `lang0`, `Probability0`, `em0_0`, `em0_1`, `em0_2`, `em0_3`, `em0_4`, `em0_5`, `text1_0`, `text1_1`, `BroadcastTextID1`, `lang1`, `Probability1`, `em1_0`, `em1_1`, `em1_2`, `em1_3`, `em1_4`, `em1_5`, `text2_0`, `text2_1`, `BroadcastTextID2`, `lang2`, `Probability2`, `em2_0`, `em2_1`, `em2_2`, `em2_3`, `em2_4`, `em2_5`, `text3_0`, `text3_1`, `BroadcastTextID3`, `lang3`, `Probability3`, `em3_0`, `em3_1`, `em3_2`, `em3_3`, `em3_4`, `em3_5`, `text4_0`, `text4_1`, `BroadcastTextID4`, `lang4`, `Probability4`, `em4_0`, `em4_1`, `em4_2`, `em4_3`, `em4_4`, `em4_5`, `text5_0`, `text5_1`, `BroadcastTextID5`, `lang5`, `Probability5`, `em5_0`, `em5_1`, `em5_2`, `em5_3`, `em5_4`, `em5_5`, `text6_0`, `text6_1`, `BroadcastTextID6`, `lang6`, `Probability6`, `em6_0`, `em6_1`, `em6_2`, `em6_3`, `em6_4`, `em6_5`, `text7_0`, `text7_1`, `BroadcastTextID7`, `lang7`, `Probability7`, `em7_0`, `em7_1`, `em7_2`, `em7_3`, `em7_4`, `em7_5`) VALUES ('1872660', 'Imported from TC', 'Travel to Stillpine Hold, my friend. The furbolgs there have been very helpful, and they might have just the expertise you need.', 'Travel to Stillpine Hold, my friend. The furbolgs there have been very helpful, and they might have just the expertise you need.', '18336', '7', '1', '0', '0', '0', '0', '0', '0', '', '', NULL, '0', '0', '0', '0', '0', '0', '0', '0', '', '', NULL, '0', '0', '0', '0', '0', '0', '0', '0', '', '', NULL, '0', '0', '0', '0', '0', '0', '0', '0', '', '', NULL, '0', '0', '0', '0', '0', '0', '0', '0', '', '', NULL, '0', '0', '0', '0', '0', '0', '0', '0', '', '', NULL, '0', '0', '0', '0', '0', '0', '0', '0', '', '', NULL, '0', '0', '0', '0', '0', '0', '0', '0');
INSERT INTO gossip_menu (`MenuID`, `TextID`) VALUES ('8157', '1872660');
INSERT INTO points_of_interest (`ID`, `PositionX`, `PositionY`, `Icon`, `Flags`, `Importance`, `Name`, `VerifiedBuild`) VALUES ('236', '-3431', '-12316.5', '6', '583', '0', 'Stillpine Hold, Skinner', '0');
INSERT INTO gossip_menu_option (`MenuID`, `OptionID`, `OptionIcon`, `OptionText`, `OptionBroadcastTextID`, `OptionType`, `OptionNpcFlag`, `ActionMenuID`, `ActionPoiID`, `BoxCoded`, `BoxMoney`, `BoxText`, `BoxBroadcastTextID`) VALUES ('8138', '12', '0', 'Skinning', '52076', '1', '1', '8157', '236', '0', '0', '', NULL);
INSERT INTO gossip_text (`ID`, `comment`, `text0_0`, `text0_1`, `BroadcastTextID0`, `lang0`, `Probability0`, `em0_0`, `em0_1`, `em0_2`, `em0_3`, `em0_4`, `em0_5`, `text1_0`, `text1_1`, `BroadcastTextID1`, `lang1`, `Probability1`, `em1_0`, `em1_1`, `em1_2`, `em1_3`, `em1_4`, `em1_5`, `text2_0`, `text2_1`, `BroadcastTextID2`, `lang2`, `Probability2`, `em2_0`, `em2_1`, `em2_2`, `em2_3`, `em2_4`, `em2_5`, `text3_0`, `text3_1`, `BroadcastTextID3`, `lang3`, `Probability3`, `em3_0`, `em3_1`, `em3_2`, `em3_3`, `em3_4`, `em3_5`, `text4_0`, `text4_1`, `BroadcastTextID4`, `lang4`, `Probability4`, `em4_0`, `em4_1`, `em4_2`, `em4_3`, `em4_4`, `em4_5`, `text5_0`, `text5_1`, `BroadcastTextID5`, `lang5`, `Probability5`, `em5_0`, `em5_1`, `em5_2`, `em5_3`, `em5_4`, `em5_5`, `text6_0`, `text6_1`, `BroadcastTextID6`, `lang6`, `Probability6`, `em6_0`, `em6_1`, `em6_2`, `em6_3`, `em6_4`, `em6_5`, `text7_0`, `text7_1`, `BroadcastTextID7`, `lang7`, `Probability7`, `em7_0`, `em7_1`, `em7_2`, `em7_3`, `em7_4`, `em7_5`) VALUES ('1872661', 'Imported from TC', 'We have no tailors here in Azure Watch. You might try the encampment on the beach, however - they seem to have a number of tradesmen from across the sea.', 'We have no tailors here in Azure Watch. You might try the encampment on the beach, however - they seem to have a number of tradesmen from across the sea.', '18337', '7', '1', '0', '0', '0', '0', '0', '0', '', '', NULL, '0', '0', '0', '0', '0', '0', '0', '0', '', '', NULL, '0', '0', '0', '0', '0', '0', '0', '0', '', '', NULL, '0', '0', '0', '0', '0', '0', '0', '0', '', '', NULL, '0', '0', '0', '0', '0', '0', '0', '0', '', '', NULL, '0', '0', '0', '0', '0', '0', '0', '0', '', '', NULL, '0', '0', '0', '0', '0', '0', '0', '0', '', '', NULL, '0', '0', '0', '0', '0', '0', '0', '0');
INSERT INTO gossip_menu (`MenuID`, `TextID`) VALUES ('8158', '1872661');
INSERT INTO points_of_interest (`ID`, `PositionX`, `PositionY`, `Icon`, `Flags`, `Importance`, `Name`, `VerifiedBuild`) VALUES ('237', '-4711', '-12386.7', '6', '583', '0', 'Odesyus\' Landing, Tailor', '0');
INSERT INTO gossip_menu_option (`MenuID`, `OptionID`, `OptionIcon`, `OptionText`, `OptionBroadcastTextID`, `OptionType`, `OptionNpcFlag`, `ActionMenuID`, `ActionPoiID`, `BoxCoded`, `BoxMoney`, `BoxText`, `BoxBroadcastTextID`) VALUES ('8138', '13', '0', 'Tailoring', '52077', '1', '1', '8158', '237', '0', '0', '', NULL);
INSERT INTO gossip_menu_option (`MenuID`, `OptionID`, `OptionIcon`, `OptionText`, `OptionBroadcastTextID`, `OptionType`, `OptionNpcFlag`, `ActionMenuID`, `ActionPoiID`, `BoxCoded`, `BoxMoney`, `BoxText`, `BoxBroadcastTextID`) VALUES ('57096', '6', '0', 'Profession Trainer', '45382', '1', '1', '8138', NULL, '0', '0', '', NULL);
UPDATE creature_template SET npcflag = (npcflag | 1), gossip_menu_id = 57096 WHERE entry = 18038;


-- Importing creature gossip with entry 16221 (Silvermoon Guardian) with import type GOSSIP
INSERT INTO gossip_text (`ID`, `comment`, `text0_0`, `text0_1`, `BroadcastTextID0`, `lang0`, `Probability0`, `em0_0`, `em0_1`, `em0_2`, `em0_3`, `em0_4`, `em0_5`, `text1_0`, `text1_1`, `BroadcastTextID1`, `lang1`, `Probability1`, `em1_0`, `em1_1`, `em1_2`, `em1_3`, `em1_4`, `em1_5`, `text2_0`, `text2_1`, `BroadcastTextID2`, `lang2`, `Probability2`, `em2_0`, `em2_1`, `em2_2`, `em2_3`, `em2_4`, `em2_5`, `text3_0`, `text3_1`, `BroadcastTextID3`, `lang3`, `Probability3`, `em3_0`, `em3_1`, `em3_2`, `em3_3`, `em3_4`, `em3_5`, `text4_0`, `text4_1`, `BroadcastTextID4`, `lang4`, `Probability4`, `em4_0`, `em4_1`, `em4_2`, `em4_3`, `em4_4`, `em4_5`, `text5_0`, `text5_1`, `BroadcastTextID5`, `lang5`, `Probability5`, `em5_0`, `em5_1`, `em5_2`, `em5_3`, `em5_4`, `em5_5`, `text6_0`, `text6_1`, `BroadcastTextID6`, `lang6`, `Probability6`, `em6_0`, `em6_1`, `em6_2`, `em6_3`, `em6_4`, `em6_5`, `text7_0`, `text7_1`, `BroadcastTextID7`, `lang7`, `Probability7`, `em7_0`, `em7_1`, `em7_2`, `em7_3`, `em7_4`, `em7_5`) VALUES ('1872662', 'Imported from TC', 'You seek something in our fair land?', 'You seek something in our fair land?', '18549', '1', '1', '0', '0', '0', '0', '0', '0', '', '', NULL, '0', '0', '0', '0', '0', '0', '0', '0', '', '', NULL, '0', '0', '0', '0', '0', '0', '0', '0', '', '', NULL, '0', '0', '0', '0', '0', '0', '0', '0', '', '', NULL, '0', '0', '0', '0', '0', '0', '0', '0', '', '', NULL, '0', '0', '0', '0', '0', '0', '0', '0', '', '', NULL, '0', '0', '0', '0', '0', '0', '0', '0', '', '', NULL, '0', '0', '0', '0', '0', '0', '0', '0');
INSERT INTO gossip_menu (`MenuID`, `TextID`) VALUES ('8185', '1872662');
INSERT INTO gossip_text (`ID`, `comment`, `text0_0`, `text0_1`, `BroadcastTextID0`, `lang0`, `Probability0`, `em0_0`, `em0_1`, `em0_2`, `em0_3`, `em0_4`, `em0_5`, `text1_0`, `text1_1`, `BroadcastTextID1`, `lang1`, `Probability1`, `em1_0`, `em1_1`, `em1_2`, `em1_3`, `em1_4`, `em1_5`, `text2_0`, `text2_1`, `BroadcastTextID2`, `lang2`, `Probability2`, `em2_0`, `em2_1`, `em2_2`, `em2_3`, `em2_4`, `em2_5`, `text3_0`, `text3_1`, `BroadcastTextID3`, `lang3`, `Probability3`, `em3_0`, `em3_1`, `em3_2`, `em3_3`, `em3_4`, `em3_5`, `text4_0`, `text4_1`, `BroadcastTextID4`, `lang4`, `Probability4`, `em4_0`, `em4_1`, `em4_2`, `em4_3`, `em4_4`, `em4_5`, `text5_0`, `text5_1`, `BroadcastTextID5`, `lang5`, `Probability5`, `em5_0`, `em5_1`, `em5_2`, `em5_3`, `em5_4`, `em5_5`, `text6_0`, `text6_1`, `BroadcastTextID6`, `lang6`, `Probability6`, `em6_0`, `em6_1`, `em6_2`, `em6_3`, `em6_4`, `em6_5`, `text7_0`, `text7_1`, `BroadcastTextID7`, `lang7`, `Probability7`, `em7_0`, `em7_1`, `em7_2`, `em7_3`, `em7_4`, `em7_5`) VALUES ('1872663', 'Imported from TC', 'Skymistress Gloaming stands just outside the Magister\'s Gate near Silvermoon proper, tending to the dragonhawks.', 'Skymistress Gloaming stands just outside the Magister\'s Gate near Silvermoon proper, tending to the dragonhawks.', '18550', '1', '1', '0', '0', '0', '0', '0', '0', '', '', NULL, '0', '0', '0', '0', '0', '0', '0', '0', '', '', NULL, '0', '0', '0', '0', '0', '0', '0', '0', '', '', NULL, '0', '0', '0', '0', '0', '0', '0', '0', '', '', NULL, '0', '0', '0', '0', '0', '0', '0', '0', '', '', NULL, '0', '0', '0', '0', '0', '0', '0', '0', '', '', NULL, '0', '0', '0', '0', '0', '0', '0', '0', '', '', NULL, '0', '0', '0', '0', '0', '0', '0', '0');
INSERT INTO gossip_menu (`MenuID`, `TextID`) VALUES ('8184', '1872663');
-- POI 353 is already imported
INSERT INTO gossip_menu_option (`MenuID`, `OptionID`, `OptionIcon`, `OptionText`, `OptionBroadcastTextID`, `OptionType`, `OptionNpcFlag`, `ActionMenuID`, `ActionPoiID`, `BoxCoded`, `BoxMoney`, `BoxText`, `BoxBroadcastTextID`) VALUES ('8185', '0', '0', 'Dragonhawk Master', '15220', '1', '1', '8184', '353', '0', '0', '', NULL);
INSERT INTO gossip_text (`ID`, `comment`, `text0_0`, `text0_1`, `BroadcastTextID0`, `lang0`, `Probability0`, `em0_0`, `em0_1`, `em0_2`, `em0_3`, `em0_4`, `em0_5`, `text1_0`, `text1_1`, `BroadcastTextID1`, `lang1`, `Probability1`, `em1_0`, `em1_1`, `em1_2`, `em1_3`, `em1_4`, `em1_5`, `text2_0`, `text2_1`, `BroadcastTextID2`, `lang2`, `Probability2`, `em2_0`, `em2_1`, `em2_2`, `em2_3`, `em2_4`, `em2_5`, `text3_0`, `text3_1`, `BroadcastTextID3`, `lang3`, `Probability3`, `em3_0`, `em3_1`, `em3_2`, `em3_3`, `em3_4`, `em3_5`, `text4_0`, `text4_1`, `BroadcastTextID4`, `lang4`, `Probability4`, `em4_0`, `em4_1`, `em4_2`, `em4_3`, `em4_4`, `em4_5`, `text5_0`, `text5_1`, `BroadcastTextID5`, `lang5`, `Probability5`, `em5_0`, `em5_1`, `em5_2`, `em5_3`, `em5_4`, `em5_5`, `text6_0`, `text6_1`, `BroadcastTextID6`, `lang6`, `Probability6`, `em6_0`, `em6_1`, `em6_2`, `em6_3`, `em6_4`, `em6_5`, `text7_0`, `text7_1`, `BroadcastTextID7`, `lang7`, `Probability7`, `em7_0`, `em7_1`, `em7_2`, `em7_3`, `em7_4`, `em7_5`) VALUES ('1872664', 'Imported from TC', 'If you\'re looking to register a guild, I would suggest inquiring within the walls of Silvermoon City itself.', 'If you\'re looking to register a guild, I would suggest inquiring within the walls of Silvermoon City itself.', '18551', '1', '1', '0', '0', '0', '0', '0', '0', '', '', NULL, '0', '0', '0', '0', '0', '0', '0', '0', '', '', NULL, '0', '0', '0', '0', '0', '0', '0', '0', '', '', NULL, '0', '0', '0', '0', '0', '0', '0', '0', '', '', NULL, '0', '0', '0', '0', '0', '0', '0', '0', '', '', NULL, '0', '0', '0', '0', '0', '0', '0', '0', '', '', NULL, '0', '0', '0', '0', '0', '0', '0', '0', '', '', NULL, '0', '0', '0', '0', '0', '0', '0', '0');
INSERT INTO gossip_menu (`MenuID`, `TextID`) VALUES ('8186', '1872664');
INSERT INTO gossip_menu_option (`MenuID`, `OptionID`, `OptionIcon`, `OptionText`, `OptionBroadcastTextID`, `OptionType`, `OptionNpcFlag`, `ActionMenuID`, `ActionPoiID`, `BoxCoded`, `BoxMoney`, `BoxText`, `BoxBroadcastTextID`) VALUES ('8185', '1', '0', 'Guild Master', '2870', '1', '1', '8186', NULL, '0', '0', '', NULL);
INSERT INTO gossip_text (`ID`, `comment`, `text0_0`, `text0_1`, `BroadcastTextID0`, `lang0`, `Probability0`, `em0_0`, `em0_1`, `em0_2`, `em0_3`, `em0_4`, `em0_5`, `text1_0`, `text1_1`, `BroadcastTextID1`, `lang1`, `Probability1`, `em1_0`, `em1_1`, `em1_2`, `em1_3`, `em1_4`, `em1_5`, `text2_0`, `text2_1`, `BroadcastTextID2`, `lang2`, `Probability2`, `em2_0`, `em2_1`, `em2_2`, `em2_3`, `em2_4`, `em2_5`, `text3_0`, `text3_1`, `BroadcastTextID3`, `lang3`, `Probability3`, `em3_0`, `em3_1`, `em3_2`, `em3_3`, `em3_4`, `em3_5`, `text4_0`, `text4_1`, `BroadcastTextID4`, `lang4`, `Probability4`, `em4_0`, `em4_1`, `em4_2`, `em4_3`, `em4_4`, `em4_5`, `text5_0`, `text5_1`, `BroadcastTextID5`, `lang5`, `Probability5`, `em5_0`, `em5_1`, `em5_2`, `em5_3`, `em5_4`, `em5_5`, `text6_0`, `text6_1`, `BroadcastTextID6`, `lang6`, `Probability6`, `em6_0`, `em6_1`, `em6_2`, `em6_3`, `em6_4`, `em6_5`, `text7_0`, `text7_1`, `BroadcastTextID7`, `lang7`, `Probability7`, `em7_0`, `em7_1`, `em7_2`, `em7_3`, `em7_4`, `em7_5`) VALUES ('1872665', 'Imported from TC', 'Delaniel keeps her inn well in the southeastern corner of Falconwing Square. Good food, fine wine, soft beds... what more could one ask for?', 'Delaniel keeps her inn well in the southeastern corner of Falconwing Square. Good food, fine wine, soft beds... what more could one ask for?', '18552', '1', '1', '0', '0', '0', '0', '0', '0', '', '', NULL, '0', '0', '0', '0', '0', '0', '0', '0', '', '', NULL, '0', '0', '0', '0', '0', '0', '0', '0', '', '', NULL, '0', '0', '0', '0', '0', '0', '0', '0', '', '', NULL, '0', '0', '0', '0', '0', '0', '0', '0', '', '', NULL, '0', '0', '0', '0', '0', '0', '0', '0', '', '', NULL, '0', '0', '0', '0', '0', '0', '0', '0', '', '', NULL, '0', '0', '0', '0', '0', '0', '0', '0');
INSERT INTO gossip_menu (`MenuID`, `TextID`) VALUES ('8187', '1872665');
INSERT INTO points_of_interest (`ID`, `PositionX`, `PositionY`, `Icon`, `Flags`, `Importance`, `Name`, `VerifiedBuild`) VALUES ('383', '9476.83', '-6859.16', '6', '583', '0', 'Falconwing Square, Innkeeper', '0');
INSERT INTO gossip_menu_option (`MenuID`, `OptionID`, `OptionIcon`, `OptionText`, `OptionBroadcastTextID`, `OptionType`, `OptionNpcFlag`, `ActionMenuID`, `ActionPoiID`, `BoxCoded`, `BoxMoney`, `BoxText`, `BoxBroadcastTextID`) VALUES ('8185', '2', '0', 'The Inn', '7075', '1', '1', '8187', '383', '0', '0', '', NULL);
INSERT INTO gossip_text (`ID`, `comment`, `text0_0`, `text0_1`, `BroadcastTextID0`, `lang0`, `Probability0`, `em0_0`, `em0_1`, `em0_2`, `em0_3`, `em0_4`, `em0_5`, `text1_0`, `text1_1`, `BroadcastTextID1`, `lang1`, `Probability1`, `em1_0`, `em1_1`, `em1_2`, `em1_3`, `em1_4`, `em1_5`, `text2_0`, `text2_1`, `BroadcastTextID2`, `lang2`, `Probability2`, `em2_0`, `em2_1`, `em2_2`, `em2_3`, `em2_4`, `em2_5`, `text3_0`, `text3_1`, `BroadcastTextID3`, `lang3`, `Probability3`, `em3_0`, `em3_1`, `em3_2`, `em3_3`, `em3_4`, `em3_5`, `text4_0`, `text4_1`, `BroadcastTextID4`, `lang4`, `Probability4`, `em4_0`, `em4_1`, `em4_2`, `em4_3`, `em4_4`, `em4_5`, `text5_0`, `text5_1`, `BroadcastTextID5`, `lang5`, `Probability5`, `em5_0`, `em5_1`, `em5_2`, `em5_3`, `em5_4`, `em5_5`, `text6_0`, `text6_1`, `BroadcastTextID6`, `lang6`, `Probability6`, `em6_0`, `em6_1`, `em6_2`, `em6_3`, `em6_4`, `em6_5`, `text7_0`, `text7_1`, `BroadcastTextID7`, `lang7`, `Probability7`, `em7_0`, `em7_1`, `em7_2`, `em7_3`, `em7_4`, `em7_5`) VALUES ('1872666', 'Imported from TC', 'Some rangers seem to be unable to look after their beastly charges themselves. If you simply must stow such a thing somewhere in town, Anathos will take it off your hands. She waits and works in Falconwing Square, outside the inn.', 'Some rangers seem to be unable to look after their beastly charges themselves. If you simply must stow such a thing somewhere in town, Anathos will take it off your hands. She waits and works in Falconwing Square, outside the inn.', '18553', '1', '1', '0', '0', '0', '0', '0', '0', '', '', NULL, '0', '0', '0', '0', '0', '0', '0', '0', '', '', NULL, '0', '0', '0', '0', '0', '0', '0', '0', '', '', NULL, '0', '0', '0', '0', '0', '0', '0', '0', '', '', NULL, '0', '0', '0', '0', '0', '0', '0', '0', '', '', NULL, '0', '0', '0', '0', '0', '0', '0', '0', '', '', NULL, '0', '0', '0', '0', '0', '0', '0', '0', '', '', NULL, '0', '0', '0', '0', '0', '0', '0', '0');
INSERT INTO gossip_menu (`MenuID`, `TextID`) VALUES ('8188', '1872666');
INSERT INTO points_of_interest (`ID`, `PositionX`, `PositionY`, `Icon`, `Flags`, `Importance`, `Name`, `VerifiedBuild`) VALUES ('384', '9487.66', '-6830.49', '6', '583', '0', 'Falconwing Square, Stable Master', '0');
INSERT INTO gossip_menu_option (`MenuID`, `OptionID`, `OptionIcon`, `OptionText`, `OptionBroadcastTextID`, `OptionType`, `OptionNpcFlag`, `ActionMenuID`, `ActionPoiID`, `BoxCoded`, `BoxMoney`, `BoxText`, `BoxBroadcastTextID`) VALUES ('8185', '3', '0', 'Stable Master', '45383', '1', '1', '8188', '384', '0', '0', '', NULL);
-- Text 9331 is already imported as 1872576
INSERT INTO gossip_menu (`MenuID`, `TextID`) VALUES ('8196', '1872576');
INSERT INTO gossip_text (`ID`, `comment`, `text0_0`, `text0_1`, `BroadcastTextID0`, `lang0`, `Probability0`, `em0_0`, `em0_1`, `em0_2`, `em0_3`, `em0_4`, `em0_5`, `text1_0`, `text1_1`, `BroadcastTextID1`, `lang1`, `Probability1`, `em1_0`, `em1_1`, `em1_2`, `em1_3`, `em1_4`, `em1_5`, `text2_0`, `text2_1`, `BroadcastTextID2`, `lang2`, `Probability2`, `em2_0`, `em2_1`, `em2_2`, `em2_3`, `em2_4`, `em2_5`, `text3_0`, `text3_1`, `BroadcastTextID3`, `lang3`, `Probability3`, `em3_0`, `em3_1`, `em3_2`, `em3_3`, `em3_4`, `em3_5`, `text4_0`, `text4_1`, `BroadcastTextID4`, `lang4`, `Probability4`, `em4_0`, `em4_1`, `em4_2`, `em4_3`, `em4_4`, `em4_5`, `text5_0`, `text5_1`, `BroadcastTextID5`, `lang5`, `Probability5`, `em5_0`, `em5_1`, `em5_2`, `em5_3`, `em5_4`, `em5_5`, `text6_0`, `text6_1`, `BroadcastTextID6`, `lang6`, `Probability6`, `em6_0`, `em6_1`, `em6_2`, `em6_3`, `em6_4`, `em6_5`, `text7_0`, `text7_1`, `BroadcastTextID7`, `lang7`, `Probability7`, `em7_0`, `em7_1`, `em7_2`, `em7_3`, `em7_4`, `em7_5`) VALUES ('1872667', 'Imported from TC', 'A cow woman who claims to be a druid has set up camp within Silvermoon. She\'s no doubt grazing on our planters as we speak.', 'A cow woman who claims to be a druid has set up camp within Silvermoon. She\'s no doubt grazing on our planters as we speak.', '18554', '1', '1', '0', '0', '0', '0', '0', '0', '', '', NULL, '0', '0', '0', '0', '0', '0', '0', '0', '', '', NULL, '0', '0', '0', '0', '0', '0', '0', '0', '', '', NULL, '0', '0', '0', '0', '0', '0', '0', '0', '', '', NULL, '0', '0', '0', '0', '0', '0', '0', '0', '', '', NULL, '0', '0', '0', '0', '0', '0', '0', '0', '', '', NULL, '0', '0', '0', '0', '0', '0', '0', '0', '', '', NULL, '0', '0', '0', '0', '0', '0', '0', '0');
INSERT INTO gossip_menu (`MenuID`, `TextID`) VALUES ('8189', '1872667');
INSERT INTO gossip_menu_option (`MenuID`, `OptionID`, `OptionIcon`, `OptionText`, `OptionBroadcastTextID`, `OptionType`, `OptionNpcFlag`, `ActionMenuID`, `ActionPoiID`, `BoxCoded`, `BoxMoney`, `BoxText`, `BoxBroadcastTextID`) VALUES ('8196', '0', '0', 'Druid', '45409', '1', '1', '8189', NULL, '0', '0', '', NULL);
INSERT INTO gossip_text (`ID`, `comment`, `text0_0`, `text0_1`, `BroadcastTextID0`, `lang0`, `Probability0`, `em0_0`, `em0_1`, `em0_2`, `em0_3`, `em0_4`, `em0_5`, `text1_0`, `text1_1`, `BroadcastTextID1`, `lang1`, `Probability1`, `em1_0`, `em1_1`, `em1_2`, `em1_3`, `em1_4`, `em1_5`, `text2_0`, `text2_1`, `BroadcastTextID2`, `lang2`, `Probability2`, `em2_0`, `em2_1`, `em2_2`, `em2_3`, `em2_4`, `em2_5`, `text3_0`, `text3_1`, `BroadcastTextID3`, `lang3`, `Probability3`, `em3_0`, `em3_1`, `em3_2`, `em3_3`, `em3_4`, `em3_5`, `text4_0`, `text4_1`, `BroadcastTextID4`, `lang4`, `Probability4`, `em4_0`, `em4_1`, `em4_2`, `em4_3`, `em4_4`, `em4_5`, `text5_0`, `text5_1`, `BroadcastTextID5`, `lang5`, `Probability5`, `em5_0`, `em5_1`, `em5_2`, `em5_3`, `em5_4`, `em5_5`, `text6_0`, `text6_1`, `BroadcastTextID6`, `lang6`, `Probability6`, `em6_0`, `em6_1`, `em6_2`, `em6_3`, `em6_4`, `em6_5`, `text7_0`, `text7_1`, `BroadcastTextID7`, `lang7`, `Probability7`, `em7_0`, `em7_1`, `em7_2`, `em7_3`, `em7_4`, `em7_5`) VALUES ('1872668', 'Imported from TC', 'The rangers take their lessons from Hannovia, a farstrider who stays in the northeast building of Falconwing Square.', 'The rangers take their lessons from Hannovia, a farstrider who stays in the northeast building of Falconwing Square.', '18555', '1', '1', '0', '0', '0', '0', '0', '0', '', '', NULL, '0', '0', '0', '0', '0', '0', '0', '0', '', '', NULL, '0', '0', '0', '0', '0', '0', '0', '0', '', '', NULL, '0', '0', '0', '0', '0', '0', '0', '0', '', '', NULL, '0', '0', '0', '0', '0', '0', '0', '0', '', '', NULL, '0', '0', '0', '0', '0', '0', '0', '0', '', '', NULL, '0', '0', '0', '0', '0', '0', '0', '0', '', '', NULL, '0', '0', '0', '0', '0', '0', '0', '0');
INSERT INTO gossip_menu (`MenuID`, `TextID`) VALUES ('8190', '1872668');
INSERT INTO points_of_interest (`ID`, `PositionX`, `PositionY`, `Icon`, `Flags`, `Importance`, `Name`, `VerifiedBuild`) VALUES ('385', '9529.19', '-6864.51', '6', '583', '0', 'Falconwing Square, Hunter Trainer', '0');
INSERT INTO gossip_menu_option (`MenuID`, `OptionID`, `OptionIcon`, `OptionText`, `OptionBroadcastTextID`, `OptionType`, `OptionNpcFlag`, `ActionMenuID`, `ActionPoiID`, `BoxCoded`, `BoxMoney`, `BoxText`, `BoxBroadcastTextID`) VALUES ('8196', '1', '0', 'Hunter', '50546', '1', '1', '8190', '385', '0', '0', '', NULL);
INSERT INTO gossip_text (`ID`, `comment`, `text0_0`, `text0_1`, `BroadcastTextID0`, `lang0`, `Probability0`, `em0_0`, `em0_1`, `em0_2`, `em0_3`, `em0_4`, `em0_5`, `text1_0`, `text1_1`, `BroadcastTextID1`, `lang1`, `Probability1`, `em1_0`, `em1_1`, `em1_2`, `em1_3`, `em1_4`, `em1_5`, `text2_0`, `text2_1`, `BroadcastTextID2`, `lang2`, `Probability2`, `em2_0`, `em2_1`, `em2_2`, `em2_3`, `em2_4`, `em2_5`, `text3_0`, `text3_1`, `BroadcastTextID3`, `lang3`, `Probability3`, `em3_0`, `em3_1`, `em3_2`, `em3_3`, `em3_4`, `em3_5`, `text4_0`, `text4_1`, `BroadcastTextID4`, `lang4`, `Probability4`, `em4_0`, `em4_1`, `em4_2`, `em4_3`, `em4_4`, `em4_5`, `text5_0`, `text5_1`, `BroadcastTextID5`, `lang5`, `Probability5`, `em5_0`, `em5_1`, `em5_2`, `em5_3`, `em5_4`, `em5_5`, `text6_0`, `text6_1`, `BroadcastTextID6`, `lang6`, `Probability6`, `em6_0`, `em6_1`, `em6_2`, `em6_3`, `em6_4`, `em6_5`, `text7_0`, `text7_1`, `BroadcastTextID7`, `lang7`, `Probability7`, `em7_0`, `em7_1`, `em7_2`, `em7_3`, `em7_4`, `em7_5`) VALUES ('1872669', 'Imported from TC', 'Garridel teaches the arcane arts within Falconwing Square; you can find her on the second floor of the inn.', 'Garridel teaches the arcane arts within Falconwing Square; you can find her on the second floor of the inn.', '18556', '1', '1', '0', '0', '0', '0', '0', '0', '', '', NULL, '0', '0', '0', '0', '0', '0', '0', '0', '', '', NULL, '0', '0', '0', '0', '0', '0', '0', '0', '', '', NULL, '0', '0', '0', '0', '0', '0', '0', '0', '', '', NULL, '0', '0', '0', '0', '0', '0', '0', '0', '', '', NULL, '0', '0', '0', '0', '0', '0', '0', '0', '', '', NULL, '0', '0', '0', '0', '0', '0', '0', '0', '', '', NULL, '0', '0', '0', '0', '0', '0', '0', '0');
INSERT INTO gossip_menu (`MenuID`, `TextID`) VALUES ('8191', '1872669');
INSERT INTO points_of_interest (`ID`, `PositionX`, `PositionY`, `Icon`, `Flags`, `Importance`, `Name`, `VerifiedBuild`) VALUES ('386', '9462.34', '-6853.61', '6', '583', '0', 'Falconwing Square, Mage Trainer', '0');
INSERT INTO gossip_menu_option (`MenuID`, `OptionID`, `OptionIcon`, `OptionText`, `OptionBroadcastTextID`, `OptionType`, `OptionNpcFlag`, `ActionMenuID`, `ActionPoiID`, `BoxCoded`, `BoxMoney`, `BoxText`, `BoxBroadcastTextID`) VALUES ('8196', '2', '0', 'Mage', '45404', '1', '1', '8191', '386', '0', '0', '', NULL);
INSERT INTO gossip_text (`ID`, `comment`, `text0_0`, `text0_1`, `BroadcastTextID0`, `lang0`, `Probability0`, `em0_0`, `em0_1`, `em0_2`, `em0_3`, `em0_4`, `em0_5`, `text1_0`, `text1_1`, `BroadcastTextID1`, `lang1`, `Probability1`, `em1_0`, `em1_1`, `em1_2`, `em1_3`, `em1_4`, `em1_5`, `text2_0`, `text2_1`, `BroadcastTextID2`, `lang2`, `Probability2`, `em2_0`, `em2_1`, `em2_2`, `em2_3`, `em2_4`, `em2_5`, `text3_0`, `text3_1`, `BroadcastTextID3`, `lang3`, `Probability3`, `em3_0`, `em3_1`, `em3_2`, `em3_3`, `em3_4`, `em3_5`, `text4_0`, `text4_1`, `BroadcastTextID4`, `lang4`, `Probability4`, `em4_0`, `em4_1`, `em4_2`, `em4_3`, `em4_4`, `em4_5`, `text5_0`, `text5_1`, `BroadcastTextID5`, `lang5`, `Probability5`, `em5_0`, `em5_1`, `em5_2`, `em5_3`, `em5_4`, `em5_5`, `text6_0`, `text6_1`, `BroadcastTextID6`, `lang6`, `Probability6`, `em6_0`, `em6_1`, `em6_2`, `em6_3`, `em6_4`, `em6_5`, `text7_0`, `text7_1`, `BroadcastTextID7`, `lang7`, `Probability7`, `em7_0`, `em7_1`, `em7_2`, `em7_3`, `em7_4`, `em7_5`) VALUES ('1872670', 'Imported from TC', 'Blood Knight Noellene awaits young trainees within the northeast building of the square.', 'Blood Knight Noellene awaits young trainees within the northeast building of the square.', '18563', '1', '1', '0', '0', '0', '0', '0', '0', '', '', NULL, '0', '0', '0', '0', '0', '0', '0', '0', '', '', NULL, '0', '0', '0', '0', '0', '0', '0', '0', '', '', NULL, '0', '0', '0', '0', '0', '0', '0', '0', '', '', NULL, '0', '0', '0', '0', '0', '0', '0', '0', '', '', NULL, '0', '0', '0', '0', '0', '0', '0', '0', '', '', NULL, '0', '0', '0', '0', '0', '0', '0', '0', '', '', NULL, '0', '0', '0', '0', '0', '0', '0', '0');
INSERT INTO gossip_menu (`MenuID`, `TextID`) VALUES ('8192', '1872670');
INSERT INTO points_of_interest (`ID`, `PositionX`, `PositionY`, `Icon`, `Flags`, `Importance`, `Name`, `VerifiedBuild`) VALUES ('387', '9516', '-6871.03', '6', '0', '0', 'Falconwing Square, Paladin Trainer', '0');
INSERT INTO gossip_menu_option (`MenuID`, `OptionID`, `OptionIcon`, `OptionText`, `OptionBroadcastTextID`, `OptionType`, `OptionNpcFlag`, `ActionMenuID`, `ActionPoiID`, `BoxCoded`, `BoxMoney`, `BoxText`, `BoxBroadcastTextID`) VALUES ('8196', '3', '0', 'Paladin', '48028', '1', '1', '8192', '387', '0', '0', '', NULL);
INSERT INTO gossip_text (`ID`, `comment`, `text0_0`, `text0_1`, `BroadcastTextID0`, `lang0`, `Probability0`, `em0_0`, `em0_1`, `em0_2`, `em0_3`, `em0_4`, `em0_5`, `text1_0`, `text1_1`, `BroadcastTextID1`, `lang1`, `Probability1`, `em1_0`, `em1_1`, `em1_2`, `em1_3`, `em1_4`, `em1_5`, `text2_0`, `text2_1`, `BroadcastTextID2`, `lang2`, `Probability2`, `em2_0`, `em2_1`, `em2_2`, `em2_3`, `em2_4`, `em2_5`, `text3_0`, `text3_1`, `BroadcastTextID3`, `lang3`, `Probability3`, `em3_0`, `em3_1`, `em3_2`, `em3_3`, `em3_4`, `em3_5`, `text4_0`, `text4_1`, `BroadcastTextID4`, `lang4`, `Probability4`, `em4_0`, `em4_1`, `em4_2`, `em4_3`, `em4_4`, `em4_5`, `text5_0`, `text5_1`, `BroadcastTextID5`, `lang5`, `Probability5`, `em5_0`, `em5_1`, `em5_2`, `em5_3`, `em5_4`, `em5_5`, `text6_0`, `text6_1`, `BroadcastTextID6`, `lang6`, `Probability6`, `em6_0`, `em6_1`, `em6_2`, `em6_3`, `em6_4`, `em6_5`, `text7_0`, `text7_1`, `BroadcastTextID7`, `lang7`, `Probability7`, `em7_0`, `em7_1`, `em7_2`, `em7_3`, `em7_4`, `em7_5`) VALUES ('1872671', 'Imported from TC', 'If priestly knowledge is what you seek, Ponaris is your man. He works with the others on the second floor of Delaniel\'s inn.', 'If priestly knowledge is what you seek, Ponaris is your man. He works with the others on the second floor of Delaniel\'s inn.', '18564', '1', '1', '0', '0', '0', '0', '0', '0', '', '', NULL, '0', '0', '0', '0', '0', '0', '0', '0', '', '', NULL, '0', '0', '0', '0', '0', '0', '0', '0', '', '', NULL, '0', '0', '0', '0', '0', '0', '0', '0', '', '', NULL, '0', '0', '0', '0', '0', '0', '0', '0', '', '', NULL, '0', '0', '0', '0', '0', '0', '0', '0', '', '', NULL, '0', '0', '0', '0', '0', '0', '0', '0', '', '', NULL, '0', '0', '0', '0', '0', '0', '0', '0');
INSERT INTO gossip_menu (`MenuID`, `TextID`) VALUES ('8193', '1872671');
INSERT INTO points_of_interest (`ID`, `PositionX`, `PositionY`, `Icon`, `Flags`, `Importance`, `Name`, `VerifiedBuild`) VALUES ('388', '9466.73', '-6844.34', '6', '583', '0', 'Falconwing Square, Priest Trainer', '0');
INSERT INTO gossip_menu_option (`MenuID`, `OptionID`, `OptionIcon`, `OptionText`, `OptionBroadcastTextID`, `OptionType`, `OptionNpcFlag`, `ActionMenuID`, `ActionPoiID`, `BoxCoded`, `BoxMoney`, `BoxText`, `BoxBroadcastTextID`) VALUES ('8196', '4', '0', 'Priest', '45405', '1', '1', '8193', '388', '0', '0', '', NULL);
INSERT INTO gossip_text (`ID`, `comment`, `text0_0`, `text0_1`, `BroadcastTextID0`, `lang0`, `Probability0`, `em0_0`, `em0_1`, `em0_2`, `em0_3`, `em0_4`, `em0_5`, `text1_0`, `text1_1`, `BroadcastTextID1`, `lang1`, `Probability1`, `em1_0`, `em1_1`, `em1_2`, `em1_3`, `em1_4`, `em1_5`, `text2_0`, `text2_1`, `BroadcastTextID2`, `lang2`, `Probability2`, `em2_0`, `em2_1`, `em2_2`, `em2_3`, `em2_4`, `em2_5`, `text3_0`, `text3_1`, `BroadcastTextID3`, `lang3`, `Probability3`, `em3_0`, `em3_1`, `em3_2`, `em3_3`, `em3_4`, `em3_5`, `text4_0`, `text4_1`, `BroadcastTextID4`, `lang4`, `Probability4`, `em4_0`, `em4_1`, `em4_2`, `em4_3`, `em4_4`, `em4_5`, `text5_0`, `text5_1`, `BroadcastTextID5`, `lang5`, `Probability5`, `em5_0`, `em5_1`, `em5_2`, `em5_3`, `em5_4`, `em5_5`, `text6_0`, `text6_1`, `BroadcastTextID6`, `lang6`, `Probability6`, `em6_0`, `em6_1`, `em6_2`, `em6_3`, `em6_4`, `em6_5`, `text7_0`, `text7_1`, `BroadcastTextID7`, `lang7`, `Probability7`, `em7_0`, `em7_1`, `em7_2`, `em7_3`, `em7_4`, `em7_5`) VALUES ('1872672', 'Imported from TC', 'There\'s a building in the northeast of Falconwing Square... within, you\'ll most likely find Tannaria, a woman well skilled in remaining out of sight.', 'There\'s a building in the northeast of Falconwing Square... within, you\'ll most likely find Tannaria, a woman well skilled in remaining out of sight.', '18565', '1', '1', '0', '0', '0', '0', '0', '0', '', '', NULL, '0', '0', '0', '0', '0', '0', '0', '0', '', '', NULL, '0', '0', '0', '0', '0', '0', '0', '0', '', '', NULL, '0', '0', '0', '0', '0', '0', '0', '0', '', '', NULL, '0', '0', '0', '0', '0', '0', '0', '0', '', '', NULL, '0', '0', '0', '0', '0', '0', '0', '0', '', '', NULL, '0', '0', '0', '0', '0', '0', '0', '0', '', '', NULL, '0', '0', '0', '0', '0', '0', '0', '0');
INSERT INTO gossip_menu (`MenuID`, `TextID`) VALUES ('8194', '1872672');
INSERT INTO points_of_interest (`ID`, `PositionX`, `PositionY`, `Icon`, `Flags`, `Importance`, `Name`, `VerifiedBuild`) VALUES ('389', '9534.22', '-6876.03', '6', '583', '0', 'Falconwing Square, Rogue Trainer', '0');
INSERT INTO gossip_menu_option (`MenuID`, `OptionID`, `OptionIcon`, `OptionText`, `OptionBroadcastTextID`, `OptionType`, `OptionNpcFlag`, `ActionMenuID`, `ActionPoiID`, `BoxCoded`, `BoxMoney`, `BoxText`, `BoxBroadcastTextID`) VALUES ('8196', '5', '0', 'Rogue', '45406', '1', '1', '8194', '389', '0', '0', '', NULL);
INSERT INTO gossip_text (`ID`, `comment`, `text0_0`, `text0_1`, `BroadcastTextID0`, `lang0`, `Probability0`, `em0_0`, `em0_1`, `em0_2`, `em0_3`, `em0_4`, `em0_5`, `text1_0`, `text1_1`, `BroadcastTextID1`, `lang1`, `Probability1`, `em1_0`, `em1_1`, `em1_2`, `em1_3`, `em1_4`, `em1_5`, `text2_0`, `text2_1`, `BroadcastTextID2`, `lang2`, `Probability2`, `em2_0`, `em2_1`, `em2_2`, `em2_3`, `em2_4`, `em2_5`, `text3_0`, `text3_1`, `BroadcastTextID3`, `lang3`, `Probability3`, `em3_0`, `em3_1`, `em3_2`, `em3_3`, `em3_4`, `em3_5`, `text4_0`, `text4_1`, `BroadcastTextID4`, `lang4`, `Probability4`, `em4_0`, `em4_1`, `em4_2`, `em4_3`, `em4_4`, `em4_5`, `text5_0`, `text5_1`, `BroadcastTextID5`, `lang5`, `Probability5`, `em5_0`, `em5_1`, `em5_2`, `em5_3`, `em5_4`, `em5_5`, `text6_0`, `text6_1`, `BroadcastTextID6`, `lang6`, `Probability6`, `em6_0`, `em6_1`, `em6_2`, `em6_3`, `em6_4`, `em6_5`, `text7_0`, `text7_1`, `BroadcastTextID7`, `lang7`, `Probability7`, `em7_0`, `em7_1`, `em7_2`, `em7_3`, `em7_4`, `em7_5`) VALUES ('1872673', 'Imported from TC', 'Celoenus is our resident expert on the summoning of demons. He resides in the Falconwing Square Inn, no doubt on the second floor.', 'Celoenus is our resident expert on the summoning of demons. He resides in the Falconwing Square Inn, no doubt on the second floor.', '18569', '1', '1', '0', '0', '0', '0', '0', '0', '', '', NULL, '0', '0', '0', '0', '0', '0', '0', '0', '', '', NULL, '0', '0', '0', '0', '0', '0', '0', '0', '', '', NULL, '0', '0', '0', '0', '0', '0', '0', '0', '', '', NULL, '0', '0', '0', '0', '0', '0', '0', '0', '', '', NULL, '0', '0', '0', '0', '0', '0', '0', '0', '', '', NULL, '0', '0', '0', '0', '0', '0', '0', '0', '', '', NULL, '0', '0', '0', '0', '0', '0', '0', '0');
INSERT INTO gossip_menu (`MenuID`, `TextID`) VALUES ('8195', '1872673');
INSERT INTO points_of_interest (`ID`, `PositionX`, `PositionY`, `Icon`, `Flags`, `Importance`, `Name`, `VerifiedBuild`) VALUES ('390', '9467.62', '-6862.82', '6', '583', '0', 'Falconwing Square, Warlock Trainer', '0');
INSERT INTO gossip_menu_option (`MenuID`, `OptionID`, `OptionIcon`, `OptionText`, `OptionBroadcastTextID`, `OptionType`, `OptionNpcFlag`, `ActionMenuID`, `ActionPoiID`, `BoxCoded`, `BoxMoney`, `BoxText`, `BoxBroadcastTextID`) VALUES ('8196', '6', '0', 'Warlock', '45407', '1', '1', '8195', '390', '0', '0', '', NULL);
INSERT INTO gossip_menu_option (`MenuID`, `OptionID`, `OptionIcon`, `OptionText`, `OptionBroadcastTextID`, `OptionType`, `OptionNpcFlag`, `ActionMenuID`, `ActionPoiID`, `BoxCoded`, `BoxMoney`, `BoxText`, `BoxBroadcastTextID`) VALUES ('8185', '4', '0', 'Class Trainer', '45378', '1', '1', '8196', NULL, '0', '0', '', NULL);
-- Importing menu 8205 as 57101
-- Text 9338 is already imported as 1872583
INSERT INTO gossip_menu (`MenuID`, `TextID`) VALUES ('57101', '1872583');
-- Text 10193 already present in Sun DB
INSERT INTO gossip_menu (`MenuID`, `TextID`) VALUES ('8197', '10193');
INSERT INTO points_of_interest (`ID`, `PositionX`, `PositionY`, `Icon`, `Flags`, `Importance`, `Name`, `VerifiedBuild`) VALUES ('391', '8661.25', '-6367.09', '6', '583', '0', 'Saltheril\'s Haven, Alchemist', '0');
INSERT INTO gossip_menu_option (`MenuID`, `OptionID`, `OptionIcon`, `OptionText`, `OptionBroadcastTextID`, `OptionType`, `OptionNpcFlag`, `ActionMenuID`, `ActionPoiID`, `BoxCoded`, `BoxMoney`, `BoxText`, `BoxBroadcastTextID`) VALUES ('57101', '0', '0', 'Alchemy', '52058', '1', '1', '8197', '391', '0', '0', '', NULL);
INSERT INTO gossip_text (`ID`, `comment`, `text0_0`, `text0_1`, `BroadcastTextID0`, `lang0`, `Probability0`, `em0_0`, `em0_1`, `em0_2`, `em0_3`, `em0_4`, `em0_5`, `text1_0`, `text1_1`, `BroadcastTextID1`, `lang1`, `Probability1`, `em1_0`, `em1_1`, `em1_2`, `em1_3`, `em1_4`, `em1_5`, `text2_0`, `text2_1`, `BroadcastTextID2`, `lang2`, `Probability2`, `em2_0`, `em2_1`, `em2_2`, `em2_3`, `em2_4`, `em2_5`, `text3_0`, `text3_1`, `BroadcastTextID3`, `lang3`, `Probability3`, `em3_0`, `em3_1`, `em3_2`, `em3_3`, `em3_4`, `em3_5`, `text4_0`, `text4_1`, `BroadcastTextID4`, `lang4`, `Probability4`, `em4_0`, `em4_1`, `em4_2`, `em4_3`, `em4_4`, `em4_5`, `text5_0`, `text5_1`, `BroadcastTextID5`, `lang5`, `Probability5`, `em5_0`, `em5_1`, `em5_2`, `em5_3`, `em5_4`, `em5_5`, `text6_0`, `text6_1`, `BroadcastTextID6`, `lang6`, `Probability6`, `em6_0`, `em6_1`, `em6_2`, `em6_3`, `em6_4`, `em6_5`, `text7_0`, `text7_1`, `BroadcastTextID7`, `lang7`, `Probability7`, `em7_0`, `em7_1`, `em7_2`, `em7_3`, `em7_4`, `em7_5`) VALUES ('1872674', 'Imported from TC', 'The farstriders keep a smith at their retreat in the eastern portion of Eversong. Arathel might be able to help you.', 'The farstriders keep a smith at their retreat in the eastern portion of Eversong. Arathel might be able to help you.', '18571', '1', '1', '0', '0', '0', '0', '0', '0', '', '', NULL, '0', '0', '0', '0', '0', '0', '0', '0', '', '', NULL, '0', '0', '0', '0', '0', '0', '0', '0', '', '', NULL, '0', '0', '0', '0', '0', '0', '0', '0', '', '', NULL, '0', '0', '0', '0', '0', '0', '0', '0', '', '', NULL, '0', '0', '0', '0', '0', '0', '0', '0', '', '', NULL, '0', '0', '0', '0', '0', '0', '0', '0', '', '', NULL, '0', '0', '0', '0', '0', '0', '0', '0');
INSERT INTO gossip_menu (`MenuID`, `TextID`) VALUES ('8198', '1872674');
INSERT INTO points_of_interest (`ID`, `PositionX`, `PositionY`, `Icon`, `Flags`, `Importance`, `Name`, `VerifiedBuild`) VALUES ('392', '8986.45', '-7418.87', '6', '583', '0', 'Farstrider Retreat, Blacksmith', '0');
INSERT INTO gossip_menu_option (`MenuID`, `OptionID`, `OptionIcon`, `OptionText`, `OptionBroadcastTextID`, `OptionType`, `OptionNpcFlag`, `ActionMenuID`, `ActionPoiID`, `BoxCoded`, `BoxMoney`, `BoxText`, `BoxBroadcastTextID`) VALUES ('57101', '1', '0', 'Blacksmithing', '51346', '1', '1', '8198', '392', '0', '0', '', NULL);
INSERT INTO gossip_text (`ID`, `comment`, `text0_0`, `text0_1`, `BroadcastTextID0`, `lang0`, `Probability0`, `em0_0`, `em0_1`, `em0_2`, `em0_3`, `em0_4`, `em0_5`, `text1_0`, `text1_1`, `BroadcastTextID1`, `lang1`, `Probability1`, `em1_0`, `em1_1`, `em1_2`, `em1_3`, `em1_4`, `em1_5`, `text2_0`, `text2_1`, `BroadcastTextID2`, `lang2`, `Probability2`, `em2_0`, `em2_1`, `em2_2`, `em2_3`, `em2_4`, `em2_5`, `text3_0`, `text3_1`, `BroadcastTextID3`, `lang3`, `Probability3`, `em3_0`, `em3_1`, `em3_2`, `em3_3`, `em3_4`, `em3_5`, `text4_0`, `text4_1`, `BroadcastTextID4`, `lang4`, `Probability4`, `em4_0`, `em4_1`, `em4_2`, `em4_3`, `em4_4`, `em4_5`, `text5_0`, `text5_1`, `BroadcastTextID5`, `lang5`, `Probability5`, `em5_0`, `em5_1`, `em5_2`, `em5_3`, `em5_4`, `em5_5`, `text6_0`, `text6_1`, `BroadcastTextID6`, `lang6`, `Probability6`, `em6_0`, `em6_1`, `em6_2`, `em6_3`, `em6_4`, `em6_5`, `text7_0`, `text7_1`, `BroadcastTextID7`, `lang7`, `Probability7`, `em7_0`, `em7_1`, `em7_2`, `em7_3`, `em7_4`, `em7_5`) VALUES ('1872675', 'Imported from TC', 'Delaniel keeps a delightful cook named Quarelestra on staff. You\'ll do well to learn from her. Naturally, you\'ll find her in the Falconwing Square inn.', 'Delaniel keeps a delightful cook named Quarelestra on staff. You\'ll do well to learn from her. Naturally, you\'ll find her in the Falconwing Square inn.', '18572', '1', '1', '0', '0', '0', '0', '0', '0', '', '', NULL, '0', '0', '0', '0', '0', '0', '0', '0', '', '', NULL, '0', '0', '0', '0', '0', '0', '0', '0', '', '', NULL, '0', '0', '0', '0', '0', '0', '0', '0', '', '', NULL, '0', '0', '0', '0', '0', '0', '0', '0', '', '', NULL, '0', '0', '0', '0', '0', '0', '0', '0', '', '', NULL, '0', '0', '0', '0', '0', '0', '0', '0', '', '', NULL, '0', '0', '0', '0', '0', '0', '0', '0');
INSERT INTO gossip_menu (`MenuID`, `TextID`) VALUES ('8199', '1872675');
INSERT INTO points_of_interest (`ID`, `PositionX`, `PositionY`, `Icon`, `Flags`, `Importance`, `Name`, `VerifiedBuild`) VALUES ('393', '9494.83', '-6879.43', '6', '583', '0', 'Falconwing Square, Cook', '0');
INSERT INTO gossip_menu_option (`MenuID`, `OptionID`, `OptionIcon`, `OptionText`, `OptionBroadcastTextID`, `OptionType`, `OptionNpcFlag`, `ActionMenuID`, `ActionPoiID`, `BoxCoded`, `BoxMoney`, `BoxText`, `BoxBroadcastTextID`) VALUES ('57101', '2', '0', 'Cooking', '45763', '1', '1', '8199', '393', '0', '0', '', NULL);
INSERT INTO gossip_text (`ID`, `comment`, `text0_0`, `text0_1`, `BroadcastTextID0`, `lang0`, `Probability0`, `em0_0`, `em0_1`, `em0_2`, `em0_3`, `em0_4`, `em0_5`, `text1_0`, `text1_1`, `BroadcastTextID1`, `lang1`, `Probability1`, `em1_0`, `em1_1`, `em1_2`, `em1_3`, `em1_4`, `em1_5`, `text2_0`, `text2_1`, `BroadcastTextID2`, `lang2`, `Probability2`, `em2_0`, `em2_1`, `em2_2`, `em2_3`, `em2_4`, `em2_5`, `text3_0`, `text3_1`, `BroadcastTextID3`, `lang3`, `Probability3`, `em3_0`, `em3_1`, `em3_2`, `em3_3`, `em3_4`, `em3_5`, `text4_0`, `text4_1`, `BroadcastTextID4`, `lang4`, `Probability4`, `em4_0`, `em4_1`, `em4_2`, `em4_3`, `em4_4`, `em4_5`, `text5_0`, `text5_1`, `BroadcastTextID5`, `lang5`, `Probability5`, `em5_0`, `em5_1`, `em5_2`, `em5_3`, `em5_4`, `em5_5`, `text6_0`, `text6_1`, `BroadcastTextID6`, `lang6`, `Probability6`, `em6_0`, `em6_1`, `em6_2`, `em6_3`, `em6_4`, `em6_5`, `text7_0`, `text7_1`, `BroadcastTextID7`, `lang7`, `Probability7`, `em7_0`, `em7_1`, `em7_2`, `em7_3`, `em7_4`, `em7_5`) VALUES ('1872676', 'Imported from TC', 'Look no further than Saltheril\'s little celebration if you\'re after the enchanter Eredania. She received her invitation a few days ago.', 'Look no further than Saltheril\'s little celebration if you\'re after the enchanter Eredania. She received her invitation a few days ago.', '18573', '1', '1', '0', '0', '0', '0', '0', '0', '', '', NULL, '0', '0', '0', '0', '0', '0', '0', '0', '', '', NULL, '0', '0', '0', '0', '0', '0', '0', '0', '', '', NULL, '0', '0', '0', '0', '0', '0', '0', '0', '', '', NULL, '0', '0', '0', '0', '0', '0', '0', '0', '', '', NULL, '0', '0', '0', '0', '0', '0', '0', '0', '', '', NULL, '0', '0', '0', '0', '0', '0', '0', '0', '', '', NULL, '0', '0', '0', '0', '0', '0', '0', '0');
INSERT INTO gossip_menu (`MenuID`, `TextID`) VALUES ('8200', '1872676');
INSERT INTO points_of_interest (`ID`, `PositionX`, `PositionY`, `Icon`, `Flags`, `Importance`, `Name`, `VerifiedBuild`) VALUES ('394', '8657.49', '-6366.78', '6', '583', '0', 'Saltheril\'s Haven, Enchanter', '0');
INSERT INTO gossip_menu_option (`MenuID`, `OptionID`, `OptionIcon`, `OptionText`, `OptionBroadcastTextID`, `OptionType`, `OptionNpcFlag`, `ActionMenuID`, `ActionPoiID`, `BoxCoded`, `BoxMoney`, `BoxText`, `BoxBroadcastTextID`) VALUES ('57101', '3', '0', 'Enchanting', '52063', '1', '1', '8200', '394', '0', '0', '', NULL);
INSERT INTO gossip_text (`ID`, `comment`, `text0_0`, `text0_1`, `BroadcastTextID0`, `lang0`, `Probability0`, `em0_0`, `em0_1`, `em0_2`, `em0_3`, `em0_4`, `em0_5`, `text1_0`, `text1_1`, `BroadcastTextID1`, `lang1`, `Probability1`, `em1_0`, `em1_1`, `em1_2`, `em1_3`, `em1_4`, `em1_5`, `text2_0`, `text2_1`, `BroadcastTextID2`, `lang2`, `Probability2`, `em2_0`, `em2_1`, `em2_2`, `em2_3`, `em2_4`, `em2_5`, `text3_0`, `text3_1`, `BroadcastTextID3`, `lang3`, `Probability3`, `em3_0`, `em3_1`, `em3_2`, `em3_3`, `em3_4`, `em3_5`, `text4_0`, `text4_1`, `BroadcastTextID4`, `lang4`, `Probability4`, `em4_0`, `em4_1`, `em4_2`, `em4_3`, `em4_4`, `em4_5`, `text5_0`, `text5_1`, `BroadcastTextID5`, `lang5`, `Probability5`, `em5_0`, `em5_1`, `em5_2`, `em5_3`, `em5_4`, `em5_5`, `text6_0`, `text6_1`, `BroadcastTextID6`, `lang6`, `Probability6`, `em6_0`, `em6_1`, `em6_2`, `em6_3`, `em6_4`, `em6_5`, `text7_0`, `text7_1`, `BroadcastTextID7`, `lang7`, `Probability7`, `em7_0`, `em7_1`, `em7_2`, `em7_3`, `em7_4`, `em7_5`) VALUES ('1872677', 'Imported from TC', 'Such a dangerous and unpredictable profession cannot reliably be practiced among our pristine woods without calamitous consequences. You might try Silvermoon City itself, however; the walls are strong enough to weather the blasts.', 'Such a dangerous and unpredictable profession cannot reliably be practiced among our pristine woods without calamitous consequences. You might try Silvermoon City itself, however; the walls are strong enough to weather the blasts.', '18574', '1', '1', '0', '0', '0', '0', '0', '0', '', '', NULL, '0', '0', '0', '0', '0', '0', '0', '0', '', '', NULL, '0', '0', '0', '0', '0', '0', '0', '0', '', '', NULL, '0', '0', '0', '0', '0', '0', '0', '0', '', '', NULL, '0', '0', '0', '0', '0', '0', '0', '0', '', '', NULL, '0', '0', '0', '0', '0', '0', '0', '0', '', '', NULL, '0', '0', '0', '0', '0', '0', '0', '0', '', '', NULL, '0', '0', '0', '0', '0', '0', '0', '0');
INSERT INTO gossip_menu (`MenuID`, `TextID`) VALUES ('8201', '1872677');
INSERT INTO gossip_menu_option (`MenuID`, `OptionID`, `OptionIcon`, `OptionText`, `OptionBroadcastTextID`, `OptionType`, `OptionNpcFlag`, `ActionMenuID`, `ActionPoiID`, `BoxCoded`, `BoxMoney`, `BoxText`, `BoxBroadcastTextID`) VALUES ('57101', '4', '0', 'Engineering', '51347', '1', '1', '8201', NULL, '0', '0', '', NULL);
-- Importing menu 8202 as 57102
INSERT INTO gossip_text (`ID`, `comment`, `text0_0`, `text0_1`, `BroadcastTextID0`, `lang0`, `Probability0`, `em0_0`, `em0_1`, `em0_2`, `em0_3`, `em0_4`, `em0_5`, `text1_0`, `text1_1`, `BroadcastTextID1`, `lang1`, `Probability1`, `em1_0`, `em1_1`, `em1_2`, `em1_3`, `em1_4`, `em1_5`, `text2_0`, `text2_1`, `BroadcastTextID2`, `lang2`, `Probability2`, `em2_0`, `em2_1`, `em2_2`, `em2_3`, `em2_4`, `em2_5`, `text3_0`, `text3_1`, `BroadcastTextID3`, `lang3`, `Probability3`, `em3_0`, `em3_1`, `em3_2`, `em3_3`, `em3_4`, `em3_5`, `text4_0`, `text4_1`, `BroadcastTextID4`, `lang4`, `Probability4`, `em4_0`, `em4_1`, `em4_2`, `em4_3`, `em4_4`, `em4_5`, `text5_0`, `text5_1`, `BroadcastTextID5`, `lang5`, `Probability5`, `em5_0`, `em5_1`, `em5_2`, `em5_3`, `em5_4`, `em5_5`, `text6_0`, `text6_1`, `BroadcastTextID6`, `lang6`, `Probability6`, `em6_0`, `em6_1`, `em6_2`, `em6_3`, `em6_4`, `em6_5`, `text7_0`, `text7_1`, `BroadcastTextID7`, `lang7`, `Probability7`, `em7_0`, `em7_1`, `em7_2`, `em7_3`, `em7_4`, `em7_5`) VALUES ('1872678', 'Imported from TC', 'For those who prefer to rely on mundane methods of mending the flesh, Kanaria keeps a tidy station within the Falconwing Square inn.', 'For those who prefer to rely on mundane methods of mending the flesh, Kanaria keeps a tidy station within the Falconwing Square inn.', '18575', '1', '1', '0', '0', '0', '0', '0', '0', '', '', NULL, '0', '0', '0', '0', '0', '0', '0', '0', '', '', NULL, '0', '0', '0', '0', '0', '0', '0', '0', '', '', NULL, '0', '0', '0', '0', '0', '0', '0', '0', '', '', NULL, '0', '0', '0', '0', '0', '0', '0', '0', '', '', NULL, '0', '0', '0', '0', '0', '0', '0', '0', '', '', NULL, '0', '0', '0', '0', '0', '0', '0', '0', '', '', NULL, '0', '0', '0', '0', '0', '0', '0', '0');
INSERT INTO gossip_menu (`MenuID`, `TextID`) VALUES ('57102', '1872678');
INSERT INTO points_of_interest (`ID`, `PositionX`, `PositionY`, `Icon`, `Flags`, `Importance`, `Name`, `VerifiedBuild`) VALUES ('395', '9479.51', '-6880.07', '6', '583', '0', 'Falconwing Square, First Aid Trainer', '0');
INSERT INTO gossip_menu_option (`MenuID`, `OptionID`, `OptionIcon`, `OptionText`, `OptionBroadcastTextID`, `OptionType`, `OptionNpcFlag`, `ActionMenuID`, `ActionPoiID`, `BoxCoded`, `BoxMoney`, `BoxText`, `BoxBroadcastTextID`) VALUES ('57101', '5', '0', 'First Aid', '52066', '1', '1', '57102', '395', '0', '0', '', NULL);
INSERT INTO gossip_text (`ID`, `comment`, `text0_0`, `text0_1`, `BroadcastTextID0`, `lang0`, `Probability0`, `em0_0`, `em0_1`, `em0_2`, `em0_3`, `em0_4`, `em0_5`, `text1_0`, `text1_1`, `BroadcastTextID1`, `lang1`, `Probability1`, `em1_0`, `em1_1`, `em1_2`, `em1_3`, `em1_4`, `em1_5`, `text2_0`, `text2_1`, `BroadcastTextID2`, `lang2`, `Probability2`, `em2_0`, `em2_1`, `em2_2`, `em2_3`, `em2_4`, `em2_5`, `text3_0`, `text3_1`, `BroadcastTextID3`, `lang3`, `Probability3`, `em3_0`, `em3_1`, `em3_2`, `em3_3`, `em3_4`, `em3_5`, `text4_0`, `text4_1`, `BroadcastTextID4`, `lang4`, `Probability4`, `em4_0`, `em4_1`, `em4_2`, `em4_3`, `em4_4`, `em4_5`, `text5_0`, `text5_1`, `BroadcastTextID5`, `lang5`, `Probability5`, `em5_0`, `em5_1`, `em5_2`, `em5_3`, `em5_4`, `em5_5`, `text6_0`, `text6_1`, `BroadcastTextID6`, `lang6`, `Probability6`, `em6_0`, `em6_1`, `em6_2`, `em6_3`, `em6_4`, `em6_5`, `text7_0`, `text7_1`, `BroadcastTextID7`, `lang7`, `Probability7`, `em7_0`, `em7_1`, `em7_2`, `em7_3`, `em7_4`, `em7_5`) VALUES ('1872679', 'Imported from TC', 'There is a fisherman within our grand city... if spending time with pungent, wet, flopping abominations is your idea of a pleasant day.', 'There is a fisherman within our grand city... if spending time with pungent, wet, flopping abominations is your idea of a pleasant day.', '18576', '1', '1', '0', '0', '0', '0', '0', '0', '', '', NULL, '0', '0', '0', '0', '0', '0', '0', '0', '', '', NULL, '0', '0', '0', '0', '0', '0', '0', '0', '', '', NULL, '0', '0', '0', '0', '0', '0', '0', '0', '', '', NULL, '0', '0', '0', '0', '0', '0', '0', '0', '', '', NULL, '0', '0', '0', '0', '0', '0', '0', '0', '', '', NULL, '0', '0', '0', '0', '0', '0', '0', '0', '', '', NULL, '0', '0', '0', '0', '0', '0', '0', '0');
INSERT INTO gossip_menu (`MenuID`, `TextID`) VALUES ('8203', '1872679');
INSERT INTO gossip_menu_option (`MenuID`, `OptionID`, `OptionIcon`, `OptionText`, `OptionBroadcastTextID`, `OptionType`, `OptionNpcFlag`, `ActionMenuID`, `ActionPoiID`, `BoxCoded`, `BoxMoney`, `BoxText`, `BoxBroadcastTextID`) VALUES ('57101', '6', '0', 'Fishing', '45767', '1', '1', '8203', NULL, '0', '0', '', NULL);
INSERT INTO gossip_text (`ID`, `comment`, `text0_0`, `text0_1`, `BroadcastTextID0`, `lang0`, `Probability0`, `em0_0`, `em0_1`, `em0_2`, `em0_3`, `em0_4`, `em0_5`, `text1_0`, `text1_1`, `BroadcastTextID1`, `lang1`, `Probability1`, `em1_0`, `em1_1`, `em1_2`, `em1_3`, `em1_4`, `em1_5`, `text2_0`, `text2_1`, `BroadcastTextID2`, `lang2`, `Probability2`, `em2_0`, `em2_1`, `em2_2`, `em2_3`, `em2_4`, `em2_5`, `text3_0`, `text3_1`, `BroadcastTextID3`, `lang3`, `Probability3`, `em3_0`, `em3_1`, `em3_2`, `em3_3`, `em3_4`, `em3_5`, `text4_0`, `text4_1`, `BroadcastTextID4`, `lang4`, `Probability4`, `em4_0`, `em4_1`, `em4_2`, `em4_3`, `em4_4`, `em4_5`, `text5_0`, `text5_1`, `BroadcastTextID5`, `lang5`, `Probability5`, `em5_0`, `em5_1`, `em5_2`, `em5_3`, `em5_4`, `em5_5`, `text6_0`, `text6_1`, `BroadcastTextID6`, `lang6`, `Probability6`, `em6_0`, `em6_1`, `em6_2`, `em6_3`, `em6_4`, `em6_5`, `text7_0`, `text7_1`, `BroadcastTextID7`, `lang7`, `Probability7`, `em7_0`, `em7_1`, `em7_2`, `em7_3`, `em7_4`, `em7_5`) VALUES ('1872680', 'Imported from TC', 'Who better to have tending one\'s floral arrangements for a party than the botanist Tyniarrel? I\'m sure Saltheril pays him in wine.', 'Who better to have tending one\'s floral arrangements for a party than the botanist Tyniarrel? I\'m sure Saltheril pays him in wine.', '18577', '1', '1', '0', '0', '0', '0', '0', '0', '', '', NULL, '0', '0', '0', '0', '0', '0', '0', '0', '', '', NULL, '0', '0', '0', '0', '0', '0', '0', '0', '', '', NULL, '0', '0', '0', '0', '0', '0', '0', '0', '', '', NULL, '0', '0', '0', '0', '0', '0', '0', '0', '', '', NULL, '0', '0', '0', '0', '0', '0', '0', '0', '', '', NULL, '0', '0', '0', '0', '0', '0', '0', '0', '', '', NULL, '0', '0', '0', '0', '0', '0', '0', '0');
INSERT INTO gossip_menu (`MenuID`, `TextID`) VALUES ('8204', '1872680');
INSERT INTO points_of_interest (`ID`, `PositionX`, `PositionY`, `Icon`, `Flags`, `Importance`, `Name`, `VerifiedBuild`) VALUES ('396', '8678.66', '-6329.33', '6', '583', '0', 'Saltheril\'s Haven, Herbalist', '0');
INSERT INTO gossip_menu_option (`MenuID`, `OptionID`, `OptionIcon`, `OptionText`, `OptionBroadcastTextID`, `OptionType`, `OptionNpcFlag`, `ActionMenuID`, `ActionPoiID`, `BoxCoded`, `BoxMoney`, `BoxText`, `BoxBroadcastTextID`) VALUES ('57101', '7', '0', 'Herbalism', '45768', '1', '1', '8204', '396', '0', '0', '', NULL);
-- Menu 10022 is already imported as 57077
-- POI 376 is already imported
INSERT INTO gossip_menu_option (`MenuID`, `OptionID`, `OptionIcon`, `OptionText`, `OptionBroadcastTextID`, `OptionType`, `OptionNpcFlag`, `ActionMenuID`, `ActionPoiID`, `BoxCoded`, `BoxMoney`, `BoxText`, `BoxBroadcastTextID`, `patch_min`) VALUES ('57101', '8', '0', 'Inscription', '48811', '1', '1', '57077', '376', '0', '0', '', NULL, '5');
INSERT INTO gossip_text (`ID`, `comment`, `text0_0`, `text0_1`, `BroadcastTextID0`, `lang0`, `Probability0`, `em0_0`, `em0_1`, `em0_2`, `em0_3`, `em0_4`, `em0_5`, `text1_0`, `text1_1`, `BroadcastTextID1`, `lang1`, `Probability1`, `em1_0`, `em1_1`, `em1_2`, `em1_3`, `em1_4`, `em1_5`, `text2_0`, `text2_1`, `BroadcastTextID2`, `lang2`, `Probability2`, `em2_0`, `em2_1`, `em2_2`, `em2_3`, `em2_4`, `em2_5`, `text3_0`, `text3_1`, `BroadcastTextID3`, `lang3`, `Probability3`, `em3_0`, `em3_1`, `em3_2`, `em3_3`, `em3_4`, `em3_5`, `text4_0`, `text4_1`, `BroadcastTextID4`, `lang4`, `Probability4`, `em4_0`, `em4_1`, `em4_2`, `em4_3`, `em4_4`, `em4_5`, `text5_0`, `text5_1`, `BroadcastTextID5`, `lang5`, `Probability5`, `em5_0`, `em5_1`, `em5_2`, `em5_3`, `em5_4`, `em5_5`, `text6_0`, `text6_1`, `BroadcastTextID6`, `lang6`, `Probability6`, `em6_0`, `em6_1`, `em6_2`, `em6_3`, `em6_4`, `em6_5`, `text7_0`, `text7_1`, `BroadcastTextID7`, `lang7`, `Probability7`, `em7_0`, `em7_1`, `em7_2`, `em7_3`, `em7_4`, `em7_5`) VALUES ('1872681', 'Imported from TC', 'Our resident jewelcrafter, Aleinia, can be found within Delaniel\'s establishment in Falconwing Square. She might be looking for an apprentice.', 'Our resident jewelcrafter, Aleinia, can be found within Delaniel\'s establishment in Falconwing Square. She might be looking for an apprentice.', '18580', '1', '1', '0', '0', '0', '0', '0', '0', '', '', NULL, '0', '0', '0', '0', '0', '0', '0', '0', '', '', NULL, '0', '0', '0', '0', '0', '0', '0', '0', '', '', NULL, '0', '0', '0', '0', '0', '0', '0', '0', '', '', NULL, '0', '0', '0', '0', '0', '0', '0', '0', '', '', NULL, '0', '0', '0', '0', '0', '0', '0', '0', '', '', NULL, '0', '0', '0', '0', '0', '0', '0', '0', '', '', NULL, '0', '0', '0', '0', '0', '0', '0', '0');
INSERT INTO gossip_menu (`MenuID`, `TextID`) VALUES ('8208', '1872681');
INSERT INTO points_of_interest (`ID`, `PositionX`, `PositionY`, `Icon`, `Flags`, `Importance`, `Name`, `VerifiedBuild`) VALUES ('397', '9484.8', '-6876.82', '6', '583', '0', 'Falconwing Square, Jewelcrafter', '0');
INSERT INTO gossip_menu_option (`MenuID`, `OptionID`, `OptionIcon`, `OptionText`, `OptionBroadcastTextID`, `OptionType`, `OptionNpcFlag`, `ActionMenuID`, `ActionPoiID`, `BoxCoded`, `BoxMoney`, `BoxText`, `BoxBroadcastTextID`) VALUES ('57101', '9', '0', 'Jewelcrafting', '45758', '1', '1', '8208', '397', '0', '0', '', NULL);
INSERT INTO gossip_text (`ID`, `comment`, `text0_0`, `text0_1`, `BroadcastTextID0`, `lang0`, `Probability0`, `em0_0`, `em0_1`, `em0_2`, `em0_3`, `em0_4`, `em0_5`, `text1_0`, `text1_1`, `BroadcastTextID1`, `lang1`, `Probability1`, `em1_0`, `em1_1`, `em1_2`, `em1_3`, `em1_4`, `em1_5`, `text2_0`, `text2_1`, `BroadcastTextID2`, `lang2`, `Probability2`, `em2_0`, `em2_1`, `em2_2`, `em2_3`, `em2_4`, `em2_5`, `text3_0`, `text3_1`, `BroadcastTextID3`, `lang3`, `Probability3`, `em3_0`, `em3_1`, `em3_2`, `em3_3`, `em3_4`, `em3_5`, `text4_0`, `text4_1`, `BroadcastTextID4`, `lang4`, `Probability4`, `em4_0`, `em4_1`, `em4_2`, `em4_3`, `em4_4`, `em4_5`, `text5_0`, `text5_1`, `BroadcastTextID5`, `lang5`, `Probability5`, `em5_0`, `em5_1`, `em5_2`, `em5_3`, `em5_4`, `em5_5`, `text6_0`, `text6_1`, `BroadcastTextID6`, `lang6`, `Probability6`, `em6_0`, `em6_1`, `em6_2`, `em6_3`, `em6_4`, `em6_5`, `text7_0`, `text7_1`, `BroadcastTextID7`, `lang7`, `Probability7`, `em7_0`, `em7_1`, `em7_2`, `em7_3`, `em7_4`, `em7_5`) VALUES ('1872682', 'Imported from TC', 'Sathein finds the lynx hides in Eversong perfect for his creations. You should speak to him - he stands with Mathreyn just southwest of the Magister\'s Gate.', 'Sathein finds the lynx hides in Eversong perfect for his creations. You should speak to him - he stands with Mathreyn just southwest of the Magister\'s Gate.', '18581', '1', '1', '0', '0', '0', '0', '0', '0', '', '', NULL, '0', '0', '0', '0', '0', '0', '0', '0', '', '', NULL, '0', '0', '0', '0', '0', '0', '0', '0', '', '', NULL, '0', '0', '0', '0', '0', '0', '0', '0', '', '', NULL, '0', '0', '0', '0', '0', '0', '0', '0', '', '', NULL, '0', '0', '0', '0', '0', '0', '0', '0', '', '', NULL, '0', '0', '0', '0', '0', '0', '0', '0', '', '', NULL, '0', '0', '0', '0', '0', '0', '0', '0');
INSERT INTO gossip_menu (`MenuID`, `TextID`) VALUES ('8209', '1872682');
INSERT INTO points_of_interest (`ID`, `PositionX`, `PositionY`, `Icon`, `Flags`, `Importance`, `Name`, `VerifiedBuild`) VALUES ('398', '9363.7', '-7130.73', '6', '583', '0', 'Eversong Woods, Leatherworker', '0');
INSERT INTO gossip_menu_option (`MenuID`, `OptionID`, `OptionIcon`, `OptionText`, `OptionBroadcastTextID`, `OptionType`, `OptionNpcFlag`, `ActionMenuID`, `ActionPoiID`, `BoxCoded`, `BoxMoney`, `BoxText`, `BoxBroadcastTextID`) VALUES ('57101', '10', '0', 'Leatherworking', '52071', '1', '1', '8209', '398', '0', '0', '', NULL);
INSERT INTO gossip_text (`ID`, `comment`, `text0_0`, `text0_1`, `BroadcastTextID0`, `lang0`, `Probability0`, `em0_0`, `em0_1`, `em0_2`, `em0_3`, `em0_4`, `em0_5`, `text1_0`, `text1_1`, `BroadcastTextID1`, `lang1`, `Probability1`, `em1_0`, `em1_1`, `em1_2`, `em1_3`, `em1_4`, `em1_5`, `text2_0`, `text2_1`, `BroadcastTextID2`, `lang2`, `Probability2`, `em2_0`, `em2_1`, `em2_2`, `em2_3`, `em2_4`, `em2_5`, `text3_0`, `text3_1`, `BroadcastTextID3`, `lang3`, `Probability3`, `em3_0`, `em3_1`, `em3_2`, `em3_3`, `em3_4`, `em3_5`, `text4_0`, `text4_1`, `BroadcastTextID4`, `lang4`, `Probability4`, `em4_0`, `em4_1`, `em4_2`, `em4_3`, `em4_4`, `em4_5`, `text5_0`, `text5_1`, `BroadcastTextID5`, `lang5`, `Probability5`, `em5_0`, `em5_1`, `em5_2`, `em5_3`, `em5_4`, `em5_5`, `text6_0`, `text6_1`, `BroadcastTextID6`, `lang6`, `Probability6`, `em6_0`, `em6_1`, `em6_2`, `em6_3`, `em6_4`, `em6_5`, `text7_0`, `text7_1`, `BroadcastTextID7`, `lang7`, `Probability7`, `em7_0`, `em7_1`, `em7_2`, `em7_3`, `em7_4`, `em7_5`) VALUES ('1872683', 'Imported from TC', 'The miners can be found within Silvermoon City, no doubt close to the odiferous forges where they smelt their gains.', 'The miners can be found within Silvermoon City, no doubt close to the odiferous forges where they smelt their gains.', '18582', '1', '1', '0', '0', '0', '0', '0', '0', '', '', NULL, '0', '0', '0', '0', '0', '0', '0', '0', '', '', NULL, '0', '0', '0', '0', '0', '0', '0', '0', '', '', NULL, '0', '0', '0', '0', '0', '0', '0', '0', '', '', NULL, '0', '0', '0', '0', '0', '0', '0', '0', '', '', NULL, '0', '0', '0', '0', '0', '0', '0', '0', '', '', NULL, '0', '0', '0', '0', '0', '0', '0', '0', '', '', NULL, '0', '0', '0', '0', '0', '0', '0', '0');
INSERT INTO gossip_menu (`MenuID`, `TextID`) VALUES ('8210', '1872683');
INSERT INTO gossip_menu_option (`MenuID`, `OptionID`, `OptionIcon`, `OptionText`, `OptionBroadcastTextID`, `OptionType`, `OptionNpcFlag`, `ActionMenuID`, `ActionPoiID`, `BoxCoded`, `BoxMoney`, `BoxText`, `BoxBroadcastTextID`) VALUES ('57101', '11', '0', 'Mining', '51348', '1', '1', '8210', NULL, '0', '0', '', NULL);
INSERT INTO gossip_text (`ID`, `comment`, `text0_0`, `text0_1`, `BroadcastTextID0`, `lang0`, `Probability0`, `em0_0`, `em0_1`, `em0_2`, `em0_3`, `em0_4`, `em0_5`, `text1_0`, `text1_1`, `BroadcastTextID1`, `lang1`, `Probability1`, `em1_0`, `em1_1`, `em1_2`, `em1_3`, `em1_4`, `em1_5`, `text2_0`, `text2_1`, `BroadcastTextID2`, `lang2`, `Probability2`, `em2_0`, `em2_1`, `em2_2`, `em2_3`, `em2_4`, `em2_5`, `text3_0`, `text3_1`, `BroadcastTextID3`, `lang3`, `Probability3`, `em3_0`, `em3_1`, `em3_2`, `em3_3`, `em3_4`, `em3_5`, `text4_0`, `text4_1`, `BroadcastTextID4`, `lang4`, `Probability4`, `em4_0`, `em4_1`, `em4_2`, `em4_3`, `em4_4`, `em4_5`, `text5_0`, `text5_1`, `BroadcastTextID5`, `lang5`, `Probability5`, `em5_0`, `em5_1`, `em5_2`, `em5_3`, `em5_4`, `em5_5`, `text6_0`, `text6_1`, `BroadcastTextID6`, `lang6`, `Probability6`, `em6_0`, `em6_1`, `em6_2`, `em6_3`, `em6_4`, `em6_5`, `text7_0`, `text7_1`, `BroadcastTextID7`, `lang7`, `Probability7`, `em7_0`, `em7_1`, `em7_2`, `em7_3`, `em7_4`, `em7_5`) VALUES ('1872684', 'Imported from TC', 'Mathreyn is skilled in the barbaric practice of skinning, if that is truly your wont. He supplies Sathein with hides; you can find them both just southwest of the Magister\'s Gate.', 'Mathreyn is skilled in the barbaric practice of skinning, if that is truly your wont. He supplies Sathein with hides; you can find them both just southwest of the Magister\'s Gate.', '18583', '1', '1', '0', '0', '0', '0', '0', '0', '', '', NULL, '0', '0', '0', '0', '0', '0', '0', '0', '', '', NULL, '0', '0', '0', '0', '0', '0', '0', '0', '', '', NULL, '0', '0', '0', '0', '0', '0', '0', '0', '', '', NULL, '0', '0', '0', '0', '0', '0', '0', '0', '', '', NULL, '0', '0', '0', '0', '0', '0', '0', '0', '', '', NULL, '0', '0', '0', '0', '0', '0', '0', '0', '', '', NULL, '0', '0', '0', '0', '0', '0', '0', '0');
INSERT INTO gossip_menu (`MenuID`, `TextID`) VALUES ('8211', '1872684');
INSERT INTO points_of_interest (`ID`, `PositionX`, `PositionY`, `Icon`, `Flags`, `Importance`, `Name`, `VerifiedBuild`) VALUES ('399', '9362.82', '-7134.61', '6', '583', '0', 'Eversong Woods, Skinner', '0');
INSERT INTO gossip_menu_option (`MenuID`, `OptionID`, `OptionIcon`, `OptionText`, `OptionBroadcastTextID`, `OptionType`, `OptionNpcFlag`, `ActionMenuID`, `ActionPoiID`, `BoxCoded`, `BoxMoney`, `BoxText`, `BoxBroadcastTextID`) VALUES ('57101', '12', '0', 'Skinning', '52076', '1', '1', '8211', '399', '0', '0', '', NULL);
-- Importing menu 8212 as 57103
INSERT INTO gossip_text (`ID`, `comment`, `text0_0`, `text0_1`, `BroadcastTextID0`, `lang0`, `Probability0`, `em0_0`, `em0_1`, `em0_2`, `em0_3`, `em0_4`, `em0_5`, `text1_0`, `text1_1`, `BroadcastTextID1`, `lang1`, `Probability1`, `em1_0`, `em1_1`, `em1_2`, `em1_3`, `em1_4`, `em1_5`, `text2_0`, `text2_1`, `BroadcastTextID2`, `lang2`, `Probability2`, `em2_0`, `em2_1`, `em2_2`, `em2_3`, `em2_4`, `em2_5`, `text3_0`, `text3_1`, `BroadcastTextID3`, `lang3`, `Probability3`, `em3_0`, `em3_1`, `em3_2`, `em3_3`, `em3_4`, `em3_5`, `text4_0`, `text4_1`, `BroadcastTextID4`, `lang4`, `Probability4`, `em4_0`, `em4_1`, `em4_2`, `em4_3`, `em4_4`, `em4_5`, `text5_0`, `text5_1`, `BroadcastTextID5`, `lang5`, `Probability5`, `em5_0`, `em5_1`, `em5_2`, `em5_3`, `em5_4`, `em5_5`, `text6_0`, `text6_1`, `BroadcastTextID6`, `lang6`, `Probability6`, `em6_0`, `em6_1`, `em6_2`, `em6_3`, `em6_4`, `em6_5`, `text7_0`, `text7_1`, `BroadcastTextID7`, `lang7`, `Probability7`, `em7_0`, `em7_1`, `em7_2`, `em7_3`, `em7_4`, `em7_5`) VALUES ('1872685', 'Imported from TC', 'The good sempstress is of late occupied at Saltheril\'s Haven; her prowess with a needle and thread is assuredly appreciated there.', 'The good sempstress is of late occupied at Saltheril\'s Haven; her prowess with a needle and thread is assuredly appreciated there.', '18584', '1', '1', '0', '0', '0', '0', '0', '0', '', '', NULL, '0', '0', '0', '0', '0', '0', '0', '0', '', '', NULL, '0', '0', '0', '0', '0', '0', '0', '0', '', '', NULL, '0', '0', '0', '0', '0', '0', '0', '0', '', '', NULL, '0', '0', '0', '0', '0', '0', '0', '0', '', '', NULL, '0', '0', '0', '0', '0', '0', '0', '0', '', '', NULL, '0', '0', '0', '0', '0', '0', '0', '0', '', '', NULL, '0', '0', '0', '0', '0', '0', '0', '0');
INSERT INTO gossip_menu (`MenuID`, `TextID`) VALUES ('57103', '1872685');
INSERT INTO points_of_interest (`ID`, `PositionX`, `PositionY`, `Icon`, `Flags`, `Importance`, `Name`, `VerifiedBuild`) VALUES ('400', '8680.7', '-6327.05', '6', '583', '0', 'Saltheril\'s Haven, Tailor', '0');
INSERT INTO gossip_menu_option (`MenuID`, `OptionID`, `OptionIcon`, `OptionText`, `OptionBroadcastTextID`, `OptionType`, `OptionNpcFlag`, `ActionMenuID`, `ActionPoiID`, `BoxCoded`, `BoxMoney`, `BoxText`, `BoxBroadcastTextID`) VALUES ('57101', '13', '0', 'Tailoring', '52077', '1', '1', '57103', '400', '0', '0', '', NULL);
INSERT INTO gossip_menu_option (`MenuID`, `OptionID`, `OptionIcon`, `OptionText`, `OptionBroadcastTextID`, `OptionType`, `OptionNpcFlag`, `ActionMenuID`, `ActionPoiID`, `BoxCoded`, `BoxMoney`, `BoxText`, `BoxBroadcastTextID`) VALUES ('8185', '5', '0', 'Profession Trainer', '45382', '1', '1', '57101', NULL, '0', '0', '', NULL);
UPDATE creature_template SET npcflag = (npcflag | 1), gossip_menu_id = 8185 WHERE entry = 16221;
DELETE FROM gossip_menu WHERE MenuID = 10180;


-- Importing creature gossip with entry 10181 (Lady Sylvanas Windrunner) with import type GOSSIP
-- Importing menu 8217 as 57104
-- Text 10212 already present in Sun DB
INSERT INTO gossip_menu (`MenuID`, `TextID`) VALUES ('57104', '10212');
UPDATE creature_template SET npcflag = (npcflag | 1), gossip_menu_id = 57104 WHERE entry = 10181;


-- Importing creature gossip with entry 19687 (Shattrath City Peacekeeper) with import type GOSSIP
INSERT INTO gossip_text (`ID`, `comment`, `text0_0`, `text0_1`, `BroadcastTextID0`, `lang0`, `Probability0`, `em0_0`, `em0_1`, `em0_2`, `em0_3`, `em0_4`, `em0_5`, `text1_0`, `text1_1`, `BroadcastTextID1`, `lang1`, `Probability1`, `em1_0`, `em1_1`, `em1_2`, `em1_3`, `em1_4`, `em1_5`, `text2_0`, `text2_1`, `BroadcastTextID2`, `lang2`, `Probability2`, `em2_0`, `em2_1`, `em2_2`, `em2_3`, `em2_4`, `em2_5`, `text3_0`, `text3_1`, `BroadcastTextID3`, `lang3`, `Probability3`, `em3_0`, `em3_1`, `em3_2`, `em3_3`, `em3_4`, `em3_5`, `text4_0`, `text4_1`, `BroadcastTextID4`, `lang4`, `Probability4`, `em4_0`, `em4_1`, `em4_2`, `em4_3`, `em4_4`, `em4_5`, `text5_0`, `text5_1`, `BroadcastTextID5`, `lang5`, `Probability5`, `em5_0`, `em5_1`, `em5_2`, `em5_3`, `em5_4`, `em5_5`, `text6_0`, `text6_1`, `BroadcastTextID6`, `lang6`, `Probability6`, `em6_0`, `em6_1`, `em6_2`, `em6_3`, `em6_4`, `em6_5`, `text7_0`, `text7_1`, `BroadcastTextID7`, `lang7`, `Probability7`, `em7_0`, `em7_1`, `em7_2`, `em7_3`, `em7_4`, `em7_5`) VALUES ('1872686', 'Imported from TC', 'Welcome to Shattrath City, seat of the Sha\'tar in Outland. You seek guidance?', 'Welcome to Shattrath City, seat of the Sha\'tar in Outland. You seek guidance?', '18968', '0', '1', '0', '1', '0', '0', '0', '0', '', '', NULL, '0', '0', '0', '0', '0', '0', '0', '0', '', '', NULL, '0', '0', '0', '0', '0', '0', '0', '0', '', '', NULL, '0', '0', '0', '0', '0', '0', '0', '0', '', '', NULL, '0', '0', '0', '0', '0', '0', '0', '0', '', '', NULL, '0', '0', '0', '0', '0', '0', '0', '0', '', '', NULL, '0', '0', '0', '0', '0', '0', '0', '0', '', '', NULL, '0', '0', '0', '0', '0', '0', '0', '0');
INSERT INTO gossip_menu (`MenuID`, `TextID`) VALUES ('8282', '1872686');
INSERT INTO gossip_text (`ID`, `comment`, `text0_0`, `text0_1`, `BroadcastTextID0`, `lang0`, `Probability0`, `em0_0`, `em0_1`, `em0_2`, `em0_3`, `em0_4`, `em0_5`, `text1_0`, `text1_1`, `BroadcastTextID1`, `lang1`, `Probability1`, `em1_0`, `em1_1`, `em1_2`, `em1_3`, `em1_4`, `em1_5`, `text2_0`, `text2_1`, `BroadcastTextID2`, `lang2`, `Probability2`, `em2_0`, `em2_1`, `em2_2`, `em2_3`, `em2_4`, `em2_5`, `text3_0`, `text3_1`, `BroadcastTextID3`, `lang3`, `Probability3`, `em3_0`, `em3_1`, `em3_2`, `em3_3`, `em3_4`, `em3_5`, `text4_0`, `text4_1`, `BroadcastTextID4`, `lang4`, `Probability4`, `em4_0`, `em4_1`, `em4_2`, `em4_3`, `em4_4`, `em4_5`, `text5_0`, `text5_1`, `BroadcastTextID5`, `lang5`, `Probability5`, `em5_0`, `em5_1`, `em5_2`, `em5_3`, `em5_4`, `em5_5`, `text6_0`, `text6_1`, `BroadcastTextID6`, `lang6`, `Probability6`, `em6_0`, `em6_1`, `em6_2`, `em6_3`, `em6_4`, `em6_5`, `text7_0`, `text7_1`, `BroadcastTextID7`, `lang7`, `Probability7`, `em7_0`, `em7_1`, `em7_2`, `em7_3`, `em7_4`, `em7_5`) VALUES ('1872687', 'Imported from TC', 'The World\'s End Tavern may be found in the easternmost portion of the lower city.', 'The World\'s End Tavern may be found in the easternmost portion of the lower city.', '19242', '0', '1', '0', '1', '0', '0', '0', '0', '', '', NULL, '0', '0', '0', '0', '0', '0', '0', '0', '', '', NULL, '0', '0', '0', '0', '0', '0', '0', '0', '', '', NULL, '0', '0', '0', '0', '0', '0', '0', '0', '', '', NULL, '0', '0', '0', '0', '0', '0', '0', '0', '', '', NULL, '0', '0', '0', '0', '0', '0', '0', '0', '', '', NULL, '0', '0', '0', '0', '0', '0', '0', '0', '', '', NULL, '0', '0', '0', '0', '0', '0', '0', '0');
INSERT INTO gossip_menu (`MenuID`, `TextID`) VALUES ('8329', '1872687');
INSERT INTO points_of_interest (`ID`, `PositionX`, `PositionY`, `Icon`, `Flags`, `Importance`, `Name`, `VerifiedBuild`) VALUES ('240', '-1758.28', '5162.92', '6', '99', '0', 'Shattrath Cantina', '0');
INSERT INTO gossip_menu_option (`MenuID`, `OptionID`, `OptionIcon`, `OptionText`, `OptionBroadcastTextID`, `OptionType`, `OptionNpcFlag`, `ActionMenuID`, `ActionPoiID`, `BoxCoded`, `BoxMoney`, `BoxText`, `BoxBroadcastTextID`) VALUES ('8282', '0', '0', 'World\'s End Tavern', '19241', '1', '1', '8329', '240', '0', '0', '', NULL);
INSERT INTO gossip_text (`ID`, `comment`, `text0_0`, `text0_1`, `BroadcastTextID0`, `lang0`, `Probability0`, `em0_0`, `em0_1`, `em0_2`, `em0_3`, `em0_4`, `em0_5`, `text1_0`, `text1_1`, `BroadcastTextID1`, `lang1`, `Probability1`, `em1_0`, `em1_1`, `em1_2`, `em1_3`, `em1_4`, `em1_5`, `text2_0`, `text2_1`, `BroadcastTextID2`, `lang2`, `Probability2`, `em2_0`, `em2_1`, `em2_2`, `em2_3`, `em2_4`, `em2_5`, `text3_0`, `text3_1`, `BroadcastTextID3`, `lang3`, `Probability3`, `em3_0`, `em3_1`, `em3_2`, `em3_3`, `em3_4`, `em3_5`, `text4_0`, `text4_1`, `BroadcastTextID4`, `lang4`, `Probability4`, `em4_0`, `em4_1`, `em4_2`, `em4_3`, `em4_4`, `em4_5`, `text5_0`, `text5_1`, `BroadcastTextID5`, `lang5`, `Probability5`, `em5_0`, `em5_1`, `em5_2`, `em5_3`, `em5_4`, `em5_5`, `text6_0`, `text6_1`, `BroadcastTextID6`, `lang6`, `Probability6`, `em6_0`, `em6_1`, `em6_2`, `em6_3`, `em6_4`, `em6_5`, `text7_0`, `text7_1`, `BroadcastTextID7`, `lang7`, `Probability7`, `em7_0`, `em7_1`, `em7_2`, `em7_3`, `em7_4`, `em7_5`) VALUES ('1872688', 'Imported from TC', 'There are two banks in Shattrath, both along the rim of the central city hub. One is run by the draenei Aldor, the other by the blood elf Scryers.', 'There are two banks in Shattrath, both along the rim of the central city hub. One is run by the draenei Aldor, the other by the blood elf Scryers.', '19211', '0', '1', '0', '1', '0', '0', '0', '0', '', '', NULL, '0', '0', '0', '0', '0', '0', '0', '0', '', '', NULL, '0', '0', '0', '0', '0', '0', '0', '0', '', '', NULL, '0', '0', '0', '0', '0', '0', '0', '0', '', '', NULL, '0', '0', '0', '0', '0', '0', '0', '0', '', '', NULL, '0', '0', '0', '0', '0', '0', '0', '0', '', '', NULL, '0', '0', '0', '0', '0', '0', '0', '0', '', '', NULL, '0', '0', '0', '0', '0', '0', '0', '0');
INSERT INTO gossip_menu (`MenuID`, `TextID`) VALUES ('8315', '1872688');
INSERT INTO gossip_text (`ID`, `comment`, `text0_0`, `text0_1`, `BroadcastTextID0`, `lang0`, `Probability0`, `em0_0`, `em0_1`, `em0_2`, `em0_3`, `em0_4`, `em0_5`, `text1_0`, `text1_1`, `BroadcastTextID1`, `lang1`, `Probability1`, `em1_0`, `em1_1`, `em1_2`, `em1_3`, `em1_4`, `em1_5`, `text2_0`, `text2_1`, `BroadcastTextID2`, `lang2`, `Probability2`, `em2_0`, `em2_1`, `em2_2`, `em2_3`, `em2_4`, `em2_5`, `text3_0`, `text3_1`, `BroadcastTextID3`, `lang3`, `Probability3`, `em3_0`, `em3_1`, `em3_2`, `em3_3`, `em3_4`, `em3_5`, `text4_0`, `text4_1`, `BroadcastTextID4`, `lang4`, `Probability4`, `em4_0`, `em4_1`, `em4_2`, `em4_3`, `em4_4`, `em4_5`, `text5_0`, `text5_1`, `BroadcastTextID5`, `lang5`, `Probability5`, `em5_0`, `em5_1`, `em5_2`, `em5_3`, `em5_4`, `em5_5`, `text6_0`, `text6_1`, `BroadcastTextID6`, `lang6`, `Probability6`, `em6_0`, `em6_1`, `em6_2`, `em6_3`, `em6_4`, `em6_5`, `text7_0`, `text7_1`, `BroadcastTextID7`, `lang7`, `Probability7`, `em7_0`, `em7_1`, `em7_2`, `em7_3`, `em7_4`, `em7_5`) VALUES ('1872689', 'Imported from TC', 'The Aldor bank is located northwest of the the city\'s center.', 'The Aldor bank is located northwest of the the city\'s center.', '19214', '0', '1', '0', '1', '0', '0', '0', '0', '', '', NULL, '0', '0', '0', '0', '0', '0', '0', '0', '', '', NULL, '0', '0', '0', '0', '0', '0', '0', '0', '', '', NULL, '0', '0', '0', '0', '0', '0', '0', '0', '', '', NULL, '0', '0', '0', '0', '0', '0', '0', '0', '', '', NULL, '0', '0', '0', '0', '0', '0', '0', '0', '', '', NULL, '0', '0', '0', '0', '0', '0', '0', '0', '', '', NULL, '0', '0', '0', '0', '0', '0', '0', '0');
INSERT INTO gossip_menu (`MenuID`, `TextID`) VALUES ('8313', '1872689');
INSERT INTO points_of_interest (`ID`, `PositionX`, `PositionY`, `Icon`, `Flags`, `Importance`, `Name`, `VerifiedBuild`) VALUES ('260', '-1725.93', '5498.33', '6', '99', '0', 'Shattrath Bank Aldor', '0');
INSERT INTO gossip_menu_option (`MenuID`, `OptionID`, `OptionIcon`, `OptionText`, `OptionBroadcastTextID`, `OptionType`, `OptionNpcFlag`, `ActionMenuID`, `ActionPoiID`, `BoxCoded`, `BoxMoney`, `BoxText`, `BoxBroadcastTextID`) VALUES ('8315', '0', '0', 'Aldor Bank', '19212', '1', '1', '8313', '260', '0', '0', '', NULL);
INSERT INTO gossip_text (`ID`, `comment`, `text0_0`, `text0_1`, `BroadcastTextID0`, `lang0`, `Probability0`, `em0_0`, `em0_1`, `em0_2`, `em0_3`, `em0_4`, `em0_5`, `text1_0`, `text1_1`, `BroadcastTextID1`, `lang1`, `Probability1`, `em1_0`, `em1_1`, `em1_2`, `em1_3`, `em1_4`, `em1_5`, `text2_0`, `text2_1`, `BroadcastTextID2`, `lang2`, `Probability2`, `em2_0`, `em2_1`, `em2_2`, `em2_3`, `em2_4`, `em2_5`, `text3_0`, `text3_1`, `BroadcastTextID3`, `lang3`, `Probability3`, `em3_0`, `em3_1`, `em3_2`, `em3_3`, `em3_4`, `em3_5`, `text4_0`, `text4_1`, `BroadcastTextID4`, `lang4`, `Probability4`, `em4_0`, `em4_1`, `em4_2`, `em4_3`, `em4_4`, `em4_5`, `text5_0`, `text5_1`, `BroadcastTextID5`, `lang5`, `Probability5`, `em5_0`, `em5_1`, `em5_2`, `em5_3`, `em5_4`, `em5_5`, `text6_0`, `text6_1`, `BroadcastTextID6`, `lang6`, `Probability6`, `em6_0`, `em6_1`, `em6_2`, `em6_3`, `em6_4`, `em6_5`, `text7_0`, `text7_1`, `BroadcastTextID7`, `lang7`, `Probability7`, `em7_0`, `em7_1`, `em7_2`, `em7_3`, `em7_4`, `em7_5`) VALUES ('1872690', 'Imported from TC', 'The Scryers bank is located southeast of the city\'s center.', 'The Scryers bank is located southeast of the city\'s center.', '19215', '0', '1', '0', '1', '0', '0', '0', '0', '', '', NULL, '0', '0', '0', '0', '0', '0', '0', '0', '', '', NULL, '0', '0', '0', '0', '0', '0', '0', '0', '', '', NULL, '0', '0', '0', '0', '0', '0', '0', '0', '', '', NULL, '0', '0', '0', '0', '0', '0', '0', '0', '', '', NULL, '0', '0', '0', '0', '0', '0', '0', '0', '', '', NULL, '0', '0', '0', '0', '0', '0', '0', '0', '', '', NULL, '0', '0', '0', '0', '0', '0', '0', '0');
INSERT INTO gossip_menu (`MenuID`, `TextID`) VALUES ('8314', '1872690');
INSERT INTO points_of_interest (`ID`, `PositionX`, `PositionY`, `Icon`, `Flags`, `Importance`, `Name`, `VerifiedBuild`) VALUES ('241', '-2002.22', '5360.94', '6', '99', '0', 'Shattrath Bank Scryer', '0');
INSERT INTO gossip_menu_option (`MenuID`, `OptionID`, `OptionIcon`, `OptionText`, `OptionBroadcastTextID`, `OptionType`, `OptionNpcFlag`, `ActionMenuID`, `ActionPoiID`, `BoxCoded`, `BoxMoney`, `BoxText`, `BoxBroadcastTextID`) VALUES ('8315', '1', '0', 'Scryers Bank', '19213', '1', '1', '8314', '241', '0', '0', '', NULL);
INSERT INTO gossip_menu_option (`MenuID`, `OptionID`, `OptionIcon`, `OptionText`, `OptionBroadcastTextID`, `OptionType`, `OptionNpcFlag`, `ActionMenuID`, `ActionPoiID`, `BoxCoded`, `BoxMoney`, `BoxText`, `BoxBroadcastTextID`) VALUES ('8282', '1', '0', 'Bank', '44628', '1', '1', '8315', NULL, '0', '0', '', NULL);
INSERT INTO gossip_text (`ID`, `comment`, `text0_0`, `text0_1`, `BroadcastTextID0`, `lang0`, `Probability0`, `em0_0`, `em0_1`, `em0_2`, `em0_3`, `em0_4`, `em0_5`, `text1_0`, `text1_1`, `BroadcastTextID1`, `lang1`, `Probability1`, `em1_0`, `em1_1`, `em1_2`, `em1_3`, `em1_4`, `em1_5`, `text2_0`, `text2_1`, `BroadcastTextID2`, `lang2`, `Probability2`, `em2_0`, `em2_1`, `em2_2`, `em2_3`, `em2_4`, `em2_5`, `text3_0`, `text3_1`, `BroadcastTextID3`, `lang3`, `Probability3`, `em3_0`, `em3_1`, `em3_2`, `em3_3`, `em3_4`, `em3_5`, `text4_0`, `text4_1`, `BroadcastTextID4`, `lang4`, `Probability4`, `em4_0`, `em4_1`, `em4_2`, `em4_3`, `em4_4`, `em4_5`, `text5_0`, `text5_1`, `BroadcastTextID5`, `lang5`, `Probability5`, `em5_0`, `em5_1`, `em5_2`, `em5_3`, `em5_4`, `em5_5`, `text6_0`, `text6_1`, `BroadcastTextID6`, `lang6`, `Probability6`, `em6_0`, `em6_1`, `em6_2`, `em6_3`, `em6_4`, `em6_5`, `text7_0`, `text7_1`, `BroadcastTextID7`, `lang7`, `Probability7`, `em7_0`, `em7_1`, `em7_2`, `em7_3`, `em7_4`, `em7_5`) VALUES ('1872691', 'Imported from TC', 'Shattrath\'s inns are full of wounded refugees. Still, there is room among the draenei Aldor and blood elf Scryers on Aldor Rise and Scryer\'s Tier.', 'Shattrath\'s inns are full of wounded refugees. Still, there is room among the draenei Aldor and blood elf Scryers on Aldor Rise and Scryer\'s Tier.', '19216', '0', '1', '0', '1', '0', '0', '0', '0', '', '', NULL, '0', '0', '0', '0', '0', '0', '0', '0', '', '', NULL, '0', '0', '0', '0', '0', '0', '0', '0', '', '', NULL, '0', '0', '0', '0', '0', '0', '0', '0', '', '', NULL, '0', '0', '0', '0', '0', '0', '0', '0', '', '', NULL, '0', '0', '0', '0', '0', '0', '0', '0', '', '', NULL, '0', '0', '0', '0', '0', '0', '0', '0', '', '', NULL, '0', '0', '0', '0', '0', '0', '0', '0');
INSERT INTO gossip_menu (`MenuID`, `TextID`) VALUES ('8317', '1872691');
INSERT INTO gossip_text (`ID`, `comment`, `text0_0`, `text0_1`, `BroadcastTextID0`, `lang0`, `Probability0`, `em0_0`, `em0_1`, `em0_2`, `em0_3`, `em0_4`, `em0_5`, `text1_0`, `text1_1`, `BroadcastTextID1`, `lang1`, `Probability1`, `em1_0`, `em1_1`, `em1_2`, `em1_3`, `em1_4`, `em1_5`, `text2_0`, `text2_1`, `BroadcastTextID2`, `lang2`, `Probability2`, `em2_0`, `em2_1`, `em2_2`, `em2_3`, `em2_4`, `em2_5`, `text3_0`, `text3_1`, `BroadcastTextID3`, `lang3`, `Probability3`, `em3_0`, `em3_1`, `em3_2`, `em3_3`, `em3_4`, `em3_5`, `text4_0`, `text4_1`, `BroadcastTextID4`, `lang4`, `Probability4`, `em4_0`, `em4_1`, `em4_2`, `em4_3`, `em4_4`, `em4_5`, `text5_0`, `text5_1`, `BroadcastTextID5`, `lang5`, `Probability5`, `em5_0`, `em5_1`, `em5_2`, `em5_3`, `em5_4`, `em5_5`, `text6_0`, `text6_1`, `BroadcastTextID6`, `lang6`, `Probability6`, `em6_0`, `em6_1`, `em6_2`, `em6_3`, `em6_4`, `em6_5`, `text7_0`, `text7_1`, `BroadcastTextID7`, `lang7`, `Probability7`, `em7_0`, `em7_1`, `em7_2`, `em7_3`, `em7_4`, `em7_5`) VALUES ('1872692', 'Imported from TC', 'The Aldor inn is located high above Shattrath city, on Aldor Rise. The lift to there is northwest of the city center.', 'The Aldor inn is located high above Shattrath city, on Aldor Rise. The lift to there is northwest of the city center.', '19219', '0', '1', '0', '1', '0', '0', '0', '0', '', '', NULL, '0', '0', '0', '0', '0', '0', '0', '0', '', '', NULL, '0', '0', '0', '0', '0', '0', '0', '0', '', '', NULL, '0', '0', '0', '0', '0', '0', '0', '0', '', '', NULL, '0', '0', '0', '0', '0', '0', '0', '0', '', '', NULL, '0', '0', '0', '0', '0', '0', '0', '0', '', '', NULL, '0', '0', '0', '0', '0', '0', '0', '0', '', '', NULL, '0', '0', '0', '0', '0', '0', '0', '0');
INSERT INTO gossip_menu (`MenuID`, `TextID`) VALUES ('8316', '1872692');
INSERT INTO points_of_interest (`ID`, `PositionX`, `PositionY`, `Icon`, `Flags`, `Importance`, `Name`, `VerifiedBuild`) VALUES ('261', '-1900.6', '5769.12', '6', '99', '0', 'Shattrath Inn Aldor', '0');
INSERT INTO gossip_menu_option (`MenuID`, `OptionID`, `OptionIcon`, `OptionText`, `OptionBroadcastTextID`, `OptionType`, `OptionNpcFlag`, `ActionMenuID`, `ActionPoiID`, `BoxCoded`, `BoxMoney`, `BoxText`, `BoxBroadcastTextID`) VALUES ('8317', '0', '0', 'Aldor Inn', '19217', '1', '1', '8316', '261', '0', '0', '', NULL);
INSERT INTO gossip_text (`ID`, `comment`, `text0_0`, `text0_1`, `BroadcastTextID0`, `lang0`, `Probability0`, `em0_0`, `em0_1`, `em0_2`, `em0_3`, `em0_4`, `em0_5`, `text1_0`, `text1_1`, `BroadcastTextID1`, `lang1`, `Probability1`, `em1_0`, `em1_1`, `em1_2`, `em1_3`, `em1_4`, `em1_5`, `text2_0`, `text2_1`, `BroadcastTextID2`, `lang2`, `Probability2`, `em2_0`, `em2_1`, `em2_2`, `em2_3`, `em2_4`, `em2_5`, `text3_0`, `text3_1`, `BroadcastTextID3`, `lang3`, `Probability3`, `em3_0`, `em3_1`, `em3_2`, `em3_3`, `em3_4`, `em3_5`, `text4_0`, `text4_1`, `BroadcastTextID4`, `lang4`, `Probability4`, `em4_0`, `em4_1`, `em4_2`, `em4_3`, `em4_4`, `em4_5`, `text5_0`, `text5_1`, `BroadcastTextID5`, `lang5`, `Probability5`, `em5_0`, `em5_1`, `em5_2`, `em5_3`, `em5_4`, `em5_5`, `text6_0`, `text6_1`, `BroadcastTextID6`, `lang6`, `Probability6`, `em6_0`, `em6_1`, `em6_2`, `em6_3`, `em6_4`, `em6_5`, `text7_0`, `text7_1`, `BroadcastTextID7`, `lang7`, `Probability7`, `em7_0`, `em7_1`, `em7_2`, `em7_3`, `em7_4`, `em7_5`) VALUES ('1872693', 'Imported from TC', 'The Scryers inn is located above Shattrath city, on Scryer\'s Tier. The lift to there is southwest of the city center.', 'The Scryers inn is located above Shattrath city, on Scryer\'s Tier. The lift to there is southwest of the city center.', '19220', '0', '1', '0', '1', '0', '0', '0', '0', '', '', NULL, '0', '0', '0', '0', '0', '0', '0', '0', '', '', NULL, '0', '0', '0', '0', '0', '0', '0', '0', '', '', NULL, '0', '0', '0', '0', '0', '0', '0', '0', '', '', NULL, '0', '0', '0', '0', '0', '0', '0', '0', '', '', NULL, '0', '0', '0', '0', '0', '0', '0', '0', '', '', NULL, '0', '0', '0', '0', '0', '0', '0', '0', '', '', NULL, '0', '0', '0', '0', '0', '0', '0', '0');
INSERT INTO gossip_menu (`MenuID`, `TextID`) VALUES ('8318', '1872693');
INSERT INTO points_of_interest (`ID`, `PositionX`, `PositionY`, `Icon`, `Flags`, `Importance`, `Name`, `VerifiedBuild`) VALUES ('242', '-2183.82', '5402.48', '6', '99', '0', 'Shattrath Inn Scryer', '0');
INSERT INTO gossip_menu_option (`MenuID`, `OptionID`, `OptionIcon`, `OptionText`, `OptionBroadcastTextID`, `OptionType`, `OptionNpcFlag`, `ActionMenuID`, `ActionPoiID`, `BoxCoded`, `BoxMoney`, `BoxText`, `BoxBroadcastTextID`) VALUES ('8317', '1', '0', 'Scryers Inn', '19218', '1', '1', '8318', '242', '0', '0', '', NULL);
INSERT INTO gossip_menu_option (`MenuID`, `OptionID`, `OptionIcon`, `OptionText`, `OptionBroadcastTextID`, `OptionType`, `OptionNpcFlag`, `ActionMenuID`, `ActionPoiID`, `BoxCoded`, `BoxMoney`, `BoxText`, `BoxBroadcastTextID`) VALUES ('8282', '2', '0', 'Inn', '44629', '1', '1', '8317', NULL, '0', '0', '', NULL);
INSERT INTO gossip_text (`ID`, `comment`, `text0_0`, `text0_1`, `BroadcastTextID0`, `lang0`, `Probability0`, `em0_0`, `em0_1`, `em0_2`, `em0_3`, `em0_4`, `em0_5`, `text1_0`, `text1_1`, `BroadcastTextID1`, `lang1`, `Probability1`, `em1_0`, `em1_1`, `em1_2`, `em1_3`, `em1_4`, `em1_5`, `text2_0`, `text2_1`, `BroadcastTextID2`, `lang2`, `Probability2`, `em2_0`, `em2_1`, `em2_2`, `em2_3`, `em2_4`, `em2_5`, `text3_0`, `text3_1`, `BroadcastTextID3`, `lang3`, `Probability3`, `em3_0`, `em3_1`, `em3_2`, `em3_3`, `em3_4`, `em3_5`, `text4_0`, `text4_1`, `BroadcastTextID4`, `lang4`, `Probability4`, `em4_0`, `em4_1`, `em4_2`, `em4_3`, `em4_4`, `em4_5`, `text5_0`, `text5_1`, `BroadcastTextID5`, `lang5`, `Probability5`, `em5_0`, `em5_1`, `em5_2`, `em5_3`, `em5_4`, `em5_5`, `text6_0`, `text6_1`, `BroadcastTextID6`, `lang6`, `Probability6`, `em6_0`, `em6_1`, `em6_2`, `em6_3`, `em6_4`, `em6_5`, `text7_0`, `text7_1`, `BroadcastTextID7`, `lang7`, `Probability7`, `em7_0`, `em7_1`, `em7_2`, `em7_3`, `em7_4`, `em7_5`) VALUES ('1872694', 'Imported from TC', 'Shattrath\'s flight master is Nutral. You will find him east of the city\'s center.', 'Shattrath\'s flight master is Nutral. You will find him east of the city\'s center.', '19221', '0', '1', '0', '1', '0', '0', '0', '0', '', '', NULL, '0', '0', '0', '0', '0', '0', '0', '0', '', '', NULL, '0', '0', '0', '0', '0', '0', '0', '0', '', '', NULL, '0', '0', '0', '0', '0', '0', '0', '0', '', '', NULL, '0', '0', '0', '0', '0', '0', '0', '0', '', '', NULL, '0', '0', '0', '0', '0', '0', '0', '0', '', '', NULL, '0', '0', '0', '0', '0', '0', '0', '0', '', '', NULL, '0', '0', '0', '0', '0', '0', '0', '0');
INSERT INTO gossip_menu (`MenuID`, `TextID`) VALUES ('8319', '1872694');
INSERT INTO points_of_interest (`ID`, `PositionX`, `PositionY`, `Icon`, `Flags`, `Importance`, `Name`, `VerifiedBuild`) VALUES ('243', '-1833.51', '5300.31', '6', '99', '0', 'Shattrath Taxi', '0');
INSERT INTO gossip_menu_option (`MenuID`, `OptionID`, `OptionIcon`, `OptionText`, `OptionBroadcastTextID`, `OptionType`, `OptionNpcFlag`, `ActionMenuID`, `ActionPoiID`, `BoxCoded`, `BoxMoney`, `BoxText`, `BoxBroadcastTextID`) VALUES ('8282', '3', '0', 'Flight Master', '45379', '1', '1', '8319', '243', '0', '0', '', NULL);
INSERT INTO gossip_text (`ID`, `comment`, `text0_0`, `text0_1`, `BroadcastTextID0`, `lang0`, `Probability0`, `em0_0`, `em0_1`, `em0_2`, `em0_3`, `em0_4`, `em0_5`, `text1_0`, `text1_1`, `BroadcastTextID1`, `lang1`, `Probability1`, `em1_0`, `em1_1`, `em1_2`, `em1_3`, `em1_4`, `em1_5`, `text2_0`, `text2_1`, `BroadcastTextID2`, `lang2`, `Probability2`, `em2_0`, `em2_1`, `em2_2`, `em2_3`, `em2_4`, `em2_5`, `text3_0`, `text3_1`, `BroadcastTextID3`, `lang3`, `Probability3`, `em3_0`, `em3_1`, `em3_2`, `em3_3`, `em3_4`, `em3_5`, `text4_0`, `text4_1`, `BroadcastTextID4`, `lang4`, `Probability4`, `em4_0`, `em4_1`, `em4_2`, `em4_3`, `em4_4`, `em4_5`, `text5_0`, `text5_1`, `BroadcastTextID5`, `lang5`, `Probability5`, `em5_0`, `em5_1`, `em5_2`, `em5_3`, `em5_4`, `em5_5`, `text6_0`, `text6_1`, `BroadcastTextID6`, `lang6`, `Probability6`, `em6_0`, `em6_1`, `em6_2`, `em6_3`, `em6_4`, `em6_5`, `text7_0`, `text7_1`, `BroadcastTextID7`, `lang7`, `Probability7`, `em7_0`, `em7_1`, `em7_2`, `em7_3`, `em7_4`, `em7_5`) VALUES ('1872695', 'Imported from TC', 'You will find mailboxes within or just outside the Aldor and Scryers banks and inns.', 'You will find mailboxes within or just outside the Aldor and Scryers banks and inns.', '19222', '0', '1', '0', '1', '0', '0', '0', '0', '', '', NULL, '0', '0', '0', '0', '0', '0', '0', '0', '', '', NULL, '0', '0', '0', '0', '0', '0', '0', '0', '', '', NULL, '0', '0', '0', '0', '0', '0', '0', '0', '', '', NULL, '0', '0', '0', '0', '0', '0', '0', '0', '', '', NULL, '0', '0', '0', '0', '0', '0', '0', '0', '', '', NULL, '0', '0', '0', '0', '0', '0', '0', '0', '', '', NULL, '0', '0', '0', '0', '0', '0', '0', '0');
INSERT INTO gossip_menu (`MenuID`, `TextID`) VALUES ('8320', '1872695');
-- Menu 8313 is already imported
-- POI 260 is already imported
INSERT INTO gossip_menu_option (`MenuID`, `OptionID`, `OptionIcon`, `OptionText`, `OptionBroadcastTextID`, `OptionType`, `OptionNpcFlag`, `ActionMenuID`, `ActionPoiID`, `BoxCoded`, `BoxMoney`, `BoxText`, `BoxBroadcastTextID`) VALUES ('8320', '0', '0', 'Aldor Bank', '19212', '1', '1', '8313', '260', '0', '0', '', NULL);
-- Menu 8316 is already imported
-- POI 261 is already imported
INSERT INTO gossip_menu_option (`MenuID`, `OptionID`, `OptionIcon`, `OptionText`, `OptionBroadcastTextID`, `OptionType`, `OptionNpcFlag`, `ActionMenuID`, `ActionPoiID`, `BoxCoded`, `BoxMoney`, `BoxText`, `BoxBroadcastTextID`) VALUES ('8320', '1', '0', 'Aldor Inn', '19217', '1', '1', '8316', '261', '0', '0', '', NULL);
-- Menu 8314 is already imported
-- POI 241 is already imported
INSERT INTO gossip_menu_option (`MenuID`, `OptionID`, `OptionIcon`, `OptionText`, `OptionBroadcastTextID`, `OptionType`, `OptionNpcFlag`, `ActionMenuID`, `ActionPoiID`, `BoxCoded`, `BoxMoney`, `BoxText`, `BoxBroadcastTextID`) VALUES ('8320', '2', '0', 'Scryers Bank', '19213', '1', '1', '8314', '241', '0', '0', '', NULL);
-- Menu 8318 is already imported
-- POI 242 is already imported
INSERT INTO gossip_menu_option (`MenuID`, `OptionID`, `OptionIcon`, `OptionText`, `OptionBroadcastTextID`, `OptionType`, `OptionNpcFlag`, `ActionMenuID`, `ActionPoiID`, `BoxCoded`, `BoxMoney`, `BoxText`, `BoxBroadcastTextID`) VALUES ('8320', '3', '0', 'Scryers Inn', '19218', '1', '1', '8318', '242', '0', '0', '', NULL);
INSERT INTO gossip_menu_option (`MenuID`, `OptionID`, `OptionIcon`, `OptionText`, `OptionBroadcastTextID`, `OptionType`, `OptionNpcFlag`, `ActionMenuID`, `ActionPoiID`, `BoxCoded`, `BoxMoney`, `BoxText`, `BoxBroadcastTextID`) VALUES ('8282', '4', '0', 'Mailbox', '45381', '1', '1', '8320', NULL, '0', '0', '', NULL);
INSERT INTO gossip_text (`ID`, `comment`, `text0_0`, `text0_1`, `BroadcastTextID0`, `lang0`, `Probability0`, `em0_0`, `em0_1`, `em0_2`, `em0_3`, `em0_4`, `em0_5`, `text1_0`, `text1_1`, `BroadcastTextID1`, `lang1`, `Probability1`, `em1_0`, `em1_1`, `em1_2`, `em1_3`, `em1_4`, `em1_5`, `text2_0`, `text2_1`, `BroadcastTextID2`, `lang2`, `Probability2`, `em2_0`, `em2_1`, `em2_2`, `em2_3`, `em2_4`, `em2_5`, `text3_0`, `text3_1`, `BroadcastTextID3`, `lang3`, `Probability3`, `em3_0`, `em3_1`, `em3_2`, `em3_3`, `em3_4`, `em3_5`, `text4_0`, `text4_1`, `BroadcastTextID4`, `lang4`, `Probability4`, `em4_0`, `em4_1`, `em4_2`, `em4_3`, `em4_4`, `em4_5`, `text5_0`, `text5_1`, `BroadcastTextID5`, `lang5`, `Probability5`, `em5_0`, `em5_1`, `em5_2`, `em5_3`, `em5_4`, `em5_5`, `text6_0`, `text6_1`, `BroadcastTextID6`, `lang6`, `Probability6`, `em6_0`, `em6_1`, `em6_2`, `em6_3`, `em6_4`, `em6_5`, `text7_0`, `text7_1`, `BroadcastTextID7`, `lang7`, `Probability7`, `em7_0`, `em7_1`, `em7_2`, `em7_3`, `em7_4`, `em7_5`) VALUES ('1872696', 'Imported from TC', 'There are stable masters just outside both the draenei and blood elf inns on Aldor Rise and Scryer\'s Tier.', 'There are stable masters just outside both the draenei and blood elf inns on Aldor Rise and Scryer\'s Tier.', '19223', '0', '1', '0', '1', '0', '0', '0', '0', '', '', NULL, '0', '0', '0', '0', '0', '0', '0', '0', '', '', NULL, '0', '0', '0', '0', '0', '0', '0', '0', '', '', NULL, '0', '0', '0', '0', '0', '0', '0', '0', '', '', NULL, '0', '0', '0', '0', '0', '0', '0', '0', '', '', NULL, '0', '0', '0', '0', '0', '0', '0', '0', '', '', NULL, '0', '0', '0', '0', '0', '0', '0', '0', '', '', NULL, '0', '0', '0', '0', '0', '0', '0', '0');
INSERT INTO gossip_menu (`MenuID`, `TextID`) VALUES ('8321', '1872696');
-- Menu 8316 is already imported
INSERT INTO points_of_interest (`ID`, `PositionX`, `PositionY`, `Icon`, `Flags`, `Importance`, `Name`, `VerifiedBuild`) VALUES ('244', '-1890.23', '5759.71', '6', '99', '0', 'Shattrath Stable Aldor', '0');
INSERT INTO gossip_menu_option (`MenuID`, `OptionID`, `OptionIcon`, `OptionText`, `OptionBroadcastTextID`, `OptionType`, `OptionNpcFlag`, `ActionMenuID`, `ActionPoiID`, `BoxCoded`, `BoxMoney`, `BoxText`, `BoxBroadcastTextID`) VALUES ('8321', '0', '0', 'Aldor Stable', '19224', '1', '1', '8316', '244', '0', '0', '', NULL);
-- Menu 8318 is already imported
INSERT INTO points_of_interest (`ID`, `PositionX`, `PositionY`, `Icon`, `Flags`, `Importance`, `Name`, `VerifiedBuild`) VALUES ('245', '-2170.07', '5403.83', '6', '99', '0', 'Shattrath Stable Scryer', '0');
INSERT INTO gossip_menu_option (`MenuID`, `OptionID`, `OptionIcon`, `OptionText`, `OptionBroadcastTextID`, `OptionType`, `OptionNpcFlag`, `ActionMenuID`, `ActionPoiID`, `BoxCoded`, `BoxMoney`, `BoxText`, `BoxBroadcastTextID`) VALUES ('8321', '1', '0', 'Scryers Stable', '19225', '1', '1', '8318', '245', '0', '0', '', NULL);
INSERT INTO gossip_menu_option (`MenuID`, `OptionID`, `OptionIcon`, `OptionText`, `OptionBroadcastTextID`, `OptionType`, `OptionNpcFlag`, `ActionMenuID`, `ActionPoiID`, `BoxCoded`, `BoxMoney`, `BoxText`, `BoxBroadcastTextID`) VALUES ('8282', '5', '0', 'Stable Master', '45383', '1', '1', '8321', NULL, '0', '0', '', NULL);
INSERT INTO gossip_text (`ID`, `comment`, `text0_0`, `text0_1`, `BroadcastTextID0`, `lang0`, `Probability0`, `em0_0`, `em0_1`, `em0_2`, `em0_3`, `em0_4`, `em0_5`, `text1_0`, `text1_1`, `BroadcastTextID1`, `lang1`, `Probability1`, `em1_0`, `em1_1`, `em1_2`, `em1_3`, `em1_4`, `em1_5`, `text2_0`, `text2_1`, `BroadcastTextID2`, `lang2`, `Probability2`, `em2_0`, `em2_1`, `em2_2`, `em2_3`, `em2_4`, `em2_5`, `text3_0`, `text3_1`, `BroadcastTextID3`, `lang3`, `Probability3`, `em3_0`, `em3_1`, `em3_2`, `em3_3`, `em3_4`, `em3_5`, `text4_0`, `text4_1`, `BroadcastTextID4`, `lang4`, `Probability4`, `em4_0`, `em4_1`, `em4_2`, `em4_3`, `em4_4`, `em4_5`, `text5_0`, `text5_1`, `BroadcastTextID5`, `lang5`, `Probability5`, `em5_0`, `em5_1`, `em5_2`, `em5_3`, `em5_4`, `em5_5`, `text6_0`, `text6_1`, `BroadcastTextID6`, `lang6`, `Probability6`, `em6_0`, `em6_1`, `em6_2`, `em6_3`, `em6_4`, `em6_5`, `text7_0`, `text7_1`, `BroadcastTextID7`, `lang7`, `Probability7`, `em7_0`, `em7_1`, `em7_2`, `em7_3`, `em7_4`, `em7_5`) VALUES ('1872697', 'Imported from TC', 'Shattrath\'s battlemasters often congregate on the stairwells between the upper and lower city. The Alliance battlemasters gather in one place, the Horde in another, with the arena battlemasters between and across from them.', 'Shattrath\'s battlemasters often congregate on the stairwells between the upper and lower city. The Alliance battlemasters gather in one place, the Horde in another, with the arena battlemasters between and across from them.', '19226', '0', '1', '0', '1', '0', '0', '0', '0', '', '', NULL, '0', '0', '0', '0', '0', '0', '0', '0', '', '', NULL, '0', '0', '0', '0', '0', '0', '0', '0', '', '', NULL, '0', '0', '0', '0', '0', '0', '0', '0', '', '', NULL, '0', '0', '0', '0', '0', '0', '0', '0', '', '', NULL, '0', '0', '0', '0', '0', '0', '0', '0', '', '', NULL, '0', '0', '0', '0', '0', '0', '0', '0', '', '', NULL, '0', '0', '0', '0', '0', '0', '0', '0');
INSERT INTO gossip_menu (`MenuID`, `TextID`) VALUES ('8323', '1872697');
INSERT INTO gossip_text (`ID`, `comment`, `text0_0`, `text0_1`, `BroadcastTextID0`, `lang0`, `Probability0`, `em0_0`, `em0_1`, `em0_2`, `em0_3`, `em0_4`, `em0_5`, `text1_0`, `text1_1`, `BroadcastTextID1`, `lang1`, `Probability1`, `em1_0`, `em1_1`, `em1_2`, `em1_3`, `em1_4`, `em1_5`, `text2_0`, `text2_1`, `BroadcastTextID2`, `lang2`, `Probability2`, `em2_0`, `em2_1`, `em2_2`, `em2_3`, `em2_4`, `em2_5`, `text3_0`, `text3_1`, `BroadcastTextID3`, `lang3`, `Probability3`, `em3_0`, `em3_1`, `em3_2`, `em3_3`, `em3_4`, `em3_5`, `text4_0`, `text4_1`, `BroadcastTextID4`, `lang4`, `Probability4`, `em4_0`, `em4_1`, `em4_2`, `em4_3`, `em4_4`, `em4_5`, `text5_0`, `text5_1`, `BroadcastTextID5`, `lang5`, `Probability5`, `em5_0`, `em5_1`, `em5_2`, `em5_3`, `em5_4`, `em5_5`, `text6_0`, `text6_1`, `BroadcastTextID6`, `lang6`, `Probability6`, `em6_0`, `em6_1`, `em6_2`, `em6_3`, `em6_4`, `em6_5`, `text7_0`, `text7_1`, `BroadcastTextID7`, `lang7`, `Probability7`, `em7_0`, `em7_1`, `em7_2`, `em7_3`, `em7_4`, `em7_5`) VALUES ('1872698', 'Imported from TC', 'The Alliance battlemasters can usually be found on a stairwell northeast of the city\'s center.', 'The Alliance battlemasters can usually be found on a stairwell northeast of the city\'s center.', '19229', '0', '1', '0', '1', '0', '0', '0', '0', '', '', NULL, '0', '0', '0', '0', '0', '0', '0', '0', '', '', NULL, '0', '0', '0', '0', '0', '0', '0', '0', '', '', NULL, '0', '0', '0', '0', '0', '0', '0', '0', '', '', NULL, '0', '0', '0', '0', '0', '0', '0', '0', '', '', NULL, '0', '0', '0', '0', '0', '0', '0', '0', '', '', NULL, '0', '0', '0', '0', '0', '0', '0', '0', '', '', NULL, '0', '0', '0', '0', '0', '0', '0', '0');
INSERT INTO gossip_menu (`MenuID`, `TextID`) VALUES ('8324', '1872698');
INSERT INTO points_of_interest (`ID`, `PositionX`, `PositionY`, `Icon`, `Flags`, `Importance`, `Name`, `VerifiedBuild`) VALUES ('246', '-1770.71', '5259.79', '6', '99', '0', 'Shattrath Battlemasters Alliance', '0');
INSERT INTO gossip_menu_option (`MenuID`, `OptionID`, `OptionIcon`, `OptionText`, `OptionBroadcastTextID`, `OptionType`, `OptionNpcFlag`, `ActionMenuID`, `ActionPoiID`, `BoxCoded`, `BoxMoney`, `BoxText`, `BoxBroadcastTextID`) VALUES ('8323', '0', '0', 'Alliance Battlemasters', '19227', '1', '1', '8324', '246', '0', '0', '', NULL);
INSERT INTO gossip_text (`ID`, `comment`, `text0_0`, `text0_1`, `BroadcastTextID0`, `lang0`, `Probability0`, `em0_0`, `em0_1`, `em0_2`, `em0_3`, `em0_4`, `em0_5`, `text1_0`, `text1_1`, `BroadcastTextID1`, `lang1`, `Probability1`, `em1_0`, `em1_1`, `em1_2`, `em1_3`, `em1_4`, `em1_5`, `text2_0`, `text2_1`, `BroadcastTextID2`, `lang2`, `Probability2`, `em2_0`, `em2_1`, `em2_2`, `em2_3`, `em2_4`, `em2_5`, `text3_0`, `text3_1`, `BroadcastTextID3`, `lang3`, `Probability3`, `em3_0`, `em3_1`, `em3_2`, `em3_3`, `em3_4`, `em3_5`, `text4_0`, `text4_1`, `BroadcastTextID4`, `lang4`, `Probability4`, `em4_0`, `em4_1`, `em4_2`, `em4_3`, `em4_4`, `em4_5`, `text5_0`, `text5_1`, `BroadcastTextID5`, `lang5`, `Probability5`, `em5_0`, `em5_1`, `em5_2`, `em5_3`, `em5_4`, `em5_5`, `text6_0`, `text6_1`, `BroadcastTextID6`, `lang6`, `Probability6`, `em6_0`, `em6_1`, `em6_2`, `em6_3`, `em6_4`, `em6_5`, `text7_0`, `text7_1`, `BroadcastTextID7`, `lang7`, `Probability7`, `em7_0`, `em7_1`, `em7_2`, `em7_3`, `em7_4`, `em7_5`) VALUES ('1872699', 'Imported from TC', 'The Horde battlemasters can usually be found on a stairwell southeast of the city\'s center.', 'The Horde battlemasters can usually be found on a stairwell southeast of the city\'s center.', '19230', '0', '1', '0', '1', '0', '0', '0', '0', '', '', NULL, '0', '0', '0', '0', '0', '0', '0', '0', '', '', NULL, '0', '0', '0', '0', '0', '0', '0', '0', '', '', NULL, '0', '0', '0', '0', '0', '0', '0', '0', '', '', NULL, '0', '0', '0', '0', '0', '0', '0', '0', '', '', NULL, '0', '0', '0', '0', '0', '0', '0', '0', '', '', NULL, '0', '0', '0', '0', '0', '0', '0', '0', '', '', NULL, '0', '0', '0', '0', '0', '0', '0', '0');
INSERT INTO gossip_menu (`MenuID`, `TextID`) VALUES ('8325', '1872699');
INSERT INTO points_of_interest (`ID`, `PositionX`, `PositionY`, `Icon`, `Flags`, `Importance`, `Name`, `VerifiedBuild`) VALUES ('247', '-1964.78', '5264.26', '6', '99', '0', 'Shattrath Battlemasters Horde', '0');
INSERT INTO gossip_menu_option (`MenuID`, `OptionID`, `OptionIcon`, `OptionText`, `OptionBroadcastTextID`, `OptionType`, `OptionNpcFlag`, `ActionMenuID`, `ActionPoiID`, `BoxCoded`, `BoxMoney`, `BoxText`, `BoxBroadcastTextID`) VALUES ('8323', '1', '0', 'Horde Battlemasters', '19228', '1', '1', '8325', '247', '0', '0', '', NULL);
INSERT INTO gossip_text (`ID`, `comment`, `text0_0`, `text0_1`, `BroadcastTextID0`, `lang0`, `Probability0`, `em0_0`, `em0_1`, `em0_2`, `em0_3`, `em0_4`, `em0_5`, `text1_0`, `text1_1`, `BroadcastTextID1`, `lang1`, `Probability1`, `em1_0`, `em1_1`, `em1_2`, `em1_3`, `em1_4`, `em1_5`, `text2_0`, `text2_1`, `BroadcastTextID2`, `lang2`, `Probability2`, `em2_0`, `em2_1`, `em2_2`, `em2_3`, `em2_4`, `em2_5`, `text3_0`, `text3_1`, `BroadcastTextID3`, `lang3`, `Probability3`, `em3_0`, `em3_1`, `em3_2`, `em3_3`, `em3_4`, `em3_5`, `text4_0`, `text4_1`, `BroadcastTextID4`, `lang4`, `Probability4`, `em4_0`, `em4_1`, `em4_2`, `em4_3`, `em4_4`, `em4_5`, `text5_0`, `text5_1`, `BroadcastTextID5`, `lang5`, `Probability5`, `em5_0`, `em5_1`, `em5_2`, `em5_3`, `em5_4`, `em5_5`, `text6_0`, `text6_1`, `BroadcastTextID6`, `lang6`, `Probability6`, `em6_0`, `em6_1`, `em6_2`, `em6_3`, `em6_4`, `em6_5`, `text7_0`, `text7_1`, `BroadcastTextID7`, `lang7`, `Probability7`, `em7_0`, `em7_1`, `em7_2`, `em7_3`, `em7_4`, `em7_5`) VALUES ('1872700', 'Imported from TC', 'The Arena battlemasters are in the southeast lower city, along the wall.', 'The Arena battlemasters are in the southeast lower city, along the wall.', '25122', '0', '1', '0', '1', '0', '0', '0', '0', '', '', NULL, '0', '0', '0', '0', '0', '0', '0', '0', '', '', NULL, '0', '0', '0', '0', '0', '0', '0', '0', '', '', NULL, '0', '0', '0', '0', '0', '0', '0', '0', '', '', NULL, '0', '0', '0', '0', '0', '0', '0', '0', '', '', NULL, '0', '0', '0', '0', '0', '0', '0', '0', '', '', NULL, '0', '0', '0', '0', '0', '0', '0', '0', '', '', NULL, '0', '0', '0', '0', '0', '0', '0', '0');
INSERT INTO gossip_menu (`MenuID`, `TextID`) VALUES ('9206', '1872700');
INSERT INTO points_of_interest (`ID`, `PositionX`, `PositionY`, `Icon`, `Flags`, `Importance`, `Name`, `VerifiedBuild`) VALUES ('262', '-1961.79', '5175.17', '6', '99', '0', 'Shattrath Arena Battlemasters', '0');
INSERT INTO gossip_menu_option (`MenuID`, `OptionID`, `OptionIcon`, `OptionText`, `OptionBroadcastTextID`, `OptionType`, `OptionNpcFlag`, `ActionMenuID`, `ActionPoiID`, `BoxCoded`, `BoxMoney`, `BoxText`, `BoxBroadcastTextID`) VALUES ('8323', '2', '0', 'Arena Battlemasters', '25121', '1', '1', '9206', '262', '0', '0', '', NULL);
INSERT INTO gossip_menu_option (`MenuID`, `OptionID`, `OptionIcon`, `OptionText`, `OptionBroadcastTextID`, `OptionType`, `OptionNpcFlag`, `ActionMenuID`, `ActionPoiID`, `BoxCoded`, `BoxMoney`, `BoxText`, `BoxBroadcastTextID`) VALUES ('8282', '6', '0', 'Battlemaster', '19209', '1', '1', '8323', NULL, '0', '0', '', NULL);
INSERT INTO gossip_text (`ID`, `comment`, `text0_0`, `text0_1`, `BroadcastTextID0`, `lang0`, `Probability0`, `em0_0`, `em0_1`, `em0_2`, `em0_3`, `em0_4`, `em0_5`, `text1_0`, `text1_1`, `BroadcastTextID1`, `lang1`, `Probability1`, `em1_0`, `em1_1`, `em1_2`, `em1_3`, `em1_4`, `em1_5`, `text2_0`, `text2_1`, `BroadcastTextID2`, `lang2`, `Probability2`, `em2_0`, `em2_1`, `em2_2`, `em2_3`, `em2_4`, `em2_5`, `text3_0`, `text3_1`, `BroadcastTextID3`, `lang3`, `Probability3`, `em3_0`, `em3_1`, `em3_2`, `em3_3`, `em3_4`, `em3_5`, `text4_0`, `text4_1`, `BroadcastTextID4`, `lang4`, `Probability4`, `em4_0`, `em4_1`, `em4_2`, `em4_3`, `em4_4`, `em4_5`, `text5_0`, `text5_1`, `BroadcastTextID5`, `lang5`, `Probability5`, `em5_0`, `em5_1`, `em5_2`, `em5_3`, `em5_4`, `em5_5`, `text6_0`, `text6_1`, `BroadcastTextID6`, `lang6`, `Probability6`, `em6_0`, `em6_1`, `em6_2`, `em6_3`, `em6_4`, `em6_5`, `text7_0`, `text7_1`, `BroadcastTextID7`, `lang7`, `Probability7`, `em7_0`, `em7_1`, `em7_2`, `em7_3`, `em7_4`, `em7_5`) VALUES ('1872701', 'Imported from TC', 'What sort of trainer were you looking for?', 'What sort of trainer were you looking for?', '19231', '0', '1', '0', '6', '0', '0', '0', '0', '', '', NULL, '0', '0', '0', '0', '0', '0', '0', '0', '', '', NULL, '0', '0', '0', '0', '0', '0', '0', '0', '', '', NULL, '0', '0', '0', '0', '0', '0', '0', '0', '', '', NULL, '0', '0', '0', '0', '0', '0', '0', '0', '', '', NULL, '0', '0', '0', '0', '0', '0', '0', '0', '', '', NULL, '0', '0', '0', '0', '0', '0', '0', '0', '', '', NULL, '0', '0', '0', '0', '0', '0', '0', '0');
INSERT INTO gossip_menu (`MenuID`, `TextID`) VALUES ('8326', '1872701');
INSERT INTO gossip_text (`ID`, `comment`, `text0_0`, `text0_1`, `BroadcastTextID0`, `lang0`, `Probability0`, `em0_0`, `em0_1`, `em0_2`, `em0_3`, `em0_4`, `em0_5`, `text1_0`, `text1_1`, `BroadcastTextID1`, `lang1`, `Probability1`, `em1_0`, `em1_1`, `em1_2`, `em1_3`, `em1_4`, `em1_5`, `text2_0`, `text2_1`, `BroadcastTextID2`, `lang2`, `Probability2`, `em2_0`, `em2_1`, `em2_2`, `em2_3`, `em2_4`, `em2_5`, `text3_0`, `text3_1`, `BroadcastTextID3`, `lang3`, `Probability3`, `em3_0`, `em3_1`, `em3_2`, `em3_3`, `em3_4`, `em3_5`, `text4_0`, `text4_1`, `BroadcastTextID4`, `lang4`, `Probability4`, `em4_0`, `em4_1`, `em4_2`, `em4_3`, `em4_4`, `em4_5`, `text5_0`, `text5_1`, `BroadcastTextID5`, `lang5`, `Probability5`, `em5_0`, `em5_1`, `em5_2`, `em5_3`, `em5_4`, `em5_5`, `text6_0`, `text6_1`, `BroadcastTextID6`, `lang6`, `Probability6`, `em6_0`, `em6_1`, `em6_2`, `em6_3`, `em6_4`, `em6_5`, `text7_0`, `text7_1`, `BroadcastTextID7`, `lang7`, `Probability7`, `em7_0`, `em7_1`, `em7_2`, `em7_3`, `em7_4`, `em7_5`) VALUES ('1872702', 'Imported from TC', 'Lorokeem, grand master alchemist and Skettis outcast, lives among the other arakkoa in the northwest portion of the lower city.', 'Lorokeem, grand master alchemist and Skettis outcast, lives among the other arakkoa in the northwest portion of the lower city.', '19239', '0', '1', '0', '1', '0', '0', '0', '0', '', '', NULL, '0', '0', '0', '0', '0', '0', '0', '0', '', '', NULL, '0', '0', '0', '0', '0', '0', '0', '0', '', '', NULL, '0', '0', '0', '0', '0', '0', '0', '0', '', '', NULL, '0', '0', '0', '0', '0', '0', '0', '0', '', '', NULL, '0', '0', '0', '0', '0', '0', '0', '0', '', '', NULL, '0', '0', '0', '0', '0', '0', '0', '0', '', '', NULL, '0', '0', '0', '0', '0', '0', '0', '0');
INSERT INTO gossip_menu (`MenuID`, `TextID`) VALUES ('8327', '1872702');
INSERT INTO points_of_interest (`ID`, `PositionX`, `PositionY`, `Icon`, `Flags`, `Importance`, `Name`, `VerifiedBuild`) VALUES ('248', '-1657.63', '5537.62', '6', '99', '0', 'Shattrath Alchemist', '0');
INSERT INTO gossip_menu_option (`MenuID`, `OptionID`, `OptionIcon`, `OptionText`, `OptionBroadcastTextID`, `OptionType`, `OptionNpcFlag`, `ActionMenuID`, `ActionPoiID`, `BoxCoded`, `BoxMoney`, `BoxText`, `BoxBroadcastTextID`) VALUES ('8326', '0', '0', 'Alchemy', '52058', '1', '1', '8327', '248', '0', '0', '', NULL);
-- Importing menu 8335 as 57105
INSERT INTO gossip_text (`ID`, `comment`, `text0_0`, `text0_1`, `BroadcastTextID0`, `lang0`, `Probability0`, `em0_0`, `em0_1`, `em0_2`, `em0_3`, `em0_4`, `em0_5`, `text1_0`, `text1_1`, `BroadcastTextID1`, `lang1`, `Probability1`, `em1_0`, `em1_1`, `em1_2`, `em1_3`, `em1_4`, `em1_5`, `text2_0`, `text2_1`, `BroadcastTextID2`, `lang2`, `Probability2`, `em2_0`, `em2_1`, `em2_2`, `em2_3`, `em2_4`, `em2_5`, `text3_0`, `text3_1`, `BroadcastTextID3`, `lang3`, `Probability3`, `em3_0`, `em3_1`, `em3_2`, `em3_3`, `em3_4`, `em3_5`, `text4_0`, `text4_1`, `BroadcastTextID4`, `lang4`, `Probability4`, `em4_0`, `em4_1`, `em4_2`, `em4_3`, `em4_4`, `em4_5`, `text5_0`, `text5_1`, `BroadcastTextID5`, `lang5`, `Probability5`, `em5_0`, `em5_1`, `em5_2`, `em5_3`, `em5_4`, `em5_5`, `text6_0`, `text6_1`, `BroadcastTextID6`, `lang6`, `Probability6`, `em6_0`, `em6_1`, `em6_2`, `em6_3`, `em6_4`, `em6_5`, `text7_0`, `text7_1`, `BroadcastTextID7`, `lang7`, `Probability7`, `em7_0`, `em7_1`, `em7_2`, `em7_3`, `em7_4`, `em7_5`) VALUES ('1872703', 'Imported from TC', 'The armor and weapons crafters Kradu Grimblade and Zula Slagfury may be found working at a great forge in the lower city.', 'The armor and weapons crafters Kradu Grimblade and Zula Slagfury may be found working at a great forge in the lower city.', '19250', '0', '1', '0', '1', '0', '0', '0', '0', '', '', NULL, '0', '0', '0', '0', '0', '0', '0', '0', '', '', NULL, '0', '0', '0', '0', '0', '0', '0', '0', '', '', NULL, '0', '0', '0', '0', '0', '0', '0', '0', '', '', NULL, '0', '0', '0', '0', '0', '0', '0', '0', '', '', NULL, '0', '0', '0', '0', '0', '0', '0', '0', '', '', NULL, '0', '0', '0', '0', '0', '0', '0', '0', '', '', NULL, '0', '0', '0', '0', '0', '0', '0', '0');
INSERT INTO gossip_menu (`MenuID`, `TextID`) VALUES ('57105', '1872703');
INSERT INTO points_of_interest (`ID`, `PositionX`, `PositionY`, `Icon`, `Flags`, `Importance`, `Name`, `VerifiedBuild`) VALUES ('249', '-1847.52', '5221.92', '6', '99', '0', 'Shattrath Armor/Weapon Crafter', '0');
INSERT INTO gossip_menu_option (`MenuID`, `OptionID`, `OptionIcon`, `OptionText`, `OptionBroadcastTextID`, `OptionType`, `OptionNpcFlag`, `ActionMenuID`, `ActionPoiID`, `BoxCoded`, `BoxMoney`, `BoxText`, `BoxBroadcastTextID`) VALUES ('8326', '1', '0', 'Blacksmithing', '51346', '1', '1', '57105', '249', '0', '0', '', NULL);
INSERT INTO gossip_text (`ID`, `comment`, `text0_0`, `text0_1`, `BroadcastTextID0`, `lang0`, `Probability0`, `em0_0`, `em0_1`, `em0_2`, `em0_3`, `em0_4`, `em0_5`, `text1_0`, `text1_1`, `BroadcastTextID1`, `lang1`, `Probability1`, `em1_0`, `em1_1`, `em1_2`, `em1_3`, `em1_4`, `em1_5`, `text2_0`, `text2_1`, `BroadcastTextID2`, `lang2`, `Probability2`, `em2_0`, `em2_1`, `em2_2`, `em2_3`, `em2_4`, `em2_5`, `text3_0`, `text3_1`, `BroadcastTextID3`, `lang3`, `Probability3`, `em3_0`, `em3_1`, `em3_2`, `em3_3`, `em3_4`, `em3_5`, `text4_0`, `text4_1`, `BroadcastTextID4`, `lang4`, `Probability4`, `em4_0`, `em4_1`, `em4_2`, `em4_3`, `em4_4`, `em4_5`, `text5_0`, `text5_1`, `BroadcastTextID5`, `lang5`, `Probability5`, `em5_0`, `em5_1`, `em5_2`, `em5_3`, `em5_4`, `em5_5`, `text6_0`, `text6_1`, `BroadcastTextID6`, `lang6`, `Probability6`, `em6_0`, `em6_1`, `em6_2`, `em6_3`, `em6_4`, `em6_5`, `text7_0`, `text7_1`, `BroadcastTextID7`, `lang7`, `Probability7`, `em7_0`, `em7_1`, `em7_2`, `em7_3`, `em7_4`, `em7_5`) VALUES ('1872704', 'Imported from TC', 'Jack Trapper can be found cooking in the lower city\'s open market, in the southeast.', 'Jack Trapper can be found cooking in the lower city\'s open market, in the southeast.', '19240', '0', '1', '0', '1', '0', '0', '0', '0', '', '', NULL, '0', '0', '0', '0', '0', '0', '0', '0', '', '', NULL, '0', '0', '0', '0', '0', '0', '0', '0', '', '', NULL, '0', '0', '0', '0', '0', '0', '0', '0', '', '', NULL, '0', '0', '0', '0', '0', '0', '0', '0', '', '', NULL, '0', '0', '0', '0', '0', '0', '0', '0', '', '', NULL, '0', '0', '0', '0', '0', '0', '0', '0', '', '', NULL, '0', '0', '0', '0', '0', '0', '0', '0');
INSERT INTO gossip_menu (`MenuID`, `TextID`) VALUES ('8328', '1872704');
INSERT INTO points_of_interest (`ID`, `PositionX`, `PositionY`, `Icon`, `Flags`, `Importance`, `Name`, `VerifiedBuild`) VALUES ('250', '-2067.64', '5316.79', '6', '99', '0', 'Shattrath Cook', '0');
INSERT INTO gossip_menu_option (`MenuID`, `OptionID`, `OptionIcon`, `OptionText`, `OptionBroadcastTextID`, `OptionType`, `OptionNpcFlag`, `ActionMenuID`, `ActionPoiID`, `BoxCoded`, `BoxMoney`, `BoxText`, `BoxBroadcastTextID`) VALUES ('8326', '2', '0', 'Cooking', '45763', '1', '1', '8328', '250', '0', '0', '', NULL);
INSERT INTO gossip_text (`ID`, `comment`, `text0_0`, `text0_1`, `BroadcastTextID0`, `lang0`, `Probability0`, `em0_0`, `em0_1`, `em0_2`, `em0_3`, `em0_4`, `em0_5`, `text1_0`, `text1_1`, `BroadcastTextID1`, `lang1`, `Probability1`, `em1_0`, `em1_1`, `em1_2`, `em1_3`, `em1_4`, `em1_5`, `text2_0`, `text2_1`, `BroadcastTextID2`, `lang2`, `Probability2`, `em2_0`, `em2_1`, `em2_2`, `em2_3`, `em2_4`, `em2_5`, `text3_0`, `text3_1`, `BroadcastTextID3`, `lang3`, `Probability3`, `em3_0`, `em3_1`, `em3_2`, `em3_3`, `em3_4`, `em3_5`, `text4_0`, `text4_1`, `BroadcastTextID4`, `lang4`, `Probability4`, `em4_0`, `em4_1`, `em4_2`, `em4_3`, `em4_4`, `em4_5`, `text5_0`, `text5_1`, `BroadcastTextID5`, `lang5`, `Probability5`, `em5_0`, `em5_1`, `em5_2`, `em5_3`, `em5_4`, `em5_5`, `text6_0`, `text6_1`, `BroadcastTextID6`, `lang6`, `Probability6`, `em6_0`, `em6_1`, `em6_2`, `em6_3`, `em6_4`, `em6_5`, `text7_0`, `text7_1`, `BroadcastTextID7`, `lang7`, `Probability7`, `em7_0`, `em7_1`, `em7_2`, `em7_3`, `em7_4`, `em7_5`) VALUES ('1872705', 'Imported from TC', 'High Enchanter Bardolan may be found in the Seer\'s Library on Scryer\'s Tier. A grand master of the art, he is surrounded by his students: masters, artisans, experts, and journeymen.', 'High Enchanter Bardolan may be found in the Seer\'s Library on Scryer\'s Tier. A grand master of the art, he is surrounded by his students: masters, artisans, experts, and journeymen.', '19243', '0', '1', '0', '1', '0', '0', '0', '0', '', '', NULL, '0', '0', '0', '0', '0', '0', '0', '0', '', '', NULL, '0', '0', '0', '0', '0', '0', '0', '0', '', '', NULL, '0', '0', '0', '0', '0', '0', '0', '0', '', '', NULL, '0', '0', '0', '0', '0', '0', '0', '0', '', '', NULL, '0', '0', '0', '0', '0', '0', '0', '0', '', '', NULL, '0', '0', '0', '0', '0', '0', '0', '0', '', '', NULL, '0', '0', '0', '0', '0', '0', '0', '0');
INSERT INTO gossip_menu (`MenuID`, `TextID`) VALUES ('8330', '1872705');
INSERT INTO points_of_interest (`ID`, `PositionX`, `PositionY`, `Icon`, `Flags`, `Importance`, `Name`, `VerifiedBuild`) VALUES ('251', '-2254.67', '5560.77', '6', '99', '0', 'Shattrath Enchanters', '0');
INSERT INTO gossip_menu_option (`MenuID`, `OptionID`, `OptionIcon`, `OptionText`, `OptionBroadcastTextID`, `OptionType`, `OptionNpcFlag`, `ActionMenuID`, `ActionPoiID`, `BoxCoded`, `BoxMoney`, `BoxText`, `BoxBroadcastTextID`) VALUES ('8326', '3', '0', 'Enchanting', '52063', '1', '1', '8330', '251', '0', '0', '', NULL);
INSERT INTO gossip_text (`ID`, `comment`, `text0_0`, `text0_1`, `BroadcastTextID0`, `lang0`, `Probability0`, `em0_0`, `em0_1`, `em0_2`, `em0_3`, `em0_4`, `em0_5`, `text1_0`, `text1_1`, `BroadcastTextID1`, `lang1`, `Probability1`, `em1_0`, `em1_1`, `em1_2`, `em1_3`, `em1_4`, `em1_5`, `text2_0`, `text2_1`, `BroadcastTextID2`, `lang2`, `Probability2`, `em2_0`, `em2_1`, `em2_2`, `em2_3`, `em2_4`, `em2_5`, `text3_0`, `text3_1`, `BroadcastTextID3`, `lang3`, `Probability3`, `em3_0`, `em3_1`, `em3_2`, `em3_3`, `em3_4`, `em3_5`, `text4_0`, `text4_1`, `BroadcastTextID4`, `lang4`, `Probability4`, `em4_0`, `em4_1`, `em4_2`, `em4_3`, `em4_4`, `em4_5`, `text5_0`, `text5_1`, `BroadcastTextID5`, `lang5`, `Probability5`, `em5_0`, `em5_1`, `em5_2`, `em5_3`, `em5_4`, `em5_5`, `text6_0`, `text6_1`, `BroadcastTextID6`, `lang6`, `Probability6`, `em6_0`, `em6_1`, `em6_2`, `em6_3`, `em6_4`, `em6_5`, `text7_0`, `text7_1`, `BroadcastTextID7`, `lang7`, `Probability7`, `em7_0`, `em7_1`, `em7_2`, `em7_3`, `em7_4`, `em7_5`) VALUES ('1872706', 'Imported from TC', 'Mildred Fletcher may be found within the infirmary in the northeastern section of the lower city.', 'Mildred Fletcher may be found within the infirmary in the northeastern section of the lower city.', '19245', '0', '1', '0', '1', '0', '0', '0', '0', '', '', NULL, '0', '0', '0', '0', '0', '0', '0', '0', '', '', NULL, '0', '0', '0', '0', '0', '0', '0', '0', '', '', NULL, '0', '0', '0', '0', '0', '0', '0', '0', '', '', NULL, '0', '0', '0', '0', '0', '0', '0', '0', '', '', NULL, '0', '0', '0', '0', '0', '0', '0', '0', '', '', NULL, '0', '0', '0', '0', '0', '0', '0', '0', '', '', NULL, '0', '0', '0', '0', '0', '0', '0', '0');
INSERT INTO gossip_menu (`MenuID`, `TextID`) VALUES ('8331', '1872706');
INSERT INTO points_of_interest (`ID`, `PositionX`, `PositionY`, `Icon`, `Flags`, `Importance`, `Name`, `VerifiedBuild`) VALUES ('252', '-1590.89', '5263.1', '6', '99', '0', 'Shattrath First Aid', '0');
INSERT INTO gossip_menu_option (`MenuID`, `OptionID`, `OptionIcon`, `OptionText`, `OptionBroadcastTextID`, `OptionType`, `OptionNpcFlag`, `ActionMenuID`, `ActionPoiID`, `BoxCoded`, `BoxMoney`, `BoxText`, `BoxBroadcastTextID`) VALUES ('8326', '4', '0', 'First Aid', '52066', '1', '1', '8331', '252', '0', '0', '', NULL);
-- Importing menu 8332 as 57106
INSERT INTO gossip_text (`ID`, `comment`, `text0_0`, `text0_1`, `BroadcastTextID0`, `lang0`, `Probability0`, `em0_0`, `em0_1`, `em0_2`, `em0_3`, `em0_4`, `em0_5`, `text1_0`, `text1_1`, `BroadcastTextID1`, `lang1`, `Probability1`, `em1_0`, `em1_1`, `em1_2`, `em1_3`, `em1_4`, `em1_5`, `text2_0`, `text2_1`, `BroadcastTextID2`, `lang2`, `Probability2`, `em2_0`, `em2_1`, `em2_2`, `em2_3`, `em2_4`, `em2_5`, `text3_0`, `text3_1`, `BroadcastTextID3`, `lang3`, `Probability3`, `em3_0`, `em3_1`, `em3_2`, `em3_3`, `em3_4`, `em3_5`, `text4_0`, `text4_1`, `BroadcastTextID4`, `lang4`, `Probability4`, `em4_0`, `em4_1`, `em4_2`, `em4_3`, `em4_4`, `em4_5`, `text5_0`, `text5_1`, `BroadcastTextID5`, `lang5`, `Probability5`, `em5_0`, `em5_1`, `em5_2`, `em5_3`, `em5_4`, `em5_5`, `text6_0`, `text6_1`, `BroadcastTextID6`, `lang6`, `Probability6`, `em6_0`, `em6_1`, `em6_2`, `em6_3`, `em6_4`, `em6_5`, `text7_0`, `text7_1`, `BroadcastTextID7`, `lang7`, `Probability7`, `em7_0`, `em7_1`, `em7_2`, `em7_3`, `em7_4`, `em7_5`) VALUES ('1872707', 'Imported from TC', 'The draenei grand master jewelcrafter, Hamanar, may be found among his people on the Aldor Rise.', 'The draenei grand master jewelcrafter, Hamanar, may be found among his people on the Aldor Rise.', '19246', '0', '1', '0', '1', '0', '0', '0', '0', '', '', NULL, '0', '0', '0', '0', '0', '0', '0', '0', '', '', NULL, '0', '0', '0', '0', '0', '0', '0', '0', '', '', NULL, '0', '0', '0', '0', '0', '0', '0', '0', '', '', NULL, '0', '0', '0', '0', '0', '0', '0', '0', '', '', NULL, '0', '0', '0', '0', '0', '0', '0', '0', '', '', NULL, '0', '0', '0', '0', '0', '0', '0', '0', '', '', NULL, '0', '0', '0', '0', '0', '0', '0', '0');
INSERT INTO gossip_menu (`MenuID`, `TextID`) VALUES ('57106', '1872707');
INSERT INTO points_of_interest (`ID`, `PositionX`, `PositionY`, `Icon`, `Flags`, `Importance`, `Name`, `VerifiedBuild`) VALUES ('253', '-1653.91', '5665.03', '6', '99', '0', 'Shattrath Jewelcrafter', '0');
INSERT INTO gossip_menu_option (`MenuID`, `OptionID`, `OptionIcon`, `OptionText`, `OptionBroadcastTextID`, `OptionType`, `OptionNpcFlag`, `ActionMenuID`, `ActionPoiID`, `BoxCoded`, `BoxMoney`, `BoxText`, `BoxBroadcastTextID`) VALUES ('8326', '5', '0', 'Jewelcrafting', '45758', '1', '1', '57106', '253', '0', '0', '', NULL);
INSERT INTO gossip_text (`ID`, `comment`, `text0_0`, `text0_1`, `BroadcastTextID0`, `lang0`, `Probability0`, `em0_0`, `em0_1`, `em0_2`, `em0_3`, `em0_4`, `em0_5`, `text1_0`, `text1_1`, `BroadcastTextID1`, `lang1`, `Probability1`, `em1_0`, `em1_1`, `em1_2`, `em1_3`, `em1_4`, `em1_5`, `text2_0`, `text2_1`, `BroadcastTextID2`, `lang2`, `Probability2`, `em2_0`, `em2_1`, `em2_2`, `em2_3`, `em2_4`, `em2_5`, `text3_0`, `text3_1`, `BroadcastTextID3`, `lang3`, `Probability3`, `em3_0`, `em3_1`, `em3_2`, `em3_3`, `em3_4`, `em3_5`, `text4_0`, `text4_1`, `BroadcastTextID4`, `lang4`, `Probability4`, `em4_0`, `em4_1`, `em4_2`, `em4_3`, `em4_4`, `em4_5`, `text5_0`, `text5_1`, `BroadcastTextID5`, `lang5`, `Probability5`, `em5_0`, `em5_1`, `em5_2`, `em5_3`, `em5_4`, `em5_5`, `text6_0`, `text6_1`, `BroadcastTextID6`, `lang6`, `Probability6`, `em6_0`, `em6_1`, `em6_2`, `em6_3`, `em6_4`, `em6_5`, `text7_0`, `text7_1`, `BroadcastTextID7`, `lang7`, `Probability7`, `em7_0`, `em7_1`, `em7_2`, `em7_3`, `em7_4`, `em7_5`) VALUES ('1872708', 'Imported from TC', 'The grand master leatherworker Darmari may be found in the lower city\'s open marketplace.', 'The grand master leatherworker Darmari may be found in the lower city\'s open marketplace.', '19248', '0', '1', '0', '1', '0', '0', '0', '0', '', '', NULL, '0', '0', '0', '0', '0', '0', '0', '0', '', '', NULL, '0', '0', '0', '0', '0', '0', '0', '0', '', '', NULL, '0', '0', '0', '0', '0', '0', '0', '0', '', '', NULL, '0', '0', '0', '0', '0', '0', '0', '0', '', '', NULL, '0', '0', '0', '0', '0', '0', '0', '0', '', '', NULL, '0', '0', '0', '0', '0', '0', '0', '0', '', '', NULL, '0', '0', '0', '0', '0', '0', '0', '0');
INSERT INTO gossip_menu (`MenuID`, `TextID`) VALUES ('8334', '1872708');
INSERT INTO points_of_interest (`ID`, `PositionX`, `PositionY`, `Icon`, `Flags`, `Importance`, `Name`, `VerifiedBuild`) VALUES ('254', '-2061.01', '5256.46', '6', '99', '0', 'Shattrath Leatherworker', '0');
INSERT INTO gossip_menu_option (`MenuID`, `OptionID`, `OptionIcon`, `OptionText`, `OptionBroadcastTextID`, `OptionType`, `OptionNpcFlag`, `ActionMenuID`, `ActionPoiID`, `BoxCoded`, `BoxMoney`, `BoxText`, `BoxBroadcastTextID`) VALUES ('8326', '6', '0', 'Leatherworking', '52071', '1', '1', '8334', '254', '0', '0', '', NULL);
INSERT INTO gossip_text (`ID`, `comment`, `text0_0`, `text0_1`, `BroadcastTextID0`, `lang0`, `Probability0`, `em0_0`, `em0_1`, `em0_2`, `em0_3`, `em0_4`, `em0_5`, `text1_0`, `text1_1`, `BroadcastTextID1`, `lang1`, `Probability1`, `em1_0`, `em1_1`, `em1_2`, `em1_3`, `em1_4`, `em1_5`, `text2_0`, `text2_1`, `BroadcastTextID2`, `lang2`, `Probability2`, `em2_0`, `em2_1`, `em2_2`, `em2_3`, `em2_4`, `em2_5`, `text3_0`, `text3_1`, `BroadcastTextID3`, `lang3`, `Probability3`, `em3_0`, `em3_1`, `em3_2`, `em3_3`, `em3_4`, `em3_5`, `text4_0`, `text4_1`, `BroadcastTextID4`, `lang4`, `Probability4`, `em4_0`, `em4_1`, `em4_2`, `em4_3`, `em4_4`, `em4_5`, `text5_0`, `text5_1`, `BroadcastTextID5`, `lang5`, `Probability5`, `em5_0`, `em5_1`, `em5_2`, `em5_3`, `em5_4`, `em5_5`, `text6_0`, `text6_1`, `BroadcastTextID6`, `lang6`, `Probability6`, `em6_0`, `em6_1`, `em6_2`, `em6_3`, `em6_4`, `em6_5`, `text7_0`, `text7_1`, `BroadcastTextID7`, `lang7`, `Probability7`, `em7_0`, `em7_1`, `em7_2`, `em7_3`, `em7_4`, `em7_5`) VALUES ('1872709', 'Imported from TC', 'Seymour, the principal skinner in Shattrath and grand master of the trade, may be found in the lower city\'s open marketplace.', 'Seymour, the principal skinner in Shattrath and grand master of the trade, may be found in the lower city\'s open marketplace.', '19247', '0', '1', '0', '1', '0', '0', '0', '0', '', '', NULL, '0', '0', '0', '0', '0', '0', '0', '0', '', '', NULL, '0', '0', '0', '0', '0', '0', '0', '0', '', '', NULL, '0', '0', '0', '0', '0', '0', '0', '0', '', '', NULL, '0', '0', '0', '0', '0', '0', '0', '0', '', '', NULL, '0', '0', '0', '0', '0', '0', '0', '0', '', '', NULL, '0', '0', '0', '0', '0', '0', '0', '0', '', '', NULL, '0', '0', '0', '0', '0', '0', '0', '0');
INSERT INTO gossip_menu (`MenuID`, `TextID`) VALUES ('8333', '1872709');
INSERT INTO points_of_interest (`ID`, `PositionX`, `PositionY`, `Icon`, `Flags`, `Importance`, `Name`, `VerifiedBuild`) VALUES ('255', '-2047.96', '5299.78', '6', '99', '0', 'Shattrath Skinner', '0');
INSERT INTO gossip_menu_option (`MenuID`, `OptionID`, `OptionIcon`, `OptionText`, `OptionBroadcastTextID`, `OptionType`, `OptionNpcFlag`, `ActionMenuID`, `ActionPoiID`, `BoxCoded`, `BoxMoney`, `BoxText`, `BoxBroadcastTextID`) VALUES ('8326', '7', '0', 'Skinning', '52076', '1', '1', '8333', '255', '0', '0', '', NULL);
INSERT INTO gossip_menu_option (`MenuID`, `OptionID`, `OptionIcon`, `OptionText`, `OptionBroadcastTextID`, `OptionType`, `OptionNpcFlag`, `ActionMenuID`, `ActionPoiID`, `BoxCoded`, `BoxMoney`, `BoxText`, `BoxBroadcastTextID`) VALUES ('8282', '7', '0', 'Profession Trainer', '45382', '1', '1', '8326', NULL, '0', '0', '', NULL);
-- Importing menu 8402 as 57107
INSERT INTO gossip_text (`ID`, `comment`, `text0_0`, `text0_1`, `BroadcastTextID0`, `lang0`, `Probability0`, `em0_0`, `em0_1`, `em0_2`, `em0_3`, `em0_4`, `em0_5`, `text1_0`, `text1_1`, `BroadcastTextID1`, `lang1`, `Probability1`, `em1_0`, `em1_1`, `em1_2`, `em1_3`, `em1_4`, `em1_5`, `text2_0`, `text2_1`, `BroadcastTextID2`, `lang2`, `Probability2`, `em2_0`, `em2_1`, `em2_2`, `em2_3`, `em2_4`, `em2_5`, `text3_0`, `text3_1`, `BroadcastTextID3`, `lang3`, `Probability3`, `em3_0`, `em3_1`, `em3_2`, `em3_3`, `em3_4`, `em3_5`, `text4_0`, `text4_1`, `BroadcastTextID4`, `lang4`, `Probability4`, `em4_0`, `em4_1`, `em4_2`, `em4_3`, `em4_4`, `em4_5`, `text5_0`, `text5_1`, `BroadcastTextID5`, `lang5`, `Probability5`, `em5_0`, `em5_1`, `em5_2`, `em5_3`, `em5_4`, `em5_5`, `text6_0`, `text6_1`, `BroadcastTextID6`, `lang6`, `Probability6`, `em6_0`, `em6_1`, `em6_2`, `em6_3`, `em6_4`, `em6_5`, `text7_0`, `text7_1`, `BroadcastTextID7`, `lang7`, `Probability7`, `em7_0`, `em7_1`, `em7_2`, `em7_3`, `em7_4`, `em7_5`) VALUES ('1872710', 'Imported from TC', '', '', NULL, '0', '0', '0', '0', '0', '0', '0', '0', '', '', NULL, '0', '0', '0', '0', '0', '0', '0', '0', '', '', NULL, '0', '0', '0', '0', '0', '0', '0', '0', '', '', NULL, '0', '0', '0', '0', '0', '0', '0', '0', '', '', NULL, '0', '0', '0', '0', '0', '0', '0', '0', '', '', NULL, '0', '0', '0', '0', '0', '0', '0', '0', '', '', NULL, '0', '0', '0', '0', '0', '0', '0', '0', '', '', NULL, '0', '0', '0', '0', '0', '0', '0', '0');
INSERT INTO gossip_menu (`MenuID`, `TextID`) VALUES ('57107', '1872710');
INSERT INTO points_of_interest (`ID`, `PositionX`, `PositionY`, `Icon`, `Flags`, `Importance`, `Name`, `VerifiedBuild`) VALUES ('256', '-2074.01', '5265.15', '6', '99', '0', 'Shattrath Mana Loom', '0');
INSERT INTO gossip_menu_option (`MenuID`, `OptionID`, `OptionIcon`, `OptionText`, `OptionBroadcastTextID`, `OptionType`, `OptionNpcFlag`, `ActionMenuID`, `ActionPoiID`, `BoxCoded`, `BoxMoney`, `BoxText`, `BoxBroadcastTextID`) VALUES ('8282', '8', '0', 'Mana Loom', '19589', '1', '1', '57107', '256', '0', '0', '', NULL);
INSERT INTO gossip_text (`ID`, `comment`, `text0_0`, `text0_1`, `BroadcastTextID0`, `lang0`, `Probability0`, `em0_0`, `em0_1`, `em0_2`, `em0_3`, `em0_4`, `em0_5`, `text1_0`, `text1_1`, `BroadcastTextID1`, `lang1`, `Probability1`, `em1_0`, `em1_1`, `em1_2`, `em1_3`, `em1_4`, `em1_5`, `text2_0`, `text2_1`, `BroadcastTextID2`, `lang2`, `Probability2`, `em2_0`, `em2_1`, `em2_2`, `em2_3`, `em2_4`, `em2_5`, `text3_0`, `text3_1`, `BroadcastTextID3`, `lang3`, `Probability3`, `em3_0`, `em3_1`, `em3_2`, `em3_3`, `em3_4`, `em3_5`, `text4_0`, `text4_1`, `BroadcastTextID4`, `lang4`, `Probability4`, `em4_0`, `em4_1`, `em4_2`, `em4_3`, `em4_4`, `em4_5`, `text5_0`, `text5_1`, `BroadcastTextID5`, `lang5`, `Probability5`, `em5_0`, `em5_1`, `em5_2`, `em5_3`, `em5_4`, `em5_5`, `text6_0`, `text6_1`, `BroadcastTextID6`, `lang6`, `Probability6`, `em6_0`, `em6_1`, `em6_2`, `em6_3`, `em6_4`, `em6_5`, `text7_0`, `text7_1`, `BroadcastTextID7`, `lang7`, `Probability7`, `em7_0`, `em7_1`, `em7_2`, `em7_3`, `em7_4`, `em7_5`) VALUES ('1872711', 'Imported from TC', 'Our resident alchemist Lorokeem brought his equipment with him, in fact. It may be slightly different from what you\'re used to - he is an arakkoa, after all - but it should serve your needs. He roosts in the northwest portion of the lower city.', 'Our resident alchemist Lorokeem brought his equipment with him, in fact. It may be slightly different from what you\'re used to - he is an arakkoa, after all - but it should serve your needs. He roosts in the northwest portion of the lower city.', '20384', '0', '1', '0', '1', '0', '0', '0', '0', '', '', NULL, '0', '0', '0', '0', '0', '0', '0', '0', '', '', NULL, '0', '0', '0', '0', '0', '0', '0', '0', '', '', NULL, '0', '0', '0', '0', '0', '0', '0', '0', '', '', NULL, '0', '0', '0', '0', '0', '0', '0', '0', '', '', NULL, '0', '0', '0', '0', '0', '0', '0', '0', '', '', NULL, '0', '0', '0', '0', '0', '0', '0', '0', '', '', NULL, '0', '0', '0', '0', '0', '0', '0', '0');
INSERT INTO gossip_menu (`MenuID`, `TextID`) VALUES ('8546', '1872711');
INSERT INTO points_of_interest (`ID`, `PositionX`, `PositionY`, `Icon`, `Flags`, `Importance`, `Name`, `VerifiedBuild`) VALUES ('257', '-1644.85', '5566.95', '6', '99', '0', 'Shattrath Alchemy Lab', '0');
INSERT INTO gossip_menu_option (`MenuID`, `OptionID`, `OptionIcon`, `OptionText`, `OptionBroadcastTextID`, `OptionType`, `OptionNpcFlag`, `ActionMenuID`, `ActionPoiID`, `BoxCoded`, `BoxMoney`, `BoxText`, `BoxBroadcastTextID`) VALUES ('8282', '9', '0', 'Alchemy Lab', '20383', '1', '1', '8546', '257', '0', '0', '', NULL);
INSERT INTO gossip_text (`ID`, `comment`, `text0_0`, `text0_1`, `BroadcastTextID0`, `lang0`, `Probability0`, `em0_0`, `em0_1`, `em0_2`, `em0_3`, `em0_4`, `em0_5`, `text1_0`, `text1_1`, `BroadcastTextID1`, `lang1`, `Probability1`, `em1_0`, `em1_1`, `em1_2`, `em1_3`, `em1_4`, `em1_5`, `text2_0`, `text2_1`, `BroadcastTextID2`, `lang2`, `Probability2`, `em2_0`, `em2_1`, `em2_2`, `em2_3`, `em2_4`, `em2_5`, `text3_0`, `text3_1`, `BroadcastTextID3`, `lang3`, `Probability3`, `em3_0`, `em3_1`, `em3_2`, `em3_3`, `em3_4`, `em3_5`, `text4_0`, `text4_1`, `BroadcastTextID4`, `lang4`, `Probability4`, `em4_0`, `em4_1`, `em4_2`, `em4_3`, `em4_4`, `em4_5`, `text5_0`, `text5_1`, `BroadcastTextID5`, `lang5`, `Probability5`, `em5_0`, `em5_1`, `em5_2`, `em5_3`, `em5_4`, `em5_5`, `text6_0`, `text6_1`, `BroadcastTextID6`, `lang6`, `Probability6`, `em6_0`, `em6_1`, `em6_2`, `em6_3`, `em6_4`, `em6_5`, `text7_0`, `text7_1`, `BroadcastTextID7`, `lang7`, `Probability7`, `em7_0`, `em7_1`, `em7_2`, `em7_3`, `em7_4`, `em7_5`) VALUES ('1872712', 'Imported from TC', 'There are two gem merchants in residence: one works closely with the Scryers, and the other is loyal to the Aldor. Whom do you seek?', 'There are two gem merchants in residence: one works closely with the Scryers, and the other is loyal to the Aldor. Whom do you seek?', '20386', '0', '1', '0', '1', '0', '0', '0', '0', '', '', NULL, '0', '0', '0', '0', '0', '0', '0', '0', '', '', NULL, '0', '0', '0', '0', '0', '0', '0', '0', '', '', NULL, '0', '0', '0', '0', '0', '0', '0', '0', '', '', NULL, '0', '0', '0', '0', '0', '0', '0', '0', '', '', NULL, '0', '0', '0', '0', '0', '0', '0', '0', '', '', NULL, '0', '0', '0', '0', '0', '0', '0', '0', '', '', NULL, '0', '0', '0', '0', '0', '0', '0', '0');
INSERT INTO gossip_menu (`MenuID`, `TextID`) VALUES ('8548', '1872712');
INSERT INTO gossip_text (`ID`, `comment`, `text0_0`, `text0_1`, `BroadcastTextID0`, `lang0`, `Probability0`, `em0_0`, `em0_1`, `em0_2`, `em0_3`, `em0_4`, `em0_5`, `text1_0`, `text1_1`, `BroadcastTextID1`, `lang1`, `Probability1`, `em1_0`, `em1_1`, `em1_2`, `em1_3`, `em1_4`, `em1_5`, `text2_0`, `text2_1`, `BroadcastTextID2`, `lang2`, `Probability2`, `em2_0`, `em2_1`, `em2_2`, `em2_3`, `em2_4`, `em2_5`, `text3_0`, `text3_1`, `BroadcastTextID3`, `lang3`, `Probability3`, `em3_0`, `em3_1`, `em3_2`, `em3_3`, `em3_4`, `em3_5`, `text4_0`, `text4_1`, `BroadcastTextID4`, `lang4`, `Probability4`, `em4_0`, `em4_1`, `em4_2`, `em4_3`, `em4_4`, `em4_5`, `text5_0`, `text5_1`, `BroadcastTextID5`, `lang5`, `Probability5`, `em5_0`, `em5_1`, `em5_2`, `em5_3`, `em5_4`, `em5_5`, `text6_0`, `text6_1`, `BroadcastTextID6`, `lang6`, `Probability6`, `em6_0`, `em6_1`, `em6_2`, `em6_3`, `em6_4`, `em6_5`, `text7_0`, `text7_1`, `BroadcastTextID7`, `lang7`, `Probability7`, `em7_0`, `em7_1`, `em7_2`, `em7_3`, `em7_4`, `em7_5`) VALUES ('1872713', 'Imported from TC', 'Inessera is a sharp woman who carries various gems as well as jewelcrafting supplies. You can find her shop in the northern part of Aldor Rise.', 'Inessera is a sharp woman who carries various gems as well as jewelcrafting supplies. You can find her shop in the northern part of Aldor Rise.', '20389', '0', '1', '0', '1', '0', '0', '0', '0', '', '', NULL, '0', '0', '0', '0', '0', '0', '0', '0', '', '', NULL, '0', '0', '0', '0', '0', '0', '0', '0', '', '', NULL, '0', '0', '0', '0', '0', '0', '0', '0', '', '', NULL, '0', '0', '0', '0', '0', '0', '0', '0', '', '', NULL, '0', '0', '0', '0', '0', '0', '0', '0', '', '', NULL, '0', '0', '0', '0', '0', '0', '0', '0', '', '', NULL, '0', '0', '0', '0', '0', '0', '0', '0');
INSERT INTO gossip_menu (`MenuID`, `TextID`) VALUES ('8547', '1872713');
INSERT INTO points_of_interest (`ID`, `PositionX`, `PositionY`, `Icon`, `Flags`, `Importance`, `Name`, `VerifiedBuild`) VALUES ('259', '-1643.77', '5669.46', '6', '99', '0', 'Aldor Gem Vendor', '0');
INSERT INTO gossip_menu_option (`MenuID`, `OptionID`, `OptionIcon`, `OptionText`, `OptionBroadcastTextID`, `OptionType`, `OptionNpcFlag`, `ActionMenuID`, `ActionPoiID`, `BoxCoded`, `BoxMoney`, `BoxText`, `BoxBroadcastTextID`) VALUES ('8548', '0', '0', 'Aldor Gem Merchant', '20388', '1', '1', '8547', '259', '0', '0', '', NULL);
-- Text 10699 already present in Sun DB
INSERT INTO gossip_menu (`MenuID`, `TextID`) VALUES ('8549', '10699');
INSERT INTO points_of_interest (`ID`, `PositionX`, `PositionY`, `Icon`, `Flags`, `Importance`, `Name`, `VerifiedBuild`) VALUES ('258', '-2194.36', '5422.41', '6', '99', '0', 'Scryer Gem Vendor', '0');
INSERT INTO gossip_menu_option (`MenuID`, `OptionID`, `OptionIcon`, `OptionText`, `OptionBroadcastTextID`, `OptionType`, `OptionNpcFlag`, `ActionMenuID`, `ActionPoiID`, `BoxCoded`, `BoxMoney`, `BoxText`, `BoxBroadcastTextID`) VALUES ('8548', '1', '0', 'Scryer Gem Merchant', '20390', '1', '1', '8549', '258', '0', '0', '', NULL);
INSERT INTO gossip_menu_option (`MenuID`, `OptionID`, `OptionIcon`, `OptionText`, `OptionBroadcastTextID`, `OptionType`, `OptionNpcFlag`, `ActionMenuID`, `ActionPoiID`, `BoxCoded`, `BoxMoney`, `BoxText`, `BoxBroadcastTextID`) VALUES ('8282', '10', '0', 'Gem Merchant', '20385', '1', '1', '8548', NULL, '0', '0', '', NULL);
UPDATE creature_template SET npcflag = (npcflag | 1), gossip_menu_id = 8282 WHERE entry = 19687;


-- Importing creature gossip with entry 21318 (Spirit of Ar'tor) with import type SMART
UPDATE creature_template SET ScriptName = '', AIName = 'SmartAI' WHERE entry = 21318;
DELETE FROM smart_scripts WHERE entryorguid = 21318 AND source_type = 0;
DELETE FROM creature_text WHERE CreatureID = 21318;
INSERT INTO creature_text (`CreatureID`, `GroupID`, `ID`, `Text`, `Type`, `Language`, `Probability`, `Emote`, `Duration`, `Sound`, `BroadcastTextId`, `TextRange`, `comment`) VALUES ('21318', '0', '0', 'I... I have died... I was in so much pain... engulfed in darkness... Can you see me, $r?', '12', '0', '100', '0', '0', '0', '18993', '0', 'Spirit of Ar\'tor ');
INSERT INTO gossip_text (`ID`, `comment`, `text0_0`, `text0_1`, `BroadcastTextID0`, `lang0`, `Probability0`, `em0_0`, `em0_1`, `em0_2`, `em0_3`, `em0_4`, `em0_5`, `text1_0`, `text1_1`, `BroadcastTextID1`, `lang1`, `Probability1`, `em1_0`, `em1_1`, `em1_2`, `em1_3`, `em1_4`, `em1_5`, `text2_0`, `text2_1`, `BroadcastTextID2`, `lang2`, `Probability2`, `em2_0`, `em2_1`, `em2_2`, `em2_3`, `em2_4`, `em2_5`, `text3_0`, `text3_1`, `BroadcastTextID3`, `lang3`, `Probability3`, `em3_0`, `em3_1`, `em3_2`, `em3_3`, `em3_4`, `em3_5`, `text4_0`, `text4_1`, `BroadcastTextID4`, `lang4`, `Probability4`, `em4_0`, `em4_1`, `em4_2`, `em4_3`, `em4_4`, `em4_5`, `text5_0`, `text5_1`, `BroadcastTextID5`, `lang5`, `Probability5`, `em5_0`, `em5_1`, `em5_2`, `em5_3`, `em5_4`, `em5_5`, `text6_0`, `text6_1`, `BroadcastTextID6`, `lang6`, `Probability6`, `em6_0`, `em6_1`, `em6_2`, `em6_3`, `em6_4`, `em6_5`, `text7_0`, `text7_1`, `BroadcastTextID7`, `lang7`, `Probability7`, `em7_0`, `em7_1`, `em7_2`, `em7_3`, `em7_4`, `em7_5`) VALUES ('1872714', 'Imported from TC', 'I... died.$B$BWhy am I still here? Is there no great hunting ground that I ascend to?$B$BNo... I must first complete my task. Before I can leave this world, the second part of the Cipher of Damnation must be recovered.', 'I... died.$B$BWhy am I still here? Is there no great hunting ground that I ascend to?$B$BNo... I must first complete my task. Before I can leave this world, the second part of the Cipher of Damnation must be recovered.', '18978', '0', '1', '0', '1', '0', '274', '0', '273', '', '', NULL, '0', '0', '0', '0', '0', '0', '0', '0', '', '', NULL, '0', '0', '0', '0', '0', '0', '0', '0', '', '', NULL, '0', '0', '0', '0', '0', '0', '0', '0', '', '', NULL, '0', '0', '0', '0', '0', '0', '0', '0', '', '', NULL, '0', '0', '0', '0', '0', '0', '0', '0', '', '', NULL, '0', '0', '0', '0', '0', '0', '0', '0', '', '', NULL, '0', '0', '0', '0', '0', '0', '0', '0');
INSERT INTO gossip_menu (`MenuID`, `TextID`) VALUES ('8288', '1872714');
INSERT INTO gossip_menu_option (`MenuID`, `OptionID`, `OptionIcon`, `OptionText`, `OptionBroadcastTextID`, `OptionType`, `OptionNpcFlag`, `ActionMenuID`, `ActionPoiID`, `BoxCoded`, `BoxMoney`, `BoxText`, `BoxBroadcastTextID`) VALUES ('8288', '0', '0', 'I require the aid of another spirit hunter, Ar\'tor.', '19017', '1', '1', NULL, NULL, '0', '0', '', NULL);
INSERT INTO conditions (`SourceTypeOrReferenceId`, `SourceGroup`, `SourceEntry`, `SourceId`, `ElseGroup`, `ConditionTypeOrReference`, `ConditionTarget`, `ConditionValue1`, `ConditionValue2`, `ConditionValue3`, `NegativeCondition`, `ErrorType`, `ErrorTextId`, `ScriptName`, `Comment`) VALUES ('15', '8288', '0', '0', '0', '9', '0', '10540', '0', '0', '0', '0', '0', '', '(autoimported) Gossip Option requires quest 10540 taken');
INSERT INTO conditions (`SourceTypeOrReferenceId`, `SourceGroup`, `SourceEntry`, `SourceId`, `ElseGroup`, `ConditionTypeOrReference`, `ConditionTarget`, `ConditionValue1`, `ConditionValue2`, `ConditionValue3`, `NegativeCondition`, `ErrorType`, `ErrorTextId`, `ScriptName`, `Comment`) VALUES ('15', '8288', '0', '0', '0', '1', '0', '36620', '2', '0', '1', '0', '0', '', '(autoimported) Gossip Option requires player does not have aura 36620');
INSERT INTO conditions (`SourceTypeOrReferenceId`, `SourceGroup`, `SourceEntry`, `SourceId`, `ElseGroup`, `ConditionTypeOrReference`, `ConditionTarget`, `ConditionValue1`, `ConditionValue2`, `ConditionValue3`, `NegativeCondition`, `ErrorType`, `ErrorTextId`, `ScriptName`, `Comment`) VALUES ('15', '8288', '0', '0', '0', '29', '1', '21332', '40', '0', '1', '0', '0', '', '(autoimported) Gossip Option requires no npc 21332 present');
INSERT INTO smart_scripts (`entryorguid`, `source_type`, `id`, `link`, `event_type`, `event_phase_mask`, `event_chance`, `event_flags`, `event_param1`, `event_param2`, `event_param3`, `event_param4`, `event_param5`, `action_type`, `action_param1`, `action_param2`, `action_param3`, `action_param4`, `action_param5`, `action_param6`, `target_type`, `target_param1`, `target_param2`, `target_param3`, `target_param4`, `target_x`, `target_y`, `target_z`, `target_o`, `comment`) VALUES ('21318', '0', '0', '0', '38', '0', '100', '0', '0', '1', '0', '0', '0', '1', '0', '0', '0', '0', '0', '0', '21', '30', '0', '0', '0', '0', '0', '0', '0', 'Spirit of Ar\'tor -On Data set - Talk'), ('21318', '0', '1', '2', '62', '0', '100', '0', '8288', '0', '0', '0', '0', '85', '36620', '2', '0', '0', '0', '0', '7', '0', '0', '0', '0', '0', '0', '0', '0', 'Spirit of Ar\'tor - On Gossip Option 0 Selected - Invoker Cast Spirit of Ar\'tor'), ('21318', '0', '2', '0', '61', '0', '100', '512', '0', '0', '0', '0', '0', '72', '0', '0', '0', '0', '0', '0', '7', '0', '0', '0', '0', '0', '0', '0', '0', 'Spirit of Ar\'tor - On Gossip Option 0 Selected - Close Gossip'), ('21318', '0', '3', '0', '19', '0', '100', '0', '10540', '0', '0', '0', '0', '85', '36620', '2', '0', '0', '0', '0', '7', '0', '0', '0', '0', '0', '0', '0', '0', 'Spirit of Ar\'tor - On Quest Accept (10540) - Invoker Cast Spirit of Ar\'tor');
-- Menu 8288 is already imported
UPDATE creature_template SET npcflag = (npcflag | 1), gossip_menu_id = 8288 WHERE entry = 21318;


-- Importing creature gossip with entry 20977 (Millhouse Manastorm) with import type GOSSIP
-- Text 10373 already present in Sun DB
INSERT INTO gossip_menu (`MenuID`, `TextID`) VALUES ('8310', '10373');
UPDATE creature_template SET gossip_menu_id = 8310 WHERE entry = 20977;


-- Importing creature gossip with entry 21160 (Conjured Water Elemental) with import type GOSSIP
INSERT INTO gossip_text (`ID`, `comment`, `text0_0`, `text0_1`, `BroadcastTextID0`, `lang0`, `Probability0`, `em0_0`, `em0_1`, `em0_2`, `em0_3`, `em0_4`, `em0_5`, `text1_0`, `text1_1`, `BroadcastTextID1`, `lang1`, `Probability1`, `em1_0`, `em1_1`, `em1_2`, `em1_3`, `em1_4`, `em1_5`, `text2_0`, `text2_1`, `BroadcastTextID2`, `lang2`, `Probability2`, `em2_0`, `em2_1`, `em2_2`, `em2_3`, `em2_4`, `em2_5`, `text3_0`, `text3_1`, `BroadcastTextID3`, `lang3`, `Probability3`, `em3_0`, `em3_1`, `em3_2`, `em3_3`, `em3_4`, `em3_5`, `text4_0`, `text4_1`, `BroadcastTextID4`, `lang4`, `Probability4`, `em4_0`, `em4_1`, `em4_2`, `em4_3`, `em4_4`, `em4_5`, `text5_0`, `text5_1`, `BroadcastTextID5`, `lang5`, `Probability5`, `em5_0`, `em5_1`, `em5_2`, `em5_3`, `em5_4`, `em5_5`, `text6_0`, `text6_1`, `BroadcastTextID6`, `lang6`, `Probability6`, `em6_0`, `em6_1`, `em6_2`, `em6_3`, `em6_4`, `em6_5`, `text7_0`, `text7_1`, `BroadcastTextID7`, `lang7`, `Probability7`, `em7_0`, `em7_1`, `em7_2`, `em7_3`, `em7_4`, `em7_5`) VALUES ('1872715', 'Imported from TC', '<The water elemental is ready to surge.>', '', '19286', '0', '1', '0', '0', '0', '0', '0', '0', '', '', NULL, '0', '0', '0', '0', '0', '0', '0', '0', '', '', NULL, '0', '0', '0', '0', '0', '0', '0', '0', '', '', NULL, '0', '0', '0', '0', '0', '0', '0', '0', '', '', NULL, '0', '0', '0', '0', '0', '0', '0', '0', '', '', NULL, '0', '0', '0', '0', '0', '0', '0', '0', '', '', NULL, '0', '0', '0', '0', '0', '0', '0', '0', '', '', NULL, '0', '0', '0', '0', '0', '0', '0', '0');
INSERT INTO gossip_menu (`MenuID`, `TextID`) VALUES ('8345', '1872715');
INSERT INTO gossip_menu_option (`MenuID`, `OptionID`, `OptionIcon`, `OptionText`, `OptionBroadcastTextID`, `OptionType`, `OptionNpcFlag`, `ActionMenuID`, `ActionPoiID`, `BoxCoded`, `BoxMoney`, `BoxText`, `BoxBroadcastTextID`) VALUES ('8345', '0', '0', 'Control Conjured Water Elemental.', '19285', '1', '1', NULL, NULL, '0', '0', '', NULL);
UPDATE creature_template SET npcflag = (npcflag | 1), gossip_menu_id = 8345 WHERE entry = 21160;


-- Importing creature gossip with entry 21664 (Human Charger) with import type GOSSIP
-- Text 10414 already present in Sun DB
INSERT INTO gossip_menu (`MenuID`, `TextID`) VALUES ('8346', '10414');
INSERT INTO gossip_menu_option (`MenuID`, `OptionID`, `OptionIcon`, `OptionText`, `OptionBroadcastTextID`, `OptionType`, `OptionNpcFlag`, `ActionMenuID`, `ActionPoiID`, `BoxCoded`, `BoxMoney`, `BoxText`, `BoxBroadcastTextID`) VALUES ('8346', '0', '0', 'Control Human Charger.', '19288', '1', '1', NULL, NULL, '0', '0', '', NULL);
UPDATE creature_template SET npcflag = (npcflag | 1), gossip_menu_id = 8346 WHERE entry = 21664;


-- Importing creature gossip with entry 21682 (Human Cleric) with import type GOSSIP
-- Text 10416 already present in Sun DB
INSERT INTO gossip_menu (`MenuID`, `TextID`) VALUES ('8347', '10416');
INSERT INTO gossip_menu_option (`MenuID`, `OptionID`, `OptionIcon`, `OptionText`, `OptionBroadcastTextID`, `OptionType`, `OptionNpcFlag`, `ActionMenuID`, `ActionPoiID`, `BoxCoded`, `BoxMoney`, `BoxText`, `BoxBroadcastTextID`) VALUES ('8347', '0', '0', 'Control Human Cleric', '19293', '1', '1', NULL, NULL, '0', '0', '', NULL);
UPDATE creature_template SET npcflag = (npcflag | 1), gossip_menu_id = 8347 WHERE entry = 21682;


-- Importing creature gossip with entry 21683 (Human Conjurer) with import type GOSSIP
-- Text 10417 already present in Sun DB
INSERT INTO gossip_menu (`MenuID`, `TextID`) VALUES ('8348', '10417');
INSERT INTO gossip_menu_option (`MenuID`, `OptionID`, `OptionIcon`, `OptionText`, `OptionBroadcastTextID`, `OptionType`, `OptionNpcFlag`, `ActionMenuID`, `ActionPoiID`, `BoxCoded`, `BoxMoney`, `BoxText`, `BoxBroadcastTextID`) VALUES ('8348', '0', '0', 'Control Human Conjurer', '19295', '1', '1', NULL, NULL, '0', '0', '', NULL);
UPDATE creature_template SET npcflag = (npcflag | 1), gossip_menu_id = 8348 WHERE entry = 21683;


-- Importing creature gossip with entry 21684 (King Llane) with import type GOSSIP
-- Text 10418 already present in Sun DB
INSERT INTO gossip_menu (`MenuID`, `TextID`) VALUES ('8349', '10418');
INSERT INTO gossip_menu_option (`MenuID`, `OptionID`, `OptionIcon`, `OptionText`, `OptionBroadcastTextID`, `OptionType`, `OptionNpcFlag`, `ActionMenuID`, `ActionPoiID`, `BoxCoded`, `BoxMoney`, `BoxText`, `BoxBroadcastTextID`) VALUES ('8349', '0', '0', 'Control King Llane', '19297', '1', '1', NULL, NULL, '0', '0', '', NULL);
UPDATE creature_template SET npcflag = (npcflag | 1), gossip_menu_id = 8349 WHERE entry = 21684;


-- Importing creature gossip with entry 17469 (Orc Grunt) with import type GOSSIP
-- Importing menu 8354 as 57108
INSERT INTO gossip_text (`ID`, `comment`, `text0_0`, `text0_1`, `BroadcastTextID0`, `lang0`, `Probability0`, `em0_0`, `em0_1`, `em0_2`, `em0_3`, `em0_4`, `em0_5`, `text1_0`, `text1_1`, `BroadcastTextID1`, `lang1`, `Probability1`, `em1_0`, `em1_1`, `em1_2`, `em1_3`, `em1_4`, `em1_5`, `text2_0`, `text2_1`, `BroadcastTextID2`, `lang2`, `Probability2`, `em2_0`, `em2_1`, `em2_2`, `em2_3`, `em2_4`, `em2_5`, `text3_0`, `text3_1`, `BroadcastTextID3`, `lang3`, `Probability3`, `em3_0`, `em3_1`, `em3_2`, `em3_3`, `em3_4`, `em3_5`, `text4_0`, `text4_1`, `BroadcastTextID4`, `lang4`, `Probability4`, `em4_0`, `em4_1`, `em4_2`, `em4_3`, `em4_4`, `em4_5`, `text5_0`, `text5_1`, `BroadcastTextID5`, `lang5`, `Probability5`, `em5_0`, `em5_1`, `em5_2`, `em5_3`, `em5_4`, `em5_5`, `text6_0`, `text6_1`, `BroadcastTextID6`, `lang6`, `Probability6`, `em6_0`, `em6_1`, `em6_2`, `em6_3`, `em6_4`, `em6_5`, `text7_0`, `text7_1`, `BroadcastTextID7`, `lang7`, `Probability7`, `em7_0`, `em7_1`, `em7_2`, `em7_3`, `em7_4`, `em7_5`) VALUES ('1872716', 'Imported from TC', '<The grunt\'s mouth waters, anticipating bloodshed.>', '', '19319', '0', '1', '0', '0', '0', '0', '0', '0', '', '', NULL, '0', '0', '0', '0', '0', '0', '0', '0', '', '', NULL, '0', '0', '0', '0', '0', '0', '0', '0', '', '', NULL, '0', '0', '0', '0', '0', '0', '0', '0', '', '', NULL, '0', '0', '0', '0', '0', '0', '0', '0', '', '', NULL, '0', '0', '0', '0', '0', '0', '0', '0', '', '', NULL, '0', '0', '0', '0', '0', '0', '0', '0', '', '', NULL, '0', '0', '0', '0', '0', '0', '0', '0');
INSERT INTO gossip_menu (`MenuID`, `TextID`) VALUES ('57108', '1872716');
INSERT INTO gossip_menu_option (`MenuID`, `OptionID`, `OptionIcon`, `OptionText`, `OptionBroadcastTextID`, `OptionType`, `OptionNpcFlag`, `ActionMenuID`, `ActionPoiID`, `BoxCoded`, `BoxMoney`, `BoxText`, `BoxBroadcastTextID`) VALUES ('57108', '0', '0', 'Control Orc Grunt', '19320', '1', '1', NULL, NULL, '0', '0', '', NULL);
UPDATE creature_template SET npcflag = (npcflag | 1), gossip_menu_id = 57108 WHERE entry = 17469;


-- Importing creature gossip with entry 21726 (Summoned Daemon) with import type GOSSIP
-- Importing menu 8355 as 57109
-- Text 10426 already present in Sun DB
INSERT INTO gossip_menu (`MenuID`, `TextID`) VALUES ('57109', '10426');
INSERT INTO gossip_menu_option (`MenuID`, `OptionID`, `OptionIcon`, `OptionText`, `OptionBroadcastTextID`, `OptionType`, `OptionNpcFlag`, `ActionMenuID`, `ActionPoiID`, `BoxCoded`, `BoxMoney`, `BoxText`, `BoxBroadcastTextID`) VALUES ('57109', '0', '0', 'Control Summoned Daemon', '19323', '1', '1', NULL, NULL, '0', '0', '', NULL);
UPDATE creature_template SET npcflag = (npcflag | 1), gossip_menu_id = 57109 WHERE entry = 21726;


-- Importing creature gossip with entry 18568 (Scryer Arcane Guardian) with import type GOSSIP
-- Importing menu 8357 as 57110
-- Text 10430 already present in Sun DB
INSERT INTO gossip_menu (`MenuID`, `TextID`) VALUES ('57110', '10430');
-- Importing menu 8358 as 57111
-- Text 10431 already present in Sun DB
INSERT INTO gossip_menu (`MenuID`, `TextID`) VALUES ('57111', '10431');
-- POI 240 is already imported
INSERT INTO gossip_menu_option (`MenuID`, `OptionID`, `OptionIcon`, `OptionText`, `OptionBroadcastTextID`, `OptionType`, `OptionNpcFlag`, `ActionMenuID`, `ActionPoiID`, `BoxCoded`, `BoxMoney`, `BoxText`, `BoxBroadcastTextID`) VALUES ('57110', '0', '0', 'World\'s End Tavern', '19241', '1', '1', '57111', '240', '0', '0', '', NULL);
-- Importing menu 8359 as 57112
-- Text 10432 already present in Sun DB
INSERT INTO gossip_menu (`MenuID`, `TextID`) VALUES ('57112', '10432');
-- POI 241 is already imported
INSERT INTO gossip_menu_option (`MenuID`, `OptionID`, `OptionIcon`, `OptionText`, `OptionBroadcastTextID`, `OptionType`, `OptionNpcFlag`, `ActionMenuID`, `ActionPoiID`, `BoxCoded`, `BoxMoney`, `BoxText`, `BoxBroadcastTextID`) VALUES ('57110', '1', '0', 'Bank', '44628', '1', '1', '57112', '241', '0', '0', '', NULL);
-- Text 10433 already present in Sun DB
INSERT INTO gossip_menu (`MenuID`, `TextID`) VALUES ('8360', '10433');
-- POI 242 is already imported
INSERT INTO gossip_menu_option (`MenuID`, `OptionID`, `OptionIcon`, `OptionText`, `OptionBroadcastTextID`, `OptionType`, `OptionNpcFlag`, `ActionMenuID`, `ActionPoiID`, `BoxCoded`, `BoxMoney`, `BoxText`, `BoxBroadcastTextID`) VALUES ('57110', '2', '0', 'Inn', '44629', '1', '1', '8360', '242', '0', '0', '', NULL);
-- Text 10435 already present in Sun DB
INSERT INTO gossip_menu (`MenuID`, `TextID`) VALUES ('8361', '10435');
-- POI 243 is already imported
INSERT INTO gossip_menu_option (`MenuID`, `OptionID`, `OptionIcon`, `OptionText`, `OptionBroadcastTextID`, `OptionType`, `OptionNpcFlag`, `ActionMenuID`, `ActionPoiID`, `BoxCoded`, `BoxMoney`, `BoxText`, `BoxBroadcastTextID`) VALUES ('57110', '3', '0', 'Flight Master', '45379', '1', '1', '8361', '243', '0', '0', '', NULL);
-- Text 10436 already present in Sun DB
INSERT INTO gossip_menu (`MenuID`, `TextID`) VALUES ('8363', '10436');
-- POI 242 is already imported
INSERT INTO gossip_menu_option (`MenuID`, `OptionID`, `OptionIcon`, `OptionText`, `OptionBroadcastTextID`, `OptionType`, `OptionNpcFlag`, `ActionMenuID`, `ActionPoiID`, `BoxCoded`, `BoxMoney`, `BoxText`, `BoxBroadcastTextID`) VALUES ('57110', '4', '0', 'Mailbox', '45381', '1', '1', '8363', '242', '0', '0', '', NULL);
-- Text 10437 already present in Sun DB
INSERT INTO gossip_menu (`MenuID`, `TextID`) VALUES ('8364', '10437');
-- POI 245 is already imported
INSERT INTO gossip_menu_option (`MenuID`, `OptionID`, `OptionIcon`, `OptionText`, `OptionBroadcastTextID`, `OptionType`, `OptionNpcFlag`, `ActionMenuID`, `ActionPoiID`, `BoxCoded`, `BoxMoney`, `BoxText`, `BoxBroadcastTextID`) VALUES ('57110', '5', '0', 'Stable Master', '45383', '1', '1', '8364', '245', '0', '0', '', NULL);
-- Text 10438 already present in Sun DB
INSERT INTO gossip_menu (`MenuID`, `TextID`) VALUES ('8365', '10438');
-- Text 10513 already present in Sun DB
INSERT INTO gossip_menu (`MenuID`, `TextID`) VALUES ('8408', '10513');
-- POI 246 is already imported
INSERT INTO gossip_menu_option (`MenuID`, `OptionID`, `OptionIcon`, `OptionText`, `OptionBroadcastTextID`, `OptionType`, `OptionNpcFlag`, `ActionMenuID`, `ActionPoiID`, `BoxCoded`, `BoxMoney`, `BoxText`, `BoxBroadcastTextID`) VALUES ('8365', '0', '0', 'Alliance Battlemasters', '19227', '1', '1', '8408', '246', '0', '0', '', NULL);
-- Text 10514 already present in Sun DB
INSERT INTO gossip_menu (`MenuID`, `TextID`) VALUES ('8409', '10514');
-- POI 247 is already imported
INSERT INTO gossip_menu_option (`MenuID`, `OptionID`, `OptionIcon`, `OptionText`, `OptionBroadcastTextID`, `OptionType`, `OptionNpcFlag`, `ActionMenuID`, `ActionPoiID`, `BoxCoded`, `BoxMoney`, `BoxText`, `BoxBroadcastTextID`) VALUES ('8365', '1', '0', 'Horde Battlemasters', '19228', '1', '1', '8409', '247', '0', '0', '', NULL);
INSERT INTO gossip_menu_option (`MenuID`, `OptionID`, `OptionIcon`, `OptionText`, `OptionBroadcastTextID`, `OptionType`, `OptionNpcFlag`, `ActionMenuID`, `ActionPoiID`, `BoxCoded`, `BoxMoney`, `BoxText`, `BoxBroadcastTextID`) VALUES ('57110', '6', '0', 'Battlemaster', '19209', '1', '1', '8365', NULL, '0', '0', '', NULL);
-- Importing menu 8403 as 57113
-- Text 10504 already present in Sun DB
INSERT INTO gossip_menu (`MenuID`, `TextID`) VALUES ('57113', '10504');
-- Importing menu 8411 as 57114
-- Text 10516 already present in Sun DB
INSERT INTO gossip_menu (`MenuID`, `TextID`) VALUES ('57114', '10516');
-- POI 248 is already imported
INSERT INTO gossip_menu_option (`MenuID`, `OptionID`, `OptionIcon`, `OptionText`, `OptionBroadcastTextID`, `OptionType`, `OptionNpcFlag`, `ActionMenuID`, `ActionPoiID`, `BoxCoded`, `BoxMoney`, `BoxText`, `BoxBroadcastTextID`) VALUES ('57113', '0', '0', 'Alchemy', '52058', '1', '1', '57114', '248', '0', '0', '', NULL);
-- Text 10517 already present in Sun DB
INSERT INTO gossip_menu (`MenuID`, `TextID`) VALUES ('8412', '10517');
-- POI 249 is already imported
INSERT INTO gossip_menu_option (`MenuID`, `OptionID`, `OptionIcon`, `OptionText`, `OptionBroadcastTextID`, `OptionType`, `OptionNpcFlag`, `ActionMenuID`, `ActionPoiID`, `BoxCoded`, `BoxMoney`, `BoxText`, `BoxBroadcastTextID`) VALUES ('57113', '1', '0', 'Blacksmithing', '51346', '1', '1', '8412', '249', '0', '0', '', NULL);
-- Importing menu 8413 as 57115
-- Text 10518 already present in Sun DB
INSERT INTO gossip_menu (`MenuID`, `TextID`) VALUES ('57115', '10518');
-- POI 250 is already imported
INSERT INTO gossip_menu_option (`MenuID`, `OptionID`, `OptionIcon`, `OptionText`, `OptionBroadcastTextID`, `OptionType`, `OptionNpcFlag`, `ActionMenuID`, `ActionPoiID`, `BoxCoded`, `BoxMoney`, `BoxText`, `BoxBroadcastTextID`) VALUES ('57113', '2', '0', 'Cooking', '45763', '1', '1', '57115', '250', '0', '0', '', NULL);
-- Text 10519 already present in Sun DB
INSERT INTO gossip_menu (`MenuID`, `TextID`) VALUES ('8414', '10519');
-- POI 251 is already imported
INSERT INTO gossip_menu_option (`MenuID`, `OptionID`, `OptionIcon`, `OptionText`, `OptionBroadcastTextID`, `OptionType`, `OptionNpcFlag`, `ActionMenuID`, `ActionPoiID`, `BoxCoded`, `BoxMoney`, `BoxText`, `BoxBroadcastTextID`) VALUES ('57113', '3', '0', 'Enchanting', '52063', '1', '1', '8414', '251', '0', '0', '', NULL);
-- Text 10520 already present in Sun DB
INSERT INTO gossip_menu (`MenuID`, `TextID`) VALUES ('8415', '10520');
-- POI 252 is already imported
INSERT INTO gossip_menu_option (`MenuID`, `OptionID`, `OptionIcon`, `OptionText`, `OptionBroadcastTextID`, `OptionType`, `OptionNpcFlag`, `ActionMenuID`, `ActionPoiID`, `BoxCoded`, `BoxMoney`, `BoxText`, `BoxBroadcastTextID`) VALUES ('57113', '4', '0', 'First Aid', '52066', '1', '1', '8415', '252', '0', '0', '', NULL);
-- Text 10521 already present in Sun DB
INSERT INTO gossip_menu (`MenuID`, `TextID`) VALUES ('8416', '10521');
-- POI 253 is already imported
INSERT INTO gossip_menu_option (`MenuID`, `OptionID`, `OptionIcon`, `OptionText`, `OptionBroadcastTextID`, `OptionType`, `OptionNpcFlag`, `ActionMenuID`, `ActionPoiID`, `BoxCoded`, `BoxMoney`, `BoxText`, `BoxBroadcastTextID`) VALUES ('57113', '5', '0', 'Jewelcrafting', '45758', '1', '1', '8416', '253', '0', '0', '', NULL);
INSERT INTO gossip_text (`ID`, `comment`, `text0_0`, `text0_1`, `BroadcastTextID0`, `lang0`, `Probability0`, `em0_0`, `em0_1`, `em0_2`, `em0_3`, `em0_4`, `em0_5`, `text1_0`, `text1_1`, `BroadcastTextID1`, `lang1`, `Probability1`, `em1_0`, `em1_1`, `em1_2`, `em1_3`, `em1_4`, `em1_5`, `text2_0`, `text2_1`, `BroadcastTextID2`, `lang2`, `Probability2`, `em2_0`, `em2_1`, `em2_2`, `em2_3`, `em2_4`, `em2_5`, `text3_0`, `text3_1`, `BroadcastTextID3`, `lang3`, `Probability3`, `em3_0`, `em3_1`, `em3_2`, `em3_3`, `em3_4`, `em3_5`, `text4_0`, `text4_1`, `BroadcastTextID4`, `lang4`, `Probability4`, `em4_0`, `em4_1`, `em4_2`, `em4_3`, `em4_4`, `em4_5`, `text5_0`, `text5_1`, `BroadcastTextID5`, `lang5`, `Probability5`, `em5_0`, `em5_1`, `em5_2`, `em5_3`, `em5_4`, `em5_5`, `text6_0`, `text6_1`, `BroadcastTextID6`, `lang6`, `Probability6`, `em6_0`, `em6_1`, `em6_2`, `em6_3`, `em6_4`, `em6_5`, `text7_0`, `text7_1`, `BroadcastTextID7`, `lang7`, `Probability7`, `em7_0`, `em7_1`, `em7_2`, `em7_3`, `em7_4`, `em7_5`) VALUES ('1872717', 'Imported from TC', 'The grand master leatherworker Darmari may be found in the lower city\'s open marketplace.', 'The grand master leatherworker Darmari may be found in the lower city\'s open marketplace.', '19248', '0', '1', '0', '1', '0', '0', '0', '0', '', '', NULL, '0', '0', '0', '0', '0', '0', '0', '0', '', '', NULL, '0', '0', '0', '0', '0', '0', '0', '0', '', '', NULL, '0', '0', '0', '0', '0', '0', '0', '0', '', '', NULL, '0', '0', '0', '0', '0', '0', '0', '0', '', '', NULL, '0', '0', '0', '0', '0', '0', '0', '0', '', '', NULL, '0', '0', '0', '0', '0', '0', '0', '0', '', '', NULL, '0', '0', '0', '0', '0', '0', '0', '0');
INSERT INTO gossip_menu (`MenuID`, `TextID`) VALUES ('8417', '1872717');
-- POI 254 is already imported
INSERT INTO gossip_menu_option (`MenuID`, `OptionID`, `OptionIcon`, `OptionText`, `OptionBroadcastTextID`, `OptionType`, `OptionNpcFlag`, `ActionMenuID`, `ActionPoiID`, `BoxCoded`, `BoxMoney`, `BoxText`, `BoxBroadcastTextID`) VALUES ('57113', '6', '0', 'Leatherworking', '52071', '1', '1', '8417', '254', '0', '0', '', NULL);
-- Importing menu 8418 as 57116
-- Text 10523 already present in Sun DB
INSERT INTO gossip_menu (`MenuID`, `TextID`) VALUES ('57116', '10523');
-- POI 255 is already imported
INSERT INTO gossip_menu_option (`MenuID`, `OptionID`, `OptionIcon`, `OptionText`, `OptionBroadcastTextID`, `OptionType`, `OptionNpcFlag`, `ActionMenuID`, `ActionPoiID`, `BoxCoded`, `BoxMoney`, `BoxText`, `BoxBroadcastTextID`) VALUES ('57113', '7', '0', 'Skinning', '52076', '1', '1', '57116', '255', '0', '0', '', NULL);
INSERT INTO gossip_menu_option (`MenuID`, `OptionID`, `OptionIcon`, `OptionText`, `OptionBroadcastTextID`, `OptionType`, `OptionNpcFlag`, `ActionMenuID`, `ActionPoiID`, `BoxCoded`, `BoxMoney`, `BoxText`, `BoxBroadcastTextID`) VALUES ('57110', '7', '0', 'Profession Trainer', '45382', '1', '1', '57113', NULL, '0', '0', '', NULL);
-- Importing menu 8550 as 57117
-- Text 10503 is already imported as 1872710
INSERT INTO gossip_menu (`MenuID`, `TextID`) VALUES ('57117', '1872710');
-- POI 256 is already imported
INSERT INTO gossip_menu_option (`MenuID`, `OptionID`, `OptionIcon`, `OptionText`, `OptionBroadcastTextID`, `OptionType`, `OptionNpcFlag`, `ActionMenuID`, `ActionPoiID`, `BoxCoded`, `BoxMoney`, `BoxText`, `BoxBroadcastTextID`) VALUES ('57110', '8', '0', 'Mana Loom', '19589', '1', '1', '57117', '256', '0', '0', '', NULL);
-- Text 10701 already present in Sun DB
INSERT INTO gossip_menu (`MenuID`, `TextID`) VALUES ('8551', '10701');
-- POI 257 is already imported
INSERT INTO gossip_menu_option (`MenuID`, `OptionID`, `OptionIcon`, `OptionText`, `OptionBroadcastTextID`, `OptionType`, `OptionNpcFlag`, `ActionMenuID`, `ActionPoiID`, `BoxCoded`, `BoxMoney`, `BoxText`, `BoxBroadcastTextID`) VALUES ('57110', '9', '0', 'Alchemy Lab', '20383', '1', '1', '8551', '257', '0', '0', '', NULL);
-- Text 10702 already present in Sun DB
INSERT INTO gossip_menu (`MenuID`, `TextID`) VALUES ('8552', '10702');
-- POI 258 is already imported
INSERT INTO gossip_menu_option (`MenuID`, `OptionID`, `OptionIcon`, `OptionText`, `OptionBroadcastTextID`, `OptionType`, `OptionNpcFlag`, `ActionMenuID`, `ActionPoiID`, `BoxCoded`, `BoxMoney`, `BoxText`, `BoxBroadcastTextID`) VALUES ('57110', '10', '0', 'Gem Merchant', '20385', '1', '1', '8552', '258', '0', '0', '', NULL);
UPDATE creature_template SET npcflag = (npcflag | 1), gossip_menu_id = 57110 WHERE entry = 18568;
DELETE FROM gossip_menu WHERE MenuID = 10430;


-- Importing creature gossip with entry 21747 (Orc Necrolyte) with import type GOSSIP
INSERT INTO gossip_text (`ID`, `comment`, `text0_0`, `text0_1`, `BroadcastTextID0`, `lang0`, `Probability0`, `em0_0`, `em0_1`, `em0_2`, `em0_3`, `em0_4`, `em0_5`, `text1_0`, `text1_1`, `BroadcastTextID1`, `lang1`, `Probability1`, `em1_0`, `em1_1`, `em1_2`, `em1_3`, `em1_4`, `em1_5`, `text2_0`, `text2_1`, `BroadcastTextID2`, `lang2`, `Probability2`, `em2_0`, `em2_1`, `em2_2`, `em2_3`, `em2_4`, `em2_5`, `text3_0`, `text3_1`, `BroadcastTextID3`, `lang3`, `Probability3`, `em3_0`, `em3_1`, `em3_2`, `em3_3`, `em3_4`, `em3_5`, `text4_0`, `text4_1`, `BroadcastTextID4`, `lang4`, `Probability4`, `em4_0`, `em4_1`, `em4_2`, `em4_3`, `em4_4`, `em4_5`, `text5_0`, `text5_1`, `BroadcastTextID5`, `lang5`, `Probability5`, `em5_0`, `em5_1`, `em5_2`, `em5_3`, `em5_4`, `em5_5`, `text6_0`, `text6_1`, `BroadcastTextID6`, `lang6`, `Probability6`, `em6_0`, `em6_1`, `em6_2`, `em6_3`, `em6_4`, `em6_5`, `text7_0`, `text7_1`, `BroadcastTextID7`, `lang7`, `Probability7`, `em7_0`, `em7_1`, `em7_2`, `em7_3`, `em7_4`, `em7_5`) VALUES ('1872718', 'Imported from TC', '<Dark magic ripples from the necrolyte.>', '', '19366', '0', '1', '0', '0', '0', '0', '0', '0', '', '', NULL, '0', '0', '0', '0', '0', '0', '0', '0', '', '', NULL, '0', '0', '0', '0', '0', '0', '0', '0', '', '', NULL, '0', '0', '0', '0', '0', '0', '0', '0', '', '', NULL, '0', '0', '0', '0', '0', '0', '0', '0', '', '', NULL, '0', '0', '0', '0', '0', '0', '0', '0', '', '', NULL, '0', '0', '0', '0', '0', '0', '0', '0', '', '', NULL, '0', '0', '0', '0', '0', '0', '0', '0');
INSERT INTO gossip_menu (`MenuID`, `TextID`) VALUES ('8362', '1872718');
INSERT INTO gossip_menu_option (`MenuID`, `OptionID`, `OptionIcon`, `OptionText`, `OptionBroadcastTextID`, `OptionType`, `OptionNpcFlag`, `ActionMenuID`, `ActionPoiID`, `BoxCoded`, `BoxMoney`, `BoxText`, `BoxBroadcastTextID`) VALUES ('8362', '0', '0', 'Control Orc Necrolyte', '19367', '1', '1', NULL, NULL, '0', '0', '', NULL);
UPDATE creature_template SET npcflag = (npcflag | 1), gossip_menu_id = 8362 WHERE entry = 21747;


-- Importing creature gossip with entry 21748 (Orc Wolf) with import type GOSSIP
-- Importing menu 8366 as 57118
-- Text 10439 already present in Sun DB
INSERT INTO gossip_menu (`MenuID`, `TextID`) VALUES ('57118', '10439');
INSERT INTO gossip_menu_option (`MenuID`, `OptionID`, `OptionIcon`, `OptionText`, `OptionBroadcastTextID`, `OptionType`, `OptionNpcFlag`, `ActionMenuID`, `ActionPoiID`, `BoxCoded`, `BoxMoney`, `BoxText`, `BoxBroadcastTextID`) VALUES ('57118', '0', '0', 'Control Orc Wolf', '19375', '1', '1', NULL, NULL, '0', '0', '', NULL);
UPDATE creature_template SET npcflag = (npcflag | 1), gossip_menu_id = 57118 WHERE entry = 21748;


-- Importing creature gossip with entry 21750 (Orc Warlock) with import type GOSSIP
-- Text 10440 already present in Sun DB
INSERT INTO gossip_menu (`MenuID`, `TextID`) VALUES ('8367', '10440');
INSERT INTO gossip_menu_option (`MenuID`, `OptionID`, `OptionIcon`, `OptionText`, `OptionBroadcastTextID`, `OptionType`, `OptionNpcFlag`, `ActionMenuID`, `ActionPoiID`, `BoxCoded`, `BoxMoney`, `BoxText`, `BoxBroadcastTextID`) VALUES ('8367', '0', '0', 'Control Orc Warlock', '19377', '1', '1', NULL, NULL, '0', '0', '', NULL);
UPDATE creature_template SET npcflag = (npcflag | 1), gossip_menu_id = 8367 WHERE entry = 21750;


-- Importing creature gossip with entry 21752 (Warchief Blackhand) with import type GOSSIP
INSERT INTO gossip_text (`ID`, `comment`, `text0_0`, `text0_1`, `BroadcastTextID0`, `lang0`, `Probability0`, `em0_0`, `em0_1`, `em0_2`, `em0_3`, `em0_4`, `em0_5`, `text1_0`, `text1_1`, `BroadcastTextID1`, `lang1`, `Probability1`, `em1_0`, `em1_1`, `em1_2`, `em1_3`, `em1_4`, `em1_5`, `text2_0`, `text2_1`, `BroadcastTextID2`, `lang2`, `Probability2`, `em2_0`, `em2_1`, `em2_2`, `em2_3`, `em2_4`, `em2_5`, `text3_0`, `text3_1`, `BroadcastTextID3`, `lang3`, `Probability3`, `em3_0`, `em3_1`, `em3_2`, `em3_3`, `em3_4`, `em3_5`, `text4_0`, `text4_1`, `BroadcastTextID4`, `lang4`, `Probability4`, `em4_0`, `em4_1`, `em4_2`, `em4_3`, `em4_4`, `em4_5`, `text5_0`, `text5_1`, `BroadcastTextID5`, `lang5`, `Probability5`, `em5_0`, `em5_1`, `em5_2`, `em5_3`, `em5_4`, `em5_5`, `text6_0`, `text6_1`, `BroadcastTextID6`, `lang6`, `Probability6`, `em6_0`, `em6_1`, `em6_2`, `em6_3`, `em6_4`, `em6_5`, `text7_0`, `text7_1`, `BroadcastTextID7`, `lang7`, `Probability7`, `em7_0`, `em7_1`, `em7_2`, `em7_3`, `em7_4`, `em7_5`) VALUES ('1872719', 'Imported from TC', '<Warchief Blackhand towers over the field.>', '', '19383', '0', '1', '0', '0', '0', '0', '0', '0', '', '', NULL, '0', '0', '0', '0', '0', '0', '0', '0', '', '', NULL, '0', '0', '0', '0', '0', '0', '0', '0', '', '', NULL, '0', '0', '0', '0', '0', '0', '0', '0', '', '', NULL, '0', '0', '0', '0', '0', '0', '0', '0', '', '', NULL, '0', '0', '0', '0', '0', '0', '0', '0', '', '', NULL, '0', '0', '0', '0', '0', '0', '0', '0', '', '', NULL, '0', '0', '0', '0', '0', '0', '0', '0');
INSERT INTO gossip_menu (`MenuID`, `TextID`) VALUES ('8368', '1872719');
INSERT INTO gossip_menu_option (`MenuID`, `OptionID`, `OptionIcon`, `OptionText`, `OptionBroadcastTextID`, `OptionType`, `OptionNpcFlag`, `ActionMenuID`, `ActionPoiID`, `BoxCoded`, `BoxMoney`, `BoxText`, `BoxBroadcastTextID`) VALUES ('8368', '0', '0', 'Control Warchief Blackhand', '19384', '1', '1', NULL, NULL, '0', '0', '', NULL);
UPDATE creature_template SET npcflag = (npcflag | 1), gossip_menu_id = 8368 WHERE entry = 21752;


-- Importing creature gossip with entry 21657 (Neltharaku) with import type GOSSIP
-- Text 10613 already present in Sun DB
INSERT INTO gossip_menu (`MenuID`, `TextID`) VALUES ('8397', '10613');
-- Text 10614 already present in Sun DB
INSERT INTO gossip_menu (`MenuID`, `TextID`) VALUES ('8499', '10614');
-- Text 10615 already present in Sun DB
INSERT INTO gossip_menu (`MenuID`, `TextID`) VALUES ('8498', '10615');
-- Text 10616 already present in Sun DB
INSERT INTO gossip_menu (`MenuID`, `TextID`) VALUES ('8497', '10616');
INSERT INTO gossip_menu_option (`MenuID`, `OptionID`, `OptionIcon`, `OptionText`, `OptionBroadcastTextID`, `OptionType`, `OptionNpcFlag`, `ActionMenuID`, `ActionPoiID`, `BoxCoded`, `BoxMoney`, `BoxText`, `BoxBroadcastTextID`) VALUES ('8497', '0', '0', 'I have battled many beasts, dragon. I will help you.', '19869', '1', '1', NULL, NULL, '0', '0', '', NULL);
INSERT INTO gossip_menu_option (`MenuID`, `OptionID`, `OptionIcon`, `OptionText`, `OptionBroadcastTextID`, `OptionType`, `OptionNpcFlag`, `ActionMenuID`, `ActionPoiID`, `BoxCoded`, `BoxMoney`, `BoxText`, `BoxBroadcastTextID`) VALUES ('8498', '0', '0', 'Your mate?', '19867', '1', '1', '8497', NULL, '0', '0', '', NULL);
INSERT INTO gossip_menu_option (`MenuID`, `OptionID`, `OptionIcon`, `OptionText`, `OptionBroadcastTextID`, `OptionType`, `OptionNpcFlag`, `ActionMenuID`, `ActionPoiID`, `BoxCoded`, `BoxMoney`, `BoxText`, `BoxBroadcastTextID`) VALUES ('8499', '0', '0', 'But you are dragons! How could orcs do this to you?', '19865', '1', '1', '8498', NULL, '0', '0', '', NULL);
INSERT INTO gossip_menu_option (`MenuID`, `OptionID`, `OptionIcon`, `OptionText`, `OptionBroadcastTextID`, `OptionType`, `OptionNpcFlag`, `ActionMenuID`, `ActionPoiID`, `BoxCoded`, `BoxMoney`, `BoxText`, `BoxBroadcastTextID`) VALUES ('8397', '0', '0', 'I am listening, dragon.', '19863', '1', '1', '8499', NULL, '0', '0', '', NULL);
INSERT INTO conditions (`SourceTypeOrReferenceId`, `SourceGroup`, `SourceEntry`, `SourceId`, `ElseGroup`, `ConditionTypeOrReference`, `ConditionTarget`, `ConditionValue1`, `ConditionValue2`, `ConditionValue3`, `NegativeCondition`, `ErrorType`, `ErrorTextId`, `ScriptName`, `Comment`) VALUES ('15', '8397', '0', '0', '0', '9', '0', '10814', '0', '0', '0', '0', '0', '', '(autoimported) Show gossip option 0 if player has quest 10814');
UPDATE creature_template SET npcflag = (npcflag | 1), gossip_menu_id = 8397 WHERE entry = 21657;


-- Importing creature gossip with entry 18549 (Aldor Vindicator) with import type GOSSIP
-- Importing menu 8419 as 57119
INSERT INTO gossip_text (`ID`, `comment`, `text0_0`, `text0_1`, `BroadcastTextID0`, `lang0`, `Probability0`, `em0_0`, `em0_1`, `em0_2`, `em0_3`, `em0_4`, `em0_5`, `text1_0`, `text1_1`, `BroadcastTextID1`, `lang1`, `Probability1`, `em1_0`, `em1_1`, `em1_2`, `em1_3`, `em1_4`, `em1_5`, `text2_0`, `text2_1`, `BroadcastTextID2`, `lang2`, `Probability2`, `em2_0`, `em2_1`, `em2_2`, `em2_3`, `em2_4`, `em2_5`, `text3_0`, `text3_1`, `BroadcastTextID3`, `lang3`, `Probability3`, `em3_0`, `em3_1`, `em3_2`, `em3_3`, `em3_4`, `em3_5`, `text4_0`, `text4_1`, `BroadcastTextID4`, `lang4`, `Probability4`, `em4_0`, `em4_1`, `em4_2`, `em4_3`, `em4_4`, `em4_5`, `text5_0`, `text5_1`, `BroadcastTextID5`, `lang5`, `Probability5`, `em5_0`, `em5_1`, `em5_2`, `em5_3`, `em5_4`, `em5_5`, `text6_0`, `text6_1`, `BroadcastTextID6`, `lang6`, `Probability6`, `em6_0`, `em6_1`, `em6_2`, `em6_3`, `em6_4`, `em6_5`, `text7_0`, `text7_1`, `BroadcastTextID7`, `lang7`, `Probability7`, `em7_0`, `em7_1`, `em7_2`, `em7_3`, `em7_4`, `em7_5`) VALUES ('1872720', 'Imported from TC', 'Welcome to Aldor Rise. You seek guidance?', 'Welcome to Aldor Rise. You seek guidance?', '19651', '0', '1', '0', '66', '0', '0', '0', '0', '', '', NULL, '0', '0', '0', '0', '0', '0', '0', '0', '', '', NULL, '0', '0', '0', '0', '0', '0', '0', '0', '', '', NULL, '0', '0', '0', '0', '0', '0', '0', '0', '', '', NULL, '0', '0', '0', '0', '0', '0', '0', '0', '', '', NULL, '0', '0', '0', '0', '0', '0', '0', '0', '', '', NULL, '0', '0', '0', '0', '0', '0', '0', '0', '', '', NULL, '0', '0', '0', '0', '0', '0', '0', '0');
INSERT INTO gossip_menu (`MenuID`, `TextID`) VALUES ('57119', '1872720');
-- Importing menu 8421 as 57120
INSERT INTO gossip_text (`ID`, `comment`, `text0_0`, `text0_1`, `BroadcastTextID0`, `lang0`, `Probability0`, `em0_0`, `em0_1`, `em0_2`, `em0_3`, `em0_4`, `em0_5`, `text1_0`, `text1_1`, `BroadcastTextID1`, `lang1`, `Probability1`, `em1_0`, `em1_1`, `em1_2`, `em1_3`, `em1_4`, `em1_5`, `text2_0`, `text2_1`, `BroadcastTextID2`, `lang2`, `Probability2`, `em2_0`, `em2_1`, `em2_2`, `em2_3`, `em2_4`, `em2_5`, `text3_0`, `text3_1`, `BroadcastTextID3`, `lang3`, `Probability3`, `em3_0`, `em3_1`, `em3_2`, `em3_3`, `em3_4`, `em3_5`, `text4_0`, `text4_1`, `BroadcastTextID4`, `lang4`, `Probability4`, `em4_0`, `em4_1`, `em4_2`, `em4_3`, `em4_4`, `em4_5`, `text5_0`, `text5_1`, `BroadcastTextID5`, `lang5`, `Probability5`, `em5_0`, `em5_1`, `em5_2`, `em5_3`, `em5_4`, `em5_5`, `text6_0`, `text6_1`, `BroadcastTextID6`, `lang6`, `Probability6`, `em6_0`, `em6_1`, `em6_2`, `em6_3`, `em6_4`, `em6_5`, `text7_0`, `text7_1`, `BroadcastTextID7`, `lang7`, `Probability7`, `em7_0`, `em7_1`, `em7_2`, `em7_3`, `em7_4`, `em7_5`) VALUES ('1872721', 'Imported from TC', 'You will find a caregiver center in the southern portion of Aldor Rise.', 'You will find a caregiver center in the southern portion of Aldor Rise.', '19652', '0', '1', '0', '1', '0', '0', '0', '0', '', '', NULL, '0', '0', '0', '0', '0', '0', '0', '0', '', '', NULL, '0', '0', '0', '0', '0', '0', '0', '0', '', '', NULL, '0', '0', '0', '0', '0', '0', '0', '0', '', '', NULL, '0', '0', '0', '0', '0', '0', '0', '0', '', '', NULL, '0', '0', '0', '0', '0', '0', '0', '0', '', '', NULL, '0', '0', '0', '0', '0', '0', '0', '0', '', '', NULL, '0', '0', '0', '0', '0', '0', '0', '0');
INSERT INTO gossip_menu (`MenuID`, `TextID`) VALUES ('57120', '1872721');
-- POI 261 is already imported
INSERT INTO gossip_menu_option (`MenuID`, `OptionID`, `OptionIcon`, `OptionText`, `OptionBroadcastTextID`, `OptionType`, `OptionNpcFlag`, `ActionMenuID`, `ActionPoiID`, `BoxCoded`, `BoxMoney`, `BoxText`, `BoxBroadcastTextID`) VALUES ('57119', '2', '0', 'Inn', '44629', '1', '1', '57120', '261', '0', '0', '', NULL);
-- Menu 8313 is already imported
-- POI 260 is already imported
INSERT INTO gossip_menu_option (`MenuID`, `OptionID`, `OptionIcon`, `OptionText`, `OptionBroadcastTextID`, `OptionType`, `OptionNpcFlag`, `ActionMenuID`, `ActionPoiID`, `BoxCoded`, `BoxMoney`, `BoxText`, `BoxBroadcastTextID`) VALUES ('57119', '1', '0', 'Bank', '44628', '1', '1', '8313', '260', '0', '0', '', NULL);
-- Menu 8329 is already imported
-- POI 240 is already imported
INSERT INTO gossip_menu_option (`MenuID`, `OptionID`, `OptionIcon`, `OptionText`, `OptionBroadcastTextID`, `OptionType`, `OptionNpcFlag`, `ActionMenuID`, `ActionPoiID`, `BoxCoded`, `BoxMoney`, `BoxText`, `BoxBroadcastTextID`) VALUES ('57119', '0', '0', 'World\'s End Tavern', '19241', '1', '1', '8329', '240', '0', '0', '', NULL);
-- Menu 8319 is already imported
-- POI 243 is already imported
INSERT INTO gossip_menu_option (`MenuID`, `OptionID`, `OptionIcon`, `OptionText`, `OptionBroadcastTextID`, `OptionType`, `OptionNpcFlag`, `ActionMenuID`, `ActionPoiID`, `BoxCoded`, `BoxMoney`, `BoxText`, `BoxBroadcastTextID`) VALUES ('57119', '3', '0', 'Flight Master', '45379', '1', '1', '8319', '243', '0', '0', '', NULL);
-- Importing menu 8422 as 57121
INSERT INTO gossip_text (`ID`, `comment`, `text0_0`, `text0_1`, `BroadcastTextID0`, `lang0`, `Probability0`, `em0_0`, `em0_1`, `em0_2`, `em0_3`, `em0_4`, `em0_5`, `text1_0`, `text1_1`, `BroadcastTextID1`, `lang1`, `Probability1`, `em1_0`, `em1_1`, `em1_2`, `em1_3`, `em1_4`, `em1_5`, `text2_0`, `text2_1`, `BroadcastTextID2`, `lang2`, `Probability2`, `em2_0`, `em2_1`, `em2_2`, `em2_3`, `em2_4`, `em2_5`, `text3_0`, `text3_1`, `BroadcastTextID3`, `lang3`, `Probability3`, `em3_0`, `em3_1`, `em3_2`, `em3_3`, `em3_4`, `em3_5`, `text4_0`, `text4_1`, `BroadcastTextID4`, `lang4`, `Probability4`, `em4_0`, `em4_1`, `em4_2`, `em4_3`, `em4_4`, `em4_5`, `text5_0`, `text5_1`, `BroadcastTextID5`, `lang5`, `Probability5`, `em5_0`, `em5_1`, `em5_2`, `em5_3`, `em5_4`, `em5_5`, `text6_0`, `text6_1`, `BroadcastTextID6`, `lang6`, `Probability6`, `em6_0`, `em6_1`, `em6_2`, `em6_3`, `em6_4`, `em6_5`, `text7_0`, `text7_1`, `BroadcastTextID7`, `lang7`, `Probability7`, `em7_0`, `em7_1`, `em7_2`, `em7_3`, `em7_4`, `em7_5`) VALUES ('10526', 'Imported from TC', 'You will find a mailbox near the caregiver center.', 'You will find a mailbox near the caregiver center.', '19653', '0', '1', '0', '1', '0', '0', '0', '0', '', '', NULL, '0', '0', '0', '0', '0', '0', '0', '0', '', '', NULL, '0', '0', '0', '0', '0', '0', '0', '0', '', '', NULL, '0', '0', '0', '0', '0', '0', '0', '0', '', '', NULL, '0', '0', '0', '0', '0', '0', '0', '0', '', '', NULL, '0', '0', '0', '0', '0', '0', '0', '0', '', '', NULL, '0', '0', '0', '0', '0', '0', '0', '0', '', '', NULL, '0', '0', '0', '0', '0', '0', '0', '0');
INSERT INTO gossip_menu (`MenuID`, `TextID`) VALUES ('57121', '10526');
-- POI 261 is already imported
INSERT INTO gossip_menu_option (`MenuID`, `OptionID`, `OptionIcon`, `OptionText`, `OptionBroadcastTextID`, `OptionType`, `OptionNpcFlag`, `ActionMenuID`, `ActionPoiID`, `BoxCoded`, `BoxMoney`, `BoxText`, `BoxBroadcastTextID`) VALUES ('57119', '4', '0', 'Mailbox', '45381', '1', '1', '57121', '261', '0', '0', '', NULL);
INSERT INTO gossip_text (`ID`, `comment`, `text0_0`, `text0_1`, `BroadcastTextID0`, `lang0`, `Probability0`, `em0_0`, `em0_1`, `em0_2`, `em0_3`, `em0_4`, `em0_5`, `text1_0`, `text1_1`, `BroadcastTextID1`, `lang1`, `Probability1`, `em1_0`, `em1_1`, `em1_2`, `em1_3`, `em1_4`, `em1_5`, `text2_0`, `text2_1`, `BroadcastTextID2`, `lang2`, `Probability2`, `em2_0`, `em2_1`, `em2_2`, `em2_3`, `em2_4`, `em2_5`, `text3_0`, `text3_1`, `BroadcastTextID3`, `lang3`, `Probability3`, `em3_0`, `em3_1`, `em3_2`, `em3_3`, `em3_4`, `em3_5`, `text4_0`, `text4_1`, `BroadcastTextID4`, `lang4`, `Probability4`, `em4_0`, `em4_1`, `em4_2`, `em4_3`, `em4_4`, `em4_5`, `text5_0`, `text5_1`, `BroadcastTextID5`, `lang5`, `Probability5`, `em5_0`, `em5_1`, `em5_2`, `em5_3`, `em5_4`, `em5_5`, `text6_0`, `text6_1`, `BroadcastTextID6`, `lang6`, `Probability6`, `em6_0`, `em6_1`, `em6_2`, `em6_3`, `em6_4`, `em6_5`, `text7_0`, `text7_1`, `BroadcastTextID7`, `lang7`, `Probability7`, `em7_0`, `em7_1`, `em7_2`, `em7_3`, `em7_4`, `em7_5`) VALUES ('1872722', 'Imported from TC', 'You will find the Stable Master near the caregiver center.', 'You will find the Stable Master near the caregiver center.', '19654', '0', '1', '0', '1', '0', '0', '0', '0', '', '', NULL, '0', '0', '0', '0', '0', '0', '0', '0', '', '', NULL, '0', '0', '0', '0', '0', '0', '0', '0', '', '', NULL, '0', '0', '0', '0', '0', '0', '0', '0', '', '', NULL, '0', '0', '0', '0', '0', '0', '0', '0', '', '', NULL, '0', '0', '0', '0', '0', '0', '0', '0', '', '', NULL, '0', '0', '0', '0', '0', '0', '0', '0', '', '', NULL, '0', '0', '0', '0', '0', '0', '0', '0');
INSERT INTO gossip_menu (`MenuID`, `TextID`) VALUES ('8423', '1872722');
-- POI 244 is already imported
INSERT INTO gossip_menu_option (`MenuID`, `OptionID`, `OptionIcon`, `OptionText`, `OptionBroadcastTextID`, `OptionType`, `OptionNpcFlag`, `ActionMenuID`, `ActionPoiID`, `BoxCoded`, `BoxMoney`, `BoxText`, `BoxBroadcastTextID`) VALUES ('57119', '5', '0', 'Stable Master', '45383', '1', '1', '8423', '244', '0', '0', '', NULL);
-- Menu 8323 is already imported
INSERT INTO gossip_menu_option (`MenuID`, `OptionID`, `OptionIcon`, `OptionText`, `OptionBroadcastTextID`, `OptionType`, `OptionNpcFlag`, `ActionMenuID`, `ActionPoiID`, `BoxCoded`, `BoxMoney`, `BoxText`, `BoxBroadcastTextID`) VALUES ('57119', '6', '0', 'Battlemaster', '19209', '1', '1', '8323', NULL, '0', '0', '', NULL);
-- Text 10391 is already imported as 1872701
INSERT INTO gossip_menu (`MenuID`, `TextID`) VALUES ('8424', '1872701');
-- Menu 8327 is already imported
-- POI 248 is already imported
INSERT INTO gossip_menu_option (`MenuID`, `OptionID`, `OptionIcon`, `OptionText`, `OptionBroadcastTextID`, `OptionType`, `OptionNpcFlag`, `ActionMenuID`, `ActionPoiID`, `BoxCoded`, `BoxMoney`, `BoxText`, `BoxBroadcastTextID`) VALUES ('8424', '0', '0', 'Alchemy', '52058', '1', '1', '8327', '248', '0', '0', '', NULL);
-- Menu 8335 is already imported as 57105
-- POI 249 is already imported
INSERT INTO gossip_menu_option (`MenuID`, `OptionID`, `OptionIcon`, `OptionText`, `OptionBroadcastTextID`, `OptionType`, `OptionNpcFlag`, `ActionMenuID`, `ActionPoiID`, `BoxCoded`, `BoxMoney`, `BoxText`, `BoxBroadcastTextID`) VALUES ('8424', '1', '0', 'Blacksmithing', '51346', '1', '1', '57105', '249', '0', '0', '', NULL);
-- Menu 8328 is already imported
-- POI 250 is already imported
INSERT INTO gossip_menu_option (`MenuID`, `OptionID`, `OptionIcon`, `OptionText`, `OptionBroadcastTextID`, `OptionType`, `OptionNpcFlag`, `ActionMenuID`, `ActionPoiID`, `BoxCoded`, `BoxMoney`, `BoxText`, `BoxBroadcastTextID`) VALUES ('8424', '2', '0', 'Cooking', '45763', '1', '1', '8328', '250', '0', '0', '', NULL);
INSERT INTO gossip_text (`ID`, `comment`, `text0_0`, `text0_1`, `BroadcastTextID0`, `lang0`, `Probability0`, `em0_0`, `em0_1`, `em0_2`, `em0_3`, `em0_4`, `em0_5`, `text1_0`, `text1_1`, `BroadcastTextID1`, `lang1`, `Probability1`, `em1_0`, `em1_1`, `em1_2`, `em1_3`, `em1_4`, `em1_5`, `text2_0`, `text2_1`, `BroadcastTextID2`, `lang2`, `Probability2`, `em2_0`, `em2_1`, `em2_2`, `em2_3`, `em2_4`, `em2_5`, `text3_0`, `text3_1`, `BroadcastTextID3`, `lang3`, `Probability3`, `em3_0`, `em3_1`, `em3_2`, `em3_3`, `em3_4`, `em3_5`, `text4_0`, `text4_1`, `BroadcastTextID4`, `lang4`, `Probability4`, `em4_0`, `em4_1`, `em4_2`, `em4_3`, `em4_4`, `em4_5`, `text5_0`, `text5_1`, `BroadcastTextID5`, `lang5`, `Probability5`, `em5_0`, `em5_1`, `em5_2`, `em5_3`, `em5_4`, `em5_5`, `text6_0`, `text6_1`, `BroadcastTextID6`, `lang6`, `Probability6`, `em6_0`, `em6_1`, `em6_2`, `em6_3`, `em6_4`, `em6_5`, `text7_0`, `text7_1`, `BroadcastTextID7`, `lang7`, `Probability7`, `em7_0`, `em7_1`, `em7_2`, `em7_3`, `em7_4`, `em7_5`) VALUES ('1872723', 'Imported from TC', '<The Aldor Vindicator scowls.> You... will find High Enchanter Bardolan in the Seer\'s Library on Scryer\'s Tier, with the rest of those wicked blood elves.', '<The Aldor Vindicator scowls.> You... will find High Enchanter Bardolan in the Seer\'s Library on Scryer\'s Tier, with the rest of those wicked blood elves.', '19243', '0', '1', '0', '1', '0', '0', '0', '0', '', '', NULL, '0', '0', '0', '0', '0', '0', '0', '0', '', '', NULL, '0', '0', '0', '0', '0', '0', '0', '0', '', '', NULL, '0', '0', '0', '0', '0', '0', '0', '0', '', '', NULL, '0', '0', '0', '0', '0', '0', '0', '0', '', '', NULL, '0', '0', '0', '0', '0', '0', '0', '0', '', '', NULL, '0', '0', '0', '0', '0', '0', '0', '0', '', '', NULL, '0', '0', '0', '0', '0', '0', '0', '0');
INSERT INTO gossip_menu (`MenuID`, `TextID`) VALUES ('8425', '1872723');
-- POI 251 is already imported
INSERT INTO gossip_menu_option (`MenuID`, `OptionID`, `OptionIcon`, `OptionText`, `OptionBroadcastTextID`, `OptionType`, `OptionNpcFlag`, `ActionMenuID`, `ActionPoiID`, `BoxCoded`, `BoxMoney`, `BoxText`, `BoxBroadcastTextID`) VALUES ('8424', '3', '0', 'Enchanting', '52063', '1', '1', '8425', '251', '0', '0', '', NULL);
-- Menu 8331 is already imported
-- POI 252 is already imported
INSERT INTO gossip_menu_option (`MenuID`, `OptionID`, `OptionIcon`, `OptionText`, `OptionBroadcastTextID`, `OptionType`, `OptionNpcFlag`, `ActionMenuID`, `ActionPoiID`, `BoxCoded`, `BoxMoney`, `BoxText`, `BoxBroadcastTextID`) VALUES ('8424', '4', '0', 'First Aid', '52066', '1', '1', '8331', '252', '0', '0', '', NULL);
INSERT INTO gossip_text (`ID`, `comment`, `text0_0`, `text0_1`, `BroadcastTextID0`, `lang0`, `Probability0`, `em0_0`, `em0_1`, `em0_2`, `em0_3`, `em0_4`, `em0_5`, `text1_0`, `text1_1`, `BroadcastTextID1`, `lang1`, `Probability1`, `em1_0`, `em1_1`, `em1_2`, `em1_3`, `em1_4`, `em1_5`, `text2_0`, `text2_1`, `BroadcastTextID2`, `lang2`, `Probability2`, `em2_0`, `em2_1`, `em2_2`, `em2_3`, `em2_4`, `em2_5`, `text3_0`, `text3_1`, `BroadcastTextID3`, `lang3`, `Probability3`, `em3_0`, `em3_1`, `em3_2`, `em3_3`, `em3_4`, `em3_5`, `text4_0`, `text4_1`, `BroadcastTextID4`, `lang4`, `Probability4`, `em4_0`, `em4_1`, `em4_2`, `em4_3`, `em4_4`, `em4_5`, `text5_0`, `text5_1`, `BroadcastTextID5`, `lang5`, `Probability5`, `em5_0`, `em5_1`, `em5_2`, `em5_3`, `em5_4`, `em5_5`, `text6_0`, `text6_1`, `BroadcastTextID6`, `lang6`, `Probability6`, `em6_0`, `em6_1`, `em6_2`, `em6_3`, `em6_4`, `em6_5`, `text7_0`, `text7_1`, `BroadcastTextID7`, `lang7`, `Probability7`, `em7_0`, `em7_1`, `em7_2`, `em7_3`, `em7_4`, `em7_5`) VALUES ('1872724', 'Imported from TC', 'Our grand master jewelcrafter, Hamanar, is here on the Aldor Rise.', 'Our grand master jewelcrafter, Hamanar, is here on the Aldor Rise.', '19656', '0', '1', '0', '1', '0', '0', '0', '0', '', '', NULL, '0', '0', '0', '0', '0', '0', '0', '0', '', '', NULL, '0', '0', '0', '0', '0', '0', '0', '0', '', '', NULL, '0', '0', '0', '0', '0', '0', '0', '0', '', '', NULL, '0', '0', '0', '0', '0', '0', '0', '0', '', '', NULL, '0', '0', '0', '0', '0', '0', '0', '0', '', '', NULL, '0', '0', '0', '0', '0', '0', '0', '0', '', '', NULL, '0', '0', '0', '0', '0', '0', '0', '0');
INSERT INTO gossip_menu (`MenuID`, `TextID`) VALUES ('8426', '1872724');
-- POI 253 is already imported
INSERT INTO gossip_menu_option (`MenuID`, `OptionID`, `OptionIcon`, `OptionText`, `OptionBroadcastTextID`, `OptionType`, `OptionNpcFlag`, `ActionMenuID`, `ActionPoiID`, `BoxCoded`, `BoxMoney`, `BoxText`, `BoxBroadcastTextID`) VALUES ('8424', '5', '0', 'Jewelcrafting', '45758', '1', '1', '8426', '253', '0', '0', '', NULL);
-- Menu 8334 is already imported
-- POI 254 is already imported
INSERT INTO gossip_menu_option (`MenuID`, `OptionID`, `OptionIcon`, `OptionText`, `OptionBroadcastTextID`, `OptionType`, `OptionNpcFlag`, `ActionMenuID`, `ActionPoiID`, `BoxCoded`, `BoxMoney`, `BoxText`, `BoxBroadcastTextID`) VALUES ('8424', '6', '0', 'Leatherworking', '52071', '1', '1', '8334', '254', '0', '0', '', NULL);
-- Menu 8333 is already imported
-- POI 255 is already imported
INSERT INTO gossip_menu_option (`MenuID`, `OptionID`, `OptionIcon`, `OptionText`, `OptionBroadcastTextID`, `OptionType`, `OptionNpcFlag`, `ActionMenuID`, `ActionPoiID`, `BoxCoded`, `BoxMoney`, `BoxText`, `BoxBroadcastTextID`) VALUES ('8424', '7', '0', 'Skinning', '52076', '1', '1', '8333', '255', '0', '0', '', NULL);
INSERT INTO gossip_menu_option (`MenuID`, `OptionID`, `OptionIcon`, `OptionText`, `OptionBroadcastTextID`, `OptionType`, `OptionNpcFlag`, `ActionMenuID`, `ActionPoiID`, `BoxCoded`, `BoxMoney`, `BoxText`, `BoxBroadcastTextID`) VALUES ('57119', '7', '0', 'Profession Trainer', '45382', '1', '1', '8424', NULL, '0', '0', '', NULL);
-- Menu 8402 is already imported as 57107
-- POI 256 is already imported
INSERT INTO gossip_menu_option (`MenuID`, `OptionID`, `OptionIcon`, `OptionText`, `OptionBroadcastTextID`, `OptionType`, `OptionNpcFlag`, `ActionMenuID`, `ActionPoiID`, `BoxCoded`, `BoxMoney`, `BoxText`, `BoxBroadcastTextID`) VALUES ('57119', '8', '0', 'Mana Loom', '19589', '1', '1', '57107', '256', '0', '0', '', NULL);
-- Menu 8546 is already imported
-- POI 257 is already imported
INSERT INTO gossip_menu_option (`MenuID`, `OptionID`, `OptionIcon`, `OptionText`, `OptionBroadcastTextID`, `OptionType`, `OptionNpcFlag`, `ActionMenuID`, `ActionPoiID`, `BoxCoded`, `BoxMoney`, `BoxText`, `BoxBroadcastTextID`) VALUES ('57119', '9', '0', 'Alchemy Lab', '20383', '1', '1', '8546', '257', '0', '0', '', NULL);
-- Menu 8547 is already imported
-- POI 259 is already imported
INSERT INTO gossip_menu_option (`MenuID`, `OptionID`, `OptionIcon`, `OptionText`, `OptionBroadcastTextID`, `OptionType`, `OptionNpcFlag`, `ActionMenuID`, `ActionPoiID`, `BoxCoded`, `BoxMoney`, `BoxText`, `BoxBroadcastTextID`) VALUES ('57119', '10', '0', 'Gem Merchant', '20385', '1', '1', '8547', '259', '0', '0', '', NULL);
UPDATE creature_template SET npcflag = (npcflag | 1), gossip_menu_id = 57119 WHERE entry = 18549;
DELETE FROM gossip_menu WHERE MenuID = 10394;


-- Importing creature gossip with entry 22836 (Jheel) with import type GOSSIP
INSERT INTO gossip_text (`ID`, `comment`, `text0_0`, `text0_1`, `BroadcastTextID0`, `lang0`, `Probability0`, `em0_0`, `em0_1`, `em0_2`, `em0_3`, `em0_4`, `em0_5`, `text1_0`, `text1_1`, `BroadcastTextID1`, `lang1`, `Probability1`, `em1_0`, `em1_1`, `em1_2`, `em1_3`, `em1_4`, `em1_5`, `text2_0`, `text2_1`, `BroadcastTextID2`, `lang2`, `Probability2`, `em2_0`, `em2_1`, `em2_2`, `em2_3`, `em2_4`, `em2_5`, `text3_0`, `text3_1`, `BroadcastTextID3`, `lang3`, `Probability3`, `em3_0`, `em3_1`, `em3_2`, `em3_3`, `em3_4`, `em3_5`, `text4_0`, `text4_1`, `BroadcastTextID4`, `lang4`, `Probability4`, `em4_0`, `em4_1`, `em4_2`, `em4_3`, `em4_4`, `em4_5`, `text5_0`, `text5_1`, `BroadcastTextID5`, `lang5`, `Probability5`, `em5_0`, `em5_1`, `em5_2`, `em5_3`, `em5_4`, `em5_5`, `text6_0`, `text6_1`, `BroadcastTextID6`, `lang6`, `Probability6`, `em6_0`, `em6_1`, `em6_2`, `em6_3`, `em6_4`, `em6_5`, `text7_0`, `text7_1`, `BroadcastTextID7`, `lang7`, `Probability7`, `em7_0`, `em7_1`, `em7_2`, `em7_3`, `em7_4`, `em7_5`) VALUES ('10736', 'Imported from TC', 'Gezhe has been really nice letting me come here to apprentice and learn all of this fun stuff, $g mister : ma\'am;.$B$B<Jheel hangs his head.>$B$BBut, I hate being away from my sister.', '', '20473', '0', '1', '0', '0', '0', '0', '0', '0', '', '', NULL, '0', '0', '0', '0', '0', '0', '0', '0', '', '', NULL, '0', '0', '0', '0', '0', '0', '0', '0', '', '', NULL, '0', '0', '0', '0', '0', '0', '0', '0', '', '', NULL, '0', '0', '0', '0', '0', '0', '0', '0', '', '', NULL, '0', '0', '0', '0', '0', '0', '0', '0', '', '', NULL, '0', '0', '0', '0', '0', '0', '0', '0', '', '', NULL, '0', '0', '0', '0', '0', '0', '0', '0');
INSERT INTO gossip_menu (`MenuID`, `TextID`) VALUES ('8567', '10736');
UPDATE creature_template SET npcflag = (npcflag | 1), gossip_menu_id = 8567 WHERE entry = 22836;


-- Importing creature gossip with entry 22819 (Orphan Matron Mercy) with import type SMART
UPDATE creature_template SET ScriptName = '', AIName = 'SmartAI' WHERE entry = 22819;
DELETE FROM smart_scripts WHERE entryorguid = 22819 AND source_type = 0;
-- Text 10744 already present in Sun DB
INSERT INTO gossip_menu (`MenuID`, `TextID`) VALUES ('8568', '10744');
INSERT INTO gossip_menu_option (`MenuID`, `OptionID`, `OptionIcon`, `OptionText`, `OptionBroadcastTextID`, `OptionType`, `OptionNpcFlag`, `ActionMenuID`, `ActionPoiID`, `BoxCoded`, `BoxMoney`, `BoxText`, `BoxBroadcastTextID`) VALUES ('8568', '1', '0', 'I need a new Blood Elf Orphan Whistle.', '20452', '1', '1', NULL, NULL, '0', '0', '', NULL);
INSERT INTO gossip_menu_option (`MenuID`, `OptionID`, `OptionIcon`, `OptionText`, `OptionBroadcastTextID`, `OptionType`, `OptionNpcFlag`, `ActionMenuID`, `ActionPoiID`, `BoxCoded`, `BoxMoney`, `BoxText`, `BoxBroadcastTextID`) VALUES ('8568', '2', '0', 'I need a new Draenei Orphan Whistle.', '20453', '1', '1', NULL, NULL, '0', '0', '', NULL);
INSERT INTO conditions (`SourceTypeOrReferenceId`, `SourceGroup`, `SourceEntry`, `SourceId`, `ElseGroup`, `ConditionTypeOrReference`, `ConditionTarget`, `ConditionValue1`, `ConditionValue2`, `ConditionValue3`, `NegativeCondition`, `ErrorType`, `ErrorTextId`, `ScriptName`, `Comment`) VALUES ('15', '8568', '1', '0', '0', '12', '0', '10', '0', '0', '0', '0', '0', '', '(autoimported) Childrens Week must be active');
INSERT INTO conditions (`SourceTypeOrReferenceId`, `SourceGroup`, `SourceEntry`, `SourceId`, `ElseGroup`, `ConditionTypeOrReference`, `ConditionTarget`, `ConditionValue1`, `ConditionValue2`, `ConditionValue3`, `NegativeCondition`, `ErrorType`, `ErrorTextId`, `ScriptName`, `Comment`) VALUES ('15', '8568', '1', '0', '0', '8', '0', '10942', '0', '0', '0', '0', '0', '', '(autoimported) Quest 10942 must be rewarded');
INSERT INTO conditions (`SourceTypeOrReferenceId`, `SourceGroup`, `SourceEntry`, `SourceId`, `ElseGroup`, `ConditionTypeOrReference`, `ConditionTarget`, `ConditionValue1`, `ConditionValue2`, `ConditionValue3`, `NegativeCondition`, `ErrorType`, `ErrorTextId`, `ScriptName`, `Comment`) VALUES ('15', '8568', '1', '0', '0', '2', '0', '31880', '1', '0', '1', '0', '0', '', '(autoimported) Must not have item 31880');
INSERT INTO conditions (`SourceTypeOrReferenceId`, `SourceGroup`, `SourceEntry`, `SourceId`, `ElseGroup`, `ConditionTypeOrReference`, `ConditionTarget`, `ConditionValue1`, `ConditionValue2`, `ConditionValue3`, `NegativeCondition`, `ErrorType`, `ErrorTextId`, `ScriptName`, `Comment`) VALUES ('15', '8568', '2', '0', '0', '12', '0', '10', '0', '0', '0', '0', '0', '', '(autoimported) Childrens Week must be active');
INSERT INTO conditions (`SourceTypeOrReferenceId`, `SourceGroup`, `SourceEntry`, `SourceId`, `ElseGroup`, `ConditionTypeOrReference`, `ConditionTarget`, `ConditionValue1`, `ConditionValue2`, `ConditionValue3`, `NegativeCondition`, `ErrorType`, `ErrorTextId`, `ScriptName`, `Comment`) VALUES ('15', '8568', '2', '0', '0', '8', '0', '10943', '0', '0', '0', '0', '0', '', '(autoimported) Quest 10943 must be rewarded');
INSERT INTO conditions (`SourceTypeOrReferenceId`, `SourceGroup`, `SourceEntry`, `SourceId`, `ElseGroup`, `ConditionTypeOrReference`, `ConditionTarget`, `ConditionValue1`, `ConditionValue2`, `ConditionValue3`, `NegativeCondition`, `ErrorType`, `ErrorTextId`, `ScriptName`, `Comment`) VALUES ('15', '8568', '2', '0', '0', '2', '0', '31881', '1', '0', '1', '0', '0', '', '(autoimported) Must not have item 31881');
-- Menu 8568 is already imported
INSERT INTO smart_scripts (`entryorguid`, `source_type`, `id`, `link`, `event_type`, `event_phase_mask`, `event_chance`, `event_flags`, `event_param1`, `event_param2`, `event_param3`, `event_param4`, `event_param5`, `action_type`, `action_param1`, `action_param2`, `action_param3`, `action_param4`, `action_param5`, `action_param6`, `target_type`, `target_param1`, `target_param2`, `target_param3`, `target_param4`, `target_x`, `target_y`, `target_z`, `target_o`, `comment`) VALUES ('22819', '0', '1', '3', '62', '0', '100', '0', '8568', '1', '0', '0', '0', '11', '39512', '0', '0', '0', '0', '0', '7', '0', '0', '0', '0', '0', '0', '0', '0', 'Orphan Matron Mercy - On Gossip Option 1 Selected - Cast \'OCW Create Blood Elf Orphan Whistle\''), ('22819', '0', '2', '3', '62', '0', '100', '0', '8568', '2', '0', '0', '0', '11', '39513', '0', '0', '0', '0', '0', '7', '0', '0', '0', '0', '0', '0', '0', '0', 'Orphan Matron Mercy - On Gossip Option 2 Selected - Cast \'OCW Create Draenei Orphan Whistle\''), ('22819', '0', '3', '0', '61', '0', '100', '512', '0', '0', '0', '0', '0', '72', '0', '0', '0', '0', '0', '0', '7', '0', '0', '0', '0', '0', '0', '0', '0', 'Orphan Matron Mercy - On Gossip Option 2 Selected - Close Gossip');
-- Menu 8568 is already imported
UPDATE creature_template SET npcflag = (npcflag | 1), gossip_menu_id = 8568 WHERE entry = 22819;


-- Importing creature gossip with entry 22932 (Sai'kkal the Elder) with import type SMART
UPDATE creature_template SET ScriptName = '', AIName = 'SmartAI' WHERE entry = 22932;
DELETE FROM smart_scripts WHERE entryorguid = 22932 AND source_type = 0;
-- Importing menu 8617 as 57122
-- Text 10795 already present in Sun DB
INSERT INTO gossip_menu (`MenuID`, `TextID`) VALUES ('57122', '10795');
-- Importing menu 8618 as 57123
-- Text 10796 already present in Sun DB
INSERT INTO gossip_menu (`MenuID`, `TextID`) VALUES ('57123', '10796');
INSERT INTO gossip_menu_option (`MenuID`, `OptionID`, `OptionIcon`, `OptionText`, `OptionBroadcastTextID`, `OptionType`, `OptionNpcFlag`, `ActionMenuID`, `ActionPoiID`, `BoxCoded`, `BoxMoney`, `BoxText`, `BoxBroadcastTextID`) VALUES ('57122', '0', '0', 'Yes elder. Tell me more of the book.', '20640', '1', '1', '57123', NULL, '0', '0', '', NULL);
INSERT INTO smart_scripts (`entryorguid`, `source_type`, `id`, `link`, `event_type`, `event_phase_mask`, `event_chance`, `event_flags`, `event_param1`, `event_param2`, `event_param3`, `event_param4`, `event_param5`, `action_type`, `action_param1`, `action_param2`, `action_param3`, `action_param4`, `action_param5`, `action_param6`, `target_type`, `target_param1`, `target_param2`, `target_param3`, `target_param4`, `target_x`, `target_y`, `target_z`, `target_o`, `comment`) VALUES ('22932', '0', '0', '0', '25', '0', '100', '0', '0', '0', '0', '0', '0', '11', '39680', '0', '0', '0', '0', '0', '1', '0', '0', '0', '0', '0', '0', '0', '0', 'Sai\'kkal the Elder - On Spawn/Respawn/After Combat - Cast Sai\'kkal Invisibility'), ('22932', '0', '1', '0', '62', '0', '100', '512', '57122', '0', '0', '0', '0', '33', '22932', '0', '0', '0', '0', '0', '7', '0', '0', '0', '0', '0', '0', '0', '0', 'Sai\'kkal the Elder - On Gossip Menu Option Selected - Give Quest Credit');
-- Importing menu 8616 as 57124
-- Text 10794 already present in Sun DB
INSERT INTO gossip_menu (`MenuID`, `TextID`) VALUES ('57124', '10794');
-- Menu 8617 is already imported as 57122
INSERT INTO gossip_menu_option (`MenuID`, `OptionID`, `OptionIcon`, `OptionText`, `OptionBroadcastTextID`, `OptionType`, `OptionNpcFlag`, `ActionMenuID`, `ActionPoiID`, `BoxCoded`, `BoxMoney`, `BoxText`, `BoxBroadcastTextID`) VALUES ('57124', '0', '0', 'Yes... yes, it\'s me.', '20638', '1', '1', '57122', NULL, '0', '0', '', NULL);
INSERT INTO conditions (`SourceTypeOrReferenceId`, `SourceGroup`, `SourceEntry`, `SourceId`, `ElseGroup`, `ConditionTypeOrReference`, `ConditionTarget`, `ConditionValue1`, `ConditionValue2`, `ConditionValue3`, `NegativeCondition`, `ErrorType`, `ErrorTextId`, `ScriptName`, `Comment`) VALUES ('15', '57124', '0', '0', '0', '9', '0', '10980', '0', '0', '0', '0', '0', '', '(autoimported) Gossip Option - Show Option if Quest 10980 is taken');
UPDATE creature_template SET npcflag = (npcflag | 1), gossip_menu_id = 57124 WHERE entry = 22932;


-- Importing creature gossip with entry 23143 (Horus) with import type GOSSIP
-- Text 10848 already present in Sun DB
INSERT INTO gossip_menu (`MenuID`, `TextID`) VALUES ('8648', '10848');
INSERT INTO gossip_menu_option (`MenuID`, `OptionID`, `OptionIcon`, `OptionText`, `OptionBroadcastTextID`, `OptionType`, `OptionNpcFlag`, `ActionMenuID`, `ActionPoiID`, `BoxCoded`, `BoxMoney`, `BoxText`, `BoxBroadcastTextID`) VALUES ('8648', '0', '1', 'What do you have for sale?', '66614', '3', '128', NULL, NULL, '0', '0', '', NULL);
UPDATE creature_template SET gossip_menu_id = 8648 WHERE entry = 23143;


-- Importing creature gossip with entry 23139 (Overlord Mor'ghor) with import type GOSSIP
-- Text 11032 already present in Sun DB
INSERT INTO gossip_menu (`MenuID`, `TextID`) VALUES ('8666', '11032');
UPDATE creature_template SET gossip_menu_id = 8666 WHERE entry = 23139;


-- Importing creature gossip with entry 23309 (Murkblood Overseer) with import type SMART
UPDATE creature_template SET ScriptName = '', AIName = 'SmartAI' WHERE entry = 23309;
DELETE FROM smart_scripts WHERE entryorguid = 23309 AND source_type = 0;
INSERT INTO gossip_text (`ID`, `comment`, `text0_0`, `text0_1`, `BroadcastTextID0`, `lang0`, `Probability0`, `em0_0`, `em0_1`, `em0_2`, `em0_3`, `em0_4`, `em0_5`, `text1_0`, `text1_1`, `BroadcastTextID1`, `lang1`, `Probability1`, `em1_0`, `em1_1`, `em1_2`, `em1_3`, `em1_4`, `em1_5`, `text2_0`, `text2_1`, `BroadcastTextID2`, `lang2`, `Probability2`, `em2_0`, `em2_1`, `em2_2`, `em2_3`, `em2_4`, `em2_5`, `text3_0`, `text3_1`, `BroadcastTextID3`, `lang3`, `Probability3`, `em3_0`, `em3_1`, `em3_2`, `em3_3`, `em3_4`, `em3_5`, `text4_0`, `text4_1`, `BroadcastTextID4`, `lang4`, `Probability4`, `em4_0`, `em4_1`, `em4_2`, `em4_3`, `em4_4`, `em4_5`, `text5_0`, `text5_1`, `BroadcastTextID5`, `lang5`, `Probability5`, `em5_0`, `em5_1`, `em5_2`, `em5_3`, `em5_4`, `em5_5`, `text6_0`, `text6_1`, `BroadcastTextID6`, `lang6`, `Probability6`, `em6_0`, `em6_1`, `em6_2`, `em6_3`, `em6_4`, `em6_5`, `text7_0`, `text7_1`, `BroadcastTextID7`, `lang7`, `Probability7`, `em7_0`, `em7_1`, `em7_2`, `em7_3`, `em7_4`, `em7_5`) VALUES ('10945', 'Imported from TC', 'We do not know. We believe that the Black dragonflight is involved as are some independent third parties. That is why you are here, <race>. You will unravel this mystery from the inside and bring redemption to Netherwing.$B$BAnd now... I can only assume she asked you to bring back my hand.', '', '21463', '0', '1', '0', '274', '0', '396', '0', '0', '', '', NULL, '0', '0', '0', '0', '0', '0', '0', '0', '', '', NULL, '0', '0', '0', '0', '0', '0', '0', '0', '', '', NULL, '0', '0', '0', '0', '0', '0', '0', '0', '', '', NULL, '0', '0', '0', '0', '0', '0', '0', '0', '', '', NULL, '0', '0', '0', '0', '0', '0', '0', '0', '', '', NULL, '0', '0', '0', '0', '0', '0', '0', '0', '', '', NULL, '0', '0', '0', '0', '0', '0', '0', '0');
INSERT INTO gossip_menu (`MenuID`, `TextID`) VALUES ('8697', '10945');
INSERT INTO gossip_text (`ID`, `comment`, `text0_0`, `text0_1`, `BroadcastTextID0`, `lang0`, `Probability0`, `em0_0`, `em0_1`, `em0_2`, `em0_3`, `em0_4`, `em0_5`, `text1_0`, `text1_1`, `BroadcastTextID1`, `lang1`, `Probability1`, `em1_0`, `em1_1`, `em1_2`, `em1_3`, `em1_4`, `em1_5`, `text2_0`, `text2_1`, `BroadcastTextID2`, `lang2`, `Probability2`, `em2_0`, `em2_1`, `em2_2`, `em2_3`, `em2_4`, `em2_5`, `text3_0`, `text3_1`, `BroadcastTextID3`, `lang3`, `Probability3`, `em3_0`, `em3_1`, `em3_2`, `em3_3`, `em3_4`, `em3_5`, `text4_0`, `text4_1`, `BroadcastTextID4`, `lang4`, `Probability4`, `em4_0`, `em4_1`, `em4_2`, `em4_3`, `em4_4`, `em4_5`, `text5_0`, `text5_1`, `BroadcastTextID5`, `lang5`, `Probability5`, `em5_0`, `em5_1`, `em5_2`, `em5_3`, `em5_4`, `em5_5`, `text6_0`, `text6_1`, `BroadcastTextID6`, `lang6`, `Probability6`, `em6_0`, `em6_1`, `em6_2`, `em6_3`, `em6_4`, `em6_5`, `text7_0`, `text7_1`, `BroadcastTextID7`, `lang7`, `Probability7`, `em7_0`, `em7_1`, `em7_2`, `em7_3`, `em7_4`, `em7_5`) VALUES ('10946', 'Imported from TC', 'I gladly make such a sacrifice if it means the downfall of the Dragonmaw.', '', '21465', '0', '1', '0', '273', '0', '0', '0', '0', '', '', NULL, '0', '0', '0', '0', '0', '0', '0', '0', '', '', NULL, '0', '0', '0', '0', '0', '0', '0', '0', '', '', NULL, '0', '0', '0', '0', '0', '0', '0', '0', '', '', NULL, '0', '0', '0', '0', '0', '0', '0', '0', '', '', NULL, '0', '0', '0', '0', '0', '0', '0', '0', '', '', NULL, '0', '0', '0', '0', '0', '0', '0', '0', '', '', NULL, '0', '0', '0', '0', '0', '0', '0', '0');
INSERT INTO gossip_menu (`MenuID`, `TextID`) VALUES ('8696', '10946');
INSERT INTO gossip_menu_option (`MenuID`, `OptionID`, `OptionIcon`, `OptionText`, `OptionBroadcastTextID`, `OptionType`, `OptionNpcFlag`, `ActionMenuID`, `ActionPoiID`, `BoxCoded`, `BoxMoney`, `BoxText`, `BoxBroadcastTextID`) VALUES ('8697', '0', '0', 'Well... yes.', '21464', '1', '1', '8696', NULL, '0', '0', '', NULL);
INSERT INTO conditions (`SourceTypeOrReferenceId`, `SourceGroup`, `SourceEntry`, `SourceId`, `ElseGroup`, `ConditionTypeOrReference`, `ConditionTarget`, `ConditionValue1`, `ConditionValue2`, `ConditionValue3`, `NegativeCondition`, `ErrorType`, `ErrorTextId`, `ScriptName`, `Comment`) VALUES ('15', '8697', '0', '0', '0', '9', '0', '11082', '0', '0', '0', '0', '0', '', '(autoimported) Gossip Option - Show Option if Quest 11082 taken');
INSERT INTO smart_scripts (`entryorguid`, `source_type`, `id`, `link`, `event_type`, `event_phase_mask`, `event_chance`, `event_flags`, `event_param1`, `event_param2`, `event_param3`, `event_param4`, `event_param5`, `action_type`, `action_param1`, `action_param2`, `action_param3`, `action_param4`, `action_param5`, `action_param6`, `target_type`, `target_param1`, `target_param2`, `target_param3`, `target_param4`, `target_x`, `target_y`, `target_z`, `target_o`, `comment`) VALUES ('23309', '0', '0', '1', '62', '0', '100', '0', '8697', '0', '0', '0', '0', '11', '41121', '0', '0', '0', '0', '0', '7', '0', '0', '0', '0', '0', '0', '0', '0', 'Murkblood Overseer - On Gossip Option 0 Selected - Cast \'Giving a Hand\' (Phase 2)'), ('23309', '0', '1', '0', '61', '0', '100', '512', '0', '0', '0', '0', '0', '15', '11082', '0', '0', '0', '0', '0', '7', '0', '0', '0', '0', '0', '0', '0', '0', 'Murkblood Overseer - On gossip Option select - Complete quest');
-- Text 10940 already present in Sun DB
INSERT INTO gossip_menu (`MenuID`, `TextID`) VALUES ('8701', '10940');
INSERT INTO gossip_text (`ID`, `comment`, `text0_0`, `text0_1`, `BroadcastTextID0`, `lang0`, `Probability0`, `em0_0`, `em0_1`, `em0_2`, `em0_3`, `em0_4`, `em0_5`, `text1_0`, `text1_1`, `BroadcastTextID1`, `lang1`, `Probability1`, `em1_0`, `em1_1`, `em1_2`, `em1_3`, `em1_4`, `em1_5`, `text2_0`, `text2_1`, `BroadcastTextID2`, `lang2`, `Probability2`, `em2_0`, `em2_1`, `em2_2`, `em2_3`, `em2_4`, `em2_5`, `text3_0`, `text3_1`, `BroadcastTextID3`, `lang3`, `Probability3`, `em3_0`, `em3_1`, `em3_2`, `em3_3`, `em3_4`, `em3_5`, `text4_0`, `text4_1`, `BroadcastTextID4`, `lang4`, `Probability4`, `em4_0`, `em4_1`, `em4_2`, `em4_3`, `em4_4`, `em4_5`, `text5_0`, `text5_1`, `BroadcastTextID5`, `lang5`, `Probability5`, `em5_0`, `em5_1`, `em5_2`, `em5_3`, `em5_4`, `em5_5`, `text6_0`, `text6_1`, `BroadcastTextID6`, `lang6`, `Probability6`, `em6_0`, `em6_1`, `em6_2`, `em6_3`, `em6_4`, `em6_5`, `text7_0`, `text7_1`, `BroadcastTextID7`, `lang7`, `Probability7`, `em7_0`, `em7_1`, `em7_2`, `em7_3`, `em7_4`, `em7_5`) VALUES ('10941', 'Imported from TC', 'They sent you to kill me, eh? So predictable... Creatures ruled by terror are all the same.$B$BBut you... You are not one of them...', '', '21454', '0', '1', '0', '6', '0', '274', '0', '0', '', '', NULL, '0', '0', '0', '0', '0', '0', '0', '0', '', '', NULL, '0', '0', '0', '0', '0', '0', '0', '0', '', '', NULL, '0', '0', '0', '0', '0', '0', '0', '0', '', '', NULL, '0', '0', '0', '0', '0', '0', '0', '0', '', '', NULL, '0', '0', '0', '0', '0', '0', '0', '0', '', '', NULL, '0', '0', '0', '0', '0', '0', '0', '0', '', '', NULL, '0', '0', '0', '0', '0', '0', '0', '0');
INSERT INTO gossip_menu (`MenuID`, `TextID`) VALUES ('8695', '10941');
-- Importing menu 8700 as 57125
INSERT INTO gossip_text (`ID`, `comment`, `text0_0`, `text0_1`, `BroadcastTextID0`, `lang0`, `Probability0`, `em0_0`, `em0_1`, `em0_2`, `em0_3`, `em0_4`, `em0_5`, `text1_0`, `text1_1`, `BroadcastTextID1`, `lang1`, `Probability1`, `em1_0`, `em1_1`, `em1_2`, `em1_3`, `em1_4`, `em1_5`, `text2_0`, `text2_1`, `BroadcastTextID2`, `lang2`, `Probability2`, `em2_0`, `em2_1`, `em2_2`, `em2_3`, `em2_4`, `em2_5`, `text3_0`, `text3_1`, `BroadcastTextID3`, `lang3`, `Probability3`, `em3_0`, `em3_1`, `em3_2`, `em3_3`, `em3_4`, `em3_5`, `text4_0`, `text4_1`, `BroadcastTextID4`, `lang4`, `Probability4`, `em4_0`, `em4_1`, `em4_2`, `em4_3`, `em4_4`, `em4_5`, `text5_0`, `text5_1`, `BroadcastTextID5`, `lang5`, `Probability5`, `em5_0`, `em5_1`, `em5_2`, `em5_3`, `em5_4`, `em5_5`, `text6_0`, `text6_1`, `BroadcastTextID6`, `lang6`, `Probability6`, `em6_0`, `em6_1`, `em6_2`, `em6_3`, `em6_4`, `em6_5`, `text7_0`, `text7_1`, `BroadcastTextID7`, `lang7`, `Probability7`, `em7_0`, `em7_1`, `em7_2`, `em7_3`, `em7_4`, `em7_5`) VALUES ('10942', 'Imported from TC', 'Overseer?$B$BYou are no more an overseer than I am the king of Stormwind. Yes... You are the one they speak of.', '', '21457', '0', '1', '0', '6', '0', '396', '0', '273', '', '', NULL, '0', '0', '0', '0', '0', '0', '0', '0', '', '', NULL, '0', '0', '0', '0', '0', '0', '0', '0', '', '', NULL, '0', '0', '0', '0', '0', '0', '0', '0', '', '', NULL, '0', '0', '0', '0', '0', '0', '0', '0', '', '', NULL, '0', '0', '0', '0', '0', '0', '0', '0', '', '', NULL, '0', '0', '0', '0', '0', '0', '0', '0', '', '', NULL, '0', '0', '0', '0', '0', '0', '0', '0');
INSERT INTO gossip_menu (`MenuID`, `TextID`) VALUES ('57125', '10942');
-- Importing menu 8699 as 57126
INSERT INTO gossip_text (`ID`, `comment`, `text0_0`, `text0_1`, `BroadcastTextID0`, `lang0`, `Probability0`, `em0_0`, `em0_1`, `em0_2`, `em0_3`, `em0_4`, `em0_5`, `text1_0`, `text1_1`, `BroadcastTextID1`, `lang1`, `Probability1`, `em1_0`, `em1_1`, `em1_2`, `em1_3`, `em1_4`, `em1_5`, `text2_0`, `text2_1`, `BroadcastTextID2`, `lang2`, `Probability2`, `em2_0`, `em2_1`, `em2_2`, `em2_3`, `em2_4`, `em2_5`, `text3_0`, `text3_1`, `BroadcastTextID3`, `lang3`, `Probability3`, `em3_0`, `em3_1`, `em3_2`, `em3_3`, `em3_4`, `em3_5`, `text4_0`, `text4_1`, `BroadcastTextID4`, `lang4`, `Probability4`, `em4_0`, `em4_1`, `em4_2`, `em4_3`, `em4_4`, `em4_5`, `text5_0`, `text5_1`, `BroadcastTextID5`, `lang5`, `Probability5`, `em5_0`, `em5_1`, `em5_2`, `em5_3`, `em5_4`, `em5_5`, `text6_0`, `text6_1`, `BroadcastTextID6`, `lang6`, `Probability6`, `em6_0`, `em6_1`, `em6_2`, `em6_3`, `em6_4`, `em6_5`, `text7_0`, `text7_1`, `BroadcastTextID7`, `lang7`, `Probability7`, `em7_0`, `em7_1`, `em7_2`, `em7_3`, `em7_4`, `em7_5`) VALUES ('10943', 'Imported from TC', 'The Netherwing. They speak to us. They offered us peace and protection. Something the broken have never truly felt. We accepted their offer and assisted Toranaku in rousing the creatures of this mine - at great personal cost to us. Many of my brothers gave their lives for this offensive. We were attempting to make the mine uninhabitable, forcing the Dragonmaw to relocate and ultimately move off of this island.', '', '21458', '0', '1', '0', '396', '0', '396', '0', '396', '', '', NULL, '0', '0', '0', '0', '0', '0', '0', '0', '', '', NULL, '0', '0', '0', '0', '0', '0', '0', '0', '', '', NULL, '0', '0', '0', '0', '0', '0', '0', '0', '', '', NULL, '0', '0', '0', '0', '0', '0', '0', '0', '', '', NULL, '0', '0', '0', '0', '0', '0', '0', '0', '', '', NULL, '0', '0', '0', '0', '0', '0', '0', '0', '', '', NULL, '0', '0', '0', '0', '0', '0', '0', '0');
INSERT INTO gossip_menu (`MenuID`, `TextID`) VALUES ('57126', '10943');
INSERT INTO gossip_text (`ID`, `comment`, `text0_0`, `text0_1`, `BroadcastTextID0`, `lang0`, `Probability0`, `em0_0`, `em0_1`, `em0_2`, `em0_3`, `em0_4`, `em0_5`, `text1_0`, `text1_1`, `BroadcastTextID1`, `lang1`, `Probability1`, `em1_0`, `em1_1`, `em1_2`, `em1_3`, `em1_4`, `em1_5`, `text2_0`, `text2_1`, `BroadcastTextID2`, `lang2`, `Probability2`, `em2_0`, `em2_1`, `em2_2`, `em2_3`, `em2_4`, `em2_5`, `text3_0`, `text3_1`, `BroadcastTextID3`, `lang3`, `Probability3`, `em3_0`, `em3_1`, `em3_2`, `em3_3`, `em3_4`, `em3_5`, `text4_0`, `text4_1`, `BroadcastTextID4`, `lang4`, `Probability4`, `em4_0`, `em4_1`, `em4_2`, `em4_3`, `em4_4`, `em4_5`, `text5_0`, `text5_1`, `BroadcastTextID5`, `lang5`, `Probability5`, `em5_0`, `em5_1`, `em5_2`, `em5_3`, `em5_4`, `em5_5`, `text6_0`, `text6_1`, `BroadcastTextID6`, `lang6`, `Probability6`, `em6_0`, `em6_1`, `em6_2`, `em6_3`, `em6_4`, `em6_5`, `text7_0`, `text7_1`, `BroadcastTextID7`, `lang7`, `Probability7`, `em7_0`, `em7_1`, `em7_2`, `em7_3`, `em7_4`, `em7_5`) VALUES ('10944', 'Imported from TC', 'The Dragonmaw are corrupt. They are strip-mining this island of all natural resources and using those resources to supply Illidan\'s armies out of the Black Temple. They take much for themselves, however, and sell whatever they have hidden away to the highest bidder.', '', '21461', '0', '1', '0', '396', '0', '396', '0', '0', '', '', NULL, '0', '0', '0', '0', '0', '0', '0', '0', '', '', NULL, '0', '0', '0', '0', '0', '0', '0', '0', '', '', NULL, '0', '0', '0', '0', '0', '0', '0', '0', '', '', NULL, '0', '0', '0', '0', '0', '0', '0', '0', '', '', NULL, '0', '0', '0', '0', '0', '0', '0', '0', '', '', NULL, '0', '0', '0', '0', '0', '0', '0', '0', '', '', NULL, '0', '0', '0', '0', '0', '0', '0', '0');
INSERT INTO gossip_menu (`MenuID`, `TextID`) VALUES ('8698', '10944');
-- Menu 8697 is already imported
INSERT INTO gossip_menu_option (`MenuID`, `OptionID`, `OptionIcon`, `OptionText`, `OptionBroadcastTextID`, `OptionType`, `OptionNpcFlag`, `ActionMenuID`, `ActionPoiID`, `BoxCoded`, `BoxMoney`, `BoxText`, `BoxBroadcastTextID`) VALUES ('8698', '0', '0', 'Who are these bidders?', '21462', '1', '1', '8697', NULL, '0', '0', '', NULL);
INSERT INTO gossip_menu_option (`MenuID`, `OptionID`, `OptionIcon`, `OptionText`, `OptionBroadcastTextID`, `OptionType`, `OptionNpcFlag`, `ActionMenuID`, `ActionPoiID`, `BoxCoded`, `BoxMoney`, `BoxText`, `BoxBroadcastTextID`) VALUES ('57126', '0', '0', 'Continue please.', '21460', '1', '1', '8698', NULL, '0', '0', '', NULL);
INSERT INTO gossip_menu_option (`MenuID`, `OptionID`, `OptionIcon`, `OptionText`, `OptionBroadcastTextID`, `OptionType`, `OptionNpcFlag`, `ActionMenuID`, `ActionPoiID`, `BoxCoded`, `BoxMoney`, `BoxText`, `BoxBroadcastTextID`) VALUES ('57125', '0', '0', 'Who speaks of me? What are you talking about, broken?', '21459', '1', '1', '57126', NULL, '0', '0', '', NULL);
INSERT INTO gossip_menu_option (`MenuID`, `OptionID`, `OptionIcon`, `OptionText`, `OptionBroadcastTextID`, `OptionType`, `OptionNpcFlag`, `ActionMenuID`, `ActionPoiID`, `BoxCoded`, `BoxMoney`, `BoxText`, `BoxBroadcastTextID`) VALUES ('8695', '0', '0', 'How dare you question an overseer of the Dragonmaw!', '21456', '1', '1', '57125', NULL, '0', '0', '', NULL);
INSERT INTO gossip_menu_option (`MenuID`, `OptionID`, `OptionIcon`, `OptionText`, `OptionBroadcastTextID`, `OptionType`, `OptionNpcFlag`, `ActionMenuID`, `ActionPoiID`, `BoxCoded`, `BoxMoney`, `BoxText`, `BoxBroadcastTextID`) VALUES ('8701', '0', '0', 'I am here for you, overseer.', '21455', '1', '1', '8695', NULL, '0', '0', '', NULL);
INSERT INTO conditions (`SourceTypeOrReferenceId`, `SourceGroup`, `SourceEntry`, `SourceId`, `ElseGroup`, `ConditionTypeOrReference`, `ConditionTarget`, `ConditionValue1`, `ConditionValue2`, `ConditionValue3`, `NegativeCondition`, `ErrorType`, `ErrorTextId`, `ScriptName`, `Comment`) VALUES ('15', '8701', '0', '0', '0', '9', '0', '11082', '0', '0', '0', '0', '0', '', '(autoimported) Show gossip option if player has Quest 11082 Seeker of Truth');
UPDATE creature_template SET npcflag = (npcflag | 1), gossip_menu_id = 8701 WHERE entry = 23309;


-- Importing creature gossip with entry 23413 (Skyguard Handler Irena) with import type SMART
UPDATE creature_template SET ScriptName = '', AIName = 'SmartAI' WHERE entry = 23413;
DELETE FROM smart_scripts WHERE entryorguid = 23413 AND source_type = 0;
INSERT INTO gossip_text (`ID`, `comment`, `text0_0`, `text0_1`, `BroadcastTextID0`, `lang0`, `Probability0`, `em0_0`, `em0_1`, `em0_2`, `em0_3`, `em0_4`, `em0_5`, `text1_0`, `text1_1`, `BroadcastTextID1`, `lang1`, `Probability1`, `em1_0`, `em1_1`, `em1_2`, `em1_3`, `em1_4`, `em1_5`, `text2_0`, `text2_1`, `BroadcastTextID2`, `lang2`, `Probability2`, `em2_0`, `em2_1`, `em2_2`, `em2_3`, `em2_4`, `em2_5`, `text3_0`, `text3_1`, `BroadcastTextID3`, `lang3`, `Probability3`, `em3_0`, `em3_1`, `em3_2`, `em3_3`, `em3_4`, `em3_5`, `text4_0`, `text4_1`, `BroadcastTextID4`, `lang4`, `Probability4`, `em4_0`, `em4_1`, `em4_2`, `em4_3`, `em4_4`, `em4_5`, `text5_0`, `text5_1`, `BroadcastTextID5`, `lang5`, `Probability5`, `em5_0`, `em5_1`, `em5_2`, `em5_3`, `em5_4`, `em5_5`, `text6_0`, `text6_1`, `BroadcastTextID6`, `lang6`, `Probability6`, `em6_0`, `em6_1`, `em6_2`, `em6_3`, `em6_4`, `em6_5`, `text7_0`, `text7_1`, `BroadcastTextID7`, `lang7`, `Probability7`, `em7_0`, `em7_1`, `em7_2`, `em7_3`, `em7_4`, `em7_5`) VALUES ('10977', 'Imported from TC', '', 'Hey, comrade.  If you get yourself in good with the Skyguard, I can offer you a direct flight to our base, Blackwind Landing, in the Skethyl Mountains.$B$BDo you like my beautiful nether ray?  It is lovely.', '21547', '0', '1', '0', '1', '0', '6', '0', '0', '', '', NULL, '0', '0', '0', '0', '0', '0', '0', '0', '', '', NULL, '0', '0', '0', '0', '0', '0', '0', '0', '', '', NULL, '0', '0', '0', '0', '0', '0', '0', '0', '', '', NULL, '0', '0', '0', '0', '0', '0', '0', '0', '', '', NULL, '0', '0', '0', '0', '0', '0', '0', '0', '', '', NULL, '0', '0', '0', '0', '0', '0', '0', '0', '', '', NULL, '0', '0', '0', '0', '0', '0', '0', '0');
INSERT INTO conditions (`SourceTypeOrReferenceId`, `SourceGroup`, `SourceEntry`, `SourceId`, `ElseGroup`, `ConditionTypeOrReference`, `ConditionTarget`, `ConditionValue1`, `ConditionValue2`, `ConditionValue3`, `NegativeCondition`, `ErrorType`, `ErrorTextId`, `ScriptName`, `Comment`) VALUES ('14', '8718', '10977', '0', '0', '5', '0', '1031', '224', '0', '1', '0', '0', '', '(autoimported) Skyguard Handler Irena - Show gossip menu text below Honored reputation with faction 1031');
INSERT INTO gossip_menu (`MenuID`, `TextID`) VALUES ('8718', '10977');
-- Text 10978 already present in Sun DB
INSERT INTO conditions (`SourceTypeOrReferenceId`, `SourceGroup`, `SourceEntry`, `SourceId`, `ElseGroup`, `ConditionTypeOrReference`, `ConditionTarget`, `ConditionValue1`, `ConditionValue2`, `ConditionValue3`, `NegativeCondition`, `ErrorType`, `ErrorTextId`, `ScriptName`, `Comment`) VALUES ('14', '8718', '10978', '0', '0', '5', '0', '1031', '224', '0', '0', '0', '0', '', '(autoimported) Skyguard Handler Irena - Show gossip menu text above Honored reputation with faction 1031');
INSERT INTO gossip_menu (`MenuID`, `TextID`) VALUES ('8718', '10978');
INSERT INTO gossip_menu_option (`MenuID`, `OptionID`, `OptionIcon`, `OptionText`, `OptionBroadcastTextID`, `OptionType`, `OptionNpcFlag`, `ActionMenuID`, `ActionPoiID`, `BoxCoded`, `BoxMoney`, `BoxText`, `BoxBroadcastTextID`) VALUES ('8718', '0', '0', 'Yes, I\'d love a ride to Blackwind Landing.', '21550', '1', '1', NULL, NULL, '0', '0', '', NULL);
INSERT INTO conditions (`SourceTypeOrReferenceId`, `SourceGroup`, `SourceEntry`, `SourceId`, `ElseGroup`, `ConditionTypeOrReference`, `ConditionTarget`, `ConditionValue1`, `ConditionValue2`, `ConditionValue3`, `NegativeCondition`, `ErrorType`, `ErrorTextId`, `ScriptName`, `Comment`) VALUES ('15', '8718', '0', '0', '0', '5', '0', '1031', '224', '0', '0', '0', '0', '', '(autoimported) Skyguard Handler Irena - Show gossip option 0 if player has reputation Honored or above with faction 1031');
INSERT INTO smart_scripts (`entryorguid`, `source_type`, `id`, `link`, `event_type`, `event_phase_mask`, `event_chance`, `event_flags`, `event_param1`, `event_param2`, `event_param3`, `event_param4`, `event_param5`, `action_type`, `action_param1`, `action_param2`, `action_param3`, `action_param4`, `action_param5`, `action_param6`, `target_type`, `target_param1`, `target_param2`, `target_param3`, `target_param4`, `target_x`, `target_y`, `target_z`, `target_o`, `comment`) VALUES ('23413', '0', '1', '0', '61', '0', '100', '512', '0', '0', '0', '0', '0', '72', '0', '0', '0', '0', '0', '0', '7', '0', '0', '0', '0', '0', '0', '0', '0', 'Skyguard Handler Irena - On Linked Actions - Close Gossip'), ('23413', '0', '0', '1', '62', '0', '100', '0', '8718', '0', '0', '0', '0', '11', '41278', '0', '0', '0', '0', '0', '7', '0', '0', '0', '0', '0', '0', '0', '0', 'Skyguard Handler Irena - On Gossip Option 0 Selected - Cast Spell 41278');
-- Menu 8718 is already imported
UPDATE creature_template SET npcflag = (npcflag | 1), gossip_menu_id = 8718 WHERE entry = 23413;


-- Importing creature gossip with entry 23410 (Spirit of Udalo) with import type GOSSIP
INSERT INTO gossip_text (`ID`, `comment`, `text0_0`, `text0_1`, `BroadcastTextID0`, `lang0`, `Probability0`, `em0_0`, `em0_1`, `em0_2`, `em0_3`, `em0_4`, `em0_5`, `text1_0`, `text1_1`, `BroadcastTextID1`, `lang1`, `Probability1`, `em1_0`, `em1_1`, `em1_2`, `em1_3`, `em1_4`, `em1_5`, `text2_0`, `text2_1`, `BroadcastTextID2`, `lang2`, `Probability2`, `em2_0`, `em2_1`, `em2_2`, `em2_3`, `em2_4`, `em2_5`, `text3_0`, `text3_1`, `BroadcastTextID3`, `lang3`, `Probability3`, `em3_0`, `em3_1`, `em3_2`, `em3_3`, `em3_4`, `em3_5`, `text4_0`, `text4_1`, `BroadcastTextID4`, `lang4`, `Probability4`, `em4_0`, `em4_1`, `em4_2`, `em4_3`, `em4_4`, `em4_5`, `text5_0`, `text5_1`, `BroadcastTextID5`, `lang5`, `Probability5`, `em5_0`, `em5_1`, `em5_2`, `em5_3`, `em5_4`, `em5_5`, `text6_0`, `text6_1`, `BroadcastTextID6`, `lang6`, `Probability6`, `em6_0`, `em6_1`, `em6_2`, `em6_3`, `em6_4`, `em6_5`, `text7_0`, `text7_1`, `BroadcastTextID7`, `lang7`, `Probability7`, `em7_0`, `em7_1`, `em7_2`, `em7_3`, `em7_4`, `em7_5`) VALUES ('11078', 'Imported from TC', 'Illidan\'s lackeys still guard these halls, $N.  Once they are defeated, my powers will allow me to take you deeper inside the temple.', '', '21880', '0', '1', '0', '0', '0', '0', '0', '0', '', '', NULL, '0', '0', '0', '0', '0', '0', '0', '0', '', '', NULL, '0', '0', '0', '0', '0', '0', '0', '0', '', '', NULL, '0', '0', '0', '0', '0', '0', '0', '0', '', '', NULL, '0', '0', '0', '0', '0', '0', '0', '0', '', '', NULL, '0', '0', '0', '0', '0', '0', '0', '0', '', '', NULL, '0', '0', '0', '0', '0', '0', '0', '0', '', '', NULL, '0', '0', '0', '0', '0', '0', '0', '0');
INSERT INTO gossip_menu (`MenuID`, `TextID`) VALUES ('8749', '11078');
UPDATE creature_template SET npcflag = (npcflag | 1), gossip_menu_id = 8749 WHERE entry = 23410;


-- Importing creature gossip with entry 23602 (Deserter Agitator) with import type SMART
UPDATE creature_template SET ScriptName = '', AIName = 'SmartAI' WHERE entry = 23602;
DELETE FROM smart_scripts WHERE entryorguid = 23602 AND source_type = 0;
DELETE FROM creature_text WHERE CreatureID = 23602;
INSERT INTO creature_text (`CreatureID`, `GroupID`, `ID`, `Text`, `Type`, `Language`, `Probability`, `Emote`, `Duration`, `Sound`, `BroadcastTextId`, `TextRange`, `comment`) VALUES ('23602', '0', '0', 'It\'s good to see you defending Theramore with pride, friend.', '12', '7', '100', '25', '0', '0', '22050', '0', 'Deserter Agitator');
INSERT INTO creature_text (`CreatureID`, `GroupID`, `ID`, `Text`, `Type`, `Language`, `Probability`, `Emote`, `Duration`, `Sound`, `BroadcastTextId`, `TextRange`, `comment`) VALUES ('23602', '0', '1', 'When you\'re off duty, let\'s go to the inn. I\'ll buy a round and we can reminisce about the good old days.', '12', '7', '100', '1', '0', '0', '22051', '0', 'Deserter Agitator');
INSERT INTO creature_text (`CreatureID`, `GroupID`, `ID`, `Text`, `Type`, `Language`, `Probability`, `Emote`, `Duration`, `Sound`, `BroadcastTextId`, `TextRange`, `comment`) VALUES ('23602', '0', '2', 'Wouldn\'t you like to bring those days back? I have some friends who know just the way to do that...', '12', '7', '100', '1', '0', '0', '22052', '0', 'Deserter Agitator');
INSERT INTO creature_text (`CreatureID`, `GroupID`, `ID`, `Text`, `Type`, `Language`, `Probability`, `Emote`, `Duration`, `Sound`, `BroadcastTextId`, `TextRange`, `comment`) VALUES ('23602', '1', '0', 'These people will know Admiral Proudmoore for the true hero he was!', '12', '7', '100', '5', '0', '0', '22048', '0', 'Deserter Agitator');
INSERT INTO creature_text (`CreatureID`, `GroupID`, `ID`, `Text`, `Type`, `Language`, `Probability`, `Emote`, `Duration`, `Sound`, `BroadcastTextId`, `TextRange`, `comment`) VALUES ('23602', '1', '1', 'You can\'t stop us from exposing the truth about Jaina\'s cowardice!', '12', '7', '100', '5', '0', '0', '22047', '0', 'Deserter Agitator');
INSERT INTO creature_text (`CreatureID`, `GroupID`, `ID`, `Text`, `Type`, `Language`, `Probability`, `Emote`, `Duration`, `Sound`, `BroadcastTextId`, `TextRange`, `comment`) VALUES ('23602', '1', '2', 'If you think you can stop us, you\'re mistaken, \'friend.\'', '12', '7', '100', '5', '0', '0', '22046', '0', 'Deserter Agitator');
INSERT INTO creature_text (`CreatureID`, `GroupID`, `ID`, `Text`, `Type`, `Language`, `Probability`, `Emote`, `Duration`, `Sound`, `BroadcastTextId`, `TextRange`, `comment`) VALUES ('23602', '1', '3', 'It\'s people like you who weaken the Alliance and invite the Horde to take away all we\'ve fought for!', '12', '7', '100', '5', '0', '0', '22049', '0', 'Deserter Agitator');
-- Text 11136 already present in Sun DB
INSERT INTO gossip_menu (`MenuID`, `TextID`) VALUES ('8762', '11136');
INSERT INTO gossip_menu_option (`MenuID`, `OptionID`, `OptionIcon`, `OptionText`, `OptionBroadcastTextID`, `OptionType`, `OptionNpcFlag`, `ActionMenuID`, `ActionPoiID`, `BoxCoded`, `BoxMoney`, `BoxText`, `BoxBroadcastTextID`) VALUES ('8762', '0', '0', 'Your propaganda won\'t work on me. Spout your treasonous filth elsewhere, traitor!', '22054', '1', '1', NULL, NULL, '0', '0', '', NULL);
INSERT INTO conditions (`SourceTypeOrReferenceId`, `SourceGroup`, `SourceEntry`, `SourceId`, `ElseGroup`, `ConditionTypeOrReference`, `ConditionTarget`, `ConditionValue1`, `ConditionValue2`, `ConditionValue3`, `NegativeCondition`, `ErrorType`, `ErrorTextId`, `ScriptName`, `Comment`) VALUES ('15', '8762', '0', '0', '0', '9', '0', '11126', '0', '0', '0', '0', '0', '', '(autoimported) Show gossip option only if player has taken quest 11126');
-- Creature text 23602 is already imported
DELETE FROM smart_scripts WHERE entryorguid = 2360200 AND source_type = 9;
INSERT INTO smart_scripts (`entryorguid`, `source_type`, `id`, `link`, `event_type`, `event_phase_mask`, `event_chance`, `event_flags`, `event_param1`, `event_param2`, `event_param3`, `event_param4`, `event_param5`, `action_type`, `action_param1`, `action_param2`, `action_param3`, `action_param4`, `action_param5`, `action_param6`, `target_type`, `target_param1`, `target_param2`, `target_param3`, `target_param4`, `target_x`, `target_y`, `target_z`, `target_o`, `comment`) VALUES ('2360200', '9', '0', '0', '0', '0', '100', '0', '2000', '2000', '0', '0', '0', '2', '14', '0', '0', '0', '0', '0', '1', '0', '0', '0', '0', '0', '0', '0', '0', 'Deserter Agitator - On Script - Set Faction 14'), ('2360200', '9', '1', '0', '0', '0', '100', '0', '0', '0', '0', '0', '0', '49', '0', '0', '0', '0', '0', '0', '7', '0', '0', '0', '0', '0', '0', '0', '0', 'Deserter Agitator - On Script - Start Attacking');
DELETE FROM smart_scripts WHERE entryorguid = 2360201 AND source_type = 9;
INSERT INTO smart_scripts (`entryorguid`, `source_type`, `id`, `link`, `event_type`, `event_phase_mask`, `event_chance`, `event_flags`, `event_param1`, `event_param2`, `event_param3`, `event_param4`, `event_param5`, `action_type`, `action_param1`, `action_param2`, `action_param3`, `action_param4`, `action_param5`, `action_param6`, `target_type`, `target_param1`, `target_param2`, `target_param3`, `target_param4`, `target_x`, `target_y`, `target_z`, `target_o`, `comment`) VALUES ('2360201', '9', '0', '0', '0', '0', '100', '0', '0', '0', '0', '0', '0', '83', '1', '0', '0', '0', '0', '0', '1', '0', '0', '0', '0', '0', '0', '0', '0', 'Deserter Agitator - On Script - Remove Npc Flag Gossip'), ('2360201', '9', '1', '0', '0', '0', '100', '0', '0', '0', '0', '0', '0', '33', '23602', '0', '0', '0', '0', '0', '7', '0', '0', '0', '0', '0', '0', '0', '0', 'Deserter Agitator - On Script - Quest Credit \'Traitors Among Us\''), ('2360201', '9', '2', '0', '0', '0', '100', '0', '30000', '30000', '0', '0', '0', '82', '1', '0', '0', '0', '0', '0', '1', '0', '0', '0', '0', '0', '0', '0', '0', 'Deserter Agitator - On Script - Add Npc Flag Gossip');
INSERT INTO smart_scripts (`entryorguid`, `source_type`, `id`, `link`, `event_type`, `event_phase_mask`, `event_chance`, `event_flags`, `event_param1`, `event_param2`, `event_param3`, `event_param4`, `event_param5`, `action_type`, `action_param1`, `action_param2`, `action_param3`, `action_param4`, `action_param5`, `action_param6`, `target_type`, `target_param1`, `target_param2`, `target_param3`, `target_param4`, `target_x`, `target_y`, `target_z`, `target_o`, `comment`) VALUES ('23602', '0', '0', '0', '25', '0', '100', '512', '0', '0', '0', '0', '0', '2', '0', '0', '0', '0', '0', '0', '1', '0', '0', '0', '0', '0', '0', '0', '0', 'Deserter Agitator - On Reset - Set Faction 0 (No Repeat) (Normal Dungeon)'), ('23602', '0', '1', '0', '1', '0', '100', '0', '0', '1', '30000', '40000', '0', '1', '0', '0', '0', '0', '0', '0', '1', '0', '0', '0', '0', '0', '0', '0', '0', 'Deserter Agitator - Out of Combat - Say Line 0 (No Repeat) (Normal Dungeon)'), ('23602', '0', '2', '3', '62', '0', '100', '0', '8762', '0', '0', '0', '0', '11', '42203', '0', '0', '0', '0', '0', '7', '0', '0', '0', '0', '0', '0', '0', '0', 'Deserter Agitator - On Gossip Option 0 Selected - Cast \'Discovered\''), ('23602', '0', '3', '0', '61', '0', '100', '512', '0', '0', '0', '0', '0', '72', '0', '0', '0', '0', '0', '0', '7', '0', '0', '0', '0', '0', '0', '0', '0', 'Deserter Agitator - On Gossip Option 0 Selected - Close Gossip'), ('23602', '0', '4', '5', '8', '0', '100', '512', '42219', '0', '0', '0', '0', '66', '0', '0', '0', '0', '0', '0', '7', '0', '0', '0', '0', '0', '0', '0', '0', 'Deserter Agitator - On Spellhit \'Discovered (Sub)\' - Set Orientation Invoker'), ('23602', '0', '5', '6', '61', '0', '100', '512', '0', '0', '0', '0', '0', '1', '1', '0', '0', '0', '0', '0', '7', '0', '0', '0', '0', '0', '0', '0', '0', 'Deserter Agitator - On Spellhit \'Discovered (Sub)\' - Say Line 1'), ('23602', '0', '6', '0', '61', '0', '100', '512', '0', '0', '0', '0', '0', '87', '2360200', '2360201', '0', '0', '0', '0', '1', '0', '0', '0', '0', '0', '0', '0', '0', 'Deserter Agitator - On Spellhit \'Discovered (Sub)\' - Run Random Script'), ('23602', '0', '7', '0', '2', '0', '100', '1', '0', '15', '0', '0', '0', '25', '1', '0', '0', '0', '0', '0', '0', '0', '0', '0', '0', '0', '0', '0', '0', 'Deserter Agitator - Between 0-15% Health - Flee For Assist (No Repeat)');
-- Menu 8762 is already imported
UPDATE creature_template SET npcflag = (npcflag | 1), gossip_menu_id = 8762 WHERE entry = 23602;


-- Importing creature gossip with entry 23559 (Budd Nedreck) with import type SMART
UPDATE creature_template SET ScriptName = '', AIName = 'SmartAI' WHERE entry = 23559;
DELETE FROM smart_scripts WHERE entryorguid = 23559 AND source_type = 0;
-- Importing menu 8775 as 57127
-- Text 11217 already present in Sun DB
INSERT INTO gossip_menu (`MenuID`, `TextID`) VALUES ('57127', '11217');
INSERT INTO gossip_text (`ID`, `comment`, `text0_0`, `text0_1`, `BroadcastTextID0`, `lang0`, `Probability0`, `em0_0`, `em0_1`, `em0_2`, `em0_3`, `em0_4`, `em0_5`, `text1_0`, `text1_1`, `BroadcastTextID1`, `lang1`, `Probability1`, `em1_0`, `em1_1`, `em1_2`, `em1_3`, `em1_4`, `em1_5`, `text2_0`, `text2_1`, `BroadcastTextID2`, `lang2`, `Probability2`, `em2_0`, `em2_1`, `em2_2`, `em2_3`, `em2_4`, `em2_5`, `text3_0`, `text3_1`, `BroadcastTextID3`, `lang3`, `Probability3`, `em3_0`, `em3_1`, `em3_2`, `em3_3`, `em3_4`, `em3_5`, `text4_0`, `text4_1`, `BroadcastTextID4`, `lang4`, `Probability4`, `em4_0`, `em4_1`, `em4_2`, `em4_3`, `em4_4`, `em4_5`, `text5_0`, `text5_1`, `BroadcastTextID5`, `lang5`, `Probability5`, `em5_0`, `em5_1`, `em5_2`, `em5_3`, `em5_4`, `em5_5`, `text6_0`, `text6_1`, `BroadcastTextID6`, `lang6`, `Probability6`, `em6_0`, `em6_1`, `em6_2`, `em6_3`, `em6_4`, `em6_5`, `text7_0`, `text7_1`, `BroadcastTextID7`, `lang7`, `Probability7`, `em7_0`, `em7_1`, `em7_2`, `em7_3`, `em7_4`, `em7_5`) VALUES ('11354', 'Imported from TC', 'Listen, $c, it\'s clear that you and your friends know your way around Azeroth. Surely you\'ve come across certain folks who hunger for fame and fortune. $b$bSend me anyone who might be willing to enter Zul\'Aman and I\'ll make it worth your while.', '', '22369', '0', '1', '0', '1', '1000', '1', '0', '0', '', '', NULL, '0', '0', '0', '0', '0', '0', '0', '0', '', '', NULL, '0', '0', '0', '0', '0', '0', '0', '0', '', '', NULL, '0', '0', '0', '0', '0', '0', '0', '0', '', '', NULL, '0', '0', '0', '0', '0', '0', '0', '0', '', '', NULL, '0', '0', '0', '0', '0', '0', '0', '0', '', '', NULL, '0', '0', '0', '0', '0', '0', '0', '0', '', '', NULL, '0', '0', '0', '0', '0', '0', '0', '0');
INSERT INTO gossip_menu (`MenuID`, `TextID`) VALUES ('57127', '11354');
INSERT INTO gossip_menu_option (`MenuID`, `OptionID`, `OptionIcon`, `OptionText`, `OptionBroadcastTextID`, `OptionType`, `OptionNpcFlag`, `ActionMenuID`, `ActionPoiID`, `BoxCoded`, `BoxMoney`, `BoxText`, `BoxBroadcastTextID`) VALUES ('57127', '0', '0', 'You gave the crew disguises?', '22383', '1', '1', NULL, NULL, '0', '0', '', NULL);
INSERT INTO conditions (`SourceTypeOrReferenceId`, `SourceGroup`, `SourceEntry`, `SourceId`, `ElseGroup`, `ConditionTypeOrReference`, `ConditionTarget`, `ConditionValue1`, `ConditionValue2`, `ConditionValue3`, `NegativeCondition`, `ErrorType`, `ErrorTextId`, `ScriptName`, `Comment`) VALUES ('15', '57127', '0', '0', '0', '9', '0', '11166', '0', '0', '0', '0', '0', '', '(autoimported) Gossip Option - Show Option if Quest 11166 is taken');
INSERT INTO smart_scripts (`entryorguid`, `source_type`, `id`, `link`, `event_type`, `event_phase_mask`, `event_chance`, `event_flags`, `event_param1`, `event_param2`, `event_param3`, `event_param4`, `event_param5`, `action_type`, `action_param1`, `action_param2`, `action_param3`, `action_param4`, `action_param5`, `action_param6`, `target_type`, `target_param1`, `target_param2`, `target_param3`, `target_param4`, `target_x`, `target_y`, `target_z`, `target_o`, `comment`) VALUES ('23559', '0', '0', '1', '62', '0', '100', '512', '57127', '0', '0', '0', '0', '72', '0', '0', '0', '0', '0', '0', '7', '0', '0', '0', '0', '0', '0', '0', '0', 'Keristrasza - On Gossip Option - Close Gossip'), ('23559', '0', '1', '0', '61', '0', '100', '512', '0', '0', '0', '0', '0', '11', '42540', '0', '0', '0', '0', '0', '7', '0', '0', '0', '0', '0', '0', '0', '0', 'Keristrasza - On Gossip Option - Cast Zul\'aman Disguise Creation');
-- Menu 8775 is already imported as 57127
UPDATE creature_template SET npcflag = (npcflag | 1), gossip_menu_id = 57127 WHERE entry = 23559;


-- Importing creature gossip with entry 23704 (Cassa Crimsonwing) with import type SMART
UPDATE creature_template SET ScriptName = '', AIName = 'SmartAI' WHERE entry = 23704;
DELETE FROM smart_scripts WHERE entryorguid = 23704 AND source_type = 0;
-- Text 11224 already present in Sun DB
INSERT INTO gossip_menu (`MenuID`, `TextID`) VALUES ('8782', '11224');
INSERT INTO gossip_menu_option (`MenuID`, `OptionID`, `OptionIcon`, `OptionText`, `OptionBroadcastTextID`, `OptionType`, `OptionNpcFlag`, `ActionMenuID`, `ActionPoiID`, `BoxCoded`, `BoxMoney`, `BoxText`, `BoxBroadcastTextID`) VALUES ('8782', '0', '0', 'Lady Jaina told me to speak to you about using a gryphon to survey Alcaz Island.', '22176', '1', '1', NULL, NULL, '0', '0', '', NULL);
INSERT INTO conditions (`SourceTypeOrReferenceId`, `SourceGroup`, `SourceEntry`, `SourceId`, `ElseGroup`, `ConditionTypeOrReference`, `ConditionTarget`, `ConditionValue1`, `ConditionValue2`, `ConditionValue3`, `NegativeCondition`, `ErrorType`, `ErrorTextId`, `ScriptName`, `Comment`) VALUES ('15', '8782', '0', '0', '0', '9', '0', '11142', '0', '0', '0', '0', '0', '', '(autoimported) Cassa Crimsonwing - Show gossip option 0 if player has taken quest ID 11142');
INSERT INTO smart_scripts (`entryorguid`, `source_type`, `id`, `link`, `event_type`, `event_phase_mask`, `event_chance`, `event_flags`, `event_param1`, `event_param2`, `event_param3`, `event_param4`, `event_param5`, `action_type`, `action_param1`, `action_param2`, `action_param3`, `action_param4`, `action_param5`, `action_param6`, `target_type`, `target_param1`, `target_param2`, `target_param3`, `target_param4`, `target_x`, `target_y`, `target_z`, `target_o`, `comment`) VALUES ('23704', '0', '0', '1', '62', '0', '100', '512', '8782', '0', '0', '0', '0', '11', '42295', '2', '0', '0', '0', '0', '7', '0', '0', '0', '0', '0', '0', '0', '0', 'Cassa Crimsonwing - On Gossip Option 0 Selected - Cast Spell 42295'), ('23704', '0', '1', '0', '61', '0', '100', '512', '0', '0', '0', '0', '0', '72', '0', '0', '0', '0', '0', '0', '7', '0', '0', '0', '0', '0', '0', '0', '0', 'Cassa Crimsonwing - On Linked Actions - Close Gossip');
-- Menu 8782 is already imported
UPDATE creature_template SET npcflag = (npcflag | 1), gossip_menu_id = 8782 WHERE entry = 23704;


-- Importing creature gossip with entry 23790 (Tanzar) with import type GOSSIP
INSERT INTO gossip_text (`ID`, `comment`, `text0_0`, `text0_1`, `BroadcastTextID0`, `lang0`, `Probability0`, `em0_0`, `em0_1`, `em0_2`, `em0_3`, `em0_4`, `em0_5`, `text1_0`, `text1_1`, `BroadcastTextID1`, `lang1`, `Probability1`, `em1_0`, `em1_1`, `em1_2`, `em1_3`, `em1_4`, `em1_5`, `text2_0`, `text2_1`, `BroadcastTextID2`, `lang2`, `Probability2`, `em2_0`, `em2_1`, `em2_2`, `em2_3`, `em2_4`, `em2_5`, `text3_0`, `text3_1`, `BroadcastTextID3`, `lang3`, `Probability3`, `em3_0`, `em3_1`, `em3_2`, `em3_3`, `em3_4`, `em3_5`, `text4_0`, `text4_1`, `BroadcastTextID4`, `lang4`, `Probability4`, `em4_0`, `em4_1`, `em4_2`, `em4_3`, `em4_4`, `em4_5`, `text5_0`, `text5_1`, `BroadcastTextID5`, `lang5`, `Probability5`, `em5_0`, `em5_1`, `em5_2`, `em5_3`, `em5_4`, `em5_5`, `text6_0`, `text6_1`, `BroadcastTextID6`, `lang6`, `Probability6`, `em6_0`, `em6_1`, `em6_2`, `em6_3`, `em6_4`, `em6_5`, `text7_0`, `text7_1`, `BroadcastTextID7`, `lang7`, `Probability7`, `em7_0`, `em7_1`, `em7_2`, `em7_3`, `em7_4`, `em7_5`) VALUES ('11279', 'Imported from TC', 'Listen, mon!$b$bI tell ya all I be knowin\', but first ya gotta be savin\' me from these savages and their killer bears.$b$bDeal?', '', '22289', '0', '1', '0', '5', '0', '0', '0', '0', '', '', NULL, '0', '0', '0', '0', '0', '0', '0', '0', '', '', NULL, '0', '0', '0', '0', '0', '0', '0', '0', '', '', NULL, '0', '0', '0', '0', '0', '0', '0', '0', '', '', NULL, '0', '0', '0', '0', '0', '0', '0', '0', '', '', NULL, '0', '0', '0', '0', '0', '0', '0', '0', '', '', NULL, '0', '0', '0', '0', '0', '0', '0', '0', '', '', NULL, '0', '0', '0', '0', '0', '0', '0', '0');
INSERT INTO gossip_menu (`MenuID`, `TextID`) VALUES ('8799', '11279');
UPDATE creature_template SET npcflag = (npcflag | 1), gossip_menu_id = 8799 WHERE entry = 23790;


-- Importing creature gossip with entry 2708 (Archmage Malin) with import type GOSSIP
-- Importing menu 8846 as 57128
-- Text 11469 already present in Sun DB
INSERT INTO gossip_menu (`MenuID`, `TextID`) VALUES ('57128', '11469');
UPDATE creature_template SET npcflag = (npcflag | 1), gossip_menu_id = 57128 WHERE entry = 2708;


-- Importing creature gossip with entry 23999 (Harkor) with import type GOSSIP
-- Text 11578 already present in Sun DB
INSERT INTO gossip_menu (`MenuID`, `TextID`) VALUES ('8874', '11578');
UPDATE creature_template SET npcflag = (npcflag | 1), gossip_menu_id = 8874 WHERE entry = 23999;


-- Importing creature gossip with entry 24001 (Ashli) with import type GOSSIP
INSERT INTO gossip_text (`ID`, `comment`, `text0_0`, `text0_1`, `BroadcastTextID0`, `lang0`, `Probability0`, `em0_0`, `em0_1`, `em0_2`, `em0_3`, `em0_4`, `em0_5`, `text1_0`, `text1_1`, `BroadcastTextID1`, `lang1`, `Probability1`, `em1_0`, `em1_1`, `em1_2`, `em1_3`, `em1_4`, `em1_5`, `text2_0`, `text2_1`, `BroadcastTextID2`, `lang2`, `Probability2`, `em2_0`, `em2_1`, `em2_2`, `em2_3`, `em2_4`, `em2_5`, `text3_0`, `text3_1`, `BroadcastTextID3`, `lang3`, `Probability3`, `em3_0`, `em3_1`, `em3_2`, `em3_3`, `em3_4`, `em3_5`, `text4_0`, `text4_1`, `BroadcastTextID4`, `lang4`, `Probability4`, `em4_0`, `em4_1`, `em4_2`, `em4_3`, `em4_4`, `em4_5`, `text5_0`, `text5_1`, `BroadcastTextID5`, `lang5`, `Probability5`, `em5_0`, `em5_1`, `em5_2`, `em5_3`, `em5_4`, `em5_5`, `text6_0`, `text6_1`, `BroadcastTextID6`, `lang6`, `Probability6`, `em6_0`, `em6_1`, `em6_2`, `em6_3`, `em6_4`, `em6_5`, `text7_0`, `text7_1`, `BroadcastTextID7`, `lang7`, `Probability7`, `em7_0`, `em7_1`, `em7_2`, `em7_3`, `em7_4`, `em7_5`) VALUES ('11907', 'Imported from TC', '', 'Oh hooray - you killed the bad troll just in time to save me from being helplessly slaughtered and having my innocent little soul enslaved and used to add power to their wicked scheme to take over Azeroth and seeing how you have risked your lives to free me from certain death I must repay your kindness regardless of who you are or where you may have come from so help me out of here and I will do my best to find some way to reward you....$b$b<Ashli takes a deep breath.>$b$bI hope you like candy....', '23153', '0', '1', '0', '21', '0', '0', '0', '0', '', '', NULL, '0', '0', '0', '0', '0', '0', '0', '0', '', '', NULL, '0', '0', '0', '0', '0', '0', '0', '0', '', '', NULL, '0', '0', '0', '0', '0', '0', '0', '0', '', '', NULL, '0', '0', '0', '0', '0', '0', '0', '0', '', '', NULL, '0', '0', '0', '0', '0', '0', '0', '0', '', '', NULL, '0', '0', '0', '0', '0', '0', '0', '0', '', '', NULL, '0', '0', '0', '0', '0', '0', '0', '0');
INSERT INTO gossip_menu (`MenuID`, `TextID`) VALUES ('8927', '11907');
UPDATE creature_template SET npcflag = (npcflag | 1), gossip_menu_id = 8927 WHERE entry = 24001;


-- Importing creature gossip with entry 24358 (Harrison Jones) with import type GOSSIP
-- Text 12135 already present in Sun DB
INSERT INTO gossip_menu (`MenuID`, `TextID`) VALUES ('8932', '12135');
INSERT INTO gossip_menu_option (`MenuID`, `OptionID`, `OptionIcon`, `OptionText`, `OptionBroadcastTextID`, `OptionType`, `OptionNpcFlag`, `ActionMenuID`, `ActionPoiID`, `BoxCoded`, `BoxMoney`, `BoxText`, `BoxBroadcastTextID`) VALUES ('8932', '0', '0', 'Thanks for the concern, but we intend to explore Zul\'Aman.', '23238', '1', '1', NULL, NULL, '0', '0', '', NULL);
UPDATE creature_template SET npcflag = (npcflag | 1), gossip_menu_id = 8932 WHERE entry = 24358;


-- Importing creature gossip with entry 25059 (Ayren Cloudbreaker) with import type SMART
UPDATE creature_template SET ScriptName = '', AIName = 'SmartAI' WHERE entry = 25059;
DELETE FROM smart_scripts WHERE entryorguid = 25059 AND source_type = 0;
-- Text 12252 already present in Sun DB
INSERT INTO gossip_menu (`MenuID`, `TextID`) VALUES ('9062', '12252');
INSERT INTO gossip_menu_option (`MenuID`, `OptionID`, `OptionIcon`, `OptionText`, `OptionBroadcastTextID`, `OptionType`, `OptionNpcFlag`, `ActionMenuID`, `ActionPoiID`, `BoxCoded`, `BoxMoney`, `BoxText`, `BoxBroadcastTextID`) VALUES ('9062', '0', '0', 'Speaking of action, I\'ve been ordered to undertake an air strike.', '24059', '1', '1', NULL, NULL, '0', '0', '', NULL);
INSERT INTO gossip_menu_option (`MenuID`, `OptionID`, `OptionIcon`, `OptionText`, `OptionBroadcastTextID`, `OptionType`, `OptionNpcFlag`, `ActionMenuID`, `ActionPoiID`, `BoxCoded`, `BoxMoney`, `BoxText`, `BoxBroadcastTextID`) VALUES ('9062', '1', '0', 'I need to intercept the Dawnblade reinforcements.', '24152', '1', '1', NULL, NULL, '0', '0', '', NULL);
INSERT INTO conditions (`SourceTypeOrReferenceId`, `SourceGroup`, `SourceEntry`, `SourceId`, `ElseGroup`, `ConditionTypeOrReference`, `ConditionTarget`, `ConditionValue1`, `ConditionValue2`, `ConditionValue3`, `NegativeCondition`, `ErrorType`, `ErrorTextId`, `ScriptName`, `Comment`) VALUES ('15', '9062', '0', '0', '0', '9', '0', '11532', '0', '0', '0', '0', '0', '', '(autoimported) Show gossip option only if player has taken quest 11532');
INSERT INTO conditions (`SourceTypeOrReferenceId`, `SourceGroup`, `SourceEntry`, `SourceId`, `ElseGroup`, `ConditionTypeOrReference`, `ConditionTarget`, `ConditionValue1`, `ConditionValue2`, `ConditionValue3`, `NegativeCondition`, `ErrorType`, `ErrorTextId`, `ScriptName`, `Comment`) VALUES ('15', '9062', '0', '0', '1', '9', '0', '11533', '0', '0', '0', '0', '0', '', '(autoimported) Show gossip option only if player has taken quest 11533');
INSERT INTO conditions (`SourceTypeOrReferenceId`, `SourceGroup`, `SourceEntry`, `SourceId`, `ElseGroup`, `ConditionTypeOrReference`, `ConditionTarget`, `ConditionValue1`, `ConditionValue2`, `ConditionValue3`, `NegativeCondition`, `ErrorType`, `ErrorTextId`, `ScriptName`, `Comment`) VALUES ('15', '9062', '1', '0', '0', '9', '0', '11542', '0', '0', '0', '0', '0', '', '(autoimported) Show gossip option only if player has taken quest 11542');
INSERT INTO conditions (`SourceTypeOrReferenceId`, `SourceGroup`, `SourceEntry`, `SourceId`, `ElseGroup`, `ConditionTypeOrReference`, `ConditionTarget`, `ConditionValue1`, `ConditionValue2`, `ConditionValue3`, `NegativeCondition`, `ErrorType`, `ErrorTextId`, `ScriptName`, `Comment`) VALUES ('15', '9062', '1', '0', '1', '9', '0', '11543', '0', '0', '0', '0', '0', '', '(autoimported) Show gossip option only if player has taken quest 11543');
-- Menu 9062 is already imported
INSERT INTO smart_scripts (`entryorguid`, `source_type`, `id`, `link`, `event_type`, `event_phase_mask`, `event_chance`, `event_flags`, `event_param1`, `event_param2`, `event_param3`, `event_param4`, `event_param5`, `action_type`, `action_param1`, `action_param2`, `action_param3`, `action_param4`, `action_param5`, `action_param6`, `target_type`, `target_param1`, `target_param2`, `target_param3`, `target_param4`, `target_x`, `target_y`, `target_z`, `target_o`, `comment`) VALUES ('25059', '0', '0', '2', '62', '0', '100', '0', '9062', '0', '0', '0', '0', '11', '45071', '0', '0', '0', '0', '0', '7', '0', '0', '0', '0', '0', '0', '0', '0', 'Ayren Cloudbreaker - On Gossip Option 0 Selected - Cast \'Quest - Sunwell Daily - Dead Scar Bombing Run\''), ('25059', '0', '1', '2', '62', '0', '100', '0', '9062', '1', '0', '0', '0', '11', '45113', '0', '0', '0', '0', '0', '7', '0', '0', '0', '0', '0', '0', '0', '0', 'Ayren Cloudbreaker - On Gossip Option 1 Selected - Cast \'Quest - Sunwell Daily - Ship Bombing Run\''), ('25059', '0', '2', '0', '61', '0', '100', '512', '0', '0', '0', '0', '0', '72', '0', '0', '0', '0', '0', '0', '7', '0', '0', '0', '0', '0', '0', '0', '0', 'Ayren Cloudbreaker - On Gossip Option 1 Selected - Close Gossip');
-- Menu 9062 is already imported
UPDATE creature_template SET npcflag = (npcflag | 1), gossip_menu_id = 9062 WHERE entry = 25059;


-- Importing creature gossip with entry 23988 (Michael Schweitzer) with import type GOSSIP
-- Text 12335 already present in Sun DB
INSERT INTO gossip_menu (`MenuID`, `TextID`) VALUES ('9124', '12335');
UPDATE creature_template SET npcflag = (npcflag | 1), gossip_menu_id = 9124 WHERE entry = 23988;


-- Importing creature gossip with entry 25236 (Unrestrained Dragonhawk) with import type SMART
UPDATE creature_template SET ScriptName = '', AIName = 'SmartAI' WHERE entry = 25236;
DELETE FROM smart_scripts WHERE entryorguid = 25236 AND source_type = 0;
-- Importing menu 9143 as 57129
-- Text 12371 already present in Sun DB
INSERT INTO gossip_menu (`MenuID`, `TextID`) VALUES ('57129', '12371');
INSERT INTO gossip_menu_option (`MenuID`, `OptionID`, `OptionIcon`, `OptionText`, `OptionBroadcastTextID`, `OptionType`, `OptionNpcFlag`, `ActionMenuID`, `ActionPoiID`, `BoxCoded`, `BoxMoney`, `BoxText`, `BoxBroadcastTextID`) VALUES ('57129', '0', '0', '<Ride the dragonhawk to Sun\'s Reach.>', '24459', '1', '1', NULL, NULL, '0', '0', '', NULL);
INSERT INTO conditions (`SourceTypeOrReferenceId`, `SourceGroup`, `SourceEntry`, `SourceId`, `ElseGroup`, `ConditionTypeOrReference`, `ConditionTarget`, `ConditionValue1`, `ConditionValue2`, `ConditionValue3`, `NegativeCondition`, `ErrorType`, `ErrorTextId`, `ScriptName`, `Comment`) VALUES ('15', '57129', '0', '0', '0', '28', '0', '11542', '0', '0', '0', '0', '0', '', '(autoimported) Show gossip option if player has quest 11542 complete OR');
INSERT INTO conditions (`SourceTypeOrReferenceId`, `SourceGroup`, `SourceEntry`, `SourceId`, `ElseGroup`, `ConditionTypeOrReference`, `ConditionTarget`, `ConditionValue1`, `ConditionValue2`, `ConditionValue3`, `NegativeCondition`, `ErrorType`, `ErrorTextId`, `ScriptName`, `Comment`) VALUES ('15', '57129', '0', '0', '1', '28', '0', '11543', '0', '0', '0', '0', '0', '', '(autoimported) Show gossip option if player has quest 11543 complete');
INSERT INTO smart_scripts (`entryorguid`, `source_type`, `id`, `link`, `event_type`, `event_phase_mask`, `event_chance`, `event_flags`, `event_param1`, `event_param2`, `event_param3`, `event_param4`, `event_param5`, `action_type`, `action_param1`, `action_param2`, `action_param3`, `action_param4`, `action_param5`, `action_param6`, `target_type`, `target_param1`, `target_param2`, `target_param3`, `target_param4`, `target_x`, `target_y`, `target_z`, `target_o`, `comment`) VALUES ('25236', '0', '0', '1', '62', '0', '100', '0', '57129', '0', '0', '0', '0', '11', '45353', '0', '0', '0', '0', '0', '7', '0', '0', '0', '0', '0', '0', '0', '0', 'Unrestrained Dragonhawk - On Gossip Option 0 Selected - Cast \'Quest - Sunwell Daily - Ship Bombing Run Return\''), ('25236', '0', '1', '0', '61', '0', '100', '512', '0', '0', '0', '0', '0', '72', '0', '0', '0', '0', '0', '0', '7', '0', '0', '0', '0', '0', '0', '0', '0', 'Unrestrained Dragonhawk - On Gossip Option 0 Selected - Close Gossip');
-- Menu 9143 is already imported as 57129
UPDATE creature_template SET npcflag = (npcflag | 1), gossip_menu_id = 57129 WHERE entry = 25236;


-- Importing creature gossip with entry 24848 (Kalecgos) with import type GOSSIP
-- Importing menu 9199 as 57130
-- Text 12498 already present in Sun DB
INSERT INTO gossip_menu (`MenuID`, `TextID`) VALUES ('57130', '12498');
INSERT INTO gossip_menu_option (`MenuID`, `OptionID`, `OptionIcon`, `OptionText`, `OptionBroadcastTextID`, `OptionType`, `OptionNpcFlag`, `ActionMenuID`, `ActionPoiID`, `BoxCoded`, `BoxMoney`, `BoxText`, `BoxBroadcastTextID`) VALUES ('57130', '0', '0', 'Who are you?', '65124', '1', '1', NULL, NULL, '0', '0', '', NULL);
INSERT INTO gossip_menu_option (`MenuID`, `OptionID`, `OptionIcon`, `OptionText`, `OptionBroadcastTextID`, `OptionType`, `OptionNpcFlag`, `ActionMenuID`, `ActionPoiID`, `BoxCoded`, `BoxMoney`, `BoxText`, `BoxBroadcastTextID`) VALUES ('57130', '1', '0', 'What brings you to the Sunwell?', '25560', '1', '1', NULL, NULL, '0', '0', '', NULL);
UPDATE creature_template SET npcflag = (npcflag | 1), gossip_menu_id = 57130 WHERE entry = 24848;


-- Importing creature gossip with entry 25754 (Earthen Ring Flamecaller) with import type GOSSIP
INSERT INTO gossip_text (`ID`, `comment`, `text0_0`, `text0_1`, `BroadcastTextID0`, `lang0`, `Probability0`, `em0_0`, `em0_1`, `em0_2`, `em0_3`, `em0_4`, `em0_5`, `text1_0`, `text1_1`, `BroadcastTextID1`, `lang1`, `Probability1`, `em1_0`, `em1_1`, `em1_2`, `em1_3`, `em1_4`, `em1_5`, `text2_0`, `text2_1`, `BroadcastTextID2`, `lang2`, `Probability2`, `em2_0`, `em2_1`, `em2_2`, `em2_3`, `em2_4`, `em2_5`, `text3_0`, `text3_1`, `BroadcastTextID3`, `lang3`, `Probability3`, `em3_0`, `em3_1`, `em3_2`, `em3_3`, `em3_4`, `em3_5`, `text4_0`, `text4_1`, `BroadcastTextID4`, `lang4`, `Probability4`, `em4_0`, `em4_1`, `em4_2`, `em4_3`, `em4_4`, `em4_5`, `text5_0`, `text5_1`, `BroadcastTextID5`, `lang5`, `Probability5`, `em5_0`, `em5_1`, `em5_2`, `em5_3`, `em5_4`, `em5_5`, `text6_0`, `text6_1`, `BroadcastTextID6`, `lang6`, `Probability6`, `em6_0`, `em6_1`, `em6_2`, `em6_3`, `em6_4`, `em6_5`, `text7_0`, `text7_1`, `BroadcastTextID7`, `lang7`, `Probability7`, `em7_0`, `em7_1`, `em7_2`, `em7_3`, `em7_4`, `em7_5`) VALUES ('1872725', 'Imported from TC', 'The stone radiates a bitter cold, chilling the air around it and the platform on which it sits. Deep within its facets, a blue light pulses, waiting.', 'The stone radiates a bitter cold, chilling the air around it and the platform on which it sits. Deep within its facets, a blue light pulses, waiting.', '25217', '0', '1', '0', '0', '0', '0', '0', '0', '', '', NULL, '0', '0', '0', '0', '0', '0', '0', '0', '', '', NULL, '0', '0', '0', '0', '0', '0', '0', '0', '', '', NULL, '0', '0', '0', '0', '0', '0', '0', '0', '', '', NULL, '0', '0', '0', '0', '0', '0', '0', '0', '', '', NULL, '0', '0', '0', '0', '0', '0', '0', '0', '', '', NULL, '0', '0', '0', '0', '0', '0', '0', '0', '', '', NULL, '0', '0', '0', '0', '0', '0', '0', '0');
INSERT INTO gossip_menu (`MenuID`, `TextID`) VALUES ('9260', '1872725');
INSERT INTO gossip_menu_option (`MenuID`, `OptionID`, `OptionIcon`, `OptionText`, `OptionBroadcastTextID`, `OptionType`, `OptionNpcFlag`, `ActionMenuID`, `ActionPoiID`, `BoxCoded`, `BoxMoney`, `BoxText`, `BoxBroadcastTextID`) VALUES ('9260', '0', '0', 'Lay your hand on the Ice Stone.', '25218', '1', '1', NULL, NULL, '0', '0', '', NULL);
INSERT INTO conditions (`SourceTypeOrReferenceId`, `SourceGroup`, `SourceEntry`, `SourceId`, `ElseGroup`, `ConditionTypeOrReference`, `ConditionTarget`, `ConditionValue1`, `ConditionValue2`, `ConditionValue3`, `NegativeCondition`, `ErrorType`, `ErrorTextId`, `ScriptName`, `Comment`) VALUES ('15', '9260', '0', '0', '0', '9', '0', '11947', '0', '0', '0', '0', '0', '', '(autoimported) Ice Stone - For Gossip player must have Striking back /Desolace/');
UPDATE creature_template SET gossip_menu_id = 9260 WHERE entry = 25754;


-- Importing creature gossip with entry 25638 (Captain Selana) with import type GOSSIP
INSERT INTO gossip_text (`ID`, `comment`, `text0_0`, `text0_1`, `BroadcastTextID0`, `lang0`, `Probability0`, `em0_0`, `em0_1`, `em0_2`, `em0_3`, `em0_4`, `em0_5`, `text1_0`, `text1_1`, `BroadcastTextID1`, `lang1`, `Probability1`, `em1_0`, `em1_1`, `em1_2`, `em1_3`, `em1_4`, `em1_5`, `text2_0`, `text2_1`, `BroadcastTextID2`, `lang2`, `Probability2`, `em2_0`, `em2_1`, `em2_2`, `em2_3`, `em2_4`, `em2_5`, `text3_0`, `text3_1`, `BroadcastTextID3`, `lang3`, `Probability3`, `em3_0`, `em3_1`, `em3_2`, `em3_3`, `em3_4`, `em3_5`, `text4_0`, `text4_1`, `BroadcastTextID4`, `lang4`, `Probability4`, `em4_0`, `em4_1`, `em4_2`, `em4_3`, `em4_4`, `em4_5`, `text5_0`, `text5_1`, `BroadcastTextID5`, `lang5`, `Probability5`, `em5_0`, `em5_1`, `em5_2`, `em5_3`, `em5_4`, `em5_5`, `text6_0`, `text6_1`, `BroadcastTextID6`, `lang6`, `Probability6`, `em6_0`, `em6_1`, `em6_2`, `em6_3`, `em6_4`, `em6_5`, `text7_0`, `text7_1`, `BroadcastTextID7`, `lang7`, `Probability7`, `em7_0`, `em7_1`, `em7_2`, `em7_3`, `em7_4`, `em7_5`) VALUES ('12596', 'Imported from TC', '', 'I\'m glad you are here, $c. The military situation in the Sunwell Plateau is rather grim.', '25523', '0', '1', '0', '396', '0', '0', '0', '0', '', '', NULL, '0', '0', '0', '0', '0', '0', '0', '0', '', '', NULL, '0', '0', '0', '0', '0', '0', '0', '0', '', '', NULL, '0', '0', '0', '0', '0', '0', '0', '0', '', '', NULL, '0', '0', '0', '0', '0', '0', '0', '0', '', '', NULL, '0', '0', '0', '0', '0', '0', '0', '0', '', '', NULL, '0', '0', '0', '0', '0', '0', '0', '0', '', '', NULL, '0', '0', '0', '0', '0', '0', '0', '0');
INSERT INTO gossip_menu (`MenuID`, `TextID`) VALUES ('9285', '12596');
-- Importing menu 9287 as 57131
INSERT INTO gossip_text (`ID`, `comment`, `text0_0`, `text0_1`, `BroadcastTextID0`, `lang0`, `Probability0`, `em0_0`, `em0_1`, `em0_2`, `em0_3`, `em0_4`, `em0_5`, `text1_0`, `text1_1`, `BroadcastTextID1`, `lang1`, `Probability1`, `em1_0`, `em1_1`, `em1_2`, `em1_3`, `em1_4`, `em1_5`, `text2_0`, `text2_1`, `BroadcastTextID2`, `lang2`, `Probability2`, `em2_0`, `em2_1`, `em2_2`, `em2_3`, `em2_4`, `em2_5`, `text3_0`, `text3_1`, `BroadcastTextID3`, `lang3`, `Probability3`, `em3_0`, `em3_1`, `em3_2`, `em3_3`, `em3_4`, `em3_5`, `text4_0`, `text4_1`, `BroadcastTextID4`, `lang4`, `Probability4`, `em4_0`, `em4_1`, `em4_2`, `em4_3`, `em4_4`, `em4_5`, `text5_0`, `text5_1`, `BroadcastTextID5`, `lang5`, `Probability5`, `em5_0`, `em5_1`, `em5_2`, `em5_3`, `em5_4`, `em5_5`, `text6_0`, `text6_1`, `BroadcastTextID6`, `lang6`, `Probability6`, `em6_0`, `em6_1`, `em6_2`, `em6_3`, `em6_4`, `em6_5`, `text7_0`, `text7_1`, `BroadcastTextID7`, `lang7`, `Probability7`, `em7_0`, `em7_1`, `em7_2`, `em7_3`, `em7_4`, `em7_5`) VALUES ('12598', 'Imported from TC', '', 'The Shattered Sun Offensive has made great progress in the outer areas of the Isle of Quel\'Danas. Kil\'jaeden\'s forces are being pushed back, and in the chaos I was able to lead a small scouting force here inside the Sunwell Plateau. My troops proceeded through Parhelion Plaza, spotted a group of Sunblade blood elves, and we then engaged the enemy. That fight quickly turned into a disaster.', '25525', '0', '1', '0', '396', '0', '0', '0', '0', '', '', NULL, '0', '0', '0', '0', '0', '0', '0', '0', '', '', NULL, '0', '0', '0', '0', '0', '0', '0', '0', '', '', NULL, '0', '0', '0', '0', '0', '0', '0', '0', '', '', NULL, '0', '0', '0', '0', '0', '0', '0', '0', '', '', NULL, '0', '0', '0', '0', '0', '0', '0', '0', '', '', NULL, '0', '0', '0', '0', '0', '0', '0', '0', '', '', NULL, '0', '0', '0', '0', '0', '0', '0', '0');
INSERT INTO gossip_menu (`MenuID`, `TextID`) VALUES ('57131', '12598');
-- Importing menu 9288 as 57132
INSERT INTO gossip_text (`ID`, `comment`, `text0_0`, `text0_1`, `BroadcastTextID0`, `lang0`, `Probability0`, `em0_0`, `em0_1`, `em0_2`, `em0_3`, `em0_4`, `em0_5`, `text1_0`, `text1_1`, `BroadcastTextID1`, `lang1`, `Probability1`, `em1_0`, `em1_1`, `em1_2`, `em1_3`, `em1_4`, `em1_5`, `text2_0`, `text2_1`, `BroadcastTextID2`, `lang2`, `Probability2`, `em2_0`, `em2_1`, `em2_2`, `em2_3`, `em2_4`, `em2_5`, `text3_0`, `text3_1`, `BroadcastTextID3`, `lang3`, `Probability3`, `em3_0`, `em3_1`, `em3_2`, `em3_3`, `em3_4`, `em3_5`, `text4_0`, `text4_1`, `BroadcastTextID4`, `lang4`, `Probability4`, `em4_0`, `em4_1`, `em4_2`, `em4_3`, `em4_4`, `em4_5`, `text5_0`, `text5_1`, `BroadcastTextID5`, `lang5`, `Probability5`, `em5_0`, `em5_1`, `em5_2`, `em5_3`, `em5_4`, `em5_5`, `text6_0`, `text6_1`, `BroadcastTextID6`, `lang6`, `Probability6`, `em6_0`, `em6_1`, `em6_2`, `em6_3`, `em6_4`, `em6_5`, `text7_0`, `text7_1`, `BroadcastTextID7`, `lang7`, `Probability7`, `em7_0`, `em7_1`, `em7_2`, `em7_3`, `em7_4`, `em7_5`) VALUES ('12599', 'Imported from TC', '', 'Kil\'jaeden\'s defenders here on the Sunwell Plateau are much stronger than anything we faced outside on the Island. The Legion have even twisted our Arcane Guardian technology with fel energy to create something much more sinister. Just one of those Sunblade Protectors decimated my troops, and I ordered a swift retreat. I expected my squad to be pushed completely off the plateau, but the enemy surprised me by calling off the pursuit.', '25527', '0', '1', '0', '396', '0', '0', '0', '0', '', '', NULL, '0', '0', '0', '0', '0', '0', '0', '0', '', '', NULL, '0', '0', '0', '0', '0', '0', '0', '0', '', '', NULL, '0', '0', '0', '0', '0', '0', '0', '0', '', '', NULL, '0', '0', '0', '0', '0', '0', '0', '0', '', '', NULL, '0', '0', '0', '0', '0', '0', '0', '0', '', '', NULL, '0', '0', '0', '0', '0', '0', '0', '0', '', '', NULL, '0', '0', '0', '0', '0', '0', '0', '0');
INSERT INTO gossip_menu (`MenuID`, `TextID`) VALUES ('57132', '12599');
-- Importing menu 9289 as 57133
INSERT INTO gossip_text (`ID`, `comment`, `text0_0`, `text0_1`, `BroadcastTextID0`, `lang0`, `Probability0`, `em0_0`, `em0_1`, `em0_2`, `em0_3`, `em0_4`, `em0_5`, `text1_0`, `text1_1`, `BroadcastTextID1`, `lang1`, `Probability1`, `em1_0`, `em1_1`, `em1_2`, `em1_3`, `em1_4`, `em1_5`, `text2_0`, `text2_1`, `BroadcastTextID2`, `lang2`, `Probability2`, `em2_0`, `em2_1`, `em2_2`, `em2_3`, `em2_4`, `em2_5`, `text3_0`, `text3_1`, `BroadcastTextID3`, `lang3`, `Probability3`, `em3_0`, `em3_1`, `em3_2`, `em3_3`, `em3_4`, `em3_5`, `text4_0`, `text4_1`, `BroadcastTextID4`, `lang4`, `Probability4`, `em4_0`, `em4_1`, `em4_2`, `em4_3`, `em4_4`, `em4_5`, `text5_0`, `text5_1`, `BroadcastTextID5`, `lang5`, `Probability5`, `em5_0`, `em5_1`, `em5_2`, `em5_3`, `em5_4`, `em5_5`, `text6_0`, `text6_1`, `BroadcastTextID6`, `lang6`, `Probability6`, `em6_0`, `em6_1`, `em6_2`, `em6_3`, `em6_4`, `em6_5`, `text7_0`, `text7_1`, `BroadcastTextID7`, `lang7`, `Probability7`, `em7_0`, `em7_1`, `em7_2`, `em7_3`, `em7_4`, `em7_5`) VALUES ('12600', 'Imported from TC', '', 'I don\'t know, but I\'m glad they did. The respite has allowed Anchorite Elbadon to save many of the men and women under my command. I\'ve sent a few of my stealthiest scouts forward, and they\'ve reported back something interesting. Nearly all of the Sunblade Protectors are powered down! Kil\'jaeden\'s forces appear to be conserving their energy, and seem content to merely contain us with one active Protector. If you and your companions want to force your way inside, allow me to suggest a plan of attack.', '25529', '0', '1', '0', '396', '0', '0', '0', '0', '', '', NULL, '0', '0', '0', '0', '0', '0', '0', '0', '', '', NULL, '0', '0', '0', '0', '0', '0', '0', '0', '', '', NULL, '0', '0', '0', '0', '0', '0', '0', '0', '', '', NULL, '0', '0', '0', '0', '0', '0', '0', '0', '', '', NULL, '0', '0', '0', '0', '0', '0', '0', '0', '', '', NULL, '0', '0', '0', '0', '0', '0', '0', '0', '', '', NULL, '0', '0', '0', '0', '0', '0', '0', '0');
INSERT INTO gossip_menu (`MenuID`, `TextID`) VALUES ('57133', '12600');
INSERT INTO gossip_text (`ID`, `comment`, `text0_0`, `text0_1`, `BroadcastTextID0`, `lang0`, `Probability0`, `em0_0`, `em0_1`, `em0_2`, `em0_3`, `em0_4`, `em0_5`, `text1_0`, `text1_1`, `BroadcastTextID1`, `lang1`, `Probability1`, `em1_0`, `em1_1`, `em1_2`, `em1_3`, `em1_4`, `em1_5`, `text2_0`, `text2_1`, `BroadcastTextID2`, `lang2`, `Probability2`, `em2_0`, `em2_1`, `em2_2`, `em2_3`, `em2_4`, `em2_5`, `text3_0`, `text3_1`, `BroadcastTextID3`, `lang3`, `Probability3`, `em3_0`, `em3_1`, `em3_2`, `em3_3`, `em3_4`, `em3_5`, `text4_0`, `text4_1`, `BroadcastTextID4`, `lang4`, `Probability4`, `em4_0`, `em4_1`, `em4_2`, `em4_3`, `em4_4`, `em4_5`, `text5_0`, `text5_1`, `BroadcastTextID5`, `lang5`, `Probability5`, `em5_0`, `em5_1`, `em5_2`, `em5_3`, `em5_4`, `em5_5`, `text6_0`, `text6_1`, `BroadcastTextID6`, `lang6`, `Probability6`, `em6_0`, `em6_1`, `em6_2`, `em6_3`, `em6_4`, `em6_5`, `text7_0`, `text7_1`, `BroadcastTextID7`, `lang7`, `Probability7`, `em7_0`, `em7_1`, `em7_2`, `em7_3`, `em7_4`, `em7_5`) VALUES ('12601', 'Imported from TC', '', 'Take advantage of their deactivated Sunblade Protectors. If one of their Sunblade Scouts spot you, I\'m sure the elf will try to reactivate a nearby Sunblade Protector. Kill him quickly to prevent this. With the blood elves eliminated, as long as you do not trigger the Protector\'s proximity sensors you should be able to move past them without a fight. That will save you both time and resources.', '25531', '0', '1', '0', '396', '0', '0', '0', '0', '', '', NULL, '0', '0', '0', '0', '0', '0', '0', '0', '', '', NULL, '0', '0', '0', '0', '0', '0', '0', '0', '', '', NULL, '0', '0', '0', '0', '0', '0', '0', '0', '', '', NULL, '0', '0', '0', '0', '0', '0', '0', '0', '', '', NULL, '0', '0', '0', '0', '0', '0', '0', '0', '', '', NULL, '0', '0', '0', '0', '0', '0', '0', '0', '', '', NULL, '0', '0', '0', '0', '0', '0', '0', '0');
INSERT INTO gossip_menu (`MenuID`, `TextID`) VALUES ('9290', '12601');
INSERT INTO gossip_menu_option (`MenuID`, `OptionID`, `OptionIcon`, `OptionText`, `OptionBroadcastTextID`, `OptionType`, `OptionNpcFlag`, `ActionMenuID`, `ActionPoiID`, `BoxCoded`, `BoxMoney`, `BoxText`, `BoxBroadcastTextID`) VALUES ('57133', '0', '0', 'Your insight is appreciated.', '25530', '1', '1', '9290', NULL, '0', '0', '', NULL);
INSERT INTO gossip_menu_option (`MenuID`, `OptionID`, `OptionIcon`, `OptionText`, `OptionBroadcastTextID`, `OptionType`, `OptionNpcFlag`, `ActionMenuID`, `ActionPoiID`, `BoxCoded`, `BoxMoney`, `BoxText`, `BoxBroadcastTextID`) VALUES ('57132', '0', '0', 'Why did they stop?', '25528', '1', '1', '57133', NULL, '0', '0', '', NULL);
INSERT INTO gossip_menu_option (`MenuID`, `OptionID`, `OptionIcon`, `OptionText`, `OptionBroadcastTextID`, `OptionType`, `OptionNpcFlag`, `ActionMenuID`, `ActionPoiID`, `BoxCoded`, `BoxMoney`, `BoxText`, `BoxBroadcastTextID`) VALUES ('57131', '0', '0', 'What went wrong?', '25526', '1', '1', '57132', NULL, '0', '0', '', NULL);
INSERT INTO gossip_menu_option (`MenuID`, `OptionID`, `OptionIcon`, `OptionText`, `OptionBroadcastTextID`, `OptionType`, `OptionNpcFlag`, `ActionMenuID`, `ActionPoiID`, `BoxCoded`, `BoxMoney`, `BoxText`, `BoxBroadcastTextID`) VALUES ('9285', '0', '0', 'Give me a situation report, Captain.', '25524', '1', '1', '57131', NULL, '0', '0', '', NULL);
UPDATE creature_template SET npcflag = (npcflag | 1), gossip_menu_id = 9285 WHERE entry = 25638;


-- Importing creature gossip with entry 25632 (Vindicator Moorba) with import type GOSSIP
-- Text 12597 already present in Sun DB
INSERT INTO gossip_menu (`MenuID`, `TextID`) VALUES ('9286', '12597');
INSERT INTO gossip_text (`ID`, `comment`, `text0_0`, `text0_1`, `BroadcastTextID0`, `lang0`, `Probability0`, `em0_0`, `em0_1`, `em0_2`, `em0_3`, `em0_4`, `em0_5`, `text1_0`, `text1_1`, `BroadcastTextID1`, `lang1`, `Probability1`, `em1_0`, `em1_1`, `em1_2`, `em1_3`, `em1_4`, `em1_5`, `text2_0`, `text2_1`, `BroadcastTextID2`, `lang2`, `Probability2`, `em2_0`, `em2_1`, `em2_2`, `em2_3`, `em2_4`, `em2_5`, `text3_0`, `text3_1`, `BroadcastTextID3`, `lang3`, `Probability3`, `em3_0`, `em3_1`, `em3_2`, `em3_3`, `em3_4`, `em3_5`, `text4_0`, `text4_1`, `BroadcastTextID4`, `lang4`, `Probability4`, `em4_0`, `em4_1`, `em4_2`, `em4_3`, `em4_4`, `em4_5`, `text5_0`, `text5_1`, `BroadcastTextID5`, `lang5`, `Probability5`, `em5_0`, `em5_1`, `em5_2`, `em5_3`, `em5_4`, `em5_5`, `text6_0`, `text6_1`, `BroadcastTextID6`, `lang6`, `Probability6`, `em6_0`, `em6_1`, `em6_2`, `em6_3`, `em6_4`, `em6_5`, `text7_0`, `text7_1`, `BroadcastTextID7`, `lang7`, `Probability7`, `em7_0`, `em7_1`, `em7_2`, `em7_3`, `em7_4`, `em7_5`) VALUES ('12604', 'Imported from TC', 'All of the barriers blocking you from reaching the Sunwell have been destroyed. Enter the Sunwell and stop Kil\'jaeden from entering this world!', '', '25537', '0', '1', '0', '5', '0', '0', '0', '0', '', '', NULL, '0', '0', '0', '0', '0', '0', '0', '0', '', '', NULL, '0', '0', '0', '0', '0', '0', '0', '0', '', '', NULL, '0', '0', '0', '0', '0', '0', '0', '0', '', '', NULL, '0', '0', '0', '0', '0', '0', '0', '0', '', '', NULL, '0', '0', '0', '0', '0', '0', '0', '0', '', '', NULL, '0', '0', '0', '0', '0', '0', '0', '0', '', '', NULL, '0', '0', '0', '0', '0', '0', '0', '0');
INSERT INTO gossip_menu (`MenuID`, `TextID`) VALUES ('9293', '12604');
INSERT INTO gossip_menu_option (`MenuID`, `OptionID`, `OptionIcon`, `OptionText`, `OptionBroadcastTextID`, `OptionType`, `OptionNpcFlag`, `ActionMenuID`, `ActionPoiID`, `BoxCoded`, `BoxMoney`, `BoxText`, `BoxBroadcastTextID`) VALUES ('9286', '2', '0', 'What is the current state of the Sunwell\'s Gates?', '25533', '1', '1', '9293', NULL, '0', '0', '', NULL);
UPDATE creature_template SET npcflag = (npcflag | 1), gossip_menu_id = 9286 WHERE entry = 25632;


-- Importing creature gossip with entry 25319 (Kalecgos) with import type GOSSIP
INSERT INTO gossip_text (`ID`, `comment`, `text0_0`, `text0_1`, `BroadcastTextID0`, `lang0`, `Probability0`, `em0_0`, `em0_1`, `em0_2`, `em0_3`, `em0_4`, `em0_5`, `text1_0`, `text1_1`, `BroadcastTextID1`, `lang1`, `Probability1`, `em1_0`, `em1_1`, `em1_2`, `em1_3`, `em1_4`, `em1_5`, `text2_0`, `text2_1`, `BroadcastTextID2`, `lang2`, `Probability2`, `em2_0`, `em2_1`, `em2_2`, `em2_3`, `em2_4`, `em2_5`, `text3_0`, `text3_1`, `BroadcastTextID3`, `lang3`, `Probability3`, `em3_0`, `em3_1`, `em3_2`, `em3_3`, `em3_4`, `em3_5`, `text4_0`, `text4_1`, `BroadcastTextID4`, `lang4`, `Probability4`, `em4_0`, `em4_1`, `em4_2`, `em4_3`, `em4_4`, `em4_5`, `text5_0`, `text5_1`, `BroadcastTextID5`, `lang5`, `Probability5`, `em5_0`, `em5_1`, `em5_2`, `em5_3`, `em5_4`, `em5_5`, `text6_0`, `text6_1`, `BroadcastTextID6`, `lang6`, `Probability6`, `em6_0`, `em6_1`, `em6_2`, `em6_3`, `em6_4`, `em6_5`, `text7_0`, `text7_1`, `BroadcastTextID7`, `lang7`, `Probability7`, `em7_0`, `em7_1`, `em7_2`, `em7_3`, `em7_4`, `em7_5`) VALUES ('12665', 'Imported from TC', 'Anveena\'s sacrifice has given us all a new hope for the future.', '', '25862', '0', '1', '0', '1', '0', '0', '0', '0', '', '', NULL, '0', '0', '0', '0', '0', '0', '0', '0', '', '', NULL, '0', '0', '0', '0', '0', '0', '0', '0', '', '', NULL, '0', '0', '0', '0', '0', '0', '0', '0', '', '', NULL, '0', '0', '0', '0', '0', '0', '0', '0', '', '', NULL, '0', '0', '0', '0', '0', '0', '0', '0', '', '', NULL, '0', '0', '0', '0', '0', '0', '0', '0', '', '', NULL, '0', '0', '0', '0', '0', '0', '0', '0');
INSERT INTO gossip_menu (`MenuID`, `TextID`) VALUES ('9419', '12665');
UPDATE creature_template SET npcflag = (npcflag | 1), gossip_menu_id = 9419 WHERE entry = 25319;


-- Importing creature gossip with entry 27914 (Ethereal Soul-Trader) with import type GOSSIP
INSERT INTO gossip_text (`ID`, `comment`, `text0_0`, `text0_1`, `BroadcastTextID0`, `lang0`, `Probability0`, `em0_0`, `em0_1`, `em0_2`, `em0_3`, `em0_4`, `em0_5`, `text1_0`, `text1_1`, `BroadcastTextID1`, `lang1`, `Probability1`, `em1_0`, `em1_1`, `em1_2`, `em1_3`, `em1_4`, `em1_5`, `text2_0`, `text2_1`, `BroadcastTextID2`, `lang2`, `Probability2`, `em2_0`, `em2_1`, `em2_2`, `em2_3`, `em2_4`, `em2_5`, `text3_0`, `text3_1`, `BroadcastTextID3`, `lang3`, `Probability3`, `em3_0`, `em3_1`, `em3_2`, `em3_3`, `em3_4`, `em3_5`, `text4_0`, `text4_1`, `BroadcastTextID4`, `lang4`, `Probability4`, `em4_0`, `em4_1`, `em4_2`, `em4_3`, `em4_4`, `em4_5`, `text5_0`, `text5_1`, `BroadcastTextID5`, `lang5`, `Probability5`, `em5_0`, `em5_1`, `em5_2`, `em5_3`, `em5_4`, `em5_5`, `text6_0`, `text6_1`, `BroadcastTextID6`, `lang6`, `Probability6`, `em6_0`, `em6_1`, `em6_2`, `em6_3`, `em6_4`, `em6_5`, `text7_0`, `text7_1`, `BroadcastTextID7`, `lang7`, `Probability7`, `em7_0`, `em7_1`, `em7_2`, `em7_3`, `em7_4`, `em7_5`) VALUES ('13005', 'Imported from TC', 'How may this one help you, $gsir:madame;?', '', '27296', '0', '1', '0', '0', '0', '0', '0', '0', '', '', NULL, '0', '0', '0', '0', '0', '0', '0', '0', '', '', NULL, '0', '0', '0', '0', '0', '0', '0', '0', '', '', NULL, '0', '0', '0', '0', '0', '0', '0', '0', '', '', NULL, '0', '0', '0', '0', '0', '0', '0', '0', '', '', NULL, '0', '0', '0', '0', '0', '0', '0', '0', '', '', NULL, '0', '0', '0', '0', '0', '0', '0', '0', '', '', NULL, '0', '0', '0', '0', '0', '0', '0', '0');
INSERT INTO gossip_menu (`MenuID`, `TextID`) VALUES ('9619', '13005');
INSERT INTO gossip_text (`ID`, `comment`, `text0_0`, `text0_1`, `BroadcastTextID0`, `lang0`, `Probability0`, `em0_0`, `em0_1`, `em0_2`, `em0_3`, `em0_4`, `em0_5`, `text1_0`, `text1_1`, `BroadcastTextID1`, `lang1`, `Probability1`, `em1_0`, `em1_1`, `em1_2`, `em1_3`, `em1_4`, `em1_5`, `text2_0`, `text2_1`, `BroadcastTextID2`, `lang2`, `Probability2`, `em2_0`, `em2_1`, `em2_2`, `em2_3`, `em2_4`, `em2_5`, `text3_0`, `text3_1`, `BroadcastTextID3`, `lang3`, `Probability3`, `em3_0`, `em3_1`, `em3_2`, `em3_3`, `em3_4`, `em3_5`, `text4_0`, `text4_1`, `BroadcastTextID4`, `lang4`, `Probability4`, `em4_0`, `em4_1`, `em4_2`, `em4_3`, `em4_4`, `em4_5`, `text5_0`, `text5_1`, `BroadcastTextID5`, `lang5`, `Probability5`, `em5_0`, `em5_1`, `em5_2`, `em5_3`, `em5_4`, `em5_5`, `text6_0`, `text6_1`, `BroadcastTextID6`, `lang6`, `Probability6`, `em6_0`, `em6_1`, `em6_2`, `em6_3`, `em6_4`, `em6_5`, `text7_0`, `text7_1`, `BroadcastTextID7`, `lang7`, `Probability7`, `em7_0`, `em7_1`, `em7_2`, `em7_3`, `em7_4`, `em7_5`) VALUES ('13006', 'Imported from TC', 'My business partner slays things; I drain a portion of their essence... a pittance, really; the slightest of slivers. It won\'t be missed.$B$BStill, to fulfil my portion of the contract, I pay in Ethereal Credits.$B$BOne may redeem these credits for items I sell at any time. I\'m bound to have something that will interest you...', '', '27300', '0', '1', '0', '0', '0', '0', '0', '0', '', '', NULL, '0', '0', '0', '0', '0', '0', '0', '0', '', '', NULL, '0', '0', '0', '0', '0', '0', '0', '0', '', '', NULL, '0', '0', '0', '0', '0', '0', '0', '0', '', '', NULL, '0', '0', '0', '0', '0', '0', '0', '0', '', '', NULL, '0', '0', '0', '0', '0', '0', '0', '0', '', '', NULL, '0', '0', '0', '0', '0', '0', '0', '0', '', '', NULL, '0', '0', '0', '0', '0', '0', '0', '0');
INSERT INTO gossip_menu (`MenuID`, `TextID`) VALUES ('9620', '13006');
INSERT INTO gossip_menu_option (`MenuID`, `OptionID`, `OptionIcon`, `OptionText`, `OptionBroadcastTextID`, `OptionType`, `OptionNpcFlag`, `ActionMenuID`, `ActionPoiID`, `BoxCoded`, `BoxMoney`, `BoxText`, `BoxBroadcastTextID`) VALUES ('9619', '0', '0', 'How does this work?', '27298', '1', '1', '9620', NULL, '0', '0', '', NULL);
INSERT INTO gossip_menu_option (`MenuID`, `OptionID`, `OptionIcon`, `OptionText`, `OptionBroadcastTextID`, `OptionType`, `OptionNpcFlag`, `ActionMenuID`, `ActionPoiID`, `BoxCoded`, `BoxMoney`, `BoxText`, `BoxBroadcastTextID`) VALUES ('9619', '1', '1', 'Show me what you have to trade.', '27299', '3', '128', NULL, NULL, '0', '0', '', NULL);
UPDATE creature_template SET npcflag = (npcflag | 1), gossip_menu_id = 9619 WHERE entry = 27914;


-- Importing creature gossip with entry 16094 (Durik) with import type GOSSIP
-- Importing menu 9821 as 57134
-- Text 13557 already present in Sun DB
INSERT INTO conditions (`SourceTypeOrReferenceId`, `SourceGroup`, `SourceEntry`, `SourceId`, `ElseGroup`, `ConditionTypeOrReference`, `ConditionTarget`, `ConditionValue1`, `ConditionValue2`, `ConditionValue3`, `NegativeCondition`, `ErrorType`, `ErrorTextId`, `ScriptName`, `Comment`) VALUES ('14', '57134', '13557', '0', '0', '15', '0', '4', '0', '0', '0', '0', '0', '', '(autoimported) Show gossip text if player is a hunter');
INSERT INTO gossip_menu (`MenuID`, `TextID`) VALUES ('57134', '13557');
-- Text 13584 already present in Sun DB
INSERT INTO conditions (`SourceTypeOrReferenceId`, `SourceGroup`, `SourceEntry`, `SourceId`, `ElseGroup`, `ConditionTypeOrReference`, `ConditionTarget`, `ConditionValue1`, `ConditionValue2`, `ConditionValue3`, `NegativeCondition`, `ErrorType`, `ErrorTextId`, `ScriptName`, `Comment`) VALUES ('14', '57134', '13584', '0', '0', '15', '0', '4', '0', '0', '1', '0', '0', '', '(autoimported) Show gossip text if player is not a hunter');
INSERT INTO gossip_menu (`MenuID`, `TextID`) VALUES ('57134', '13584');
INSERT INTO gossip_menu_option (`MenuID`, `OptionID`, `OptionIcon`, `OptionText`, `OptionBroadcastTextID`, `OptionType`, `OptionNpcFlag`, `ActionMenuID`, `ActionPoiID`, `BoxCoded`, `BoxMoney`, `BoxText`, `BoxBroadcastTextID`) VALUES ('57134', '0', '0', 'I\'d like to stable my pet here.', '30181', '14', '4194304', NULL, NULL, '0', '0', '', NULL);
-- Importing menu 9820 as 57135
-- Text 13584 is already imported
INSERT INTO gossip_menu (`MenuID`, `TextID`) VALUES ('57135', '13584');
INSERT INTO gossip_menu_option (`MenuID`, `OptionID`, `OptionIcon`, `OptionText`, `OptionBroadcastTextID`, `OptionType`, `OptionNpcFlag`, `ActionMenuID`, `ActionPoiID`, `BoxCoded`, `BoxMoney`, `BoxText`, `BoxBroadcastTextID`) VALUES ('57135', '0', '0', 'I\'ve lost Miniwing.', '30182', '1', '1', NULL, NULL, '0', '0', '', NULL);
INSERT INTO gossip_menu_option (`MenuID`, `OptionID`, `OptionIcon`, `OptionText`, `OptionBroadcastTextID`, `OptionType`, `OptionNpcFlag`, `ActionMenuID`, `ActionPoiID`, `BoxCoded`, `BoxMoney`, `BoxText`, `BoxBroadcastTextID`) VALUES ('57135', '1', '0', 'I\'ve lost my Jubling.', '30183', '1', '1', NULL, NULL, '0', '0', '', NULL);
INSERT INTO gossip_menu_option (`MenuID`, `OptionID`, `OptionIcon`, `OptionText`, `OptionBroadcastTextID`, `OptionType`, `OptionNpcFlag`, `ActionMenuID`, `ActionPoiID`, `BoxCoded`, `BoxMoney`, `BoxText`, `BoxBroadcastTextID`) VALUES ('57135', '2', '0', 'I\'ve lost my sprite darter hatchling.', '30192', '1', '1', NULL, NULL, '0', '0', '', NULL);
INSERT INTO gossip_menu_option (`MenuID`, `OptionID`, `OptionIcon`, `OptionText`, `OptionBroadcastTextID`, `OptionType`, `OptionNpcFlag`, `ActionMenuID`, `ActionPoiID`, `BoxCoded`, `BoxMoney`, `BoxText`, `BoxBroadcastTextID`) VALUES ('57135', '3', '0', 'I\'ve lost my worg pup.', '30196', '1', '1', NULL, NULL, '0', '0', '', NULL);
INSERT INTO gossip_menu_option (`MenuID`, `OptionID`, `OptionIcon`, `OptionText`, `OptionBroadcastTextID`, `OptionType`, `OptionNpcFlag`, `ActionMenuID`, `ActionPoiID`, `BoxCoded`, `BoxMoney`, `BoxText`, `BoxBroadcastTextID`) VALUES ('57135', '4', '0', 'I\'ve lost my Smolderweb hatchling.', '30197', '1', '1', NULL, NULL, '0', '0', '', NULL);
INSERT INTO gossip_menu_option (`MenuID`, `OptionID`, `OptionIcon`, `OptionText`, `OptionBroadcastTextID`, `OptionType`, `OptionNpcFlag`, `ActionMenuID`, `ActionPoiID`, `BoxCoded`, `BoxMoney`, `BoxText`, `BoxBroadcastTextID`) VALUES ('57135', '5', '0', 'I\'ve lost my Prairie Chicken.', '30217', '1', '1', NULL, NULL, '0', '0', '', NULL);
INSERT INTO gossip_menu_option (`MenuID`, `OptionID`, `OptionIcon`, `OptionText`, `OptionBroadcastTextID`, `OptionType`, `OptionNpcFlag`, `ActionMenuID`, `ActionPoiID`, `BoxCoded`, `BoxMoney`, `BoxText`, `BoxBroadcastTextID`) VALUES ('57135', '6', '0', 'I\'ve lost my wolpertinger.', '30224', '1', '1', NULL, NULL, '0', '0', '', NULL);
INSERT INTO conditions (`SourceTypeOrReferenceId`, `SourceGroup`, `SourceEntry`, `SourceId`, `ElseGroup`, `ConditionTypeOrReference`, `ConditionTarget`, `ConditionValue1`, `ConditionValue2`, `ConditionValue3`, `NegativeCondition`, `ErrorType`, `ErrorTextId`, `ScriptName`, `Comment`) VALUES ('15', '57135', '2', '0', '0', '2', '0', '11474', '1', '1', '1', '0', '0', '', '(autoimported) Show the gossip option if the player Didn\'t have the item');
INSERT INTO conditions (`SourceTypeOrReferenceId`, `SourceGroup`, `SourceEntry`, `SourceId`, `ElseGroup`, `ConditionTypeOrReference`, `ConditionTarget`, `ConditionValue1`, `ConditionValue2`, `ConditionValue3`, `NegativeCondition`, `ErrorType`, `ErrorTextId`, `ScriptName`, `Comment`) VALUES ('15', '57135', '2', '0', '0', '8', '0', '4298', '0', '0', '0', '0', '0', '', '(autoimported) Show the gossip option if the player rewarded the quest');
INSERT INTO conditions (`SourceTypeOrReferenceId`, `SourceGroup`, `SourceEntry`, `SourceId`, `ElseGroup`, `ConditionTypeOrReference`, `ConditionTarget`, `ConditionValue1`, `ConditionValue2`, `ConditionValue3`, `NegativeCondition`, `ErrorType`, `ErrorTextId`, `ScriptName`, `Comment`) VALUES ('15', '57135', '1', '0', '0', '25', '0', '23811', '0', '0', '1', '0', '0', '', '(autoimported) Show the gossip option if the player Didn\'t lear the spell');
INSERT INTO conditions (`SourceTypeOrReferenceId`, `SourceGroup`, `SourceEntry`, `SourceId`, `ElseGroup`, `ConditionTypeOrReference`, `ConditionTarget`, `ConditionValue1`, `ConditionValue2`, `ConditionValue3`, `NegativeCondition`, `ErrorType`, `ErrorTextId`, `ScriptName`, `Comment`) VALUES ('15', '57135', '1', '0', '0', '2', '0', '19462', '1', '1', '1', '0', '0', '', '(autoimported) Show the gossip option if the player Didn\'t have the item');
INSERT INTO conditions (`SourceTypeOrReferenceId`, `SourceGroup`, `SourceEntry`, `SourceId`, `ElseGroup`, `ConditionTypeOrReference`, `ConditionTarget`, `ConditionValue1`, `ConditionValue2`, `ConditionValue3`, `NegativeCondition`, `ErrorType`, `ErrorTextId`, `ScriptName`, `Comment`) VALUES ('15', '57135', '1', '0', '0', '2', '0', '19450', '1', '1', '1', '0', '0', '', '(autoimported) Show the gossip option if the player Didn\'t have the item');
INSERT INTO conditions (`SourceTypeOrReferenceId`, `SourceGroup`, `SourceEntry`, `SourceId`, `ElseGroup`, `ConditionTypeOrReference`, `ConditionTarget`, `ConditionValue1`, `ConditionValue2`, `ConditionValue3`, `NegativeCondition`, `ErrorType`, `ErrorTextId`, `ScriptName`, `Comment`) VALUES ('15', '57135', '1', '0', '0', '8', '0', '7946', '0', '0', '0', '0', '0', '', '(autoimported) Show the gossip option if the player rewarded the quest');
INSERT INTO conditions (`SourceTypeOrReferenceId`, `SourceGroup`, `SourceEntry`, `SourceId`, `ElseGroup`, `ConditionTypeOrReference`, `ConditionTarget`, `ConditionValue1`, `ConditionValue2`, `ConditionValue3`, `NegativeCondition`, `ErrorType`, `ErrorTextId`, `ScriptName`, `Comment`) VALUES ('15', '57135', '0', '0', '0', '25', '0', '39181', '0', '0', '1', '0', '0', '', '(autoimported) Show the gossip option if the player Didn\'t lear the spell');
INSERT INTO conditions (`SourceTypeOrReferenceId`, `SourceGroup`, `SourceEntry`, `SourceId`, `ElseGroup`, `ConditionTypeOrReference`, `ConditionTarget`, `ConditionValue1`, `ConditionValue2`, `ConditionValue3`, `NegativeCondition`, `ErrorType`, `ErrorTextId`, `ScriptName`, `Comment`) VALUES ('15', '57135', '0', '0', '0', '2', '0', '31760', '1', '1', '1', '0', '0', '', '(autoimported) Show the gossip option if the player Didn\'t have the item');
INSERT INTO conditions (`SourceTypeOrReferenceId`, `SourceGroup`, `SourceEntry`, `SourceId`, `ElseGroup`, `ConditionTypeOrReference`, `ConditionTarget`, `ConditionValue1`, `ConditionValue2`, `ConditionValue3`, `NegativeCondition`, `ErrorType`, `ErrorTextId`, `ScriptName`, `Comment`) VALUES ('15', '57135', '0', '0', '0', '8', '0', '10898', '0', '0', '0', '0', '0', '', '(autoimported) Show the gossip option if the player rewarded the quest');
INSERT INTO conditions (`SourceTypeOrReferenceId`, `SourceGroup`, `SourceEntry`, `SourceId`, `ElseGroup`, `ConditionTypeOrReference`, `ConditionTarget`, `ConditionValue1`, `ConditionValue2`, `ConditionValue3`, `NegativeCondition`, `ErrorType`, `ErrorTextId`, `ScriptName`, `Comment`) VALUES ('15', '57135', '6', '0', '1', '25', '0', '39709', '0', '0', '1', '0', '0', '', '(autoimported) Show the gossip option if the player Didn\'t lear the spell');
INSERT INTO conditions (`SourceTypeOrReferenceId`, `SourceGroup`, `SourceEntry`, `SourceId`, `ElseGroup`, `ConditionTypeOrReference`, `ConditionTarget`, `ConditionValue1`, `ConditionValue2`, `ConditionValue3`, `NegativeCondition`, `ErrorType`, `ErrorTextId`, `ScriptName`, `Comment`) VALUES ('15', '57135', '6', '0', '1', '2', '0', '32233', '1', '1', '1', '0', '0', '', '(autoimported) Show the gossip option if the player Didn\'t have the item');
INSERT INTO conditions (`SourceTypeOrReferenceId`, `SourceGroup`, `SourceEntry`, `SourceId`, `ElseGroup`, `ConditionTypeOrReference`, `ConditionTarget`, `ConditionValue1`, `ConditionValue2`, `ConditionValue3`, `NegativeCondition`, `ErrorType`, `ErrorTextId`, `ScriptName`, `Comment`) VALUES ('15', '57135', '6', '0', '1', '8', '0', '11431', '0', '0', '0', '0', '0', '', '(autoimported) Show the gossip option if the player rewarded the quest');
INSERT INTO conditions (`SourceTypeOrReferenceId`, `SourceGroup`, `SourceEntry`, `SourceId`, `ElseGroup`, `ConditionTypeOrReference`, `ConditionTarget`, `ConditionValue1`, `ConditionValue2`, `ConditionValue3`, `NegativeCondition`, `ErrorType`, `ErrorTextId`, `ScriptName`, `Comment`) VALUES ('15', '57135', '6', '0', '0', '25', '0', '39709', '0', '0', '1', '0', '0', '', '(autoimported) Show the gossip option if the player Didn\'t lear the spell');
INSERT INTO conditions (`SourceTypeOrReferenceId`, `SourceGroup`, `SourceEntry`, `SourceId`, `ElseGroup`, `ConditionTypeOrReference`, `ConditionTarget`, `ConditionValue1`, `ConditionValue2`, `ConditionValue3`, `NegativeCondition`, `ErrorType`, `ErrorTextId`, `ScriptName`, `Comment`) VALUES ('15', '57135', '6', '0', '0', '2', '0', '32233', '1', '1', '1', '0', '0', '', '(autoimported) Show the gossip option if the player Didn\'t have the item');
INSERT INTO conditions (`SourceTypeOrReferenceId`, `SourceGroup`, `SourceEntry`, `SourceId`, `ElseGroup`, `ConditionTypeOrReference`, `ConditionTarget`, `ConditionValue1`, `ConditionValue2`, `ConditionValue3`, `NegativeCondition`, `ErrorType`, `ErrorTextId`, `ScriptName`, `Comment`) VALUES ('15', '57135', '6', '0', '0', '8', '0', '11117', '0', '0', '0', '0', '0', '', '(autoimported) Show the gossip option if the player rewarded the quest');
INSERT INTO conditions (`SourceTypeOrReferenceId`, `SourceGroup`, `SourceEntry`, `SourceId`, `ElseGroup`, `ConditionTypeOrReference`, `ConditionTarget`, `ConditionValue1`, `ConditionValue2`, `ConditionValue3`, `NegativeCondition`, `ErrorType`, `ErrorTextId`, `ScriptName`, `Comment`) VALUES ('15', '57135', '5', '0', '1', '25', '0', '13548', '0', '0', '1', '0', '0', '', '(autoimported) Show the gossip option if the player Didn\'t lear the spell');
INSERT INTO conditions (`SourceTypeOrReferenceId`, `SourceGroup`, `SourceEntry`, `SourceId`, `ElseGroup`, `ConditionTypeOrReference`, `ConditionTarget`, `ConditionValue1`, `ConditionValue2`, `ConditionValue3`, `NegativeCondition`, `ErrorType`, `ErrorTextId`, `ScriptName`, `Comment`) VALUES ('15', '57135', '5', '0', '1', '2', '0', '11110', '1', '1', '1', '0', '0', '', '(autoimported) Show the gossip option if the player Didn\'t have the item');
INSERT INTO conditions (`SourceTypeOrReferenceId`, `SourceGroup`, `SourceEntry`, `SourceId`, `ElseGroup`, `ConditionTypeOrReference`, `ConditionTarget`, `ConditionValue1`, `ConditionValue2`, `ConditionValue3`, `NegativeCondition`, `ErrorType`, `ErrorTextId`, `ScriptName`, `Comment`) VALUES ('15', '57135', '5', '0', '1', '8', '0', '13840', '0', '0', '0', '0', '0', '', '(autoimported) Show the gossip option if the player rewarded the quest');
INSERT INTO conditions (`SourceTypeOrReferenceId`, `SourceGroup`, `SourceEntry`, `SourceId`, `ElseGroup`, `ConditionTypeOrReference`, `ConditionTarget`, `ConditionValue1`, `ConditionValue2`, `ConditionValue3`, `NegativeCondition`, `ErrorType`, `ErrorTextId`, `ScriptName`, `Comment`) VALUES ('15', '57135', '5', '0', '0', '25', '0', '13548', '0', '0', '1', '0', '0', '', '(autoimported) Show the gossip option if the player Didn\'t lear the spell');
INSERT INTO conditions (`SourceTypeOrReferenceId`, `SourceGroup`, `SourceEntry`, `SourceId`, `ElseGroup`, `ConditionTypeOrReference`, `ConditionTarget`, `ConditionValue1`, `ConditionValue2`, `ConditionValue3`, `NegativeCondition`, `ErrorType`, `ErrorTextId`, `ScriptName`, `Comment`) VALUES ('15', '57135', '5', '0', '0', '2', '0', '11110', '1', '1', '1', '0', '0', '', '(autoimported) Show the gossip option if the player Didn\'t have the item');
INSERT INTO conditions (`SourceTypeOrReferenceId`, `SourceGroup`, `SourceEntry`, `SourceId`, `ElseGroup`, `ConditionTypeOrReference`, `ConditionTarget`, `ConditionValue1`, `ConditionValue2`, `ConditionValue3`, `NegativeCondition`, `ErrorType`, `ErrorTextId`, `ScriptName`, `Comment`) VALUES ('15', '57135', '5', '0', '0', '8', '0', '3861', '0', '0', '0', '0', '0', '', '(autoimported) Show the gossip option if the player rewarded the quest');
INSERT INTO conditions (`SourceTypeOrReferenceId`, `SourceGroup`, `SourceEntry`, `SourceId`, `ElseGroup`, `ConditionTypeOrReference`, `ConditionTarget`, `ConditionValue1`, `ConditionValue2`, `ConditionValue3`, `NegativeCondition`, `ErrorType`, `ErrorTextId`, `ScriptName`, `Comment`) VALUES ('15', '57135', '4', '0', '0', '25', '0', '16450', '0', '0', '1', '0', '0', '', '(autoimported) Show the gossip option if the player Didn\'t lear the spell');
INSERT INTO conditions (`SourceTypeOrReferenceId`, `SourceGroup`, `SourceEntry`, `SourceId`, `ElseGroup`, `ConditionTypeOrReference`, `ConditionTarget`, `ConditionValue1`, `ConditionValue2`, `ConditionValue3`, `NegativeCondition`, `ErrorType`, `ErrorTextId`, `ScriptName`, `Comment`) VALUES ('15', '57135', '4', '0', '0', '2', '0', '12529', '1', '1', '1', '0', '0', '', '(autoimported) Show the gossip option if the player Didn\'t have the item');
INSERT INTO conditions (`SourceTypeOrReferenceId`, `SourceGroup`, `SourceEntry`, `SourceId`, `ElseGroup`, `ConditionTypeOrReference`, `ConditionTarget`, `ConditionValue1`, `ConditionValue2`, `ConditionValue3`, `NegativeCondition`, `ErrorType`, `ErrorTextId`, `ScriptName`, `Comment`) VALUES ('15', '57135', '4', '0', '0', '8', '0', '4862', '0', '0', '0', '0', '0', '', '(autoimported) Show the gossip option if the player rewarded the quest');
INSERT INTO conditions (`SourceTypeOrReferenceId`, `SourceGroup`, `SourceEntry`, `SourceId`, `ElseGroup`, `ConditionTypeOrReference`, `ConditionTarget`, `ConditionValue1`, `ConditionValue2`, `ConditionValue3`, `NegativeCondition`, `ErrorType`, `ErrorTextId`, `ScriptName`, `Comment`) VALUES ('15', '57135', '3', '0', '0', '25', '0', '15999', '0', '0', '1', '0', '0', '', '(autoimported) Show the gossip option if the player Didn\'t lear the spell');
INSERT INTO conditions (`SourceTypeOrReferenceId`, `SourceGroup`, `SourceEntry`, `SourceId`, `ElseGroup`, `ConditionTypeOrReference`, `ConditionTarget`, `ConditionValue1`, `ConditionValue2`, `ConditionValue3`, `NegativeCondition`, `ErrorType`, `ErrorTextId`, `ScriptName`, `Comment`) VALUES ('15', '57135', '3', '0', '0', '2', '0', '12264', '1', '1', '1', '0', '0', '', '(autoimported) Show the gossip option if the player Didn\'t have the item');
INSERT INTO conditions (`SourceTypeOrReferenceId`, `SourceGroup`, `SourceEntry`, `SourceId`, `ElseGroup`, `ConditionTypeOrReference`, `ConditionTarget`, `ConditionValue1`, `ConditionValue2`, `ConditionValue3`, `NegativeCondition`, `ErrorType`, `ErrorTextId`, `ScriptName`, `Comment`) VALUES ('15', '57135', '3', '0', '0', '8', '0', '4729', '0', '0', '0', '0', '0', '', '(autoimported) Show the gossip option if the player rewarded the quest');
INSERT INTO conditions (`SourceTypeOrReferenceId`, `SourceGroup`, `SourceEntry`, `SourceId`, `ElseGroup`, `ConditionTypeOrReference`, `ConditionTarget`, `ConditionValue1`, `ConditionValue2`, `ConditionValue3`, `NegativeCondition`, `ErrorType`, `ErrorTextId`, `ScriptName`, `Comment`) VALUES ('15', '57135', '2', '0', '0', '25', '0', '15067', '0', '0', '1', '0', '0', '', '(autoimported) Show the gossip option if the player Didn\'t lear the spell');
INSERT INTO gossip_menu_option (`MenuID`, `OptionID`, `OptionIcon`, `OptionText`, `OptionBroadcastTextID`, `OptionType`, `OptionNpcFlag`, `ActionMenuID`, `ActionPoiID`, `BoxCoded`, `BoxMoney`, `BoxText`, `BoxBroadcastTextID`) VALUES ('57134', '1', '1', 'I\'m looking for a lost companion.', '56613', '1', '1', '57135', NULL, '0', '0', '', NULL);
UPDATE creature_template SET npcflag = (npcflag | 1), gossip_menu_id = 57134 WHERE entry = 16094;


-- Importing creature gossip with entry 16656 (Shalenn) with import type GOSSIP
-- Menu 9821 is already imported as 57134
UPDATE creature_template SET npcflag = (npcflag | 1), gossip_menu_id = 57134 WHERE entry = 16656;


-- Importing creature gossip with entry 16824 (Master Sergeant Lorin Thalmerok) with import type GOSSIP
-- Menu 9821 is already imported as 57134
UPDATE creature_template SET npcflag = (npcflag | 1), gossip_menu_id = 57134 WHERE entry = 16824;


-- Importing creature gossip with entry 18244 (Khalan) with import type GOSSIP
-- Menu 9821 is already imported as 57134
UPDATE creature_template SET npcflag = (npcflag | 1), gossip_menu_id = 57134 WHERE entry = 18244;


-- Importing creature gossip with entry 19368 (Crinn Pathfinder) with import type GOSSIP
-- Menu 9821 is already imported as 57134
UPDATE creature_template SET npcflag = (npcflag | 1), gossip_menu_id = 57134 WHERE entry = 19368;


-- Importing creature gossip with entry 21336 (Gedrah) with import type GOSSIP
-- Menu 9821 is already imported as 57134
UPDATE creature_template SET npcflag = (npcflag | 1), gossip_menu_id = 57134 WHERE entry = 21336;


-- Importing creature gossip with entry 24905 (Leassian) with import type GOSSIP
-- Menu 9821 is already imported as 57134
UPDATE creature_template SET npcflag = (npcflag | 1), gossip_menu_id = 57134 WHERE entry = 24905;


-- Importing creature gossip with entry 9976 (Tharlidun) with import type GOSSIP
-- Menu 9821 is already imported as 57134
UPDATE creature_template SET npcflag = (npcflag | 1), gossip_menu_id = 57134 WHERE entry = 9976;


-- Importing creature gossip with entry 9980 (Shelby Stoneflint) with import type GOSSIP
-- Menu 9821 is already imported as 57134
UPDATE creature_template SET npcflag = (npcflag | 1), gossip_menu_id = 57134 WHERE entry = 9980;


-- Importing creature gossip with entry 9984 (Ulbrek Firehand) with import type GOSSIP
-- Menu 9821 is already imported as 57134
UPDATE creature_template SET npcflag = (npcflag | 1), gossip_menu_id = 57134 WHERE entry = 9984;


-- Importing creature gossip with entry 10047 (Michael) with import type GOSSIP
-- Menu 9821 is already imported as 57134
UPDATE creature_template SET npcflag = (npcflag | 1), gossip_menu_id = 57134 WHERE entry = 10047;


-- Importing creature gossip with entry 10051 (Seriadne) with import type GOSSIP
-- Menu 9821 is already imported as 57134
UPDATE creature_template SET npcflag = (npcflag | 1), gossip_menu_id = 57134 WHERE entry = 10051;


-- Importing creature gossip with entry 10055 (Morganus) with import type GOSSIP
-- Menu 9821 is already imported as 57134
UPDATE creature_template SET npcflag = (npcflag | 1), gossip_menu_id = 57134 WHERE entry = 10055;


-- Importing creature gossip with entry 10059 (Antarius) with import type GOSSIP
-- Menu 9821 is already imported as 57134
UPDATE creature_template SET npcflag = (npcflag | 1), gossip_menu_id = 57134 WHERE entry = 10059;


-- Importing creature gossip with entry 10063 (Reggifuz) with import type GOSSIP
-- Menu 9821 is already imported as 57134
UPDATE creature_template SET npcflag = (npcflag | 1), gossip_menu_id = 57134 WHERE entry = 10063;


-- Importing creature gossip with entry 11104 (Shelgrayn) with import type GOSSIP
-- Menu 9821 is already imported as 57134
UPDATE creature_template SET npcflag = (npcflag | 1), gossip_menu_id = 57134 WHERE entry = 11104;


-- Importing creature gossip with entry 13616 (Frostwolf Stable Master) with import type GOSSIP
-- Menu 9821 is already imported as 57134
UPDATE creature_template SET npcflag = (npcflag | 1), gossip_menu_id = 57134 WHERE entry = 13616;


-- Importing creature gossip with entry 17485 (Esbina) with import type GOSSIP
-- Menu 9821 is already imported as 57134
UPDATE creature_template SET npcflag = (npcflag | 1), gossip_menu_id = 57134 WHERE entry = 17485;


-- Importing creature gossip with entry 18250 (Joraal) with import type GOSSIP
-- Menu 9821 is already imported as 57134
UPDATE creature_template SET npcflag = (npcflag | 1), gossip_menu_id = 57134 WHERE entry = 18250;


-- Importing creature gossip with entry 18984 (Trag) with import type GOSSIP
-- Menu 9821 is already imported as 57134
UPDATE creature_template SET npcflag = (npcflag | 1), gossip_menu_id = 57134 WHERE entry = 18984;


-- Importing creature gossip with entry 19476 (Lor) with import type GOSSIP
-- Menu 9821 is already imported as 57134
UPDATE creature_template SET npcflag = (npcflag | 1), gossip_menu_id = 57134 WHERE entry = 19476;


-- Importing creature gossip with entry 21517 (Ilthuril) with import type GOSSIP
-- Menu 9821 is already imported as 57134
UPDATE creature_template SET npcflag = (npcflag | 1), gossip_menu_id = 57134 WHERE entry = 21517;


-- Importing creature gossip with entry 22468 (Ogrin) with import type GOSSIP
-- Menu 9821 is already imported as 57134
UPDATE creature_template SET npcflag = (npcflag | 1), gossip_menu_id = 57134 WHERE entry = 22468;


-- Importing creature gossip with entry 24974 (Liza Cutlerflix) with import type GOSSIP
-- Menu 9821 is already imported as 57134
UPDATE creature_template SET npcflag = (npcflag | 1), gossip_menu_id = 57134 WHERE entry = 24974;


-- Importing creature gossip with entry 9977 (Sylista) with import type GOSSIP
-- Menu 9821 is already imported as 57134
UPDATE creature_template SET npcflag = (npcflag | 1), gossip_menu_id = 57134 WHERE entry = 9977;


-- Importing creature gossip with entry 9981 (Sikwa) with import type GOSSIP
-- Menu 9821 is already imported as 57134
UPDATE creature_template SET npcflag = (npcflag | 1), gossip_menu_id = 57134 WHERE entry = 9981;


-- Importing creature gossip with entry 9985 (Laziphus) with import type GOSSIP
-- Menu 9821 is already imported as 57134
UPDATE creature_template SET npcflag = (npcflag | 1), gossip_menu_id = 57134 WHERE entry = 9985;


-- Importing creature gossip with entry 16764 (Arthaid) with import type GOSSIP
-- Menu 9821 is already imported as 57134
UPDATE creature_template SET npcflag = (npcflag | 1), gossip_menu_id = 57134 WHERE entry = 16764;


-- Importing creature gossip with entry 9989 (Lina Hearthstove) with import type GOSSIP
-- Menu 9821 is already imported as 57134
UPDATE creature_template SET npcflag = (npcflag | 1), gossip_menu_id = 57134 WHERE entry = 9989;


-- Importing creature gossip with entry 10048 (Gereck) with import type GOSSIP
-- Menu 9821 is already imported as 57134
UPDATE creature_template SET npcflag = (npcflag | 1), gossip_menu_id = 57134 WHERE entry = 10048;


-- Importing creature gossip with entry 10052 (Maluressian) with import type GOSSIP
-- Menu 9821 is already imported as 57134
UPDATE creature_template SET npcflag = (npcflag | 1), gossip_menu_id = 57134 WHERE entry = 10052;


-- Importing creature gossip with entry 10056 (Alassin) with import type GOSSIP
-- Menu 9821 is already imported as 57134
UPDATE creature_template SET npcflag = (npcflag | 1), gossip_menu_id = 57134 WHERE entry = 10056;


-- Importing creature gossip with entry 10060 (Grimestack) with import type GOSSIP
-- Menu 9821 is already imported as 57134
UPDATE creature_template SET npcflag = (npcflag | 1), gossip_menu_id = 57134 WHERE entry = 10060;


-- Importing creature gossip with entry 10085 (Jaelysia) with import type GOSSIP
-- Menu 9821 is already imported as 57134
UPDATE creature_template SET npcflag = (npcflag | 1), gossip_menu_id = 57134 WHERE entry = 10085;


-- Importing creature gossip with entry 11105 (Aboda) with import type GOSSIP
-- Menu 9821 is already imported as 57134
UPDATE creature_template SET npcflag = (npcflag | 1), gossip_menu_id = 57134 WHERE entry = 11105;


-- Importing creature gossip with entry 16185 (Anathos) with import type GOSSIP
-- Menu 9821 is already imported as 57134
UPDATE creature_template SET npcflag = (npcflag | 1), gossip_menu_id = 57134 WHERE entry = 16185;


-- Importing creature gossip with entry 17896 (Kameel Longstride) with import type GOSSIP
-- Menu 9821 is already imported as 57134
UPDATE creature_template SET npcflag = (npcflag | 1), gossip_menu_id = 57134 WHERE entry = 17896;


-- Importing creature gossip with entry 19018 (Wilda Bearmane) with import type GOSSIP
-- Menu 9821 is already imported as 57134
UPDATE creature_template SET npcflag = (npcflag | 1), gossip_menu_id = 57134 WHERE entry = 19018;


-- Importing creature gossip with entry 21518 (Oruhe) with import type GOSSIP
-- Menu 9821 is already imported as 57134
UPDATE creature_template SET npcflag = (npcflag | 1), gossip_menu_id = 57134 WHERE entry = 21518;


-- Importing creature gossip with entry 22469 (Fiskal Shadowsong) with import type GOSSIP
-- Menu 9821 is already imported as 57134
UPDATE creature_template SET npcflag = (npcflag | 1), gossip_menu_id = 57134 WHERE entry = 22469;


-- Importing creature gossip with entry 25037 (Seraphina Bloodheart) with import type GOSSIP
-- Menu 9821 is already imported as 57134
UPDATE creature_template SET npcflag = (npcflag | 1), gossip_menu_id = 57134 WHERE entry = 25037;


-- Importing creature gossip with entry 9896 (World Stable Master) with import type GOSSIP
-- Menu 9821 is already imported as 57134
UPDATE creature_template SET npcflag = (npcflag | 1), gossip_menu_id = 57134 WHERE entry = 9896;


-- Importing creature gossip with entry 9978 (Wesley) with import type GOSSIP
-- Menu 9821 is already imported as 57134
UPDATE creature_template SET npcflag = (npcflag | 1), gossip_menu_id = 57134 WHERE entry = 9978;


-- Importing creature gossip with entry 9982 (Penny) with import type GOSSIP
-- Menu 9821 is already imported as 57134
UPDATE creature_template SET npcflag = (npcflag | 1), gossip_menu_id = 57134 WHERE entry = 9982;


-- Importing creature gossip with entry 9986 (Shyrka Wolfrunner) with import type GOSSIP
-- Menu 9821 is already imported as 57134
UPDATE creature_template SET npcflag = (npcflag | 1), gossip_menu_id = 57134 WHERE entry = 9986;


-- Importing creature gossip with entry 23392 (Skyguard Stable Master) with import type GOSSIP
-- Menu 9821 is already imported as 57134
UPDATE creature_template SET npcflag = (npcflag | 1), gossip_menu_id = 57134 WHERE entry = 23392;


-- Importing creature gossip with entry 10045 (Kirk Maxwell) with import type GOSSIP
-- Menu 9821 is already imported as 57134
UPDATE creature_template SET npcflag = (npcflag | 1), gossip_menu_id = 57134 WHERE entry = 10045;


-- Importing creature gossip with entry 10049 (Hekkru) with import type GOSSIP
-- Menu 9821 is already imported as 57134
UPDATE creature_template SET npcflag = (npcflag | 1), gossip_menu_id = 57134 WHERE entry = 10049;


-- Importing creature gossip with entry 10053 (Anya Maulray) with import type GOSSIP
-- Menu 9821 is already imported as 57134
UPDATE creature_template SET npcflag = (npcflag | 1), gossip_menu_id = 57134 WHERE entry = 10053;


-- Importing creature gossip with entry 10057 (Theodore Mont Claire) with import type GOSSIP
-- Menu 9821 is already imported as 57134
UPDATE creature_template SET npcflag = (npcflag | 1), gossip_menu_id = 57134 WHERE entry = 10057;


-- Importing creature gossip with entry 10061 (Killium Bouldertoe) with import type GOSSIP
-- Menu 9821 is already imported as 57134
UPDATE creature_template SET npcflag = (npcflag | 1), gossip_menu_id = 57134 WHERE entry = 10061;


-- Importing creature gossip with entry 11117 (Awenasa) with import type GOSSIP
-- Menu 9821 is already imported as 57134
UPDATE creature_template SET npcflag = (npcflag | 1), gossip_menu_id = 57134 WHERE entry = 11117;


-- Importing creature gossip with entry 15131 (Qeeju) with import type GOSSIP
-- Menu 9821 is already imported as 57134
UPDATE creature_template SET npcflag = (npcflag | 1), gossip_menu_id = 57134 WHERE entry = 15131;


-- Importing creature gossip with entry 16586 (Huntsman Torf Angerhoof) with import type GOSSIP
-- Menu 9821 is already imported as 57134
UPDATE creature_template SET npcflag = (npcflag | 1), gossip_menu_id = 57134 WHERE entry = 16586;


-- Importing creature gossip with entry 17666 (Astur) with import type GOSSIP
-- Menu 9821 is already imported as 57134
UPDATE creature_template SET npcflag = (npcflag | 1), gossip_menu_id = 57134 WHERE entry = 17666;


-- Importing creature gossip with entry 19325 (Barnu Cragcrush) with import type GOSSIP
-- Menu 9821 is already imported as 57134
UPDATE creature_template SET npcflag = (npcflag | 1), gossip_menu_id = 57134 WHERE entry = 19325;


-- Importing creature gossip with entry 6749 (Erma) with import type GOSSIP
-- Menu 9821 is already imported as 57134
UPDATE creature_template SET npcflag = (npcflag | 1), gossip_menu_id = 57134 WHERE entry = 6749;


-- Importing creature gossip with entry 9979 (Sarah Goode) with import type GOSSIP
-- Menu 9821 is already imported as 57134
UPDATE creature_template SET npcflag = (npcflag | 1), gossip_menu_id = 57134 WHERE entry = 9979;


-- Importing creature gossip with entry 9983 (Kelsuwa) with import type GOSSIP
-- Menu 9821 is already imported as 57134
UPDATE creature_template SET npcflag = (npcflag | 1), gossip_menu_id = 57134 WHERE entry = 9983;


-- Importing creature gossip with entry 9987 (Shoja'my) with import type GOSSIP
-- Menu 9821 is already imported as 57134
UPDATE creature_template SET npcflag = (npcflag | 1), gossip_menu_id = 57134 WHERE entry = 9987;


-- Importing creature gossip with entry 10046 (Bethaine Flinthammer) with import type GOSSIP
-- Menu 9821 is already imported as 57134
UPDATE creature_template SET npcflag = (npcflag | 1), gossip_menu_id = 57134 WHERE entry = 10046;


-- Importing creature gossip with entry 10050 (Seikwa) with import type GOSSIP
-- Menu 9821 is already imported as 57134
UPDATE creature_template SET npcflag = (npcflag | 1), gossip_menu_id = 57134 WHERE entry = 10050;


-- Importing creature gossip with entry 10054 (Bulrug) with import type GOSSIP
-- Menu 9821 is already imported as 57134
UPDATE creature_template SET npcflag = (npcflag | 1), gossip_menu_id = 57134 WHERE entry = 10054;


-- Importing creature gossip with entry 10058 (Greth) with import type GOSSIP
-- Menu 9821 is already imported as 57134
UPDATE creature_template SET npcflag = (npcflag | 1), gossip_menu_id = 57134 WHERE entry = 10058;


-- Importing creature gossip with entry 10062 (Steven Black) with import type GOSSIP
-- Menu 9821 is already imported as 57134
UPDATE creature_template SET npcflag = (npcflag | 1), gossip_menu_id = 57134 WHERE entry = 10062;


-- Importing creature gossip with entry 11069 (Jenova Stoneshield) with import type GOSSIP
-- Menu 9821 is already imported as 57134
UPDATE creature_template SET npcflag = (npcflag | 1), gossip_menu_id = 57134 WHERE entry = 11069;


-- Importing creature gossip with entry 11119 (Azzleby) with import type GOSSIP
-- Menu 9821 is already imported as 57134
UPDATE creature_template SET npcflag = (npcflag | 1), gossip_menu_id = 57134 WHERE entry = 11119;


-- Importing creature gossip with entry 11832 (Keeper Remulos) with import type GOSSIP
-- Importing menu 10215 as 57136
INSERT INTO gossip_text (`ID`, `comment`, `text0_0`, `text0_1`, `BroadcastTextID0`, `lang0`, `Probability0`, `em0_0`, `em0_1`, `em0_2`, `em0_3`, `em0_4`, `em0_5`, `text1_0`, `text1_1`, `BroadcastTextID1`, `lang1`, `Probability1`, `em1_0`, `em1_1`, `em1_2`, `em1_3`, `em1_4`, `em1_5`, `text2_0`, `text2_1`, `BroadcastTextID2`, `lang2`, `Probability2`, `em2_0`, `em2_1`, `em2_2`, `em2_3`, `em2_4`, `em2_5`, `text3_0`, `text3_1`, `BroadcastTextID3`, `lang3`, `Probability3`, `em3_0`, `em3_1`, `em3_2`, `em3_3`, `em3_4`, `em3_5`, `text4_0`, `text4_1`, `BroadcastTextID4`, `lang4`, `Probability4`, `em4_0`, `em4_1`, `em4_2`, `em4_3`, `em4_4`, `em4_5`, `text5_0`, `text5_1`, `BroadcastTextID5`, `lang5`, `Probability5`, `em5_0`, `em5_1`, `em5_2`, `em5_3`, `em5_4`, `em5_5`, `text6_0`, `text6_1`, `BroadcastTextID6`, `lang6`, `Probability6`, `em6_0`, `em6_1`, `em6_2`, `em6_3`, `em6_4`, `em6_5`, `text7_0`, `text7_1`, `BroadcastTextID7`, `lang7`, `Probability7`, `em7_0`, `em7_1`, `em7_2`, `em7_3`, `em7_4`, `em7_5`) VALUES ('14198', 'Imported from TC', 'The Emerald Dream has become a dangerous place. I grow increasingly concerned for those who have sacrificed their waking life in Azeroth in hopes of saving it.', '', '33044', '0', '1', '0', '0', '0', '0', '0', '0', '', '', NULL, '0', '0', '0', '0', '0', '0', '0', '0', '', '', NULL, '0', '0', '0', '0', '0', '0', '0', '0', '', '', NULL, '0', '0', '0', '0', '0', '0', '0', '0', '', '', NULL, '0', '0', '0', '0', '0', '0', '0', '0', '', '', NULL, '0', '0', '0', '0', '0', '0', '0', '0', '', '', NULL, '0', '0', '0', '0', '0', '0', '0', '0', '', '', NULL, '0', '0', '0', '0', '0', '0', '0', '0');
INSERT INTO gossip_menu (`MenuID`, `TextID`) VALUES ('57136', '14198');
INSERT INTO gossip_menu_option (`MenuID`, `OptionID`, `OptionIcon`, `OptionText`, `OptionBroadcastTextID`, `OptionType`, `OptionNpcFlag`, `ActionMenuID`, `ActionPoiID`, `BoxCoded`, `BoxMoney`, `BoxText`, `BoxBroadcastTextID`) VALUES ('57136', '0', '0', 'Please send me into the Emerald Dream to recover the acorns. I know of the danger and I do not fear it.', '33045', '1', '1', NULL, NULL, '0', '0', '', NULL);
INSERT INTO gossip_menu_option (`MenuID`, `OptionID`, `OptionIcon`, `OptionText`, `OptionBroadcastTextID`, `OptionType`, `OptionNpcFlag`, `ActionMenuID`, `ActionPoiID`, `BoxCoded`, `BoxMoney`, `BoxText`, `BoxBroadcastTextID`) VALUES ('57136', '1', '0', 'I wish to return to Arch Druid Lilliandra. Can you send me back to her?', '33139', '1', '1', NULL, NULL, '0', '0', '', NULL);
INSERT INTO conditions (`SourceTypeOrReferenceId`, `SourceGroup`, `SourceEntry`, `SourceId`, `ElseGroup`, `ConditionTypeOrReference`, `ConditionTarget`, `ConditionValue1`, `ConditionValue2`, `ConditionValue3`, `NegativeCondition`, `ErrorType`, `ErrorTextId`, `ScriptName`, `Comment`) VALUES ('15', '57136', '1', '0', '0', '28', '0', '13075', '0', '0', '0', '0', '0', '', '(autoimported) Show gossip menu option only if player has quest 13075 complete');
INSERT INTO conditions (`SourceTypeOrReferenceId`, `SourceGroup`, `SourceEntry`, `SourceId`, `ElseGroup`, `ConditionTypeOrReference`, `ConditionTarget`, `ConditionValue1`, `ConditionValue2`, `ConditionValue3`, `NegativeCondition`, `ErrorType`, `ErrorTextId`, `ScriptName`, `Comment`) VALUES ('15', '57136', '0', '0', '0', '9', '0', '13074', '0', '0', '0', '0', '0', '', '(autoimported) Show gossip menu option only if player has quest 13074 taken');
UPDATE creature_template SET npcflag = (npcflag | 1), gossip_menu_id = 57136 WHERE entry = 11832;


-- Importing creature gossip with entry 23872 (Coren Direbrew) with import type GOSSIP
INSERT INTO gossip_text (`ID`, `comment`, `text0_0`, `text0_1`, `BroadcastTextID0`, `lang0`, `Probability0`, `em0_0`, `em0_1`, `em0_2`, `em0_3`, `em0_4`, `em0_5`, `text1_0`, `text1_1`, `BroadcastTextID1`, `lang1`, `Probability1`, `em1_0`, `em1_1`, `em1_2`, `em1_3`, `em1_4`, `em1_5`, `text2_0`, `text2_1`, `BroadcastTextID2`, `lang2`, `Probability2`, `em2_0`, `em2_1`, `em2_2`, `em2_3`, `em2_4`, `em2_5`, `text3_0`, `text3_1`, `BroadcastTextID3`, `lang3`, `Probability3`, `em3_0`, `em3_1`, `em3_2`, `em3_3`, `em3_4`, `em3_5`, `text4_0`, `text4_1`, `BroadcastTextID4`, `lang4`, `Probability4`, `em4_0`, `em4_1`, `em4_2`, `em4_3`, `em4_4`, `em4_5`, `text5_0`, `text5_1`, `BroadcastTextID5`, `lang5`, `Probability5`, `em5_0`, `em5_1`, `em5_2`, `em5_3`, `em5_4`, `em5_5`, `text6_0`, `text6_1`, `BroadcastTextID6`, `lang6`, `Probability6`, `em6_0`, `em6_1`, `em6_2`, `em6_3`, `em6_4`, `em6_5`, `text7_0`, `text7_1`, `BroadcastTextID7`, `lang7`, `Probability7`, `em7_0`, `em7_1`, `em7_2`, `em7_3`, `em7_4`, `em7_5`) VALUES ('15858', 'Imported from TC', 'Ye\'ve got some stones, $glad:lass;, comin\' in here unannounced.$B$BWhat do ye want?', '', '40430', '0', '1', '0', '25', '0', '0', '0', '0', '', '', NULL, '0', '0', '0', '0', '0', '0', '0', '0', '', '', NULL, '0', '0', '0', '0', '0', '0', '0', '0', '', '', NULL, '0', '0', '0', '0', '0', '0', '0', '0', '', '', NULL, '0', '0', '0', '0', '0', '0', '0', '0', '', '', NULL, '0', '0', '0', '0', '0', '0', '0', '0', '', '', NULL, '0', '0', '0', '0', '0', '0', '0', '0', '', '', NULL, '0', '0', '0', '0', '0', '0', '0', '0');
INSERT INTO gossip_menu (`MenuID`, `TextID`) VALUES ('11387', '15858');
INSERT INTO gossip_text (`ID`, `comment`, `text0_0`, `text0_1`, `BroadcastTextID0`, `lang0`, `Probability0`, `em0_0`, `em0_1`, `em0_2`, `em0_3`, `em0_4`, `em0_5`, `text1_0`, `text1_1`, `BroadcastTextID1`, `lang1`, `Probability1`, `em1_0`, `em1_1`, `em1_2`, `em1_3`, `em1_4`, `em1_5`, `text2_0`, `text2_1`, `BroadcastTextID2`, `lang2`, `Probability2`, `em2_0`, `em2_1`, `em2_2`, `em2_3`, `em2_4`, `em2_5`, `text3_0`, `text3_1`, `BroadcastTextID3`, `lang3`, `Probability3`, `em3_0`, `em3_1`, `em3_2`, `em3_3`, `em3_4`, `em3_5`, `text4_0`, `text4_1`, `BroadcastTextID4`, `lang4`, `Probability4`, `em4_0`, `em4_1`, `em4_2`, `em4_3`, `em4_4`, `em4_5`, `text5_0`, `text5_1`, `BroadcastTextID5`, `lang5`, `Probability5`, `em5_0`, `em5_1`, `em5_2`, `em5_3`, `em5_4`, `em5_5`, `text6_0`, `text6_1`, `BroadcastTextID6`, `lang6`, `Probability6`, `em6_0`, `em6_1`, `em6_2`, `em6_3`, `em6_4`, `em6_5`, `text7_0`, `text7_1`, `BroadcastTextID7`, `lang7`, `Probability7`, `em7_0`, `em7_1`, `em7_2`, `em7_3`, `em7_4`, `em7_5`) VALUES ('15859', 'Imported from TC', 'What?!  What did ye say?!  How dare ye!  Me beer can stand up to any of that rot they serve at Brewfest!$B$BYou\'ll pay for this insult, $c!', '', '40432', '0', '1', '0', '5', '0', '0', '0', '0', '', '', NULL, '0', '0', '0', '0', '0', '0', '0', '0', '', '', NULL, '0', '0', '0', '0', '0', '0', '0', '0', '', '', NULL, '0', '0', '0', '0', '0', '0', '0', '0', '', '', NULL, '0', '0', '0', '0', '0', '0', '0', '0', '', '', NULL, '0', '0', '0', '0', '0', '0', '0', '0', '', '', NULL, '0', '0', '0', '0', '0', '0', '0', '0', '', '', NULL, '0', '0', '0', '0', '0', '0', '0', '0');
INSERT INTO gossip_menu (`MenuID`, `TextID`) VALUES ('11388', '15859');
INSERT INTO gossip_menu_option (`MenuID`, `OptionID`, `OptionIcon`, `OptionText`, `OptionBroadcastTextID`, `OptionType`, `OptionNpcFlag`, `ActionMenuID`, `ActionPoiID`, `BoxCoded`, `BoxMoney`, `BoxText`, `BoxBroadcastTextID`) VALUES ('11388', '0', '0', 'Fight', '40433', '1', '1', NULL, NULL, '0', '0', '', NULL);
INSERT INTO gossip_menu_option (`MenuID`, `OptionID`, `OptionIcon`, `OptionText`, `OptionBroadcastTextID`, `OptionType`, `OptionNpcFlag`, `ActionMenuID`, `ActionPoiID`, `BoxCoded`, `BoxMoney`, `BoxText`, `BoxBroadcastTextID`) VALUES ('11388', '1', '0', 'Apologize', '40434', '1', '1', NULL, NULL, '0', '0', '', NULL);
INSERT INTO gossip_menu_option (`MenuID`, `OptionID`, `OptionIcon`, `OptionText`, `OptionBroadcastTextID`, `OptionType`, `OptionNpcFlag`, `ActionMenuID`, `ActionPoiID`, `BoxCoded`, `BoxMoney`, `BoxText`, `BoxBroadcastTextID`) VALUES ('11387', '0', '0', 'Insult Coren Direbrew\'s brew.', '40431', '1', '1', '11388', NULL, '0', '0', '', NULL);
UPDATE creature_template SET npcflag = (npcflag | 1), gossip_menu_id = 11387 WHERE entry = 23872;


-- Importing creature gossip with entry 9988 (Xon'cha) with import type GOSSIP
INSERT INTO gossip_text (`ID`, `comment`, `text0_0`, `text0_1`, `BroadcastTextID0`, `lang0`, `Probability0`, `em0_0`, `em0_1`, `em0_2`, `em0_3`, `em0_4`, `em0_5`, `text1_0`, `text1_1`, `BroadcastTextID1`, `lang1`, `Probability1`, `em1_0`, `em1_1`, `em1_2`, `em1_3`, `em1_4`, `em1_5`, `text2_0`, `text2_1`, `BroadcastTextID2`, `lang2`, `Probability2`, `em2_0`, `em2_1`, `em2_2`, `em2_3`, `em2_4`, `em2_5`, `text3_0`, `text3_1`, `BroadcastTextID3`, `lang3`, `Probability3`, `em3_0`, `em3_1`, `em3_2`, `em3_3`, `em3_4`, `em3_5`, `text4_0`, `text4_1`, `BroadcastTextID4`, `lang4`, `Probability4`, `em4_0`, `em4_1`, `em4_2`, `em4_3`, `em4_4`, `em4_5`, `text5_0`, `text5_1`, `BroadcastTextID5`, `lang5`, `Probability5`, `em5_0`, `em5_1`, `em5_2`, `em5_3`, `em5_4`, `em5_5`, `text6_0`, `text6_1`, `BroadcastTextID6`, `lang6`, `Probability6`, `em6_0`, `em6_1`, `em6_2`, `em6_3`, `em6_4`, `em6_5`, `text7_0`, `text7_1`, `BroadcastTextID7`, `lang7`, `Probability7`, `em7_0`, `em7_1`, `em7_2`, `em7_3`, `em7_4`, `em7_5`) VALUES ('16788', 'Imported from TC', 'Hey der, mon.$B$BDid ya want ta be stablin\' yer pets, or were ya lookin\' for a lost companion?', '', '45395', '0', '1', '0', '0', '0', '0', '0', '0', '', '', NULL, '0', '0', '0', '0', '0', '0', '0', '0', '', '', NULL, '0', '0', '0', '0', '0', '0', '0', '0', '', '', NULL, '0', '0', '0', '0', '0', '0', '0', '0', '', '', NULL, '0', '0', '0', '0', '0', '0', '0', '0', '', '', NULL, '0', '0', '0', '0', '0', '0', '0', '0', '', '', NULL, '0', '0', '0', '0', '0', '0', '0', '0', '', '', NULL, '0', '0', '0', '0', '0', '0', '0', '0');
INSERT INTO conditions (`SourceTypeOrReferenceId`, `SourceGroup`, `SourceEntry`, `SourceId`, `ElseGroup`, `ConditionTypeOrReference`, `ConditionTarget`, `ConditionValue1`, `ConditionValue2`, `ConditionValue3`, `NegativeCondition`, `ErrorType`, `ErrorTextId`, `ScriptName`, `Comment`) VALUES ('14', '11971', '16788', '0', '0', '15', '0', '4', '0', '0', '0', '0', '0', '', '(autoimported) Show gossip text if player is a hunter');
INSERT INTO gossip_menu (`MenuID`, `TextID`) VALUES ('11971', '16788');
INSERT INTO gossip_text (`ID`, `comment`, `text0_0`, `text0_1`, `BroadcastTextID0`, `lang0`, `Probability0`, `em0_0`, `em0_1`, `em0_2`, `em0_3`, `em0_4`, `em0_5`, `text1_0`, `text1_1`, `BroadcastTextID1`, `lang1`, `Probability1`, `em1_0`, `em1_1`, `em1_2`, `em1_3`, `em1_4`, `em1_5`, `text2_0`, `text2_1`, `BroadcastTextID2`, `lang2`, `Probability2`, `em2_0`, `em2_1`, `em2_2`, `em2_3`, `em2_4`, `em2_5`, `text3_0`, `text3_1`, `BroadcastTextID3`, `lang3`, `Probability3`, `em3_0`, `em3_1`, `em3_2`, `em3_3`, `em3_4`, `em3_5`, `text4_0`, `text4_1`, `BroadcastTextID4`, `lang4`, `Probability4`, `em4_0`, `em4_1`, `em4_2`, `em4_3`, `em4_4`, `em4_5`, `text5_0`, `text5_1`, `BroadcastTextID5`, `lang5`, `Probability5`, `em5_0`, `em5_1`, `em5_2`, `em5_3`, `em5_4`, `em5_5`, `text6_0`, `text6_1`, `BroadcastTextID6`, `lang6`, `Probability6`, `em6_0`, `em6_1`, `em6_2`, `em6_3`, `em6_4`, `em6_5`, `text7_0`, `text7_1`, `BroadcastTextID7`, `lang7`, `Probability7`, `em7_0`, `em7_1`, `em7_2`, `em7_3`, `em7_4`, `em7_5`) VALUES ('16789', 'Imported from TC', 'Hey der, mon.$B$BDid ya need help recoverin\' a lost companion?', 'Hey der, mon.$B$BDid ya need help recoverin\' a lost companion?', '45396', '0', '1', '0', '1', '0', '0', '0', '0', '', '', NULL, '0', '0', '0', '0', '0', '0', '0', '0', '', '', NULL, '0', '0', '0', '0', '0', '0', '0', '0', '', '', NULL, '0', '0', '0', '0', '0', '0', '0', '0', '', '', NULL, '0', '0', '0', '0', '0', '0', '0', '0', '', '', NULL, '0', '0', '0', '0', '0', '0', '0', '0', '', '', NULL, '0', '0', '0', '0', '0', '0', '0', '0', '', '', NULL, '0', '0', '0', '0', '0', '0', '0', '0');
INSERT INTO conditions (`SourceTypeOrReferenceId`, `SourceGroup`, `SourceEntry`, `SourceId`, `ElseGroup`, `ConditionTypeOrReference`, `ConditionTarget`, `ConditionValue1`, `ConditionValue2`, `ConditionValue3`, `NegativeCondition`, `ErrorType`, `ErrorTextId`, `ScriptName`, `Comment`) VALUES ('14', '11971', '16789', '0', '0', '15', '0', '4', '0', '0', '1', '0', '0', '', '(autoimported) Show gossip text if player is not a hunter');
INSERT INTO gossip_menu (`MenuID`, `TextID`) VALUES ('11971', '16789');
INSERT INTO gossip_menu_option (`MenuID`, `OptionID`, `OptionIcon`, `OptionText`, `OptionBroadcastTextID`, `OptionType`, `OptionNpcFlag`, `ActionMenuID`, `ActionPoiID`, `BoxCoded`, `BoxMoney`, `BoxText`, `BoxBroadcastTextID`) VALUES ('11971', '0', '0', 'I\'d like to stable my pet here.', '30181', '14', '4194304', NULL, NULL, '0', '0', '', NULL);
-- Menu 9820 is already imported as 57135
INSERT INTO gossip_menu_option (`MenuID`, `OptionID`, `OptionIcon`, `OptionText`, `OptionBroadcastTextID`, `OptionType`, `OptionNpcFlag`, `ActionMenuID`, `ActionPoiID`, `BoxCoded`, `BoxMoney`, `BoxText`, `BoxBroadcastTextID`) VALUES ('11971', '1', '1', 'I\'m looking for a lost companion.', '56613', '1', '1', '57135', NULL, '0', '0', '', NULL);
UPDATE creature_template SET npcflag = (npcflag | 1), gossip_menu_id = 11971 WHERE entry = 9988;


-- Importing creature gossip with entry 9503 (Private Rocknot) with import type GOSSIP
INSERT INTO gossip_text (`ID`, `comment`, `text0_0`, `text0_1`, `BroadcastTextID0`, `lang0`, `Probability0`, `em0_0`, `em0_1`, `em0_2`, `em0_3`, `em0_4`, `em0_5`, `text1_0`, `text1_1`, `BroadcastTextID1`, `lang1`, `Probability1`, `em1_0`, `em1_1`, `em1_2`, `em1_3`, `em1_4`, `em1_5`, `text2_0`, `text2_1`, `BroadcastTextID2`, `lang2`, `Probability2`, `em2_0`, `em2_1`, `em2_2`, `em2_3`, `em2_4`, `em2_5`, `text3_0`, `text3_1`, `BroadcastTextID3`, `lang3`, `Probability3`, `em3_0`, `em3_1`, `em3_2`, `em3_3`, `em3_4`, `em3_5`, `text4_0`, `text4_1`, `BroadcastTextID4`, `lang4`, `Probability4`, `em4_0`, `em4_1`, `em4_2`, `em4_3`, `em4_4`, `em4_5`, `text5_0`, `text5_1`, `BroadcastTextID5`, `lang5`, `Probability5`, `em5_0`, `em5_1`, `em5_2`, `em5_3`, `em5_4`, `em5_5`, `text6_0`, `text6_1`, `BroadcastTextID6`, `lang6`, `Probability6`, `em6_0`, `em6_1`, `em6_2`, `em6_3`, `em6_4`, `em6_5`, `text7_0`, `text7_1`, `BroadcastTextID7`, `lang7`, `Probability7`, `em7_0`, `em7_1`, `em7_2`, `em7_3`, `em7_4`, `em7_5`) VALUES ('17034', 'Imported from TC', 'The Alliance needs you. Answer the hero\'s call!', '', '46539', '0', '1', '0', '0', '0', '0', '0', '0', '', '', NULL, '0', '0', '0', '0', '0', '0', '0', '0', '', '', NULL, '0', '0', '0', '0', '0', '0', '0', '0', '', '', NULL, '0', '0', '0', '0', '0', '0', '0', '0', '', '', NULL, '0', '0', '0', '0', '0', '0', '0', '0', '', '', NULL, '0', '0', '0', '0', '0', '0', '0', '0', '', '', NULL, '0', '0', '0', '0', '0', '0', '0', '0', '', '', NULL, '0', '0', '0', '0', '0', '0', '0', '0');
INSERT INTO gossip_menu (`MenuID`, `TextID`) VALUES ('12128', '17034');
UPDATE creature_template SET npcflag = (npcflag | 1), gossip_menu_id = 12128 WHERE entry = 9503;


-- Importing creature gossip with entry 15598 (Elder Bladeswift) with import type SMART
UPDATE creature_template SET ScriptName = '', AIName = 'SmartAI' WHERE entry = 15598;
DELETE FROM smart_scripts WHERE entryorguid = 15598 AND source_type = 0;
INSERT INTO smart_scripts (`entryorguid`, `source_type`, `id`, `link`, `event_type`, `event_phase_mask`, `event_chance`, `event_flags`, `event_param1`, `event_param2`, `event_param3`, `event_param4`, `event_param5`, `action_type`, `action_param1`, `action_param2`, `action_param3`, `action_param4`, `action_param5`, `action_param6`, `target_type`, `target_param1`, `target_param2`, `target_param3`, `target_param4`, `target_x`, `target_y`, `target_z`, `target_o`, `comment`) VALUES ('15598', '0', '0', '0', '11', '0', '100', '1', '0', '0', '0', '0', '0', '11', '25824', '0', '0', '0', '0', '0', '1', '0', '0', '0', '0', '0', '0', '0', '0', 'Elder Bladeswift - On Respawn - Cast \'Spotlight\' (No Repeat) (Normal Dungeon)');
INSERT INTO gossip_text (`ID`, `comment`, `text0_0`, `text0_1`, `BroadcastTextID0`, `lang0`, `Probability0`, `em0_0`, `em0_1`, `em0_2`, `em0_3`, `em0_4`, `em0_5`, `text1_0`, `text1_1`, `BroadcastTextID1`, `lang1`, `Probability1`, `em1_0`, `em1_1`, `em1_2`, `em1_3`, `em1_4`, `em1_5`, `text2_0`, `text2_1`, `BroadcastTextID2`, `lang2`, `Probability2`, `em2_0`, `em2_1`, `em2_2`, `em2_3`, `em2_4`, `em2_5`, `text3_0`, `text3_1`, `BroadcastTextID3`, `lang3`, `Probability3`, `em3_0`, `em3_1`, `em3_2`, `em3_3`, `em3_4`, `em3_5`, `text4_0`, `text4_1`, `BroadcastTextID4`, `lang4`, `Probability4`, `em4_0`, `em4_1`, `em4_2`, `em4_3`, `em4_4`, `em4_5`, `text5_0`, `text5_1`, `BroadcastTextID5`, `lang5`, `Probability5`, `em5_0`, `em5_1`, `em5_2`, `em5_3`, `em5_4`, `em5_5`, `text6_0`, `text6_1`, `BroadcastTextID6`, `lang6`, `Probability6`, `em6_0`, `em6_1`, `em6_2`, `em6_3`, `em6_4`, `em6_5`, `text7_0`, `text7_1`, `BroadcastTextID7`, `lang7`, `Probability7`, `em7_0`, `em7_1`, `em7_2`, `em7_3`, `em7_4`, `em7_5`) VALUES ('1872726', 'Imported from TC', 'The Stars of this time are bent on new paths, beacons of hope and strength for the coming ages.', 'The Stars of this time are bent on new paths, beacons of hope and strength for the coming ages.', '11145', '0', '1', '0', '0', '0', '0', '0', '0', '', '', NULL, '0', '0', '0', '0', '0', '0', '0', '0', '', '', NULL, '0', '0', '0', '0', '0', '0', '0', '0', '', '', NULL, '0', '0', '0', '0', '0', '0', '0', '0', '', '', NULL, '0', '0', '0', '0', '0', '0', '0', '0', '', '', NULL, '0', '0', '0', '0', '0', '0', '0', '0', '', '', NULL, '0', '0', '0', '0', '0', '0', '0', '0', '', '', NULL, '0', '0', '0', '0', '0', '0', '0', '0');
INSERT INTO gossip_menu (`MenuID`, `TextID`) VALUES ('21005', '1872726');
INSERT INTO gossip_text (`ID`, `comment`, `text0_0`, `text0_1`, `BroadcastTextID0`, `lang0`, `Probability0`, `em0_0`, `em0_1`, `em0_2`, `em0_3`, `em0_4`, `em0_5`, `text1_0`, `text1_1`, `BroadcastTextID1`, `lang1`, `Probability1`, `em1_0`, `em1_1`, `em1_2`, `em1_3`, `em1_4`, `em1_5`, `text2_0`, `text2_1`, `BroadcastTextID2`, `lang2`, `Probability2`, `em2_0`, `em2_1`, `em2_2`, `em2_3`, `em2_4`, `em2_5`, `text3_0`, `text3_1`, `BroadcastTextID3`, `lang3`, `Probability3`, `em3_0`, `em3_1`, `em3_2`, `em3_3`, `em3_4`, `em3_5`, `text4_0`, `text4_1`, `BroadcastTextID4`, `lang4`, `Probability4`, `em4_0`, `em4_1`, `em4_2`, `em4_3`, `em4_4`, `em4_5`, `text5_0`, `text5_1`, `BroadcastTextID5`, `lang5`, `Probability5`, `em5_0`, `em5_1`, `em5_2`, `em5_3`, `em5_4`, `em5_5`, `text6_0`, `text6_1`, `BroadcastTextID6`, `lang6`, `Probability6`, `em6_0`, `em6_1`, `em6_2`, `em6_3`, `em6_4`, `em6_5`, `text7_0`, `text7_1`, `BroadcastTextID7`, `lang7`, `Probability7`, `em7_0`, `em7_1`, `em7_2`, `em7_3`, `em7_4`, `em7_5`) VALUES ('8178', 'Imported from TC', 'The village of Dolanaar atop Teldrassil is home to Elder Bladeleaf.', 'The village of Dolanaar atop Teldrassil is home to Elder Bladeleaf.', '11559', '0', '1', '0', '1', '0', '0', '0', '0', '', '', NULL, '0', '0', '0', '0', '0', '0', '0', '0', '', '', NULL, '0', '0', '0', '0', '0', '0', '0', '0', '', '', NULL, '0', '0', '0', '0', '0', '0', '0', '0', '', '', NULL, '0', '0', '0', '0', '0', '0', '0', '0', '', '', NULL, '0', '0', '0', '0', '0', '0', '0', '0', '', '', NULL, '0', '0', '0', '0', '0', '0', '0', '0', '', '', NULL, '0', '0', '0', '0', '0', '0', '0', '0');
INSERT INTO gossip_menu (`MenuID`, `TextID`) VALUES ('21078', '8178');
INSERT INTO gossip_menu_option (`MenuID`, `OptionID`, `OptionIcon`, `OptionText`, `OptionBroadcastTextID`, `OptionType`, `OptionNpcFlag`, `ActionMenuID`, `ActionPoiID`, `BoxCoded`, `BoxMoney`, `BoxText`, `BoxBroadcastTextID`) VALUES ('21005', '1', '0', 'Where is Elder Bladeleaf?', '11558', '1', '1', '21078', NULL, '0', '0', '', NULL);
-- Importing menu 21084 as 57137
-- Text 8162 already present in Sun DB
INSERT INTO gossip_menu (`MenuID`, `TextID`) VALUES ('57137', '8162');
INSERT INTO gossip_menu_option (`MenuID`, `OptionID`, `OptionIcon`, `OptionText`, `OptionBroadcastTextID`, `OptionType`, `OptionNpcFlag`, `ActionMenuID`, `ActionPoiID`, `BoxCoded`, `BoxMoney`, `BoxText`, `BoxBroadcastTextID`) VALUES ('21005', '2', '0', 'Where is Elder Bronzebeard?', '11512', '1', '1', '57137', NULL, '0', '0', '', NULL);
INSERT INTO gossip_text (`ID`, `comment`, `text0_0`, `text0_1`, `BroadcastTextID0`, `lang0`, `Probability0`, `em0_0`, `em0_1`, `em0_2`, `em0_3`, `em0_4`, `em0_5`, `text1_0`, `text1_1`, `BroadcastTextID1`, `lang1`, `Probability1`, `em1_0`, `em1_1`, `em1_2`, `em1_3`, `em1_4`, `em1_5`, `text2_0`, `text2_1`, `BroadcastTextID2`, `lang2`, `Probability2`, `em2_0`, `em2_1`, `em2_2`, `em2_3`, `em2_4`, `em2_5`, `text3_0`, `text3_1`, `BroadcastTextID3`, `lang3`, `Probability3`, `em3_0`, `em3_1`, `em3_2`, `em3_3`, `em3_4`, `em3_5`, `text4_0`, `text4_1`, `BroadcastTextID4`, `lang4`, `Probability4`, `em4_0`, `em4_1`, `em4_2`, `em4_3`, `em4_4`, `em4_5`, `text5_0`, `text5_1`, `BroadcastTextID5`, `lang5`, `Probability5`, `em5_0`, `em5_1`, `em5_2`, `em5_3`, `em5_4`, `em5_5`, `text6_0`, `text6_1`, `BroadcastTextID6`, `lang6`, `Probability6`, `em6_0`, `em6_1`, `em6_2`, `em6_3`, `em6_4`, `em6_5`, `text7_0`, `text7_1`, `BroadcastTextID7`, `lang7`, `Probability7`, `em7_0`, `em7_1`, `em7_2`, `em7_3`, `em7_4`, `em7_5`) VALUES ('8174', 'Imported from TC', 'Elder Hammershout can be found within the walls of Stormwind.', 'Elder Hammershout can be found within the walls of Stormwind.', '11551', '0', '1', '0', '1', '0', '0', '0', '0', '', '', NULL, '0', '0', '0', '0', '0', '0', '0', '0', '', '', NULL, '0', '0', '0', '0', '0', '0', '0', '0', '', '', NULL, '0', '0', '0', '0', '0', '0', '0', '0', '', '', NULL, '0', '0', '0', '0', '0', '0', '0', '0', '', '', NULL, '0', '0', '0', '0', '0', '0', '0', '0', '', '', NULL, '0', '0', '0', '0', '0', '0', '0', '0', '', '', NULL, '0', '0', '0', '0', '0', '0', '0', '0');
INSERT INTO gossip_menu (`MenuID`, `TextID`) VALUES ('21096', '8174');
INSERT INTO gossip_menu_option (`MenuID`, `OptionID`, `OptionIcon`, `OptionText`, `OptionBroadcastTextID`, `OptionType`, `OptionNpcFlag`, `ActionMenuID`, `ActionPoiID`, `BoxCoded`, `BoxMoney`, `BoxText`, `BoxBroadcastTextID`) VALUES ('21005', '3', '0', 'Where is Elder Hammershout?', '11550', '1', '1', '21096', NULL, '0', '0', '', NULL);
-- Importing menu 21127 as 57138
-- Text 8177 already present in Sun DB
INSERT INTO gossip_menu (`MenuID`, `TextID`) VALUES ('57138', '8177');
INSERT INTO gossip_menu_option (`MenuID`, `OptionID`, `OptionIcon`, `OptionText`, `OptionBroadcastTextID`, `OptionType`, `OptionNpcFlag`, `ActionMenuID`, `ActionPoiID`, `BoxCoded`, `BoxMoney`, `BoxText`, `BoxBroadcastTextID`) VALUES ('21005', '4', '0', 'Where is Elder Skygleam?', '11556', '1', '1', '57138', NULL, '0', '0', '', NULL);
INSERT INTO gossip_text (`ID`, `comment`, `text0_0`, `text0_1`, `BroadcastTextID0`, `lang0`, `Probability0`, `em0_0`, `em0_1`, `em0_2`, `em0_3`, `em0_4`, `em0_5`, `text1_0`, `text1_1`, `BroadcastTextID1`, `lang1`, `Probability1`, `em1_0`, `em1_1`, `em1_2`, `em1_3`, `em1_4`, `em1_5`, `text2_0`, `text2_1`, `BroadcastTextID2`, `lang2`, `Probability2`, `em2_0`, `em2_1`, `em2_2`, `em2_3`, `em2_4`, `em2_5`, `text3_0`, `text3_1`, `BroadcastTextID3`, `lang3`, `Probability3`, `em3_0`, `em3_1`, `em3_2`, `em3_3`, `em3_4`, `em3_5`, `text4_0`, `text4_1`, `BroadcastTextID4`, `lang4`, `Probability4`, `em4_0`, `em4_1`, `em4_2`, `em4_3`, `em4_4`, `em4_5`, `text5_0`, `text5_1`, `BroadcastTextID5`, `lang5`, `Probability5`, `em5_0`, `em5_1`, `em5_2`, `em5_3`, `em5_4`, `em5_5`, `text6_0`, `text6_1`, `BroadcastTextID6`, `lang6`, `Probability6`, `em6_0`, `em6_1`, `em6_2`, `em6_3`, `em6_4`, `em6_5`, `text7_0`, `text7_1`, `BroadcastTextID7`, `lang7`, `Probability7`, `em7_0`, `em7_1`, `em7_2`, `em7_3`, `em7_4`, `em7_5`) VALUES ('8179', 'Imported from TC', 'Elder Starweave can be found at the coastal village of Auberdine in Darkshore.', 'Elder Starweave can be found at the coastal village of Auberdine in Darkshore.', '11562', '0', '1', '0', '1', '0', '0', '0', '0', '', '', NULL, '0', '0', '0', '0', '0', '0', '0', '0', '', '', NULL, '0', '0', '0', '0', '0', '0', '0', '0', '', '', NULL, '0', '0', '0', '0', '0', '0', '0', '0', '', '', NULL, '0', '0', '0', '0', '0', '0', '0', '0', '', '', NULL, '0', '0', '0', '0', '0', '0', '0', '0', '', '', NULL, '0', '0', '0', '0', '0', '0', '0', '0', '', '', NULL, '0', '0', '0', '0', '0', '0', '0', '0');
INSERT INTO gossip_menu (`MenuID`, `TextID`) VALUES ('21134', '8179');
INSERT INTO gossip_menu_option (`MenuID`, `OptionID`, `OptionIcon`, `OptionText`, `OptionBroadcastTextID`, `OptionType`, `OptionNpcFlag`, `ActionMenuID`, `ActionPoiID`, `BoxCoded`, `BoxMoney`, `BoxText`, `BoxBroadcastTextID`) VALUES ('21005', '5', '0', 'Where is Elder Starweave?', '11561', '1', '1', '21134', NULL, '0', '0', '', NULL);
INSERT INTO conditions (`SourceTypeOrReferenceId`, `SourceGroup`, `SourceEntry`, `SourceId`, `ElseGroup`, `ConditionTypeOrReference`, `ConditionTarget`, `ConditionValue1`, `ConditionValue2`, `ConditionValue3`, `NegativeCondition`, `ErrorType`, `ErrorTextId`, `ScriptName`, `Comment`) VALUES ('15', '21005', '1', '0', '0', '14', '0', '8715', '0', '0', '0', '0', '0', '', '(autoimported) ');
INSERT INTO conditions (`SourceTypeOrReferenceId`, `SourceGroup`, `SourceEntry`, `SourceId`, `ElseGroup`, `ConditionTypeOrReference`, `ConditionTarget`, `ConditionValue1`, `ConditionValue2`, `ConditionValue3`, `NegativeCondition`, `ErrorType`, `ErrorTextId`, `ScriptName`, `Comment`) VALUES ('15', '21005', '2', '0', '0', '14', '0', '8866', '0', '0', '0', '0', '0', '', '(autoimported) ');
INSERT INTO conditions (`SourceTypeOrReferenceId`, `SourceGroup`, `SourceEntry`, `SourceId`, `ElseGroup`, `ConditionTypeOrReference`, `ConditionTarget`, `ConditionValue1`, `ConditionValue2`, `ConditionValue3`, `NegativeCondition`, `ErrorType`, `ErrorTextId`, `ScriptName`, `Comment`) VALUES ('15', '21005', '3', '0', '0', '14', '0', '8646', '0', '0', '0', '0', '0', '', '(autoimported) ');
INSERT INTO conditions (`SourceTypeOrReferenceId`, `SourceGroup`, `SourceEntry`, `SourceId`, `ElseGroup`, `ConditionTypeOrReference`, `ConditionTarget`, `ConditionValue1`, `ConditionValue2`, `ConditionValue3`, `NegativeCondition`, `ErrorType`, `ErrorTextId`, `ScriptName`, `Comment`) VALUES ('15', '21005', '4', '0', '0', '14', '0', '8720', '0', '0', '0', '0', '0', '', '(autoimported) ');
INSERT INTO conditions (`SourceTypeOrReferenceId`, `SourceGroup`, `SourceEntry`, `SourceId`, `ElseGroup`, `ConditionTypeOrReference`, `ConditionTarget`, `ConditionValue1`, `ConditionValue2`, `ConditionValue3`, `NegativeCondition`, `ErrorType`, `ErrorTextId`, `ScriptName`, `Comment`) VALUES ('15', '21005', '5', '0', '0', '14', '0', '8721', '0', '0', '0', '0', '0', '', '(autoimported) ');
UPDATE creature_template SET npcflag = (npcflag | 1), gossip_menu_id = 21005 WHERE entry = 15598;


-- Importing creature gossip with entry 15575 (Elder Bloodhoof) with import type SMART
UPDATE creature_template SET ScriptName = '', AIName = 'SmartAI' WHERE entry = 15575;
DELETE FROM smart_scripts WHERE entryorguid = 15575 AND source_type = 0;
INSERT INTO smart_scripts (`entryorguid`, `source_type`, `id`, `link`, `event_type`, `event_phase_mask`, `event_chance`, `event_flags`, `event_param1`, `event_param2`, `event_param3`, `event_param4`, `event_param5`, `action_type`, `action_param1`, `action_param2`, `action_param3`, `action_param4`, `action_param5`, `action_param6`, `target_type`, `target_param1`, `target_param2`, `target_param3`, `target_param4`, `target_x`, `target_y`, `target_z`, `target_o`, `comment`) VALUES ('15575', '0', '0', '0', '11', '0', '100', '1', '0', '0', '0', '0', '0', '11', '25824', '0', '0', '0', '0', '0', '1', '0', '0', '0', '0', '0', '0', '0', '0', 'Elder Bloodhoof - On Respawn - Cast \'Spotlight\' (No Repeat) (Normal Dungeon)');
-- Text 7935 is already imported as 1872551
INSERT INTO gossip_menu (`MenuID`, `TextID`) VALUES ('21006', '1872551');
INSERT INTO gossip_text (`ID`, `comment`, `text0_0`, `text0_1`, `BroadcastTextID0`, `lang0`, `Probability0`, `em0_0`, `em0_1`, `em0_2`, `em0_3`, `em0_4`, `em0_5`, `text1_0`, `text1_1`, `BroadcastTextID1`, `lang1`, `Probability1`, `em1_0`, `em1_1`, `em1_2`, `em1_3`, `em1_4`, `em1_5`, `text2_0`, `text2_1`, `BroadcastTextID2`, `lang2`, `Probability2`, `em2_0`, `em2_1`, `em2_2`, `em2_3`, `em2_4`, `em2_5`, `text3_0`, `text3_1`, `BroadcastTextID3`, `lang3`, `Probability3`, `em3_0`, `em3_1`, `em3_2`, `em3_3`, `em3_4`, `em3_5`, `text4_0`, `text4_1`, `BroadcastTextID4`, `lang4`, `Probability4`, `em4_0`, `em4_1`, `em4_2`, `em4_3`, `em4_4`, `em4_5`, `text5_0`, `text5_1`, `BroadcastTextID5`, `lang5`, `Probability5`, `em5_0`, `em5_1`, `em5_2`, `em5_3`, `em5_4`, `em5_5`, `text6_0`, `text6_1`, `BroadcastTextID6`, `lang6`, `Probability6`, `em6_0`, `em6_1`, `em6_2`, `em6_3`, `em6_4`, `em6_5`, `text7_0`, `text7_1`, `BroadcastTextID7`, `lang7`, `Probability7`, `em7_0`, `em7_1`, `em7_2`, `em7_3`, `em7_4`, `em7_5`) VALUES ('8186', 'Imported from TC', 'Elder High Mountain is at Camp Taurajo in the Barrens.', 'Elder High Mountain is at Camp Taurajo in the Barrens.', '11579', '0', '1', '0', '1', '0', '0', '0', '0', '', '', NULL, '0', '0', '0', '0', '0', '0', '0', '0', '', '', NULL, '0', '0', '0', '0', '0', '0', '0', '0', '', '', NULL, '0', '0', '0', '0', '0', '0', '0', '0', '', '', NULL, '0', '0', '0', '0', '0', '0', '0', '0', '', '', NULL, '0', '0', '0', '0', '0', '0', '0', '0', '', '', NULL, '0', '0', '0', '0', '0', '0', '0', '0', '', '', NULL, '0', '0', '0', '0', '0', '0', '0', '0');
INSERT INTO gossip_menu (`MenuID`, `TextID`) VALUES ('21097', '8186');
INSERT INTO gossip_menu_option (`MenuID`, `OptionID`, `OptionIcon`, `OptionText`, `OptionBroadcastTextID`, `OptionType`, `OptionNpcFlag`, `ActionMenuID`, `ActionPoiID`, `BoxCoded`, `BoxMoney`, `BoxText`, `BoxBroadcastTextID`) VALUES ('21006', '1', '0', 'Where is Elder High Mountain?', '11578', '1', '1', '21097', NULL, '0', '0', '', NULL);
INSERT INTO gossip_text (`ID`, `comment`, `text0_0`, `text0_1`, `BroadcastTextID0`, `lang0`, `Probability0`, `em0_0`, `em0_1`, `em0_2`, `em0_3`, `em0_4`, `em0_5`, `text1_0`, `text1_1`, `BroadcastTextID1`, `lang1`, `Probability1`, `em1_0`, `em1_1`, `em1_2`, `em1_3`, `em1_4`, `em1_5`, `text2_0`, `text2_1`, `BroadcastTextID2`, `lang2`, `Probability2`, `em2_0`, `em2_1`, `em2_2`, `em2_3`, `em2_4`, `em2_5`, `text3_0`, `text3_1`, `BroadcastTextID3`, `lang3`, `Probability3`, `em3_0`, `em3_1`, `em3_2`, `em3_3`, `em3_4`, `em3_5`, `text4_0`, `text4_1`, `BroadcastTextID4`, `lang4`, `Probability4`, `em4_0`, `em4_1`, `em4_2`, `em4_3`, `em4_4`, `em4_5`, `text5_0`, `text5_1`, `BroadcastTextID5`, `lang5`, `Probability5`, `em5_0`, `em5_1`, `em5_2`, `em5_3`, `em5_4`, `em5_5`, `text6_0`, `text6_1`, `BroadcastTextID6`, `lang6`, `Probability6`, `em6_0`, `em6_1`, `em6_2`, `em6_3`, `em6_4`, `em6_5`, `text7_0`, `text7_1`, `BroadcastTextID7`, `lang7`, `Probability7`, `em7_0`, `em7_1`, `em7_2`, `em7_3`, `em7_4`, `em7_5`) VALUES ('8187', 'Imported from TC', 'Elder Moonwarden is observing the Crossroads in the Barrens.', 'Elder Moonwarden is observing the Crossroads in the Barrens.', '11581', '0', '1', '0', '1', '0', '0', '0', '0', '', '', NULL, '0', '0', '0', '0', '0', '0', '0', '0', '', '', NULL, '0', '0', '0', '0', '0', '0', '0', '0', '', '', NULL, '0', '0', '0', '0', '0', '0', '0', '0', '', '', NULL, '0', '0', '0', '0', '0', '0', '0', '0', '', '', NULL, '0', '0', '0', '0', '0', '0', '0', '0', '', '', NULL, '0', '0', '0', '0', '0', '0', '0', '0', '', '', NULL, '0', '0', '0', '0', '0', '0', '0', '0');
INSERT INTO gossip_menu (`MenuID`, `TextID`) VALUES ('21107', '8187');
INSERT INTO gossip_menu_option (`MenuID`, `OptionID`, `OptionIcon`, `OptionText`, `OptionBroadcastTextID`, `OptionType`, `OptionNpcFlag`, `ActionMenuID`, `ActionPoiID`, `BoxCoded`, `BoxMoney`, `BoxText`, `BoxBroadcastTextID`) VALUES ('21006', '2', '0', 'Where is Elder Moonwarden?', '11580', '1', '1', '21107', NULL, '0', '0', '', NULL);
INSERT INTO gossip_text (`ID`, `comment`, `text0_0`, `text0_1`, `BroadcastTextID0`, `lang0`, `Probability0`, `em0_0`, `em0_1`, `em0_2`, `em0_3`, `em0_4`, `em0_5`, `text1_0`, `text1_1`, `BroadcastTextID1`, `lang1`, `Probability1`, `em1_0`, `em1_1`, `em1_2`, `em1_3`, `em1_4`, `em1_5`, `text2_0`, `text2_1`, `BroadcastTextID2`, `lang2`, `Probability2`, `em2_0`, `em2_1`, `em2_2`, `em2_3`, `em2_4`, `em2_5`, `text3_0`, `text3_1`, `BroadcastTextID3`, `lang3`, `Probability3`, `em3_0`, `em3_1`, `em3_2`, `em3_3`, `em3_4`, `em3_5`, `text4_0`, `text4_1`, `BroadcastTextID4`, `lang4`, `Probability4`, `em4_0`, `em4_1`, `em4_2`, `em4_3`, `em4_4`, `em4_5`, `text5_0`, `text5_1`, `BroadcastTextID5`, `lang5`, `Probability5`, `em5_0`, `em5_1`, `em5_2`, `em5_3`, `em5_4`, `em5_5`, `text6_0`, `text6_1`, `BroadcastTextID6`, `lang6`, `Probability6`, `em6_0`, `em6_1`, `em6_2`, `em6_3`, `em6_4`, `em6_5`, `text7_0`, `text7_1`, `BroadcastTextID7`, `lang7`, `Probability7`, `em7_0`, `em7_1`, `em7_2`, `em7_3`, `em7_4`, `em7_5`) VALUES ('1872727', 'Imported from TC', 'Elder Wheathoof is enjoying the vistas above Mulgore at Thunder Bluff.', 'Elder Wheathoof is enjoying the vistas above Mulgore at Thunder Bluff.', '11583', '0', '1', '0', '1', '0', '0', '0', '0', '', '', NULL, '0', '0', '0', '0', '0', '0', '0', '0', '', '', NULL, '0', '0', '0', '0', '0', '0', '0', '0', '', '', NULL, '0', '0', '0', '0', '0', '0', '0', '0', '', '', NULL, '0', '0', '0', '0', '0', '0', '0', '0', '', '', NULL, '0', '0', '0', '0', '0', '0', '0', '0', '', '', NULL, '0', '0', '0', '0', '0', '0', '0', '0', '', '', NULL, '0', '0', '0', '0', '0', '0', '0', '0');
INSERT INTO gossip_menu (`MenuID`, `TextID`) VALUES ('21143', '1872727');
INSERT INTO gossip_menu_option (`MenuID`, `OptionID`, `OptionIcon`, `OptionText`, `OptionBroadcastTextID`, `OptionType`, `OptionNpcFlag`, `ActionMenuID`, `ActionPoiID`, `BoxCoded`, `BoxMoney`, `BoxText`, `BoxBroadcastTextID`) VALUES ('21006', '3', '0', 'Where is Elder Wheathoof?', '11582', '1', '1', '21143', NULL, '0', '0', '', NULL);
INSERT INTO gossip_text (`ID`, `comment`, `text0_0`, `text0_1`, `BroadcastTextID0`, `lang0`, `Probability0`, `em0_0`, `em0_1`, `em0_2`, `em0_3`, `em0_4`, `em0_5`, `text1_0`, `text1_1`, `BroadcastTextID1`, `lang1`, `Probability1`, `em1_0`, `em1_1`, `em1_2`, `em1_3`, `em1_4`, `em1_5`, `text2_0`, `text2_1`, `BroadcastTextID2`, `lang2`, `Probability2`, `em2_0`, `em2_1`, `em2_2`, `em2_3`, `em2_4`, `em2_5`, `text3_0`, `text3_1`, `BroadcastTextID3`, `lang3`, `Probability3`, `em3_0`, `em3_1`, `em3_2`, `em3_3`, `em3_4`, `em3_5`, `text4_0`, `text4_1`, `BroadcastTextID4`, `lang4`, `Probability4`, `em4_0`, `em4_1`, `em4_2`, `em4_3`, `em4_4`, `em4_5`, `text5_0`, `text5_1`, `BroadcastTextID5`, `lang5`, `Probability5`, `em5_0`, `em5_1`, `em5_2`, `em5_3`, `em5_4`, `em5_5`, `text6_0`, `text6_1`, `BroadcastTextID6`, `lang6`, `Probability6`, `em6_0`, `em6_1`, `em6_2`, `em6_3`, `em6_4`, `em6_5`, `text7_0`, `text7_1`, `BroadcastTextID7`, `lang7`, `Probability7`, `em7_0`, `em7_1`, `em7_2`, `em7_3`, `em7_4`, `em7_5`) VALUES ('8185', 'Imported from TC', 'Elder Windtotem is keeping company with the goblins of Ratchet on the coast of the Barrens.', 'Elder Windtotem is keeping company with the goblins of Ratchet on the coast of the Barrens.', '11577', '0', '1', '0', '1', '0', '0', '0', '0', '', '', NULL, '0', '0', '0', '0', '0', '0', '0', '0', '', '', NULL, '0', '0', '0', '0', '0', '0', '0', '0', '', '', NULL, '0', '0', '0', '0', '0', '0', '0', '0', '', '', NULL, '0', '0', '0', '0', '0', '0', '0', '0', '', '', NULL, '0', '0', '0', '0', '0', '0', '0', '0', '', '', NULL, '0', '0', '0', '0', '0', '0', '0', '0', '', '', NULL, '0', '0', '0', '0', '0', '0', '0', '0');
INSERT INTO gossip_menu (`MenuID`, `TextID`) VALUES ('21147', '8185');
INSERT INTO gossip_menu_option (`MenuID`, `OptionID`, `OptionIcon`, `OptionText`, `OptionBroadcastTextID`, `OptionType`, `OptionNpcFlag`, `ActionMenuID`, `ActionPoiID`, `BoxCoded`, `BoxMoney`, `BoxText`, `BoxBroadcastTextID`) VALUES ('21006', '4', '0', 'Where is Elder Windtotem?', '11576', '1', '1', '21147', NULL, '0', '0', '', NULL);
INSERT INTO conditions (`SourceTypeOrReferenceId`, `SourceGroup`, `SourceEntry`, `SourceId`, `ElseGroup`, `ConditionTypeOrReference`, `ConditionTarget`, `ConditionValue1`, `ConditionValue2`, `ConditionValue3`, `NegativeCondition`, `ErrorType`, `ErrorTextId`, `ScriptName`, `Comment`) VALUES ('15', '21006', '1', '0', '0', '14', '0', '8686', '0', '0', '0', '0', '0', '', '(autoimported) ');
INSERT INTO conditions (`SourceTypeOrReferenceId`, `SourceGroup`, `SourceEntry`, `SourceId`, `ElseGroup`, `ConditionTypeOrReference`, `ConditionTarget`, `ConditionValue1`, `ConditionValue2`, `ConditionValue3`, `NegativeCondition`, `ErrorType`, `ErrorTextId`, `ScriptName`, `Comment`) VALUES ('15', '21006', '2', '0', '0', '14', '0', '8717', '0', '0', '0', '0', '0', '', '(autoimported) ');
INSERT INTO conditions (`SourceTypeOrReferenceId`, `SourceGroup`, `SourceEntry`, `SourceId`, `ElseGroup`, `ConditionTypeOrReference`, `ConditionTarget`, `ConditionValue1`, `ConditionValue2`, `ConditionValue3`, `NegativeCondition`, `ErrorType`, `ErrorTextId`, `ScriptName`, `Comment`) VALUES ('15', '21006', '3', '0', '0', '14', '0', '8678', '0', '0', '0', '0', '0', '', '(autoimported) ');
INSERT INTO conditions (`SourceTypeOrReferenceId`, `SourceGroup`, `SourceEntry`, `SourceId`, `ElseGroup`, `ConditionTypeOrReference`, `ConditionTarget`, `ConditionValue1`, `ConditionValue2`, `ConditionValue3`, `NegativeCondition`, `ErrorType`, `ErrorTextId`, `ScriptName`, `Comment`) VALUES ('15', '21006', '4', '0', '0', '14', '0', '8680', '0', '0', '0', '0', '0', '', '(autoimported) ');
UPDATE creature_template SET npcflag = (npcflag | 1), gossip_menu_id = 21006 WHERE entry = 15575;


-- Importing creature gossip with entry 15606 (Elder Brightspear) with import type SMART
UPDATE creature_template SET ScriptName = '', AIName = 'SmartAI' WHERE entry = 15606;
DELETE FROM smart_scripts WHERE entryorguid = 15606 AND source_type = 0;
INSERT INTO smart_scripts (`entryorguid`, `source_type`, `id`, `link`, `event_type`, `event_phase_mask`, `event_chance`, `event_flags`, `event_param1`, `event_param2`, `event_param3`, `event_param4`, `event_param5`, `action_type`, `action_param1`, `action_param2`, `action_param3`, `action_param4`, `action_param5`, `action_param6`, `target_type`, `target_param1`, `target_param2`, `target_param3`, `target_param4`, `target_x`, `target_y`, `target_z`, `target_o`, `comment`) VALUES ('15606', '0', '0', '0', '11', '0', '100', '1', '0', '0', '0', '0', '0', '11', '25824', '0', '0', '0', '0', '0', '1', '0', '0', '0', '0', '0', '0', '0', '0', 'Elder Brightspear - On Respawn - Cast \'Spotlight\' (No Repeat) (Normal Dungeon)');
-- Text 7956 is already imported as 1872726
INSERT INTO gossip_menu (`MenuID`, `TextID`) VALUES ('21008', '1872726');
INSERT INTO gossip_text (`ID`, `comment`, `text0_0`, `text0_1`, `BroadcastTextID0`, `lang0`, `Probability0`, `em0_0`, `em0_1`, `em0_2`, `em0_3`, `em0_4`, `em0_5`, `text1_0`, `text1_1`, `BroadcastTextID1`, `lang1`, `Probability1`, `em1_0`, `em1_1`, `em1_2`, `em1_3`, `em1_4`, `em1_5`, `text2_0`, `text2_1`, `BroadcastTextID2`, `lang2`, `Probability2`, `em2_0`, `em2_1`, `em2_2`, `em2_3`, `em2_4`, `em2_5`, `text3_0`, `text3_1`, `BroadcastTextID3`, `lang3`, `Probability3`, `em3_0`, `em3_1`, `em3_2`, `em3_3`, `em3_4`, `em3_5`, `text4_0`, `text4_1`, `BroadcastTextID4`, `lang4`, `Probability4`, `em4_0`, `em4_1`, `em4_2`, `em4_3`, `em4_4`, `em4_5`, `text5_0`, `text5_1`, `BroadcastTextID5`, `lang5`, `Probability5`, `em5_0`, `em5_1`, `em5_2`, `em5_3`, `em5_4`, `em5_5`, `text6_0`, `text6_1`, `BroadcastTextID6`, `lang6`, `Probability6`, `em6_0`, `em6_1`, `em6_2`, `em6_3`, `em6_4`, `em6_5`, `text7_0`, `text7_1`, `BroadcastTextID7`, `lang7`, `Probability7`, `em7_0`, `em7_1`, `em7_2`, `em7_3`, `em7_4`, `em7_5`) VALUES ('1872728', 'Imported from TC', 'Elder Nightwind passes the days at the shrine in Jaedenar in Felwood.', 'Elder Nightwind passes the days at the shrine in Jaedenar in Felwood.', '11566', '0', '1', '0', '1', '0', '0', '0', '0', '', '', NULL, '0', '0', '0', '0', '0', '0', '0', '0', '', '', NULL, '0', '0', '0', '0', '0', '0', '0', '0', '', '', NULL, '0', '0', '0', '0', '0', '0', '0', '0', '', '', NULL, '0', '0', '0', '0', '0', '0', '0', '0', '', '', NULL, '0', '0', '0', '0', '0', '0', '0', '0', '', '', NULL, '0', '0', '0', '0', '0', '0', '0', '0', '', '', NULL, '0', '0', '0', '0', '0', '0', '0', '0');
INSERT INTO gossip_menu (`MenuID`, `TextID`) VALUES ('21112', '1872728');
INSERT INTO gossip_menu_option (`MenuID`, `OptionID`, `OptionIcon`, `OptionText`, `OptionBroadcastTextID`, `OptionType`, `OptionNpcFlag`, `ActionMenuID`, `ActionPoiID`, `BoxCoded`, `BoxMoney`, `BoxText`, `BoxBroadcastTextID`) VALUES ('21008', '1', '0', 'Where is Elder Nightwind?', '11565', '1', '1', '21112', NULL, '0', '0', '', NULL);
INSERT INTO gossip_text (`ID`, `comment`, `text0_0`, `text0_1`, `BroadcastTextID0`, `lang0`, `Probability0`, `em0_0`, `em0_1`, `em0_2`, `em0_3`, `em0_4`, `em0_5`, `text1_0`, `text1_1`, `BroadcastTextID1`, `lang1`, `Probability1`, `em1_0`, `em1_1`, `em1_2`, `em1_3`, `em1_4`, `em1_5`, `text2_0`, `text2_1`, `BroadcastTextID2`, `lang2`, `Probability2`, `em2_0`, `em2_1`, `em2_2`, `em2_3`, `em2_4`, `em2_5`, `text3_0`, `text3_1`, `BroadcastTextID3`, `lang3`, `Probability3`, `em3_0`, `em3_1`, `em3_2`, `em3_3`, `em3_4`, `em3_5`, `text4_0`, `text4_1`, `BroadcastTextID4`, `lang4`, `Probability4`, `em4_0`, `em4_1`, `em4_2`, `em4_3`, `em4_4`, `em4_5`, `text5_0`, `text5_1`, `BroadcastTextID5`, `lang5`, `Probability5`, `em5_0`, `em5_1`, `em5_2`, `em5_3`, `em5_4`, `em5_5`, `text6_0`, `text6_1`, `BroadcastTextID6`, `lang6`, `Probability6`, `em6_0`, `em6_1`, `em6_2`, `em6_3`, `em6_4`, `em6_5`, `text7_0`, `text7_1`, `BroadcastTextID7`, `lang7`, `Probability7`, `em7_0`, `em7_1`, `em7_2`, `em7_3`, `em7_4`, `em7_5`) VALUES ('8182', 'Imported from TC', 'Last I knew, Elder Stonespire was at Everlook in Winterspring.', 'Last I knew, Elder Stonespire was at Everlook in Winterspring.', '11571', '0', '1', '0', '1', '0', '0', '0', '0', '', '', NULL, '0', '0', '0', '0', '0', '0', '0', '0', '', '', NULL, '0', '0', '0', '0', '0', '0', '0', '0', '', '', NULL, '0', '0', '0', '0', '0', '0', '0', '0', '', '', NULL, '0', '0', '0', '0', '0', '0', '0', '0', '', '', NULL, '0', '0', '0', '0', '0', '0', '0', '0', '', '', NULL, '0', '0', '0', '0', '0', '0', '0', '0', '', '', NULL, '0', '0', '0', '0', '0', '0', '0', '0');
INSERT INTO gossip_menu (`MenuID`, `TextID`) VALUES ('21137', '8182');
INSERT INTO gossip_menu_option (`MenuID`, `OptionID`, `OptionIcon`, `OptionText`, `OptionBroadcastTextID`, `OptionType`, `OptionNpcFlag`, `ActionMenuID`, `ActionPoiID`, `BoxCoded`, `BoxMoney`, `BoxText`, `BoxBroadcastTextID`) VALUES ('21008', '2', '0', 'Where is Elder Stonespire?', '11570', '1', '1', '21137', NULL, '0', '0', '', NULL);
INSERT INTO conditions (`SourceTypeOrReferenceId`, `SourceGroup`, `SourceEntry`, `SourceId`, `ElseGroup`, `ConditionTypeOrReference`, `ConditionTarget`, `ConditionValue1`, `ConditionValue2`, `ConditionValue3`, `NegativeCondition`, `ErrorType`, `ErrorTextId`, `ScriptName`, `Comment`) VALUES ('15', '21008', '1', '0', '0', '14', '0', '8723', '0', '0', '0', '0', '0', '', '(autoimported) ');
INSERT INTO conditions (`SourceTypeOrReferenceId`, `SourceGroup`, `SourceEntry`, `SourceId`, `ElseGroup`, `ConditionTypeOrReference`, `ConditionTarget`, `ConditionValue1`, `ConditionValue2`, `ConditionValue3`, `NegativeCondition`, `ErrorType`, `ErrorTextId`, `ScriptName`, `Comment`) VALUES ('15', '21008', '2', '0', '0', '14', '0', '8672', '0', '0', '0', '0', '0', '', '(autoimported) ');
UPDATE creature_template SET npcflag = (npcflag | 1), gossip_menu_id = 21008 WHERE entry = 15606;


-- Importing creature gossip with entry 15564 (Elder Darkcore) with import type SMART
UPDATE creature_template SET ScriptName = '', AIName = 'SmartAI' WHERE entry = 15564;
DELETE FROM smart_scripts WHERE entryorguid = 15564 AND source_type = 0;
INSERT INTO smart_scripts (`entryorguid`, `source_type`, `id`, `link`, `event_type`, `event_phase_mask`, `event_chance`, `event_flags`, `event_param1`, `event_param2`, `event_param3`, `event_param4`, `event_param5`, `action_type`, `action_param1`, `action_param2`, `action_param3`, `action_param4`, `action_param5`, `action_param6`, `target_type`, `target_param1`, `target_param2`, `target_param3`, `target_param4`, `target_x`, `target_y`, `target_z`, `target_o`, `comment`) VALUES ('15564', '0', '0', '0', '11', '0', '100', '1', '0', '0', '0', '0', '0', '11', '25824', '0', '0', '0', '0', '0', '1', '0', '0', '0', '0', '0', '0', '0', '0', 'Elder Darkcore - On Respawn - Cast \'Spotlight\' (No Repeat) (Normal Dungeon)');
-- Text 7933 already present in Sun DB
INSERT INTO gossip_menu (`MenuID`, `TextID`) VALUES ('21011', '7933');
-- Text 7935 is already imported as 1872551
INSERT INTO gossip_menu (`MenuID`, `TextID`) VALUES ('21012', '1872551');
INSERT INTO gossip_text (`ID`, `comment`, `text0_0`, `text0_1`, `BroadcastTextID0`, `lang0`, `Probability0`, `em0_0`, `em0_1`, `em0_2`, `em0_3`, `em0_4`, `em0_5`, `text1_0`, `text1_1`, `BroadcastTextID1`, `lang1`, `Probability1`, `em1_0`, `em1_1`, `em1_2`, `em1_3`, `em1_4`, `em1_5`, `text2_0`, `text2_1`, `BroadcastTextID2`, `lang2`, `Probability2`, `em2_0`, `em2_1`, `em2_2`, `em2_3`, `em2_4`, `em2_5`, `text3_0`, `text3_1`, `BroadcastTextID3`, `lang3`, `Probability3`, `em3_0`, `em3_1`, `em3_2`, `em3_3`, `em3_4`, `em3_5`, `text4_0`, `text4_1`, `BroadcastTextID4`, `lang4`, `Probability4`, `em4_0`, `em4_1`, `em4_2`, `em4_3`, `em4_4`, `em4_5`, `text5_0`, `text5_1`, `BroadcastTextID5`, `lang5`, `Probability5`, `em5_0`, `em5_1`, `em5_2`, `em5_3`, `em5_4`, `em5_5`, `text6_0`, `text6_1`, `BroadcastTextID6`, `lang6`, `Probability6`, `em6_0`, `em6_1`, `em6_2`, `em6_3`, `em6_4`, `em6_5`, `text7_0`, `text7_1`, `BroadcastTextID7`, `lang7`, `Probability7`, `em7_0`, `em7_1`, `em7_2`, `em7_3`, `em7_4`, `em7_5`) VALUES ('1872729', 'Imported from TC', 'Elder Darkcore can be found in the Undercity.', 'Elder Darkcore can be found in the Undercity.', '11494', '0', '1', '0', '1', '0', '0', '0', '0', '', '', NULL, '0', '0', '0', '0', '0', '0', '0', '0', '', '', NULL, '0', '0', '0', '0', '0', '0', '0', '0', '', '', NULL, '0', '0', '0', '0', '0', '0', '0', '0', '', '', NULL, '0', '0', '0', '0', '0', '0', '0', '0', '', '', NULL, '0', '0', '0', '0', '0', '0', '0', '0', '', '', NULL, '0', '0', '0', '0', '0', '0', '0', '0', '', '', NULL, '0', '0', '0', '0', '0', '0', '0', '0');
INSERT INTO gossip_menu (`MenuID`, `TextID`) VALUES ('21086', '1872729');
INSERT INTO gossip_menu_option (`MenuID`, `OptionID`, `OptionIcon`, `OptionText`, `OptionBroadcastTextID`, `OptionType`, `OptionNpcFlag`, `ActionMenuID`, `ActionPoiID`, `BoxCoded`, `BoxMoney`, `BoxText`, `BoxBroadcastTextID`) VALUES ('21012', '1', '0', 'Where is Elder Darkcore?', '11493', '1', '1', '21086', NULL, '0', '0', '', NULL);
INSERT INTO gossip_text (`ID`, `comment`, `text0_0`, `text0_1`, `BroadcastTextID0`, `lang0`, `Probability0`, `em0_0`, `em0_1`, `em0_2`, `em0_3`, `em0_4`, `em0_5`, `text1_0`, `text1_1`, `BroadcastTextID1`, `lang1`, `Probability1`, `em1_0`, `em1_1`, `em1_2`, `em1_3`, `em1_4`, `em1_5`, `text2_0`, `text2_1`, `BroadcastTextID2`, `lang2`, `Probability2`, `em2_0`, `em2_1`, `em2_2`, `em2_3`, `em2_4`, `em2_5`, `text3_0`, `text3_1`, `BroadcastTextID3`, `lang3`, `Probability3`, `em3_0`, `em3_1`, `em3_2`, `em3_3`, `em3_4`, `em3_5`, `text4_0`, `text4_1`, `BroadcastTextID4`, `lang4`, `Probability4`, `em4_0`, `em4_1`, `em4_2`, `em4_3`, `em4_4`, `em4_5`, `text5_0`, `text5_1`, `BroadcastTextID5`, `lang5`, `Probability5`, `em5_0`, `em5_1`, `em5_2`, `em5_3`, `em5_4`, `em5_5`, `text6_0`, `text6_1`, `BroadcastTextID6`, `lang6`, `Probability6`, `em6_0`, `em6_1`, `em6_2`, `em6_3`, `em6_4`, `em6_5`, `text7_0`, `text7_1`, `BroadcastTextID7`, `lang7`, `Probability7`, `em7_0`, `em7_1`, `em7_2`, `em7_3`, `em7_4`, `em7_5`) VALUES ('1872730', 'Imported from TC', 'Elder Ironband lives in Blackchar Cave in Searing Gorge.', 'Elder Ironband lives in Blackchar Cave in Searing Gorge.', '11508', '0', '1', '0', '1', '0', '0', '0', '0', '', '', NULL, '0', '0', '0', '0', '0', '0', '0', '0', '', '', NULL, '0', '0', '0', '0', '0', '0', '0', '0', '', '', NULL, '0', '0', '0', '0', '0', '0', '0', '0', '', '', NULL, '0', '0', '0', '0', '0', '0', '0', '0', '', '', NULL, '0', '0', '0', '0', '0', '0', '0', '0', '', '', NULL, '0', '0', '0', '0', '0', '0', '0', '0', '', '', NULL, '0', '0', '0', '0', '0', '0', '0', '0');
INSERT INTO gossip_menu (`MenuID`, `TextID`) VALUES ('21100', '1872730');
INSERT INTO gossip_menu_option (`MenuID`, `OptionID`, `OptionIcon`, `OptionText`, `OptionBroadcastTextID`, `OptionType`, `OptionNpcFlag`, `ActionMenuID`, `ActionPoiID`, `BoxCoded`, `BoxMoney`, `BoxText`, `BoxBroadcastTextID`) VALUES ('21012', '2', '0', 'Where is Elder Ironband?', '11507', '1', '1', '21100', NULL, '0', '0', '', NULL);
-- Menu 21143 is already imported
INSERT INTO gossip_menu_option (`MenuID`, `OptionID`, `OptionIcon`, `OptionText`, `OptionBroadcastTextID`, `OptionType`, `OptionNpcFlag`, `ActionMenuID`, `ActionPoiID`, `BoxCoded`, `BoxMoney`, `BoxText`, `BoxBroadcastTextID`) VALUES ('21012', '3', '0', 'Where is Elder Wheathoof?', '11582', '1', '1', '21143', NULL, '0', '0', '', NULL);
INSERT INTO gossip_text (`ID`, `comment`, `text0_0`, `text0_1`, `BroadcastTextID0`, `lang0`, `Probability0`, `em0_0`, `em0_1`, `em0_2`, `em0_3`, `em0_4`, `em0_5`, `text1_0`, `text1_1`, `BroadcastTextID1`, `lang1`, `Probability1`, `em1_0`, `em1_1`, `em1_2`, `em1_3`, `em1_4`, `em1_5`, `text2_0`, `text2_1`, `BroadcastTextID2`, `lang2`, `Probability2`, `em2_0`, `em2_1`, `em2_2`, `em2_3`, `em2_4`, `em2_5`, `text3_0`, `text3_1`, `BroadcastTextID3`, `lang3`, `Probability3`, `em3_0`, `em3_1`, `em3_2`, `em3_3`, `em3_4`, `em3_5`, `text4_0`, `text4_1`, `BroadcastTextID4`, `lang4`, `Probability4`, `em4_0`, `em4_1`, `em4_2`, `em4_3`, `em4_4`, `em4_5`, `text5_0`, `text5_1`, `BroadcastTextID5`, `lang5`, `Probability5`, `em5_0`, `em5_1`, `em5_2`, `em5_3`, `em5_4`, `em5_5`, `text6_0`, `text6_1`, `BroadcastTextID6`, `lang6`, `Probability6`, `em6_0`, `em6_1`, `em6_2`, `em6_3`, `em6_4`, `em6_5`, `text7_0`, `text7_1`, `BroadcastTextID7`, `lang7`, `Probability7`, `em7_0`, `em7_1`, `em7_2`, `em7_3`, `em7_4`, `em7_5`) VALUES ('1872731', 'Imported from TC', 'Last I heard, Elder Runetotem was traveling to Razor Hill in Durotar.', 'Last I heard, Elder Runetotem was traveling to Razor Hill in Durotar.', '11589', '0', '1', '0', '1', '0', '0', '0', '0', '', '', NULL, '0', '0', '0', '0', '0', '0', '0', '0', '', '', NULL, '0', '0', '0', '0', '0', '0', '0', '0', '', '', NULL, '0', '0', '0', '0', '0', '0', '0', '0', '', '', NULL, '0', '0', '0', '0', '0', '0', '0', '0', '', '', NULL, '0', '0', '0', '0', '0', '0', '0', '0', '', '', NULL, '0', '0', '0', '0', '0', '0', '0', '0', '', '', NULL, '0', '0', '0', '0', '0', '0', '0', '0');
INSERT INTO gossip_menu (`MenuID`, `TextID`) VALUES ('21122', '1872731');
INSERT INTO gossip_menu_option (`MenuID`, `OptionID`, `OptionIcon`, `OptionText`, `OptionBroadcastTextID`, `OptionType`, `OptionNpcFlag`, `ActionMenuID`, `ActionPoiID`, `BoxCoded`, `BoxMoney`, `BoxText`, `BoxBroadcastTextID`) VALUES ('21012', '4', '0', 'Where is Elder Runetotem?', '11588', '1', '1', '21122', NULL, '0', '0', '', NULL);
-- Menu 21147 is already imported
INSERT INTO gossip_menu_option (`MenuID`, `OptionID`, `OptionIcon`, `OptionText`, `OptionBroadcastTextID`, `OptionType`, `OptionNpcFlag`, `ActionMenuID`, `ActionPoiID`, `BoxCoded`, `BoxMoney`, `BoxText`, `BoxBroadcastTextID`) VALUES ('21012', '5', '0', 'Where is Elder Windtotem?', '11576', '1', '1', '21147', NULL, '0', '0', '', NULL);
INSERT INTO conditions (`SourceTypeOrReferenceId`, `SourceGroup`, `SourceEntry`, `SourceId`, `ElseGroup`, `ConditionTypeOrReference`, `ConditionTarget`, `ConditionValue1`, `ConditionValue2`, `ConditionValue3`, `NegativeCondition`, `ErrorType`, `ErrorTextId`, `ScriptName`, `Comment`) VALUES ('15', '21012', '1', '0', '0', '14', '0', '8648', '0', '0', '0', '0', '0', '', '(autoimported) ');
INSERT INTO conditions (`SourceTypeOrReferenceId`, `SourceGroup`, `SourceEntry`, `SourceId`, `ElseGroup`, `ConditionTypeOrReference`, `ConditionTarget`, `ConditionValue1`, `ConditionValue2`, `ConditionValue3`, `NegativeCondition`, `ErrorType`, `ErrorTextId`, `ScriptName`, `Comment`) VALUES ('15', '21012', '2', '0', '0', '14', '0', '8651', '0', '0', '0', '0', '0', '', '(autoimported) ');
INSERT INTO conditions (`SourceTypeOrReferenceId`, `SourceGroup`, `SourceEntry`, `SourceId`, `ElseGroup`, `ConditionTypeOrReference`, `ConditionTarget`, `ConditionValue1`, `ConditionValue2`, `ConditionValue3`, `NegativeCondition`, `ErrorType`, `ErrorTextId`, `ScriptName`, `Comment`) VALUES ('15', '21012', '3', '0', '0', '14', '0', '8678', '0', '0', '0', '0', '0', '', '(autoimported) ');
INSERT INTO conditions (`SourceTypeOrReferenceId`, `SourceGroup`, `SourceEntry`, `SourceId`, `ElseGroup`, `ConditionTypeOrReference`, `ConditionTarget`, `ConditionValue1`, `ConditionValue2`, `ConditionValue3`, `NegativeCondition`, `ErrorType`, `ErrorTextId`, `ScriptName`, `Comment`) VALUES ('15', '21012', '4', '0', '0', '14', '0', '8670', '0', '0', '0', '0', '0', '', '(autoimported) ');
INSERT INTO conditions (`SourceTypeOrReferenceId`, `SourceGroup`, `SourceEntry`, `SourceId`, `ElseGroup`, `ConditionTypeOrReference`, `ConditionTarget`, `ConditionValue1`, `ConditionValue2`, `ConditionValue3`, `NegativeCondition`, `ErrorType`, `ErrorTextId`, `ScriptName`, `Comment`) VALUES ('15', '21012', '5', '0', '0', '14', '0', '8680', '0', '0', '0', '0', '0', '', '(autoimported) ');
INSERT INTO gossip_menu_option (`MenuID`, `OptionID`, `OptionIcon`, `OptionText`, `OptionBroadcastTextID`, `OptionType`, `OptionNpcFlag`, `ActionMenuID`, `ActionPoiID`, `BoxCoded`, `BoxMoney`, `BoxText`, `BoxBroadcastTextID`) VALUES ('21011', '1', '0', 'Where is Elder Darkhorn?', '11584', '1', '1', '21012', NULL, '0', '0', '', NULL);
INSERT INTO gossip_text (`ID`, `comment`, `text0_0`, `text0_1`, `BroadcastTextID0`, `lang0`, `Probability0`, `em0_0`, `em0_1`, `em0_2`, `em0_3`, `em0_4`, `em0_5`, `text1_0`, `text1_1`, `BroadcastTextID1`, `lang1`, `Probability1`, `em1_0`, `em1_1`, `em1_2`, `em1_3`, `em1_4`, `em1_5`, `text2_0`, `text2_1`, `BroadcastTextID2`, `lang2`, `Probability2`, `em2_0`, `em2_1`, `em2_2`, `em2_3`, `em2_4`, `em2_5`, `text3_0`, `text3_1`, `BroadcastTextID3`, `lang3`, `Probability3`, `em3_0`, `em3_1`, `em3_2`, `em3_3`, `em3_4`, `em3_5`, `text4_0`, `text4_1`, `BroadcastTextID4`, `lang4`, `Probability4`, `em4_0`, `em4_1`, `em4_2`, `em4_3`, `em4_4`, `em4_5`, `text5_0`, `text5_1`, `BroadcastTextID5`, `lang5`, `Probability5`, `em5_0`, `em5_1`, `em5_2`, `em5_3`, `em5_4`, `em5_5`, `text6_0`, `text6_1`, `BroadcastTextID6`, `lang6`, `Probability6`, `em6_0`, `em6_1`, `em6_2`, `em6_3`, `em6_4`, `em6_5`, `text7_0`, `text7_1`, `BroadcastTextID7`, `lang7`, `Probability7`, `em7_0`, `em7_1`, `em7_2`, `em7_3`, `em7_4`, `em7_5`) VALUES ('1872732', 'Imported from TC', 'Elder Graveborn spends time near Brill in Tirisfal Glades.', 'Elder Graveborn spends time near Brill in Tirisfal Glades.', '11490', '0', '1', '0', '1', '0', '0', '0', '0', '', '', NULL, '0', '0', '0', '0', '0', '0', '0', '0', '', '', NULL, '0', '0', '0', '0', '0', '0', '0', '0', '', '', NULL, '0', '0', '0', '0', '0', '0', '0', '0', '', '', NULL, '0', '0', '0', '0', '0', '0', '0', '0', '', '', NULL, '0', '0', '0', '0', '0', '0', '0', '0', '', '', NULL, '0', '0', '0', '0', '0', '0', '0', '0', '', '', NULL, '0', '0', '0', '0', '0', '0', '0', '0');
INSERT INTO gossip_menu (`MenuID`, `TextID`) VALUES ('21093', '1872732');
INSERT INTO gossip_menu_option (`MenuID`, `OptionID`, `OptionIcon`, `OptionText`, `OptionBroadcastTextID`, `OptionType`, `OptionNpcFlag`, `ActionMenuID`, `ActionPoiID`, `BoxCoded`, `BoxMoney`, `BoxText`, `BoxBroadcastTextID`) VALUES ('21011', '2', '0', 'Where is Elder Graveborn?', '11488', '1', '1', '21093', NULL, '0', '0', '', NULL);
-- Menu 21100 is already imported
INSERT INTO gossip_menu_option (`MenuID`, `OptionID`, `OptionIcon`, `OptionText`, `OptionBroadcastTextID`, `OptionType`, `OptionNpcFlag`, `ActionMenuID`, `ActionPoiID`, `BoxCoded`, `BoxMoney`, `BoxText`, `BoxBroadcastTextID`) VALUES ('21011', '3', '0', 'Where is Elder Ironband?', '11507', '1', '1', '21100', NULL, '0', '0', '', NULL);
INSERT INTO gossip_text (`ID`, `comment`, `text0_0`, `text0_1`, `BroadcastTextID0`, `lang0`, `Probability0`, `em0_0`, `em0_1`, `em0_2`, `em0_3`, `em0_4`, `em0_5`, `text1_0`, `text1_1`, `BroadcastTextID1`, `lang1`, `Probability1`, `em1_0`, `em1_1`, `em1_2`, `em1_3`, `em1_4`, `em1_5`, `text2_0`, `text2_1`, `BroadcastTextID2`, `lang2`, `Probability2`, `em2_0`, `em2_1`, `em2_2`, `em2_3`, `em2_4`, `em2_5`, `text3_0`, `text3_1`, `BroadcastTextID3`, `lang3`, `Probability3`, `em3_0`, `em3_1`, `em3_2`, `em3_3`, `em3_4`, `em3_5`, `text4_0`, `text4_1`, `BroadcastTextID4`, `lang4`, `Probability4`, `em4_0`, `em4_1`, `em4_2`, `em4_3`, `em4_4`, `em4_5`, `text5_0`, `text5_1`, `BroadcastTextID5`, `lang5`, `Probability5`, `em5_0`, `em5_1`, `em5_2`, `em5_3`, `em5_4`, `em5_5`, `text6_0`, `text6_1`, `BroadcastTextID6`, `lang6`, `Probability6`, `em6_0`, `em6_1`, `em6_2`, `em6_3`, `em6_4`, `em6_5`, `text7_0`, `text7_1`, `BroadcastTextID7`, `lang7`, `Probability7`, `em7_0`, `em7_1`, `em7_2`, `em7_3`, `em7_4`, `em7_5`) VALUES ('1872733', 'Imported from TC', 'Elder Moonstrike can be found in the Scholomance in the Western Plaguelands.', 'Elder Moonstrike can be found in the Scholomance in the Western Plaguelands.', '11492', '0', '1', '0', '1', '0', '0', '0', '0', '', '', NULL, '0', '0', '0', '0', '0', '0', '0', '0', '', '', NULL, '0', '0', '0', '0', '0', '0', '0', '0', '', '', NULL, '0', '0', '0', '0', '0', '0', '0', '0', '', '', NULL, '0', '0', '0', '0', '0', '0', '0', '0', '', '', NULL, '0', '0', '0', '0', '0', '0', '0', '0', '', '', NULL, '0', '0', '0', '0', '0', '0', '0', '0', '', '', NULL, '0', '0', '0', '0', '0', '0', '0', '0');
INSERT INTO gossip_menu (`MenuID`, `TextID`) VALUES ('21106', '1872733');
INSERT INTO gossip_menu_option (`MenuID`, `OptionID`, `OptionIcon`, `OptionText`, `OptionBroadcastTextID`, `OptionType`, `OptionNpcFlag`, `ActionMenuID`, `ActionPoiID`, `BoxCoded`, `BoxMoney`, `BoxText`, `BoxBroadcastTextID`) VALUES ('21011', '4', '0', 'Where is Elder Moonstrike?', '11491', '1', '1', '21106', NULL, '0', '0', '', NULL);
-- Menu 21143 is already imported
INSERT INTO gossip_menu_option (`MenuID`, `OptionID`, `OptionIcon`, `OptionText`, `OptionBroadcastTextID`, `OptionType`, `OptionNpcFlag`, `ActionMenuID`, `ActionPoiID`, `BoxCoded`, `BoxMoney`, `BoxText`, `BoxBroadcastTextID`) VALUES ('21011', '5', '0', 'Where is Elder Wheathoof?', '11582', '1', '1', '21143', NULL, '0', '0', '', NULL);
INSERT INTO conditions (`SourceTypeOrReferenceId`, `SourceGroup`, `SourceEntry`, `SourceId`, `ElseGroup`, `ConditionTypeOrReference`, `ConditionTarget`, `ConditionValue1`, `ConditionValue2`, `ConditionValue3`, `NegativeCondition`, `ErrorType`, `ErrorTextId`, `ScriptName`, `Comment`) VALUES ('15', '21011', '1', '0', '0', '14', '0', '8677', '0', '0', '0', '0', '0', '', '(autoimported) ');
INSERT INTO conditions (`SourceTypeOrReferenceId`, `SourceGroup`, `SourceEntry`, `SourceId`, `ElseGroup`, `ConditionTypeOrReference`, `ConditionTarget`, `ConditionValue1`, `ConditionValue2`, `ConditionValue3`, `NegativeCondition`, `ErrorType`, `ErrorTextId`, `ScriptName`, `Comment`) VALUES ('15', '21011', '2', '0', '0', '14', '0', '8652', '0', '0', '0', '0', '0', '', '(autoimported) ');
INSERT INTO conditions (`SourceTypeOrReferenceId`, `SourceGroup`, `SourceEntry`, `SourceId`, `ElseGroup`, `ConditionTypeOrReference`, `ConditionTarget`, `ConditionValue1`, `ConditionValue2`, `ConditionValue3`, `NegativeCondition`, `ErrorType`, `ErrorTextId`, `ScriptName`, `Comment`) VALUES ('15', '21011', '3', '0', '0', '14', '0', '8651', '0', '0', '0', '0', '0', '', '(autoimported) ');
INSERT INTO conditions (`SourceTypeOrReferenceId`, `SourceGroup`, `SourceEntry`, `SourceId`, `ElseGroup`, `ConditionTypeOrReference`, `ConditionTarget`, `ConditionValue1`, `ConditionValue2`, `ConditionValue3`, `NegativeCondition`, `ErrorType`, `ErrorTextId`, `ScriptName`, `Comment`) VALUES ('15', '21011', '4', '0', '0', '14', '0', '8714', '0', '0', '0', '0', '0', '', '(autoimported) ');
INSERT INTO conditions (`SourceTypeOrReferenceId`, `SourceGroup`, `SourceEntry`, `SourceId`, `ElseGroup`, `ConditionTypeOrReference`, `ConditionTarget`, `ConditionValue1`, `ConditionValue2`, `ConditionValue3`, `NegativeCondition`, `ErrorType`, `ErrorTextId`, `ScriptName`, `Comment`) VALUES ('15', '21011', '5', '0', '0', '14', '0', '8678', '0', '0', '0', '0', '0', '', '(autoimported) ');
UPDATE creature_template SET npcflag = (npcflag | 1), gossip_menu_id = 21011 WHERE entry = 15564;


-- Importing creature gossip with entry 15585 (Elder Dawnstrider) with import type SMART
UPDATE creature_template SET ScriptName = '', AIName = 'SmartAI' WHERE entry = 15585;
DELETE FROM smart_scripts WHERE entryorguid = 15585 AND source_type = 0;
INSERT INTO smart_scripts (`entryorguid`, `source_type`, `id`, `link`, `event_type`, `event_phase_mask`, `event_chance`, `event_flags`, `event_param1`, `event_param2`, `event_param3`, `event_param4`, `event_param5`, `action_type`, `action_param1`, `action_param2`, `action_param3`, `action_param4`, `action_param5`, `action_param6`, `target_type`, `target_param1`, `target_param2`, `target_param3`, `target_param4`, `target_x`, `target_y`, `target_z`, `target_o`, `comment`) VALUES ('15585', '0', '0', '0', '11', '0', '100', '1', '0', '0', '0', '0', '0', '11', '25824', '0', '0', '0', '0', '0', '1', '0', '0', '0', '0', '0', '0', '0', '0', 'Elder Dawnstrider - On Respawn - Cast \'Spotlight\' (No Repeat) (Normal Dungeon)');
-- Text 7935 is already imported as 1872551
INSERT INTO gossip_menu (`MenuID`, `TextID`) VALUES ('21013', '1872551');
INSERT INTO gossip_text (`ID`, `comment`, `text0_0`, `text0_1`, `BroadcastTextID0`, `lang0`, `Probability0`, `em0_0`, `em0_1`, `em0_2`, `em0_3`, `em0_4`, `em0_5`, `text1_0`, `text1_1`, `BroadcastTextID1`, `lang1`, `Probability1`, `em1_0`, `em1_1`, `em1_2`, `em1_3`, `em1_4`, `em1_5`, `text2_0`, `text2_1`, `BroadcastTextID2`, `lang2`, `Probability2`, `em2_0`, `em2_1`, `em2_2`, `em2_3`, `em2_4`, `em2_5`, `text3_0`, `text3_1`, `BroadcastTextID3`, `lang3`, `Probability3`, `em3_0`, `em3_1`, `em3_2`, `em3_3`, `em3_4`, `em3_5`, `text4_0`, `text4_1`, `BroadcastTextID4`, `lang4`, `Probability4`, `em4_0`, `em4_1`, `em4_2`, `em4_3`, `em4_4`, `em4_5`, `text5_0`, `text5_1`, `BroadcastTextID5`, `lang5`, `Probability5`, `em5_0`, `em5_1`, `em5_2`, `em5_3`, `em5_4`, `em5_5`, `text6_0`, `text6_1`, `BroadcastTextID6`, `lang6`, `Probability6`, `em6_0`, `em6_1`, `em6_2`, `em6_3`, `em6_4`, `em6_5`, `text7_0`, `text7_1`, `BroadcastTextID7`, `lang7`, `Probability7`, `em7_0`, `em7_1`, `em7_2`, `em7_3`, `em7_4`, `em7_5`) VALUES ('1872734', 'Imported from TC', 'Elder Rumblerock passes the years in a cave atop Dreadmaul Rock in the Burning Steppes.', 'Elder Rumblerock passes the years in a cave atop Dreadmaul Rock in the Burning Steppes.', '11535', '0', '1', '0', '1', '0', '0', '0', '0', '', '', NULL, '0', '0', '0', '0', '0', '0', '0', '0', '', '', NULL, '0', '0', '0', '0', '0', '0', '0', '0', '', '', NULL, '0', '0', '0', '0', '0', '0', '0', '0', '', '', NULL, '0', '0', '0', '0', '0', '0', '0', '0', '', '', NULL, '0', '0', '0', '0', '0', '0', '0', '0', '', '', NULL, '0', '0', '0', '0', '0', '0', '0', '0', '', '', NULL, '0', '0', '0', '0', '0', '0', '0', '0');
INSERT INTO gossip_menu (`MenuID`, `TextID`) VALUES ('21121', '1872734');
INSERT INTO gossip_menu_option (`MenuID`, `OptionID`, `OptionIcon`, `OptionText`, `OptionBroadcastTextID`, `OptionType`, `OptionNpcFlag`, `ActionMenuID`, `ActionPoiID`, `BoxCoded`, `BoxMoney`, `BoxText`, `BoxBroadcastTextID`) VALUES ('21013', '1', '0', 'Where is Elder Rumblerock?', '11534', '1', '1', '21121', NULL, '0', '0', '', NULL);
INSERT INTO conditions (`SourceTypeOrReferenceId`, `SourceGroup`, `SourceEntry`, `SourceId`, `ElseGroup`, `ConditionTypeOrReference`, `ConditionTarget`, `ConditionValue1`, `ConditionValue2`, `ConditionValue3`, `NegativeCondition`, `ErrorType`, `ErrorTextId`, `ScriptName`, `Comment`) VALUES ('15', '21013', '1', '0', '0', '14', '0', '8636', '0', '0', '0', '0', '0', '', '(autoimported) ');
UPDATE creature_template SET npcflag = (npcflag | 1), gossip_menu_id = 21013 WHERE entry = 15585;


-- Importing creature gossip with entry 15586 (Elder Dreamseer) with import type SMART
UPDATE creature_template SET ScriptName = '', AIName = 'SmartAI' WHERE entry = 15586;
DELETE FROM smart_scripts WHERE entryorguid = 15586 AND source_type = 0;
INSERT INTO smart_scripts (`entryorguid`, `source_type`, `id`, `link`, `event_type`, `event_phase_mask`, `event_chance`, `event_flags`, `event_param1`, `event_param2`, `event_param3`, `event_param4`, `event_param5`, `action_type`, `action_param1`, `action_param2`, `action_param3`, `action_param4`, `action_param5`, `action_param6`, `target_type`, `target_param1`, `target_param2`, `target_param3`, `target_param4`, `target_x`, `target_y`, `target_z`, `target_o`, `comment`) VALUES ('15586', '0', '0', '0', '11', '0', '100', '1', '0', '0', '0', '0', '0', '11', '25824', '0', '0', '0', '0', '0', '1', '0', '0', '0', '0', '0', '0', '0', '0', 'Elder Dreamseer - On Respawn - Cast \'Spotlight\' (No Repeat) (Normal Dungeon)');
-- Text 7935 is already imported as 1872551
INSERT INTO gossip_menu (`MenuID`, `TextID`) VALUES ('21014', '1872551');
INSERT INTO gossip_text (`ID`, `comment`, `text0_0`, `text0_1`, `BroadcastTextID0`, `lang0`, `Probability0`, `em0_0`, `em0_1`, `em0_2`, `em0_3`, `em0_4`, `em0_5`, `text1_0`, `text1_1`, `BroadcastTextID1`, `lang1`, `Probability1`, `em1_0`, `em1_1`, `em1_2`, `em1_3`, `em1_4`, `em1_5`, `text2_0`, `text2_1`, `BroadcastTextID2`, `lang2`, `Probability2`, `em2_0`, `em2_1`, `em2_2`, `em2_3`, `em2_4`, `em2_5`, `text3_0`, `text3_1`, `BroadcastTextID3`, `lang3`, `Probability3`, `em3_0`, `em3_1`, `em3_2`, `em3_3`, `em3_4`, `em3_5`, `text4_0`, `text4_1`, `BroadcastTextID4`, `lang4`, `Probability4`, `em4_0`, `em4_1`, `em4_2`, `em4_3`, `em4_4`, `em4_5`, `text5_0`, `text5_1`, `BroadcastTextID5`, `lang5`, `Probability5`, `em5_0`, `em5_1`, `em5_2`, `em5_3`, `em5_4`, `em5_5`, `text6_0`, `text6_1`, `BroadcastTextID6`, `lang6`, `Probability6`, `em6_0`, `em6_1`, `em6_2`, `em6_3`, `em6_4`, `em6_5`, `text7_0`, `text7_1`, `BroadcastTextID7`, `lang7`, `Probability7`, `em7_0`, `em7_1`, `em7_2`, `em7_3`, `em7_4`, `em7_5`) VALUES ('8197', 'Imported from TC', 'Elder Ragetotem spends her days at the Valley of the Watchers in Tanaris Desert.', 'Elder Ragetotem spends her days at the Valley of the Watchers in Tanaris Desert.', '11601', '0', '1', '0', '1', '0', '0', '0', '0', '', '', NULL, '0', '0', '0', '0', '0', '0', '0', '0', '', '', NULL, '0', '0', '0', '0', '0', '0', '0', '0', '', '', NULL, '0', '0', '0', '0', '0', '0', '0', '0', '', '', NULL, '0', '0', '0', '0', '0', '0', '0', '0', '', '', NULL, '0', '0', '0', '0', '0', '0', '0', '0', '', '', NULL, '0', '0', '0', '0', '0', '0', '0', '0', '', '', NULL, '0', '0', '0', '0', '0', '0', '0', '0');
INSERT INTO gossip_menu (`MenuID`, `TextID`) VALUES ('21119', '8197');
INSERT INTO gossip_menu_option (`MenuID`, `OptionID`, `OptionIcon`, `OptionText`, `OptionBroadcastTextID`, `OptionType`, `OptionNpcFlag`, `ActionMenuID`, `ActionPoiID`, `BoxCoded`, `BoxMoney`, `BoxText`, `BoxBroadcastTextID`) VALUES ('21014', '1', '0', 'Where is Elder Ragetotem?', '11600', '1', '1', '21119', NULL, '0', '0', '', NULL);
INSERT INTO gossip_text (`ID`, `comment`, `text0_0`, `text0_1`, `BroadcastTextID0`, `lang0`, `Probability0`, `em0_0`, `em0_1`, `em0_2`, `em0_3`, `em0_4`, `em0_5`, `text1_0`, `text1_1`, `BroadcastTextID1`, `lang1`, `Probability1`, `em1_0`, `em1_1`, `em1_2`, `em1_3`, `em1_4`, `em1_5`, `text2_0`, `text2_1`, `BroadcastTextID2`, `lang2`, `Probability2`, `em2_0`, `em2_1`, `em2_2`, `em2_3`, `em2_4`, `em2_5`, `text3_0`, `text3_1`, `BroadcastTextID3`, `lang3`, `Probability3`, `em3_0`, `em3_1`, `em3_2`, `em3_3`, `em3_4`, `em3_5`, `text4_0`, `text4_1`, `BroadcastTextID4`, `lang4`, `Probability4`, `em4_0`, `em4_1`, `em4_2`, `em4_3`, `em4_4`, `em4_5`, `text5_0`, `text5_1`, `BroadcastTextID5`, `lang5`, `Probability5`, `em5_0`, `em5_1`, `em5_2`, `em5_3`, `em5_4`, `em5_5`, `text6_0`, `text6_1`, `BroadcastTextID6`, `lang6`, `Probability6`, `em6_0`, `em6_1`, `em6_2`, `em6_3`, `em6_4`, `em6_5`, `text7_0`, `text7_1`, `BroadcastTextID7`, `lang7`, `Probability7`, `em7_0`, `em7_1`, `em7_2`, `em7_3`, `em7_4`, `em7_5`) VALUES ('8194', 'Imported from TC', 'Go to the Freewind Post in Thousand Needles and you will find Elder Skyseer.', 'Go to the Freewind Post in Thousand Needles and you will find Elder Skyseer.', '11595', '0', '1', '0', '1', '0', '0', '0', '0', '', '', NULL, '0', '0', '0', '0', '0', '0', '0', '0', '', '', NULL, '0', '0', '0', '0', '0', '0', '0', '0', '', '', NULL, '0', '0', '0', '0', '0', '0', '0', '0', '', '', NULL, '0', '0', '0', '0', '0', '0', '0', '0', '', '', NULL, '0', '0', '0', '0', '0', '0', '0', '0', '', '', NULL, '0', '0', '0', '0', '0', '0', '0', '0', '', '', NULL, '0', '0', '0', '0', '0', '0', '0', '0');
INSERT INTO gossip_menu (`MenuID`, `TextID`) VALUES ('21128', '8194');
INSERT INTO gossip_menu_option (`MenuID`, `OptionID`, `OptionIcon`, `OptionText`, `OptionBroadcastTextID`, `OptionType`, `OptionNpcFlag`, `ActionMenuID`, `ActionPoiID`, `BoxCoded`, `BoxMoney`, `BoxText`, `BoxBroadcastTextID`) VALUES ('21014', '2', '0', 'Where is Elder Skyseer?', '11594', '1', '1', '21128', NULL, '0', '0', '', NULL);
INSERT INTO gossip_text (`ID`, `comment`, `text0_0`, `text0_1`, `BroadcastTextID0`, `lang0`, `Probability0`, `em0_0`, `em0_1`, `em0_2`, `em0_3`, `em0_4`, `em0_5`, `text1_0`, `text1_1`, `BroadcastTextID1`, `lang1`, `Probability1`, `em1_0`, `em1_1`, `em1_2`, `em1_3`, `em1_4`, `em1_5`, `text2_0`, `text2_1`, `BroadcastTextID2`, `lang2`, `Probability2`, `em2_0`, `em2_1`, `em2_2`, `em2_3`, `em2_4`, `em2_5`, `text3_0`, `text3_1`, `BroadcastTextID3`, `lang3`, `Probability3`, `em3_0`, `em3_1`, `em3_2`, `em3_3`, `em3_4`, `em3_5`, `text4_0`, `text4_1`, `BroadcastTextID4`, `lang4`, `Probability4`, `em4_0`, `em4_1`, `em4_2`, `em4_3`, `em4_4`, `em4_5`, `text5_0`, `text5_1`, `BroadcastTextID5`, `lang5`, `Probability5`, `em5_0`, `em5_1`, `em5_2`, `em5_3`, `em5_4`, `em5_5`, `text6_0`, `text6_1`, `BroadcastTextID6`, `lang6`, `Probability6`, `em6_0`, `em6_1`, `em6_2`, `em6_3`, `em6_4`, `em6_5`, `text7_0`, `text7_1`, `BroadcastTextID7`, `lang7`, `Probability7`, `em7_0`, `em7_1`, `em7_2`, `em7_3`, `em7_4`, `em7_5`) VALUES ('1872735', 'Imported from TC', 'For reasons I cannot understand, Elder Thunderhorn has gone to the Slithering Scar in Un\'Goro Crater.', 'For reasons I cannot understand, Elder Thunderhorn has gone to the Slithering Scar in Un\'Goro Crater.', '11605', '0', '1', '0', '1', '0', '0', '0', '0', '', '', NULL, '0', '0', '0', '0', '0', '0', '0', '0', '', '', NULL, '0', '0', '0', '0', '0', '0', '0', '0', '', '', NULL, '0', '0', '0', '0', '0', '0', '0', '0', '', '', NULL, '0', '0', '0', '0', '0', '0', '0', '0', '', '', NULL, '0', '0', '0', '0', '0', '0', '0', '0', '', '', NULL, '0', '0', '0', '0', '0', '0', '0', '0', '', '', NULL, '0', '0', '0', '0', '0', '0', '0', '0');
INSERT INTO gossip_menu (`MenuID`, `TextID`) VALUES ('21141', '1872735');
INSERT INTO gossip_menu_option (`MenuID`, `OptionID`, `OptionIcon`, `OptionText`, `OptionBroadcastTextID`, `OptionType`, `OptionNpcFlag`, `ActionMenuID`, `ActionPoiID`, `BoxCoded`, `BoxMoney`, `BoxText`, `BoxBroadcastTextID`) VALUES ('21014', '3', '0', 'Where is Elder Thunderhorn?', '11604', '1', '1', '21141', NULL, '0', '0', '', NULL);
INSERT INTO gossip_text (`ID`, `comment`, `text0_0`, `text0_1`, `BroadcastTextID0`, `lang0`, `Probability0`, `em0_0`, `em0_1`, `em0_2`, `em0_3`, `em0_4`, `em0_5`, `text1_0`, `text1_1`, `BroadcastTextID1`, `lang1`, `Probability1`, `em1_0`, `em1_1`, `em1_2`, `em1_3`, `em1_4`, `em1_5`, `text2_0`, `text2_1`, `BroadcastTextID2`, `lang2`, `Probability2`, `em2_0`, `em2_1`, `em2_2`, `em2_3`, `em2_4`, `em2_5`, `text3_0`, `text3_1`, `BroadcastTextID3`, `lang3`, `Probability3`, `em3_0`, `em3_1`, `em3_2`, `em3_3`, `em3_4`, `em3_5`, `text4_0`, `text4_1`, `BroadcastTextID4`, `lang4`, `Probability4`, `em4_0`, `em4_1`, `em4_2`, `em4_3`, `em4_4`, `em4_5`, `text5_0`, `text5_1`, `BroadcastTextID5`, `lang5`, `Probability5`, `em5_0`, `em5_1`, `em5_2`, `em5_3`, `em5_4`, `em5_5`, `text6_0`, `text6_1`, `BroadcastTextID6`, `lang6`, `Probability6`, `em6_0`, `em6_1`, `em6_2`, `em6_3`, `em6_4`, `em6_5`, `text7_0`, `text7_1`, `BroadcastTextID7`, `lang7`, `Probability7`, `em7_0`, `em7_1`, `em7_2`, `em7_3`, `em7_4`, `em7_5`) VALUES ('8198', 'Imported from TC', 'Zul\'Farrak in Tanaris Desert is Elder Wildmane\'s home.', 'Zul\'Farrak in Tanaris Desert is Elder Wildmane\'s home.', '11603', '0', '1', '0', '1', '0', '0', '0', '0', '', '', NULL, '0', '0', '0', '0', '0', '0', '0', '0', '', '', NULL, '0', '0', '0', '0', '0', '0', '0', '0', '', '', NULL, '0', '0', '0', '0', '0', '0', '0', '0', '', '', NULL, '0', '0', '0', '0', '0', '0', '0', '0', '', '', NULL, '0', '0', '0', '0', '0', '0', '0', '0', '', '', NULL, '0', '0', '0', '0', '0', '0', '0', '0', '', '', NULL, '0', '0', '0', '0', '0', '0', '0', '0');
INSERT INTO gossip_menu (`MenuID`, `TextID`) VALUES ('21145', '8198');
INSERT INTO gossip_menu_option (`MenuID`, `OptionID`, `OptionIcon`, `OptionText`, `OptionBroadcastTextID`, `OptionType`, `OptionNpcFlag`, `ActionMenuID`, `ActionPoiID`, `BoxCoded`, `BoxMoney`, `BoxText`, `BoxBroadcastTextID`) VALUES ('21014', '4', '0', 'Where is Elder Wildmane?', '11602', '1', '1', '21145', NULL, '0', '0', '', NULL);
INSERT INTO conditions (`SourceTypeOrReferenceId`, `SourceGroup`, `SourceEntry`, `SourceId`, `ElseGroup`, `ConditionTypeOrReference`, `ConditionTarget`, `ConditionValue1`, `ConditionValue2`, `ConditionValue3`, `NegativeCondition`, `ErrorType`, `ErrorTextId`, `ScriptName`, `Comment`) VALUES ('15', '21014', '1', '0', '0', '14', '0', '8671', '0', '0', '0', '0', '0', '', '(autoimported) ');
INSERT INTO conditions (`SourceTypeOrReferenceId`, `SourceGroup`, `SourceEntry`, `SourceId`, `ElseGroup`, `ConditionTypeOrReference`, `ConditionTarget`, `ConditionValue1`, `ConditionValue2`, `ConditionValue3`, `NegativeCondition`, `ErrorType`, `ErrorTextId`, `ScriptName`, `Comment`) VALUES ('15', '21014', '2', '0', '0', '14', '0', '8682', '0', '0', '0', '0', '0', '', '(autoimported) ');
INSERT INTO conditions (`SourceTypeOrReferenceId`, `SourceGroup`, `SourceEntry`, `SourceId`, `ElseGroup`, `ConditionTypeOrReference`, `ConditionTarget`, `ConditionValue1`, `ConditionValue2`, `ConditionValue3`, `NegativeCondition`, `ErrorType`, `ErrorTextId`, `ScriptName`, `Comment`) VALUES ('15', '21014', '3', '0', '0', '14', '0', '8681', '0', '0', '0', '0', '0', '', '(autoimported) ');
INSERT INTO conditions (`SourceTypeOrReferenceId`, `SourceGroup`, `SourceEntry`, `SourceId`, `ElseGroup`, `ConditionTypeOrReference`, `ConditionTarget`, `ConditionValue1`, `ConditionValue2`, `ConditionValue3`, `NegativeCondition`, `ErrorType`, `ErrorTextId`, `ScriptName`, `Comment`) VALUES ('15', '21014', '4', '0', '0', '14', '0', '8676', '0', '0', '0', '0', '0', '', '(autoimported) ');
UPDATE creature_template SET npcflag = (npcflag | 1), gossip_menu_id = 21014 WHERE entry = 15586;


-- Importing creature gossip with entry 15607 (Elder Farwhisper) with import type SMART
UPDATE creature_template SET ScriptName = '', AIName = 'SmartAI' WHERE entry = 15607;
DELETE FROM smart_scripts WHERE entryorguid = 15607 AND source_type = 0;
INSERT INTO smart_scripts (`entryorguid`, `source_type`, `id`, `link`, `event_type`, `event_phase_mask`, `event_chance`, `event_flags`, `event_param1`, `event_param2`, `event_param3`, `event_param4`, `event_param5`, `action_type`, `action_param1`, `action_param2`, `action_param3`, `action_param4`, `action_param5`, `action_param6`, `target_type`, `target_param1`, `target_param2`, `target_param3`, `target_param4`, `target_x`, `target_y`, `target_z`, `target_o`, `comment`) VALUES ('15607', '0', '0', '0', '11', '0', '100', '1', '0', '0', '0', '0', '0', '11', '25824', '0', '0', '0', '0', '0', '1', '0', '0', '0', '0', '0', '0', '0', '0', 'Elder Farwhisper - On Respawn - Cast \'Spotlight\' (No Repeat) (Normal Dungeon)');
-- Text 7956 is already imported as 1872726
INSERT INTO gossip_menu (`MenuID`, `TextID`) VALUES ('21016', '1872726');
INSERT INTO gossip_text (`ID`, `comment`, `text0_0`, `text0_1`, `BroadcastTextID0`, `lang0`, `Probability0`, `em0_0`, `em0_1`, `em0_2`, `em0_3`, `em0_4`, `em0_5`, `text1_0`, `text1_1`, `BroadcastTextID1`, `lang1`, `Probability1`, `em1_0`, `em1_1`, `em1_2`, `em1_3`, `em1_4`, `em1_5`, `text2_0`, `text2_1`, `BroadcastTextID2`, `lang2`, `Probability2`, `em2_0`, `em2_1`, `em2_2`, `em2_3`, `em2_4`, `em2_5`, `text3_0`, `text3_1`, `BroadcastTextID3`, `lang3`, `Probability3`, `em3_0`, `em3_1`, `em3_2`, `em3_3`, `em3_4`, `em3_5`, `text4_0`, `text4_1`, `BroadcastTextID4`, `lang4`, `Probability4`, `em4_0`, `em4_1`, `em4_2`, `em4_3`, `em4_4`, `em4_5`, `text5_0`, `text5_1`, `BroadcastTextID5`, `lang5`, `Probability5`, `em5_0`, `em5_1`, `em5_2`, `em5_3`, `em5_4`, `em5_5`, `text6_0`, `text6_1`, `BroadcastTextID6`, `lang6`, `Probability6`, `em6_0`, `em6_1`, `em6_2`, `em6_3`, `em6_4`, `em6_5`, `text7_0`, `text7_1`, `BroadcastTextID7`, `lang7`, `Probability7`, `em7_0`, `em7_1`, `em7_2`, `em7_3`, `em7_4`, `em7_5`) VALUES ('1872736', 'Imported from TC', 'Elder Snowcrown can be found in Light\'s Hope Chapel in the Eastern Plaguelands.', 'Elder Snowcrown can be found in Light\'s Hope Chapel in the Eastern Plaguelands.', '11500', '0', '1', '0', '1', '0', '0', '0', '0', '', '', NULL, '0', '0', '0', '0', '0', '0', '0', '0', '', '', NULL, '0', '0', '0', '0', '0', '0', '0', '0', '', '', NULL, '0', '0', '0', '0', '0', '0', '0', '0', '', '', NULL, '0', '0', '0', '0', '0', '0', '0', '0', '', '', NULL, '0', '0', '0', '0', '0', '0', '0', '0', '', '', NULL, '0', '0', '0', '0', '0', '0', '0', '0', '', '', NULL, '0', '0', '0', '0', '0', '0', '0', '0');
INSERT INTO gossip_menu (`MenuID`, `TextID`) VALUES ('21130', '1872736');
INSERT INTO gossip_menu_option (`MenuID`, `OptionID`, `OptionIcon`, `OptionText`, `OptionBroadcastTextID`, `OptionType`, `OptionNpcFlag`, `ActionMenuID`, `ActionPoiID`, `BoxCoded`, `BoxMoney`, `BoxText`, `BoxBroadcastTextID`) VALUES ('21016', '1', '0', 'Where is Elder Snowcrown?', '11499', '1', '1', '21130', NULL, '0', '0', '', NULL);
INSERT INTO gossip_text (`ID`, `comment`, `text0_0`, `text0_1`, `BroadcastTextID0`, `lang0`, `Probability0`, `em0_0`, `em0_1`, `em0_2`, `em0_3`, `em0_4`, `em0_5`, `text1_0`, `text1_1`, `BroadcastTextID1`, `lang1`, `Probability1`, `em1_0`, `em1_1`, `em1_2`, `em1_3`, `em1_4`, `em1_5`, `text2_0`, `text2_1`, `BroadcastTextID2`, `lang2`, `Probability2`, `em2_0`, `em2_1`, `em2_2`, `em2_3`, `em2_4`, `em2_5`, `text3_0`, `text3_1`, `BroadcastTextID3`, `lang3`, `Probability3`, `em3_0`, `em3_1`, `em3_2`, `em3_3`, `em3_4`, `em3_5`, `text4_0`, `text4_1`, `BroadcastTextID4`, `lang4`, `Probability4`, `em4_0`, `em4_1`, `em4_2`, `em4_3`, `em4_4`, `em4_5`, `text5_0`, `text5_1`, `BroadcastTextID5`, `lang5`, `Probability5`, `em5_0`, `em5_1`, `em5_2`, `em5_3`, `em5_4`, `em5_5`, `text6_0`, `text6_1`, `BroadcastTextID6`, `lang6`, `Probability6`, `em6_0`, `em6_1`, `em6_2`, `em6_3`, `em6_4`, `em6_5`, `text7_0`, `text7_1`, `BroadcastTextID7`, `lang7`, `Probability7`, `em7_0`, `em7_1`, `em7_2`, `em7_3`, `em7_4`, `em7_5`) VALUES ('1872737', 'Imported from TC', 'Elder Windrun resides in the Crown Guard Tower in the Eastern Plaguelands.', 'Elder Windrun resides in the Crown Guard Tower in the Eastern Plaguelands.', '11504', '0', '1', '0', '1', '0', '0', '0', '0', '', '', NULL, '0', '0', '0', '0', '0', '0', '0', '0', '', '', NULL, '0', '0', '0', '0', '0', '0', '0', '0', '', '', NULL, '0', '0', '0', '0', '0', '0', '0', '0', '', '', NULL, '0', '0', '0', '0', '0', '0', '0', '0', '', '', NULL, '0', '0', '0', '0', '0', '0', '0', '0', '', '', NULL, '0', '0', '0', '0', '0', '0', '0', '0', '', '', NULL, '0', '0', '0', '0', '0', '0', '0', '0');
INSERT INTO gossip_menu (`MenuID`, `TextID`) VALUES ('21146', '1872737');
INSERT INTO gossip_menu_option (`MenuID`, `OptionID`, `OptionIcon`, `OptionText`, `OptionBroadcastTextID`, `OptionType`, `OptionNpcFlag`, `ActionMenuID`, `ActionPoiID`, `BoxCoded`, `BoxMoney`, `BoxText`, `BoxBroadcastTextID`) VALUES ('21016', '2', '0', 'Where is Elder Windrun?', '11503', '1', '1', '21146', NULL, '0', '0', '', NULL);
INSERT INTO conditions (`SourceTypeOrReferenceId`, `SourceGroup`, `SourceEntry`, `SourceId`, `ElseGroup`, `ConditionTypeOrReference`, `ConditionTarget`, `ConditionValue1`, `ConditionValue2`, `ConditionValue3`, `NegativeCondition`, `ErrorType`, `ErrorTextId`, `ScriptName`, `Comment`) VALUES ('15', '21016', '1', '0', '0', '14', '0', '8650', '0', '0', '0', '0', '0', '', '(autoimported) ');
INSERT INTO conditions (`SourceTypeOrReferenceId`, `SourceGroup`, `SourceEntry`, `SourceId`, `ElseGroup`, `ConditionTypeOrReference`, `ConditionTarget`, `ConditionValue1`, `ConditionValue2`, `ConditionValue3`, `NegativeCondition`, `ErrorType`, `ErrorTextId`, `ScriptName`, `Comment`) VALUES ('15', '21016', '2', '0', '0', '14', '0', '8688', '0', '0', '0', '0', '0', '', '(autoimported) ');
UPDATE creature_template SET npcflag = (npcflag | 1), gossip_menu_id = 21016 WHERE entry = 15607;


-- Importing creature gossip with entry 15569 (Elder Goldwell) with import type SMART
UPDATE creature_template SET ScriptName = '', AIName = 'SmartAI' WHERE entry = 15569;
DELETE FROM smart_scripts WHERE entryorguid = 15569 AND source_type = 0;
INSERT INTO smart_scripts (`entryorguid`, `source_type`, `id`, `link`, `event_type`, `event_phase_mask`, `event_chance`, `event_flags`, `event_param1`, `event_param2`, `event_param3`, `event_param4`, `event_param5`, `action_type`, `action_param1`, `action_param2`, `action_param3`, `action_param4`, `action_param5`, `action_param6`, `target_type`, `target_param1`, `target_param2`, `target_param3`, `target_param4`, `target_x`, `target_y`, `target_z`, `target_o`, `comment`) VALUES ('15569', '0', '0', '0', '11', '0', '100', '1', '0', '0', '0', '0', '0', '11', '25824', '0', '0', '0', '0', '0', '1', '0', '0', '0', '0', '0', '0', '0', '0', 'Elder Goldwell - On Respawn - Cast \'Spotlight\' (No Repeat) (Normal Dungeon)');
-- Text 7933 is already imported
INSERT INTO gossip_menu (`MenuID`, `TextID`) VALUES ('21017', '7933');
-- Menu 21084 is already imported as 57137
INSERT INTO gossip_menu_option (`MenuID`, `OptionID`, `OptionIcon`, `OptionText`, `OptionBroadcastTextID`, `OptionType`, `OptionNpcFlag`, `ActionMenuID`, `ActionPoiID`, `BoxCoded`, `BoxMoney`, `BoxText`, `BoxBroadcastTextID`) VALUES ('21017', '1', '0', 'Where is Elder Bronzebeard?', '11512', '1', '1', '57137', NULL, '0', '0', '', NULL);
-- Menu 21100 is already imported
INSERT INTO gossip_menu_option (`MenuID`, `OptionID`, `OptionIcon`, `OptionText`, `OptionBroadcastTextID`, `OptionType`, `OptionNpcFlag`, `ActionMenuID`, `ActionPoiID`, `BoxCoded`, `BoxMoney`, `BoxText`, `BoxBroadcastTextID`) VALUES ('21017', '2', '0', 'Where is Elder Ironband?', '11507', '1', '1', '21100', NULL, '0', '0', '', NULL);
INSERT INTO gossip_text (`ID`, `comment`, `text0_0`, `text0_1`, `BroadcastTextID0`, `lang0`, `Probability0`, `em0_0`, `em0_1`, `em0_2`, `em0_3`, `em0_4`, `em0_5`, `text1_0`, `text1_1`, `BroadcastTextID1`, `lang1`, `Probability1`, `em1_0`, `em1_1`, `em1_2`, `em1_3`, `em1_4`, `em1_5`, `text2_0`, `text2_1`, `BroadcastTextID2`, `lang2`, `Probability2`, `em2_0`, `em2_1`, `em2_2`, `em2_3`, `em2_4`, `em2_5`, `text3_0`, `text3_1`, `BroadcastTextID3`, `lang3`, `Probability3`, `em3_0`, `em3_1`, `em3_2`, `em3_3`, `em3_4`, `em3_5`, `text4_0`, `text4_1`, `BroadcastTextID4`, `lang4`, `Probability4`, `em4_0`, `em4_1`, `em4_2`, `em4_3`, `em4_4`, `em4_5`, `text5_0`, `text5_1`, `BroadcastTextID5`, `lang5`, `Probability5`, `em5_0`, `em5_1`, `em5_2`, `em5_3`, `em5_4`, `em5_5`, `text6_0`, `text6_1`, `BroadcastTextID6`, `lang6`, `Probability6`, `em6_0`, `em6_1`, `em6_2`, `em6_3`, `em6_4`, `em6_5`, `text7_0`, `text7_1`, `BroadcastTextID7`, `lang7`, `Probability7`, `em7_0`, `em7_1`, `em7_2`, `em7_3`, `em7_4`, `em7_5`) VALUES ('8163', 'Imported from TC', 'Elder Silvervein can be found near Thelsamar in Loch Modan.', 'Elder Silvervein can be found near Thelsamar in Loch Modan.', '11524', '0', '1', '0', '1', '0', '0', '0', '0', '', '', NULL, '0', '0', '0', '0', '0', '0', '0', '0', '', '', NULL, '0', '0', '0', '0', '0', '0', '0', '0', '', '', NULL, '0', '0', '0', '0', '0', '0', '0', '0', '', '', NULL, '0', '0', '0', '0', '0', '0', '0', '0', '', '', NULL, '0', '0', '0', '0', '0', '0', '0', '0', '', '', NULL, '0', '0', '0', '0', '0', '0', '0', '0', '', '', NULL, '0', '0', '0', '0', '0', '0', '0', '0');
INSERT INTO gossip_menu (`MenuID`, `TextID`) VALUES ('21125', '8163');
INSERT INTO gossip_menu_option (`MenuID`, `OptionID`, `OptionIcon`, `OptionText`, `OptionBroadcastTextID`, `OptionType`, `OptionNpcFlag`, `ActionMenuID`, `ActionPoiID`, `BoxCoded`, `BoxMoney`, `BoxText`, `BoxBroadcastTextID`) VALUES ('21017', '3', '0', 'Where is Elder Silvervein?', '11516', '1', '1', '21125', NULL, '0', '0', '', NULL);
INSERT INTO conditions (`SourceTypeOrReferenceId`, `SourceGroup`, `SourceEntry`, `SourceId`, `ElseGroup`, `ConditionTypeOrReference`, `ConditionTarget`, `ConditionValue1`, `ConditionValue2`, `ConditionValue3`, `NegativeCondition`, `ErrorType`, `ErrorTextId`, `ScriptName`, `Comment`) VALUES ('15', '21017', '1', '0', '0', '14', '0', '8866', '0', '0', '0', '0', '0', '', '(autoimported) ');
INSERT INTO conditions (`SourceTypeOrReferenceId`, `SourceGroup`, `SourceEntry`, `SourceId`, `ElseGroup`, `ConditionTypeOrReference`, `ConditionTarget`, `ConditionValue1`, `ConditionValue2`, `ConditionValue3`, `NegativeCondition`, `ErrorType`, `ErrorTextId`, `ScriptName`, `Comment`) VALUES ('15', '21017', '2', '0', '0', '14', '0', '8651', '0', '0', '0', '0', '0', '', '(autoimported) ');
INSERT INTO conditions (`SourceTypeOrReferenceId`, `SourceGroup`, `SourceEntry`, `SourceId`, `ElseGroup`, `ConditionTypeOrReference`, `ConditionTarget`, `ConditionValue1`, `ConditionValue2`, `ConditionValue3`, `NegativeCondition`, `ErrorType`, `ErrorTextId`, `ScriptName`, `Comment`) VALUES ('15', '21017', '3', '0', '0', '14', '0', '8642', '0', '0', '0', '0', '0', '', '(autoimported) ');
UPDATE creature_template SET npcflag = (npcflag | 1), gossip_menu_id = 21017 WHERE entry = 15569;


-- Importing creature gossip with entry 15568 (Elder Graveborn) with import type SMART
UPDATE creature_template SET ScriptName = '', AIName = 'SmartAI' WHERE entry = 15568;
DELETE FROM smart_scripts WHERE entryorguid = 15568 AND source_type = 0;
INSERT INTO smart_scripts (`entryorguid`, `source_type`, `id`, `link`, `event_type`, `event_phase_mask`, `event_chance`, `event_flags`, `event_param1`, `event_param2`, `event_param3`, `event_param4`, `event_param5`, `action_type`, `action_param1`, `action_param2`, `action_param3`, `action_param4`, `action_param5`, `action_param6`, `target_type`, `target_param1`, `target_param2`, `target_param3`, `target_param4`, `target_x`, `target_y`, `target_z`, `target_o`, `comment`) VALUES ('15568', '0', '0', '0', '11', '0', '100', '1', '0', '0', '0', '0', '0', '11', '25824', '0', '0', '0', '0', '0', '1', '0', '0', '0', '0', '0', '0', '0', '0', 'Elder Graveborn - On Respawn - Cast \'Spotlight\' (No Repeat) (Normal Dungeon)');
-- Text 7933 is already imported
INSERT INTO gossip_menu (`MenuID`, `TextID`) VALUES ('21018', '7933');
-- Menu 21086 is already imported
INSERT INTO gossip_menu_option (`MenuID`, `OptionID`, `OptionIcon`, `OptionText`, `OptionBroadcastTextID`, `OptionType`, `OptionNpcFlag`, `ActionMenuID`, `ActionPoiID`, `BoxCoded`, `BoxMoney`, `BoxText`, `BoxBroadcastTextID`) VALUES ('21018', '1', '0', 'Where is Elder Darkcore?', '11493', '1', '1', '21086', NULL, '0', '0', '', NULL);
INSERT INTO gossip_text (`ID`, `comment`, `text0_0`, `text0_1`, `BroadcastTextID0`, `lang0`, `Probability0`, `em0_0`, `em0_1`, `em0_2`, `em0_3`, `em0_4`, `em0_5`, `text1_0`, `text1_1`, `BroadcastTextID1`, `lang1`, `Probability1`, `em1_0`, `em1_1`, `em1_2`, `em1_3`, `em1_4`, `em1_5`, `text2_0`, `text2_1`, `BroadcastTextID2`, `lang2`, `Probability2`, `em2_0`, `em2_1`, `em2_2`, `em2_3`, `em2_4`, `em2_5`, `text3_0`, `text3_1`, `BroadcastTextID3`, `lang3`, `Probability3`, `em3_0`, `em3_1`, `em3_2`, `em3_3`, `em3_4`, `em3_5`, `text4_0`, `text4_1`, `BroadcastTextID4`, `lang4`, `Probability4`, `em4_0`, `em4_1`, `em4_2`, `em4_3`, `em4_4`, `em4_5`, `text5_0`, `text5_1`, `BroadcastTextID5`, `lang5`, `Probability5`, `em5_0`, `em5_1`, `em5_2`, `em5_3`, `em5_4`, `em5_5`, `text6_0`, `text6_1`, `BroadcastTextID6`, `lang6`, `Probability6`, `em6_0`, `em6_1`, `em6_2`, `em6_3`, `em6_4`, `em6_5`, `text7_0`, `text7_1`, `BroadcastTextID7`, `lang7`, `Probability7`, `em7_0`, `em7_1`, `em7_2`, `em7_3`, `em7_4`, `em7_5`) VALUES ('1872738', 'Imported from TC', 'I last saw Elder Meadowrun at the Weeping Cave in the Western Plaguelands.', 'I last saw Elder Meadowrun at the Weeping Cave in the Western Plaguelands.', '11654', '0', '1', '0', '1', '0', '0', '0', '0', '', '', NULL, '0', '0', '0', '0', '0', '0', '0', '0', '', '', NULL, '0', '0', '0', '0', '0', '0', '0', '0', '', '', NULL, '0', '0', '0', '0', '0', '0', '0', '0', '', '', NULL, '0', '0', '0', '0', '0', '0', '0', '0', '', '', NULL, '0', '0', '0', '0', '0', '0', '0', '0', '', '', NULL, '0', '0', '0', '0', '0', '0', '0', '0', '', '', NULL, '0', '0', '0', '0', '0', '0', '0', '0');
INSERT INTO gossip_menu (`MenuID`, `TextID`) VALUES ('21104', '1872738');
INSERT INTO gossip_menu_option (`MenuID`, `OptionID`, `OptionIcon`, `OptionText`, `OptionBroadcastTextID`, `OptionType`, `OptionNpcFlag`, `ActionMenuID`, `ActionPoiID`, `BoxCoded`, `BoxMoney`, `BoxText`, `BoxBroadcastTextID`) VALUES ('21018', '2', '0', 'Where is Elder Meadowrun?', '11653', '1', '1', '21104', NULL, '0', '0', '', NULL);
-- Menu 21106 is already imported
INSERT INTO gossip_menu_option (`MenuID`, `OptionID`, `OptionIcon`, `OptionText`, `OptionBroadcastTextID`, `OptionType`, `OptionNpcFlag`, `ActionMenuID`, `ActionPoiID`, `BoxCoded`, `BoxMoney`, `BoxText`, `BoxBroadcastTextID`) VALUES ('21018', '3', '0', 'Where is Elder Moonstrike?', '11491', '1', '1', '21106', NULL, '0', '0', '', NULL);
INSERT INTO gossip_text (`ID`, `comment`, `text0_0`, `text0_1`, `BroadcastTextID0`, `lang0`, `Probability0`, `em0_0`, `em0_1`, `em0_2`, `em0_3`, `em0_4`, `em0_5`, `text1_0`, `text1_1`, `BroadcastTextID1`, `lang1`, `Probability1`, `em1_0`, `em1_1`, `em1_2`, `em1_3`, `em1_4`, `em1_5`, `text2_0`, `text2_1`, `BroadcastTextID2`, `lang2`, `Probability2`, `em2_0`, `em2_1`, `em2_2`, `em2_3`, `em2_4`, `em2_5`, `text3_0`, `text3_1`, `BroadcastTextID3`, `lang3`, `Probability3`, `em3_0`, `em3_1`, `em3_2`, `em3_3`, `em3_4`, `em3_5`, `text4_0`, `text4_1`, `BroadcastTextID4`, `lang4`, `Probability4`, `em4_0`, `em4_1`, `em4_2`, `em4_3`, `em4_4`, `em4_5`, `text5_0`, `text5_1`, `BroadcastTextID5`, `lang5`, `Probability5`, `em5_0`, `em5_1`, `em5_2`, `em5_3`, `em5_4`, `em5_5`, `text6_0`, `text6_1`, `BroadcastTextID6`, `lang6`, `Probability6`, `em6_0`, `em6_1`, `em6_2`, `em6_3`, `em6_4`, `em6_5`, `text7_0`, `text7_1`, `BroadcastTextID7`, `lang7`, `Probability7`, `em7_0`, `em7_1`, `em7_2`, `em7_3`, `em7_4`, `em7_5`) VALUES ('8152', 'Imported from TC', 'Elder Obsidian wanders near the Sepulcher in Silverpine Forest.', 'Elder Obsidian wanders near the Sepulcher in Silverpine Forest.', '11498', '0', '1', '0', '1', '0', '0', '0', '0', '', '', NULL, '0', '0', '0', '0', '0', '0', '0', '0', '', '', NULL, '0', '0', '0', '0', '0', '0', '0', '0', '', '', NULL, '0', '0', '0', '0', '0', '0', '0', '0', '', '', NULL, '0', '0', '0', '0', '0', '0', '0', '0', '', '', NULL, '0', '0', '0', '0', '0', '0', '0', '0', '', '', NULL, '0', '0', '0', '0', '0', '0', '0', '0', '', '', NULL, '0', '0', '0', '0', '0', '0', '0', '0');
INSERT INTO gossip_menu (`MenuID`, `TextID`) VALUES ('21115', '8152');
INSERT INTO gossip_menu_option (`MenuID`, `OptionID`, `OptionIcon`, `OptionText`, `OptionBroadcastTextID`, `OptionType`, `OptionNpcFlag`, `ActionMenuID`, `ActionPoiID`, `BoxCoded`, `BoxMoney`, `BoxText`, `BoxBroadcastTextID`) VALUES ('21018', '4', '0', 'Where is Elder Obsidian?', '11497', '1', '1', '21115', NULL, '0', '0', '', NULL);
-- Menu 21130 is already imported
INSERT INTO gossip_menu_option (`MenuID`, `OptionID`, `OptionIcon`, `OptionText`, `OptionBroadcastTextID`, `OptionType`, `OptionNpcFlag`, `ActionMenuID`, `ActionPoiID`, `BoxCoded`, `BoxMoney`, `BoxText`, `BoxBroadcastTextID`) VALUES ('21018', '5', '0', 'Where is Elder Snowcrown?', '11499', '1', '1', '21130', NULL, '0', '0', '', NULL);
INSERT INTO conditions (`SourceTypeOrReferenceId`, `SourceGroup`, `SourceEntry`, `SourceId`, `ElseGroup`, `ConditionTypeOrReference`, `ConditionTarget`, `ConditionValue1`, `ConditionValue2`, `ConditionValue3`, `NegativeCondition`, `ErrorType`, `ErrorTextId`, `ScriptName`, `Comment`) VALUES ('15', '21018', '1', '0', '0', '14', '0', '8648', '0', '0', '0', '0', '0', '', '(autoimported) ');
INSERT INTO conditions (`SourceTypeOrReferenceId`, `SourceGroup`, `SourceEntry`, `SourceId`, `ElseGroup`, `ConditionTypeOrReference`, `ConditionTarget`, `ConditionValue1`, `ConditionValue2`, `ConditionValue3`, `NegativeCondition`, `ErrorType`, `ErrorTextId`, `ScriptName`, `Comment`) VALUES ('15', '21018', '2', '0', '0', '14', '0', '8722', '0', '0', '0', '0', '0', '', '(autoimported) ');
INSERT INTO conditions (`SourceTypeOrReferenceId`, `SourceGroup`, `SourceEntry`, `SourceId`, `ElseGroup`, `ConditionTypeOrReference`, `ConditionTarget`, `ConditionValue1`, `ConditionValue2`, `ConditionValue3`, `NegativeCondition`, `ErrorType`, `ErrorTextId`, `ScriptName`, `Comment`) VALUES ('15', '21018', '3', '0', '0', '14', '0', '8714', '0', '0', '0', '0', '0', '', '(autoimported) ');
INSERT INTO conditions (`SourceTypeOrReferenceId`, `SourceGroup`, `SourceEntry`, `SourceId`, `ElseGroup`, `ConditionTypeOrReference`, `ConditionTarget`, `ConditionValue1`, `ConditionValue2`, `ConditionValue3`, `NegativeCondition`, `ErrorType`, `ErrorTextId`, `ScriptName`, `Comment`) VALUES ('15', '21018', '4', '0', '0', '14', '0', '8645', '0', '0', '0', '0', '0', '', '(autoimported) ');
INSERT INTO conditions (`SourceTypeOrReferenceId`, `SourceGroup`, `SourceEntry`, `SourceId`, `ElseGroup`, `ConditionTypeOrReference`, `ConditionTarget`, `ConditionValue1`, `ConditionValue2`, `ConditionValue3`, `NegativeCondition`, `ErrorType`, `ErrorTextId`, `ScriptName`, `Comment`) VALUES ('15', '21018', '5', '0', '0', '14', '0', '8650', '0', '0', '0', '0', '0', '', '(autoimported) ');
UPDATE creature_template SET npcflag = (npcflag | 1), gossip_menu_id = 21018 WHERE entry = 15568;


-- Importing creature gossip with entry 15581 (Elder Grimtotem) with import type SMART
UPDATE creature_template SET ScriptName = '', AIName = 'SmartAI' WHERE entry = 15581;
DELETE FROM smart_scripts WHERE entryorguid = 15581 AND source_type = 0;
INSERT INTO smart_scripts (`entryorguid`, `source_type`, `id`, `link`, `event_type`, `event_phase_mask`, `event_chance`, `event_flags`, `event_param1`, `event_param2`, `event_param3`, `event_param4`, `event_param5`, `action_type`, `action_param1`, `action_param2`, `action_param3`, `action_param4`, `action_param5`, `action_param6`, `target_type`, `target_param1`, `target_param2`, `target_param3`, `target_param4`, `target_x`, `target_y`, `target_z`, `target_o`, `comment`) VALUES ('15581', '0', '0', '0', '11', '0', '100', '1', '0', '0', '0', '0', '0', '11', '25824', '0', '0', '0', '0', '0', '1', '0', '0', '0', '0', '0', '0', '0', '0', 'Elder Grimtotem - On Respawn - Cast \'Spotlight\' (No Repeat) (Normal Dungeon)');
-- Text 7935 is already imported as 1872551
INSERT INTO gossip_menu (`MenuID`, `TextID`) VALUES ('21020', '1872551');
INSERT INTO gossip_text (`ID`, `comment`, `text0_0`, `text0_1`, `BroadcastTextID0`, `lang0`, `Probability0`, `em0_0`, `em0_1`, `em0_2`, `em0_3`, `em0_4`, `em0_5`, `text1_0`, `text1_1`, `BroadcastTextID1`, `lang1`, `Probability1`, `em1_0`, `em1_1`, `em1_2`, `em1_3`, `em1_4`, `em1_5`, `text2_0`, `text2_1`, `BroadcastTextID2`, `lang2`, `Probability2`, `em2_0`, `em2_1`, `em2_2`, `em2_3`, `em2_4`, `em2_5`, `text3_0`, `text3_1`, `BroadcastTextID3`, `lang3`, `Probability3`, `em3_0`, `em3_1`, `em3_2`, `em3_3`, `em3_4`, `em3_5`, `text4_0`, `text4_1`, `BroadcastTextID4`, `lang4`, `Probability4`, `em4_0`, `em4_1`, `em4_2`, `em4_3`, `em4_4`, `em4_5`, `text5_0`, `text5_1`, `BroadcastTextID5`, `lang5`, `Probability5`, `em5_0`, `em5_1`, `em5_2`, `em5_3`, `em5_4`, `em5_5`, `text6_0`, `text6_1`, `BroadcastTextID6`, `lang6`, `Probability6`, `em6_0`, `em6_1`, `em6_2`, `em6_3`, `em6_4`, `em6_5`, `text7_0`, `text7_1`, `BroadcastTextID7`, `lang7`, `Probability7`, `em7_0`, `em7_1`, `em7_2`, `em7_3`, `em7_4`, `em7_5`) VALUES ('8193', 'Imported from TC', 'Elder Mistwalker enjoys watching the struggles at the Maul in Feralas.', 'Elder Mistwalker enjoys watching the struggles at the Maul in Feralas.', '11593', '0', '1', '0', '1', '0', '0', '0', '0', '', '', NULL, '0', '0', '0', '0', '0', '0', '0', '0', '', '', NULL, '0', '0', '0', '0', '0', '0', '0', '0', '', '', NULL, '0', '0', '0', '0', '0', '0', '0', '0', '', '', NULL, '0', '0', '0', '0', '0', '0', '0', '0', '', '', NULL, '0', '0', '0', '0', '0', '0', '0', '0', '', '', NULL, '0', '0', '0', '0', '0', '0', '0', '0', '', '', NULL, '0', '0', '0', '0', '0', '0', '0', '0');
INSERT INTO gossip_menu (`MenuID`, `TextID`) VALUES ('21105', '8193');
INSERT INTO gossip_menu_option (`MenuID`, `OptionID`, `OptionIcon`, `OptionText`, `OptionBroadcastTextID`, `OptionType`, `OptionNpcFlag`, `ActionMenuID`, `ActionPoiID`, `BoxCoded`, `BoxMoney`, `BoxText`, `BoxBroadcastTextID`) VALUES ('21020', '1', '0', 'Where is Elder Mistwalker?', '11592', '1', '1', '21105', NULL, '0', '0', '', NULL);
INSERT INTO gossip_text (`ID`, `comment`, `text0_0`, `text0_1`, `BroadcastTextID0`, `lang0`, `Probability0`, `em0_0`, `em0_1`, `em0_2`, `em0_3`, `em0_4`, `em0_5`, `text1_0`, `text1_1`, `BroadcastTextID1`, `lang1`, `Probability1`, `em1_0`, `em1_1`, `em1_2`, `em1_3`, `em1_4`, `em1_5`, `text2_0`, `text2_1`, `BroadcastTextID2`, `lang2`, `Probability2`, `em2_0`, `em2_1`, `em2_2`, `em2_3`, `em2_4`, `em2_5`, `text3_0`, `text3_1`, `BroadcastTextID3`, `lang3`, `Probability3`, `em3_0`, `em3_1`, `em3_2`, `em3_3`, `em3_4`, `em3_5`, `text4_0`, `text4_1`, `BroadcastTextID4`, `lang4`, `Probability4`, `em4_0`, `em4_1`, `em4_2`, `em4_3`, `em4_4`, `em4_5`, `text5_0`, `text5_1`, `BroadcastTextID5`, `lang5`, `Probability5`, `em5_0`, `em5_1`, `em5_2`, `em5_3`, `em5_4`, `em5_5`, `text6_0`, `text6_1`, `BroadcastTextID6`, `lang6`, `Probability6`, `em6_0`, `em6_1`, `em6_2`, `em6_3`, `em6_4`, `em6_5`, `text7_0`, `text7_1`, `BroadcastTextID7`, `lang7`, `Probability7`, `em7_0`, `em7_1`, `em7_2`, `em7_3`, `em7_4`, `em7_5`) VALUES ('8190', 'Imported from TC', 'Elder Morningdew has taken to watching the commotion at the Mirage Raceway in Thousand Needles.', 'Elder Morningdew has taken to watching the commotion at the Mirage Raceway in Thousand Needles.', '11587', '0', '1', '0', '1', '0', '0', '0', '0', '', '', NULL, '0', '0', '0', '0', '0', '0', '0', '0', '', '', NULL, '0', '0', '0', '0', '0', '0', '0', '0', '', '', NULL, '0', '0', '0', '0', '0', '0', '0', '0', '', '', NULL, '0', '0', '0', '0', '0', '0', '0', '0', '', '', NULL, '0', '0', '0', '0', '0', '0', '0', '0', '', '', NULL, '0', '0', '0', '0', '0', '0', '0', '0', '', '', NULL, '0', '0', '0', '0', '0', '0', '0', '0');
INSERT INTO gossip_menu (`MenuID`, `TextID`) VALUES ('21109', '8190');
INSERT INTO gossip_menu_option (`MenuID`, `OptionID`, `OptionIcon`, `OptionText`, `OptionBroadcastTextID`, `OptionType`, `OptionNpcFlag`, `ActionMenuID`, `ActionPoiID`, `BoxCoded`, `BoxMoney`, `BoxText`, `BoxBroadcastTextID`) VALUES ('21020', '2', '0', 'Where is Elder Morningdew?', '11586', '1', '1', '21109', NULL, '0', '0', '', NULL);
INSERT INTO gossip_text (`ID`, `comment`, `text0_0`, `text0_1`, `BroadcastTextID0`, `lang0`, `Probability0`, `em0_0`, `em0_1`, `em0_2`, `em0_3`, `em0_4`, `em0_5`, `text1_0`, `text1_1`, `BroadcastTextID1`, `lang1`, `Probability1`, `em1_0`, `em1_1`, `em1_2`, `em1_3`, `em1_4`, `em1_5`, `text2_0`, `text2_1`, `BroadcastTextID2`, `lang2`, `Probability2`, `em2_0`, `em2_1`, `em2_2`, `em2_3`, `em2_4`, `em2_5`, `text3_0`, `text3_1`, `BroadcastTextID3`, `lang3`, `Probability3`, `em3_0`, `em3_1`, `em3_2`, `em3_3`, `em3_4`, `em3_5`, `text4_0`, `text4_1`, `BroadcastTextID4`, `lang4`, `Probability4`, `em4_0`, `em4_1`, `em4_2`, `em4_3`, `em4_4`, `em4_5`, `text5_0`, `text5_1`, `BroadcastTextID5`, `lang5`, `Probability5`, `em5_0`, `em5_1`, `em5_2`, `em5_3`, `em5_4`, `em5_5`, `text6_0`, `text6_1`, `BroadcastTextID6`, `lang6`, `Probability6`, `em6_0`, `em6_1`, `em6_2`, `em6_3`, `em6_4`, `em6_5`, `text7_0`, `text7_1`, `BroadcastTextID7`, `lang7`, `Probability7`, `em7_0`, `em7_1`, `em7_2`, `em7_3`, `em7_4`, `em7_5`) VALUES ('8195', 'Imported from TC', 'I think Elder Splitrock has traveled to Maraudon in Desolace.', 'I think Elder Splitrock has traveled to Maraudon in Desolace.', '11597', '0', '1', '0', '1', '0', '0', '0', '0', '', '', NULL, '0', '0', '0', '0', '0', '0', '0', '0', '', '', NULL, '0', '0', '0', '0', '0', '0', '0', '0', '', '', NULL, '0', '0', '0', '0', '0', '0', '0', '0', '', '', NULL, '0', '0', '0', '0', '0', '0', '0', '0', '', '', NULL, '0', '0', '0', '0', '0', '0', '0', '0', '', '', NULL, '0', '0', '0', '0', '0', '0', '0', '0', '', '', NULL, '0', '0', '0', '0', '0', '0', '0', '0');
INSERT INTO gossip_menu (`MenuID`, `TextID`) VALUES ('21131', '8195');
INSERT INTO gossip_menu_option (`MenuID`, `OptionID`, `OptionIcon`, `OptionText`, `OptionBroadcastTextID`, `OptionType`, `OptionNpcFlag`, `ActionMenuID`, `ActionPoiID`, `BoxCoded`, `BoxMoney`, `BoxText`, `BoxBroadcastTextID`) VALUES ('21020', '3', '0', 'Where is Elder Splitrock?', '11596', '1', '1', '21131', NULL, '0', '0', '', NULL);
INSERT INTO conditions (`SourceTypeOrReferenceId`, `SourceGroup`, `SourceEntry`, `SourceId`, `ElseGroup`, `ConditionTypeOrReference`, `ConditionTarget`, `ConditionValue1`, `ConditionValue2`, `ConditionValue3`, `NegativeCondition`, `ErrorType`, `ErrorTextId`, `ScriptName`, `Comment`) VALUES ('15', '21020', '1', '0', '0', '14', '0', '8685', '0', '0', '0', '0', '0', '', '(autoimported) ');
INSERT INTO conditions (`SourceTypeOrReferenceId`, `SourceGroup`, `SourceEntry`, `SourceId`, `ElseGroup`, `ConditionTypeOrReference`, `ConditionTarget`, `ConditionValue1`, `ConditionValue2`, `ConditionValue3`, `NegativeCondition`, `ErrorType`, `ErrorTextId`, `ScriptName`, `Comment`) VALUES ('15', '21020', '2', '0', '0', '14', '0', '8724', '0', '0', '0', '0', '0', '', '(autoimported) ');
INSERT INTO conditions (`SourceTypeOrReferenceId`, `SourceGroup`, `SourceEntry`, `SourceId`, `ElseGroup`, `ConditionTypeOrReference`, `ConditionTarget`, `ConditionValue1`, `ConditionValue2`, `ConditionValue3`, `NegativeCondition`, `ErrorType`, `ErrorTextId`, `ScriptName`, `Comment`) VALUES ('15', '21020', '3', '0', '0', '14', '0', '8635', '0', '0', '0', '0', '0', '', '(autoimported) ');
UPDATE creature_template SET npcflag = (npcflag | 1), gossip_menu_id = 21020 WHERE entry = 15581;


-- Importing creature gossip with entry 15588 (Elder High Mountain) with import type SMART
UPDATE creature_template SET ScriptName = '', AIName = 'SmartAI' WHERE entry = 15588;
DELETE FROM smart_scripts WHERE entryorguid = 15588 AND source_type = 0;
INSERT INTO smart_scripts (`entryorguid`, `source_type`, `id`, `link`, `event_type`, `event_phase_mask`, `event_chance`, `event_flags`, `event_param1`, `event_param2`, `event_param3`, `event_param4`, `event_param5`, `action_type`, `action_param1`, `action_param2`, `action_param3`, `action_param4`, `action_param5`, `action_param6`, `target_type`, `target_param1`, `target_param2`, `target_param3`, `target_param4`, `target_x`, `target_y`, `target_z`, `target_o`, `comment`) VALUES ('15588', '0', '0', '0', '11', '0', '100', '1', '0', '0', '0', '0', '0', '11', '25824', '0', '0', '0', '0', '0', '1', '0', '0', '0', '0', '0', '0', '0', '0', 'Elder High Mountain - On Respawn - Cast \'Spotlight\' (No Repeat) (Normal Dungeon)');
-- Text 7935 is already imported as 1872551
INSERT INTO gossip_menu (`MenuID`, `TextID`) VALUES ('21022', '1872551');
INSERT INTO gossip_text (`ID`, `comment`, `text0_0`, `text0_1`, `BroadcastTextID0`, `lang0`, `Probability0`, `em0_0`, `em0_1`, `em0_2`, `em0_3`, `em0_4`, `em0_5`, `text1_0`, `text1_1`, `BroadcastTextID1`, `lang1`, `Probability1`, `em1_0`, `em1_1`, `em1_2`, `em1_3`, `em1_4`, `em1_5`, `text2_0`, `text2_1`, `BroadcastTextID2`, `lang2`, `Probability2`, `em2_0`, `em2_1`, `em2_2`, `em2_3`, `em2_4`, `em2_5`, `text3_0`, `text3_1`, `BroadcastTextID3`, `lang3`, `Probability3`, `em3_0`, `em3_1`, `em3_2`, `em3_3`, `em3_4`, `em3_5`, `text4_0`, `text4_1`, `BroadcastTextID4`, `lang4`, `Probability4`, `em4_0`, `em4_1`, `em4_2`, `em4_3`, `em4_4`, `em4_5`, `text5_0`, `text5_1`, `BroadcastTextID5`, `lang5`, `Probability5`, `em5_0`, `em5_1`, `em5_2`, `em5_3`, `em5_4`, `em5_5`, `text6_0`, `text6_1`, `BroadcastTextID6`, `lang6`, `Probability6`, `em6_0`, `em6_1`, `em6_2`, `em6_3`, `em6_4`, `em6_5`, `text7_0`, `text7_1`, `BroadcastTextID7`, `lang7`, `Probability7`, `em7_0`, `em7_1`, `em7_2`, `em7_3`, `em7_4`, `em7_5`) VALUES ('8184', 'Imported from TC', 'Elder Bloodhoof can be found at Bloodhoof Village in Mulgore.', 'Elder Bloodhoof can be found at Bloodhoof Village in Mulgore.', '11575', '0', '1', '0', '1', '0', '0', '0', '0', '', '', NULL, '0', '0', '0', '0', '0', '0', '0', '0', '', '', NULL, '0', '0', '0', '0', '0', '0', '0', '0', '', '', NULL, '0', '0', '0', '0', '0', '0', '0', '0', '', '', NULL, '0', '0', '0', '0', '0', '0', '0', '0', '', '', NULL, '0', '0', '0', '0', '0', '0', '0', '0', '', '', NULL, '0', '0', '0', '0', '0', '0', '0', '0', '', '', NULL, '0', '0', '0', '0', '0', '0', '0', '0');
INSERT INTO gossip_menu (`MenuID`, `TextID`) VALUES ('21081', '8184');
INSERT INTO gossip_menu_option (`MenuID`, `OptionID`, `OptionIcon`, `OptionText`, `OptionBroadcastTextID`, `OptionType`, `OptionNpcFlag`, `ActionMenuID`, `ActionPoiID`, `BoxCoded`, `BoxMoney`, `BoxText`, `BoxBroadcastTextID`) VALUES ('21022', '1', '0', 'Where is Elder Bloodhoof?', '11574', '1', '1', '21081', NULL, '0', '0', '', NULL);
-- Menu 21107 is already imported
INSERT INTO gossip_menu_option (`MenuID`, `OptionID`, `OptionIcon`, `OptionText`, `OptionBroadcastTextID`, `OptionType`, `OptionNpcFlag`, `ActionMenuID`, `ActionPoiID`, `BoxCoded`, `BoxMoney`, `BoxText`, `BoxBroadcastTextID`) VALUES ('21022', '2', '0', 'Where is Elder Moonwarden?', '11580', '1', '1', '21107', NULL, '0', '0', '', NULL);
-- Menu 21109 is already imported
INSERT INTO gossip_menu_option (`MenuID`, `OptionID`, `OptionIcon`, `OptionText`, `OptionBroadcastTextID`, `OptionType`, `OptionNpcFlag`, `ActionMenuID`, `ActionPoiID`, `BoxCoded`, `BoxMoney`, `BoxText`, `BoxBroadcastTextID`) VALUES ('21022', '3', '0', 'Where is Elder Morningdew?', '11586', '1', '1', '21109', NULL, '0', '0', '', NULL);
-- Menu 21122 is already imported
INSERT INTO gossip_menu_option (`MenuID`, `OptionID`, `OptionIcon`, `OptionText`, `OptionBroadcastTextID`, `OptionType`, `OptionNpcFlag`, `ActionMenuID`, `ActionPoiID`, `BoxCoded`, `BoxMoney`, `BoxText`, `BoxBroadcastTextID`) VALUES ('21022', '4', '0', 'Where is Elder Runetotem?', '11588', '1', '1', '21122', NULL, '0', '0', '', NULL);
-- Menu 21147 is already imported
INSERT INTO gossip_menu_option (`MenuID`, `OptionID`, `OptionIcon`, `OptionText`, `OptionBroadcastTextID`, `OptionType`, `OptionNpcFlag`, `ActionMenuID`, `ActionPoiID`, `BoxCoded`, `BoxMoney`, `BoxText`, `BoxBroadcastTextID`) VALUES ('21022', '5', '0', 'Where is Elder Windtotem?', '11576', '1', '1', '21147', NULL, '0', '0', '', NULL);
INSERT INTO conditions (`SourceTypeOrReferenceId`, `SourceGroup`, `SourceEntry`, `SourceId`, `ElseGroup`, `ConditionTypeOrReference`, `ConditionTarget`, `ConditionValue1`, `ConditionValue2`, `ConditionValue3`, `NegativeCondition`, `ErrorType`, `ErrorTextId`, `ScriptName`, `Comment`) VALUES ('15', '21022', '1', '0', '0', '14', '0', '8673', '0', '0', '0', '0', '0', '', '(autoimported) ');
INSERT INTO conditions (`SourceTypeOrReferenceId`, `SourceGroup`, `SourceEntry`, `SourceId`, `ElseGroup`, `ConditionTypeOrReference`, `ConditionTarget`, `ConditionValue1`, `ConditionValue2`, `ConditionValue3`, `NegativeCondition`, `ErrorType`, `ErrorTextId`, `ScriptName`, `Comment`) VALUES ('15', '21022', '2', '0', '0', '14', '0', '8717', '0', '0', '0', '0', '0', '', '(autoimported) ');
INSERT INTO conditions (`SourceTypeOrReferenceId`, `SourceGroup`, `SourceEntry`, `SourceId`, `ElseGroup`, `ConditionTypeOrReference`, `ConditionTarget`, `ConditionValue1`, `ConditionValue2`, `ConditionValue3`, `NegativeCondition`, `ErrorType`, `ErrorTextId`, `ScriptName`, `Comment`) VALUES ('15', '21022', '3', '0', '0', '14', '0', '8724', '0', '0', '0', '0', '0', '', '(autoimported) ');
INSERT INTO conditions (`SourceTypeOrReferenceId`, `SourceGroup`, `SourceEntry`, `SourceId`, `ElseGroup`, `ConditionTypeOrReference`, `ConditionTarget`, `ConditionValue1`, `ConditionValue2`, `ConditionValue3`, `NegativeCondition`, `ErrorType`, `ErrorTextId`, `ScriptName`, `Comment`) VALUES ('15', '21022', '4', '0', '0', '14', '0', '8670', '0', '0', '0', '0', '0', '', '(autoimported) ');
INSERT INTO conditions (`SourceTypeOrReferenceId`, `SourceGroup`, `SourceEntry`, `SourceId`, `ElseGroup`, `ConditionTypeOrReference`, `ConditionTarget`, `ConditionValue1`, `ConditionValue2`, `ConditionValue3`, `NegativeCondition`, `ErrorType`, `ErrorTextId`, `ScriptName`, `Comment`) VALUES ('15', '21022', '5', '0', '0', '14', '0', '8680', '0', '0', '0', '0', '0', '', '(autoimported) ');
UPDATE creature_template SET npcflag = (npcflag | 1), gossip_menu_id = 21022 WHERE entry = 15588;


-- Importing creature gossip with entry 15559 (Elder Highpeak) with import type SMART
UPDATE creature_template SET ScriptName = '', AIName = 'SmartAI' WHERE entry = 15559;
DELETE FROM smart_scripts WHERE entryorguid = 15559 AND source_type = 0;
INSERT INTO smart_scripts (`entryorguid`, `source_type`, `id`, `link`, `event_type`, `event_phase_mask`, `event_chance`, `event_flags`, `event_param1`, `event_param2`, `event_param3`, `event_param4`, `event_param5`, `action_type`, `action_param1`, `action_param2`, `action_param3`, `action_param4`, `action_param5`, `action_param6`, `target_type`, `target_param1`, `target_param2`, `target_param3`, `target_param4`, `target_x`, `target_y`, `target_z`, `target_o`, `comment`) VALUES ('15559', '0', '0', '0', '11', '0', '100', '1', '0', '0', '0', '0', '0', '11', '25824', '0', '0', '0', '0', '0', '1', '0', '0', '0', '0', '0', '0', '0', '0', 'Elder Highpeak - On Respawn - Cast \'Spotlight\' (No Repeat) (Normal Dungeon)');
-- Text 7933 is already imported
INSERT INTO gossip_menu (`MenuID`, `TextID`) VALUES ('21023', '7933');
-- Menu 21106 is already imported
INSERT INTO gossip_menu_option (`MenuID`, `OptionID`, `OptionIcon`, `OptionText`, `OptionBroadcastTextID`, `OptionType`, `OptionNpcFlag`, `ActionMenuID`, `ActionPoiID`, `BoxCoded`, `BoxMoney`, `BoxText`, `BoxBroadcastTextID`) VALUES ('21023', '1', '0', 'Where is Elder Moonstrike?', '11491', '1', '1', '21106', NULL, '0', '0', '', NULL);
INSERT INTO conditions (`SourceTypeOrReferenceId`, `SourceGroup`, `SourceEntry`, `SourceId`, `ElseGroup`, `ConditionTypeOrReference`, `ConditionTarget`, `ConditionValue1`, `ConditionValue2`, `ConditionValue3`, `NegativeCondition`, `ErrorType`, `ErrorTextId`, `ScriptName`, `Comment`) VALUES ('15', '21023', '1', '0', '0', '14', '0', '8714', '0', '0', '0', '0', '0', '', '(autoimported) ');
UPDATE creature_template SET npcflag = (npcflag | 1), gossip_menu_id = 21023 WHERE entry = 15559;


-- Importing creature gossip with entry 15567 (Elder Ironband) with import type SMART
UPDATE creature_template SET ScriptName = '', AIName = 'SmartAI' WHERE entry = 15567;
DELETE FROM smart_scripts WHERE entryorguid = 15567 AND source_type = 0;
INSERT INTO smart_scripts (`entryorguid`, `source_type`, `id`, `link`, `event_type`, `event_phase_mask`, `event_chance`, `event_flags`, `event_param1`, `event_param2`, `event_param3`, `event_param4`, `event_param5`, `action_type`, `action_param1`, `action_param2`, `action_param3`, `action_param4`, `action_param5`, `action_param6`, `target_type`, `target_param1`, `target_param2`, `target_param3`, `target_param4`, `target_x`, `target_y`, `target_z`, `target_o`, `comment`) VALUES ('15567', '0', '0', '0', '11', '0', '100', '1', '0', '0', '0', '0', '0', '11', '25824', '0', '0', '0', '0', '0', '1', '0', '0', '0', '0', '0', '0', '0', '0', 'Elder Ironband - On Respawn - Cast \'Spotlight\' (No Repeat) (Normal Dungeon)');
-- Text 7933 is already imported
INSERT INTO gossip_menu (`MenuID`, `TextID`) VALUES ('21025', '7933');
-- Menu 21084 is already imported as 57137
INSERT INTO gossip_menu_option (`MenuID`, `OptionID`, `OptionIcon`, `OptionText`, `OptionBroadcastTextID`, `OptionType`, `OptionNpcFlag`, `ActionMenuID`, `ActionPoiID`, `BoxCoded`, `BoxMoney`, `BoxText`, `BoxBroadcastTextID`) VALUES ('21025', '1', '0', 'Where is Elder Bronzebeard?', '11512', '1', '1', '57137', NULL, '0', '0', '', NULL);
INSERT INTO gossip_text (`ID`, `comment`, `text0_0`, `text0_1`, `BroadcastTextID0`, `lang0`, `Probability0`, `em0_0`, `em0_1`, `em0_2`, `em0_3`, `em0_4`, `em0_5`, `text1_0`, `text1_1`, `BroadcastTextID1`, `lang1`, `Probability1`, `em1_0`, `em1_1`, `em1_2`, `em1_3`, `em1_4`, `em1_5`, `text2_0`, `text2_1`, `BroadcastTextID2`, `lang2`, `Probability2`, `em2_0`, `em2_1`, `em2_2`, `em2_3`, `em2_4`, `em2_5`, `text3_0`, `text3_1`, `BroadcastTextID3`, `lang3`, `Probability3`, `em3_0`, `em3_1`, `em3_2`, `em3_3`, `em3_4`, `em3_5`, `text4_0`, `text4_1`, `BroadcastTextID4`, `lang4`, `Probability4`, `em4_0`, `em4_1`, `em4_2`, `em4_3`, `em4_4`, `em4_5`, `text5_0`, `text5_1`, `BroadcastTextID5`, `lang5`, `Probability5`, `em5_0`, `em5_1`, `em5_2`, `em5_3`, `em5_4`, `em5_5`, `text6_0`, `text6_1`, `BroadcastTextID6`, `lang6`, `Probability6`, `em6_0`, `em6_1`, `em6_2`, `em6_3`, `em6_4`, `em6_5`, `text7_0`, `text7_1`, `BroadcastTextID7`, `lang7`, `Probability7`, `em7_0`, `em7_1`, `em7_2`, `em7_3`, `em7_4`, `em7_5`) VALUES ('8158', 'Imported from TC', 'Elder Goldwell spends his time in the village of Kharanos in Dun Morogh.', 'Elder Goldwell spends his time in the village of Kharanos in Dun Morogh.', '11510', '0', '1', '0', '1', '0', '0', '0', '0', '', '', NULL, '0', '0', '0', '0', '0', '0', '0', '0', '', '', NULL, '0', '0', '0', '0', '0', '0', '0', '0', '', '', NULL, '0', '0', '0', '0', '0', '0', '0', '0', '', '', NULL, '0', '0', '0', '0', '0', '0', '0', '0', '', '', NULL, '0', '0', '0', '0', '0', '0', '0', '0', '', '', NULL, '0', '0', '0', '0', '0', '0', '0', '0', '', '', NULL, '0', '0', '0', '0', '0', '0', '0', '0');
INSERT INTO gossip_menu (`MenuID`, `TextID`) VALUES ('21092', '8158');
INSERT INTO gossip_menu_option (`MenuID`, `OptionID`, `OptionIcon`, `OptionText`, `OptionBroadcastTextID`, `OptionType`, `OptionNpcFlag`, `ActionMenuID`, `ActionPoiID`, `BoxCoded`, `BoxMoney`, `BoxText`, `BoxBroadcastTextID`) VALUES ('21025', '2', '0', 'Where is Elder Goldwell?', '11509', '1', '1', '21092', NULL, '0', '0', '', NULL);
INSERT INTO gossip_text (`ID`, `comment`, `text0_0`, `text0_1`, `BroadcastTextID0`, `lang0`, `Probability0`, `em0_0`, `em0_1`, `em0_2`, `em0_3`, `em0_4`, `em0_5`, `text1_0`, `text1_1`, `BroadcastTextID1`, `lang1`, `Probability1`, `em1_0`, `em1_1`, `em1_2`, `em1_3`, `em1_4`, `em1_5`, `text2_0`, `text2_1`, `BroadcastTextID2`, `lang2`, `Probability2`, `em2_0`, `em2_1`, `em2_2`, `em2_3`, `em2_4`, `em2_5`, `text3_0`, `text3_1`, `BroadcastTextID3`, `lang3`, `Probability3`, `em3_0`, `em3_1`, `em3_2`, `em3_3`, `em3_4`, `em3_5`, `text4_0`, `text4_1`, `BroadcastTextID4`, `lang4`, `Probability4`, `em4_0`, `em4_1`, `em4_2`, `em4_3`, `em4_4`, `em4_5`, `text5_0`, `text5_1`, `BroadcastTextID5`, `lang5`, `Probability5`, `em5_0`, `em5_1`, `em5_2`, `em5_3`, `em5_4`, `em5_5`, `text6_0`, `text6_1`, `BroadcastTextID6`, `lang6`, `Probability6`, `em6_0`, `em6_1`, `em6_2`, `em6_3`, `em6_4`, `em6_5`, `text7_0`, `text7_1`, `BroadcastTextID7`, `lang7`, `Probability7`, `em7_0`, `em7_1`, `em7_2`, `em7_3`, `em7_4`, `em7_5`) VALUES ('8166', 'Imported from TC', 'Elder Morndeep spends time at the Ring of Law in Blackrock Depths.', 'Elder Morndeep spends time at the Ring of Law in Blackrock Depths.', '11531', '0', '1', '0', '1', '0', '0', '0', '0', '', '', NULL, '0', '0', '0', '0', '0', '0', '0', '0', '', '', NULL, '0', '0', '0', '0', '0', '0', '0', '0', '', '', NULL, '0', '0', '0', '0', '0', '0', '0', '0', '', '', NULL, '0', '0', '0', '0', '0', '0', '0', '0', '', '', NULL, '0', '0', '0', '0', '0', '0', '0', '0', '', '', NULL, '0', '0', '0', '0', '0', '0', '0', '0', '', '', NULL, '0', '0', '0', '0', '0', '0', '0', '0');
INSERT INTO gossip_menu (`MenuID`, `TextID`) VALUES ('21108', '8166');
INSERT INTO gossip_menu_option (`MenuID`, `OptionID`, `OptionIcon`, `OptionText`, `OptionBroadcastTextID`, `OptionType`, `OptionNpcFlag`, `ActionMenuID`, `ActionPoiID`, `BoxCoded`, `BoxMoney`, `BoxText`, `BoxBroadcastTextID`) VALUES ('21025', '3', '0', 'Where is Elder Morndeep?', '11530', '1', '1', '21108', NULL, '0', '0', '', NULL);
-- Menu 21125 is already imported
INSERT INTO gossip_menu_option (`MenuID`, `OptionID`, `OptionIcon`, `OptionText`, `OptionBroadcastTextID`, `OptionType`, `OptionNpcFlag`, `ActionMenuID`, `ActionPoiID`, `BoxCoded`, `BoxMoney`, `BoxText`, `BoxBroadcastTextID`) VALUES ('21025', '4', '0', 'Where is Elder Silvervein?', '11516', '1', '1', '21125', NULL, '0', '0', '', NULL);
INSERT INTO gossip_text (`ID`, `comment`, `text0_0`, `text0_1`, `BroadcastTextID0`, `lang0`, `Probability0`, `em0_0`, `em0_1`, `em0_2`, `em0_3`, `em0_4`, `em0_5`, `text1_0`, `text1_1`, `BroadcastTextID1`, `lang1`, `Probability1`, `em1_0`, `em1_1`, `em1_2`, `em1_3`, `em1_4`, `em1_5`, `text2_0`, `text2_1`, `BroadcastTextID2`, `lang2`, `Probability2`, `em2_0`, `em2_1`, `em2_2`, `em2_3`, `em2_4`, `em2_5`, `text3_0`, `text3_1`, `BroadcastTextID3`, `lang3`, `Probability3`, `em3_0`, `em3_1`, `em3_2`, `em3_3`, `em3_4`, `em3_5`, `text4_0`, `text4_1`, `BroadcastTextID4`, `lang4`, `Probability4`, `em4_0`, `em4_1`, `em4_2`, `em4_3`, `em4_4`, `em4_5`, `text5_0`, `text5_1`, `BroadcastTextID5`, `lang5`, `Probability5`, `em5_0`, `em5_1`, `em5_2`, `em5_3`, `em5_4`, `em5_5`, `text6_0`, `text6_1`, `BroadcastTextID6`, `lang6`, `Probability6`, `em6_0`, `em6_1`, `em6_2`, `em6_3`, `em6_4`, `em6_5`, `text7_0`, `text7_1`, `BroadcastTextID7`, `lang7`, `Probability7`, `em7_0`, `em7_1`, `em7_2`, `em7_3`, `em7_4`, `em7_5`) VALUES ('8167', 'Imported from TC', 'Elder Stonefort has taken to the dungeons of Blackrock Spire.', 'Elder Stonefort has taken to the dungeons of Blackrock Spire.', '11533', '0', '1', '0', '1', '0', '0', '0', '0', '', '', NULL, '0', '0', '0', '0', '0', '0', '0', '0', '', '', NULL, '0', '0', '0', '0', '0', '0', '0', '0', '', '', NULL, '0', '0', '0', '0', '0', '0', '0', '0', '', '', NULL, '0', '0', '0', '0', '0', '0', '0', '0', '', '', NULL, '0', '0', '0', '0', '0', '0', '0', '0', '', '', NULL, '0', '0', '0', '0', '0', '0', '0', '0', '', '', NULL, '0', '0', '0', '0', '0', '0', '0', '0');
INSERT INTO gossip_menu (`MenuID`, `TextID`) VALUES ('21136', '8167');
INSERT INTO gossip_menu_option (`MenuID`, `OptionID`, `OptionIcon`, `OptionText`, `OptionBroadcastTextID`, `OptionType`, `OptionNpcFlag`, `ActionMenuID`, `ActionPoiID`, `BoxCoded`, `BoxMoney`, `BoxText`, `BoxBroadcastTextID`) VALUES ('21025', '5', '0', 'Where is Elder Stonefort?', '11532', '1', '1', '21136', NULL, '0', '0', '', NULL);
INSERT INTO conditions (`SourceTypeOrReferenceId`, `SourceGroup`, `SourceEntry`, `SourceId`, `ElseGroup`, `ConditionTypeOrReference`, `ConditionTarget`, `ConditionValue1`, `ConditionValue2`, `ConditionValue3`, `NegativeCondition`, `ErrorType`, `ErrorTextId`, `ScriptName`, `Comment`) VALUES ('15', '21025', '1', '0', '0', '14', '0', '8866', '0', '0', '0', '0', '0', '', '(autoimported) ');
INSERT INTO conditions (`SourceTypeOrReferenceId`, `SourceGroup`, `SourceEntry`, `SourceId`, `ElseGroup`, `ConditionTypeOrReference`, `ConditionTarget`, `ConditionValue1`, `ConditionValue2`, `ConditionValue3`, `NegativeCondition`, `ErrorType`, `ErrorTextId`, `ScriptName`, `Comment`) VALUES ('15', '21025', '2', '0', '0', '14', '0', '8653', '0', '0', '0', '0', '0', '', '(autoimported) ');
INSERT INTO conditions (`SourceTypeOrReferenceId`, `SourceGroup`, `SourceEntry`, `SourceId`, `ElseGroup`, `ConditionTypeOrReference`, `ConditionTarget`, `ConditionValue1`, `ConditionValue2`, `ConditionValue3`, `NegativeCondition`, `ErrorType`, `ErrorTextId`, `ScriptName`, `Comment`) VALUES ('15', '21025', '3', '0', '0', '14', '0', '8619', '0', '0', '0', '0', '0', '', '(autoimported) ');
INSERT INTO conditions (`SourceTypeOrReferenceId`, `SourceGroup`, `SourceEntry`, `SourceId`, `ElseGroup`, `ConditionTypeOrReference`, `ConditionTarget`, `ConditionValue1`, `ConditionValue2`, `ConditionValue3`, `NegativeCondition`, `ErrorType`, `ErrorTextId`, `ScriptName`, `Comment`) VALUES ('15', '21025', '4', '0', '0', '14', '0', '8642', '0', '0', '0', '0', '0', '', '(autoimported) ');
INSERT INTO conditions (`SourceTypeOrReferenceId`, `SourceGroup`, `SourceEntry`, `SourceId`, `ElseGroup`, `ConditionTypeOrReference`, `ConditionTarget`, `ConditionValue1`, `ConditionValue2`, `ConditionValue3`, `NegativeCondition`, `ErrorType`, `ErrorTextId`, `ScriptName`, `Comment`) VALUES ('15', '21025', '5', '0', '0', '14', '0', '8644', '0', '0', '0', '0', '0', '', '(autoimported) ');
UPDATE creature_template SET npcflag = (npcflag | 1), gossip_menu_id = 21025 WHERE entry = 15567;


-- Importing creature gossip with entry 15587 (Elder Mistwalker) with import type SMART
UPDATE creature_template SET ScriptName = '', AIName = 'SmartAI' WHERE entry = 15587;
DELETE FROM smart_scripts WHERE entryorguid = 15587 AND source_type = 0;
INSERT INTO smart_scripts (`entryorguid`, `source_type`, `id`, `link`, `event_type`, `event_phase_mask`, `event_chance`, `event_flags`, `event_param1`, `event_param2`, `event_param3`, `event_param4`, `event_param5`, `action_type`, `action_param1`, `action_param2`, `action_param3`, `action_param4`, `action_param5`, `action_param6`, `target_type`, `target_param1`, `target_param2`, `target_param3`, `target_param4`, `target_x`, `target_y`, `target_z`, `target_o`, `comment`) VALUES ('15587', '0', '0', '0', '11', '0', '100', '1', '0', '0', '0', '0', '0', '11', '25824', '0', '0', '0', '0', '0', '1', '0', '0', '0', '0', '0', '0', '0', '0', 'Elder Mistwalker - On Respawn - Cast \'Spotlight\' (No Repeat) (Normal Dungeon)');
-- Text 7956 is already imported as 1872726
INSERT INTO gossip_menu (`MenuID`, `TextID`) VALUES ('21030', '1872726');
INSERT INTO gossip_text (`ID`, `comment`, `text0_0`, `text0_1`, `BroadcastTextID0`, `lang0`, `Probability0`, `em0_0`, `em0_1`, `em0_2`, `em0_3`, `em0_4`, `em0_5`, `text1_0`, `text1_1`, `BroadcastTextID1`, `lang1`, `Probability1`, `em1_0`, `em1_1`, `em1_2`, `em1_3`, `em1_4`, `em1_5`, `text2_0`, `text2_1`, `BroadcastTextID2`, `lang2`, `Probability2`, `em2_0`, `em2_1`, `em2_2`, `em2_3`, `em2_4`, `em2_5`, `text3_0`, `text3_1`, `BroadcastTextID3`, `lang3`, `Probability3`, `em3_0`, `em3_1`, `em3_2`, `em3_3`, `em3_4`, `em3_5`, `text4_0`, `text4_1`, `BroadcastTextID4`, `lang4`, `Probability4`, `em4_0`, `em4_1`, `em4_2`, `em4_3`, `em4_4`, `em4_5`, `text5_0`, `text5_1`, `BroadcastTextID5`, `lang5`, `Probability5`, `em5_0`, `em5_1`, `em5_2`, `em5_3`, `em5_4`, `em5_5`, `text6_0`, `text6_1`, `BroadcastTextID6`, `lang6`, `Probability6`, `em6_0`, `em6_1`, `em6_2`, `em6_3`, `em6_4`, `em6_5`, `text7_0`, `text7_1`, `BroadcastTextID7`, `lang7`, `Probability7`, `em7_0`, `em7_1`, `em7_2`, `em7_3`, `em7_4`, `em7_5`) VALUES ('8192', 'Imported from TC', 'You\'ll find Elder Grimtotem at the Lariss Pavilion in Feralas.', 'You\'ll find Elder Grimtotem at the Lariss Pavilion in Feralas.', '11591', '0', '1', '0', '1', '0', '0', '0', '0', '', '', NULL, '0', '0', '0', '0', '0', '0', '0', '0', '', '', NULL, '0', '0', '0', '0', '0', '0', '0', '0', '', '', NULL, '0', '0', '0', '0', '0', '0', '0', '0', '', '', NULL, '0', '0', '0', '0', '0', '0', '0', '0', '', '', NULL, '0', '0', '0', '0', '0', '0', '0', '0', '', '', NULL, '0', '0', '0', '0', '0', '0', '0', '0', '', '', NULL, '0', '0', '0', '0', '0', '0', '0', '0');
INSERT INTO gossip_menu (`MenuID`, `TextID`) VALUES ('21095', '8192');
INSERT INTO gossip_menu_option (`MenuID`, `OptionID`, `OptionIcon`, `OptionText`, `OptionBroadcastTextID`, `OptionType`, `OptionNpcFlag`, `ActionMenuID`, `ActionPoiID`, `BoxCoded`, `BoxMoney`, `BoxText`, `BoxBroadcastTextID`) VALUES ('21030', '1', '0', 'Where is Elder Grimtotem?', '11590', '1', '1', '21095', NULL, '0', '0', '', NULL);
-- Menu 21109 is already imported
INSERT INTO gossip_menu_option (`MenuID`, `OptionID`, `OptionIcon`, `OptionText`, `OptionBroadcastTextID`, `OptionType`, `OptionNpcFlag`, `ActionMenuID`, `ActionPoiID`, `BoxCoded`, `BoxMoney`, `BoxText`, `BoxBroadcastTextID`) VALUES ('21030', '2', '0', 'Where is Elder Morningdew?', '11586', '1', '1', '21109', NULL, '0', '0', '', NULL);
-- Menu 21131 is already imported
INSERT INTO gossip_menu_option (`MenuID`, `OptionID`, `OptionIcon`, `OptionText`, `OptionBroadcastTextID`, `OptionType`, `OptionNpcFlag`, `ActionMenuID`, `ActionPoiID`, `BoxCoded`, `BoxMoney`, `BoxText`, `BoxBroadcastTextID`) VALUES ('21030', '3', '0', 'Where is Elder Splitrock?', '11596', '1', '1', '21131', NULL, '0', '0', '', NULL);
INSERT INTO conditions (`SourceTypeOrReferenceId`, `SourceGroup`, `SourceEntry`, `SourceId`, `ElseGroup`, `ConditionTypeOrReference`, `ConditionTarget`, `ConditionValue1`, `ConditionValue2`, `ConditionValue3`, `NegativeCondition`, `ErrorType`, `ErrorTextId`, `ScriptName`, `Comment`) VALUES ('15', '21030', '1', '0', '0', '14', '0', '8679', '0', '0', '0', '0', '0', '', '(autoimported) ');
INSERT INTO conditions (`SourceTypeOrReferenceId`, `SourceGroup`, `SourceEntry`, `SourceId`, `ElseGroup`, `ConditionTypeOrReference`, `ConditionTarget`, `ConditionValue1`, `ConditionValue2`, `ConditionValue3`, `NegativeCondition`, `ErrorType`, `ErrorTextId`, `ScriptName`, `Comment`) VALUES ('15', '21030', '2', '0', '0', '14', '0', '8724', '0', '0', '0', '0', '0', '', '(autoimported) ');
INSERT INTO conditions (`SourceTypeOrReferenceId`, `SourceGroup`, `SourceEntry`, `SourceId`, `ElseGroup`, `ConditionTypeOrReference`, `ConditionTarget`, `ConditionValue1`, `ConditionValue2`, `ConditionValue3`, `NegativeCondition`, `ErrorType`, `ErrorTextId`, `ScriptName`, `Comment`) VALUES ('15', '21030', '3', '0', '0', '14', '0', '8635', '0', '0', '0', '0', '0', '', '(autoimported) ');
UPDATE creature_template SET npcflag = (npcflag | 1), gossip_menu_id = 21030 WHERE entry = 15587;


-- Importing creature gossip with entry 15597 (Elder Moonwarden) with import type SMART
UPDATE creature_template SET ScriptName = '', AIName = 'SmartAI' WHERE entry = 15597;
DELETE FROM smart_scripts WHERE entryorguid = 15597 AND source_type = 0;
INSERT INTO smart_scripts (`entryorguid`, `source_type`, `id`, `link`, `event_type`, `event_phase_mask`, `event_chance`, `event_flags`, `event_param1`, `event_param2`, `event_param3`, `event_param4`, `event_param5`, `action_type`, `action_param1`, `action_param2`, `action_param3`, `action_param4`, `action_param5`, `action_param6`, `target_type`, `target_param1`, `target_param2`, `target_param3`, `target_param4`, `target_x`, `target_y`, `target_z`, `target_o`, `comment`) VALUES ('15597', '0', '0', '0', '11', '0', '100', '1', '0', '0', '0', '0', '0', '11', '25824', '0', '0', '0', '0', '0', '1', '0', '0', '0', '0', '0', '0', '0', '0', 'Elder Moonwarden - On Respawn - Cast \'Spotlight\' (No Repeat) (Normal Dungeon)');
-- Text 7956 is already imported as 1872726
INSERT INTO gossip_menu (`MenuID`, `TextID`) VALUES ('21032', '1872726');
-- Menu 21081 is already imported
INSERT INTO gossip_menu_option (`MenuID`, `OptionID`, `OptionIcon`, `OptionText`, `OptionBroadcastTextID`, `OptionType`, `OptionNpcFlag`, `ActionMenuID`, `ActionPoiID`, `BoxCoded`, `BoxMoney`, `BoxText`, `BoxBroadcastTextID`) VALUES ('21032', '1', '0', 'Where is Elder Bloodhoof?', '11574', '1', '1', '21081', NULL, '0', '0', '', NULL);
-- Menu 21097 is already imported
INSERT INTO gossip_menu_option (`MenuID`, `OptionID`, `OptionIcon`, `OptionText`, `OptionBroadcastTextID`, `OptionType`, `OptionNpcFlag`, `ActionMenuID`, `ActionPoiID`, `BoxCoded`, `BoxMoney`, `BoxText`, `BoxBroadcastTextID`) VALUES ('21032', '2', '0', 'Where is Elder High Mountain?', '11578', '1', '1', '21097', NULL, '0', '0', '', NULL);
-- Menu 21109 is already imported
INSERT INTO gossip_menu_option (`MenuID`, `OptionID`, `OptionIcon`, `OptionText`, `OptionBroadcastTextID`, `OptionType`, `OptionNpcFlag`, `ActionMenuID`, `ActionPoiID`, `BoxCoded`, `BoxMoney`, `BoxText`, `BoxBroadcastTextID`) VALUES ('21032', '3', '0', 'Where is Elder Morningdew?', '11586', '1', '1', '21109', NULL, '0', '0', '', NULL);
-- Menu 21122 is already imported
INSERT INTO gossip_menu_option (`MenuID`, `OptionID`, `OptionIcon`, `OptionText`, `OptionBroadcastTextID`, `OptionType`, `OptionNpcFlag`, `ActionMenuID`, `ActionPoiID`, `BoxCoded`, `BoxMoney`, `BoxText`, `BoxBroadcastTextID`) VALUES ('21032', '4', '0', 'Where is Elder Runetotem?', '11588', '1', '1', '21122', NULL, '0', '0', '', NULL);
-- Menu 21147 is already imported
INSERT INTO gossip_menu_option (`MenuID`, `OptionID`, `OptionIcon`, `OptionText`, `OptionBroadcastTextID`, `OptionType`, `OptionNpcFlag`, `ActionMenuID`, `ActionPoiID`, `BoxCoded`, `BoxMoney`, `BoxText`, `BoxBroadcastTextID`) VALUES ('21032', '5', '0', 'Where is Elder Windtotem?', '11576', '1', '1', '21147', NULL, '0', '0', '', NULL);
INSERT INTO conditions (`SourceTypeOrReferenceId`, `SourceGroup`, `SourceEntry`, `SourceId`, `ElseGroup`, `ConditionTypeOrReference`, `ConditionTarget`, `ConditionValue1`, `ConditionValue2`, `ConditionValue3`, `NegativeCondition`, `ErrorType`, `ErrorTextId`, `ScriptName`, `Comment`) VALUES ('15', '21032', '1', '0', '0', '14', '0', '8673', '0', '0', '0', '0', '0', '', '(autoimported) ');
INSERT INTO conditions (`SourceTypeOrReferenceId`, `SourceGroup`, `SourceEntry`, `SourceId`, `ElseGroup`, `ConditionTypeOrReference`, `ConditionTarget`, `ConditionValue1`, `ConditionValue2`, `ConditionValue3`, `NegativeCondition`, `ErrorType`, `ErrorTextId`, `ScriptName`, `Comment`) VALUES ('15', '21032', '2', '0', '0', '14', '0', '8686', '0', '0', '0', '0', '0', '', '(autoimported) ');
INSERT INTO conditions (`SourceTypeOrReferenceId`, `SourceGroup`, `SourceEntry`, `SourceId`, `ElseGroup`, `ConditionTypeOrReference`, `ConditionTarget`, `ConditionValue1`, `ConditionValue2`, `ConditionValue3`, `NegativeCondition`, `ErrorType`, `ErrorTextId`, `ScriptName`, `Comment`) VALUES ('15', '21032', '3', '0', '0', '14', '0', '8724', '0', '0', '0', '0', '0', '', '(autoimported) ');
INSERT INTO conditions (`SourceTypeOrReferenceId`, `SourceGroup`, `SourceEntry`, `SourceId`, `ElseGroup`, `ConditionTypeOrReference`, `ConditionTarget`, `ConditionValue1`, `ConditionValue2`, `ConditionValue3`, `NegativeCondition`, `ErrorType`, `ErrorTextId`, `ScriptName`, `Comment`) VALUES ('15', '21032', '4', '0', '0', '14', '0', '8670', '0', '0', '0', '0', '0', '', '(autoimported) ');
INSERT INTO conditions (`SourceTypeOrReferenceId`, `SourceGroup`, `SourceEntry`, `SourceId`, `ElseGroup`, `ConditionTypeOrReference`, `ConditionTarget`, `ConditionValue1`, `ConditionValue2`, `ConditionValue3`, `NegativeCondition`, `ErrorType`, `ErrorTextId`, `ScriptName`, `Comment`) VALUES ('15', '21032', '5', '0', '0', '14', '0', '8680', '0', '0', '0', '0', '0', '', '(autoimported) ');
UPDATE creature_template SET npcflag = (npcflag | 1), gossip_menu_id = 21032 WHERE entry = 15597;


-- Importing creature gossip with entry 15549 (Elder Morndeep) with import type SMART
UPDATE creature_template SET ScriptName = '', AIName = 'SmartAI' WHERE entry = 15549;
DELETE FROM smart_scripts WHERE entryorguid = 15549 AND source_type = 0;
INSERT INTO smart_scripts (`entryorguid`, `source_type`, `id`, `link`, `event_type`, `event_phase_mask`, `event_chance`, `event_flags`, `event_param1`, `event_param2`, `event_param3`, `event_param4`, `event_param5`, `action_type`, `action_param1`, `action_param2`, `action_param3`, `action_param4`, `action_param5`, `action_param6`, `target_type`, `target_param1`, `target_param2`, `target_param3`, `target_param4`, `target_x`, `target_y`, `target_z`, `target_o`, `comment`) VALUES ('15549', '0', '0', '0', '11', '0', '100', '1', '0', '0', '0', '0', '0', '11', '25824', '0', '0', '0', '0', '0', '1', '0', '0', '0', '0', '0', '0', '0', '0', 'Elder Morndeep - On Respawn - Cast \'Spotlight\' (No Repeat) (Normal Dungeon)');
-- Text 7933 is already imported
INSERT INTO gossip_menu (`MenuID`, `TextID`) VALUES ('21033', '7933');
-- Menu 21100 is already imported
INSERT INTO gossip_menu_option (`MenuID`, `OptionID`, `OptionIcon`, `OptionText`, `OptionBroadcastTextID`, `OptionType`, `OptionNpcFlag`, `ActionMenuID`, `ActionPoiID`, `BoxCoded`, `BoxMoney`, `BoxText`, `BoxBroadcastTextID`) VALUES ('21033', '1', '0', 'Where is Elder Ironband?', '11507', '1', '1', '21100', NULL, '0', '0', '', NULL);
INSERT INTO conditions (`SourceTypeOrReferenceId`, `SourceGroup`, `SourceEntry`, `SourceId`, `ElseGroup`, `ConditionTypeOrReference`, `ConditionTarget`, `ConditionValue1`, `ConditionValue2`, `ConditionValue3`, `NegativeCondition`, `ErrorType`, `ErrorTextId`, `ScriptName`, `Comment`) VALUES ('15', '21033', '1', '0', '0', '14', '0', '8651', '0', '0', '0', '0', '0', '', '(autoimported) ');
UPDATE creature_template SET npcflag = (npcflag | 1), gossip_menu_id = 21033 WHERE entry = 15549;


-- Importing creature gossip with entry 15604 (Elder Morningdew) with import type SMART
UPDATE creature_template SET ScriptName = '', AIName = 'SmartAI' WHERE entry = 15604;
DELETE FROM smart_scripts WHERE entryorguid = 15604 AND source_type = 0;
INSERT INTO smart_scripts (`entryorguid`, `source_type`, `id`, `link`, `event_type`, `event_phase_mask`, `event_chance`, `event_flags`, `event_param1`, `event_param2`, `event_param3`, `event_param4`, `event_param5`, `action_type`, `action_param1`, `action_param2`, `action_param3`, `action_param4`, `action_param5`, `action_param6`, `target_type`, `target_param1`, `target_param2`, `target_param3`, `target_param4`, `target_x`, `target_y`, `target_z`, `target_o`, `comment`) VALUES ('15604', '0', '0', '0', '11', '0', '100', '1', '0', '0', '0', '0', '0', '11', '25824', '0', '0', '0', '0', '0', '1', '0', '0', '0', '0', '0', '0', '0', '0', 'Elder Morningdew - On Respawn - Cast \'Spotlight\' (No Repeat) (Normal Dungeon)');
-- Text 7956 is already imported as 1872726
INSERT INTO gossip_menu (`MenuID`, `TextID`) VALUES ('21034', '1872726');
-- Menu 21095 is already imported
INSERT INTO gossip_menu_option (`MenuID`, `OptionID`, `OptionIcon`, `OptionText`, `OptionBroadcastTextID`, `OptionType`, `OptionNpcFlag`, `ActionMenuID`, `ActionPoiID`, `BoxCoded`, `BoxMoney`, `BoxText`, `BoxBroadcastTextID`) VALUES ('21034', '1', '0', 'Where is Elder Grimtotem?', '11590', '1', '1', '21095', NULL, '0', '0', '', NULL);
-- Menu 21097 is already imported
INSERT INTO gossip_menu_option (`MenuID`, `OptionID`, `OptionIcon`, `OptionText`, `OptionBroadcastTextID`, `OptionType`, `OptionNpcFlag`, `ActionMenuID`, `ActionPoiID`, `BoxCoded`, `BoxMoney`, `BoxText`, `BoxBroadcastTextID`) VALUES ('21034', '2', '0', 'Where is Elder High Mountain?', '11578', '1', '1', '21097', NULL, '0', '0', '', NULL);
-- Menu 21105 is already imported
INSERT INTO gossip_menu_option (`MenuID`, `OptionID`, `OptionIcon`, `OptionText`, `OptionBroadcastTextID`, `OptionType`, `OptionNpcFlag`, `ActionMenuID`, `ActionPoiID`, `BoxCoded`, `BoxMoney`, `BoxText`, `BoxBroadcastTextID`) VALUES ('21034', '3', '0', 'Where is Elder Mistwalker?', '11592', '1', '1', '21105', NULL, '0', '0', '', NULL);
-- Menu 21107 is already imported
INSERT INTO gossip_menu_option (`MenuID`, `OptionID`, `OptionIcon`, `OptionText`, `OptionBroadcastTextID`, `OptionType`, `OptionNpcFlag`, `ActionMenuID`, `ActionPoiID`, `BoxCoded`, `BoxMoney`, `BoxText`, `BoxBroadcastTextID`) VALUES ('21034', '4', '0', 'Where is Elder Moonwarden?', '11580', '1', '1', '21107', NULL, '0', '0', '', NULL);
-- Menu 21128 is already imported
INSERT INTO gossip_menu_option (`MenuID`, `OptionID`, `OptionIcon`, `OptionText`, `OptionBroadcastTextID`, `OptionType`, `OptionNpcFlag`, `ActionMenuID`, `ActionPoiID`, `BoxCoded`, `BoxMoney`, `BoxText`, `BoxBroadcastTextID`) VALUES ('21034', '5', '0', 'Where is Elder Skyseer?', '11594', '1', '1', '21128', NULL, '0', '0', '', NULL);
-- Menu 21147 is already imported
INSERT INTO gossip_menu_option (`MenuID`, `OptionID`, `OptionIcon`, `OptionText`, `OptionBroadcastTextID`, `OptionType`, `OptionNpcFlag`, `ActionMenuID`, `ActionPoiID`, `BoxCoded`, `BoxMoney`, `BoxText`, `BoxBroadcastTextID`) VALUES ('21034', '6', '0', 'Where is Elder Windtotem?', '11576', '1', '1', '21147', NULL, '0', '0', '', NULL);
INSERT INTO conditions (`SourceTypeOrReferenceId`, `SourceGroup`, `SourceEntry`, `SourceId`, `ElseGroup`, `ConditionTypeOrReference`, `ConditionTarget`, `ConditionValue1`, `ConditionValue2`, `ConditionValue3`, `NegativeCondition`, `ErrorType`, `ErrorTextId`, `ScriptName`, `Comment`) VALUES ('15', '21034', '1', '0', '0', '14', '0', '8679', '0', '0', '0', '0', '0', '', '(autoimported) ');
INSERT INTO conditions (`SourceTypeOrReferenceId`, `SourceGroup`, `SourceEntry`, `SourceId`, `ElseGroup`, `ConditionTypeOrReference`, `ConditionTarget`, `ConditionValue1`, `ConditionValue2`, `ConditionValue3`, `NegativeCondition`, `ErrorType`, `ErrorTextId`, `ScriptName`, `Comment`) VALUES ('15', '21034', '2', '0', '0', '14', '0', '8686', '0', '0', '0', '0', '0', '', '(autoimported) ');
INSERT INTO conditions (`SourceTypeOrReferenceId`, `SourceGroup`, `SourceEntry`, `SourceId`, `ElseGroup`, `ConditionTypeOrReference`, `ConditionTarget`, `ConditionValue1`, `ConditionValue2`, `ConditionValue3`, `NegativeCondition`, `ErrorType`, `ErrorTextId`, `ScriptName`, `Comment`) VALUES ('15', '21034', '3', '0', '0', '14', '0', '8685', '0', '0', '0', '0', '0', '', '(autoimported) ');
INSERT INTO conditions (`SourceTypeOrReferenceId`, `SourceGroup`, `SourceEntry`, `SourceId`, `ElseGroup`, `ConditionTypeOrReference`, `ConditionTarget`, `ConditionValue1`, `ConditionValue2`, `ConditionValue3`, `NegativeCondition`, `ErrorType`, `ErrorTextId`, `ScriptName`, `Comment`) VALUES ('15', '21034', '4', '0', '0', '14', '0', '8717', '0', '0', '0', '0', '0', '', '(autoimported) ');
INSERT INTO conditions (`SourceTypeOrReferenceId`, `SourceGroup`, `SourceEntry`, `SourceId`, `ElseGroup`, `ConditionTypeOrReference`, `ConditionTarget`, `ConditionValue1`, `ConditionValue2`, `ConditionValue3`, `NegativeCondition`, `ErrorType`, `ErrorTextId`, `ScriptName`, `Comment`) VALUES ('15', '21034', '5', '0', '0', '14', '0', '8682', '0', '0', '0', '0', '0', '', '(autoimported) ');
INSERT INTO conditions (`SourceTypeOrReferenceId`, `SourceGroup`, `SourceEntry`, `SourceId`, `ElseGroup`, `ConditionTypeOrReference`, `ConditionTarget`, `ConditionValue1`, `ConditionValue2`, `ConditionValue3`, `NegativeCondition`, `ErrorType`, `ErrorTextId`, `ScriptName`, `Comment`) VALUES ('15', '21034', '6', '0', '0', '14', '0', '8680', '0', '0', '0', '0', '0', '', '(autoimported) ');
UPDATE creature_template SET npcflag = (npcflag | 1), gossip_menu_id = 21034 WHERE entry = 15604;


-- Importing creature gossip with entry 15603 (Elder Nightwind) with import type SMART
UPDATE creature_template SET ScriptName = '', AIName = 'SmartAI' WHERE entry = 15603;
DELETE FROM smart_scripts WHERE entryorguid = 15603 AND source_type = 0;
INSERT INTO smart_scripts (`entryorguid`, `source_type`, `id`, `link`, `event_type`, `event_phase_mask`, `event_chance`, `event_flags`, `event_param1`, `event_param2`, `event_param3`, `event_param4`, `event_param5`, `action_type`, `action_param1`, `action_param2`, `action_param3`, `action_param4`, `action_param5`, `action_param6`, `target_type`, `target_param1`, `target_param2`, `target_param3`, `target_param4`, `target_x`, `target_y`, `target_z`, `target_o`, `comment`) VALUES ('15603', '0', '0', '0', '11', '0', '100', '1', '0', '0', '0', '0', '0', '11', '25824', '0', '0', '0', '0', '0', '1', '0', '0', '0', '0', '0', '0', '0', '0', 'Elder Nightwind - On Respawn - Cast \'Spotlight\' (No Repeat) (Normal Dungeon)');
-- Text 7956 is already imported as 1872726
INSERT INTO gossip_menu (`MenuID`, `TextID`) VALUES ('21037', '1872726');
INSERT INTO gossip_text (`ID`, `comment`, `text0_0`, `text0_1`, `BroadcastTextID0`, `lang0`, `Probability0`, `em0_0`, `em0_1`, `em0_2`, `em0_3`, `em0_4`, `em0_5`, `text1_0`, `text1_1`, `BroadcastTextID1`, `lang1`, `Probability1`, `em1_0`, `em1_1`, `em1_2`, `em1_3`, `em1_4`, `em1_5`, `text2_0`, `text2_1`, `BroadcastTextID2`, `lang2`, `Probability2`, `em2_0`, `em2_1`, `em2_2`, `em2_3`, `em2_4`, `em2_5`, `text3_0`, `text3_1`, `BroadcastTextID3`, `lang3`, `Probability3`, `em3_0`, `em3_1`, `em3_2`, `em3_3`, `em3_4`, `em3_5`, `text4_0`, `text4_1`, `BroadcastTextID4`, `lang4`, `Probability4`, `em4_0`, `em4_1`, `em4_2`, `em4_3`, `em4_4`, `em4_5`, `text5_0`, `text5_1`, `BroadcastTextID5`, `lang5`, `Probability5`, `em5_0`, `em5_1`, `em5_2`, `em5_3`, `em5_4`, `em5_5`, `text6_0`, `text6_1`, `BroadcastTextID6`, `lang6`, `Probability6`, `em6_0`, `em6_1`, `em6_2`, `em6_3`, `em6_4`, `em6_5`, `text7_0`, `text7_1`, `BroadcastTextID7`, `lang7`, `Probability7`, `em7_0`, `em7_1`, `em7_2`, `em7_3`, `em7_4`, `em7_5`) VALUES ('8183', 'Imported from TC', 'Elder Brightspear can be found wandering amongst the ruins of Kel\'Theril in Winterspring.', 'Elder Brightspear can be found wandering amongst the ruins of Kel\'Theril in Winterspring.', '11573', '0', '1', '0', '1', '0', '0', '0', '0', '', '', NULL, '0', '0', '0', '0', '0', '0', '0', '0', '', '', NULL, '0', '0', '0', '0', '0', '0', '0', '0', '', '', NULL, '0', '0', '0', '0', '0', '0', '0', '0', '', '', NULL, '0', '0', '0', '0', '0', '0', '0', '0', '', '', NULL, '0', '0', '0', '0', '0', '0', '0', '0', '', '', NULL, '0', '0', '0', '0', '0', '0', '0', '0', '', '', NULL, '0', '0', '0', '0', '0', '0', '0', '0');
INSERT INTO gossip_menu (`MenuID`, `TextID`) VALUES ('21083', '8183');
INSERT INTO gossip_menu_option (`MenuID`, `OptionID`, `OptionIcon`, `OptionText`, `OptionBroadcastTextID`, `OptionType`, `OptionNpcFlag`, `ActionMenuID`, `ActionPoiID`, `BoxCoded`, `BoxMoney`, `BoxText`, `BoxBroadcastTextID`) VALUES ('21037', '1', '0', 'Where is Elder Brightspear?', '11572', '1', '1', '21083', NULL, '0', '0', '', NULL);
INSERT INTO gossip_text (`ID`, `comment`, `text0_0`, `text0_1`, `BroadcastTextID0`, `lang0`, `Probability0`, `em0_0`, `em0_1`, `em0_2`, `em0_3`, `em0_4`, `em0_5`, `text1_0`, `text1_1`, `BroadcastTextID1`, `lang1`, `Probability1`, `em1_0`, `em1_1`, `em1_2`, `em1_3`, `em1_4`, `em1_5`, `text2_0`, `text2_1`, `BroadcastTextID2`, `lang2`, `Probability2`, `em2_0`, `em2_1`, `em2_2`, `em2_3`, `em2_4`, `em2_5`, `text3_0`, `text3_1`, `BroadcastTextID3`, `lang3`, `Probability3`, `em3_0`, `em3_1`, `em3_2`, `em3_3`, `em3_4`, `em3_5`, `text4_0`, `text4_1`, `BroadcastTextID4`, `lang4`, `Probability4`, `em4_0`, `em4_1`, `em4_2`, `em4_3`, `em4_4`, `em4_5`, `text5_0`, `text5_1`, `BroadcastTextID5`, `lang5`, `Probability5`, `em5_0`, `em5_1`, `em5_2`, `em5_3`, `em5_4`, `em5_5`, `text6_0`, `text6_1`, `BroadcastTextID6`, `lang6`, `Probability6`, `em6_0`, `em6_1`, `em6_2`, `em6_3`, `em6_4`, `em6_5`, `text7_0`, `text7_1`, `BroadcastTextID7`, `lang7`, `Probability7`, `em7_0`, `em7_1`, `em7_2`, `em7_3`, `em7_4`, `em7_5`) VALUES ('1872739', 'Imported from TC', 'The village of Astranaar in Ashenvale is Elder Riversong\'s current home.', 'The village of Astranaar in Ashenvale is Elder Riversong\'s current home.', '11568', '0', '1', '0', '1', '0', '0', '0', '0', '', '', NULL, '0', '0', '0', '0', '0', '0', '0', '0', '', '', NULL, '0', '0', '0', '0', '0', '0', '0', '0', '', '', NULL, '0', '0', '0', '0', '0', '0', '0', '0', '', '', NULL, '0', '0', '0', '0', '0', '0', '0', '0', '', '', NULL, '0', '0', '0', '0', '0', '0', '0', '0', '', '', NULL, '0', '0', '0', '0', '0', '0', '0', '0', '', '', NULL, '0', '0', '0', '0', '0', '0', '0', '0');
INSERT INTO gossip_menu (`MenuID`, `TextID`) VALUES ('21120', '1872739');
INSERT INTO gossip_menu_option (`MenuID`, `OptionID`, `OptionIcon`, `OptionText`, `OptionBroadcastTextID`, `OptionType`, `OptionNpcFlag`, `ActionMenuID`, `ActionPoiID`, `BoxCoded`, `BoxMoney`, `BoxText`, `BoxBroadcastTextID`) VALUES ('21037', '2', '0', 'Where is Elder Riversong?', '11567', '1', '1', '21120', NULL, '0', '0', '', NULL);
-- Menu 21127 is already imported as 57138
INSERT INTO gossip_menu_option (`MenuID`, `OptionID`, `OptionIcon`, `OptionText`, `OptionBroadcastTextID`, `OptionType`, `OptionNpcFlag`, `ActionMenuID`, `ActionPoiID`, `BoxCoded`, `BoxMoney`, `BoxText`, `BoxBroadcastTextID`) VALUES ('21037', '3', '0', 'Where is Elder Skygleam?', '11556', '1', '1', '57138', NULL, '0', '0', '', NULL);
-- Menu 21134 is already imported
INSERT INTO gossip_menu_option (`MenuID`, `OptionID`, `OptionIcon`, `OptionText`, `OptionBroadcastTextID`, `OptionType`, `OptionNpcFlag`, `ActionMenuID`, `ActionPoiID`, `BoxCoded`, `BoxMoney`, `BoxText`, `BoxBroadcastTextID`) VALUES ('21037', '4', '0', 'Where is Elder Starweave?', '11561', '1', '1', '21134', NULL, '0', '0', '', NULL);
-- Menu 21137 is already imported
INSERT INTO gossip_menu_option (`MenuID`, `OptionID`, `OptionIcon`, `OptionText`, `OptionBroadcastTextID`, `OptionType`, `OptionNpcFlag`, `ActionMenuID`, `ActionPoiID`, `BoxCoded`, `BoxMoney`, `BoxText`, `BoxBroadcastTextID`) VALUES ('21037', '5', '0', 'Where is Elder Stonespire?', '11570', '1', '1', '21137', NULL, '0', '0', '', NULL);
INSERT INTO conditions (`SourceTypeOrReferenceId`, `SourceGroup`, `SourceEntry`, `SourceId`, `ElseGroup`, `ConditionTypeOrReference`, `ConditionTarget`, `ConditionValue1`, `ConditionValue2`, `ConditionValue3`, `NegativeCondition`, `ErrorType`, `ErrorTextId`, `ScriptName`, `Comment`) VALUES ('15', '21037', '1', '0', '0', '14', '0', '8726', '0', '0', '0', '0', '0', '', '(autoimported) ');
INSERT INTO conditions (`SourceTypeOrReferenceId`, `SourceGroup`, `SourceEntry`, `SourceId`, `ElseGroup`, `ConditionTypeOrReference`, `ConditionTarget`, `ConditionValue1`, `ConditionValue2`, `ConditionValue3`, `NegativeCondition`, `ErrorType`, `ErrorTextId`, `ScriptName`, `Comment`) VALUES ('15', '21037', '2', '0', '0', '14', '0', '8725', '0', '0', '0', '0', '0', '', '(autoimported) ');
INSERT INTO conditions (`SourceTypeOrReferenceId`, `SourceGroup`, `SourceEntry`, `SourceId`, `ElseGroup`, `ConditionTypeOrReference`, `ConditionTarget`, `ConditionValue1`, `ConditionValue2`, `ConditionValue3`, `NegativeCondition`, `ErrorType`, `ErrorTextId`, `ScriptName`, `Comment`) VALUES ('15', '21037', '3', '0', '0', '14', '0', '8720', '0', '0', '0', '0', '0', '', '(autoimported) ');
INSERT INTO conditions (`SourceTypeOrReferenceId`, `SourceGroup`, `SourceEntry`, `SourceId`, `ElseGroup`, `ConditionTypeOrReference`, `ConditionTarget`, `ConditionValue1`, `ConditionValue2`, `ConditionValue3`, `NegativeCondition`, `ErrorType`, `ErrorTextId`, `ScriptName`, `Comment`) VALUES ('15', '21037', '4', '0', '0', '14', '0', '8721', '0', '0', '0', '0', '0', '', '(autoimported) ');
INSERT INTO conditions (`SourceTypeOrReferenceId`, `SourceGroup`, `SourceEntry`, `SourceId`, `ElseGroup`, `ConditionTypeOrReference`, `ConditionTarget`, `ConditionValue1`, `ConditionValue2`, `ConditionValue3`, `NegativeCondition`, `ErrorType`, `ErrorTextId`, `ScriptName`, `Comment`) VALUES ('15', '21037', '5', '0', '0', '14', '0', '8672', '0', '0', '0', '0', '0', '', '(autoimported) ');
UPDATE creature_template SET npcflag = (npcflag | 1), gossip_menu_id = 21037 WHERE entry = 15603;


-- Importing creature gossip with entry 15561 (Elder Obsidian) with import type SMART
UPDATE creature_template SET ScriptName = '', AIName = 'SmartAI' WHERE entry = 15561;
DELETE FROM smart_scripts WHERE entryorguid = 15561 AND source_type = 0;
INSERT INTO smart_scripts (`entryorguid`, `source_type`, `id`, `link`, `event_type`, `event_phase_mask`, `event_chance`, `event_flags`, `event_param1`, `event_param2`, `event_param3`, `event_param4`, `event_param5`, `action_type`, `action_param1`, `action_param2`, `action_param3`, `action_param4`, `action_param5`, `action_param6`, `target_type`, `target_param1`, `target_param2`, `target_param3`, `target_param4`, `target_x`, `target_y`, `target_z`, `target_o`, `comment`) VALUES ('15561', '0', '0', '0', '11', '0', '100', '1', '0', '0', '0', '0', '0', '11', '25824', '0', '0', '0', '0', '0', '1', '0', '0', '0', '0', '0', '0', '0', '0', 'Elder Obsidian - On Respawn - Cast \'Spotlight\' (No Repeat) (Normal Dungeon)');
-- Text 7933 is already imported
INSERT INTO gossip_menu (`MenuID`, `TextID`) VALUES ('21040', '7933');
-- Menu 21093 is already imported
INSERT INTO gossip_menu_option (`MenuID`, `OptionID`, `OptionIcon`, `OptionText`, `OptionBroadcastTextID`, `OptionType`, `OptionNpcFlag`, `ActionMenuID`, `ActionPoiID`, `BoxCoded`, `BoxMoney`, `BoxText`, `BoxBroadcastTextID`) VALUES ('21040', '1', '0', 'Where is Elder Graveborn?', '11488', '1', '1', '21093', NULL, '0', '0', '', NULL);
INSERT INTO gossip_text (`ID`, `comment`, `text0_0`, `text0_1`, `BroadcastTextID0`, `lang0`, `Probability0`, `em0_0`, `em0_1`, `em0_2`, `em0_3`, `em0_4`, `em0_5`, `text1_0`, `text1_1`, `BroadcastTextID1`, `lang1`, `Probability1`, `em1_0`, `em1_1`, `em1_2`, `em1_3`, `em1_4`, `em1_5`, `text2_0`, `text2_1`, `BroadcastTextID2`, `lang2`, `Probability2`, `em2_0`, `em2_1`, `em2_2`, `em2_3`, `em2_4`, `em2_5`, `text3_0`, `text3_1`, `BroadcastTextID3`, `lang3`, `Probability3`, `em3_0`, `em3_1`, `em3_2`, `em3_3`, `em3_4`, `em3_5`, `text4_0`, `text4_1`, `BroadcastTextID4`, `lang4`, `Probability4`, `em4_0`, `em4_1`, `em4_2`, `em4_3`, `em4_4`, `em4_5`, `text5_0`, `text5_1`, `BroadcastTextID5`, `lang5`, `Probability5`, `em5_0`, `em5_1`, `em5_2`, `em5_3`, `em5_4`, `em5_5`, `text6_0`, `text6_1`, `BroadcastTextID6`, `lang6`, `Probability6`, `em6_0`, `em6_1`, `em6_2`, `em6_3`, `em6_4`, `em6_5`, `text7_0`, `text7_1`, `BroadcastTextID7`, `lang7`, `Probability7`, `em7_0`, `em7_1`, `em7_2`, `em7_3`, `em7_4`, `em7_5`) VALUES ('1872740', 'Imported from TC', 'Elder Highpeak watches over the Hinterlands from a hill near its center.', 'Elder Highpeak watches over the Hinterlands from a hill near its center.', '11502', '0', '1', '0', '1', '0', '0', '0', '0', '', '', NULL, '0', '0', '0', '0', '0', '0', '0', '0', '', '', NULL, '0', '0', '0', '0', '0', '0', '0', '0', '', '', NULL, '0', '0', '0', '0', '0', '0', '0', '0', '', '', NULL, '0', '0', '0', '0', '0', '0', '0', '0', '', '', NULL, '0', '0', '0', '0', '0', '0', '0', '0', '', '', NULL, '0', '0', '0', '0', '0', '0', '0', '0', '', '', NULL, '0', '0', '0', '0', '0', '0', '0', '0');
INSERT INTO gossip_menu (`MenuID`, `TextID`) VALUES ('21098', '1872740');
INSERT INTO gossip_menu_option (`MenuID`, `OptionID`, `OptionIcon`, `OptionText`, `OptionBroadcastTextID`, `OptionType`, `OptionNpcFlag`, `ActionMenuID`, `ActionPoiID`, `BoxCoded`, `BoxMoney`, `BoxText`, `BoxBroadcastTextID`) VALUES ('21040', '2', '0', 'Where is Elder Highpeak?', '11501', '1', '1', '21098', NULL, '0', '0', '', NULL);
-- Menu 21106 is already imported
INSERT INTO gossip_menu_option (`MenuID`, `OptionID`, `OptionIcon`, `OptionText`, `OptionBroadcastTextID`, `OptionType`, `OptionNpcFlag`, `ActionMenuID`, `ActionPoiID`, `BoxCoded`, `BoxMoney`, `BoxText`, `BoxBroadcastTextID`) VALUES ('21040', '3', '0', 'Where is Elder Moonstrike?', '11491', '1', '1', '21106', NULL, '0', '0', '', NULL);
INSERT INTO conditions (`SourceTypeOrReferenceId`, `SourceGroup`, `SourceEntry`, `SourceId`, `ElseGroup`, `ConditionTypeOrReference`, `ConditionTarget`, `ConditionValue1`, `ConditionValue2`, `ConditionValue3`, `NegativeCondition`, `ErrorType`, `ErrorTextId`, `ScriptName`, `Comment`) VALUES ('15', '21040', '1', '0', '0', '14', '0', '8652', '0', '0', '0', '0', '0', '', '(autoimported) ');
INSERT INTO conditions (`SourceTypeOrReferenceId`, `SourceGroup`, `SourceEntry`, `SourceId`, `ElseGroup`, `ConditionTypeOrReference`, `ConditionTarget`, `ConditionValue1`, `ConditionValue2`, `ConditionValue3`, `NegativeCondition`, `ErrorType`, `ErrorTextId`, `ScriptName`, `Comment`) VALUES ('15', '21040', '2', '0', '0', '14', '0', '8643', '0', '0', '0', '0', '0', '', '(autoimported) ');
INSERT INTO conditions (`SourceTypeOrReferenceId`, `SourceGroup`, `SourceEntry`, `SourceId`, `ElseGroup`, `ConditionTypeOrReference`, `ConditionTarget`, `ConditionValue1`, `ConditionValue2`, `ConditionValue3`, `NegativeCondition`, `ErrorType`, `ErrorTextId`, `ScriptName`, `Comment`) VALUES ('15', '21040', '3', '0', '0', '14', '0', '8714', '0', '0', '0', '0', '0', '', '(autoimported) ');
UPDATE creature_template SET npcflag = (npcflag | 1), gossip_menu_id = 21040 WHERE entry = 15561;


-- Importing creature gossip with entry 15573 (Elder Ragetotem) with import type SMART
UPDATE creature_template SET ScriptName = '', AIName = 'SmartAI' WHERE entry = 15573;
DELETE FROM smart_scripts WHERE entryorguid = 15573 AND source_type = 0;
INSERT INTO smart_scripts (`entryorguid`, `source_type`, `id`, `link`, `event_type`, `event_phase_mask`, `event_chance`, `event_flags`, `event_param1`, `event_param2`, `event_param3`, `event_param4`, `event_param5`, `action_type`, `action_param1`, `action_param2`, `action_param3`, `action_param4`, `action_param5`, `action_param6`, `target_type`, `target_param1`, `target_param2`, `target_param3`, `target_param4`, `target_x`, `target_y`, `target_z`, `target_o`, `comment`) VALUES ('15573', '0', '0', '0', '11', '0', '100', '1', '0', '0', '0', '0', '0', '11', '25824', '0', '0', '0', '0', '0', '1', '0', '0', '0', '0', '0', '0', '0', '0', 'Elder Ragetotem - On Respawn - Cast \'Spotlight\' (No Repeat) (Normal Dungeon)');
-- Text 7935 is already imported as 1872551
INSERT INTO gossip_menu (`MenuID`, `TextID`) VALUES ('21044', '1872551');
INSERT INTO gossip_text (`ID`, `comment`, `text0_0`, `text0_1`, `BroadcastTextID0`, `lang0`, `Probability0`, `em0_0`, `em0_1`, `em0_2`, `em0_3`, `em0_4`, `em0_5`, `text1_0`, `text1_1`, `BroadcastTextID1`, `lang1`, `Probability1`, `em1_0`, `em1_1`, `em1_2`, `em1_3`, `em1_4`, `em1_5`, `text2_0`, `text2_1`, `BroadcastTextID2`, `lang2`, `Probability2`, `em2_0`, `em2_1`, `em2_2`, `em2_3`, `em2_4`, `em2_5`, `text3_0`, `text3_1`, `BroadcastTextID3`, `lang3`, `Probability3`, `em3_0`, `em3_1`, `em3_2`, `em3_3`, `em3_4`, `em3_5`, `text4_0`, `text4_1`, `BroadcastTextID4`, `lang4`, `Probability4`, `em4_0`, `em4_1`, `em4_2`, `em4_3`, `em4_4`, `em4_5`, `text5_0`, `text5_1`, `BroadcastTextID5`, `lang5`, `Probability5`, `em5_0`, `em5_1`, `em5_2`, `em5_3`, `em5_4`, `em5_5`, `text6_0`, `text6_1`, `BroadcastTextID6`, `lang6`, `Probability6`, `em6_0`, `em6_1`, `em6_2`, `em6_3`, `em6_4`, `em6_5`, `text7_0`, `text7_1`, `BroadcastTextID7`, `lang7`, `Probability7`, `em7_0`, `em7_1`, `em7_2`, `em7_3`, `em7_4`, `em7_5`) VALUES ('8196', 'Imported from TC', 'Elder Dreamseer resides in Gadgetzan in Tanaris Desert.', 'Elder Dreamseer resides in Gadgetzan in Tanaris Desert.', '11599', '0', '1', '0', '1', '0', '0', '0', '0', '', '', NULL, '0', '0', '0', '0', '0', '0', '0', '0', '', '', NULL, '0', '0', '0', '0', '0', '0', '0', '0', '', '', NULL, '0', '0', '0', '0', '0', '0', '0', '0', '', '', NULL, '0', '0', '0', '0', '0', '0', '0', '0', '', '', NULL, '0', '0', '0', '0', '0', '0', '0', '0', '', '', NULL, '0', '0', '0', '0', '0', '0', '0', '0', '', '', NULL, '0', '0', '0', '0', '0', '0', '0', '0');
INSERT INTO gossip_menu (`MenuID`, `TextID`) VALUES ('21089', '8196');
INSERT INTO gossip_menu_option (`MenuID`, `OptionID`, `OptionIcon`, `OptionText`, `OptionBroadcastTextID`, `OptionType`, `OptionNpcFlag`, `ActionMenuID`, `ActionPoiID`, `BoxCoded`, `BoxMoney`, `BoxText`, `BoxBroadcastTextID`) VALUES ('21044', '1', '0', 'Where is Elder Dreamseer?', '11598', '1', '1', '21089', NULL, '0', '0', '', NULL);
-- Menu 21128 is already imported
INSERT INTO gossip_menu_option (`MenuID`, `OptionID`, `OptionIcon`, `OptionText`, `OptionBroadcastTextID`, `OptionType`, `OptionNpcFlag`, `ActionMenuID`, `ActionPoiID`, `BoxCoded`, `BoxMoney`, `BoxText`, `BoxBroadcastTextID`) VALUES ('21044', '2', '0', 'Where is Elder Skyseer?', '11594', '1', '1', '21128', NULL, '0', '0', '', NULL);
-- Menu 21141 is already imported
INSERT INTO gossip_menu_option (`MenuID`, `OptionID`, `OptionIcon`, `OptionText`, `OptionBroadcastTextID`, `OptionType`, `OptionNpcFlag`, `ActionMenuID`, `ActionPoiID`, `BoxCoded`, `BoxMoney`, `BoxText`, `BoxBroadcastTextID`) VALUES ('21044', '3', '0', 'Where is Elder Thunderhorn?', '11604', '1', '1', '21141', NULL, '0', '0', '', NULL);
-- Menu 21145 is already imported
INSERT INTO gossip_menu_option (`MenuID`, `OptionID`, `OptionIcon`, `OptionText`, `OptionBroadcastTextID`, `OptionType`, `OptionNpcFlag`, `ActionMenuID`, `ActionPoiID`, `BoxCoded`, `BoxMoney`, `BoxText`, `BoxBroadcastTextID`) VALUES ('21044', '4', '0', 'Where is Elder Wildmane?', '11602', '1', '1', '21145', NULL, '0', '0', '', NULL);
INSERT INTO conditions (`SourceTypeOrReferenceId`, `SourceGroup`, `SourceEntry`, `SourceId`, `ElseGroup`, `ConditionTypeOrReference`, `ConditionTarget`, `ConditionValue1`, `ConditionValue2`, `ConditionValue3`, `NegativeCondition`, `ErrorType`, `ErrorTextId`, `ScriptName`, `Comment`) VALUES ('15', '21044', '1', '0', '0', '14', '0', '8684', '0', '0', '0', '0', '0', '', '(autoimported) ');
INSERT INTO conditions (`SourceTypeOrReferenceId`, `SourceGroup`, `SourceEntry`, `SourceId`, `ElseGroup`, `ConditionTypeOrReference`, `ConditionTarget`, `ConditionValue1`, `ConditionValue2`, `ConditionValue3`, `NegativeCondition`, `ErrorType`, `ErrorTextId`, `ScriptName`, `Comment`) VALUES ('15', '21044', '2', '0', '0', '14', '0', '8682', '0', '0', '0', '0', '0', '', '(autoimported) ');
INSERT INTO conditions (`SourceTypeOrReferenceId`, `SourceGroup`, `SourceEntry`, `SourceId`, `ElseGroup`, `ConditionTypeOrReference`, `ConditionTarget`, `ConditionValue1`, `ConditionValue2`, `ConditionValue3`, `NegativeCondition`, `ErrorType`, `ErrorTextId`, `ScriptName`, `Comment`) VALUES ('15', '21044', '3', '0', '0', '14', '0', '8681', '0', '0', '0', '0', '0', '', '(autoimported) ');
INSERT INTO conditions (`SourceTypeOrReferenceId`, `SourceGroup`, `SourceEntry`, `SourceId`, `ElseGroup`, `ConditionTypeOrReference`, `ConditionTarget`, `ConditionValue1`, `ConditionValue2`, `ConditionValue3`, `NegativeCondition`, `ErrorType`, `ErrorTextId`, `ScriptName`, `Comment`) VALUES ('15', '21044', '4', '0', '0', '14', '0', '8676', '0', '0', '0', '0', '0', '', '(autoimported) ');
UPDATE creature_template SET npcflag = (npcflag | 1), gossip_menu_id = 21044 WHERE entry = 15573;


-- Importing creature gossip with entry 15605 (Elder Riversong) with import type SMART
UPDATE creature_template SET ScriptName = '', AIName = 'SmartAI' WHERE entry = 15605;
DELETE FROM smart_scripts WHERE entryorguid = 15605 AND source_type = 0;
INSERT INTO smart_scripts (`entryorguid`, `source_type`, `id`, `link`, `event_type`, `event_phase_mask`, `event_chance`, `event_flags`, `event_param1`, `event_param2`, `event_param3`, `event_param4`, `event_param5`, `action_type`, `action_param1`, `action_param2`, `action_param3`, `action_param4`, `action_param5`, `action_param6`, `target_type`, `target_param1`, `target_param2`, `target_param3`, `target_param4`, `target_x`, `target_y`, `target_z`, `target_o`, `comment`) VALUES ('15605', '0', '0', '0', '11', '0', '100', '1', '0', '0', '0', '0', '0', '11', '25824', '0', '0', '0', '0', '0', '1', '0', '0', '0', '0', '0', '0', '0', '0', 'Elder Riversong - On Respawn - Cast \'Spotlight\' (No Repeat) (Normal Dungeon)');
-- Text 7956 is already imported as 1872726
INSERT INTO gossip_menu (`MenuID`, `TextID`) VALUES ('21045', '1872726');
-- Menu 21112 is already imported
INSERT INTO gossip_menu_option (`MenuID`, `OptionID`, `OptionIcon`, `OptionText`, `OptionBroadcastTextID`, `OptionType`, `OptionNpcFlag`, `ActionMenuID`, `ActionPoiID`, `BoxCoded`, `BoxMoney`, `BoxText`, `BoxBroadcastTextID`) VALUES ('21045', '1', '0', 'Where is Elder Nightwind?', '11565', '1', '1', '21112', NULL, '0', '0', '', NULL);
-- Menu 21127 is already imported as 57138
INSERT INTO gossip_menu_option (`MenuID`, `OptionID`, `OptionIcon`, `OptionText`, `OptionBroadcastTextID`, `OptionType`, `OptionNpcFlag`, `ActionMenuID`, `ActionPoiID`, `BoxCoded`, `BoxMoney`, `BoxText`, `BoxBroadcastTextID`) VALUES ('21045', '2', '0', 'Where is Elder Skygleam?', '11556', '1', '1', '57138', NULL, '0', '0', '', NULL);
-- Menu 21134 is already imported
INSERT INTO gossip_menu_option (`MenuID`, `OptionID`, `OptionIcon`, `OptionText`, `OptionBroadcastTextID`, `OptionType`, `OptionNpcFlag`, `ActionMenuID`, `ActionPoiID`, `BoxCoded`, `BoxMoney`, `BoxText`, `BoxBroadcastTextID`) VALUES ('21045', '3', '0', 'Where is Elder Starweave?', '11561', '1', '1', '21134', NULL, '0', '0', '', NULL);
-- Menu 21137 is already imported
INSERT INTO gossip_menu_option (`MenuID`, `OptionID`, `OptionIcon`, `OptionText`, `OptionBroadcastTextID`, `OptionType`, `OptionNpcFlag`, `ActionMenuID`, `ActionPoiID`, `BoxCoded`, `BoxMoney`, `BoxText`, `BoxBroadcastTextID`) VALUES ('21045', '4', '0', 'Where is Elder Stonespire?', '11570', '1', '1', '21137', NULL, '0', '0', '', NULL);
INSERT INTO conditions (`SourceTypeOrReferenceId`, `SourceGroup`, `SourceEntry`, `SourceId`, `ElseGroup`, `ConditionTypeOrReference`, `ConditionTarget`, `ConditionValue1`, `ConditionValue2`, `ConditionValue3`, `NegativeCondition`, `ErrorType`, `ErrorTextId`, `ScriptName`, `Comment`) VALUES ('15', '21045', '1', '0', '0', '14', '0', '8723', '0', '0', '0', '0', '0', '', '(autoimported) ');
INSERT INTO conditions (`SourceTypeOrReferenceId`, `SourceGroup`, `SourceEntry`, `SourceId`, `ElseGroup`, `ConditionTypeOrReference`, `ConditionTarget`, `ConditionValue1`, `ConditionValue2`, `ConditionValue3`, `NegativeCondition`, `ErrorType`, `ErrorTextId`, `ScriptName`, `Comment`) VALUES ('15', '21045', '2', '0', '0', '14', '0', '8720', '0', '0', '0', '0', '0', '', '(autoimported) ');
INSERT INTO conditions (`SourceTypeOrReferenceId`, `SourceGroup`, `SourceEntry`, `SourceId`, `ElseGroup`, `ConditionTypeOrReference`, `ConditionTarget`, `ConditionValue1`, `ConditionValue2`, `ConditionValue3`, `NegativeCondition`, `ErrorType`, `ErrorTextId`, `ScriptName`, `Comment`) VALUES ('15', '21045', '3', '0', '0', '14', '0', '8721', '0', '0', '0', '0', '0', '', '(autoimported) ');
INSERT INTO conditions (`SourceTypeOrReferenceId`, `SourceGroup`, `SourceEntry`, `SourceId`, `ElseGroup`, `ConditionTypeOrReference`, `ConditionTarget`, `ConditionValue1`, `ConditionValue2`, `ConditionValue3`, `NegativeCondition`, `ErrorType`, `ErrorTextId`, `ScriptName`, `Comment`) VALUES ('15', '21045', '4', '0', '0', '14', '0', '8672', '0', '0', '0', '0', '0', '', '(autoimported) ');
UPDATE creature_template SET npcflag = (npcflag | 1), gossip_menu_id = 21045 WHERE entry = 15605;


-- Importing creature gossip with entry 15557 (Elder Rumblerock) with import type SMART
UPDATE creature_template SET ScriptName = '', AIName = 'SmartAI' WHERE entry = 15557;
DELETE FROM smart_scripts WHERE entryorguid = 15557 AND source_type = 0;
INSERT INTO smart_scripts (`entryorguid`, `source_type`, `id`, `link`, `event_type`, `event_phase_mask`, `event_chance`, `event_flags`, `event_param1`, `event_param2`, `event_param3`, `event_param4`, `event_param5`, `action_type`, `action_param1`, `action_param2`, `action_param3`, `action_param4`, `action_param5`, `action_param6`, `target_type`, `target_param1`, `target_param2`, `target_param3`, `target_param4`, `target_x`, `target_y`, `target_z`, `target_o`, `comment`) VALUES ('15557', '0', '0', '0', '11', '0', '100', '1', '0', '0', '0', '0', '0', '11', '25824', '0', '0', '0', '0', '0', '1', '0', '0', '0', '0', '0', '0', '0', '0', 'Elder Rumblerock - On Respawn - Cast \'Spotlight\' (No Repeat) (Normal Dungeon)');
-- Text 7933 is already imported
INSERT INTO gossip_menu (`MenuID`, `TextID`) VALUES ('21046', '7933');
INSERT INTO gossip_text (`ID`, `comment`, `text0_0`, `text0_1`, `BroadcastTextID0`, `lang0`, `Probability0`, `em0_0`, `em0_1`, `em0_2`, `em0_3`, `em0_4`, `em0_5`, `text1_0`, `text1_1`, `BroadcastTextID1`, `lang1`, `Probability1`, `em1_0`, `em1_1`, `em1_2`, `em1_3`, `em1_4`, `em1_5`, `text2_0`, `text2_1`, `BroadcastTextID2`, `lang2`, `Probability2`, `em2_0`, `em2_1`, `em2_2`, `em2_3`, `em2_4`, `em2_5`, `text3_0`, `text3_1`, `BroadcastTextID3`, `lang3`, `Probability3`, `em3_0`, `em3_1`, `em3_2`, `em3_3`, `em3_4`, `em3_5`, `text4_0`, `text4_1`, `BroadcastTextID4`, `lang4`, `Probability4`, `em4_0`, `em4_1`, `em4_2`, `em4_3`, `em4_4`, `em4_5`, `text5_0`, `text5_1`, `BroadcastTextID5`, `lang5`, `Probability5`, `em5_0`, `em5_1`, `em5_2`, `em5_3`, `em5_4`, `em5_5`, `text6_0`, `text6_1`, `BroadcastTextID6`, `lang6`, `Probability6`, `em6_0`, `em6_1`, `em6_2`, `em6_3`, `em6_4`, `em6_5`, `text7_0`, `text7_1`, `BroadcastTextID7`, `lang7`, `Probability7`, `em7_0`, `em7_1`, `em7_2`, `em7_3`, `em7_4`, `em7_5`) VALUES ('8173', 'Imported from TC', 'Elder Dawnstrider can be found at Flame Crest on the Burning Steppes.', 'Elder Dawnstrider can be found at Flame Crest on the Burning Steppes.', '11549', '0', '1', '0', '1', '0', '0', '0', '0', '', '', NULL, '0', '0', '0', '0', '0', '0', '0', '0', '', '', NULL, '0', '0', '0', '0', '0', '0', '0', '0', '', '', NULL, '0', '0', '0', '0', '0', '0', '0', '0', '', '', NULL, '0', '0', '0', '0', '0', '0', '0', '0', '', '', NULL, '0', '0', '0', '0', '0', '0', '0', '0', '', '', NULL, '0', '0', '0', '0', '0', '0', '0', '0', '', '', NULL, '0', '0', '0', '0', '0', '0', '0', '0');
INSERT INTO gossip_menu (`MenuID`, `TextID`) VALUES ('21088', '8173');
INSERT INTO gossip_menu_option (`MenuID`, `OptionID`, `OptionIcon`, `OptionText`, `OptionBroadcastTextID`, `OptionType`, `OptionNpcFlag`, `ActionMenuID`, `ActionPoiID`, `BoxCoded`, `BoxMoney`, `BoxText`, `BoxBroadcastTextID`) VALUES ('21046', '1', '0', 'Where is Elder Dawnstrider?', '11548', '1', '1', '21088', NULL, '0', '0', '', NULL);
-- Menu 21096 is already imported
INSERT INTO gossip_menu_option (`MenuID`, `OptionID`, `OptionIcon`, `OptionText`, `OptionBroadcastTextID`, `OptionType`, `OptionNpcFlag`, `ActionMenuID`, `ActionPoiID`, `BoxCoded`, `BoxMoney`, `BoxText`, `BoxBroadcastTextID`) VALUES ('21046', '2', '0', 'Where is Elder Hammershout?', '11550', '1', '1', '21096', NULL, '0', '0', '', NULL);
INSERT INTO gossip_text (`ID`, `comment`, `text0_0`, `text0_1`, `BroadcastTextID0`, `lang0`, `Probability0`, `em0_0`, `em0_1`, `em0_2`, `em0_3`, `em0_4`, `em0_5`, `text1_0`, `text1_1`, `BroadcastTextID1`, `lang1`, `Probability1`, `em1_0`, `em1_1`, `em1_2`, `em1_3`, `em1_4`, `em1_5`, `text2_0`, `text2_1`, `BroadcastTextID2`, `lang2`, `Probability2`, `em2_0`, `em2_1`, `em2_2`, `em2_3`, `em2_4`, `em2_5`, `text3_0`, `text3_1`, `BroadcastTextID3`, `lang3`, `Probability3`, `em3_0`, `em3_1`, `em3_2`, `em3_3`, `em3_4`, `em3_5`, `text4_0`, `text4_1`, `BroadcastTextID4`, `lang4`, `Probability4`, `em4_0`, `em4_1`, `em4_2`, `em4_3`, `em4_4`, `em4_5`, `text5_0`, `text5_1`, `BroadcastTextID5`, `lang5`, `Probability5`, `em5_0`, `em5_1`, `em5_2`, `em5_3`, `em5_4`, `em5_5`, `text6_0`, `text6_1`, `BroadcastTextID6`, `lang6`, `Probability6`, `em6_0`, `em6_1`, `em6_2`, `em6_3`, `em6_4`, `em6_5`, `text7_0`, `text7_1`, `BroadcastTextID7`, `lang7`, `Probability7`, `em7_0`, `em7_1`, `em7_2`, `em7_3`, `em7_4`, `em7_5`) VALUES ('1872741', 'Imported from TC', 'Elder Stormbrow is most likely at the village of Goldshire in Elwynn Forest.', 'Elder Stormbrow is most likely at the village of Goldshire in Elwynn Forest.', '11543', '0', '1', '0', '1', '0', '0', '0', '0', '', '', NULL, '0', '0', '0', '0', '0', '0', '0', '0', '', '', NULL, '0', '0', '0', '0', '0', '0', '0', '0', '', '', NULL, '0', '0', '0', '0', '0', '0', '0', '0', '', '', NULL, '0', '0', '0', '0', '0', '0', '0', '0', '', '', NULL, '0', '0', '0', '0', '0', '0', '0', '0', '', '', NULL, '0', '0', '0', '0', '0', '0', '0', '0', '', '', NULL, '0', '0', '0', '0', '0', '0', '0', '0');
INSERT INTO gossip_menu (`MenuID`, `TextID`) VALUES ('21138', '1872741');
INSERT INTO gossip_menu_option (`MenuID`, `OptionID`, `OptionIcon`, `OptionText`, `OptionBroadcastTextID`, `OptionType`, `OptionNpcFlag`, `ActionMenuID`, `ActionPoiID`, `BoxCoded`, `BoxMoney`, `BoxText`, `BoxBroadcastTextID`) VALUES ('21046', '3', '0', 'Where is Elder Stormbrow?', '11542', '1', '1', '21138', NULL, '0', '0', '', NULL);
INSERT INTO gossip_text (`ID`, `comment`, `text0_0`, `text0_1`, `BroadcastTextID0`, `lang0`, `Probability0`, `em0_0`, `em0_1`, `em0_2`, `em0_3`, `em0_4`, `em0_5`, `text1_0`, `text1_1`, `BroadcastTextID1`, `lang1`, `Probability1`, `em1_0`, `em1_1`, `em1_2`, `em1_3`, `em1_4`, `em1_5`, `text2_0`, `text2_1`, `BroadcastTextID2`, `lang2`, `Probability2`, `em2_0`, `em2_1`, `em2_2`, `em2_3`, `em2_4`, `em2_5`, `text3_0`, `text3_1`, `BroadcastTextID3`, `lang3`, `Probability3`, `em3_0`, `em3_1`, `em3_2`, `em3_3`, `em3_4`, `em3_5`, `text4_0`, `text4_1`, `BroadcastTextID4`, `lang4`, `Probability4`, `em4_0`, `em4_1`, `em4_2`, `em4_3`, `em4_4`, `em4_5`, `text5_0`, `text5_1`, `BroadcastTextID5`, `lang5`, `Probability5`, `em5_0`, `em5_1`, `em5_2`, `em5_3`, `em5_4`, `em5_5`, `text6_0`, `text6_1`, `BroadcastTextID6`, `lang6`, `Probability6`, `em6_0`, `em6_1`, `em6_2`, `em6_3`, `em6_4`, `em6_5`, `text7_0`, `text7_1`, `BroadcastTextID7`, `lang7`, `Probability7`, `em7_0`, `em7_1`, `em7_2`, `em7_3`, `em7_4`, `em7_5`) VALUES ('1872742', 'Imported from TC', 'Winterhoof? I hear he\'s living it up in Booty Bay.', 'Winterhoof? I hear he\'s living it up in Booty Bay.', '11545', '0', '1', '0', '1', '0', '0', '0', '0', '', '', NULL, '0', '0', '0', '0', '0', '0', '0', '0', '', '', NULL, '0', '0', '0', '0', '0', '0', '0', '0', '', '', NULL, '0', '0', '0', '0', '0', '0', '0', '0', '', '', NULL, '0', '0', '0', '0', '0', '0', '0', '0', '', '', NULL, '0', '0', '0', '0', '0', '0', '0', '0', '', '', NULL, '0', '0', '0', '0', '0', '0', '0', '0', '', '', NULL, '0', '0', '0', '0', '0', '0', '0', '0');
INSERT INTO gossip_menu (`MenuID`, `TextID`) VALUES ('21148', '1872742');
INSERT INTO gossip_menu_option (`MenuID`, `OptionID`, `OptionIcon`, `OptionText`, `OptionBroadcastTextID`, `OptionType`, `OptionNpcFlag`, `ActionMenuID`, `ActionPoiID`, `BoxCoded`, `BoxMoney`, `BoxText`, `BoxBroadcastTextID`) VALUES ('21046', '4', '0', 'Where is Elder Winterhoof?', '11544', '1', '1', '21148', NULL, '0', '0', '', NULL);
INSERT INTO conditions (`SourceTypeOrReferenceId`, `SourceGroup`, `SourceEntry`, `SourceId`, `ElseGroup`, `ConditionTypeOrReference`, `ConditionTarget`, `ConditionValue1`, `ConditionValue2`, `ConditionValue3`, `NegativeCondition`, `ErrorType`, `ErrorTextId`, `ScriptName`, `Comment`) VALUES ('15', '21046', '1', '0', '0', '14', '0', '8683', '0', '0', '0', '0', '0', '', '(autoimported) ');
INSERT INTO conditions (`SourceTypeOrReferenceId`, `SourceGroup`, `SourceEntry`, `SourceId`, `ElseGroup`, `ConditionTypeOrReference`, `ConditionTarget`, `ConditionValue1`, `ConditionValue2`, `ConditionValue3`, `NegativeCondition`, `ErrorType`, `ErrorTextId`, `ScriptName`, `Comment`) VALUES ('15', '21046', '2', '0', '0', '14', '0', '8646', '0', '0', '0', '0', '0', '', '(autoimported) ');
INSERT INTO conditions (`SourceTypeOrReferenceId`, `SourceGroup`, `SourceEntry`, `SourceId`, `ElseGroup`, `ConditionTypeOrReference`, `ConditionTarget`, `ConditionValue1`, `ConditionValue2`, `ConditionValue3`, `NegativeCondition`, `ErrorType`, `ErrorTextId`, `ScriptName`, `Comment`) VALUES ('15', '21046', '3', '0', '0', '14', '0', '8649', '0', '0', '0', '0', '0', '', '(autoimported) ');
INSERT INTO conditions (`SourceTypeOrReferenceId`, `SourceGroup`, `SourceEntry`, `SourceId`, `ElseGroup`, `ConditionTypeOrReference`, `ConditionTarget`, `ConditionValue1`, `ConditionValue2`, `ConditionValue3`, `NegativeCondition`, `ErrorType`, `ErrorTextId`, `ScriptName`, `Comment`) VALUES ('15', '21046', '4', '0', '0', '14', '0', '8674', '0', '0', '0', '0', '0', '', '(autoimported) ');
UPDATE creature_template SET npcflag = (npcflag | 1), gossip_menu_id = 21046 WHERE entry = 15557;


-- Importing creature gossip with entry 15558 (Elder Silvervein) with import type SMART
UPDATE creature_template SET ScriptName = '', AIName = 'SmartAI' WHERE entry = 15558;
DELETE FROM smart_scripts WHERE entryorguid = 15558 AND source_type = 0;
INSERT INTO smart_scripts (`entryorguid`, `source_type`, `id`, `link`, `event_type`, `event_phase_mask`, `event_chance`, `event_flags`, `event_param1`, `event_param2`, `event_param3`, `event_param4`, `event_param5`, `action_type`, `action_param1`, `action_param2`, `action_param3`, `action_param4`, `action_param5`, `action_param6`, `target_type`, `target_param1`, `target_param2`, `target_param3`, `target_param4`, `target_x`, `target_y`, `target_z`, `target_o`, `comment`) VALUES ('15558', '0', '0', '0', '11', '0', '100', '1', '0', '0', '0', '0', '0', '11', '25824', '0', '0', '0', '0', '0', '1', '0', '0', '0', '0', '0', '0', '0', '0', 'Elder Silvervein - On Respawn - Cast \'Spotlight\' (No Repeat) (Normal Dungeon)');
-- Text 7933 is already imported
INSERT INTO gossip_menu (`MenuID`, `TextID`) VALUES ('21050', '7933');
-- Menu 21092 is already imported
INSERT INTO gossip_menu_option (`MenuID`, `OptionID`, `OptionIcon`, `OptionText`, `OptionBroadcastTextID`, `OptionType`, `OptionNpcFlag`, `ActionMenuID`, `ActionPoiID`, `BoxCoded`, `BoxMoney`, `BoxText`, `BoxBroadcastTextID`) VALUES ('21050', '1', '0', 'Where is Elder Goldwell?', '11509', '1', '1', '21092', NULL, '0', '0', '', NULL);
-- Menu 21100 is already imported
INSERT INTO gossip_menu_option (`MenuID`, `OptionID`, `OptionIcon`, `OptionText`, `OptionBroadcastTextID`, `OptionType`, `OptionNpcFlag`, `ActionMenuID`, `ActionPoiID`, `BoxCoded`, `BoxMoney`, `BoxText`, `BoxBroadcastTextID`) VALUES ('21050', '2', '0', 'Where is Elder Ironband?', '11507', '1', '1', '21100', NULL, '0', '0', '', NULL);
INSERT INTO conditions (`SourceTypeOrReferenceId`, `SourceGroup`, `SourceEntry`, `SourceId`, `ElseGroup`, `ConditionTypeOrReference`, `ConditionTarget`, `ConditionValue1`, `ConditionValue2`, `ConditionValue3`, `NegativeCondition`, `ErrorType`, `ErrorTextId`, `ScriptName`, `Comment`) VALUES ('15', '21050', '1', '0', '0', '14', '0', '8653', '0', '0', '0', '0', '0', '', '(autoimported) ');
INSERT INTO conditions (`SourceTypeOrReferenceId`, `SourceGroup`, `SourceEntry`, `SourceId`, `ElseGroup`, `ConditionTypeOrReference`, `ConditionTarget`, `ConditionValue1`, `ConditionValue2`, `ConditionValue3`, `NegativeCondition`, `ErrorType`, `ErrorTextId`, `ScriptName`, `Comment`) VALUES ('15', '21050', '2', '0', '0', '14', '0', '8651', '0', '0', '0', '0', '0', '', '(autoimported) ');
UPDATE creature_template SET npcflag = (npcflag | 1), gossip_menu_id = 21050 WHERE entry = 15558;


-- Importing creature gossip with entry 15577 (Elder Skychaser) with import type SMART
UPDATE creature_template SET ScriptName = '', AIName = 'SmartAI' WHERE entry = 15577;
DELETE FROM smart_scripts WHERE entryorguid = 15577 AND source_type = 0;
INSERT INTO smart_scripts (`entryorguid`, `source_type`, `id`, `link`, `event_type`, `event_phase_mask`, `event_chance`, `event_flags`, `event_param1`, `event_param2`, `event_param3`, `event_param4`, `event_param5`, `action_type`, `action_param1`, `action_param2`, `action_param3`, `action_param4`, `action_param5`, `action_param6`, `target_type`, `target_param1`, `target_param2`, `target_param3`, `target_param4`, `target_x`, `target_y`, `target_z`, `target_o`, `comment`) VALUES ('15577', '0', '0', '0', '11', '0', '100', '1', '0', '0', '0', '0', '0', '11', '25824', '0', '0', '0', '0', '0', '1', '0', '0', '0', '0', '0', '0', '0', '0', 'Elder Skychaser - On Respawn - Cast \'Spotlight\' (No Repeat) (Normal Dungeon)');
-- Text 7935 is already imported as 1872551
INSERT INTO gossip_menu (`MenuID`, `TextID`) VALUES ('21051', '1872551');
-- Importing menu 21133 as 57139
INSERT INTO gossip_text (`ID`, `comment`, `text0_0`, `text0_1`, `BroadcastTextID0`, `lang0`, `Probability0`, `em0_0`, `em0_1`, `em0_2`, `em0_3`, `em0_4`, `em0_5`, `text1_0`, `text1_1`, `BroadcastTextID1`, `lang1`, `Probability1`, `em1_0`, `em1_1`, `em1_2`, `em1_3`, `em1_4`, `em1_5`, `text2_0`, `text2_1`, `BroadcastTextID2`, `lang2`, `Probability2`, `em2_0`, `em2_1`, `em2_2`, `em2_3`, `em2_4`, `em2_5`, `text3_0`, `text3_1`, `BroadcastTextID3`, `lang3`, `Probability3`, `em3_0`, `em3_1`, `em3_2`, `em3_3`, `em3_4`, `em3_5`, `text4_0`, `text4_1`, `BroadcastTextID4`, `lang4`, `Probability4`, `em4_0`, `em4_1`, `em4_2`, `em4_3`, `em4_4`, `em4_5`, `text5_0`, `text5_1`, `BroadcastTextID5`, `lang5`, `Probability5`, `em5_0`, `em5_1`, `em5_2`, `em5_3`, `em5_4`, `em5_5`, `text6_0`, `text6_1`, `BroadcastTextID6`, `lang6`, `Probability6`, `em6_0`, `em6_1`, `em6_2`, `em6_3`, `em6_4`, `em6_5`, `text7_0`, `text7_1`, `BroadcastTextID7`, `lang7`, `Probability7`, `em7_0`, `em7_1`, `em7_2`, `em7_3`, `em7_4`, `em7_5`) VALUES ('1872743', 'Imported from TC', 'Last I knew, Elder Starsong was in the Sunken Temple of the Swamp of Sorrows.', 'Last I knew, Elder Starsong was in the Sunken Temple of the Swamp of Sorrows.', '11539', '0', '1', '0', '1', '0', '0', '0', '0', '', '', NULL, '0', '0', '0', '0', '0', '0', '0', '0', '', '', NULL, '0', '0', '0', '0', '0', '0', '0', '0', '', '', NULL, '0', '0', '0', '0', '0', '0', '0', '0', '', '', NULL, '0', '0', '0', '0', '0', '0', '0', '0', '', '', NULL, '0', '0', '0', '0', '0', '0', '0', '0', '', '', NULL, '0', '0', '0', '0', '0', '0', '0', '0', '', '', NULL, '0', '0', '0', '0', '0', '0', '0', '0');
INSERT INTO gossip_menu (`MenuID`, `TextID`) VALUES ('57139', '1872743');
INSERT INTO gossip_menu_option (`MenuID`, `OptionID`, `OptionIcon`, `OptionText`, `OptionBroadcastTextID`, `OptionType`, `OptionNpcFlag`, `ActionMenuID`, `ActionPoiID`, `BoxCoded`, `BoxMoney`, `BoxText`, `BoxBroadcastTextID`) VALUES ('21051', '1', '0', 'Where is Elder Starsong?', '11537', '1', '1', '57139', NULL, '0', '0', '', NULL);
-- Menu 21138 is already imported
INSERT INTO gossip_menu_option (`MenuID`, `OptionID`, `OptionIcon`, `OptionText`, `OptionBroadcastTextID`, `OptionType`, `OptionNpcFlag`, `ActionMenuID`, `ActionPoiID`, `BoxCoded`, `BoxMoney`, `BoxText`, `BoxBroadcastTextID`) VALUES ('21051', '2', '0', 'Where is Elder Stormbrow?', '11542', '1', '1', '21138', NULL, '0', '0', '', NULL);
-- Menu 21148 is already imported
INSERT INTO gossip_menu_option (`MenuID`, `OptionID`, `OptionIcon`, `OptionText`, `OptionBroadcastTextID`, `OptionType`, `OptionNpcFlag`, `ActionMenuID`, `ActionPoiID`, `BoxCoded`, `BoxMoney`, `BoxText`, `BoxBroadcastTextID`) VALUES ('21051', '3', '0', 'Where is Elder Winterhoof?', '11544', '1', '1', '21148', NULL, '0', '0', '', NULL);
INSERT INTO conditions (`SourceTypeOrReferenceId`, `SourceGroup`, `SourceEntry`, `SourceId`, `ElseGroup`, `ConditionTypeOrReference`, `ConditionTarget`, `ConditionValue1`, `ConditionValue2`, `ConditionValue3`, `NegativeCondition`, `ErrorType`, `ErrorTextId`, `ScriptName`, `Comment`) VALUES ('15', '21051', '1', '0', '0', '14', '0', '8713', '0', '0', '0', '0', '0', '', '(autoimported) ');
INSERT INTO conditions (`SourceTypeOrReferenceId`, `SourceGroup`, `SourceEntry`, `SourceId`, `ElseGroup`, `ConditionTypeOrReference`, `ConditionTarget`, `ConditionValue1`, `ConditionValue2`, `ConditionValue3`, `NegativeCondition`, `ErrorType`, `ErrorTextId`, `ScriptName`, `Comment`) VALUES ('15', '21051', '2', '0', '0', '14', '0', '8649', '0', '0', '0', '0', '0', '', '(autoimported) ');
INSERT INTO conditions (`SourceTypeOrReferenceId`, `SourceGroup`, `SourceEntry`, `SourceId`, `ElseGroup`, `ConditionTypeOrReference`, `ConditionTarget`, `ConditionValue1`, `ConditionValue2`, `ConditionValue3`, `NegativeCondition`, `ErrorType`, `ErrorTextId`, `ScriptName`, `Comment`) VALUES ('15', '21051', '3', '0', '0', '14', '0', '8674', '0', '0', '0', '0', '0', '', '(autoimported) ');
UPDATE creature_template SET npcflag = (npcflag | 1), gossip_menu_id = 21051 WHERE entry = 15577;


-- Importing creature gossip with entry 15600 (Elder Skygleam) with import type SMART
UPDATE creature_template SET ScriptName = '', AIName = 'SmartAI' WHERE entry = 15600;
DELETE FROM smart_scripts WHERE entryorguid = 15600 AND source_type = 0;
INSERT INTO smart_scripts (`entryorguid`, `source_type`, `id`, `link`, `event_type`, `event_phase_mask`, `event_chance`, `event_flags`, `event_param1`, `event_param2`, `event_param3`, `event_param4`, `event_param5`, `action_type`, `action_param1`, `action_param2`, `action_param3`, `action_param4`, `action_param5`, `action_param6`, `target_type`, `target_param1`, `target_param2`, `target_param3`, `target_param4`, `target_x`, `target_y`, `target_z`, `target_o`, `comment`) VALUES ('15600', '0', '0', '0', '11', '0', '100', '1', '0', '0', '0', '0', '0', '11', '25824', '0', '0', '0', '0', '0', '1', '0', '0', '0', '0', '0', '0', '0', '0', 'Elder Skygleam - On Respawn - Cast \'Spotlight\' (No Repeat) (Normal Dungeon)');
-- Text 7956 is already imported as 1872726
INSERT INTO gossip_menu (`MenuID`, `TextID`) VALUES ('21052', '1872726');
-- Menu 21078 is already imported
INSERT INTO gossip_menu_option (`MenuID`, `OptionID`, `OptionIcon`, `OptionText`, `OptionBroadcastTextID`, `OptionType`, `OptionNpcFlag`, `ActionMenuID`, `ActionPoiID`, `BoxCoded`, `BoxMoney`, `BoxText`, `BoxBroadcastTextID`) VALUES ('21052', '1', '0', 'Where is Elder Bladeleaf?', '11558', '1', '1', '21078', NULL, '0', '0', '', NULL);
-- Importing menu 21080 as 57140
INSERT INTO gossip_text (`ID`, `comment`, `text0_0`, `text0_1`, `BroadcastTextID0`, `lang0`, `Probability0`, `em0_0`, `em0_1`, `em0_2`, `em0_3`, `em0_4`, `em0_5`, `text1_0`, `text1_1`, `BroadcastTextID1`, `lang1`, `Probability1`, `em1_0`, `em1_1`, `em1_2`, `em1_3`, `em1_4`, `em1_5`, `text2_0`, `text2_1`, `BroadcastTextID2`, `lang2`, `Probability2`, `em2_0`, `em2_1`, `em2_2`, `em2_3`, `em2_4`, `em2_5`, `text3_0`, `text3_1`, `BroadcastTextID3`, `lang3`, `Probability3`, `em3_0`, `em3_1`, `em3_2`, `em3_3`, `em3_4`, `em3_5`, `text4_0`, `text4_1`, `BroadcastTextID4`, `lang4`, `Probability4`, `em4_0`, `em4_1`, `em4_2`, `em4_3`, `em4_4`, `em4_5`, `text5_0`, `text5_1`, `BroadcastTextID5`, `lang5`, `Probability5`, `em5_0`, `em5_1`, `em5_2`, `em5_3`, `em5_4`, `em5_5`, `text6_0`, `text6_1`, `BroadcastTextID6`, `lang6`, `Probability6`, `em6_0`, `em6_1`, `em6_2`, `em6_3`, `em6_4`, `em6_5`, `text7_0`, `text7_1`, `BroadcastTextID7`, `lang7`, `Probability7`, `em7_0`, `em7_1`, `em7_2`, `em7_3`, `em7_4`, `em7_5`) VALUES ('1872744', 'Imported from TC', 'Elder Bladeswift wanders the paths of Darnassus atop Teldrassil.', 'Elder Bladeswift wanders the paths of Darnassus atop Teldrassil.', '11555', '0', '1', '0', '1', '0', '0', '0', '0', '', '', NULL, '0', '0', '0', '0', '0', '0', '0', '0', '', '', NULL, '0', '0', '0', '0', '0', '0', '0', '0', '', '', NULL, '0', '0', '0', '0', '0', '0', '0', '0', '', '', NULL, '0', '0', '0', '0', '0', '0', '0', '0', '', '', NULL, '0', '0', '0', '0', '0', '0', '0', '0', '', '', NULL, '0', '0', '0', '0', '0', '0', '0', '0', '', '', NULL, '0', '0', '0', '0', '0', '0', '0', '0');
INSERT INTO gossip_menu (`MenuID`, `TextID`) VALUES ('57140', '1872744');
INSERT INTO gossip_menu_option (`MenuID`, `OptionID`, `OptionIcon`, `OptionText`, `OptionBroadcastTextID`, `OptionType`, `OptionNpcFlag`, `ActionMenuID`, `ActionPoiID`, `BoxCoded`, `BoxMoney`, `BoxText`, `BoxBroadcastTextID`) VALUES ('21052', '2', '0', 'Where is Elder Bladeswift?', '11554', '1', '1', '57140', NULL, '0', '0', '', NULL);
-- Menu 21112 is already imported
INSERT INTO gossip_menu_option (`MenuID`, `OptionID`, `OptionIcon`, `OptionText`, `OptionBroadcastTextID`, `OptionType`, `OptionNpcFlag`, `ActionMenuID`, `ActionPoiID`, `BoxCoded`, `BoxMoney`, `BoxText`, `BoxBroadcastTextID`) VALUES ('21052', '3', '0', 'Where is Elder Nightwind?', '11565', '1', '1', '21112', NULL, '0', '0', '', NULL);
-- Menu 21120 is already imported
INSERT INTO gossip_menu_option (`MenuID`, `OptionID`, `OptionIcon`, `OptionText`, `OptionBroadcastTextID`, `OptionType`, `OptionNpcFlag`, `ActionMenuID`, `ActionPoiID`, `BoxCoded`, `BoxMoney`, `BoxText`, `BoxBroadcastTextID`) VALUES ('21052', '4', '0', 'Where is Elder Riversong?', '11567', '1', '1', '21120', NULL, '0', '0', '', NULL);
INSERT INTO conditions (`SourceTypeOrReferenceId`, `SourceGroup`, `SourceEntry`, `SourceId`, `ElseGroup`, `ConditionTypeOrReference`, `ConditionTarget`, `ConditionValue1`, `ConditionValue2`, `ConditionValue3`, `NegativeCondition`, `ErrorType`, `ErrorTextId`, `ScriptName`, `Comment`) VALUES ('15', '21052', '1', '0', '0', '14', '0', '8715', '0', '0', '0', '0', '0', '', '(autoimported) ');
INSERT INTO conditions (`SourceTypeOrReferenceId`, `SourceGroup`, `SourceEntry`, `SourceId`, `ElseGroup`, `ConditionTypeOrReference`, `ConditionTarget`, `ConditionValue1`, `ConditionValue2`, `ConditionValue3`, `NegativeCondition`, `ErrorType`, `ErrorTextId`, `ScriptName`, `Comment`) VALUES ('15', '21052', '2', '0', '0', '14', '0', '8718', '0', '0', '0', '0', '0', '', '(autoimported) ');
INSERT INTO conditions (`SourceTypeOrReferenceId`, `SourceGroup`, `SourceEntry`, `SourceId`, `ElseGroup`, `ConditionTypeOrReference`, `ConditionTarget`, `ConditionValue1`, `ConditionValue2`, `ConditionValue3`, `NegativeCondition`, `ErrorType`, `ErrorTextId`, `ScriptName`, `Comment`) VALUES ('15', '21052', '3', '0', '0', '14', '0', '8723', '0', '0', '0', '0', '0', '', '(autoimported) ');
INSERT INTO conditions (`SourceTypeOrReferenceId`, `SourceGroup`, `SourceEntry`, `SourceId`, `ElseGroup`, `ConditionTypeOrReference`, `ConditionTarget`, `ConditionValue1`, `ConditionValue2`, `ConditionValue3`, `NegativeCondition`, `ErrorType`, `ErrorTextId`, `ScriptName`, `Comment`) VALUES ('15', '21052', '4', '0', '0', '14', '0', '8725', '0', '0', '0', '0', '0', '', '(autoimported) ');
UPDATE creature_template SET npcflag = (npcflag | 1), gossip_menu_id = 21052 WHERE entry = 15600;


-- Importing creature gossip with entry 15584 (Elder Skyseer) with import type SMART
UPDATE creature_template SET ScriptName = '', AIName = 'SmartAI' WHERE entry = 15584;
DELETE FROM smart_scripts WHERE entryorguid = 15584 AND source_type = 0;
INSERT INTO smart_scripts (`entryorguid`, `source_type`, `id`, `link`, `event_type`, `event_phase_mask`, `event_chance`, `event_flags`, `event_param1`, `event_param2`, `event_param3`, `event_param4`, `event_param5`, `action_type`, `action_param1`, `action_param2`, `action_param3`, `action_param4`, `action_param5`, `action_param6`, `target_type`, `target_param1`, `target_param2`, `target_param3`, `target_param4`, `target_x`, `target_y`, `target_z`, `target_o`, `comment`) VALUES ('15584', '0', '0', '0', '11', '0', '100', '1', '0', '0', '0', '0', '0', '11', '25824', '0', '0', '0', '0', '0', '1', '0', '0', '0', '0', '0', '0', '0', '0', 'Elder Skyseer - On Respawn - Cast \'Spotlight\' (No Repeat) (Normal Dungeon)');
-- Text 7935 is already imported as 1872551
INSERT INTO gossip_menu (`MenuID`, `TextID`) VALUES ('21053', '1872551');
-- Menu 21089 is already imported
INSERT INTO gossip_menu_option (`MenuID`, `OptionID`, `OptionIcon`, `OptionText`, `OptionBroadcastTextID`, `OptionType`, `OptionNpcFlag`, `ActionMenuID`, `ActionPoiID`, `BoxCoded`, `BoxMoney`, `BoxText`, `BoxBroadcastTextID`) VALUES ('21053', '1', '0', 'Where is Elder Dreamseer?', '11598', '1', '1', '21089', NULL, '0', '0', '', NULL);
-- Menu 21109 is already imported
INSERT INTO gossip_menu_option (`MenuID`, `OptionID`, `OptionIcon`, `OptionText`, `OptionBroadcastTextID`, `OptionType`, `OptionNpcFlag`, `ActionMenuID`, `ActionPoiID`, `BoxCoded`, `BoxMoney`, `BoxText`, `BoxBroadcastTextID`) VALUES ('21053', '2', '0', 'Where is Elder Morningdew?', '11586', '1', '1', '21109', NULL, '0', '0', '', NULL);
-- Menu 21119 is already imported
INSERT INTO gossip_menu_option (`MenuID`, `OptionID`, `OptionIcon`, `OptionText`, `OptionBroadcastTextID`, `OptionType`, `OptionNpcFlag`, `ActionMenuID`, `ActionPoiID`, `BoxCoded`, `BoxMoney`, `BoxText`, `BoxBroadcastTextID`) VALUES ('21053', '3', '0', 'Where is Elder Ragetotem?', '11600', '1', '1', '21119', NULL, '0', '0', '', NULL);
-- Menu 21145 is already imported
INSERT INTO gossip_menu_option (`MenuID`, `OptionID`, `OptionIcon`, `OptionText`, `OptionBroadcastTextID`, `OptionType`, `OptionNpcFlag`, `ActionMenuID`, `ActionPoiID`, `BoxCoded`, `BoxMoney`, `BoxText`, `BoxBroadcastTextID`) VALUES ('21053', '4', '0', 'Where is Elder Wildmane?', '11602', '1', '1', '21145', NULL, '0', '0', '', NULL);
INSERT INTO conditions (`SourceTypeOrReferenceId`, `SourceGroup`, `SourceEntry`, `SourceId`, `ElseGroup`, `ConditionTypeOrReference`, `ConditionTarget`, `ConditionValue1`, `ConditionValue2`, `ConditionValue3`, `NegativeCondition`, `ErrorType`, `ErrorTextId`, `ScriptName`, `Comment`) VALUES ('15', '21053', '1', '0', '0', '14', '0', '8684', '0', '0', '0', '0', '0', '', '(autoimported) ');
INSERT INTO conditions (`SourceTypeOrReferenceId`, `SourceGroup`, `SourceEntry`, `SourceId`, `ElseGroup`, `ConditionTypeOrReference`, `ConditionTarget`, `ConditionValue1`, `ConditionValue2`, `ConditionValue3`, `NegativeCondition`, `ErrorType`, `ErrorTextId`, `ScriptName`, `Comment`) VALUES ('15', '21053', '2', '0', '0', '14', '0', '8724', '0', '0', '0', '0', '0', '', '(autoimported) ');
INSERT INTO conditions (`SourceTypeOrReferenceId`, `SourceGroup`, `SourceEntry`, `SourceId`, `ElseGroup`, `ConditionTypeOrReference`, `ConditionTarget`, `ConditionValue1`, `ConditionValue2`, `ConditionValue3`, `NegativeCondition`, `ErrorType`, `ErrorTextId`, `ScriptName`, `Comment`) VALUES ('15', '21053', '3', '0', '0', '14', '0', '8671', '0', '0', '0', '0', '0', '', '(autoimported) ');
INSERT INTO conditions (`SourceTypeOrReferenceId`, `SourceGroup`, `SourceEntry`, `SourceId`, `ElseGroup`, `ConditionTypeOrReference`, `ConditionTarget`, `ConditionValue1`, `ConditionValue2`, `ConditionValue3`, `NegativeCondition`, `ErrorType`, `ErrorTextId`, `ScriptName`, `Comment`) VALUES ('15', '21053', '4', '0', '0', '14', '0', '8676', '0', '0', '0', '0', '0', '', '(autoimported) ');
UPDATE creature_template SET npcflag = (npcflag | 1), gossip_menu_id = 21053 WHERE entry = 15584;


-- Importing creature gossip with entry 15556 (Elder Splitrock) with import type SMART
UPDATE creature_template SET ScriptName = '', AIName = 'SmartAI' WHERE entry = 15556;
DELETE FROM smart_scripts WHERE entryorguid = 15556 AND source_type = 0;
INSERT INTO smart_scripts (`entryorguid`, `source_type`, `id`, `link`, `event_type`, `event_phase_mask`, `event_chance`, `event_flags`, `event_param1`, `event_param2`, `event_param3`, `event_param4`, `event_param5`, `action_type`, `action_param1`, `action_param2`, `action_param3`, `action_param4`, `action_param5`, `action_param6`, `target_type`, `target_param1`, `target_param2`, `target_param3`, `target_param4`, `target_x`, `target_y`, `target_z`, `target_o`, `comment`) VALUES ('15556', '0', '0', '0', '11', '0', '100', '1', '0', '0', '0', '0', '0', '11', '25824', '0', '0', '0', '0', '0', '1', '0', '0', '0', '0', '0', '0', '0', '0', 'Elder Splitrock - On Respawn - Cast \'Spotlight\' (No Repeat) (Normal Dungeon)');
-- Text 7933 is already imported
INSERT INTO gossip_menu (`MenuID`, `TextID`) VALUES ('21056', '7933');
-- Menu 21095 is already imported
INSERT INTO gossip_menu_option (`MenuID`, `OptionID`, `OptionIcon`, `OptionText`, `OptionBroadcastTextID`, `OptionType`, `OptionNpcFlag`, `ActionMenuID`, `ActionPoiID`, `BoxCoded`, `BoxMoney`, `BoxText`, `BoxBroadcastTextID`) VALUES ('21056', '1', '0', 'Where is Elder Grimtotem?', '11590', '1', '1', '21095', NULL, '0', '0', '', NULL);
-- Menu 21105 is already imported
INSERT INTO gossip_menu_option (`MenuID`, `OptionID`, `OptionIcon`, `OptionText`, `OptionBroadcastTextID`, `OptionType`, `OptionNpcFlag`, `ActionMenuID`, `ActionPoiID`, `BoxCoded`, `BoxMoney`, `BoxText`, `BoxBroadcastTextID`) VALUES ('21056', '2', '0', 'Where is Elder Mistwalker?', '11592', '1', '1', '21105', NULL, '0', '0', '', NULL);
INSERT INTO conditions (`SourceTypeOrReferenceId`, `SourceGroup`, `SourceEntry`, `SourceId`, `ElseGroup`, `ConditionTypeOrReference`, `ConditionTarget`, `ConditionValue1`, `ConditionValue2`, `ConditionValue3`, `NegativeCondition`, `ErrorType`, `ErrorTextId`, `ScriptName`, `Comment`) VALUES ('15', '21056', '1', '0', '0', '14', '0', '8679', '0', '0', '0', '0', '0', '', '(autoimported) ');
INSERT INTO conditions (`SourceTypeOrReferenceId`, `SourceGroup`, `SourceEntry`, `SourceId`, `ElseGroup`, `ConditionTypeOrReference`, `ConditionTarget`, `ConditionValue1`, `ConditionValue2`, `ConditionValue3`, `NegativeCondition`, `ErrorType`, `ErrorTextId`, `ScriptName`, `Comment`) VALUES ('15', '21056', '2', '0', '0', '14', '0', '8685', '0', '0', '0', '0', '0', '', '(autoimported) ');
UPDATE creature_template SET npcflag = (npcflag | 1), gossip_menu_id = 21056 WHERE entry = 15556;


-- Importing creature gossip with entry 15596 (Elder Starglade) with import type SMART
UPDATE creature_template SET ScriptName = '', AIName = 'SmartAI' WHERE entry = 15596;
DELETE FROM smart_scripts WHERE entryorguid = 15596 AND source_type = 0;
INSERT INTO smart_scripts (`entryorguid`, `source_type`, `id`, `link`, `event_type`, `event_phase_mask`, `event_chance`, `event_flags`, `event_param1`, `event_param2`, `event_param3`, `event_param4`, `event_param5`, `action_type`, `action_param1`, `action_param2`, `action_param3`, `action_param4`, `action_param5`, `action_param6`, `target_type`, `target_param1`, `target_param2`, `target_param3`, `target_param4`, `target_x`, `target_y`, `target_z`, `target_o`, `comment`) VALUES ('15596', '0', '0', '0', '11', '0', '100', '1', '0', '0', '0', '0', '0', '11', '25824', '0', '0', '0', '0', '0', '1', '0', '0', '0', '0', '0', '0', '0', '0', 'Elder Starglade - On Respawn - Cast \'Spotlight\' (No Repeat) (Normal Dungeon)');
-- Text 7956 is already imported as 1872726
INSERT INTO gossip_menu (`MenuID`, `TextID`) VALUES ('21057', '1872726');
-- Menu 21133 is already imported as 57139
INSERT INTO gossip_menu_option (`MenuID`, `OptionID`, `OptionIcon`, `OptionText`, `OptionBroadcastTextID`, `OptionType`, `OptionNpcFlag`, `ActionMenuID`, `ActionPoiID`, `BoxCoded`, `BoxMoney`, `BoxText`, `BoxBroadcastTextID`) VALUES ('21057', '1', '0', 'Where is Elder Starsong?', '11537', '1', '1', '57139', NULL, '0', '0', '', NULL);
-- Menu 21148 is already imported
INSERT INTO gossip_menu_option (`MenuID`, `OptionID`, `OptionIcon`, `OptionText`, `OptionBroadcastTextID`, `OptionType`, `OptionNpcFlag`, `ActionMenuID`, `ActionPoiID`, `BoxCoded`, `BoxMoney`, `BoxText`, `BoxBroadcastTextID`) VALUES ('21057', '2', '0', 'Where is Elder Winterhoof?', '11544', '1', '1', '21148', NULL, '0', '0', '', NULL);
INSERT INTO conditions (`SourceTypeOrReferenceId`, `SourceGroup`, `SourceEntry`, `SourceId`, `ElseGroup`, `ConditionTypeOrReference`, `ConditionTarget`, `ConditionValue1`, `ConditionValue2`, `ConditionValue3`, `NegativeCondition`, `ErrorType`, `ErrorTextId`, `ScriptName`, `Comment`) VALUES ('15', '21057', '1', '0', '0', '14', '0', '8713', '0', '0', '0', '0', '0', '', '(autoimported) ');
INSERT INTO conditions (`SourceTypeOrReferenceId`, `SourceGroup`, `SourceEntry`, `SourceId`, `ElseGroup`, `ConditionTypeOrReference`, `ConditionTarget`, `ConditionValue1`, `ConditionValue2`, `ConditionValue3`, `NegativeCondition`, `ErrorType`, `ErrorTextId`, `ScriptName`, `Comment`) VALUES ('15', '21057', '2', '0', '0', '14', '0', '8674', '0', '0', '0', '0', '0', '', '(autoimported) ');
UPDATE creature_template SET npcflag = (npcflag | 1), gossip_menu_id = 21057 WHERE entry = 15596;


-- Importing creature gossip with entry 15593 (Elder Starsong) with import type SMART
UPDATE creature_template SET ScriptName = '', AIName = 'SmartAI' WHERE entry = 15593;
DELETE FROM smart_scripts WHERE entryorguid = 15593 AND source_type = 0;
INSERT INTO smart_scripts (`entryorguid`, `source_type`, `id`, `link`, `event_type`, `event_phase_mask`, `event_chance`, `event_flags`, `event_param1`, `event_param2`, `event_param3`, `event_param4`, `event_param5`, `action_type`, `action_param1`, `action_param2`, `action_param3`, `action_param4`, `action_param5`, `action_param6`, `target_type`, `target_param1`, `target_param2`, `target_param3`, `target_param4`, `target_x`, `target_y`, `target_z`, `target_o`, `comment`) VALUES ('15593', '0', '0', '0', '11', '0', '100', '1', '0', '0', '0', '0', '0', '11', '25824', '0', '0', '0', '0', '0', '1', '0', '0', '0', '0', '0', '0', '0', '0', 'Elder Starsong - On Respawn - Cast \'Spotlight\' (No Repeat) (Normal Dungeon)');
-- Text 7956 is already imported as 1872726
INSERT INTO gossip_menu (`MenuID`, `TextID`) VALUES ('21058', '1872726');
INSERT INTO gossip_text (`ID`, `comment`, `text0_0`, `text0_1`, `BroadcastTextID0`, `lang0`, `Probability0`, `em0_0`, `em0_1`, `em0_2`, `em0_3`, `em0_4`, `em0_5`, `text1_0`, `text1_1`, `BroadcastTextID1`, `lang1`, `Probability1`, `em1_0`, `em1_1`, `em1_2`, `em1_3`, `em1_4`, `em1_5`, `text2_0`, `text2_1`, `BroadcastTextID2`, `lang2`, `Probability2`, `em2_0`, `em2_1`, `em2_2`, `em2_3`, `em2_4`, `em2_5`, `text3_0`, `text3_1`, `BroadcastTextID3`, `lang3`, `Probability3`, `em3_0`, `em3_1`, `em3_2`, `em3_3`, `em3_4`, `em3_5`, `text4_0`, `text4_1`, `BroadcastTextID4`, `lang4`, `Probability4`, `em4_0`, `em4_1`, `em4_2`, `em4_3`, `em4_4`, `em4_5`, `text5_0`, `text5_1`, `BroadcastTextID5`, `lang5`, `Probability5`, `em5_0`, `em5_1`, `em5_2`, `em5_3`, `em5_4`, `em5_5`, `text6_0`, `text6_1`, `BroadcastTextID6`, `lang6`, `Probability6`, `em6_0`, `em6_1`, `em6_2`, `em6_3`, `em6_4`, `em6_5`, `text7_0`, `text7_1`, `BroadcastTextID7`, `lang7`, `Probability7`, `em7_0`, `em7_1`, `em7_2`, `em7_3`, `em7_4`, `em7_5`) VALUES ('8175', 'Imported from TC', 'Elder Bellowrage watches over the Dark Portal from a ridge in the Blasted Lands.', 'Elder Bellowrage watches over the Dark Portal from a ridge in the Blasted Lands.', '11553', '0', '1', '0', '1', '0', '0', '0', '0', '', '', NULL, '0', '0', '0', '0', '0', '0', '0', '0', '', '', NULL, '0', '0', '0', '0', '0', '0', '0', '0', '', '', NULL, '0', '0', '0', '0', '0', '0', '0', '0', '', '', NULL, '0', '0', '0', '0', '0', '0', '0', '0', '', '', NULL, '0', '0', '0', '0', '0', '0', '0', '0', '', '', NULL, '0', '0', '0', '0', '0', '0', '0', '0', '', '', NULL, '0', '0', '0', '0', '0', '0', '0', '0');
INSERT INTO gossip_menu (`MenuID`, `TextID`) VALUES ('21077', '8175');
INSERT INTO gossip_menu_option (`MenuID`, `OptionID`, `OptionIcon`, `OptionText`, `OptionBroadcastTextID`, `OptionType`, `OptionNpcFlag`, `ActionMenuID`, `ActionPoiID`, `BoxCoded`, `BoxMoney`, `BoxText`, `BoxBroadcastTextID`) VALUES ('21058', '1', '0', 'Where is Elder Bellowrage?', '11552', '1', '1', '21077', NULL, '0', '0', '', NULL);
INSERT INTO gossip_text (`ID`, `comment`, `text0_0`, `text0_1`, `BroadcastTextID0`, `lang0`, `Probability0`, `em0_0`, `em0_1`, `em0_2`, `em0_3`, `em0_4`, `em0_5`, `text1_0`, `text1_1`, `BroadcastTextID1`, `lang1`, `Probability1`, `em1_0`, `em1_1`, `em1_2`, `em1_3`, `em1_4`, `em1_5`, `text2_0`, `text2_1`, `BroadcastTextID2`, `lang2`, `Probability2`, `em2_0`, `em2_1`, `em2_2`, `em2_3`, `em2_4`, `em2_5`, `text3_0`, `text3_1`, `BroadcastTextID3`, `lang3`, `Probability3`, `em3_0`, `em3_1`, `em3_2`, `em3_3`, `em3_4`, `em3_5`, `text4_0`, `text4_1`, `BroadcastTextID4`, `lang4`, `Probability4`, `em4_0`, `em4_1`, `em4_2`, `em4_3`, `em4_4`, `em4_5`, `text5_0`, `text5_1`, `BroadcastTextID5`, `lang5`, `Probability5`, `em5_0`, `em5_1`, `em5_2`, `em5_3`, `em5_4`, `em5_5`, `text6_0`, `text6_1`, `BroadcastTextID6`, `lang6`, `Probability6`, `em6_0`, `em6_1`, `em6_2`, `em6_3`, `em6_4`, `em6_5`, `text7_0`, `text7_1`, `BroadcastTextID7`, `lang7`, `Probability7`, `em7_0`, `em7_1`, `em7_2`, `em7_3`, `em7_4`, `em7_5`) VALUES ('8211', 'Imported from TC', 'You\'ll find Elder Starglade outside the gates to Zul\'Gurub in Stranglethorn Vale.', 'You\'ll find Elder Starglade outside the gates to Zul\'Gurub in Stranglethorn Vale.', '11657', '0', '1', '0', '1', '0', '0', '0', '0', '', '', NULL, '0', '0', '0', '0', '0', '0', '0', '0', '', '', NULL, '0', '0', '0', '0', '0', '0', '0', '0', '', '', NULL, '0', '0', '0', '0', '0', '0', '0', '0', '', '', NULL, '0', '0', '0', '0', '0', '0', '0', '0', '', '', NULL, '0', '0', '0', '0', '0', '0', '0', '0', '', '', NULL, '0', '0', '0', '0', '0', '0', '0', '0', '', '', NULL, '0', '0', '0', '0', '0', '0', '0', '0');
INSERT INTO gossip_menu (`MenuID`, `TextID`) VALUES ('21132', '8211');
INSERT INTO gossip_menu_option (`MenuID`, `OptionID`, `OptionIcon`, `OptionText`, `OptionBroadcastTextID`, `OptionType`, `OptionNpcFlag`, `ActionMenuID`, `ActionPoiID`, `BoxCoded`, `BoxMoney`, `BoxText`, `BoxBroadcastTextID`) VALUES ('21058', '2', '0', 'Where is Elder Starglade?', '11656', '1', '1', '21132', NULL, '0', '0', '', NULL);
INSERT INTO gossip_text (`ID`, `comment`, `text0_0`, `text0_1`, `BroadcastTextID0`, `lang0`, `Probability0`, `em0_0`, `em0_1`, `em0_2`, `em0_3`, `em0_4`, `em0_5`, `text1_0`, `text1_1`, `BroadcastTextID1`, `lang1`, `Probability1`, `em1_0`, `em1_1`, `em1_2`, `em1_3`, `em1_4`, `em1_5`, `text2_0`, `text2_1`, `BroadcastTextID2`, `lang2`, `Probability2`, `em2_0`, `em2_1`, `em2_2`, `em2_3`, `em2_4`, `em2_5`, `text3_0`, `text3_1`, `BroadcastTextID3`, `lang3`, `Probability3`, `em3_0`, `em3_1`, `em3_2`, `em3_3`, `em3_4`, `em3_5`, `text4_0`, `text4_1`, `BroadcastTextID4`, `lang4`, `Probability4`, `em4_0`, `em4_1`, `em4_2`, `em4_3`, `em4_4`, `em4_5`, `text5_0`, `text5_1`, `BroadcastTextID5`, `lang5`, `Probability5`, `em5_0`, `em5_1`, `em5_2`, `em5_3`, `em5_4`, `em5_5`, `text6_0`, `text6_1`, `BroadcastTextID6`, `lang6`, `Probability6`, `em6_0`, `em6_1`, `em6_2`, `em6_3`, `em6_4`, `em6_5`, `text7_0`, `text7_1`, `BroadcastTextID7`, `lang7`, `Probability7`, `em7_0`, `em7_1`, `em7_2`, `em7_3`, `em7_4`, `em7_5`) VALUES ('1872745', 'Imported from TC', 'Elder Skychaser looks out over Westfall from atop Sentinel Hill.', 'Elder Skychaser looks out over Westfall from atop Sentinel Hill.', '11547', '0', '1', '0', '1', '0', '0', '0', '0', '', '', NULL, '0', '0', '0', '0', '0', '0', '0', '0', '', '', NULL, '0', '0', '0', '0', '0', '0', '0', '0', '', '', NULL, '0', '0', '0', '0', '0', '0', '0', '0', '', '', NULL, '0', '0', '0', '0', '0', '0', '0', '0', '', '', NULL, '0', '0', '0', '0', '0', '0', '0', '0', '', '', NULL, '0', '0', '0', '0', '0', '0', '0', '0', '', '', NULL, '0', '0', '0', '0', '0', '0', '0', '0');
INSERT INTO gossip_menu (`MenuID`, `TextID`) VALUES ('21126', '1872745');
INSERT INTO gossip_menu_option (`MenuID`, `OptionID`, `OptionIcon`, `OptionText`, `OptionBroadcastTextID`, `OptionType`, `OptionNpcFlag`, `ActionMenuID`, `ActionPoiID`, `BoxCoded`, `BoxMoney`, `BoxText`, `BoxBroadcastTextID`) VALUES ('21058', '3', '0', 'Where is Elder Skychaser?', '11546', '1', '1', '21126', NULL, '0', '0', '', NULL);
-- Menu 21138 is already imported
INSERT INTO gossip_menu_option (`MenuID`, `OptionID`, `OptionIcon`, `OptionText`, `OptionBroadcastTextID`, `OptionType`, `OptionNpcFlag`, `ActionMenuID`, `ActionPoiID`, `BoxCoded`, `BoxMoney`, `BoxText`, `BoxBroadcastTextID`) VALUES ('21058', '4', '0', 'Where is Elder Stormbrow?', '11542', '1', '1', '21138', NULL, '0', '0', '', NULL);
-- Menu 21148 is already imported
INSERT INTO gossip_menu_option (`MenuID`, `OptionID`, `OptionIcon`, `OptionText`, `OptionBroadcastTextID`, `OptionType`, `OptionNpcFlag`, `ActionMenuID`, `ActionPoiID`, `BoxCoded`, `BoxMoney`, `BoxText`, `BoxBroadcastTextID`) VALUES ('21058', '5', '0', 'Where is Elder Winterhoof?', '11544', '1', '1', '21148', NULL, '0', '0', '', NULL);
INSERT INTO conditions (`SourceTypeOrReferenceId`, `SourceGroup`, `SourceEntry`, `SourceId`, `ElseGroup`, `ConditionTypeOrReference`, `ConditionTarget`, `ConditionValue1`, `ConditionValue2`, `ConditionValue3`, `NegativeCondition`, `ErrorType`, `ErrorTextId`, `ScriptName`, `Comment`) VALUES ('15', '21058', '1', '0', '0', '14', '0', '8647', '0', '0', '0', '0', '0', '', '(autoimported) ');
INSERT INTO conditions (`SourceTypeOrReferenceId`, `SourceGroup`, `SourceEntry`, `SourceId`, `ElseGroup`, `ConditionTypeOrReference`, `ConditionTarget`, `ConditionValue1`, `ConditionValue2`, `ConditionValue3`, `NegativeCondition`, `ErrorType`, `ErrorTextId`, `ScriptName`, `Comment`) VALUES ('15', '21058', '2', '0', '0', '14', '0', '8716', '0', '0', '0', '0', '0', '', '(autoimported) ');
INSERT INTO conditions (`SourceTypeOrReferenceId`, `SourceGroup`, `SourceEntry`, `SourceId`, `ElseGroup`, `ConditionTypeOrReference`, `ConditionTarget`, `ConditionValue1`, `ConditionValue2`, `ConditionValue3`, `NegativeCondition`, `ErrorType`, `ErrorTextId`, `ScriptName`, `Comment`) VALUES ('15', '21058', '3', '0', '0', '14', '0', '8675', '0', '0', '0', '0', '0', '', '(autoimported) ');
INSERT INTO conditions (`SourceTypeOrReferenceId`, `SourceGroup`, `SourceEntry`, `SourceId`, `ElseGroup`, `ConditionTypeOrReference`, `ConditionTarget`, `ConditionValue1`, `ConditionValue2`, `ConditionValue3`, `NegativeCondition`, `ErrorType`, `ErrorTextId`, `ScriptName`, `Comment`) VALUES ('15', '21058', '4', '0', '0', '14', '0', '8649', '0', '0', '0', '0', '0', '', '(autoimported) ');
INSERT INTO conditions (`SourceTypeOrReferenceId`, `SourceGroup`, `SourceEntry`, `SourceId`, `ElseGroup`, `ConditionTypeOrReference`, `ConditionTarget`, `ConditionValue1`, `ConditionValue2`, `ConditionValue3`, `NegativeCondition`, `ErrorType`, `ErrorTextId`, `ScriptName`, `Comment`) VALUES ('15', '21058', '5', '0', '0', '14', '0', '8674', '0', '0', '0', '0', '0', '', '(autoimported) ');
UPDATE creature_template SET npcflag = (npcflag | 1), gossip_menu_id = 21058 WHERE entry = 15593;


-- Importing creature gossip with entry 15601 (Elder Starweave) with import type SMART
UPDATE creature_template SET ScriptName = '', AIName = 'SmartAI' WHERE entry = 15601;
DELETE FROM smart_scripts WHERE entryorguid = 15601 AND source_type = 0;
INSERT INTO smart_scripts (`entryorguid`, `source_type`, `id`, `link`, `event_type`, `event_phase_mask`, `event_chance`, `event_flags`, `event_param1`, `event_param2`, `event_param3`, `event_param4`, `event_param5`, `action_type`, `action_param1`, `action_param2`, `action_param3`, `action_param4`, `action_param5`, `action_param6`, `target_type`, `target_param1`, `target_param2`, `target_param3`, `target_param4`, `target_x`, `target_y`, `target_z`, `target_o`, `comment`) VALUES ('15601', '0', '0', '0', '11', '0', '100', '1', '0', '0', '0', '0', '0', '11', '25824', '0', '0', '0', '0', '0', '1', '0', '0', '0', '0', '0', '0', '0', '0', 'Elder Starweave - On Respawn - Cast \'Spotlight\' (No Repeat) (Normal Dungeon)');
-- Text 7956 is already imported as 1872726
INSERT INTO gossip_menu (`MenuID`, `TextID`) VALUES ('21059', '1872726');
-- Menu 21080 is already imported as 57140
INSERT INTO gossip_menu_option (`MenuID`, `OptionID`, `OptionIcon`, `OptionText`, `OptionBroadcastTextID`, `OptionType`, `OptionNpcFlag`, `ActionMenuID`, `ActionPoiID`, `BoxCoded`, `BoxMoney`, `BoxText`, `BoxBroadcastTextID`) VALUES ('21059', '1', '0', 'Where is Elder Bladeswift?', '11554', '1', '1', '57140', NULL, '0', '0', '', NULL);
-- Menu 21112 is already imported
INSERT INTO gossip_menu_option (`MenuID`, `OptionID`, `OptionIcon`, `OptionText`, `OptionBroadcastTextID`, `OptionType`, `OptionNpcFlag`, `ActionMenuID`, `ActionPoiID`, `BoxCoded`, `BoxMoney`, `BoxText`, `BoxBroadcastTextID`) VALUES ('21059', '2', '0', 'Where is Elder Nightwind?', '11565', '1', '1', '21112', NULL, '0', '0', '', NULL);
-- Menu 21120 is already imported
INSERT INTO gossip_menu_option (`MenuID`, `OptionID`, `OptionIcon`, `OptionText`, `OptionBroadcastTextID`, `OptionType`, `OptionNpcFlag`, `ActionMenuID`, `ActionPoiID`, `BoxCoded`, `BoxMoney`, `BoxText`, `BoxBroadcastTextID`) VALUES ('21059', '3', '0', 'Where is Elder Riversong?', '11567', '1', '1', '21120', NULL, '0', '0', '', NULL);
INSERT INTO conditions (`SourceTypeOrReferenceId`, `SourceGroup`, `SourceEntry`, `SourceId`, `ElseGroup`, `ConditionTypeOrReference`, `ConditionTarget`, `ConditionValue1`, `ConditionValue2`, `ConditionValue3`, `NegativeCondition`, `ErrorType`, `ErrorTextId`, `ScriptName`, `Comment`) VALUES ('15', '21059', '1', '0', '0', '14', '0', '8718', '0', '0', '0', '0', '0', '', '(autoimported) ');
INSERT INTO conditions (`SourceTypeOrReferenceId`, `SourceGroup`, `SourceEntry`, `SourceId`, `ElseGroup`, `ConditionTypeOrReference`, `ConditionTarget`, `ConditionValue1`, `ConditionValue2`, `ConditionValue3`, `NegativeCondition`, `ErrorType`, `ErrorTextId`, `ScriptName`, `Comment`) VALUES ('15', '21059', '2', '0', '0', '14', '0', '8723', '0', '0', '0', '0', '0', '', '(autoimported) ');
INSERT INTO conditions (`SourceTypeOrReferenceId`, `SourceGroup`, `SourceEntry`, `SourceId`, `ElseGroup`, `ConditionTypeOrReference`, `ConditionTarget`, `ConditionValue1`, `ConditionValue2`, `ConditionValue3`, `NegativeCondition`, `ErrorType`, `ErrorTextId`, `ScriptName`, `Comment`) VALUES ('15', '21059', '3', '0', '0', '14', '0', '8725', '0', '0', '0', '0', '0', '', '(autoimported) ');
UPDATE creature_template SET npcflag = (npcflag | 1), gossip_menu_id = 21059 WHERE entry = 15601;


-- Importing creature gossip with entry 15560 (Elder Stonefort) with import type SMART
UPDATE creature_template SET ScriptName = '', AIName = 'SmartAI' WHERE entry = 15560;
DELETE FROM smart_scripts WHERE entryorguid = 15560 AND source_type = 0;
INSERT INTO smart_scripts (`entryorguid`, `source_type`, `id`, `link`, `event_type`, `event_phase_mask`, `event_chance`, `event_flags`, `event_param1`, `event_param2`, `event_param3`, `event_param4`, `event_param5`, `action_type`, `action_param1`, `action_param2`, `action_param3`, `action_param4`, `action_param5`, `action_param6`, `target_type`, `target_param1`, `target_param2`, `target_param3`, `target_param4`, `target_x`, `target_y`, `target_z`, `target_o`, `comment`) VALUES ('15560', '0', '0', '0', '11', '0', '100', '1', '0', '0', '0', '0', '0', '11', '25824', '0', '0', '0', '0', '0', '1', '0', '0', '0', '0', '0', '0', '0', '0', 'Elder Stonefort - On Respawn - Cast \'Spotlight\' (No Repeat) (Normal Dungeon)');
-- Text 7933 is already imported
INSERT INTO gossip_menu (`MenuID`, `TextID`) VALUES ('21061', '7933');
-- Menu 21100 is already imported
INSERT INTO gossip_menu_option (`MenuID`, `OptionID`, `OptionIcon`, `OptionText`, `OptionBroadcastTextID`, `OptionType`, `OptionNpcFlag`, `ActionMenuID`, `ActionPoiID`, `BoxCoded`, `BoxMoney`, `BoxText`, `BoxBroadcastTextID`) VALUES ('21061', '1', '0', 'Where is Elder Ironband?', '11507', '1', '1', '21100', NULL, '0', '0', '', NULL);
INSERT INTO conditions (`SourceTypeOrReferenceId`, `SourceGroup`, `SourceEntry`, `SourceId`, `ElseGroup`, `ConditionTypeOrReference`, `ConditionTarget`, `ConditionValue1`, `ConditionValue2`, `ConditionValue3`, `NegativeCondition`, `ErrorType`, `ErrorTextId`, `ScriptName`, `Comment`) VALUES ('15', '21061', '1', '0', '0', '14', '0', '8651', '0', '0', '0', '0', '0', '', '(autoimported) ');
UPDATE creature_template SET npcflag = (npcflag | 1), gossip_menu_id = 21061 WHERE entry = 15560;


-- Importing creature gossip with entry 15574 (Elder Stonespire) with import type SMART
UPDATE creature_template SET ScriptName = '', AIName = 'SmartAI' WHERE entry = 15574;
DELETE FROM smart_scripts WHERE entryorguid = 15574 AND source_type = 0;
INSERT INTO smart_scripts (`entryorguid`, `source_type`, `id`, `link`, `event_type`, `event_phase_mask`, `event_chance`, `event_flags`, `event_param1`, `event_param2`, `event_param3`, `event_param4`, `event_param5`, `action_type`, `action_param1`, `action_param2`, `action_param3`, `action_param4`, `action_param5`, `action_param6`, `target_type`, `target_param1`, `target_param2`, `target_param3`, `target_param4`, `target_x`, `target_y`, `target_z`, `target_o`, `comment`) VALUES ('15574', '0', '0', '0', '11', '0', '100', '1', '0', '0', '0', '0', '0', '11', '25824', '0', '0', '0', '0', '0', '1', '0', '0', '0', '0', '0', '0', '0', '0', 'Elder Stonespire - On Respawn - Cast \'Spotlight\' (No Repeat) (Normal Dungeon)');
-- Text 7935 is already imported as 1872551
INSERT INTO gossip_menu (`MenuID`, `TextID`) VALUES ('21062', '1872551');
-- Menu 21083 is already imported
INSERT INTO gossip_menu_option (`MenuID`, `OptionID`, `OptionIcon`, `OptionText`, `OptionBroadcastTextID`, `OptionType`, `OptionNpcFlag`, `ActionMenuID`, `ActionPoiID`, `BoxCoded`, `BoxMoney`, `BoxText`, `BoxBroadcastTextID`) VALUES ('21062', '1', '0', 'Where is Elder Brightspear?', '11572', '1', '1', '21083', NULL, '0', '0', '', NULL);
-- Menu 21112 is already imported
INSERT INTO gossip_menu_option (`MenuID`, `OptionID`, `OptionIcon`, `OptionText`, `OptionBroadcastTextID`, `OptionType`, `OptionNpcFlag`, `ActionMenuID`, `ActionPoiID`, `BoxCoded`, `BoxMoney`, `BoxText`, `BoxBroadcastTextID`) VALUES ('21062', '2', '0', 'Where is Elder Nightwind?', '11565', '1', '1', '21112', NULL, '0', '0', '', NULL);
-- Menu 21120 is already imported
INSERT INTO gossip_menu_option (`MenuID`, `OptionID`, `OptionIcon`, `OptionText`, `OptionBroadcastTextID`, `OptionType`, `OptionNpcFlag`, `ActionMenuID`, `ActionPoiID`, `BoxCoded`, `BoxMoney`, `BoxText`, `BoxBroadcastTextID`) VALUES ('21062', '3', '0', 'Where is Elder Riversong?', '11567', '1', '1', '21120', NULL, '0', '0', '', NULL);
INSERT INTO conditions (`SourceTypeOrReferenceId`, `SourceGroup`, `SourceEntry`, `SourceId`, `ElseGroup`, `ConditionTypeOrReference`, `ConditionTarget`, `ConditionValue1`, `ConditionValue2`, `ConditionValue3`, `NegativeCondition`, `ErrorType`, `ErrorTextId`, `ScriptName`, `Comment`) VALUES ('15', '21062', '1', '0', '0', '14', '0', '8726', '0', '0', '0', '0', '0', '', '(autoimported) ');
INSERT INTO conditions (`SourceTypeOrReferenceId`, `SourceGroup`, `SourceEntry`, `SourceId`, `ElseGroup`, `ConditionTypeOrReference`, `ConditionTarget`, `ConditionValue1`, `ConditionValue2`, `ConditionValue3`, `NegativeCondition`, `ErrorType`, `ErrorTextId`, `ScriptName`, `Comment`) VALUES ('15', '21062', '2', '0', '0', '14', '0', '8723', '0', '0', '0', '0', '0', '', '(autoimported) ');
INSERT INTO conditions (`SourceTypeOrReferenceId`, `SourceGroup`, `SourceEntry`, `SourceId`, `ElseGroup`, `ConditionTypeOrReference`, `ConditionTarget`, `ConditionValue1`, `ConditionValue2`, `ConditionValue3`, `NegativeCondition`, `ErrorType`, `ErrorTextId`, `ScriptName`, `Comment`) VALUES ('15', '21062', '3', '0', '0', '14', '0', '8725', '0', '0', '0', '0', '0', '', '(autoimported) ');
UPDATE creature_template SET npcflag = (npcflag | 1), gossip_menu_id = 21062 WHERE entry = 15574;


-- Importing creature gossip with entry 15565 (Elder Stormbrow) with import type SMART
UPDATE creature_template SET ScriptName = '', AIName = 'SmartAI' WHERE entry = 15565;
DELETE FROM smart_scripts WHERE entryorguid = 15565 AND source_type = 0;
INSERT INTO smart_scripts (`entryorguid`, `source_type`, `id`, `link`, `event_type`, `event_phase_mask`, `event_chance`, `event_flags`, `event_param1`, `event_param2`, `event_param3`, `event_param4`, `event_param5`, `action_type`, `action_param1`, `action_param2`, `action_param3`, `action_param4`, `action_param5`, `action_param6`, `target_type`, `target_param1`, `target_param2`, `target_param3`, `target_param4`, `target_x`, `target_y`, `target_z`, `target_o`, `comment`) VALUES ('15565', '0', '0', '0', '11', '0', '100', '1', '0', '0', '0', '0', '0', '11', '25824', '0', '0', '0', '0', '0', '1', '0', '0', '0', '0', '0', '0', '0', '0', 'Elder Stormbrow - On Respawn - Cast \'Spotlight\' (No Repeat) (Normal Dungeon)');
-- Text 7933 is already imported
INSERT INTO gossip_menu (`MenuID`, `TextID`) VALUES ('21063', '7933');
-- Menu 21096 is already imported
INSERT INTO gossip_menu_option (`MenuID`, `OptionID`, `OptionIcon`, `OptionText`, `OptionBroadcastTextID`, `OptionType`, `OptionNpcFlag`, `ActionMenuID`, `ActionPoiID`, `BoxCoded`, `BoxMoney`, `BoxText`, `BoxBroadcastTextID`) VALUES ('21063', '1', '0', 'Where is Elder Hammershout?', '11550', '1', '1', '21096', NULL, '0', '0', '', NULL);
-- Menu 21121 is already imported
INSERT INTO gossip_menu_option (`MenuID`, `OptionID`, `OptionIcon`, `OptionText`, `OptionBroadcastTextID`, `OptionType`, `OptionNpcFlag`, `ActionMenuID`, `ActionPoiID`, `BoxCoded`, `BoxMoney`, `BoxText`, `BoxBroadcastTextID`) VALUES ('21063', '2', '0', 'Where is Elder Rumblerock?', '11534', '1', '1', '21121', NULL, '0', '0', '', NULL);
-- Menu 21126 is already imported
INSERT INTO gossip_menu_option (`MenuID`, `OptionID`, `OptionIcon`, `OptionText`, `OptionBroadcastTextID`, `OptionType`, `OptionNpcFlag`, `ActionMenuID`, `ActionPoiID`, `BoxCoded`, `BoxMoney`, `BoxText`, `BoxBroadcastTextID`) VALUES ('21063', '3', '0', 'Where is Elder Skychaser?', '11546', '1', '1', '21126', NULL, '0', '0', '', NULL);
-- Menu 21133 is already imported as 57139
INSERT INTO gossip_menu_option (`MenuID`, `OptionID`, `OptionIcon`, `OptionText`, `OptionBroadcastTextID`, `OptionType`, `OptionNpcFlag`, `ActionMenuID`, `ActionPoiID`, `BoxCoded`, `BoxMoney`, `BoxText`, `BoxBroadcastTextID`) VALUES ('21063', '4', '0', 'Where is Elder Starsong?', '11537', '1', '1', '57139', NULL, '0', '0', '', NULL);
INSERT INTO conditions (`SourceTypeOrReferenceId`, `SourceGroup`, `SourceEntry`, `SourceId`, `ElseGroup`, `ConditionTypeOrReference`, `ConditionTarget`, `ConditionValue1`, `ConditionValue2`, `ConditionValue3`, `NegativeCondition`, `ErrorType`, `ErrorTextId`, `ScriptName`, `Comment`) VALUES ('15', '21063', '1', '0', '0', '14', '0', '8646', '0', '0', '0', '0', '0', '', '(autoimported) ');
INSERT INTO conditions (`SourceTypeOrReferenceId`, `SourceGroup`, `SourceEntry`, `SourceId`, `ElseGroup`, `ConditionTypeOrReference`, `ConditionTarget`, `ConditionValue1`, `ConditionValue2`, `ConditionValue3`, `NegativeCondition`, `ErrorType`, `ErrorTextId`, `ScriptName`, `Comment`) VALUES ('15', '21063', '2', '0', '0', '14', '0', '8636', '0', '0', '0', '0', '0', '', '(autoimported) ');
INSERT INTO conditions (`SourceTypeOrReferenceId`, `SourceGroup`, `SourceEntry`, `SourceId`, `ElseGroup`, `ConditionTypeOrReference`, `ConditionTarget`, `ConditionValue1`, `ConditionValue2`, `ConditionValue3`, `NegativeCondition`, `ErrorType`, `ErrorTextId`, `ScriptName`, `Comment`) VALUES ('15', '21063', '3', '0', '0', '14', '0', '8675', '0', '0', '0', '0', '0', '', '(autoimported) ');
INSERT INTO conditions (`SourceTypeOrReferenceId`, `SourceGroup`, `SourceEntry`, `SourceId`, `ElseGroup`, `ConditionTypeOrReference`, `ConditionTarget`, `ConditionValue1`, `ConditionValue2`, `ConditionValue3`, `NegativeCondition`, `ErrorType`, `ErrorTextId`, `ScriptName`, `Comment`) VALUES ('15', '21063', '4', '0', '0', '14', '0', '8713', '0', '0', '0', '0', '0', '', '(autoimported) ');
UPDATE creature_template SET npcflag = (npcflag | 1), gossip_menu_id = 21063 WHERE entry = 15565;


-- Importing creature gossip with entry 15583 (Elder Thunderhorn) with import type SMART
UPDATE creature_template SET ScriptName = '', AIName = 'SmartAI' WHERE entry = 15583;
DELETE FROM smart_scripts WHERE entryorguid = 15583 AND source_type = 0;
INSERT INTO smart_scripts (`entryorguid`, `source_type`, `id`, `link`, `event_type`, `event_phase_mask`, `event_chance`, `event_flags`, `event_param1`, `event_param2`, `event_param3`, `event_param4`, `event_param5`, `action_type`, `action_param1`, `action_param2`, `action_param3`, `action_param4`, `action_param5`, `action_param6`, `target_type`, `target_param1`, `target_param2`, `target_param3`, `target_param4`, `target_x`, `target_y`, `target_z`, `target_o`, `comment`) VALUES ('15583', '0', '0', '0', '11', '0', '100', '1', '0', '0', '0', '0', '0', '11', '25824', '0', '0', '0', '0', '0', '1', '0', '0', '0', '0', '0', '0', '0', '0', 'Elder Thunderhorn - On Respawn - Cast \'Spotlight\' (No Repeat) (Normal Dungeon)');
-- Text 7935 is already imported as 1872551
INSERT INTO gossip_menu (`MenuID`, `TextID`) VALUES ('21066', '1872551');
INSERT INTO gossip_text (`ID`, `comment`, `text0_0`, `text0_1`, `BroadcastTextID0`, `lang0`, `Probability0`, `em0_0`, `em0_1`, `em0_2`, `em0_3`, `em0_4`, `em0_5`, `text1_0`, `text1_1`, `BroadcastTextID1`, `lang1`, `Probability1`, `em1_0`, `em1_1`, `em1_2`, `em1_3`, `em1_4`, `em1_5`, `text2_0`, `text2_1`, `BroadcastTextID2`, `lang2`, `Probability2`, `em2_0`, `em2_1`, `em2_2`, `em2_3`, `em2_4`, `em2_5`, `text3_0`, `text3_1`, `BroadcastTextID3`, `lang3`, `Probability3`, `em3_0`, `em3_1`, `em3_2`, `em3_3`, `em3_4`, `em3_5`, `text4_0`, `text4_1`, `BroadcastTextID4`, `lang4`, `Probability4`, `em4_0`, `em4_1`, `em4_2`, `em4_3`, `em4_4`, `em4_5`, `text5_0`, `text5_1`, `BroadcastTextID5`, `lang5`, `Probability5`, `em5_0`, `em5_1`, `em5_2`, `em5_3`, `em5_4`, `em5_5`, `text6_0`, `text6_1`, `BroadcastTextID6`, `lang6`, `Probability6`, `em6_0`, `em6_1`, `em6_2`, `em6_3`, `em6_4`, `em6_5`, `text7_0`, `text7_1`, `BroadcastTextID7`, `lang7`, `Probability7`, `em7_0`, `em7_1`, `em7_2`, `em7_3`, `em7_4`, `em7_5`) VALUES ('8200', 'Imported from TC', 'If you travel to Cenarion Hold in Silithus, you will find Elder Bladesing.', 'If you travel to Cenarion Hold in Silithus, you will find Elder Bladesing.', '11607', '0', '1', '0', '1', '0', '0', '0', '0', '', '', NULL, '0', '0', '0', '0', '0', '0', '0', '0', '', '', NULL, '0', '0', '0', '0', '0', '0', '0', '0', '', '', NULL, '0', '0', '0', '0', '0', '0', '0', '0', '', '', NULL, '0', '0', '0', '0', '0', '0', '0', '0', '', '', NULL, '0', '0', '0', '0', '0', '0', '0', '0', '', '', NULL, '0', '0', '0', '0', '0', '0', '0', '0', '', '', NULL, '0', '0', '0', '0', '0', '0', '0', '0');
INSERT INTO gossip_menu (`MenuID`, `TextID`) VALUES ('21079', '8200');
INSERT INTO gossip_menu_option (`MenuID`, `OptionID`, `OptionIcon`, `OptionText`, `OptionBroadcastTextID`, `OptionType`, `OptionNpcFlag`, `ActionMenuID`, `ActionPoiID`, `BoxCoded`, `BoxMoney`, `BoxText`, `BoxBroadcastTextID`) VALUES ('21066', '1', '0', 'Where is Elder Bladesing?', '11606', '1', '1', '21079', NULL, '0', '0', '', NULL);
-- Menu 21089 is already imported
INSERT INTO gossip_menu_option (`MenuID`, `OptionID`, `OptionIcon`, `OptionText`, `OptionBroadcastTextID`, `OptionType`, `OptionNpcFlag`, `ActionMenuID`, `ActionPoiID`, `BoxCoded`, `BoxMoney`, `BoxText`, `BoxBroadcastTextID`) VALUES ('21066', '2', '0', 'Where is Elder Dreamseer?', '11598', '1', '1', '21089', NULL, '0', '0', '', NULL);
INSERT INTO gossip_text (`ID`, `comment`, `text0_0`, `text0_1`, `BroadcastTextID0`, `lang0`, `Probability0`, `em0_0`, `em0_1`, `em0_2`, `em0_3`, `em0_4`, `em0_5`, `text1_0`, `text1_1`, `BroadcastTextID1`, `lang1`, `Probability1`, `em1_0`, `em1_1`, `em1_2`, `em1_3`, `em1_4`, `em1_5`, `text2_0`, `text2_1`, `BroadcastTextID2`, `lang2`, `Probability2`, `em2_0`, `em2_1`, `em2_2`, `em2_3`, `em2_4`, `em2_5`, `text3_0`, `text3_1`, `BroadcastTextID3`, `lang3`, `Probability3`, `em3_0`, `em3_1`, `em3_2`, `em3_3`, `em3_4`, `em3_5`, `text4_0`, `text4_1`, `BroadcastTextID4`, `lang4`, `Probability4`, `em4_0`, `em4_1`, `em4_2`, `em4_3`, `em4_4`, `em4_5`, `text5_0`, `text5_1`, `BroadcastTextID5`, `lang5`, `Probability5`, `em5_0`, `em5_1`, `em5_2`, `em5_3`, `em5_4`, `em5_5`, `text6_0`, `text6_1`, `BroadcastTextID6`, `lang6`, `Probability6`, `em6_0`, `em6_1`, `em6_2`, `em6_3`, `em6_4`, `em6_5`, `text7_0`, `text7_1`, `BroadcastTextID7`, `lang7`, `Probability7`, `em7_0`, `em7_1`, `em7_2`, `em7_3`, `em7_4`, `em7_5`) VALUES ('1872746', 'Imported from TC', 'Elder Primestone has spent many years in the Crystal Vale in Silithus.', 'Elder Primestone has spent many years in the Crystal Vale in Silithus.', '11609', '0', '1', '0', '1', '0', '0', '0', '0', '', '', NULL, '0', '0', '0', '0', '0', '0', '0', '0', '', '', NULL, '0', '0', '0', '0', '0', '0', '0', '0', '', '', NULL, '0', '0', '0', '0', '0', '0', '0', '0', '', '', NULL, '0', '0', '0', '0', '0', '0', '0', '0', '', '', NULL, '0', '0', '0', '0', '0', '0', '0', '0', '', '', NULL, '0', '0', '0', '0', '0', '0', '0', '0', '', '', NULL, '0', '0', '0', '0', '0', '0', '0', '0');
INSERT INTO gossip_menu (`MenuID`, `TextID`) VALUES ('21118', '1872746');
INSERT INTO gossip_menu_option (`MenuID`, `OptionID`, `OptionIcon`, `OptionText`, `OptionBroadcastTextID`, `OptionType`, `OptionNpcFlag`, `ActionMenuID`, `ActionPoiID`, `BoxCoded`, `BoxMoney`, `BoxText`, `BoxBroadcastTextID`) VALUES ('21066', '3', '0', 'Where is Elder Primestone?', '11608', '1', '1', '21118', NULL, '0', '0', '', NULL);
-- Menu 21119 is already imported
INSERT INTO gossip_menu_option (`MenuID`, `OptionID`, `OptionIcon`, `OptionText`, `OptionBroadcastTextID`, `OptionType`, `OptionNpcFlag`, `ActionMenuID`, `ActionPoiID`, `BoxCoded`, `BoxMoney`, `BoxText`, `BoxBroadcastTextID`) VALUES ('21066', '4', '0', 'Where is Elder Ragetotem?', '11600', '1', '1', '21119', NULL, '0', '0', '', NULL);
-- Menu 21145 is already imported
INSERT INTO gossip_menu_option (`MenuID`, `OptionID`, `OptionIcon`, `OptionText`, `OptionBroadcastTextID`, `OptionType`, `OptionNpcFlag`, `ActionMenuID`, `ActionPoiID`, `BoxCoded`, `BoxMoney`, `BoxText`, `BoxBroadcastTextID`) VALUES ('21066', '5', '0', 'Where is Elder Wildmane?', '11602', '1', '1', '21145', NULL, '0', '0', '', NULL);
INSERT INTO conditions (`SourceTypeOrReferenceId`, `SourceGroup`, `SourceEntry`, `SourceId`, `ElseGroup`, `ConditionTypeOrReference`, `ConditionTarget`, `ConditionValue1`, `ConditionValue2`, `ConditionValue3`, `NegativeCondition`, `ErrorType`, `ErrorTextId`, `ScriptName`, `Comment`) VALUES ('15', '21066', '1', '0', '0', '14', '0', '8719', '0', '0', '0', '0', '0', '', '(autoimported) ');
INSERT INTO conditions (`SourceTypeOrReferenceId`, `SourceGroup`, `SourceEntry`, `SourceId`, `ElseGroup`, `ConditionTypeOrReference`, `ConditionTarget`, `ConditionValue1`, `ConditionValue2`, `ConditionValue3`, `NegativeCondition`, `ErrorType`, `ErrorTextId`, `ScriptName`, `Comment`) VALUES ('15', '21066', '2', '0', '0', '14', '0', '8684', '0', '0', '0', '0', '0', '', '(autoimported) ');
INSERT INTO conditions (`SourceTypeOrReferenceId`, `SourceGroup`, `SourceEntry`, `SourceId`, `ElseGroup`, `ConditionTypeOrReference`, `ConditionTarget`, `ConditionValue1`, `ConditionValue2`, `ConditionValue3`, `NegativeCondition`, `ErrorType`, `ErrorTextId`, `ScriptName`, `Comment`) VALUES ('15', '21066', '3', '0', '0', '14', '0', '8654', '0', '0', '0', '0', '0', '', '(autoimported) ');
INSERT INTO conditions (`SourceTypeOrReferenceId`, `SourceGroup`, `SourceEntry`, `SourceId`, `ElseGroup`, `ConditionTypeOrReference`, `ConditionTarget`, `ConditionValue1`, `ConditionValue2`, `ConditionValue3`, `NegativeCondition`, `ErrorType`, `ErrorTextId`, `ScriptName`, `Comment`) VALUES ('15', '21066', '4', '0', '0', '14', '0', '8671', '0', '0', '0', '0', '0', '', '(autoimported) ');
INSERT INTO conditions (`SourceTypeOrReferenceId`, `SourceGroup`, `SourceEntry`, `SourceId`, `ElseGroup`, `ConditionTypeOrReference`, `ConditionTarget`, `ConditionValue1`, `ConditionValue2`, `ConditionValue3`, `NegativeCondition`, `ErrorType`, `ErrorTextId`, `ScriptName`, `Comment`) VALUES ('15', '21066', '5', '0', '0', '14', '0', '8676', '0', '0', '0', '0', '0', '', '(autoimported) ');
UPDATE creature_template SET npcflag = (npcflag | 1), gossip_menu_id = 21066 WHERE entry = 15583;


-- Importing creature gossip with entry 15578 (Elder Wildmane) with import type SMART
UPDATE creature_template SET ScriptName = '', AIName = 'SmartAI' WHERE entry = 15578;
DELETE FROM smart_scripts WHERE entryorguid = 15578 AND source_type = 0;
INSERT INTO smart_scripts (`entryorguid`, `source_type`, `id`, `link`, `event_type`, `event_phase_mask`, `event_chance`, `event_flags`, `event_param1`, `event_param2`, `event_param3`, `event_param4`, `event_param5`, `action_type`, `action_param1`, `action_param2`, `action_param3`, `action_param4`, `action_param5`, `action_param6`, `target_type`, `target_param1`, `target_param2`, `target_param3`, `target_param4`, `target_x`, `target_y`, `target_z`, `target_o`, `comment`) VALUES ('15578', '0', '0', '0', '11', '0', '100', '1', '0', '0', '0', '0', '0', '11', '25824', '0', '0', '0', '0', '0', '1', '0', '0', '0', '0', '0', '0', '0', '0', 'Elder Wildmane - On Respawn - Cast \'Spotlight\' (No Repeat) (Normal Dungeon)');
-- Text 7935 is already imported as 1872551
INSERT INTO gossip_menu (`MenuID`, `TextID`) VALUES ('21070', '1872551');
-- Menu 21089 is already imported
INSERT INTO gossip_menu_option (`MenuID`, `OptionID`, `OptionIcon`, `OptionText`, `OptionBroadcastTextID`, `OptionType`, `OptionNpcFlag`, `ActionMenuID`, `ActionPoiID`, `BoxCoded`, `BoxMoney`, `BoxText`, `BoxBroadcastTextID`) VALUES ('21070', '1', '0', 'Where is Elder Dreamseer?', '11598', '1', '1', '21089', NULL, '0', '0', '', NULL);
-- Menu 21119 is already imported
INSERT INTO gossip_menu_option (`MenuID`, `OptionID`, `OptionIcon`, `OptionText`, `OptionBroadcastTextID`, `OptionType`, `OptionNpcFlag`, `ActionMenuID`, `ActionPoiID`, `BoxCoded`, `BoxMoney`, `BoxText`, `BoxBroadcastTextID`) VALUES ('21070', '2', '0', 'Where is Elder Ragetotem?', '11600', '1', '1', '21119', NULL, '0', '0', '', NULL);
-- Menu 21128 is already imported
INSERT INTO gossip_menu_option (`MenuID`, `OptionID`, `OptionIcon`, `OptionText`, `OptionBroadcastTextID`, `OptionType`, `OptionNpcFlag`, `ActionMenuID`, `ActionPoiID`, `BoxCoded`, `BoxMoney`, `BoxText`, `BoxBroadcastTextID`) VALUES ('21070', '3', '0', 'Where is Elder Skyseer?', '11594', '1', '1', '21128', NULL, '0', '0', '', NULL);
-- Menu 21141 is already imported
INSERT INTO gossip_menu_option (`MenuID`, `OptionID`, `OptionIcon`, `OptionText`, `OptionBroadcastTextID`, `OptionType`, `OptionNpcFlag`, `ActionMenuID`, `ActionPoiID`, `BoxCoded`, `BoxMoney`, `BoxText`, `BoxBroadcastTextID`) VALUES ('21070', '4', '0', 'Where is Elder Thunderhorn?', '11604', '1', '1', '21141', NULL, '0', '0', '', NULL);
INSERT INTO conditions (`SourceTypeOrReferenceId`, `SourceGroup`, `SourceEntry`, `SourceId`, `ElseGroup`, `ConditionTypeOrReference`, `ConditionTarget`, `ConditionValue1`, `ConditionValue2`, `ConditionValue3`, `NegativeCondition`, `ErrorType`, `ErrorTextId`, `ScriptName`, `Comment`) VALUES ('15', '21070', '1', '0', '0', '14', '0', '8684', '0', '0', '0', '0', '0', '', '(autoimported) ');
INSERT INTO conditions (`SourceTypeOrReferenceId`, `SourceGroup`, `SourceEntry`, `SourceId`, `ElseGroup`, `ConditionTypeOrReference`, `ConditionTarget`, `ConditionValue1`, `ConditionValue2`, `ConditionValue3`, `NegativeCondition`, `ErrorType`, `ErrorTextId`, `ScriptName`, `Comment`) VALUES ('15', '21070', '2', '0', '0', '14', '0', '8671', '0', '0', '0', '0', '0', '', '(autoimported) ');
INSERT INTO conditions (`SourceTypeOrReferenceId`, `SourceGroup`, `SourceEntry`, `SourceId`, `ElseGroup`, `ConditionTypeOrReference`, `ConditionTarget`, `ConditionValue1`, `ConditionValue2`, `ConditionValue3`, `NegativeCondition`, `ErrorType`, `ErrorTextId`, `ScriptName`, `Comment`) VALUES ('15', '21070', '3', '0', '0', '14', '0', '8682', '0', '0', '0', '0', '0', '', '(autoimported) ');
INSERT INTO conditions (`SourceTypeOrReferenceId`, `SourceGroup`, `SourceEntry`, `SourceId`, `ElseGroup`, `ConditionTypeOrReference`, `ConditionTarget`, `ConditionValue1`, `ConditionValue2`, `ConditionValue3`, `NegativeCondition`, `ErrorType`, `ErrorTextId`, `ScriptName`, `Comment`) VALUES ('15', '21070', '4', '0', '0', '14', '0', '8681', '0', '0', '0', '0', '0', '', '(autoimported) ');
UPDATE creature_template SET npcflag = (npcflag | 1), gossip_menu_id = 21070 WHERE entry = 15578;


-- Importing creature gossip with entry 15582 (Elder Windtotem) with import type SMART
UPDATE creature_template SET ScriptName = '', AIName = 'SmartAI' WHERE entry = 15582;
DELETE FROM smart_scripts WHERE entryorguid = 15582 AND source_type = 0;
INSERT INTO smart_scripts (`entryorguid`, `source_type`, `id`, `link`, `event_type`, `event_phase_mask`, `event_chance`, `event_flags`, `event_param1`, `event_param2`, `event_param3`, `event_param4`, `event_param5`, `action_type`, `action_param1`, `action_param2`, `action_param3`, `action_param4`, `action_param5`, `action_param6`, `target_type`, `target_param1`, `target_param2`, `target_param3`, `target_param4`, `target_x`, `target_y`, `target_z`, `target_o`, `comment`) VALUES ('15582', '0', '0', '0', '11', '0', '100', '1', '0', '0', '0', '0', '0', '11', '25824', '0', '0', '0', '0', '0', '1', '0', '0', '0', '0', '0', '0', '0', '0', 'Elder Windtotem - On Respawn - Cast \'Spotlight\' (No Repeat) (Normal Dungeon)');
-- Text 7935 is already imported as 1872551
INSERT INTO gossip_menu (`MenuID`, `TextID`) VALUES ('21072', '1872551');
-- Menu 21081 is already imported
INSERT INTO gossip_menu_option (`MenuID`, `OptionID`, `OptionIcon`, `OptionText`, `OptionBroadcastTextID`, `OptionType`, `OptionNpcFlag`, `ActionMenuID`, `ActionPoiID`, `BoxCoded`, `BoxMoney`, `BoxText`, `BoxBroadcastTextID`) VALUES ('21072', '1', '0', 'Where is Elder Bloodhoof?', '11574', '1', '1', '21081', NULL, '0', '0', '', NULL);
INSERT INTO gossip_text (`ID`, `comment`, `text0_0`, `text0_1`, `BroadcastTextID0`, `lang0`, `Probability0`, `em0_0`, `em0_1`, `em0_2`, `em0_3`, `em0_4`, `em0_5`, `text1_0`, `text1_1`, `BroadcastTextID1`, `lang1`, `Probability1`, `em1_0`, `em1_1`, `em1_2`, `em1_3`, `em1_4`, `em1_5`, `text2_0`, `text2_1`, `BroadcastTextID2`, `lang2`, `Probability2`, `em2_0`, `em2_1`, `em2_2`, `em2_3`, `em2_4`, `em2_5`, `text3_0`, `text3_1`, `BroadcastTextID3`, `lang3`, `Probability3`, `em3_0`, `em3_1`, `em3_2`, `em3_3`, `em3_4`, `em3_5`, `text4_0`, `text4_1`, `BroadcastTextID4`, `lang4`, `Probability4`, `em4_0`, `em4_1`, `em4_2`, `em4_3`, `em4_4`, `em4_5`, `text5_0`, `text5_1`, `BroadcastTextID5`, `lang5`, `Probability5`, `em5_0`, `em5_1`, `em5_2`, `em5_3`, `em5_4`, `em5_5`, `text6_0`, `text6_1`, `BroadcastTextID6`, `lang6`, `Probability6`, `em6_0`, `em6_1`, `em6_2`, `em6_3`, `em6_4`, `em6_5`, `text7_0`, `text7_1`, `BroadcastTextID7`, `lang7`, `Probability7`, `em7_0`, `em7_1`, `em7_2`, `em7_3`, `em7_4`, `em7_5`) VALUES ('1872747', 'Imported from TC', 'Elder Darkhorn can be found among the red rocks of Orgrimmar.', 'Elder Darkhorn can be found among the red rocks of Orgrimmar.', '11585', '0', '1', '0', '1', '0', '0', '0', '0', '', '', NULL, '0', '0', '0', '0', '0', '0', '0', '0', '', '', NULL, '0', '0', '0', '0', '0', '0', '0', '0', '', '', NULL, '0', '0', '0', '0', '0', '0', '0', '0', '', '', NULL, '0', '0', '0', '0', '0', '0', '0', '0', '', '', NULL, '0', '0', '0', '0', '0', '0', '0', '0', '', '', NULL, '0', '0', '0', '0', '0', '0', '0', '0', '', '', NULL, '0', '0', '0', '0', '0', '0', '0', '0');
INSERT INTO gossip_menu (`MenuID`, `TextID`) VALUES ('21087', '1872747');
INSERT INTO gossip_menu_option (`MenuID`, `OptionID`, `OptionIcon`, `OptionText`, `OptionBroadcastTextID`, `OptionType`, `OptionNpcFlag`, `ActionMenuID`, `ActionPoiID`, `BoxCoded`, `BoxMoney`, `BoxText`, `BoxBroadcastTextID`) VALUES ('21072', '2', '0', 'Where is Elder Darkhorn?', '11584', '1', '1', '21087', NULL, '0', '0', '', NULL);
-- Menu 21097 is already imported
INSERT INTO gossip_menu_option (`MenuID`, `OptionID`, `OptionIcon`, `OptionText`, `OptionBroadcastTextID`, `OptionType`, `OptionNpcFlag`, `ActionMenuID`, `ActionPoiID`, `BoxCoded`, `BoxMoney`, `BoxText`, `BoxBroadcastTextID`) VALUES ('21072', '3', '0', 'Where is Elder High Mountain?', '11578', '1', '1', '21097', NULL, '0', '0', '', NULL);
-- Menu 21107 is already imported
INSERT INTO gossip_menu_option (`MenuID`, `OptionID`, `OptionIcon`, `OptionText`, `OptionBroadcastTextID`, `OptionType`, `OptionNpcFlag`, `ActionMenuID`, `ActionPoiID`, `BoxCoded`, `BoxMoney`, `BoxText`, `BoxBroadcastTextID`) VALUES ('21072', '4', '0', 'Where is Elder Moonwarden?', '11580', '1', '1', '21107', NULL, '0', '0', '', NULL);
-- Menu 21109 is already imported
INSERT INTO gossip_menu_option (`MenuID`, `OptionID`, `OptionIcon`, `OptionText`, `OptionBroadcastTextID`, `OptionType`, `OptionNpcFlag`, `ActionMenuID`, `ActionPoiID`, `BoxCoded`, `BoxMoney`, `BoxText`, `BoxBroadcastTextID`) VALUES ('21072', '5', '0', 'Where is Elder Morningdew?', '11586', '1', '1', '21109', NULL, '0', '0', '', NULL);
-- Menu 21143 is already imported
INSERT INTO gossip_menu_option (`MenuID`, `OptionID`, `OptionIcon`, `OptionText`, `OptionBroadcastTextID`, `OptionType`, `OptionNpcFlag`, `ActionMenuID`, `ActionPoiID`, `BoxCoded`, `BoxMoney`, `BoxText`, `BoxBroadcastTextID`) VALUES ('21072', '6', '0', 'Where is Elder Wheathoof?', '11582', '1', '1', '21143', NULL, '0', '0', '', NULL);
-- Menu 21122 is already imported
INSERT INTO gossip_menu_option (`MenuID`, `OptionID`, `OptionIcon`, `OptionText`, `OptionBroadcastTextID`, `OptionType`, `OptionNpcFlag`, `ActionMenuID`, `ActionPoiID`, `BoxCoded`, `BoxMoney`, `BoxText`, `BoxBroadcastTextID`) VALUES ('21072', '7', '0', 'Where is Elder Runetotem?', '11588', '1', '1', '21122', NULL, '0', '0', '', NULL);
INSERT INTO conditions (`SourceTypeOrReferenceId`, `SourceGroup`, `SourceEntry`, `SourceId`, `ElseGroup`, `ConditionTypeOrReference`, `ConditionTarget`, `ConditionValue1`, `ConditionValue2`, `ConditionValue3`, `NegativeCondition`, `ErrorType`, `ErrorTextId`, `ScriptName`, `Comment`) VALUES ('15', '21072', '1', '0', '0', '14', '0', '8673', '0', '0', '0', '0', '0', '', '(autoimported) ');
INSERT INTO conditions (`SourceTypeOrReferenceId`, `SourceGroup`, `SourceEntry`, `SourceId`, `ElseGroup`, `ConditionTypeOrReference`, `ConditionTarget`, `ConditionValue1`, `ConditionValue2`, `ConditionValue3`, `NegativeCondition`, `ErrorType`, `ErrorTextId`, `ScriptName`, `Comment`) VALUES ('15', '21072', '2', '0', '0', '14', '0', '8677', '0', '0', '0', '0', '0', '', '(autoimported) ');
INSERT INTO conditions (`SourceTypeOrReferenceId`, `SourceGroup`, `SourceEntry`, `SourceId`, `ElseGroup`, `ConditionTypeOrReference`, `ConditionTarget`, `ConditionValue1`, `ConditionValue2`, `ConditionValue3`, `NegativeCondition`, `ErrorType`, `ErrorTextId`, `ScriptName`, `Comment`) VALUES ('15', '21072', '3', '0', '0', '14', '0', '8686', '0', '0', '0', '0', '0', '', '(autoimported) ');
INSERT INTO conditions (`SourceTypeOrReferenceId`, `SourceGroup`, `SourceEntry`, `SourceId`, `ElseGroup`, `ConditionTypeOrReference`, `ConditionTarget`, `ConditionValue1`, `ConditionValue2`, `ConditionValue3`, `NegativeCondition`, `ErrorType`, `ErrorTextId`, `ScriptName`, `Comment`) VALUES ('15', '21072', '4', '0', '0', '14', '0', '8717', '0', '0', '0', '0', '0', '', '(autoimported) ');
INSERT INTO conditions (`SourceTypeOrReferenceId`, `SourceGroup`, `SourceEntry`, `SourceId`, `ElseGroup`, `ConditionTypeOrReference`, `ConditionTarget`, `ConditionValue1`, `ConditionValue2`, `ConditionValue3`, `NegativeCondition`, `ErrorType`, `ErrorTextId`, `ScriptName`, `Comment`) VALUES ('15', '21072', '5', '0', '0', '14', '0', '8724', '0', '0', '0', '0', '0', '', '(autoimported) ');
INSERT INTO conditions (`SourceTypeOrReferenceId`, `SourceGroup`, `SourceEntry`, `SourceId`, `ElseGroup`, `ConditionTypeOrReference`, `ConditionTarget`, `ConditionValue1`, `ConditionValue2`, `ConditionValue3`, `NegativeCondition`, `ErrorType`, `ErrorTextId`, `ScriptName`, `Comment`) VALUES ('15', '21072', '6', '0', '0', '14', '0', '8678', '0', '0', '0', '0', '0', '', '(autoimported) ');
INSERT INTO conditions (`SourceTypeOrReferenceId`, `SourceGroup`, `SourceEntry`, `SourceId`, `ElseGroup`, `ConditionTypeOrReference`, `ConditionTarget`, `ConditionValue1`, `ConditionValue2`, `ConditionValue3`, `NegativeCondition`, `ErrorType`, `ErrorTextId`, `ScriptName`, `Comment`) VALUES ('15', '21072', '7', '0', '0', '14', '0', '8670', '0', '0', '0', '0', '0', '', '(autoimported) ');
UPDATE creature_template SET npcflag = (npcflag | 1), gossip_menu_id = 21072 WHERE entry = 15582;


-- Importing creature gossip with entry 15576 (Elder Winterhoof) with import type SMART
UPDATE creature_template SET ScriptName = '', AIName = 'SmartAI' WHERE entry = 15576;
DELETE FROM smart_scripts WHERE entryorguid = 15576 AND source_type = 0;
INSERT INTO smart_scripts (`entryorguid`, `source_type`, `id`, `link`, `event_type`, `event_phase_mask`, `event_chance`, `event_flags`, `event_param1`, `event_param2`, `event_param3`, `event_param4`, `event_param5`, `action_type`, `action_param1`, `action_param2`, `action_param3`, `action_param4`, `action_param5`, `action_param6`, `target_type`, `target_param1`, `target_param2`, `target_param3`, `target_param4`, `target_x`, `target_y`, `target_z`, `target_o`, `comment`) VALUES ('15576', '0', '0', '0', '11', '0', '100', '1', '0', '0', '0', '0', '0', '11', '25824', '0', '0', '0', '0', '0', '1', '0', '0', '0', '0', '0', '0', '0', '0', 'Elder Winterhoof - On Respawn - Cast \'Spotlight\' (No Repeat) (Normal Dungeon)');
-- Text 7935 is already imported as 1872551
INSERT INTO gossip_menu (`MenuID`, `TextID`) VALUES ('21073', '1872551');
-- Menu 21121 is already imported
INSERT INTO gossip_menu_option (`MenuID`, `OptionID`, `OptionIcon`, `OptionText`, `OptionBroadcastTextID`, `OptionType`, `OptionNpcFlag`, `ActionMenuID`, `ActionPoiID`, `BoxCoded`, `BoxMoney`, `BoxText`, `BoxBroadcastTextID`) VALUES ('21073', '1', '0', 'Where is Elder Rumblerock?', '11534', '1', '1', '21121', NULL, '0', '0', '', NULL);
-- Menu 21126 is already imported
INSERT INTO gossip_menu_option (`MenuID`, `OptionID`, `OptionIcon`, `OptionText`, `OptionBroadcastTextID`, `OptionType`, `OptionNpcFlag`, `ActionMenuID`, `ActionPoiID`, `BoxCoded`, `BoxMoney`, `BoxText`, `BoxBroadcastTextID`) VALUES ('21073', '2', '0', 'Where is Elder Skychaser?', '11546', '1', '1', '21126', NULL, '0', '0', '', NULL);
-- Menu 21132 is already imported
INSERT INTO gossip_menu_option (`MenuID`, `OptionID`, `OptionIcon`, `OptionText`, `OptionBroadcastTextID`, `OptionType`, `OptionNpcFlag`, `ActionMenuID`, `ActionPoiID`, `BoxCoded`, `BoxMoney`, `BoxText`, `BoxBroadcastTextID`) VALUES ('21073', '3', '0', 'Where is Elder Starglade?', '11656', '1', '1', '21132', NULL, '0', '0', '', NULL);
-- Menu 21133 is already imported as 57139
INSERT INTO gossip_menu_option (`MenuID`, `OptionID`, `OptionIcon`, `OptionText`, `OptionBroadcastTextID`, `OptionType`, `OptionNpcFlag`, `ActionMenuID`, `ActionPoiID`, `BoxCoded`, `BoxMoney`, `BoxText`, `BoxBroadcastTextID`) VALUES ('21073', '4', '0', 'Where is Elder Starsong?', '11537', '1', '1', '57139', NULL, '0', '0', '', NULL);
INSERT INTO conditions (`SourceTypeOrReferenceId`, `SourceGroup`, `SourceEntry`, `SourceId`, `ElseGroup`, `ConditionTypeOrReference`, `ConditionTarget`, `ConditionValue1`, `ConditionValue2`, `ConditionValue3`, `NegativeCondition`, `ErrorType`, `ErrorTextId`, `ScriptName`, `Comment`) VALUES ('15', '21073', '1', '0', '0', '14', '0', '8636', '0', '0', '0', '0', '0', '', '(autoimported) ');
INSERT INTO conditions (`SourceTypeOrReferenceId`, `SourceGroup`, `SourceEntry`, `SourceId`, `ElseGroup`, `ConditionTypeOrReference`, `ConditionTarget`, `ConditionValue1`, `ConditionValue2`, `ConditionValue3`, `NegativeCondition`, `ErrorType`, `ErrorTextId`, `ScriptName`, `Comment`) VALUES ('15', '21073', '2', '0', '0', '14', '0', '8675', '0', '0', '0', '0', '0', '', '(autoimported) ');
INSERT INTO conditions (`SourceTypeOrReferenceId`, `SourceGroup`, `SourceEntry`, `SourceId`, `ElseGroup`, `ConditionTypeOrReference`, `ConditionTarget`, `ConditionValue1`, `ConditionValue2`, `ConditionValue3`, `NegativeCondition`, `ErrorType`, `ErrorTextId`, `ScriptName`, `Comment`) VALUES ('15', '21073', '3', '0', '0', '14', '0', '8716', '0', '0', '0', '0', '0', '', '(autoimported) ');
INSERT INTO conditions (`SourceTypeOrReferenceId`, `SourceGroup`, `SourceEntry`, `SourceId`, `ElseGroup`, `ConditionTypeOrReference`, `ConditionTarget`, `ConditionValue1`, `ConditionValue2`, `ConditionValue3`, `NegativeCondition`, `ErrorType`, `ErrorTextId`, `ScriptName`, `Comment`) VALUES ('15', '21073', '4', '0', '0', '14', '0', '8713', '0', '0', '0', '0', '0', '', '(autoimported) ');
UPDATE creature_template SET npcflag = (npcflag | 1), gossip_menu_id = 21073 WHERE entry = 15576;


-- Importing creature gossip with entry 3701 (Tharnariun Treetender) with import type SMART
UPDATE creature_template SET ScriptName = '', AIName = 'SmartAI' WHERE entry = 3701;
DELETE FROM smart_scripts WHERE entryorguid = 3701 AND source_type = 0;
-- Text 769 already present in Sun DB
INSERT INTO gossip_menu (`MenuID`, `TextID`) VALUES ('21210', '769');
INSERT INTO gossip_menu_option (`MenuID`, `OptionID`, `OptionIcon`, `OptionText`, `OptionBroadcastTextID`, `OptionType`, `OptionNpcFlag`, `ActionMenuID`, `ActionPoiID`, `BoxCoded`, `BoxMoney`, `BoxText`, `BoxBroadcastTextID`) VALUES ('21210', '0', '0', 'Tharnariun, I have lost the trap. Could you please give me another?', '9431', '1', '1', NULL, NULL, '0', '0', '', NULL);
INSERT INTO conditions (`SourceTypeOrReferenceId`, `SourceGroup`, `SourceEntry`, `SourceId`, `ElseGroup`, `ConditionTypeOrReference`, `ConditionTarget`, `ConditionValue1`, `ConditionValue2`, `ConditionValue3`, `NegativeCondition`, `ErrorType`, `ErrorTextId`, `ScriptName`, `Comment`) VALUES ('15', '21210', '0', '0', '0', '2', '0', '7586', '1', '1', '1', '0', '0', '', '(autoimported) Show gossip option if player does not have item Tharnariun\'s Hope');
INSERT INTO conditions (`SourceTypeOrReferenceId`, `SourceGroup`, `SourceEntry`, `SourceId`, `ElseGroup`, `ConditionTypeOrReference`, `ConditionTarget`, `ConditionValue1`, `ConditionValue2`, `ConditionValue3`, `NegativeCondition`, `ErrorType`, `ErrorTextId`, `ScriptName`, `Comment`) VALUES ('15', '21210', '0', '0', '0', '9', '0', '2118', '0', '0', '0', '0', '0', '', '(autoimported) Show gossip option if player has quest \'Plagued Lands\' taken');
DELETE FROM smart_scripts WHERE entryorguid = 370100 AND source_type = 9;
DELETE FROM creature_text WHERE CreatureID = 3701;
INSERT INTO creature_text (`CreatureID`, `GroupID`, `ID`, `Text`, `Type`, `Language`, `Probability`, `Emote`, `Duration`, `Sound`, `BroadcastTextId`, `TextRange`, `comment`) VALUES ('3701', '0', '0', 'Be cleansed!', '12', '0', '100', '5', '0', '0', '5937', '0', 'Tharnariun Treetender');
-- SmartAI for creature 11836 is already in db and identical
INSERT INTO smart_scripts (`entryorguid`, `source_type`, `id`, `link`, `event_type`, `event_phase_mask`, `event_chance`, `event_flags`, `event_param1`, `event_param2`, `event_param3`, `event_param4`, `event_param5`, `action_type`, `action_param1`, `action_param2`, `action_param3`, `action_param4`, `action_param5`, `action_param6`, `target_type`, `target_param1`, `target_param2`, `target_param3`, `target_param4`, `target_x`, `target_y`, `target_z`, `target_o`, `comment`) VALUES ('370100', '9', '0', '0', '0', '0', '100', '0', '0', '0', '0', '0', '0', '83', '3', '0', '0', '0', '0', '0', '1', '0', '0', '0', '0', '0', '0', '0', '0', 'Tharnariun Treetender - On Script - Remove Npc Flag Questgiver+Gossip'), ('370100', '9', '1', '0', '0', '0', '100', '0', '0', '0', '0', '0', '0', '66', '0', '0', '0', '0', '0', '0', '19', '11836', '0', '0', '0', '0', '0', '0', '0', 'Tharnariun Treetender - On Script - Set Orientation'), ('370100', '9', '2', '0', '0', '0', '100', '0', '1000', '1000', '0', '0', '0', '1', '0', '0', '0', '0', '0', '0', '1', '0', '0', '0', '0', '0', '0', '0', '0', 'Tharnariun Treetender - On Script - Say Line 0'), ('370100', '9', '3', '0', '0', '0', '100', '0', '2000', '2000', '0', '0', '0', '11', '9457', '0', '0', '0', '0', '0', '1', '0', '0', '0', '0', '0', '0', '0', '0', 'Tharnariun Treetender - On Script - Cast Tharnariun\'s Heal'), ('370100', '9', '4', '0', '0', '0', '100', '0', '2000', '2000', '0', '0', '0', '45', '2', '2', '0', '0', '0', '0', '19', '11836', '0', '0', '0', '0', '0', '0', '0', 'Tharnariun Treetender - On Script - Set Data'), ('370100', '9', '5', '0', '0', '0', '100', '0', '2000', '2000', '0', '0', '0', '82', '3', '0', '0', '0', '0', '0', '1', '0', '0', '0', '0', '0', '0', '0', '0', 'Tharnariun Treetender - On Script - Add Npc Flag Questgiver+Gossip');
INSERT INTO smart_scripts (`entryorguid`, `source_type`, `id`, `link`, `event_type`, `event_phase_mask`, `event_chance`, `event_flags`, `event_param1`, `event_param2`, `event_param3`, `event_param4`, `event_param5`, `action_type`, `action_param1`, `action_param2`, `action_param3`, `action_param4`, `action_param5`, `action_param6`, `target_type`, `target_param1`, `target_param2`, `target_param3`, `target_param4`, `target_x`, `target_y`, `target_z`, `target_o`, `comment`) VALUES ('3701', '0', '0', '1', '62', '0', '100', '0', '21210', '0', '0', '0', '0', '85', '22837', '0', '0', '0', '0', '0', '7', '0', '0', '0', '0', '0', '0', '0', '0', 'Tharnariun Treetender - On Gossip Option 0 Selected - Invoker Cast Conjure Tharnariun\'s Hope'), ('3701', '0', '1', '0', '61', '0', '100', '0', '0', '0', '0', '0', '0', '72', '0', '0', '0', '0', '0', '0', '7', '0', '0', '0', '0', '0', '0', '0', '0', 'Tharnariun Treetender - On Gossip Option 0 Selected - Close Gossip'), ('3701', '0', '2', '0', '20', '0', '100', '0', '2118', '0', '0', '0', '0', '80', '370100', '0', '0', '0', '0', '0', '1', '0', '0', '0', '0', '0', '0', '0', '0', 'Tharnariun Treetender - On Quest \'Plagued Lands\' Finished - Run Script');
INSERT INTO conditions (`SourceTypeOrReferenceId`, `SourceGroup`, `SourceEntry`, `SourceId`, `ElseGroup`, `ConditionTypeOrReference`, `ConditionTarget`, `ConditionValue1`, `ConditionValue2`, `ConditionValue3`, `NegativeCondition`, `ErrorType`, `ErrorTextId`, `ScriptName`, `Comment`) VALUES ('22', '3', '3701', '0', '0', '29', '1', '11836', '10', '0', '0', '0', '0', '', '(autoimported) Tharnariun Treetender - Execute SAI 2 only if within 10 yards of Captured Rabid Thistle Bear');
-- Menu 21210 is already imported
UPDATE creature_template SET npcflag = (npcflag | 1), gossip_menu_id = 21210 WHERE entry = 3701;


-- Importing creature gossip with entry 15664 (Metzen the Reindeer) with import type SMART
UPDATE creature_template SET ScriptName = '', AIName = 'SmartAI' WHERE entry = 15664;
DELETE FROM smart_scripts WHERE entryorguid = 15664 AND source_type = 0;
-- Text 8076 already present in Sun DB
INSERT INTO gossip_menu (`MenuID`, `TextID`) VALUES ('21251', '8076');
INSERT INTO gossip_text (`ID`, `comment`, `text0_0`, `text0_1`, `BroadcastTextID0`, `lang0`, `Probability0`, `em0_0`, `em0_1`, `em0_2`, `em0_3`, `em0_4`, `em0_5`, `text1_0`, `text1_1`, `BroadcastTextID1`, `lang1`, `Probability1`, `em1_0`, `em1_1`, `em1_2`, `em1_3`, `em1_4`, `em1_5`, `text2_0`, `text2_1`, `BroadcastTextID2`, `lang2`, `Probability2`, `em2_0`, `em2_1`, `em2_2`, `em2_3`, `em2_4`, `em2_5`, `text3_0`, `text3_1`, `BroadcastTextID3`, `lang3`, `Probability3`, `em3_0`, `em3_1`, `em3_2`, `em3_3`, `em3_4`, `em3_5`, `text4_0`, `text4_1`, `BroadcastTextID4`, `lang4`, `Probability4`, `em4_0`, `em4_1`, `em4_2`, `em4_3`, `em4_4`, `em4_5`, `text5_0`, `text5_1`, `BroadcastTextID5`, `lang5`, `Probability5`, `em5_0`, `em5_1`, `em5_2`, `em5_3`, `em5_4`, `em5_5`, `text6_0`, `text6_1`, `BroadcastTextID6`, `lang6`, `Probability6`, `em6_0`, `em6_1`, `em6_2`, `em6_3`, `em6_4`, `em6_5`, `text7_0`, `text7_1`, `BroadcastTextID7`, `lang7`, `Probability7`, `em7_0`, `em7_1`, `em7_2`, `em7_3`, `em7_4`, `em7_5`) VALUES ('12845', 'Imported from TC', '\'Ello, $c!$b$bYa ready ta head on down to Venture Bay and crack some Horde skulls?', '', '26604', '0', '1', '0', '0', '0', '0', '0', '0', '', '', NULL, '0', '0', '0', '0', '0', '0', '0', '0', '', '', NULL, '0', '0', '0', '0', '0', '0', '0', '0', '', '', NULL, '0', '0', '0', '0', '0', '0', '0', '0', '', '', NULL, '0', '0', '0', '0', '0', '0', '0', '0', '', '', NULL, '0', '0', '0', '0', '0', '0', '0', '0', '', '', NULL, '0', '0', '0', '0', '0', '0', '0', '0', '', '', NULL, '0', '0', '0', '0', '0', '0', '0', '0');
INSERT INTO gossip_menu (`MenuID`, `TextID`) VALUES ('21251', '12845');
-- Text 8077 already present in Sun DB
INSERT INTO gossip_menu (`MenuID`, `TextID`) VALUES ('21252', '8077');
INSERT INTO gossip_menu_option (`MenuID`, `OptionID`, `OptionIcon`, `OptionText`, `OptionBroadcastTextID`, `OptionType`, `OptionNpcFlag`, `ActionMenuID`, `ActionPoiID`, `BoxCoded`, `BoxMoney`, `BoxText`, `BoxBroadcastTextID`) VALUES ('21251', '0', '0', 'Sprinkle some of the reindeer dust onto Metzen.', NULL, '1', '1', '21252', NULL, '0', '0', '', NULL);
INSERT INTO conditions (`SourceTypeOrReferenceId`, `SourceGroup`, `SourceEntry`, `SourceId`, `ElseGroup`, `ConditionTypeOrReference`, `ConditionTarget`, `ConditionValue1`, `ConditionValue2`, `ConditionValue3`, `NegativeCondition`, `ErrorType`, `ErrorTextId`, `ScriptName`, `Comment`) VALUES ('15', '21251', '0', '0', '0', '2', '0', '21211', '1', '0', '0', '0', '0', '', '(autoimported) Metzen the Reindeer: Gossip option - player should have item Pouch of Reindeer Dust in inventory');
DELETE FROM smart_scripts WHERE entryorguid = 1566400 AND source_type = 9;
INSERT INTO smart_scripts (`entryorguid`, `source_type`, `id`, `link`, `event_type`, `event_phase_mask`, `event_chance`, `event_flags`, `event_param1`, `event_param2`, `event_param3`, `event_param4`, `event_param5`, `action_type`, `action_param1`, `action_param2`, `action_param3`, `action_param4`, `action_param5`, `action_param6`, `target_type`, `target_param1`, `target_param2`, `target_param3`, `target_param4`, `target_x`, `target_y`, `target_z`, `target_o`, `comment`) VALUES ('1566400', '9', '0', '0', '0', '0', '100', '0', '0', '0', '0', '0', '0', '11', '25952', '0', '0', '0', '0', '0', '1', '0', '0', '0', '0', '0', '0', '0', '0', 'Metzen the Reindeer - On Script - Cast \'Reindeer Dust Effect\''), ('1566400', '9', '1', '0', '0', '0', '100', '0', '7500', '7500', '0', '0', '0', '5', '53', '0', '0', '0', '0', '0', '1', '0', '0', '0', '0', '0', '0', '0', '0', 'Metzen the Reindeer - On Script - Play Emote 53');
-- Menu 21251 is already imported
INSERT INTO smart_scripts (`entryorguid`, `source_type`, `id`, `link`, `event_type`, `event_phase_mask`, `event_chance`, `event_flags`, `event_param1`, `event_param2`, `event_param3`, `event_param4`, `event_param5`, `action_type`, `action_param1`, `action_param2`, `action_param3`, `action_param4`, `action_param5`, `action_param6`, `target_type`, `target_param1`, `target_param2`, `target_param3`, `target_param4`, `target_x`, `target_y`, `target_z`, `target_o`, `comment`) VALUES ('15664', '0', '0', '0', '62', '0', '100', '512', '21251', '0', '0', '0', '0', '80', '1566400', '0', '0', '0', '0', '0', '1', '0', '0', '0', '0', '0', '0', '0', '0', 'Metzen the Reindeer - On Gossip Option 0 Selected - Run Script (No Repeat)'), ('15664', '0', '1', '0', '62', '0', '100', '512', '21251', '0', '0', '0', '0', '33', '15664', '0', '0', '0', '0', '0', '7', '0', '0', '0', '0', '0', '0', '0', '0', 'Metzen the Reindeer - On Gossip Option 0 Selected - Quest Credit \'Metzen the Reindeer\' (No Repeat)');
-- Menu 21251 is already imported
UPDATE creature_template SET npcflag = (npcflag | 1), gossip_menu_id = 21251 WHERE entry = 15664;


-- Importing creature gossip with entry 10162 (Lord Victor Nefarius) with import type GOSSIP
INSERT INTO gossip_text (`ID`, `comment`, `text0_0`, `text0_1`, `BroadcastTextID0`, `lang0`, `Probability0`, `em0_0`, `em0_1`, `em0_2`, `em0_3`, `em0_4`, `em0_5`, `text1_0`, `text1_1`, `BroadcastTextID1`, `lang1`, `Probability1`, `em1_0`, `em1_1`, `em1_2`, `em1_3`, `em1_4`, `em1_5`, `text2_0`, `text2_1`, `BroadcastTextID2`, `lang2`, `Probability2`, `em2_0`, `em2_1`, `em2_2`, `em2_3`, `em2_4`, `em2_5`, `text3_0`, `text3_1`, `BroadcastTextID3`, `lang3`, `Probability3`, `em3_0`, `em3_1`, `em3_2`, `em3_3`, `em3_4`, `em3_5`, `text4_0`, `text4_1`, `BroadcastTextID4`, `lang4`, `Probability4`, `em4_0`, `em4_1`, `em4_2`, `em4_3`, `em4_4`, `em4_5`, `text5_0`, `text5_1`, `BroadcastTextID5`, `lang5`, `Probability5`, `em5_0`, `em5_1`, `em5_2`, `em5_3`, `em5_4`, `em5_5`, `text6_0`, `text6_1`, `BroadcastTextID6`, `lang6`, `Probability6`, `em6_0`, `em6_1`, `em6_2`, `em6_3`, `em6_4`, `em6_5`, `text7_0`, `text7_1`, `BroadcastTextID7`, `lang7`, `Probability7`, `em7_0`, `em7_1`, `em7_2`, `em7_3`, `em7_4`, `em7_5`) VALUES ('1872748', 'Imported from TC', 'Do you expect me to cower before the mighty legion of $N?$B$BYou are nothing to me. Less than nothing. Had I desired your head, it would have been presented to me on a pike.$B$BYou have made the mistake that all mortals make.$B$B<Lord Victor Nefarius sighs.>$B$BTime does strange things to those that use it as a form of currency.$B', '', '9846', '0', '1', '0', '6', '0', '1', '0', '273', '', '', NULL, '0', '0', '0', '0', '0', '0', '0', '0', '', '', NULL, '0', '0', '0', '0', '0', '0', '0', '0', '', '', NULL, '0', '0', '0', '0', '0', '0', '0', '0', '', '', NULL, '0', '0', '0', '0', '0', '0', '0', '0', '', '', NULL, '0', '0', '0', '0', '0', '0', '0', '0', '', '', NULL, '0', '0', '0', '0', '0', '0', '0', '0', '', '', NULL, '0', '0', '0', '0', '0', '0', '0', '0');
INSERT INTO gossip_menu (`MenuID`, `TextID`) VALUES ('21330', '1872748');
INSERT INTO gossip_text (`ID`, `comment`, `text0_0`, `text0_1`, `BroadcastTextID0`, `lang0`, `Probability0`, `em0_0`, `em0_1`, `em0_2`, `em0_3`, `em0_4`, `em0_5`, `text1_0`, `text1_1`, `BroadcastTextID1`, `lang1`, `Probability1`, `em1_0`, `em1_1`, `em1_2`, `em1_3`, `em1_4`, `em1_5`, `text2_0`, `text2_1`, `BroadcastTextID2`, `lang2`, `Probability2`, `em2_0`, `em2_1`, `em2_2`, `em2_3`, `em2_4`, `em2_5`, `text3_0`, `text3_1`, `BroadcastTextID3`, `lang3`, `Probability3`, `em3_0`, `em3_1`, `em3_2`, `em3_3`, `em3_4`, `em3_5`, `text4_0`, `text4_1`, `BroadcastTextID4`, `lang4`, `Probability4`, `em4_0`, `em4_1`, `em4_2`, `em4_3`, `em4_4`, `em4_5`, `text5_0`, `text5_1`, `BroadcastTextID5`, `lang5`, `Probability5`, `em5_0`, `em5_1`, `em5_2`, `em5_3`, `em5_4`, `em5_5`, `text6_0`, `text6_1`, `BroadcastTextID6`, `lang6`, `Probability6`, `em6_0`, `em6_1`, `em6_2`, `em6_3`, `em6_4`, `em6_5`, `text7_0`, `text7_1`, `BroadcastTextID7`, `lang7`, `Probability7`, `em7_0`, `em7_1`, `em7_2`, `em7_3`, `em7_4`, `em7_5`) VALUES ('1872749', 'Imported from TC', 'In your rush to glory, you assumed that the pace of the game revolved around your actions. Can you even fathom how preposterous that sounds to a being like me? A being that if so inclined could cause your own insignificant thoughts to crush the peanut sized mass of grey matter floating within your skull.$B', '', '9903', '0', '1', '0', '1', '0', '6', '0', '0', '', '', NULL, '0', '0', '0', '0', '0', '0', '0', '0', '', '', NULL, '0', '0', '0', '0', '0', '0', '0', '0', '', '', NULL, '0', '0', '0', '0', '0', '0', '0', '0', '', '', NULL, '0', '0', '0', '0', '0', '0', '0', '0', '', '', NULL, '0', '0', '0', '0', '0', '0', '0', '0', '', '', NULL, '0', '0', '0', '0', '0', '0', '0', '0', '', '', NULL, '0', '0', '0', '0', '0', '0', '0', '0');
INSERT INTO gossip_menu (`MenuID`, `TextID`) VALUES ('21331', '1872749');
INSERT INTO gossip_menu_option (`MenuID`, `OptionID`, `OptionIcon`, `OptionText`, `OptionBroadcastTextID`, `OptionType`, `OptionNpcFlag`, `ActionMenuID`, `ActionPoiID`, `BoxCoded`, `BoxMoney`, `BoxText`, `BoxBroadcastTextID`) VALUES ('21331', '0', '0', 'You have lost your mind, Nefarius. You speak in riddles.', '9904', '1', '1', NULL, NULL, '0', '0', '', NULL);
INSERT INTO gossip_menu_option (`MenuID`, `OptionID`, `OptionIcon`, `OptionText`, `OptionBroadcastTextID`, `OptionType`, `OptionNpcFlag`, `ActionMenuID`, `ActionPoiID`, `BoxCoded`, `BoxMoney`, `BoxText`, `BoxBroadcastTextID`) VALUES ('21330', '0', '0', 'I\'ve made no mistakes.', '9902', '1', '1', '21331', NULL, '0', '0', '', NULL);
UPDATE creature_template SET gossip_menu_id = 21330 WHERE entry = 10162;


-- Importing creature gossip with entry 23191 (Akama) with import type GOSSIP
-- Text 10866 already present in Sun DB
INSERT INTO gossip_menu (`MenuID`, `TextID`) VALUES ('21335', '10866');
INSERT INTO gossip_menu_option (`MenuID`, `OptionID`, `OptionIcon`, `OptionText`, `OptionBroadcastTextID`, `OptionType`, `OptionNpcFlag`, `ActionMenuID`, `ActionPoiID`, `BoxCoded`, `BoxMoney`, `BoxText`, `BoxBroadcastTextID`) VALUES ('21335', '0', '0', 'I am ready to fight alongside you, Akama.', '21522', '1', '1', NULL, NULL, '0', '0', '', NULL);
UPDATE creature_template SET gossip_menu_id = 21335 WHERE entry = 23191;


-- Importing creature gossip with entry 9937 (Common Kitten) with import type SMART
UPDATE creature_template SET ScriptName = '', AIName = 'SmartAI' WHERE entry = 9937;
DELETE FROM smart_scripts WHERE entryorguid = 9937 AND source_type = 0;
DELETE FROM smart_scripts WHERE entryorguid = 993700 AND source_type = 9;
DELETE FROM creature_text WHERE CreatureID = 9937;
INSERT INTO creature_text (`CreatureID`, `GroupID`, `ID`, `Text`, `Type`, `Language`, `Probability`, `Emote`, `Duration`, `Sound`, `BroadcastTextId`, `TextRange`, `comment`) VALUES ('9937', '0', '0', '%s jumps into the moonwell, and goes underwater...', '16', '0', '100', '0', '0', '0', '5939', '0', 'Common Kitten');
-- Creature text 9937 is already imported
INSERT INTO smart_scripts (`entryorguid`, `source_type`, `id`, `link`, `event_type`, `event_phase_mask`, `event_chance`, `event_flags`, `event_param1`, `event_param2`, `event_param3`, `event_param4`, `event_param5`, `action_type`, `action_param1`, `action_param2`, `action_param3`, `action_param4`, `action_param5`, `action_param6`, `target_type`, `target_param1`, `target_param2`, `target_param3`, `target_param4`, `target_x`, `target_y`, `target_z`, `target_o`, `comment`) VALUES ('993700', '9', '1', '0', '0', '0', '100', '0', '1000', '1000', '0', '0', '0', '1', '0', '0', '0', '0', '0', '0', '23', '0', '0', '0', '0', '0', '0', '0', '0', 'Common Kitten - On Script - Say Line 0'), ('993700', '9', '0', '0', '0', '0', '100', '0', '0', '0', '0', '0', '0', '103', '1', '0', '0', '0', '0', '0', '1', '0', '0', '0', '0', '0', '0', '0', '0', 'Common Kitten - On Script - Set Rooted On'), ('993700', '9', '2', '0', '0', '0', '100', '0', '4000', '4000', '0', '0', '0', '36', '9936', '0', '0', '0', '0', '0', '1', '0', '0', '0', '0', '0', '0', '0', '0', 'Common Kitten - On Script - Update Template To \'Corrupted Kitten\''), ('993700', '9', '3', '0', '0', '0', '100', '0', '0', '0', '0', '0', '0', '11', '16510', '0', '0', '0', '0', '0', '1', '0', '0', '0', '0', '0', '0', '0', '0', 'Common Kitten - On Script - Cast \'Corrupted Saber Visual (DND)\''), ('993700', '9', '4', '0', '0', '0', '100', '0', '0', '0', '0', '0', '0', '3', '10042', '0', '0', '0', '0', '0', '1', '0', '0', '0', '0', '0', '0', '0', '0', 'Common Kitten - On Script - Morph to Entry \'Corrupted Kitten\''), ('993700', '9', '5', '0', '0', '0', '100', '0', '2000', '2000', '0', '0', '0', '103', '0', '0', '0', '0', '0', '0', '1', '0', '0', '0', '0', '0', '0', '0', '0', 'Common Kitten - On Script - Set Rooted Off'), ('993700', '9', '6', '0', '0', '0', '100', '0', '0', '0', '0', '0', '0', '1', '1', '0', '0', '0', '0', '0', '23', '0', '0', '0', '0', '0', '0', '0', '0', 'Common Kitten - On Script - Say Line 1');
-- Importing menu 55002 as 57141
-- Text 3550 already present in Sun DB
INSERT INTO gossip_menu (`MenuID`, `TextID`) VALUES ('57141', '3550');
INSERT INTO gossip_menu_option (`MenuID`, `OptionID`, `OptionIcon`, `OptionText`, `OptionBroadcastTextID`, `OptionType`, `OptionNpcFlag`, `ActionMenuID`, `ActionPoiID`, `BoxCoded`, `BoxMoney`, `BoxText`, `BoxBroadcastTextID`) VALUES ('57141', '1', '0', 'I want to release the saber to Winna.', '5936', '1', '131', NULL, NULL, '0', '0', '', NULL);
INSERT INTO conditions (`SourceTypeOrReferenceId`, `SourceGroup`, `SourceEntry`, `SourceId`, `ElseGroup`, `ConditionTypeOrReference`, `ConditionTarget`, `ConditionValue1`, `ConditionValue2`, `ConditionValue3`, `NegativeCondition`, `ErrorType`, `ErrorTextId`, `ScriptName`, `Comment`) VALUES ('15', '57141', '1', '0', '0', '29', '1', '9996', '5', '0', '0', '0', '0', '', '(autoimported) Only show second gossip Corrupted Saber is near Wina in 5 yards');
INSERT INTO smart_scripts (`entryorguid`, `source_type`, `id`, `link`, `event_type`, `event_phase_mask`, `event_chance`, `event_flags`, `event_param1`, `event_param2`, `event_param3`, `event_param4`, `event_param5`, `action_type`, `action_param1`, `action_param2`, `action_param3`, `action_param4`, `action_param5`, `action_param6`, `target_type`, `target_param1`, `target_param2`, `target_param3`, `target_param4`, `target_x`, `target_y`, `target_z`, `target_o`, `comment`) VALUES ('9937', '0', '0', '0', '54', '0', '100', '0', '0', '0', '0', '0', '0', '80', '993700', '0', '0', '0', '0', '0', '1', '0', '0', '0', '0', '0', '0', '0', '0', 'Common Kitten - On Just Summoned - Run Script'), ('9937', '0', '3', '4', '62', '0', '100', '512', '57141', '1', '0', '0', '0', '26', '4506', '0', '0', '0', '0', '0', '7', '0', '0', '0', '0', '0', '0', '0', '0', 'Common Kitten - On Gossip Option 1 Selected - Quest Credit \'Corrupted Sabers\''), ('9937', '0', '4', '5', '61', '0', '100', '512', '0', '0', '0', '0', '0', '72', '0', '0', '0', '0', '0', '0', '7', '0', '0', '0', '0', '0', '0', '0', '0', 'Common Kitten - On Gossip Option 1 Selected - Close Gossip'), ('9937', '0', '5', '6', '61', '0', '100', '512', '0', '0', '0', '0', '0', '47', '0', '0', '0', '0', '0', '0', '1', '0', '0', '0', '0', '0', '0', '0', '0', 'Common Kitten - On Gossip Option 1 Selected - Set Visibility Off'), ('9937', '0', '6', '0', '61', '0', '100', '512', '0', '0', '0', '0', '0', '41', '1', '0', '0', '0', '0', '0', '1', '0', '0', '0', '0', '0', '0', '0', '0', 'Common Kitten - On Gossip Option 1 Selected - Despawn Instant');
-- Menu 55002 is already imported as 57141
UPDATE creature_template SET npcflag = (npcflag | 1), gossip_menu_id = 57141 WHERE entry = 9937;


-- Importing creature gossip with entry 7918 (Stone Watcher of Norgannon) with import type SMART
UPDATE creature_template SET ScriptName = '', AIName = 'SmartAI' WHERE entry = 7918;
DELETE FROM smart_scripts WHERE entryorguid = 7918 AND source_type = 0;
-- Text 1679 already present in Sun DB
INSERT INTO gossip_menu (`MenuID`, `TextID`) VALUES ('57005', '1679');
INSERT INTO gossip_menu_option (`MenuID`, `OptionID`, `OptionIcon`, `OptionText`, `OptionBroadcastTextID`, `OptionType`, `OptionNpcFlag`, `ActionMenuID`, `ActionPoiID`, `BoxCoded`, `BoxMoney`, `BoxText`, `BoxBroadcastTextID`) VALUES ('57005', '0', '0', 'I will return when I have the Plates of Uldum.', '4060', '1', '3', NULL, NULL, '0', '0', '', NULL);
DELETE FROM creature_text WHERE CreatureID = 7918;
INSERT INTO creature_text (`CreatureID`, `GroupID`, `ID`, `Text`, `Type`, `Language`, `Probability`, `Emote`, `Duration`, `Sound`, `BroadcastTextId`, `TextRange`, `comment`) VALUES ('7918', '0', '0', 'Salutations!  I am a guardian of entry.  Please use the proper discs for access to Uldum.', '12', '0', '100', '0', '0', '0', '4049', '0', 'Stone Watcher of Norgannon');
INSERT INTO creature_text (`CreatureID`, `GroupID`, `ID`, `Text`, `Type`, `Language`, `Probability`, `Emote`, `Duration`, `Sound`, `BroadcastTextId`, `TextRange`, `comment`) VALUES ('7918', '1', '0', 'Your discs will be returned to you once you access the pedestal.', '12', '0', '100', '0', '0', '0', '4065', '0', 'Stone Watcher of Norgannon');
-- Menu 57005 is already imported
-- Creature text 7918 is already imported
INSERT INTO smart_scripts (`entryorguid`, `source_type`, `id`, `link`, `event_type`, `event_phase_mask`, `event_chance`, `event_flags`, `event_param1`, `event_param2`, `event_param3`, `event_param4`, `event_param5`, `action_type`, `action_param1`, `action_param2`, `action_param3`, `action_param4`, `action_param5`, `action_param6`, `target_type`, `target_param1`, `target_param2`, `target_param3`, `target_param4`, `target_x`, `target_y`, `target_z`, `target_o`, `comment`) VALUES ('7918', '0', '0', '1', '62', '0', '100', '512', '57005', '0', '0', '0', '0', '72', '0', '0', '0', '0', '0', '0', '7', '0', '0', '0', '0', '0', '0', '0', '0', 'Stone Watcher of Norgannon - On Gossip Option 0 Selected - Close Gossip'), ('7918', '0', '1', '0', '61', '0', '100', '512', '0', '0', '0', '0', '0', '15', '2954', '0', '0', '0', '0', '0', '7', '0', '0', '0', '0', '0', '0', '0', '0', 'Stone Watcher of Norgannon - On Gossip Option 0 Selected - Quest Credit 2954'), ('7918', '0', '2', '0', '11', '0', '100', '0', '0', '0', '0', '0', '0', '1', '0', '0', '0', '0', '0', '0', '1', '0', '0', '0', '0', '0', '0', '0', '0', 'Stone Watcher of Norgannon - On Spawn - Say Line 0'), ('7918', '0', '3', '0', '62', '0', '100', '0', '57005', '0', '0', '0', '0', '1', '1', '0', '0', '0', '0', '0', '1', '0', '0', '0', '0', '0', '0', '0', '0', 'Stone Watcher of Norgannon - On Gossip Option Selected - Say Line 1');
-- Text 1674 already present in Sun DB
INSERT INTO gossip_menu (`MenuID`, `TextID`) VALUES ('57000', '1674');
-- Text 1676 already present in Sun DB
INSERT INTO gossip_menu (`MenuID`, `TextID`) VALUES ('57001', '1676');
-- Text 1675 already present in Sun DB
INSERT INTO gossip_menu (`MenuID`, `TextID`) VALUES ('57002', '1675');
-- Text 1677 already present in Sun DB
INSERT INTO gossip_menu (`MenuID`, `TextID`) VALUES ('57003', '1677');
-- Text 1678 already present in Sun DB
INSERT INTO gossip_menu (`MenuID`, `TextID`) VALUES ('57004', '1678');
-- Menu 57005 is already imported
INSERT INTO gossip_menu_option (`MenuID`, `OptionID`, `OptionIcon`, `OptionText`, `OptionBroadcastTextID`, `OptionType`, `OptionNpcFlag`, `ActionMenuID`, `ActionPoiID`, `BoxCoded`, `BoxMoney`, `BoxText`, `BoxBroadcastTextID`) VALUES ('57004', '0', '0', 'So... what\'s inside Uldum?', '4059', '1', '3', '57005', NULL, '0', '0', '', NULL);
INSERT INTO gossip_menu_option (`MenuID`, `OptionID`, `OptionIcon`, `OptionText`, `OptionBroadcastTextID`, `OptionType`, `OptionNpcFlag`, `ActionMenuID`, `ActionPoiID`, `BoxCoded`, `BoxMoney`, `BoxText`, `BoxBroadcastTextID`) VALUES ('57003', '0', '0', 'Excuse me? We\'ve been \"rescheduled for visitation\"? What does that mean?!', '4058', '1', '3', '57004', NULL, '0', '0', '', NULL);
INSERT INTO gossip_menu_option (`MenuID`, `OptionID`, `OptionIcon`, `OptionText`, `OptionBroadcastTextID`, `OptionType`, `OptionNpcFlag`, `ActionMenuID`, `ActionPoiID`, `BoxCoded`, `BoxMoney`, `BoxText`, `BoxBroadcastTextID`) VALUES ('57002', '0', '0', 'Where are the Plates of Uldum?', '4057', '1', '3', '57003', NULL, '0', '0', '', NULL);
INSERT INTO gossip_menu_option (`MenuID`, `OptionID`, `OptionIcon`, `OptionText`, `OptionBroadcastTextID`, `OptionType`, `OptionNpcFlag`, `ActionMenuID`, `ActionPoiID`, `BoxCoded`, `BoxMoney`, `BoxText`, `BoxBroadcastTextID`) VALUES ('57001', '0', '0', 'What are the Plates of Uldum?', '4056', '1', '3', '57002', NULL, '0', '0', '', NULL);
INSERT INTO gossip_menu_option (`MenuID`, `OptionID`, `OptionIcon`, `OptionText`, `OptionBroadcastTextID`, `OptionType`, `OptionNpcFlag`, `ActionMenuID`, `ActionPoiID`, `BoxCoded`, `BoxMoney`, `BoxText`, `BoxBroadcastTextID`) VALUES ('57000', '0', '0', 'What function do you serve?', '4054', '1', '3', '57001', NULL, '0', '0', '', NULL);
INSERT INTO conditions (`SourceTypeOrReferenceId`, `SourceGroup`, `SourceEntry`, `SourceId`, `ElseGroup`, `ConditionTypeOrReference`, `ConditionTarget`, `ConditionValue1`, `ConditionValue2`, `ConditionValue3`, `NegativeCondition`, `ErrorType`, `ErrorTextId`, `ScriptName`, `Comment`) VALUES ('15', '57000', '0', '0', '0', '9', '0', '2954', '0', '0', '0', '0', '0', '', '(autoimported) Stone Watcher of Norgannon - Show Gossip Option 0 if player has accepted quest 2954');
UPDATE creature_template SET npcflag = (npcflag | 1), gossip_menu_id = 57000 WHERE entry = 7918;


