REPLACE INTO creature_addon (spawnID, bytes1) VALUES (4770, 0x5);
UPDATE creature SET position_x = 1919.86, position_y = -4123.66, position_z = 43.4446 WHERE spawnID = 4770;

-- Importing creature gossip with entry 4949 (Thrall) with import type GOSSIP
INSERT INTO gossip_text (`ID`, `comment`, `text0_0`, `text0_1`, `BroadcastTextID0`, `lang0`, `Probability0`, `em0_0`, `em0_1`, `em0_2`, `em0_3`, `em0_4`, `em0_5`, `text1_0`, `text1_1`, `BroadcastTextID1`, `lang1`, `Probability1`, `em1_0`, `em1_1`, `em1_2`, `em1_3`, `em1_4`, `em1_5`, `text2_0`, `text2_1`, `BroadcastTextID2`, `lang2`, `Probability2`, `em2_0`, `em2_1`, `em2_2`, `em2_3`, `em2_4`, `em2_5`, `text3_0`, `text3_1`, `BroadcastTextID3`, `lang3`, `Probability3`, `em3_0`, `em3_1`, `em3_2`, `em3_3`, `em3_4`, `em3_5`, `text4_0`, `text4_1`, `BroadcastTextID4`, `lang4`, `Probability4`, `em4_0`, `em4_1`, `em4_2`, `em4_3`, `em4_4`, `em4_5`, `text5_0`, `text5_1`, `BroadcastTextID5`, `lang5`, `Probability5`, `em5_0`, `em5_1`, `em5_2`, `em5_3`, `em5_4`, `em5_5`, `text6_0`, `text6_1`, `BroadcastTextID6`, `lang6`, `Probability6`, `em6_0`, `em6_1`, `em6_2`, `em6_3`, `em6_4`, `em6_5`, `text7_0`, `text7_1`, `BroadcastTextID7`, `lang7`, `Probability7`, `em7_0`, `em7_1`, `em7_2`, `em7_3`, `em7_4`, `em7_5`) VALUES ('1872759', 'Imported from TC', 'All members of the Horde are equal in my eyes, $N. We have all suffered many burdens, and if it were not for wisdom and honor, then we would be no better than the Scourge or my people while our blood was tainted by the demon Mannoroth.$B$BIt is your duty to aid the Horde and to defend our way of life. But it is also your duty to know when quarter and compassion should be given to friend and foe alike.$B$BUnderstand this well. This is the new Horde, not some demon-spawned army who lack freewill.', '', '7218', '0', '1', '0', '0', '0', '0', '0', '0', '', '', NULL, '0', '0', '0', '0', '0', '0', '0', '0', '', '', NULL, '0', '0', '0', '0', '0', '0', '0', '0', '', '', NULL, '0', '0', '0', '0', '0', '0', '0', '0', '', '', NULL, '0', '0', '0', '0', '0', '0', '0', '0', '', '', NULL, '0', '0', '0', '0', '0', '0', '0', '0', '', '', NULL, '0', '0', '0', '0', '0', '0', '0', '0', '', '', NULL, '0', '0', '0', '0', '0', '0', '0', '0');
INSERT INTO gossip_menu (`MenuID`, `TextID`) VALUES ('3664', '1872759');
-- Text 5733 already present in Sun DB
INSERT INTO gossip_menu (`MenuID`, `TextID`) VALUES ('3665', '5733');
-- Importing menu 3666 as 57150
-- Text 5734 already present in Sun DB
INSERT INTO gossip_menu (`MenuID`, `TextID`) VALUES ('57150', '5734');
-- Text 5735 already present in Sun DB
INSERT INTO gossip_menu (`MenuID`, `TextID`) VALUES ('3667', '5735');
-- Text 5736 already present in Sun DB
INSERT INTO gossip_menu (`MenuID`, `TextID`) VALUES ('3668', '5736');
INSERT INTO gossip_text (`ID`, `comment`, `text0_0`, `text0_1`, `BroadcastTextID0`, `lang0`, `Probability0`, `em0_0`, `em0_1`, `em0_2`, `em0_3`, `em0_4`, `em0_5`, `text1_0`, `text1_1`, `BroadcastTextID1`, `lang1`, `Probability1`, `em1_0`, `em1_1`, `em1_2`, `em1_3`, `em1_4`, `em1_5`, `text2_0`, `text2_1`, `BroadcastTextID2`, `lang2`, `Probability2`, `em2_0`, `em2_1`, `em2_2`, `em2_3`, `em2_4`, `em2_5`, `text3_0`, `text3_1`, `BroadcastTextID3`, `lang3`, `Probability3`, `em3_0`, `em3_1`, `em3_2`, `em3_3`, `em3_4`, `em3_5`, `text4_0`, `text4_1`, `BroadcastTextID4`, `lang4`, `Probability4`, `em4_0`, `em4_1`, `em4_2`, `em4_3`, `em4_4`, `em4_5`, `text5_0`, `text5_1`, `BroadcastTextID5`, `lang5`, `Probability5`, `em5_0`, `em5_1`, `em5_2`, `em5_3`, `em5_4`, `em5_5`, `text6_0`, `text6_1`, `BroadcastTextID6`, `lang6`, `Probability6`, `em6_0`, `em6_1`, `em6_2`, `em6_3`, `em6_4`, `em6_5`, `text7_0`, `text7_1`, `BroadcastTextID7`, `lang7`, `Probability7`, `em7_0`, `em7_1`, `em7_2`, `em7_3`, `em7_4`, `em7_5`) VALUES ('1872760', 'Imported from TC', 'No, $N, you did not. I do not fault you, however, as yours is a mind much like mine was as a youth: Impetuous, rebellious, and often without a single coherent thought! Traits I can no longer afford to express.$B$BEnough lamenting. $R, I have a task for you; one that you may not survive.', '', '8317', '0', '1', '0', '1', '0', '5', '0', '1', '', '', NULL, '0', '0', '0', '0', '0', '0', '0', '0', '', '', NULL, '0', '0', '0', '0', '0', '0', '0', '0', '', '', NULL, '0', '0', '0', '0', '0', '0', '0', '0', '', '', NULL, '0', '0', '0', '0', '0', '0', '0', '0', '', '', NULL, '0', '0', '0', '0', '0', '0', '0', '0', '', '', NULL, '0', '0', '0', '0', '0', '0', '0', '0', '', '', NULL, '0', '0', '0', '0', '0', '0', '0', '0');
INSERT INTO gossip_menu (`MenuID`, `TextID`) VALUES ('3669', '1872760');
-- Importing menu 3670 as 57151
INSERT INTO gossip_text (`ID`, `comment`, `text0_0`, `text0_1`, `BroadcastTextID0`, `lang0`, `Probability0`, `em0_0`, `em0_1`, `em0_2`, `em0_3`, `em0_4`, `em0_5`, `text1_0`, `text1_1`, `BroadcastTextID1`, `lang1`, `Probability1`, `em1_0`, `em1_1`, `em1_2`, `em1_3`, `em1_4`, `em1_5`, `text2_0`, `text2_1`, `BroadcastTextID2`, `lang2`, `Probability2`, `em2_0`, `em2_1`, `em2_2`, `em2_3`, `em2_4`, `em2_5`, `text3_0`, `text3_1`, `BroadcastTextID3`, `lang3`, `Probability3`, `em3_0`, `em3_1`, `em3_2`, `em3_3`, `em3_4`, `em3_5`, `text4_0`, `text4_1`, `BroadcastTextID4`, `lang4`, `Probability4`, `em4_0`, `em4_1`, `em4_2`, `em4_3`, `em4_4`, `em4_5`, `text5_0`, `text5_1`, `BroadcastTextID5`, `lang5`, `Probability5`, `em5_0`, `em5_1`, `em5_2`, `em5_3`, `em5_4`, `em5_5`, `text6_0`, `text6_1`, `BroadcastTextID6`, `lang6`, `Probability6`, `em6_0`, `em6_1`, `em6_2`, `em6_3`, `em6_4`, `em6_5`, `text7_0`, `text7_1`, `BroadcastTextID7`, `lang7`, `Probability7`, `em7_0`, `em7_1`, `em7_2`, `em7_3`, `em7_4`, `em7_5`) VALUES ('1872761', 'Imported from TC', '<Thrall laughs.>$B$BNoted... Now pay attention, $N. The Black Dragonflight brood mother, Onyxia, has been flushed out from her position of power in Stormwind. She has escaped, fleeing to her lair in Dustwallow Marsh.$B$BShe cannot be allowed to live in such close proximity to our capital cities. We must strike before being struck!$B$BI want her destroyed, $N.', '', '8319', '0', '1', '0', '11', '0', '1', '0', '5', '', '', NULL, '0', '0', '0', '0', '0', '0', '0', '0', '', '', NULL, '0', '0', '0', '0', '0', '0', '0', '0', '', '', NULL, '0', '0', '0', '0', '0', '0', '0', '0', '', '', NULL, '0', '0', '0', '0', '0', '0', '0', '0', '', '', NULL, '0', '0', '0', '0', '0', '0', '0', '0', '', '', NULL, '0', '0', '0', '0', '0', '0', '0', '0', '', '', NULL, '0', '0', '0', '0', '0', '0', '0', '0');
INSERT INTO gossip_menu (`MenuID`, `TextID`) VALUES ('57151', '1872761');
-- Menu 3664 is already imported
INSERT INTO gossip_menu_option (`MenuID`, `OptionID`, `OptionIcon`, `OptionText`, `OptionBroadcastTextID`, `OptionType`, `OptionNpcFlag`, `ActionMenuID`, `ActionPoiID`, `BoxCoded`, `BoxMoney`, `BoxText`, `BoxBroadcastTextID`) VALUES ('57151', '0', '0', 'Of course, Warchief!', '8320', '1', '1', '3664', NULL, '0', '0', '', NULL);
INSERT INTO gossip_menu_option (`MenuID`, `OptionID`, `OptionIcon`, `OptionText`, `OptionBroadcastTextID`, `OptionType`, `OptionNpcFlag`, `ActionMenuID`, `ActionPoiID`, `BoxCoded`, `BoxMoney`, `BoxText`, `BoxBroadcastTextID`) VALUES ('3669', '0', '0', 'I live only to serve, Warchief! My life is empty and meaningless without your guidance.', '8318', '1', '1', '57151', NULL, '0', '0', '', NULL);
INSERT INTO gossip_menu_option (`MenuID`, `OptionID`, `OptionIcon`, `OptionText`, `OptionBroadcastTextID`, `OptionType`, `OptionNpcFlag`, `ActionMenuID`, `ActionPoiID`, `BoxCoded`, `BoxMoney`, `BoxText`, `BoxBroadcastTextID`) VALUES ('3668', '0', '0', 'I... I did not think of it that way, Warchief.', '8316', '1', '1', '3669', NULL, '0', '0', '', NULL);
INSERT INTO gossip_menu_option (`MenuID`, `OptionID`, `OptionIcon`, `OptionText`, `OptionBroadcastTextID`, `OptionType`, `OptionNpcFlag`, `ActionMenuID`, `ActionPoiID`, `BoxCoded`, `BoxMoney`, `BoxText`, `BoxBroadcastTextID`) VALUES ('3667', '0', '0', 'With all due respect, Warchief - why not allow them to be destroyed? Does this not strengthen our position?', '8314', '1', '1', '3668', NULL, '0', '0', '', NULL);
INSERT INTO gossip_menu_option (`MenuID`, `OptionID`, `OptionIcon`, `OptionText`, `OptionBroadcastTextID`, `OptionType`, `OptionNpcFlag`, `ActionMenuID`, `ActionPoiID`, `BoxCoded`, `BoxMoney`, `BoxText`, `BoxBroadcastTextID`) VALUES ('57150', '0', '0', 'Usurper?', '8312', '1', '1', '3667', NULL, '0', '0', '', NULL);
INSERT INTO gossip_menu_option (`MenuID`, `OptionID`, `OptionIcon`, `OptionText`, `OptionBroadcastTextID`, `OptionType`, `OptionNpcFlag`, `ActionMenuID`, `ActionPoiID`, `BoxCoded`, `BoxMoney`, `BoxText`, `BoxBroadcastTextID`) VALUES ('3665', '0', '0', 'What discoveries?', '8310', '1', '1', '57150', NULL, '0', '0', '', NULL);
INSERT INTO gossip_menu_option (`MenuID`, `OptionID`, `OptionIcon`, `OptionText`, `OptionBroadcastTextID`, `OptionType`, `OptionNpcFlag`, `ActionMenuID`, `ActionPoiID`, `BoxCoded`, `BoxMoney`, `BoxText`, `BoxBroadcastTextID`) VALUES ('3664', '0', '0', 'Please share your wisdom with me, Warchief.', '8308', '1', '1', '3665', NULL, '0', '0', '', NULL);
UPDATE creature_template SET npcflag = (npcflag | 1), gossip_menu_id = 3664 WHERE entry = 4949;

