-- Fix more startup errors

UPDATE creature SET spawndist = 0 WHERE spawnID IN (12851, 12852, 12853, 12854, 52872, 52889, 57596, 57597, 58450, 1053296, 1053300, 13414, 57966);
UPDATE creature SET MovementType = 0 WHERE spawnID IN (13414, 57966);

-- Fix creature visuals for TLK
CREATE TEMPORARY TABLE temporary_tlk_modelid AS SELECT * FROM creature WHERE modelid IN (27105, 26563, 24722, 24723, 24724, 23136);
UPDATE temporary_tlk_modelid SET patch_min = 5;
INSERT IGNORE INTO creature SELECT * FROM temporary_tlk_modelid;
UPDATE creature SET modelid = NULL WHERE modelid IN (27105, 26563, 24722, 24723, 24724, 23136) AND patch_min = 0;

DELETE FROM creature_addon WHERE spawnID IN (57966, 57967, 57968);

DELETE FROM spawn_group WHERE spawnType = 0 AND spawnID IN (86010);

INSERT IGNORE INTO creature_entry (spawnID, entry) VALUES
(92963,	2648),
(93230,	2648),
(93387,	2648),
(93558,	2648),
(93559,	2648),
(93560,	2648),
(93561,	2648),
(93565,	2648),
(93566,	2648),
(93567,	2648),
(93568,	2648),
(93569,	2648),
(93570,	2648),
(93571,	2648),
(93574,	2648),
(93575,	2648),
(93576,	2648),
(93580,	2648),
(93581,	2648),
(93583,	2648),
(93584,	2648),
(93586,	2648),
(93588,	2648),
(93662,	2648),
(93701,	2648),
(93702,	2648),
(93708,	2648);

INSERT IGNORE INTO creature (spawnID, map, spawnMask, modelid, equipment_id, position_x, position_y, position_z, orientation, spawntimesecs, spawndist, currentwaypoint, curhealth, curmana, MovementType, unit_flags, pool_id, ScriptName) VALUES
(92963,	0,	1,	NULL,	0,	-528.012,	-3841.78,	230.712,	2.58309,	350,	0,	0,	2658,	0,	0,	0,	0,	''),
(93230,	0,	1,	6998,	0,	-638.837,	-3730.62,	235.154,	3.73073,	350,	5,	0,	2658,	0,	1,	0,	0,	''),
(93387,	0,	1,	10660,	0,	-616.292,	-3793.3,	239.183,	4.32193,	350,	5,	0,	2658,	0,	2,	0,	0,	''),
(93558,	0,	1,	10663,	0,	-648.565,	-3819.18,	228.799,	4.64332,	350,	3,	0,	2658,	0,	1,	0,	0,	''),
(93559,	0,	1,	6998,	0,	-577.491,	-3802.91,	235.025,	1.55953,	350,	3,	0,	2658,	0,	1,	0,	0,	''),
(93560,	0,	1,	NULL,	0,	-667.672,	-3802.88,	222.918,	0.053385,	350,	3,	0,	2658,	0,	1,	0,	0,	''),
(93561,	0,	1,	NULL,	0,	-604.991,	-3792.57,	238.454,	0.074444,	350,	5,	0,	2658,	0,	1,	0,	0,	''),
(93565,	0,	1,	10663,	0,	-688.91,	-3672.63,	233.244,	5.23982,	350,	3,	0,	2658,	0,	1,	0,	0,	''),
(93566,	0,	1,	6998,	0,	-625.372,	-3795.01,	236.637,	2.50559,	350,	5,	0,	2658,	0,	1,	0,	0,	''),
(93567,	0,	1,	6998,	0,	-681.823,	-3736.61,	218.922,	0.010654,	350,	3,	0,	2658,	0,	1,	0,	0,	''),
(93568,	0,	1,	NULL,	0,	-704.912,	-3779.25,	226.488,	0.07495,	350,	3,	0,	2658,	0,	1,	0,	0,	''),
(93569,	0,	1,	10660,	0,	-712.379,	-3744.74,	235.906,	5.78367,	350,	3,	0,	2658,	0,	1,	0,	0,	''),
(93570,	0,	1,	10660,	0,	-675.272,	-3764.68,	220.944,	1.6932,	350,	3,	0,	2658,	0,	1,	0,	0,	''),
(93571,	0,	1,	10663,	0,	-596.054,	-3887.12,	243.376,	4.77851,	350,	0,	0,	2658,	0,	0,	0,	0,	''),
(93574,	0,	1,	10663,	0,	-692.683,	-3780.56,	227.506,	4.74745,	350,	3,	0,	2658,	0,	1,	0,	0,	''),
(93575,	0,	1,	10663,	0,	-500.325,	-3806.08,	242.771,	0.496977,	350,	0,	0,	2658,	0,	0,	0,	0,	''),
(93576,	0,	1,	10660,	0,	-708.797,	-3720.29,	238.213,	0.278396,	350,	5,	0,	2658,	0,	1,	0,	0,	''),
(93580,	0,	1,	6998,	0,	-737.782,	-3778.65,	230.627,	1.30573,	350,	3,	0,	2658,	0,	1,	0,	0,	''),
(93581,	0,	1,	6998,	0,	-631.904,	-4073.4,	238.648,	5.07802,	350,	3,	0,	2658,	0,	1,	0,	0,	''),
(93583,	0,	1,	10660,	0,	-754.787,	-3782.8,	230.867,	2.9789,	350,	5,	0,	2658,	0,	2,	0,	0,	''),
(93584,	0,	1,	NULL,	0,	-755.357,	-3781.35,	230.867,	2.52651,	350,	5,	0,	2658,	0,	2,	0,	0,	''),
(93586,	0,	1,	NULL,	0,	-625.835,	-3952.28,	238.88,	2.48545,	350,	0,	0,	2658,	0,	0,	0,	0,	''),
(93588,	0,	1,	6998,	0,	-629.269,	-3938.59,	238.13,	4.63333,	350,	0,	0,	2658,	0,	0,	0,	0,	''),
(93662,	0,	1,	10660,	0,	-610.472,	-3747.99,	231.064,	2.23603,	350,	3,	0,	2658,	0,	1,	0,	0,	''),
(93701,	0,	1,	10660,	0,	-298.188,	-3771.96,	238.889,	4.52171,	350,	0,	0,	2658,	0,	0,	0,	0,	''),
(93702,	0,	1,	10660,	0,	-278.797,	-3775.13,	239.713,	4.38078,	350,	0,	0,	2658,	0,	0,	0,	0,	''),
(93708,	0,	1,	6998,	0,	-560.278,	-3871.58,	232.816,	0,	350,	0,	0,	2658,	0,	0,	0,	0,	'');

INSERT IGNORE INTO creature_addon (spawnID, path_id, mount, bytes0, bytes1, bytes2, emote, moveflags, auras) VALUES
(93387,	1965,	0,	16777472,	0,	4097,	0,	0,	NULL),
(93583,	1972,	0,	16777472,	0,	4097,	0,	0,	NULL),
(93584,	1973,	0,	16777472,	0,	4097,	0,	0,	NULL);
