-- Importing creature gossip with entry 21461 (Rally Zapnabber) with import type SMART
UPDATE creature_template SET ScriptName = '', AIName = 'SmartAI' WHERE entry = 21461;
DELETE FROM smart_scripts WHERE entryorguid = 21461 AND source_type = 0;
DELETE FROM smart_scripts WHERE entryorguid = 2146100 AND source_type = 9;
DELETE FROM smart_scripts WHERE entryorguid = 2146101 AND source_type = 9;
DELETE FROM smart_scripts WHERE entryorguid = 2146102 AND source_type = 9;
DELETE FROM smart_scripts WHERE entryorguid = 2146103 AND source_type = 9;
-- Importing menu 8304 as 57142
INSERT INTO gossip_text (`ID`, `comment`, `text0_0`, `text0_1`, `BroadcastTextID0`, `lang0`, `Probability0`, `em0_0`, `em0_1`, `em0_2`, `em0_3`, `em0_4`, `em0_5`, `text1_0`, `text1_1`, `BroadcastTextID1`, `lang1`, `Probability1`, `em1_0`, `em1_1`, `em1_2`, `em1_3`, `em1_4`, `em1_5`, `text2_0`, `text2_1`, `BroadcastTextID2`, `lang2`, `Probability2`, `em2_0`, `em2_1`, `em2_2`, `em2_3`, `em2_4`, `em2_5`, `text3_0`, `text3_1`, `BroadcastTextID3`, `lang3`, `Probability3`, `em3_0`, `em3_1`, `em3_2`, `em3_3`, `em3_4`, `em3_5`, `text4_0`, `text4_1`, `BroadcastTextID4`, `lang4`, `Probability4`, `em4_0`, `em4_1`, `em4_2`, `em4_3`, `em4_4`, `em4_5`, `text5_0`, `text5_1`, `BroadcastTextID5`, `lang5`, `Probability5`, `em5_0`, `em5_1`, `em5_2`, `em5_3`, `em5_4`, `em5_5`, `text6_0`, `text6_1`, `BroadcastTextID6`, `lang6`, `Probability6`, `em6_0`, `em6_1`, `em6_2`, `em6_3`, `em6_4`, `em6_5`, `text7_0`, `text7_1`, `BroadcastTextID7`, `lang7`, `Probability7`, `em7_0`, `em7_1`, `em7_2`, `em7_3`, `em7_4`, `em7_5`) VALUES ('1872750', 'Imported from TC', 'Have you talked to my clone--I mean... my twin?', '', '19125', '0', '1', '0', '0', '0', '0', '0', '0', '', '', NULL, '0', '0', '0', '0', '0', '0', '0', '0', '', '', NULL, '0', '0', '0', '0', '0', '0', '0', '0', '', '', NULL, '0', '0', '0', '0', '0', '0', '0', '0', '', '', NULL, '0', '0', '0', '0', '0', '0', '0', '0', '', '', NULL, '0', '0', '0', '0', '0', '0', '0', '0', '', '', NULL, '0', '0', '0', '0', '0', '0', '0', '0', '', '', NULL, '0', '0', '0', '0', '0', '0', '0', '0');
INSERT INTO gossip_menu (`MenuID`, `TextID`) VALUES ('57142', '1872750');
-- Importing menu 8455 as 57143
-- Text 10562 already present in Sun DB
INSERT INTO gossip_menu (`MenuID`, `TextID`) VALUES ('57143', '10562');
INSERT INTO gossip_menu_option (`MenuID`, `OptionID`, `OptionIcon`, `OptionText`, `OptionBroadcastTextID`, `OptionType`, `OptionNpcFlag`, `ActionMenuID`, `ActionPoiID`, `BoxCoded`, `BoxMoney`, `BoxText`, `BoxBroadcastTextID`) VALUES ('57143', '1', '0', 'Take me to Singing Ridge.', '19671', '1', '1', NULL, NULL, '0', '0', '', NULL);
INSERT INTO gossip_menu_option (`MenuID`, `OptionID`, `OptionIcon`, `OptionText`, `OptionBroadcastTextID`, `OptionType`, `OptionNpcFlag`, `ActionMenuID`, `ActionPoiID`, `BoxCoded`, `BoxMoney`, `BoxText`, `BoxBroadcastTextID`) VALUES ('57143', '2', '0', 'Take me to Razaan\'s Landing.', '19668', '1', '1', NULL, NULL, '0', '0', '', NULL);
INSERT INTO gossip_menu_option (`MenuID`, `OptionID`, `OptionIcon`, `OptionText`, `OptionBroadcastTextID`, `OptionType`, `OptionNpcFlag`, `ActionMenuID`, `ActionPoiID`, `BoxCoded`, `BoxMoney`, `BoxText`, `BoxBroadcastTextID`) VALUES ('57143', '3', '0', 'Take me to Ruuan Weald.', '19669', '1', '1', NULL, NULL, '0', '0', '', NULL);
INSERT INTO conditions (`SourceTypeOrReferenceId`, `SourceGroup`, `SourceEntry`, `SourceId`, `ElseGroup`, `ConditionTypeOrReference`, `ConditionTarget`, `ConditionValue1`, `ConditionValue2`, `ConditionValue3`, `NegativeCondition`, `ErrorType`, `ErrorTextId`, `ScriptName`, `Comment`) VALUES ('15', '57143', '1', '0', '0', '8', '0', '10710', '0', '0', '0', '0', '0', '', '(autoimported) Show gossip option 1 if player has quest The Singing Ridge marked as rewarded');
INSERT INTO conditions (`SourceTypeOrReferenceId`, `SourceGroup`, `SourceEntry`, `SourceId`, `ElseGroup`, `ConditionTypeOrReference`, `ConditionTarget`, `ConditionValue1`, `ConditionValue2`, `ConditionValue3`, `NegativeCondition`, `ErrorType`, `ErrorTextId`, `ScriptName`, `Comment`) VALUES ('15', '57143', '1', '0', '0', '1', '0', '37108', '0', '0', '1', '0', '0', '', '(autoimported) Show gossip option 1 if player does not have aura Zephyrium Charged');
INSERT INTO conditions (`SourceTypeOrReferenceId`, `SourceGroup`, `SourceEntry`, `SourceId`, `ElseGroup`, `ConditionTypeOrReference`, `ConditionTarget`, `ConditionValue1`, `ConditionValue2`, `ConditionValue3`, `NegativeCondition`, `ErrorType`, `ErrorTextId`, `ScriptName`, `Comment`) VALUES ('15', '57143', '2', '0', '0', '1', '0', '37108', '0', '0', '1', '0', '0', '', '(autoimported) Show gossip option 2 if player does not have aura Zephyrium Charged');
INSERT INTO conditions (`SourceTypeOrReferenceId`, `SourceGroup`, `SourceEntry`, `SourceId`, `ElseGroup`, `ConditionTypeOrReference`, `ConditionTarget`, `ConditionValue1`, `ConditionValue2`, `ConditionValue3`, `NegativeCondition`, `ErrorType`, `ErrorTextId`, `ScriptName`, `Comment`) VALUES ('15', '57143', '2', '0', '0', '8', '0', '10711', '0', '0', '0', '0', '0', '', '(autoimported) Show gossip option 2 if player has quest Razaan\'s Landing marked as rewarded');
INSERT INTO conditions (`SourceTypeOrReferenceId`, `SourceGroup`, `SourceEntry`, `SourceId`, `ElseGroup`, `ConditionTypeOrReference`, `ConditionTarget`, `ConditionValue1`, `ConditionValue2`, `ConditionValue3`, `NegativeCondition`, `ErrorType`, `ErrorTextId`, `ScriptName`, `Comment`) VALUES ('15', '57143', '3', '0', '0', '8', '0', '10712', '0', '0', '0', '0', '0', '', '(autoimported) Show gossip option 3 if player has quest Ruuan Weald marked as rewarded');
INSERT INTO conditions (`SourceTypeOrReferenceId`, `SourceGroup`, `SourceEntry`, `SourceId`, `ElseGroup`, `ConditionTypeOrReference`, `ConditionTarget`, `ConditionValue1`, `ConditionValue2`, `ConditionValue3`, `NegativeCondition`, `ErrorType`, `ErrorTextId`, `ScriptName`, `Comment`) VALUES ('15', '57143', '3', '0', '0', '1', '0', '37108', '0', '0', '1', '0', '0', '', '(autoimported) Show gossip option 3 if player does not have aura Zephyrium Charged');
INSERT INTO gossip_menu_option (`MenuID`, `OptionID`, `OptionIcon`, `OptionText`, `OptionBroadcastTextID`, `OptionType`, `OptionNpcFlag`, `ActionMenuID`, `ActionPoiID`, `BoxCoded`, `BoxMoney`, `BoxText`, `BoxBroadcastTextID`) VALUES ('57142', '4', '0', 'I want to fly to an old location!', '19735', '1', '1', '57143', NULL, '0', '0', '', NULL);
INSERT INTO gossip_menu_option (`MenuID`, `OptionID`, `OptionIcon`, `OptionText`, `OptionBroadcastTextID`, `OptionType`, `OptionNpcFlag`, `ActionMenuID`, `ActionPoiID`, `BoxCoded`, `BoxMoney`, `BoxText`, `BoxBroadcastTextID`) VALUES ('57142', '3', '0', 'Take me to Ruuan Weald!', '19669', '1', '1', NULL, NULL, '0', '0', '', NULL);
INSERT INTO gossip_menu_option (`MenuID`, `OptionID`, `OptionIcon`, `OptionText`, `OptionBroadcastTextID`, `OptionType`, `OptionNpcFlag`, `ActionMenuID`, `ActionPoiID`, `BoxCoded`, `BoxMoney`, `BoxText`, `BoxBroadcastTextID`) VALUES ('57142', '2', '0', 'Take me to Razaan\'s Landing!', '19668', '1', '1', NULL, NULL, '0', '0', '', NULL);
-- Importing menu 8454 as 57144
INSERT INTO gossip_text (`ID`, `comment`, `text0_0`, `text0_1`, `BroadcastTextID0`, `lang0`, `Probability0`, `em0_0`, `em0_1`, `em0_2`, `em0_3`, `em0_4`, `em0_5`, `text1_0`, `text1_1`, `BroadcastTextID1`, `lang1`, `Probability1`, `em1_0`, `em1_1`, `em1_2`, `em1_3`, `em1_4`, `em1_5`, `text2_0`, `text2_1`, `BroadcastTextID2`, `lang2`, `Probability2`, `em2_0`, `em2_1`, `em2_2`, `em2_3`, `em2_4`, `em2_5`, `text3_0`, `text3_1`, `BroadcastTextID3`, `lang3`, `Probability3`, `em3_0`, `em3_1`, `em3_2`, `em3_3`, `em3_4`, `em3_5`, `text4_0`, `text4_1`, `BroadcastTextID4`, `lang4`, `Probability4`, `em4_0`, `em4_1`, `em4_2`, `em4_3`, `em4_4`, `em4_5`, `text5_0`, `text5_1`, `BroadcastTextID5`, `lang5`, `Probability5`, `em5_0`, `em5_1`, `em5_2`, `em5_3`, `em5_4`, `em5_5`, `text6_0`, `text6_1`, `BroadcastTextID6`, `lang6`, `Probability6`, `em6_0`, `em6_1`, `em6_2`, `em6_3`, `em6_4`, `em6_5`, `text7_0`, `text7_1`, `BroadcastTextID7`, `lang7`, `Probability7`, `em7_0`, `em7_1`, `em7_2`, `em7_3`, `em7_4`, `em7_5`) VALUES ('1872751', 'Imported from TC', 'This flight takes you to the far point of the Singing Ridge.  Very dangerous!$B$BFor this one, I\'m going to need a signed waiver...', '', '19727', '0', '1', '0', '1', '0', '0', '0', '0', '', '', NULL, '0', '0', '0', '0', '0', '0', '0', '0', '', '', NULL, '0', '0', '0', '0', '0', '0', '0', '0', '', '', NULL, '0', '0', '0', '0', '0', '0', '0', '0', '', '', NULL, '0', '0', '0', '0', '0', '0', '0', '0', '', '', NULL, '0', '0', '0', '0', '0', '0', '0', '0', '', '', NULL, '0', '0', '0', '0', '0', '0', '0', '0', '', '', NULL, '0', '0', '0', '0', '0', '0', '0', '0');
INSERT INTO gossip_menu (`MenuID`, `TextID`) VALUES ('57144', '1872751');
INSERT INTO gossip_menu_option (`MenuID`, `OptionID`, `OptionIcon`, `OptionText`, `OptionBroadcastTextID`, `OptionType`, `OptionNpcFlag`, `ActionMenuID`, `ActionPoiID`, `BoxCoded`, `BoxMoney`, `BoxText`, `BoxBroadcastTextID`) VALUES ('57144', '0', '0', 'I have the signed Waiver! Fire me into The Singing Ridge!', '19728', '1', '1', NULL, NULL, '0', '0', '', NULL);
INSERT INTO conditions (`SourceTypeOrReferenceId`, `SourceGroup`, `SourceEntry`, `SourceId`, `ElseGroup`, `ConditionTypeOrReference`, `ConditionTarget`, `ConditionValue1`, `ConditionValue2`, `ConditionValue3`, `NegativeCondition`, `ErrorType`, `ErrorTextId`, `ScriptName`, `Comment`) VALUES ('15', '57144', '0', '0', '0', '2', '0', '30539', '1', '0', '0', '0', '0', '', '(autoimported) Show gossip option 0 if player has item Tally\'s Waiver (Signed)');
INSERT INTO gossip_menu_option (`MenuID`, `OptionID`, `OptionIcon`, `OptionText`, `OptionBroadcastTextID`, `OptionType`, `OptionNpcFlag`, `ActionMenuID`, `ActionPoiID`, `BoxCoded`, `BoxMoney`, `BoxText`, `BoxBroadcastTextID`) VALUES ('57142', '1', '0', 'Take me to Singing Ridge!', '19671', '1', '1', '57144', NULL, '0', '0', '', NULL);
INSERT INTO gossip_menu_option (`MenuID`, `OptionID`, `OptionIcon`, `OptionText`, `OptionBroadcastTextID`, `OptionType`, `OptionNpcFlag`, `ActionMenuID`, `ActionPoiID`, `BoxCoded`, `BoxMoney`, `BoxText`, `BoxBroadcastTextID`) VALUES ('57142', '0', '0', 'I\'m ready for my test flight!', '19667', '1', '1', NULL, NULL, '0', '0', '', NULL);
INSERT INTO conditions (`SourceTypeOrReferenceId`, `SourceGroup`, `SourceEntry`, `SourceId`, `ElseGroup`, `ConditionTypeOrReference`, `ConditionTarget`, `ConditionValue1`, `ConditionValue2`, `ConditionValue3`, `NegativeCondition`, `ErrorType`, `ErrorTextId`, `ScriptName`, `Comment`) VALUES ('15', '57142', '2', '0', '0', '9', '0', '10711', '0', '0', '0', '0', '0', '', '(autoimported) Show gossip option 2 if player has quest Razaan\'s Landing marked as taken');
INSERT INTO conditions (`SourceTypeOrReferenceId`, `SourceGroup`, `SourceEntry`, `SourceId`, `ElseGroup`, `ConditionTypeOrReference`, `ConditionTarget`, `ConditionValue1`, `ConditionValue2`, `ConditionValue3`, `NegativeCondition`, `ErrorType`, `ErrorTextId`, `ScriptName`, `Comment`) VALUES ('15', '57142', '3', '0', '0', '1', '0', '37108', '0', '0', '1', '0', '0', '', '(autoimported) Show gossip option 3 if player does not have aura Zephyrium Charged');
INSERT INTO conditions (`SourceTypeOrReferenceId`, `SourceGroup`, `SourceEntry`, `SourceId`, `ElseGroup`, `ConditionTypeOrReference`, `ConditionTarget`, `ConditionValue1`, `ConditionValue2`, `ConditionValue3`, `NegativeCondition`, `ErrorType`, `ErrorTextId`, `ScriptName`, `Comment`) VALUES ('15', '57142', '3', '0', '0', '9', '0', '10712', '0', '0', '0', '0', '0', '', '(autoimported) Show gossip option 3 if player has quest Ruuan Weald marked as taken');
INSERT INTO conditions (`SourceTypeOrReferenceId`, `SourceGroup`, `SourceEntry`, `SourceId`, `ElseGroup`, `ConditionTypeOrReference`, `ConditionTarget`, `ConditionValue1`, `ConditionValue2`, `ConditionValue3`, `NegativeCondition`, `ErrorType`, `ErrorTextId`, `ScriptName`, `Comment`) VALUES ('15', '57142', '2', '0', '0', '1', '0', '37108', '0', '0', '1', '0', '0', '', '(autoimported) Show gossip option 2 if player does not have aura Zephyrium Charged');
INSERT INTO conditions (`SourceTypeOrReferenceId`, `SourceGroup`, `SourceEntry`, `SourceId`, `ElseGroup`, `ConditionTypeOrReference`, `ConditionTarget`, `ConditionValue1`, `ConditionValue2`, `ConditionValue3`, `NegativeCondition`, `ErrorType`, `ErrorTextId`, `ScriptName`, `Comment`) VALUES ('15', '57142', '1', '0', '0', '9', '0', '10710', '0', '0', '0', '0', '0', '', '(autoimported) Show gossip option 1 if player has quest The Singing Ridge marked as taken');
INSERT INTO conditions (`SourceTypeOrReferenceId`, `SourceGroup`, `SourceEntry`, `SourceId`, `ElseGroup`, `ConditionTypeOrReference`, `ConditionTarget`, `ConditionValue1`, `ConditionValue2`, `ConditionValue3`, `NegativeCondition`, `ErrorType`, `ErrorTextId`, `ScriptName`, `Comment`) VALUES ('15', '57142', '1', '0', '0', '1', '0', '37108', '0', '0', '1', '0', '0', '', '(autoimported) Show gossip option 1 if player does not have aura Zephyrium Charged');
INSERT INTO conditions (`SourceTypeOrReferenceId`, `SourceGroup`, `SourceEntry`, `SourceId`, `ElseGroup`, `ConditionTypeOrReference`, `ConditionTarget`, `ConditionValue1`, `ConditionValue2`, `ConditionValue3`, `NegativeCondition`, `ErrorType`, `ErrorTextId`, `ScriptName`, `Comment`) VALUES ('15', '57142', '0', '0', '0', '9', '0', '10557', '0', '0', '0', '0', '0', '', '(autoimported) Show gossip option 0 if player has quest The Zephyrium Capacitorium marked as taken');
INSERT INTO conditions (`SourceTypeOrReferenceId`, `SourceGroup`, `SourceEntry`, `SourceId`, `ElseGroup`, `ConditionTypeOrReference`, `ConditionTarget`, `ConditionValue1`, `ConditionValue2`, `ConditionValue3`, `NegativeCondition`, `ErrorType`, `ErrorTextId`, `ScriptName`, `Comment`) VALUES ('15', '57142', '0', '0', '0', '1', '0', '37108', '0', '0', '1', '0', '0', '', '(autoimported) Show gossip option 0 if player does not have aura Zephyrium Charged');
UPDATE creature_template SET ScriptName = '', AIName = 'SmartAI' WHERE entry = 21393;
DELETE FROM smart_scripts WHERE entryorguid = 21393 AND source_type = 0;
DELETE FROM smart_scripts WHERE entryorguid = 2139300 AND source_type = 9;
INSERT INTO smart_scripts (`entryorguid`, `source_type`, `id`, `link`, `event_type`, `event_phase_mask`, `event_chance`, `event_flags`, `event_param1`, `event_param2`, `event_param3`, `event_param4`, `event_param5`, `action_type`, `action_param1`, `action_param2`, `action_param3`, `action_param4`, `action_param5`, `action_param6`, `target_type`, `target_param1`, `target_param2`, `target_param3`, `target_param4`, `target_x`, `target_y`, `target_z`, `target_o`, `comment`) VALUES ('21393', '0', '0', '0', '38', '0', '100', '0', '1', '1', '0', '0', '0', '11', '36795', '0', '0', '0', '0', '0', '1', '0', '0', '0', '0', '0', '0', '0', '0', 'Cannon Channeler - On Data Set 1 1 - Cast \'Cannon Channel(dnd)\' (No Repeat)');
INSERT INTO smart_scripts (`entryorguid`, `source_type`, `id`, `link`, `event_type`, `event_phase_mask`, `event_chance`, `event_flags`, `event_param1`, `event_param2`, `event_param3`, `event_param4`, `event_param5`, `action_type`, `action_param1`, `action_param2`, `action_param3`, `action_param4`, `action_param5`, `action_param6`, `target_type`, `target_param1`, `target_param2`, `target_param3`, `target_param4`, `target_x`, `target_y`, `target_z`, `target_o`, `comment`) VALUES ('2146100', '9', '0', '0', '1', '0', '100', '0', '2000', '2000', '2000', '2000', '0', '85', '37908', '0', '0', '0', '0', '0', '7', '0', '0', '0', '0', '0', '0', '0', '0', 'Rally Zapnabber - On Script - Invoker Cast \'Cannon Port Accepted Loc 0\''), ('2146100', '9', '1', '0', '1', '0', '100', '0', '2000', '2000', '2000', '2000', '0', '45', '1', '1', '0', '0', '0', '0', '10', '74872', '21393', '0', '0', '0', '0', '0', '0', 'Rally Zapnabber - On Script - Set Data 1 1'), ('2146100', '9', '2', '0', '1', '0', '100', '0', '3000', '3000', '3000', '3000', '0', '85', '36790', '0', '0', '0', '0', '0', '7', '0', '0', '0', '0', '0', '0', '0', '0', 'Rally Zapnabber - On Script - Invoker Cast \'Cannon Charging State 2\''), ('2146100', '9', '3', '0', '1', '0', '100', '0', '3000', '3000', '3000', '3000', '0', '85', '36792', '0', '0', '0', '0', '0', '7', '0', '0', '0', '0', '0', '0', '0', '0', 'Rally Zapnabber - On Script - Invoker Cast \'Cannon Charging State 3\''), ('2146100', '9', '4', '0', '1', '0', '100', '0', '3000', '3000', '3000', '3000', '0', '85', '36800', '0', '0', '0', '0', '0', '7', '0', '0', '0', '0', '0', '0', '0', '0', 'Rally Zapnabber - On Script - Invoker Cast \'Cannon Charging State 4\''), ('2146100', '9', '5', '0', '1', '0', '100', '0', '3000', '3000', '3000', '3000', '0', '85', '37910', '0', '0', '0', '0', '0', '7', '0', '0', '0', '0', '0', '0', '0', '0', 'Rally Zapnabber - On Script - Invoker Cast \'Soaring\''), ('2146100', '9', '6', '0', '1', '0', '100', '0', '0', '0', '0', '0', '0', '85', '37108', '0', '0', '0', '0', '0', '7', '0', '0', '0', '0', '0', '0', '0', '0', 'Rally Zapnabber - On Script - Invoker Cast \'Zephyrium Charged\'');
-- Menu 8454 is already imported as 57144
DELETE FROM smart_scripts WHERE entryorguid = 2167561 AND source_type = 9;
INSERT INTO smart_scripts (`entryorguid`, `source_type`, `id`, `link`, `event_type`, `event_phase_mask`, `event_chance`, `event_flags`, `event_param1`, `event_param2`, `event_param3`, `event_param4`, `event_param5`, `action_type`, `action_param1`, `action_param2`, `action_param3`, `action_param4`, `action_param5`, `action_param6`, `target_type`, `target_param1`, `target_param2`, `target_param3`, `target_param4`, `target_x`, `target_y`, `target_z`, `target_o`, `comment`) VALUES ('2167561', '9', '0', '0', '1', '0', '100', '0', '2000', '2000', '2000', '2000', '0', '85', '37908', '0', '0', '0', '0', '0', '7', '0', '0', '0', '0', '0', '0', '0', '0', 'Rally Zapnabber - On Script - Invoker Cast \'Cannon Port Accepted Loc 0\''), ('2167561', '9', '1', '0', '1', '0', '100', '0', '2000', '2000', '2000', '2000', '0', '45', '1', '1', '0', '0', '0', '0', '10', '74872', '21393', '0', '0', '0', '0', '0', '0', 'Rally Zapnabber - On Script - Set Data 1 1'), ('2167561', '9', '2', '0', '1', '0', '100', '0', '3000', '3000', '3000', '3000', '0', '85', '36790', '0', '0', '0', '0', '0', '7', '0', '0', '0', '0', '0', '0', '0', '0', 'Rally Zapnabber - On Script - Invoker Cast \'Cannon Charging State 2\''), ('2167561', '9', '3', '0', '1', '0', '100', '0', '3000', '3000', '3000', '3000', '0', '85', '36792', '0', '0', '0', '0', '0', '7', '0', '0', '0', '0', '0', '0', '0', '0', 'Rally Zapnabber - On Script - Invoker Cast \'Cannon Charging State 3\''), ('2167561', '9', '4', '0', '1', '0', '100', '0', '3000', '3000', '3000', '3000', '0', '85', '36800', '0', '0', '0', '0', '0', '7', '0', '0', '0', '0', '0', '0', '0', '0', 'Rally Zapnabber - On Script - Invoker Cast \'Cannon Charging State 4\''), ('2167561', '9', '5', '0', '1', '0', '100', '0', '3000', '3000', '3000', '3000', '0', '85', '37962', '0', '0', '0', '0', '0', '7', '0', '0', '0', '0', '0', '0', '0', '0', 'Rally Zapnabber - On Script - Invoker Cast \'Soaring\''), ('2167561', '9', '6', '0', '1', '0', '100', '0', '0', '0', '0', '0', '0', '85', '37108', '0', '0', '0', '0', '0', '7', '0', '0', '0', '0', '0', '0', '0', '0', 'Rally Zapnabber - On Script - Invoker Cast \'Zephyrium Charged\'');
-- Menu 8304 is already imported as 57142
DELETE FROM smart_scripts WHERE entryorguid = 2189022 AND source_type = 9;
INSERT INTO smart_scripts (`entryorguid`, `source_type`, `id`, `link`, `event_type`, `event_phase_mask`, `event_chance`, `event_flags`, `event_param1`, `event_param2`, `event_param3`, `event_param4`, `event_param5`, `action_type`, `action_param1`, `action_param2`, `action_param3`, `action_param4`, `action_param5`, `action_param6`, `target_type`, `target_param1`, `target_param2`, `target_param3`, `target_param4`, `target_x`, `target_y`, `target_z`, `target_o`, `comment`) VALUES ('2189022', '9', '0', '0', '1', '0', '100', '0', '2000', '2000', '2000', '2000', '0', '85', '37908', '0', '0', '0', '0', '0', '7', '0', '0', '0', '0', '0', '0', '0', '0', 'Rally Zapnabber - On Script - Invoker Cast \'Cannon Port Accepted Loc 0\''), ('2189022', '9', '1', '0', '1', '0', '100', '0', '2000', '2000', '2000', '2000', '0', '45', '1', '1', '0', '0', '0', '0', '10', '74872', '21393', '0', '0', '0', '0', '0', '0', 'Rally Zapnabber - On Script - Set Data 1 1'), ('2189022', '9', '2', '0', '1', '0', '100', '0', '3000', '3000', '3000', '3000', '0', '85', '36790', '0', '0', '0', '0', '0', '7', '0', '0', '0', '0', '0', '0', '0', '0', 'Rally Zapnabber - On Script - Invoker Cast \'Cannon Charging State 2\''), ('2189022', '9', '3', '0', '1', '0', '100', '0', '3000', '3000', '3000', '3000', '0', '85', '36792', '0', '0', '0', '0', '0', '7', '0', '0', '0', '0', '0', '0', '0', '0', 'Rally Zapnabber - On Script - Invoker Cast \'Cannon Charging State 3\''), ('2189022', '9', '4', '0', '1', '0', '100', '0', '3000', '3000', '3000', '3000', '0', '85', '36800', '0', '0', '0', '0', '0', '7', '0', '0', '0', '0', '0', '0', '0', '0', 'Rally Zapnabber - On Script - Invoker Cast \'Cannon Charging State 4\''), ('2189022', '9', '5', '0', '1', '0', '100', '0', '3000', '3000', '3000', '3000', '0', '85', '36812', '0', '0', '0', '0', '0', '7', '0', '0', '0', '0', '0', '0', '0', '0', 'Rally Zapnabber - On Script - Invoker Cast \'Soaring\''), ('2189022', '9', '6', '0', '1', '0', '100', '0', '0', '0', '0', '0', '0', '85', '37108', '0', '0', '0', '0', '0', '7', '0', '0', '0', '0', '0', '0', '0', '0', 'Rally Zapnabber - On Script - Invoker Cast \'Zephyrium Charged\'');
-- Menu 8304 is already imported as 57142
DELETE FROM smart_scripts WHERE entryorguid = 2210483 AND source_type = 9;
INSERT INTO smart_scripts (`entryorguid`, `source_type`, `id`, `link`, `event_type`, `event_phase_mask`, `event_chance`, `event_flags`, `event_param1`, `event_param2`, `event_param3`, `event_param4`, `event_param5`, `action_type`, `action_param1`, `action_param2`, `action_param3`, `action_param4`, `action_param5`, `action_param6`, `target_type`, `target_param1`, `target_param2`, `target_param3`, `target_param4`, `target_x`, `target_y`, `target_z`, `target_o`, `comment`) VALUES ('2210483', '9', '0', '0', '1', '0', '100', '0', '2000', '2000', '2000', '2000', '0', '85', '37908', '0', '0', '0', '0', '0', '7', '0', '0', '0', '0', '0', '0', '0', '0', 'Rally Zapnabber - On Script - Invoker Cast \'Cannon Port Accepted Loc 0\''), ('2210483', '9', '1', '0', '1', '0', '100', '0', '2000', '2000', '2000', '2000', '0', '45', '1', '1', '0', '0', '0', '0', '10', '74872', '21393', '0', '0', '0', '0', '0', '0', 'Rally Zapnabber - On Script - Set Data 1 1'), ('2210483', '9', '2', '0', '1', '0', '100', '0', '3000', '3000', '3000', '3000', '0', '85', '36790', '0', '0', '0', '0', '0', '7', '0', '0', '0', '0', '0', '0', '0', '0', 'Rally Zapnabber - On Script - Invoker Cast \'Cannon Charging State 2\''), ('2210483', '9', '3', '0', '1', '0', '100', '0', '3000', '3000', '3000', '3000', '0', '85', '36792', '0', '0', '0', '0', '0', '7', '0', '0', '0', '0', '0', '0', '0', '0', 'Rally Zapnabber - On Script - Invoker Cast \'Cannon Charging State 3\''), ('2210483', '9', '4', '0', '1', '0', '100', '0', '3000', '3000', '3000', '3000', '0', '85', '36800', '0', '0', '0', '0', '0', '7', '0', '0', '0', '0', '0', '0', '0', '0', 'Rally Zapnabber - On Script - Invoker Cast \'Cannon Charging State 4\''), ('2210483', '9', '5', '0', '1', '0', '100', '0', '3000', '3000', '3000', '3000', '0', '85', '37968', '0', '0', '0', '0', '0', '7', '0', '0', '0', '0', '0', '0', '0', '0', 'Rally Zapnabber - On Script - Invoker Cast \'Soaring\''), ('2210483', '9', '6', '0', '1', '0', '100', '0', '0', '0', '0', '0', '0', '85', '37108', '0', '0', '0', '0', '0', '7', '0', '0', '0', '0', '0', '0', '0', '0', 'Rally Zapnabber - On Script - Invoker Cast \'Zephyrium Charged\'');
-- Menu 8455 is already imported as 57143
-- SmartAI 2167561 9 is already imported
-- Menu 8455 is already imported as 57143
-- SmartAI 2189022 9 is already imported
-- Menu 8455 is already imported as 57143
-- SmartAI 2210483 9 is already imported
INSERT INTO smart_scripts (`entryorguid`, `source_type`, `id`, `link`, `event_type`, `event_phase_mask`, `event_chance`, `event_flags`, `event_param1`, `event_param2`, `event_param3`, `event_param4`, `event_param5`, `action_type`, `action_param1`, `action_param2`, `action_param3`, `action_param4`, `action_param5`, `action_param6`, `target_type`, `target_param1`, `target_param2`, `target_param3`, `target_param4`, `target_x`, `target_y`, `target_z`, `target_o`, `comment`) VALUES ('21461', '0', '0', '1', '62', '0', '100', '512', '57142', '0', '0', '0', '0', '80', '2146100', '0', '0', '0', '0', '0', '1', '0', '0', '0', '0', '0', '0', '0', '0', 'Rally Zapnabber - On Gossip Option 0 Selected - Run Script'), ('21461', '0', '1', '0', '61', '0', '100', '512', '0', '0', '0', '0', '0', '72', '0', '0', '0', '0', '0', '0', '7', '0', '0', '0', '0', '0', '0', '0', '0', 'Rally Zapnabber - On Gossip Option 0 Selected - Close Gossip'), ('21461', '0', '2', '3', '62', '0', '100', '512', '57144', '0', '0', '0', '0', '80', '2167561', '0', '0', '0', '0', '0', '1', '0', '0', '0', '0', '0', '0', '0', '0', 'Rally Zapnabber - On Gossip Option 0 Selected - Run Script'), ('21461', '0', '3', '0', '61', '0', '100', '512', '0', '0', '0', '0', '0', '72', '0', '0', '0', '0', '0', '0', '7', '0', '0', '0', '0', '0', '0', '0', '0', 'Rally Zapnabber - On Gossip Option 0 Selected - Close Gossip'), ('21461', '0', '4', '5', '62', '0', '100', '512', '57142', '2', '0', '0', '0', '80', '2189022', '0', '0', '0', '0', '0', '1', '0', '0', '0', '0', '0', '0', '0', '0', 'Rally Zapnabber - On Gossip Option 2 Selected - Run Script'), ('21461', '0', '5', '0', '61', '0', '100', '512', '0', '0', '0', '0', '0', '72', '0', '0', '0', '0', '0', '0', '7', '0', '0', '0', '0', '0', '0', '0', '0', 'Rally Zapnabber - On Gossip Option 2 Selected - Close Gossip'), ('21461', '0', '6', '7', '62', '0', '100', '512', '57142', '3', '0', '0', '0', '80', '2210483', '0', '0', '0', '0', '0', '1', '0', '0', '0', '0', '0', '0', '0', '0', 'Rally Zapnabber - On Gossip Option 3 Selected - Run Script'), ('21461', '0', '7', '0', '61', '0', '100', '512', '0', '0', '0', '0', '0', '72', '0', '0', '0', '0', '0', '0', '7', '0', '0', '0', '0', '0', '0', '0', '0', 'Rally Zapnabber - On Gossip Option 3 Selected - Close Gossip'), ('21461', '0', '8', '9', '62', '0', '100', '512', '57143', '1', '0', '0', '0', '80', '2167561', '0', '0', '0', '0', '0', '1', '0', '0', '0', '0', '0', '0', '0', '0', 'Rally Zapnabber - On Gossip Option 1 Selected - Run Script'), ('21461', '0', '9', '0', '61', '0', '100', '512', '0', '0', '0', '0', '0', '72', '0', '0', '0', '0', '0', '0', '7', '0', '0', '0', '0', '0', '0', '0', '0', 'Rally Zapnabber - On Gossip Option 1 Selected - Close Gossip'), ('21461', '0', '10', '11', '62', '0', '100', '512', '57143', '2', '0', '0', '0', '80', '2189022', '0', '0', '0', '0', '0', '1', '0', '0', '0', '0', '0', '0', '0', '0', 'Rally Zapnabber - On Gossip Option 2 Selected - Run Script'), ('21461', '0', '11', '0', '61', '0', '100', '512', '0', '0', '0', '0', '0', '72', '0', '0', '0', '0', '0', '0', '7', '0', '0', '0', '0', '0', '0', '0', '0', 'Rally Zapnabber - On Gossip Option 2 Selected - Close Gossip'), ('21461', '0', '12', '13', '62', '0', '100', '512', '57143', '3', '0', '0', '0', '80', '2210483', '0', '0', '0', '0', '0', '1', '0', '0', '0', '0', '0', '0', '0', '0', 'Rally Zapnabber - On Gossip Option 3 Selected - Run Script'), ('21461', '0', '13', '0', '61', '0', '100', '512', '0', '0', '0', '0', '0', '72', '0', '0', '0', '0', '0', '0', '7', '0', '0', '0', '0', '0', '0', '0', '0', 'Rally Zapnabber - On Gossip Option 3 Selected - Close Gossip');
-- Menu 8304 is already imported as 57142
UPDATE creature_template SET npcflag = (npcflag | 1), gossip_menu_id = 57142 WHERE entry = 21461;
DELETE FROM gossip_menu WHERE MenuID = 8304;


