-- Importing creature spawn with guid 79723 with import type REPLACE_ALL


-- Importing creature spawn with guid 79796 with import type REPLACE_ALL


-- Importing creature spawn with guid 79815 with import type REPLACE_ALL
DELETE ce, c1, c2, sg FROM creature_entry ce LEFT JOIN conditions c1 ON c1.ConditionValue3 = 1078875 AND c1.ConditionTypeOrReference = 31 LEFT JOIN conditions c2 ON c1.SourceEntry = -1078875 AND c2.SourceTypeOrReferenceId = 22 LEFT JOIN spawn_group sg ON sg.spawnID = 1078875 AND spawnType = 0 WHERE ce.spawnID = 1078875;


-- Importing creature spawn with guid 79816 with import type REPLACE_ALL
DELETE ce, c1, c2, sg FROM creature_entry ce LEFT JOIN conditions c1 ON c1.ConditionValue3 = 1078876 AND c1.ConditionTypeOrReference = 31 LEFT JOIN conditions c2 ON c1.SourceEntry = -1078876 AND c2.SourceTypeOrReferenceId = 22 LEFT JOIN spawn_group sg ON sg.spawnID = 1078876 AND spawnType = 0 WHERE ce.spawnID = 1078876;


-- Importing creature spawn with guid 79817 with import type REPLACE_ALL
DELETE ce, c1, c2, sg FROM creature_entry ce LEFT JOIN conditions c1 ON c1.ConditionValue3 = 1078877 AND c1.ConditionTypeOrReference = 31 LEFT JOIN conditions c2 ON c1.SourceEntry = -1078877 AND c2.SourceTypeOrReferenceId = 22 LEFT JOIN spawn_group sg ON sg.spawnID = 1078877 AND spawnType = 0 WHERE ce.spawnID = 1078877;


-- Importing creature spawn with guid 83195 with import type REPLACE_ALL
INSERT INTO creature_entry (`spawnID`, `entry`) VALUES ('83177', '19166');
INSERT INTO creature (`spawnID`, `map`, `spawnMask`, `modelid`, `equipment_id`, `position_x`, `position_y`, `position_z`, `orientation`, `spawntimesecs`, `spawndist`, `currentwaypoint`, `curhealth`, `curmana`, `MovementType`, `unit_flags`, `pool_id`, `patch_min`, `patch_max`) VALUES ('83177', '554', '3', '0', '0', '149.63', '81.2452', '6.46902', '3.14005', '7200', '0', '0', '35905', '0', '2', '0', '0', '0', '10');
INSERT INTO waypoint_data (`id`, `point`, `position_x`, `position_y`, `position_z`, `orientation`, `delay`, `move_type`, `action`, `action_chance`, `wpguid`) VALUES ('831770', '1', '169.937', '81.2677', '0.369446', '0', '0', '0', NULL, '100', '0');
INSERT INTO waypoint_data (`id`, `point`, `position_x`, `position_y`, `position_z`, `orientation`, `delay`, `move_type`, `action`, `action_chance`, `wpguid`) VALUES ('831770', '2', '188.186', '64.1225', '-0.00583867', '0', '0', '0', NULL, '100', '0');
INSERT INTO waypoint_data (`id`, `point`, `position_x`, `position_y`, `position_z`, `orientation`, `delay`, `move_type`, `action`, `action_chance`, `wpguid`) VALUES ('831770', '3', '186.613', '47.3467', '-0.00622024', '0', '0', '0', NULL, '100', '0');
INSERT INTO waypoint_data (`id`, `point`, `position_x`, `position_y`, `position_z`, `orientation`, `delay`, `move_type`, `action`, `action_chance`, `wpguid`) VALUES ('831770', '4', '164.642', '49.9545', '-0.00183749', '0', '0', '0', NULL, '100', '0');
INSERT INTO waypoint_data (`id`, `point`, `position_x`, `position_y`, `position_z`, `orientation`, `delay`, `move_type`, `action`, `action_chance`, `wpguid`) VALUES ('831770', '5', '186.613', '47.3467', '-0.00622024', '0', '0', '0', NULL, '100', '0');
INSERT INTO waypoint_data (`id`, `point`, `position_x`, `position_y`, `position_z`, `orientation`, `delay`, `move_type`, `action`, `action_chance`, `wpguid`) VALUES ('831770', '6', '188.186', '64.1225', '-0.00583867', '0', '0', '0', NULL, '100', '0');
INSERT INTO waypoint_data (`id`, `point`, `position_x`, `position_y`, `position_z`, `orientation`, `delay`, `move_type`, `action`, `action_chance`, `wpguid`) VALUES ('831770', '7', '169.937', '81.2677', '0.369446', '0', '0', '0', NULL, '100', '0');
INSERT INTO waypoint_data (`id`, `point`, `position_x`, `position_y`, `position_z`, `orientation`, `delay`, `move_type`, `action`, `action_chance`, `wpguid`) VALUES ('831770', '8', '149.63', '81.2452', '6.46902', '0', '0', '0', NULL, '100', '0');
INSERT INTO waypoint_data (`id`, `point`, `position_x`, `position_y`, `position_z`, `orientation`, `delay`, `move_type`, `action`, `action_chance`, `wpguid`) VALUES ('831770', '9', '117.622', '78.3609', '14.9245', '0', '0', '0', NULL, '100', '0');
INSERT INTO waypoint_data (`id`, `point`, `position_x`, `position_y`, `position_z`, `orientation`, `delay`, `move_type`, `action`, `action_chance`, `wpguid`) VALUES ('831770', '10', '149.63', '81.2452', '6.46902', '0', '0', '0', NULL, '100', '0');
INSERT INTO creature_addon (`spawnID`, `path_id`, `mount`, `bytes0`, `bytes1`, `bytes2`, `emote`, `auras`) VALUES ('83177', '831770', '0', '0', '0', '1', '0', NULL);
INSERT INTO creature_entry (`spawnID`, `entry`) VALUES ('83189', '19166');
INSERT INTO creature (`spawnID`, `map`, `spawnMask`, `modelid`, `equipment_id`, `position_x`, `position_y`, `position_z`, `orientation`, `spawntimesecs`, `spawndist`, `currentwaypoint`, `curhealth`, `curmana`, `MovementType`, `unit_flags`, `pool_id`, `patch_min`, `patch_max`) VALUES ('83189', '554', '3', '0', '0', '38.192', '59.6879', '0.163062', '4.61499', '7200', '0', '0', '35905', '0', '2', '0', '0', '0', '10');
INSERT INTO waypoint_data (`id`, `point`, `position_x`, `position_y`, `position_z`, `orientation`, `delay`, `move_type`, `action`, `action_chance`, `wpguid`) VALUES ('831890', '1', '30.0118', '55.2301', '0.163062', '0', '0', '0', NULL, '100', '0');
INSERT INTO waypoint_data (`id`, `point`, `position_x`, `position_y`, `position_z`, `orientation`, `delay`, `move_type`, `action`, `action_chance`, `wpguid`) VALUES ('831890', '2', '32.0415', '39.3867', '0.0143055', '0', '0', '0', NULL, '100', '0');
INSERT INTO waypoint_data (`id`, `point`, `position_x`, `position_y`, `position_z`, `orientation`, `delay`, `move_type`, `action`, `action_chance`, `wpguid`) VALUES ('831890', '3', '30.0118', '55.2301', '0.163062', '0', '0', '0', NULL, '100', '0');
INSERT INTO waypoint_data (`id`, `point`, `position_x`, `position_y`, `position_z`, `orientation`, `delay`, `move_type`, `action`, `action_chance`, `wpguid`) VALUES ('831890', '4', '38.192', '59.6879', '0.163062', '0', '0', '0', NULL, '100', '0');
INSERT INTO waypoint_data (`id`, `point`, `position_x`, `position_y`, `position_z`, `orientation`, `delay`, `move_type`, `action`, `action_chance`, `wpguid`) VALUES ('831890', '5', '72.1423', '59.6921', '14.9247', '0', '0', '0', NULL, '100', '0');
INSERT INTO waypoint_data (`id`, `point`, `position_x`, `position_y`, `position_z`, `orientation`, `delay`, `move_type`, `action`, `action_chance`, `wpguid`) VALUES ('831890', '6', '76.8509', '59.6219', '14.9247', '0', '0', '0', NULL, '100', '0');
INSERT INTO waypoint_data (`id`, `point`, `position_x`, `position_y`, `position_z`, `orientation`, `delay`, `move_type`, `action`, `action_chance`, `wpguid`) VALUES ('831890', '7', '72.1423', '59.6921', '14.9247', '0', '0', '0', NULL, '100', '0');
INSERT INTO waypoint_data (`id`, `point`, `position_x`, `position_y`, `position_z`, `orientation`, `delay`, `move_type`, `action`, `action_chance`, `wpguid`) VALUES ('831890', '8', '38.192', '59.6879', '0.163062', '0', '0', '0', NULL, '100', '0');
INSERT INTO creature_addon (`spawnID`, `path_id`, `mount`, `bytes0`, `bytes1`, `bytes2`, `emote`, `auras`) VALUES ('83189', '831890', '0', '0', '0', '1', '0', NULL);
INSERT INTO creature_entry (`spawnID`, `entry`) VALUES ('83195', '19166');
INSERT INTO creature (`spawnID`, `map`, `spawnMask`, `modelid`, `equipment_id`, `position_x`, `position_y`, `position_z`, `orientation`, `spawntimesecs`, `spawndist`, `currentwaypoint`, `curhealth`, `curmana`, `MovementType`, `unit_flags`, `pool_id`, `patch_min`, `patch_max`) VALUES ('83195', '554', '3', '0', '0', '41.3271', '29.4487', '0.00610411', '3.14865', '7200', '0', '0', '35905', '0', '2', '0', '0', '0', '10');
INSERT INTO waypoint_data (`id`, `point`, `position_x`, `position_y`, `position_z`, `orientation`, `delay`, `move_type`, `action`, `action_chance`, `wpguid`) VALUES ('831950', '1', '32.2206', '26.5157', '0.00713692', '0', '0', '0', NULL, '100', '0');
INSERT INTO waypoint_data (`id`, `point`, `position_x`, `position_y`, `position_z`, `orientation`, `delay`, `move_type`, `action`, `action_chance`, `wpguid`) VALUES ('831950', '2', '27.2437', '18.8314', '-0.000499747', '0', '0', '0', NULL, '100', '0');
INSERT INTO waypoint_scripts (`id`, `delay`, `command`, `datalong`, `datalong2`, `dataint`, `x`, `y`, `z`, `o`) VALUES ('8319501', '0', '30', '0', '0', '0', '0', '0', '0', '2.96706');
INSERT INTO waypoint_data (`id`, `point`, `position_x`, `position_y`, `position_z`, `orientation`, `delay`, `move_type`, `action`, `action_chance`, `wpguid`) VALUES ('831950', '3', '24.2978', '7.92341', '-0.000286215', '0', '11000', '0', '8319501', '100', '0');
INSERT INTO waypoint_data (`id`, `point`, `position_x`, `position_y`, `position_z`, `orientation`, `delay`, `move_type`, `action`, `action_chance`, `wpguid`) VALUES ('831950', '4', '28.0863', '21.9392', '-0.000508513', '0', '0', '0', NULL, '100', '0');
INSERT INTO waypoint_scripts (`id`, `delay`, `command`, `datalong`, `datalong2`, `dataint`, `x`, `y`, `z`, `o`) VALUES ('8319502', '0', '30', '0', '0', '0', '0', '0', '0', '3.26377');
INSERT INTO waypoint_data (`id`, `point`, `position_x`, `position_y`, `position_z`, `orientation`, `delay`, `move_type`, `action`, `action_chance`, `wpguid`) VALUES ('831950', '5', '41.3271', '29.4487', '0.00610411', '0', '13000', '0', '8319502', '100', '0');
INSERT INTO creature_addon (`spawnID`, `path_id`, `mount`, `bytes0`, `bytes1`, `bytes2`, `emote`, `auras`) VALUES ('83195', '831950', '0', '0', '0', '1', '0', NULL);
INSERT INTO creature_entry (`spawnID`, `entry`) VALUES ('83197', '19166');
INSERT INTO creature (`spawnID`, `map`, `spawnMask`, `modelid`, `equipment_id`, `position_x`, `position_y`, `position_z`, `orientation`, `spawntimesecs`, `spawndist`, `currentwaypoint`, `curhealth`, `curmana`, `MovementType`, `unit_flags`, `pool_id`, `patch_min`, `patch_max`) VALUES ('83197', '554', '3', '0', '0', '43.6111', '-26.7519', '0.00603389', '3.14944', '7200', '0', '0', '35905', '0', '2', '0', '0', '0', '10');
INSERT INTO waypoint_data (`id`, `point`, `position_x`, `position_y`, `position_z`, `orientation`, `delay`, `move_type`, `action`, `action_chance`, `wpguid`) VALUES ('831970', '1', '35.5806', '-23.7464', '-0.000791305', '0', '0', '0', NULL, '100', '0');
INSERT INTO waypoint_data (`id`, `point`, `position_x`, `position_y`, `position_z`, `orientation`, `delay`, `move_type`, `action`, `action_chance`, `wpguid`) VALUES ('831970', '2', '28.9233', '-18.1431', '-0.000573557', '0', '0', '0', NULL, '100', '0');
INSERT INTO waypoint_scripts (`id`, `delay`, `command`, `datalong`, `datalong2`, `dataint`, `x`, `y`, `z`, `o`) VALUES ('8319701', '0', '30', '0', '0', '0', '0', '0', '0', '3.33358');
INSERT INTO waypoint_data (`id`, `point`, `position_x`, `position_y`, `position_z`, `orientation`, `delay`, `move_type`, `action`, `action_chance`, `wpguid`) VALUES ('831970', '3', '26.3567', '-5.98679', '-0.000380761', '0', '9000', '0', '8319701', '100', '0');
INSERT INTO waypoint_data (`id`, `point`, `position_x`, `position_y`, `position_z`, `orientation`, `delay`, `move_type`, `action`, `action_chance`, `wpguid`) VALUES ('831970', '4', '29.6934', '-15.4483', '-0.00058286', '0', '0', '0', NULL, '100', '0');
INSERT INTO waypoint_data (`id`, `point`, `position_x`, `position_y`, `position_z`, `orientation`, `delay`, `move_type`, `action`, `action_chance`, `wpguid`) VALUES ('831970', '5', '35.8448', '-23.9074', '-0.000488915', '0', '0', '0', NULL, '100', '0');
INSERT INTO waypoint_scripts (`id`, `delay`, `command`, `datalong`, `datalong2`, `dataint`, `x`, `y`, `z`, `o`) VALUES ('8319702', '0', '30', '0', '0', '0', '0', '0', '0', '3.03687');
INSERT INTO waypoint_data (`id`, `point`, `position_x`, `position_y`, `position_z`, `orientation`, `delay`, `move_type`, `action`, `action_chance`, `wpguid`) VALUES ('831970', '6', '43.6111', '-26.7519', '0.00603389', '0', '15000', '0', '8319702', '100', '0');
INSERT INTO creature_addon (`spawnID`, `path_id`, `mount`, `bytes0`, `bytes1`, `bytes2`, `emote`, `auras`) VALUES ('83197', '831970', '0', '0', '0', '1', '0', NULL);
INSERT INTO creature_entry (`spawnID`, `entry`) VALUES ('83229', '19166');
INSERT INTO creature (`spawnID`, `map`, `spawnMask`, `modelid`, `equipment_id`, `position_x`, `position_y`, `position_z`, `orientation`, `spawntimesecs`, `spawndist`, `currentwaypoint`, `curhealth`, `curmana`, `MovementType`, `unit_flags`, `pool_id`, `patch_min`, `patch_max`) VALUES ('83229', '554', '3', '0', '0', '73.9181', '-56.7124', '14.9247', '1.54309', '7200', '0', '0', '35905', '0', '2', '0', '0', '0', '10');
INSERT INTO waypoint_data (`id`, `point`, `position_x`, `position_y`, `position_z`, `orientation`, `delay`, `move_type`, `action`, `action_chance`, `wpguid`) VALUES ('832290', '1', '38.8435', '-56.286', '0.224327', '0', '0', '0', NULL, '100', '0');
INSERT INTO waypoint_data (`id`, `point`, `position_x`, `position_y`, `position_z`, `orientation`, `delay`, `move_type`, `action`, `action_chance`, `wpguid`) VALUES ('832290', '2', '30.6248', '-54.9074', '0.26586', '0', '0', '0', NULL, '100', '0');
INSERT INTO waypoint_data (`id`, `point`, `position_x`, `position_y`, `position_z`, `orientation`, `delay`, `move_type`, `action`, `action_chance`, `wpguid`) VALUES ('832290', '3', '31.9309', '-34.8763', '0.0109548', '0', '0', '0', NULL, '100', '0');
INSERT INTO waypoint_data (`id`, `point`, `position_x`, `position_y`, `position_z`, `orientation`, `delay`, `move_type`, `action`, `action_chance`, `wpguid`) VALUES ('832290', '4', '30.6248', '-54.9074', '0.26586', '0', '0', '0', NULL, '100', '0');
INSERT INTO waypoint_data (`id`, `point`, `position_x`, `position_y`, `position_z`, `orientation`, `delay`, `move_type`, `action`, `action_chance`, `wpguid`) VALUES ('832290', '5', '38.8435', '-56.286', '0.224327', '0', '0', '0', NULL, '100', '0');
INSERT INTO waypoint_data (`id`, `point`, `position_x`, `position_y`, `position_z`, `orientation`, `delay`, `move_type`, `action`, `action_chance`, `wpguid`) VALUES ('832290', '6', '73.9181', '-56.7124', '14.9247', '0', '0', '0', NULL, '100', '0');
INSERT INTO creature_addon (`spawnID`, `path_id`, `mount`, `bytes0`, `bytes1`, `bytes2`, `emote`, `auras`) VALUES ('83229', '832290', '0', '0', '0', '1', '0', NULL);
DELETE ce, c1, c2, sg FROM creature_entry ce LEFT JOIN conditions c1 ON c1.ConditionValue3 = 1215224 AND c1.ConditionTypeOrReference = 31 LEFT JOIN conditions c2 ON c1.SourceEntry = -1215224 AND c2.SourceTypeOrReferenceId = 22 LEFT JOIN spawn_group sg ON sg.spawnID = 1215224 AND spawnType = 0 WHERE ce.spawnID = 1215224;
DELETE ce, c1, c2, sg FROM creature_entry ce LEFT JOIN conditions c1 ON c1.ConditionValue3 = 1215234 AND c1.ConditionTypeOrReference = 31 LEFT JOIN conditions c2 ON c1.SourceEntry = -1215234 AND c2.SourceTypeOrReferenceId = 22 LEFT JOIN spawn_group sg ON sg.spawnID = 1215234 AND spawnType = 0 WHERE ce.spawnID = 1215234;
DELETE ce, c1, c2, sg FROM creature_entry ce LEFT JOIN conditions c1 ON c1.ConditionValue3 = 1215240 AND c1.ConditionTypeOrReference = 31 LEFT JOIN conditions c2 ON c1.SourceEntry = -1215240 AND c2.SourceTypeOrReferenceId = 22 LEFT JOIN spawn_group sg ON sg.spawnID = 1215240 AND spawnType = 0 WHERE ce.spawnID = 1215240;
DELETE ce, c1, c2, sg FROM creature_entry ce LEFT JOIN conditions c1 ON c1.ConditionValue3 = 1215242 AND c1.ConditionTypeOrReference = 31 LEFT JOIN conditions c2 ON c1.SourceEntry = -1215242 AND c2.SourceTypeOrReferenceId = 22 LEFT JOIN spawn_group sg ON sg.spawnID = 1215242 AND spawnType = 0 WHERE ce.spawnID = 1215242;
DELETE ce, c1, c2, sg FROM creature_entry ce LEFT JOIN conditions c1 ON c1.ConditionValue3 = 1215274 AND c1.ConditionTypeOrReference = 31 LEFT JOIN conditions c2 ON c1.SourceEntry = -1215274 AND c2.SourceTypeOrReferenceId = 22 LEFT JOIN spawn_group sg ON sg.spawnID = 1215274 AND spawnType = 0 WHERE ce.spawnID = 1215274;


-- Importing creature spawn with guid 83197 with import type REPLACE_ALL


-- Importing creature spawn with guid 202627 with import type REPLACE_ALL
INSERT INTO creature_entry (`spawnID`, `entry`) VALUES ('202631', '17264');
INSERT INTO creature (`spawnID`, `map`, `spawnMask`, `modelid`, `equipment_id`, `position_x`, `position_y`, `position_z`, `orientation`, `spawntimesecs`, `spawndist`, `currentwaypoint`, `curhealth`, `curmana`, `MovementType`, `unit_flags`, `pool_id`, `patch_min`, `patch_max`) VALUES ('202631', '543', '3', '0', '1', '-1315.83', '1665.73', '66.9339', '3.48723', '7200', '0', '0', '1', '0', '2', '0', '0', '0', '10');
INSERT INTO waypoint_data (`id`, `point`, `position_x`, `position_y`, `position_z`, `orientation`, `delay`, `move_type`, `action`, `action_chance`, `wpguid`) VALUES ('2026310', '1', '-1323.98', '1664.68', '68.3831', '0', '0', '0', NULL, '100', '0');
INSERT INTO waypoint_data (`id`, `point`, `position_x`, `position_y`, `position_z`, `orientation`, `delay`, `move_type`, `action`, `action_chance`, `wpguid`) VALUES ('2026310', '2', '-1333.38', '1659.42', '68.8099', '0', '1000', '0', NULL, '100', '0');
INSERT INTO waypoint_data (`id`, `point`, `position_x`, `position_y`, `position_z`, `orientation`, `delay`, `move_type`, `action`, `action_chance`, `wpguid`) VALUES ('2026310', '3', '-1323.98', '1664.68', '68.3831', '0', '0', '0', NULL, '100', '0');
INSERT INTO waypoint_data (`id`, `point`, `position_x`, `position_y`, `position_z`, `orientation`, `delay`, `move_type`, `action`, `action_chance`, `wpguid`) VALUES ('2026310', '4', '-1315.83', '1665.73', '66.9168', '0', '0', '0', NULL, '100', '0');
INSERT INTO waypoint_data (`id`, `point`, `position_x`, `position_y`, `position_z`, `orientation`, `delay`, `move_type`, `action`, `action_chance`, `wpguid`) VALUES ('2026310', '5', '-1306.47', '1667.61', '65.5496', '0', '0', '0', NULL, '100', '0');
INSERT INTO waypoint_data (`id`, `point`, `position_x`, `position_y`, `position_z`, `orientation`, `delay`, `move_type`, `action`, `action_chance`, `wpguid`) VALUES ('2026310', '6', '-1298.97', '1669.36', '66.7047', '0', '0', '0', NULL, '100', '0');
INSERT INTO waypoint_data (`id`, `point`, `position_x`, `position_y`, `position_z`, `orientation`, `delay`, `move_type`, `action`, `action_chance`, `wpguid`) VALUES ('2026310', '7', '-1286.14', '1672.78', '68.7473', '0', '0', '0', NULL, '100', '0');
INSERT INTO waypoint_data (`id`, `point`, `position_x`, `position_y`, `position_z`, `orientation`, `delay`, `move_type`, `action`, `action_chance`, `wpguid`) VALUES ('2026310', '8', '-1280.05', '1670.6', '68.7409', '0', '2000', '0', NULL, '100', '0');
INSERT INTO waypoint_data (`id`, `point`, `position_x`, `position_y`, `position_z`, `orientation`, `delay`, `move_type`, `action`, `action_chance`, `wpguid`) VALUES ('2026310', '9', '-1286.14', '1672.78', '68.7473', '0', '0', '0', NULL, '100', '0');
INSERT INTO waypoint_data (`id`, `point`, `position_x`, `position_y`, `position_z`, `orientation`, `delay`, `move_type`, `action`, `action_chance`, `wpguid`) VALUES ('2026310', '10', '-1298.97', '1669.36', '66.7047', '0', '0', '0', NULL, '100', '0');
INSERT INTO waypoint_data (`id`, `point`, `position_x`, `position_y`, `position_z`, `orientation`, `delay`, `move_type`, `action`, `action_chance`, `wpguid`) VALUES ('2026310', '11', '-1306.47', '1667.61', '65.5496', '0', '0', '0', NULL, '100', '0');
INSERT INTO waypoint_data (`id`, `point`, `position_x`, `position_y`, `position_z`, `orientation`, `delay`, `move_type`, `action`, `action_chance`, `wpguid`) VALUES ('2026310', '12', '-1315.83', '1665.73', '66.9168', '0', '0', '0', NULL, '100', '0');
INSERT INTO creature_addon (`spawnID`, `path_id`, `mount`, `bytes0`, `bytes1`, `bytes2`, `emote`, `auras`) VALUES ('202631', '2026310', '0', '0', '0', '1', '0', NULL);
INSERT INTO creature_entry (`spawnID`, `entry`) VALUES ('202630', '17264');
INSERT INTO creature (`spawnID`, `map`, `spawnMask`, `modelid`, `equipment_id`, `position_x`, `position_y`, `position_z`, `orientation`, `spawntimesecs`, `spawndist`, `currentwaypoint`, `curhealth`, `curmana`, `MovementType`, `unit_flags`, `pool_id`, `patch_min`, `patch_max`) VALUES ('202630', '543', '3', '0', '1', '-1281.01', '1625.67', '91.7014', '2.29593', '7200', '0', '0', '1', '0', '2', '0', '0', '0', '10');
INSERT INTO waypoint_data (`id`, `point`, `position_x`, `position_y`, `position_z`, `orientation`, `delay`, `move_type`, `action`, `action_chance`, `wpguid`) VALUES ('2026300', '1', '-1285.15', '1630.34', '91.7482', '0', '0', '0', NULL, '100', '0');
INSERT INTO waypoint_data (`id`, `point`, `position_x`, `position_y`, `position_z`, `orientation`, `delay`, `move_type`, `action`, `action_chance`, `wpguid`) VALUES ('2026300', '2', '-1301.8', '1634.16', '91.7466', '0', '0', '0', NULL, '100', '0');
INSERT INTO waypoint_data (`id`, `point`, `position_x`, `position_y`, `position_z`, `orientation`, `delay`, `move_type`, `action`, `action_chance`, `wpguid`) VALUES ('2026300', '3', '-1309.42', '1623.61', '91.7479', '0', '0', '0', NULL, '100', '0');
INSERT INTO waypoint_data (`id`, `point`, `position_x`, `position_y`, `position_z`, `orientation`, `delay`, `move_type`, `action`, `action_chance`, `wpguid`) VALUES ('2026300', '4', '-1314.9', '1608.32', '91.75', '0', '0', '0', NULL, '100', '0');
INSERT INTO waypoint_data (`id`, `point`, `position_x`, `position_y`, `position_z`, `orientation`, `delay`, `move_type`, `action`, `action_chance`, `wpguid`) VALUES ('2026300', '5', '-1310.76', '1595.71', '91.7593', '0', '0', '0', NULL, '100', '0');
INSERT INTO waypoint_data (`id`, `point`, `position_x`, `position_y`, `position_z`, `orientation`, `delay`, `move_type`, `action`, `action_chance`, `wpguid`) VALUES ('2026300', '6', '-1291.93', '1595.94', '91.7733', '0', '0', '0', NULL, '100', '0');
INSERT INTO waypoint_data (`id`, `point`, `position_x`, `position_y`, `position_z`, `orientation`, `delay`, `move_type`, `action`, `action_chance`, `wpguid`) VALUES ('2026300', '7', '-1278.64', '1605.2', '91.7631', '0', '0', '0', NULL, '100', '0');
INSERT INTO waypoint_data (`id`, `point`, `position_x`, `position_y`, `position_z`, `orientation`, `delay`, `move_type`, `action`, `action_chance`, `wpguid`) VALUES ('2026300', '8', '-1277.68', '1621.91', '91.7112', '0', '0', '0', NULL, '100', '0');
INSERT INTO creature_addon (`spawnID`, `path_id`, `mount`, `bytes0`, `bytes1`, `bytes2`, `emote`, `auras`) VALUES ('202630', '2026300', '0', '0', '0', '1', '0', NULL);
-- Trying to import formation for creature 202683, but the creature isn't in our db yet. Importing it now
INSERT INTO creature_entry (`spawnID`, `entry`) VALUES ('202683', '17280');
INSERT INTO creature (`spawnID`, `map`, `spawnMask`, `modelid`, `equipment_id`, `position_x`, `position_y`, `position_z`, `orientation`, `spawntimesecs`, `spawndist`, `currentwaypoint`, `curhealth`, `curmana`, `MovementType`, `unit_flags`, `pool_id`, `patch_min`, `patch_max`) VALUES ('202683', '543', '3', '0', '0', '-1278.64', '1627.33', '91.6788', '2.24578', '7200', '0', '0', '1', '0', '0', '0', '0', '0', '10');
-- Trying to import formation for creature 202685, but the creature isn't in our db yet. Importing it now
INSERT INTO creature_entry (`spawnID`, `entry`) VALUES ('202685', '17280');
INSERT INTO creature (`spawnID`, `map`, `spawnMask`, `modelid`, `equipment_id`, `position_x`, `position_y`, `position_z`, `orientation`, `spawntimesecs`, `spawndist`, `currentwaypoint`, `curhealth`, `curmana`, `MovementType`, `unit_flags`, `pool_id`, `patch_min`, `patch_max`) VALUES ('202685', '543', '3', '0', '0', '-1283.35', '1623.94', '91.7287', '2.35763', '7200', '0', '0', '1', '0', '0', '0', '0', '0', '10');
INSERT INTO creature_entry (`spawnID`, `entry`) VALUES ('202629', '17264');
INSERT INTO creature (`spawnID`, `map`, `spawnMask`, `modelid`, `equipment_id`, `position_x`, `position_y`, `position_z`, `orientation`, `spawntimesecs`, `spawndist`, `currentwaypoint`, `curhealth`, `curmana`, `MovementType`, `unit_flags`, `pool_id`, `patch_min`, `patch_max`) VALUES ('202629', '543', '3', '0', '1', '-1278.03', '1495.07', '68.5746', '2.05756', '7200', '0', '0', '1', '0', '2', '0', '0', '0', '10');
INSERT INTO waypoint_data (`id`, `point`, `position_x`, `position_y`, `position_z`, `orientation`, `delay`, `move_type`, `action`, `action_chance`, `wpguid`) VALUES ('2026290', '1', '-1293.92', '1535.08', '68.5991', '0', '0', '0', NULL, '100', '0');
INSERT INTO waypoint_data (`id`, `point`, `position_x`, `position_y`, `position_z`, `orientation`, `delay`, `move_type`, `action`, `action_chance`, `wpguid`) VALUES ('2026290', '2', '-1277.85', '1561.85', '68.5945', '0', '0', '0', NULL, '100', '0');
INSERT INTO waypoint_data (`id`, `point`, `position_x`, `position_y`, `position_z`, `orientation`, `delay`, `move_type`, `action`, `action_chance`, `wpguid`) VALUES ('2026290', '3', '-1293.92', '1535.08', '68.5991', '0', '0', '0', NULL, '100', '0');
INSERT INTO waypoint_data (`id`, `point`, `position_x`, `position_y`, `position_z`, `orientation`, `delay`, `move_type`, `action`, `action_chance`, `wpguid`) VALUES ('2026290', '4', '-1287.52', '1513', '68.5928', '0', '0', '0', NULL, '100', '0');
INSERT INTO waypoint_data (`id`, `point`, `position_x`, `position_y`, `position_z`, `orientation`, `delay`, `move_type`, `action`, `action_chance`, `wpguid`) VALUES ('2026290', '5', '-1274.74', '1488.85', '68.5772', '0', '0', '0', NULL, '100', '0');
INSERT INTO waypoint_data (`id`, `point`, `position_x`, `position_y`, `position_z`, `orientation`, `delay`, `move_type`, `action`, `action_chance`, `wpguid`) VALUES ('2026290', '6', '-1256.11', '1473.86', '68.5734', '0', '0', '0', NULL, '100', '0');
INSERT INTO waypoint_data (`id`, `point`, `position_x`, `position_y`, `position_z`, `orientation`, `delay`, `move_type`, `action`, `action_chance`, `wpguid`) VALUES ('2026290', '7', '-1237.41', '1461.11', '68.575', '0', '0', '0', NULL, '100', '0');
INSERT INTO waypoint_data (`id`, `point`, `position_x`, `position_y`, `position_z`, `orientation`, `delay`, `move_type`, `action`, `action_chance`, `wpguid`) VALUES ('2026290', '8', '-1256.11', '1473.86', '68.5734', '0', '0', '0', NULL, '100', '0');
INSERT INTO waypoint_data (`id`, `point`, `position_x`, `position_y`, `position_z`, `orientation`, `delay`, `move_type`, `action`, `action_chance`, `wpguid`) VALUES ('2026290', '9', '-1274.74', '1488.85', '68.5772', '0', '0', '0', NULL, '100', '0');
INSERT INTO waypoint_data (`id`, `point`, `position_x`, `position_y`, `position_z`, `orientation`, `delay`, `move_type`, `action`, `action_chance`, `wpguid`) VALUES ('2026290', '10', '-1287.52', '1513', '68.5928', '0', '0', '0', NULL, '100', '0');
INSERT INTO creature_addon (`spawnID`, `path_id`, `mount`, `bytes0`, `bytes1`, `bytes2`, `emote`, `auras`) VALUES ('202629', '2026290', '0', '0', '0', '1', '0', NULL);
-- Trying to import formation for creature 202681, but the creature isn't in our db yet. Importing it now
INSERT INTO creature_entry (`spawnID`, `entry`) VALUES ('202681', '17280');
INSERT INTO creature (`spawnID`, `map`, `spawnMask`, `modelid`, `equipment_id`, `position_x`, `position_y`, `position_z`, `orientation`, `spawntimesecs`, `spawndist`, `currentwaypoint`, `curhealth`, `curmana`, `MovementType`, `unit_flags`, `pool_id`, `patch_min`, `patch_max`) VALUES ('202681', '543', '3', '0', '0', '-1273.5', '1493.99', '68.5689', '1.94929', '7200', '0', '0', '1', '0', '0', '0', '0', '0', '10');
-- Trying to import formation for creature 202684, but the creature isn't in our db yet. Importing it now
INSERT INTO creature_entry (`spawnID`, `entry`) VALUES ('202684', '17280');
INSERT INTO creature (`spawnID`, `map`, `spawnMask`, `modelid`, `equipment_id`, `position_x`, `position_y`, `position_z`, `orientation`, `spawntimesecs`, `spawndist`, `currentwaypoint`, `curhealth`, `curmana`, `MovementType`, `unit_flags`, `pool_id`, `patch_min`, `patch_max`) VALUES ('202684', '543', '3', '0', '0', '-1279.7', '1490.75', '68.5807', '2.11044', '7200', '0', '0', '1', '0', '0', '0', '0', '0', '10');
INSERT INTO creature_entry (`spawnID`, `entry`) VALUES ('202628', '17264');
INSERT INTO creature (`spawnID`, `map`, `spawnMask`, `modelid`, `equipment_id`, `position_x`, `position_y`, `position_z`, `orientation`, `spawntimesecs`, `spawndist`, `currentwaypoint`, `curhealth`, `curmana`, `MovementType`, `unit_flags`, `pool_id`, `patch_min`, `patch_max`) VALUES ('202628', '543', '3', '0', '1', '-1273.38', '1668.04', '68.7214', '2.34277', '7200', '0', '0', '1', '0', '2', '0', '0', '0', '10');
INSERT INTO waypoint_data (`id`, `point`, `position_x`, `position_y`, `position_z`, `orientation`, `delay`, `move_type`, `action`, `action_chance`, `wpguid`) VALUES ('2026280', '1', '-1262.9', '1656.9', '67.687', '0', '0', '0', NULL, '100', '0');
INSERT INTO waypoint_data (`id`, `point`, `position_x`, `position_y`, `position_z`, `orientation`, `delay`, `move_type`, `action`, `action_chance`, `wpguid`) VALUES ('2026280', '2', '-1258.15', '1652.4', '67.937', '0', '0', '0', NULL, '100', '0');
INSERT INTO waypoint_data (`id`, `point`, `position_x`, `position_y`, `position_z`, `orientation`, `delay`, `move_type`, `action`, `action_chance`, `wpguid`) VALUES ('2026280', '3', '-1246.93', '1616.7', '68.5388', '0', '0', '0', NULL, '100', '0');
INSERT INTO waypoint_data (`id`, `point`, `position_x`, `position_y`, `position_z`, `orientation`, `delay`, `move_type`, `action`, `action_chance`, `wpguid`) VALUES ('2026280', '4', '-1240.43', '1597.45', '68.2888', '0', '2000', '0', NULL, '100', '0');
INSERT INTO waypoint_data (`id`, `point`, `position_x`, `position_y`, `position_z`, `orientation`, `delay`, `move_type`, `action`, `action_chance`, `wpguid`) VALUES ('2026280', '5', '-1246.93', '1616.7', '68.5388', '0', '0', '0', NULL, '100', '0');
INSERT INTO waypoint_data (`id`, `point`, `position_x`, `position_y`, `position_z`, `orientation`, `delay`, `move_type`, `action`, `action_chance`, `wpguid`) VALUES ('2026280', '6', '-1258.15', '1652.4', '67.937', '0', '0', '0', NULL, '100', '0');
INSERT INTO waypoint_data (`id`, `point`, `position_x`, `position_y`, `position_z`, `orientation`, `delay`, `move_type`, `action`, `action_chance`, `wpguid`) VALUES ('2026280', '7', '-1262.9', '1656.9', '67.687', '0', '0', '0', NULL, '100', '0');
INSERT INTO waypoint_data (`id`, `point`, `position_x`, `position_y`, `position_z`, `orientation`, `delay`, `move_type`, `action`, `action_chance`, `wpguid`) VALUES ('2026280', '8', '-1273.38', '1668.04', '68.7214', '0', '2000', '0', NULL, '100', '0');
INSERT INTO creature_addon (`spawnID`, `path_id`, `mount`, `bytes0`, `bytes1`, `bytes2`, `emote`, `auras`) VALUES ('202628', '2026280', '0', '0', '0', '1', '0', NULL);
-- Trying to import formation for creature 202680, but the creature isn't in our db yet. Importing it now
INSERT INTO creature_entry (`spawnID`, `entry`) VALUES ('202680', '17280');
INSERT INTO creature (`spawnID`, `map`, `spawnMask`, `modelid`, `equipment_id`, `position_x`, `position_y`, `position_z`, `orientation`, `spawntimesecs`, `spawndist`, `currentwaypoint`, `curhealth`, `curmana`, `MovementType`, `unit_flags`, `pool_id`, `patch_min`, `patch_max`) VALUES ('202680', '543', '3', '0', '0', '-1270.88', '1670.48', '68.6062', '2.34274', '7200', '0', '0', '1', '0', '0', '0', '0', '0', '10');
-- Trying to import formation for creature 202682, but the creature isn't in our db yet. Importing it now
INSERT INTO creature_entry (`spawnID`, `entry`) VALUES ('202682', '17280');
INSERT INTO creature (`spawnID`, `map`, `spawnMask`, `modelid`, `equipment_id`, `position_x`, `position_y`, `position_z`, `orientation`, `spawntimesecs`, `spawndist`, `currentwaypoint`, `curhealth`, `curmana`, `MovementType`, `unit_flags`, `pool_id`, `patch_min`, `patch_max`) VALUES ('202682', '543', '3', '0', '0', '-1275.89', '1665.6', '68.8366', '2.34275', '7200', '0', '0', '1', '0', '0', '0', '0', '0', '10');
INSERT INTO creature_entry (`spawnID`, `entry`) VALUES ('202627', '17264');
INSERT INTO creature (`spawnID`, `map`, `spawnMask`, `modelid`, `equipment_id`, `position_x`, `position_y`, `position_z`, `orientation`, `spawntimesecs`, `spawndist`, `currentwaypoint`, `curhealth`, `curmana`, `MovementType`, `unit_flags`, `pool_id`, `patch_min`, `patch_max`) VALUES ('202627', '543', '3', '0', '1', '-1222.95', '1452.48', '68.5799', '3.31472', '7200', '0', '0', '1', '0', '2', '0', '0', '0', '10');
INSERT INTO waypoint_data (`id`, `point`, `position_x`, `position_y`, `position_z`, `orientation`, `delay`, `move_type`, `action`, `action_chance`, `wpguid`) VALUES ('2026270', '1', '-1236.78', '1455.89', '68.5809', '0', '0', '0', NULL, '100', '0');
INSERT INTO waypoint_data (`id`, `point`, `position_x`, `position_y`, `position_z`, `orientation`, `delay`, `move_type`, `action`, `action_chance`, `wpguid`) VALUES ('2026270', '2', '-1240.87', '1452.26', '68.5866', '0', '0', '0', NULL, '100', '0');
INSERT INTO waypoint_data (`id`, `point`, `position_x`, `position_y`, `position_z`, `orientation`, `delay`, `move_type`, `action`, `action_chance`, `wpguid`) VALUES ('2026270', '3', '-1241.62', '1449.76', '68.0866', '0', '0', '0', NULL, '100', '0');
INSERT INTO waypoint_scripts (`id`, `delay`, `command`, `datalong`, `datalong2`, `dataint`, `x`, `y`, `z`, `o`) VALUES ('2026270', '0', '30', '0', '0', '0', '0', '0', '0', '5.11381');
INSERT INTO waypoint_data (`id`, `point`, `position_x`, `position_y`, `position_z`, `orientation`, `delay`, `move_type`, `action`, `action_chance`, `wpguid`) VALUES ('2026270', '4', '-1240.38', '1447.16', '68.5923', '0', '16000', '0', '2026270', '100', '0');
INSERT INTO waypoint_data (`id`, `point`, `position_x`, `position_y`, `position_z`, `orientation`, `delay`, `move_type`, `action`, `action_chance`, `wpguid`) VALUES ('2026270', '5', '-1241.44', '1449.27', '68.5903', '0', '0', '0', NULL, '100', '0');
INSERT INTO waypoint_data (`id`, `point`, `position_x`, `position_y`, `position_z`, `orientation`, `delay`, `move_type`, `action`, `action_chance`, `wpguid`) VALUES ('2026270', '6', '-1226.05', '1446.74', '68.5877', '0', '0', '0', NULL, '100', '0');
INSERT INTO waypoint_data (`id`, `point`, `position_x`, `position_y`, `position_z`, `orientation`, `delay`, `move_type`, `action`, `action_chance`, `wpguid`) VALUES ('2026270', '7', '-1221.3', '1443.24', '68.0877', '0', '0', '0', NULL, '100', '0');
INSERT INTO waypoint_data (`id`, `point`, `position_x`, `position_y`, `position_z`, `orientation`, `delay`, `move_type`, `action`, `action_chance`, `wpguid`) VALUES ('2026270', '8', '-1208.82', '1451.27', '68.0602', '0', '0', '0', NULL, '100', '0');
INSERT INTO waypoint_data (`id`, `point`, `position_x`, `position_y`, `position_z`, `orientation`, `delay`, `move_type`, `action`, `action_chance`, `wpguid`) VALUES ('2026270', '9', '-1188.21', '1444.82', '68.4895', '0', '0', '0', NULL, '100', '0');
INSERT INTO waypoint_scripts (`id`, `delay`, `command`, `datalong`, `datalong2`, `dataint`, `x`, `y`, `z`, `o`) VALUES ('2026271', '0', '30', '0', '0', '0', '0', '0', '0', '4.79965');
INSERT INTO waypoint_data (`id`, `point`, `position_x`, `position_y`, `position_z`, `orientation`, `delay`, `move_type`, `action`, `action_chance`, `wpguid`) VALUES ('2026270', '10', '-1181.62', '1438.73', '68.4753', '0', '16000', '0', '2026271', '100', '0');
INSERT INTO waypoint_data (`id`, `point`, `position_x`, `position_y`, `position_z`, `orientation`, `delay`, `move_type`, `action`, `action_chance`, `wpguid`) VALUES ('2026270', '11', '-1182.4', '1439.08', '68.478', '0', '0', '0', NULL, '100', '0');
INSERT INTO waypoint_data (`id`, `point`, `position_x`, `position_y`, `position_z`, `orientation`, `delay`, `move_type`, `action`, `action_chance`, `wpguid`) VALUES ('2026270', '12', '-1185.33', '1447.24', '68.4403', '0', '0', '0', NULL, '100', '0');
INSERT INTO waypoint_data (`id`, `point`, `position_x`, `position_y`, `position_z`, `orientation`, `delay`, `move_type`, `action`, `action_chance`, `wpguid`) VALUES ('2026270', '13', '-1207.29', '1456.89', '68.273', '0', '0', '0', NULL, '100', '0');
INSERT INTO waypoint_data (`id`, `point`, `position_x`, `position_y`, `position_z`, `orientation`, `delay`, `move_type`, `action`, `action_chance`, `wpguid`) VALUES ('2026270', '14', '-1222.95', '1452.48', '68.5799', '0', '0', '0', NULL, '100', '0');
INSERT INTO creature_addon (`spawnID`, `path_id`, `mount`, `bytes0`, `bytes1`, `bytes2`, `emote`, `auras`) VALUES ('202627', '2026270', '0', '0', '0', '1', '0', NULL);
INSERT INTO creature_entry (`spawnID`, `entry`) VALUES ('202625', '17264');
INSERT INTO creature (`spawnID`, `map`, `spawnMask`, `modelid`, `equipment_id`, `position_x`, `position_y`, `position_z`, `orientation`, `spawntimesecs`, `spawndist`, `currentwaypoint`, `curhealth`, `curmana`, `MovementType`, `unit_flags`, `pool_id`, `patch_min`, `patch_max`) VALUES ('202625', '543', '3', '0', '1', '-1158.78', '1472.88', '68.4177', '4.13872', '7200', '0', '0', '1', '0', '2', '0', '0', '0', '10');
INSERT INTO waypoint_data (`id`, `point`, `position_x`, `position_y`, `position_z`, `orientation`, `delay`, `move_type`, `action`, `action_chance`, `wpguid`) VALUES ('2026250', '1', '-1164.93', '1463.36', '68.4186', '0', '0', '0', NULL, '100', '0');
INSERT INTO waypoint_data (`id`, `point`, `position_x`, `position_y`, `position_z`, `orientation`, `delay`, `move_type`, `action`, `action_chance`, `wpguid`) VALUES ('2026250', '2', '-1175.44', '1456.65', '68.4294', '0', '0', '0', NULL, '100', '0');
INSERT INTO waypoint_data (`id`, `point`, `position_x`, `position_y`, `position_z`, `orientation`, `delay`, `move_type`, `action`, `action_chance`, `wpguid`) VALUES ('2026250', '3', '-1183.77', '1461.04', '68.4446', '0', '0', '0', NULL, '100', '0');
INSERT INTO waypoint_data (`id`, `point`, `position_x`, `position_y`, `position_z`, `orientation`, `delay`, `move_type`, `action`, `action_chance`, `wpguid`) VALUES ('2026250', '4', '-1183.52', '1471.18', '68.4517', '0', '0', '0', NULL, '100', '0');
INSERT INTO waypoint_data (`id`, `point`, `position_x`, `position_y`, `position_z`, `orientation`, `delay`, `move_type`, `action`, `action_chance`, `wpguid`) VALUES ('2026250', '5', '-1185.35', '1473.99', '68.4565', '0', '0', '0', NULL, '100', '0');
INSERT INTO waypoint_scripts (`id`, `delay`, `command`, `datalong`, `datalong2`, `dataint`, `x`, `y`, `z`, `o`) VALUES ('2026250', '0', '30', '0', '0', '0', '0', '0', '0', '2.33874');
INSERT INTO waypoint_data (`id`, `point`, `position_x`, `position_y`, `position_z`, `orientation`, `delay`, `move_type`, `action`, `action_chance`, `wpguid`) VALUES ('2026250', '6', '-1190.77', '1474.87', '68.465', '0', '30000', '0', '2026250', '100', '0');
INSERT INTO waypoint_data (`id`, `point`, `position_x`, `position_y`, `position_z`, `orientation`, `delay`, `move_type`, `action`, `action_chance`, `wpguid`) VALUES ('2026250', '7', '-1184.58', '1472.61', '68.4543', '0', '0', '0', NULL, '100', '0');
INSERT INTO waypoint_data (`id`, `point`, `position_x`, `position_y`, `position_z`, `orientation`, `delay`, `move_type`, `action`, `action_chance`, `wpguid`) VALUES ('2026250', '8', '-1180.19', '1465.73', '68.4429', '0', '0', '0', NULL, '100', '0');
INSERT INTO waypoint_data (`id`, `point`, `position_x`, `position_y`, `position_z`, `orientation`, `delay`, `move_type`, `action`, `action_chance`, `wpguid`) VALUES ('2026250', '9', '-1173.52', '1462.26', '68.4307', '0', '0', '0', NULL, '100', '0');
INSERT INTO waypoint_data (`id`, `point`, `position_x`, `position_y`, `position_z`, `orientation`, `delay`, `move_type`, `action`, `action_chance`, `wpguid`) VALUES ('2026250', '10', '-1167.04', '1463.89', '68.422', '0', '0', '0', NULL, '100', '0');
INSERT INTO waypoint_data (`id`, `point`, `position_x`, `position_y`, `position_z`, `orientation`, `delay`, `move_type`, `action`, `action_chance`, `wpguid`) VALUES ('2026250', '11', '-1161.62', '1472.37', '68.4213', '0', '0', '0', NULL, '100', '0');
INSERT INTO waypoint_scripts (`id`, `delay`, `command`, `datalong`, `datalong2`, `dataint`, `x`, `y`, `z`, `o`) VALUES ('2026251', '0', '30', '0', '0', '0', '0', '0', '0', '0.191986');
INSERT INTO waypoint_data (`id`, `point`, `position_x`, `position_y`, `position_z`, `orientation`, `delay`, `move_type`, `action`, `action_chance`, `wpguid`) VALUES ('2026250', '12', '-1157.76', '1475.33', '68.4182', '0', '30000', '0', '2026251', '100', '0');
INSERT INTO creature_addon (`spawnID`, `path_id`, `mount`, `bytes0`, `bytes1`, `bytes2`, `emote`, `auras`) VALUES ('202625', '2026250', '0', '0', '0', '1', '0', NULL);
DELETE ce, c1, c2, sg FROM creature_entry ce LEFT JOIN conditions c1 ON c1.ConditionValue3 = 1061402 AND c1.ConditionTypeOrReference = 31 LEFT JOIN conditions c2 ON c1.SourceEntry = -1061402 AND c2.SourceTypeOrReferenceId = 22 LEFT JOIN spawn_group sg ON sg.spawnID = 1061402 AND spawnType = 0 WHERE ce.spawnID = 1061402;
DELETE ce, c1, c2, sg FROM creature_entry ce LEFT JOIN conditions c1 ON c1.ConditionValue3 = 1061403 AND c1.ConditionTypeOrReference = 31 LEFT JOIN conditions c2 ON c1.SourceEntry = -1061403 AND c2.SourceTypeOrReferenceId = 22 LEFT JOIN spawn_group sg ON sg.spawnID = 1061403 AND spawnType = 0 WHERE ce.spawnID = 1061403;
-- Formations
DELETE FROM creature_formations WHERE memberGUID = 202630;
INSERT INTO creature_formations (`leaderGUID`, `memberGUID`, `dist`, `groupAI`, `angle`) VALUES (NULL, '202630', '0', '2', '0');
DELETE FROM creature_formations WHERE memberGUID = 202683;
INSERT INTO creature_formations (`leaderGUID`, `memberGUID`, `dist`, `groupAI`, `angle`) VALUES ('202630', '202683', '3', '2', '1.7453292519943');
DELETE FROM creature_formations WHERE memberGUID = 202685;
INSERT INTO creature_formations (`leaderGUID`, `memberGUID`, `dist`, `groupAI`, `angle`) VALUES ('202630', '202685', '3', '2', '4.5378560551853');
DELETE FROM creature_formations WHERE memberGUID = 202629;
INSERT INTO creature_formations (`leaderGUID`, `memberGUID`, `dist`, `groupAI`, `angle`) VALUES (NULL, '202629', '0', '2', '0');
DELETE FROM creature_formations WHERE memberGUID = 202681;
INSERT INTO creature_formations (`leaderGUID`, `memberGUID`, `dist`, `groupAI`, `angle`) VALUES ('202629', '202681', '3', '2', '1.7453292519943');
DELETE FROM creature_formations WHERE memberGUID = 202684;
INSERT INTO creature_formations (`leaderGUID`, `memberGUID`, `dist`, `groupAI`, `angle`) VALUES ('202629', '202684', '3', '2', '4.5378560551853');
DELETE FROM creature_formations WHERE memberGUID = 202628;
INSERT INTO creature_formations (`leaderGUID`, `memberGUID`, `dist`, `groupAI`, `angle`) VALUES (NULL, '202628', '0', '2', '0');
DELETE FROM creature_formations WHERE memberGUID = 202680;
INSERT INTO creature_formations (`leaderGUID`, `memberGUID`, `dist`, `groupAI`, `angle`) VALUES ('202628', '202680', '3', '2', '4.5378560551853');
DELETE FROM creature_formations WHERE memberGUID = 202682;
INSERT INTO creature_formations (`leaderGUID`, `memberGUID`, `dist`, `groupAI`, `angle`) VALUES ('202628', '202682', '3', '2', '1.7453292519943');


-- Importing creature spawn with guid 202625 with import type REPLACE_ALL


