-- Pirates day event

UPDATE game_event SET start_time = "2017-09-19 00:01:00", end_time = "2020-12-31 05:00:00", occurence = 525600, length = 1440 WHERE entry = 80;

replace into `broadcast_text` (`ID`, `Language`, `MaleText`, `FemaleText`, `EmoteID0`, `EmoteID1`, `EmoteID2`, `EmoteDelay0`, `EmoteDelay1`, `EmoteDelay2`, `SoundId`, `Unk1`, `Unk2`, `VerifiedBuild`) values('16122','0','I have just the thing you need to cast your spell.','','1','0','0','0','0','0','0','0','1','18019');
replace into `broadcast_text` (`ID`, `Language`, `MaleText`, `FemaleText`, `EmoteID0`, `EmoteID1`, `EmoteID2`, `EmoteDelay0`, `EmoteDelay1`, `EmoteDelay2`, `SoundId`, `Unk1`, `Unk2`, `VerifiedBuild`) values('27471','0','','Ahoy! It\'s Pirates\' Day, ye know... and \'til the sun rises on the morrow, Booty Bay is MINE.','1','0','0','0','0','0','0','0','1','18019');
replace into `broadcast_text` (`ID`, `Language`, `MaleText`, `FemaleText`, `EmoteID0`, `EmoteID1`, `EmoteID2`, `EmoteDelay0`, `EmoteDelay1`, `EmoteDelay2`, `SoundId`, `Unk1`, `Unk2`, `VerifiedBuild`) values('27453','0','Ahoy, me hearty!$B$BToday\'s OUR day, ye know... PIRATES\' DAY!$B$BOl\' Chumbucket and I came up with the idea, and once the Dread Captain heard of it... well, here we are!','','396','5','396','0','3','2','0','0','1','18019');
replace into `broadcast_text` (`ID`, `Language`, `MaleText`, `FemaleText`, `EmoteID0`, `EmoteID1`, `EmoteID2`, `EmoteDelay0`, `EmoteDelay1`, `EmoteDelay2`, `SoundId`, `Unk1`, `Unk2`, `VerifiedBuild`) values('27454','0','Tomorrow, the baron gets his town back... but for today - Pirates\' Day - it belongs to the Dread Captain DeMeza and her crew. Yarrr!$B$BAnd remember: lookin\' the part\'s only HALF the celebration. Talk like a pirate, $glad:lass;!','','396','15','396','0','3','2','0','0','1','18019');
replace into `broadcast_text` (`ID`, `Language`, `MaleText`, `FemaleText`, `EmoteID0`, `EmoteID1`, `EmoteID2`, `EmoteDelay0`, `EmoteDelay1`, `EmoteDelay2`, `SoundId`, `Unk1`, `Unk2`, `VerifiedBuild`) values('27455','0','Hapana simply grunts and waves you away towards the Dread Captain DeMeza.$B$BBeneath the fur of one massive arm can be seen a tattoo of the word \"MAGATHA\" in an arrow-pierced heart.','','274','0','0','0','0','0','0','0','1','18019');
replace into `broadcast_text` (`ID`, `Language`, `MaleText`, `FemaleText`, `EmoteID0`, `EmoteID1`, `EmoteID2`, `EmoteDelay0`, `EmoteDelay1`, `EmoteDelay2`, `SoundId`, `Unk1`, `Unk2`, `VerifiedBuild`) values('27463','0','Here\'s to you, Dread Captain! Make me a pirate for the day.','Here\'s to you, Dread Captain! Make me a pirate for the day.','0','0','0','0','0','0','0','0','1','18019');

replace into `gossip_text` (`ID`, `text0_0`, `text0_1`, `BroadcastTextID0`, `lang0`, `prob0`, `em0_0`, `em0_1`, `em0_2`, `em0_3`, `em0_4`, `em0_5`, `text1_0`, `text1_1`, `BroadcastTextID1`, `lang1`, `prob1`, `em1_0`, `em1_1`, `em1_2`, `em1_3`, `em1_4`, `em1_5`, `text2_0`, `text2_1`, `BroadcastTextID2`, `lang2`, `prob2`, `em2_0`, `em2_1`, `em2_2`, `em2_3`, `em2_4`, `em2_5`, `text3_0`, `text3_1`, `BroadcastTextID3`, `lang3`, `prob3`, `em3_0`, `em3_1`, `em3_2`, `em3_3`, `em3_4`, `em3_5`, `text4_0`, `text4_1`, `BroadcastTextID4`, `lang4`, `prob4`, `em4_0`, `em4_1`, `em4_2`, `em4_3`, `em4_4`, `em4_5`, `text5_0`, `text5_1`, `BroadcastTextID5`, `lang5`, `prob5`, `em5_0`, `em5_1`, `em5_2`, `em5_3`, `em5_4`, `em5_5`, `text6_0`, `text6_1`, `BroadcastTextID6`, `lang6`, `prob6`, `em6_0`, `em6_1`, `em6_2`, `em6_3`, `em6_4`, `em6_5`, `text7_0`, `text7_1`, `BroadcastTextID7`, `lang7`, `prob7`, `em7_0`, `em7_1`, `em7_2`, `em7_3`, `em7_4`, `em7_5`) values('964','I have just the thing you need to cast your spell.','','16122','0','1','0','1','0','0','0','0','','','0','0','0','0','0','0','0','0','0','','','0','0','0','0','0','0','0','0','0','','','0','0','0','0','0','0','0','0','0','','','0','0','0','0','0','0','0','0','0','','','0','0','0','0','0','0','0','0','0','','','0','0','0','0','0','0','0','0','0','','','0','0','0','0','0','0','0','0','0');
replace into `gossip_text` (`ID`, `text0_0`, `text0_1`, `BroadcastTextID0`, `lang0`, `prob0`, `em0_0`, `em0_1`, `em0_2`, `em0_3`, `em0_4`, `em0_5`, `text1_0`, `text1_1`, `BroadcastTextID1`, `lang1`, `prob1`, `em1_0`, `em1_1`, `em1_2`, `em1_3`, `em1_4`, `em1_5`, `text2_0`, `text2_1`, `BroadcastTextID2`, `lang2`, `prob2`, `em2_0`, `em2_1`, `em2_2`, `em2_3`, `em2_4`, `em2_5`, `text3_0`, `text3_1`, `BroadcastTextID3`, `lang3`, `prob3`, `em3_0`, `em3_1`, `em3_2`, `em3_3`, `em3_4`, `em3_5`, `text4_0`, `text4_1`, `BroadcastTextID4`, `lang4`, `prob4`, `em4_0`, `em4_1`, `em4_2`, `em4_3`, `em4_4`, `em4_5`, `text5_0`, `text5_1`, `BroadcastTextID5`, `lang5`, `prob5`, `em5_0`, `em5_1`, `em5_2`, `em5_3`, `em5_4`, `em5_5`, `text6_0`, `text6_1`, `BroadcastTextID6`, `lang6`, `prob6`, `em6_0`, `em6_1`, `em6_2`, `em6_3`, `em6_4`, `em6_5`, `text7_0`, `text7_1`, `BroadcastTextID7`, `lang7`, `prob7`, `em7_0`, `em7_1`, `em7_2`, `em7_3`, `em7_4`, `em7_5`) values('13059','','Ahoy! It\'s Pirates\' Day, ye know... and \'til the sun rises on the morrow, Booty Bay is MINE$B$BSo! What do ye say? Raise a drink ta me and me crew, and join the celebration?.','27471','0','1','0','1','0','0','0','0','','','0','0','0','0','0','0','0','0','0','','','0','0','0','0','0','0','0','0','0','','','0','0','0','0','0','0','0','0','0','','','0','0','0','0','0','0','0','0','0','','','0','0','0','0','0','0','0','0','0','','','0','0','0','0','0','0','0','0','0','','','0','0','0','0','0','0','0','0','0');
replace into `gossip_text` (`ID`, `text0_0`, `text0_1`, `BroadcastTextID0`, `lang0`, `prob0`, `em0_0`, `em0_1`, `em0_2`, `em0_3`, `em0_4`, `em0_5`, `text1_0`, `text1_1`, `BroadcastTextID1`, `lang1`, `prob1`, `em1_0`, `em1_1`, `em1_2`, `em1_3`, `em1_4`, `em1_5`, `text2_0`, `text2_1`, `BroadcastTextID2`, `lang2`, `prob2`, `em2_0`, `em2_1`, `em2_2`, `em2_3`, `em2_4`, `em2_5`, `text3_0`, `text3_1`, `BroadcastTextID3`, `lang3`, `prob3`, `em3_0`, `em3_1`, `em3_2`, `em3_3`, `em3_4`, `em3_5`, `text4_0`, `text4_1`, `BroadcastTextID4`, `lang4`, `prob4`, `em4_0`, `em4_1`, `em4_2`, `em4_3`, `em4_4`, `em4_5`, `text5_0`, `text5_1`, `BroadcastTextID5`, `lang5`, `prob5`, `em5_0`, `em5_1`, `em5_2`, `em5_3`, `em5_4`, `em5_5`, `text6_0`, `text6_1`, `BroadcastTextID6`, `lang6`, `prob6`, `em6_0`, `em6_1`, `em6_2`, `em6_3`, `em6_4`, `em6_5`, `text7_0`, `text7_1`, `BroadcastTextID7`, `lang7`, `prob7`, `em7_0`, `em7_1`, `em7_2`, `em7_3`, `em7_4`, `em7_5`) values('13065','','Ahoy! It\'s Pirates\' Day, ye know... and \'til the sun rises on the morrow, Booty Bay is MINE.','27471','0','1','0','1','0','0','0','0','','','0','0','0','0','0','0','0','0','0','','','0','0','0','0','0','0','0','0','0','','','0','0','0','0','0','0','0','0','0','','','0','0','0','0','0','0','0','0','0','','','0','0','0','0','0','0','0','0','0','','','0','0','0','0','0','0','0','0','0','','','0','0','0','0','0','0','0','0','0');
replace into `gossip_text` (`ID`, `text0_0`, `text0_1`, `BroadcastTextID0`, `lang0`, `prob0`, `em0_0`, `em0_1`, `em0_2`, `em0_3`, `em0_4`, `em0_5`, `text1_0`, `text1_1`, `BroadcastTextID1`, `lang1`, `prob1`, `em1_0`, `em1_1`, `em1_2`, `em1_3`, `em1_4`, `em1_5`, `text2_0`, `text2_1`, `BroadcastTextID2`, `lang2`, `prob2`, `em2_0`, `em2_1`, `em2_2`, `em2_3`, `em2_4`, `em2_5`, `text3_0`, `text3_1`, `BroadcastTextID3`, `lang3`, `prob3`, `em3_0`, `em3_1`, `em3_2`, `em3_3`, `em3_4`, `em3_5`, `text4_0`, `text4_1`, `BroadcastTextID4`, `lang4`, `prob4`, `em4_0`, `em4_1`, `em4_2`, `em4_3`, `em4_4`, `em4_5`, `text5_0`, `text5_1`, `BroadcastTextID5`, `lang5`, `prob5`, `em5_0`, `em5_1`, `em5_2`, `em5_3`, `em5_4`, `em5_5`, `text6_0`, `text6_1`, `BroadcastTextID6`, `lang6`, `prob6`, `em6_0`, `em6_1`, `em6_2`, `em6_3`, `em6_4`, `em6_5`, `text7_0`, `text7_1`, `BroadcastTextID7`, `lang7`, `prob7`, `em7_0`, `em7_1`, `em7_2`, `em7_3`, `em7_4`, `em7_5`) values('13055','Ahoy, me hearty!$B$BToday\'s OUR day, ye know... PIRATES\' DAY!$B$BOl\' Chumbucket and I came up with the idea, and once the Dread Captain heard of it... well, here we are!','','27453','0','1','0','396','3','5','2','396','','','0','0','0','0','0','0','0','0','0','','','0','0','0','0','0','0','0','0','0','','','0','0','0','0','0','0','0','0','0','','','0','0','0','0','0','0','0','0','0','','','0','0','0','0','0','0','0','0','0','','','0','0','0','0','0','0','0','0','0','','','0','0','0','0','0','0','0','0','0');
replace into `gossip_text` (`ID`, `text0_0`, `text0_1`, `BroadcastTextID0`, `lang0`, `prob0`, `em0_0`, `em0_1`, `em0_2`, `em0_3`, `em0_4`, `em0_5`, `text1_0`, `text1_1`, `BroadcastTextID1`, `lang1`, `prob1`, `em1_0`, `em1_1`, `em1_2`, `em1_3`, `em1_4`, `em1_5`, `text2_0`, `text2_1`, `BroadcastTextID2`, `lang2`, `prob2`, `em2_0`, `em2_1`, `em2_2`, `em2_3`, `em2_4`, `em2_5`, `text3_0`, `text3_1`, `BroadcastTextID3`, `lang3`, `prob3`, `em3_0`, `em3_1`, `em3_2`, `em3_3`, `em3_4`, `em3_5`, `text4_0`, `text4_1`, `BroadcastTextID4`, `lang4`, `prob4`, `em4_0`, `em4_1`, `em4_2`, `em4_3`, `em4_4`, `em4_5`, `text5_0`, `text5_1`, `BroadcastTextID5`, `lang5`, `prob5`, `em5_0`, `em5_1`, `em5_2`, `em5_3`, `em5_4`, `em5_5`, `text6_0`, `text6_1`, `BroadcastTextID6`, `lang6`, `prob6`, `em6_0`, `em6_1`, `em6_2`, `em6_3`, `em6_4`, `em6_5`, `text7_0`, `text7_1`, `BroadcastTextID7`, `lang7`, `prob7`, `em7_0`, `em7_1`, `em7_2`, `em7_3`, `em7_4`, `em7_5`) values('13056','Tomorrow, the baron gets his town back... but for today - Pirates\' Day - it belongs to the Dread Captain DeMeza and her crew. Yarrr!$B$BAnd remember: lookin\' the part\'s only HALF the celebration. Talk like a pirate, $glad:lass,!','','27454','0','1','0','396','3','15','2','396','','','0','0','0','0','0','0','0','0','0','','','0','0','0','0','0','0','0','0','0','','','0','0','0','0','0','0','0','0','0','','','0','0','0','0','0','0','0','0','0','','','0','0','0','0','0','0','0','0','0','','','0','0','0','0','0','0','0','0','0','','','0','0','0','0','0','0','0','0','0');
replace into `gossip_text` (`ID`, `text0_0`, `text0_1`, `BroadcastTextID0`, `lang0`, `prob0`, `em0_0`, `em0_1`, `em0_2`, `em0_3`, `em0_4`, `em0_5`, `text1_0`, `text1_1`, `BroadcastTextID1`, `lang1`, `prob1`, `em1_0`, `em1_1`, `em1_2`, `em1_3`, `em1_4`, `em1_5`, `text2_0`, `text2_1`, `BroadcastTextID2`, `lang2`, `prob2`, `em2_0`, `em2_1`, `em2_2`, `em2_3`, `em2_4`, `em2_5`, `text3_0`, `text3_1`, `BroadcastTextID3`, `lang3`, `prob3`, `em3_0`, `em3_1`, `em3_2`, `em3_3`, `em3_4`, `em3_5`, `text4_0`, `text4_1`, `BroadcastTextID4`, `lang4`, `prob4`, `em4_0`, `em4_1`, `em4_2`, `em4_3`, `em4_4`, `em4_5`, `text5_0`, `text5_1`, `BroadcastTextID5`, `lang5`, `prob5`, `em5_0`, `em5_1`, `em5_2`, `em5_3`, `em5_4`, `em5_5`, `text6_0`, `text6_1`, `BroadcastTextID6`, `lang6`, `prob6`, `em6_0`, `em6_1`, `em6_2`, `em6_3`, `em6_4`, `em6_5`, `text7_0`, `text7_1`, `BroadcastTextID7`, `lang7`, `prob7`, `em7_0`, `em7_1`, `em7_2`, `em7_3`, `em7_4`, `em7_5`) values('13057','Hapana simply grunts and waves you away towards the Dread Captain DeMeza.$B$BBeneath the fur of one massive arm can be seen a tattoo of the word \"MAGATHA\" in an arrow-pierced heart.','','27455','0','1','0','274','0','0','0','0','','','0','0','0','0','0','0','0','0','0','','','0','0','0','0','0','0','0','0','0','','','0','0','0','0','0','0','0','0','0','','','0','0','0','0','0','0','0','0','0','','','0','0','0','0','0','0','0','0','0','','','0','0','0','0','0','0','0','0','0','','','0','0','0','0','0','0','0','0','0');

replace into `gossip_menu` (`entry`, `text_id`) values('964','13059'); -- 9647
replace into `gossip_menu` (`entry`, `text_id`) values('964','13065');
replace into `gossip_menu` (`entry`, `text_id`) values('965','13055'); -- 9643
replace into `gossip_menu` (`entry`, `text_id`) values('966','13056'); -- 9644
replace into `gossip_menu` (`entry`, `text_id`) values('967','13057'); -- 9645

replace into `gossip_menu_option` values('964','0','0','Here\'s to you. Dread Captain! Make me a pirate for the day.','27463','1','1',NULL,'0','0','0',NULL,'0');

replace into `creature_template` (`entry`, `difficulty_entry_1`, `modelid1`, `name`, `subname`, `IconName`, `gossip_menu_id`, `minlevel`, `maxlevel`, `exp`, `faction`, `npcflag`, `speed_walk`, `speed_run`, `scale`, `rank`, `dmgschool`, `BaseAttackTime`, `RangeAttackTime`, `BaseVariance`, `RangeVariance`, `unit_class`, `unit_flags`, `unit_flags2`, `dynamicflags`, `family`, `trainer_type`, `trainer_spell`, `trainer_class`, `trainer_race`, `type`, `type_flags`, `resistance1`, `resistance2`, `resistance3`, `resistance4`, `resistance5`, `resistance6`, `PetSpellDataId`, `mingold`, `maxgold`, `AIName`, `MovementType`, `HealthModifier`, `ManaModifier`, `ArmorModifier`, `DamageModifier`, `ExperienceModifier`, `RacialLeader`, `RegenHealth`, `mechanic_immune_mask`, `spell_school_immune_mask`, `flags_extra`, `ScriptName`) values('28049','0','25055','First Mate Hapana','','','967','68','68','0','35','1','1','1.14286','1','0','0','2000','2000','1','1','1','33536','2048','0','0','0','0','0','0','7','0','0','0','0','0','0','0','0','0','0','','0','1','1','1','1','1','0','1','0','0','0','');
replace into `creature_template` (`entry`, `difficulty_entry_1`, `modelid1`, `name`, `subname`, `IconName`, `gossip_menu_id`, `minlevel`, `maxlevel`, `exp`, `faction`, `npcflag`, `speed_walk`, `speed_run`, `scale`, `rank`, `dmgschool`, `BaseAttackTime`, `RangeAttackTime`, `BaseVariance`, `RangeVariance`, `unit_class`, `unit_flags`, `unit_flags2`, `dynamicflags`, `family`, `trainer_type`, `trainer_spell`, `trainer_class`, `trainer_race`, `type`, `type_flags`, `resistance1`, `resistance2`, `resistance3`, `resistance4`, `resistance5`, `resistance6`, `PetSpellDataId`, `mingold`, `maxgold`, `AIName`, `MovementType`, `HealthModifier`, `ManaModifier`, `ArmorModifier`, `DamageModifier`, `ExperienceModifier`, `RacialLeader`, `RegenHealth`, `mechanic_immune_mask`, `spell_school_immune_mask`, `flags_extra`, `ScriptName`) values('28050','0','25069','Ol\' Chumbucket','','','966','65','65','0','35','1','1','1.14286','1','0','0','2000','2000','1','1','1','33536','2048','0','0','0','0','0','0','7','0','0','0','0','0','0','0','0','0','0','','0','1','1','1','1','1','0','1','0','0','0','');
replace into `creature_template` (`entry`, `difficulty_entry_1`, `modelid1`, `name`, `subname`, `IconName`, `gossip_menu_id`, `minlevel`, `maxlevel`, `exp`, `faction`, `npcflag`, `speed_walk`, `speed_run`, `scale`, `rank`, `dmgschool`, `BaseAttackTime`, `RangeAttackTime`, `BaseVariance`, `RangeVariance`, `unit_class`, `unit_flags`, `unit_flags2`, `dynamicflags`, `family`, `trainer_type`, `trainer_spell`, `trainer_class`, `trainer_race`, `type`, `type_flags`, `resistance1`, `resistance2`, `resistance3`, `resistance4`, `resistance5`, `resistance6`, `PetSpellDataId`, `mingold`, `maxgold`, `AIName`, `MovementType`, `HealthModifier`, `ManaModifier`, `ArmorModifier`, `DamageModifier`, `ExperienceModifier`, `RacialLeader`, `RegenHealth`, `mechanic_immune_mask`, `spell_school_immune_mask`, `flags_extra`, `ScriptName`) values('28051','0','25070','Cap\'n Slappy','','','965','65','65','0','35','1','1','1.14286','1','0','0','2000','2000','1','1','1','33536','2048','0','0','0','0','0','0','7','0','0','0','0','0','0','0','0','0','0','','0','1','1','1','1','1','0','1','0','0','0','');
replace into `creature_template` (`entry`, `difficulty_entry_1`, `modelid1`, `name`, `subname`, `IconName`, `gossip_menu_id`, `minlevel`, `maxlevel`, `exp`, `faction`, `npcflag`, `speed_walk`, `speed_run`, `scale`, `rank`, `dmgschool`, `BaseAttackTime`, `RangeAttackTime`, `BaseVariance`, `RangeVariance`, `unit_class`, `unit_flags`, `unit_flags2`, `dynamicflags`, `family`, `trainer_type`, `trainer_spell`, `trainer_class`, `trainer_race`, `type`, `type_flags`, `resistance1`, `resistance2`, `resistance3`, `resistance4`, `resistance5`, `resistance6`, `PetSpellDataId`, `mingold`, `maxgold`, `AIName`, `MovementType`, `HealthModifier`, `ManaModifier`, `ArmorModifier`, `DamageModifier`, `ExperienceModifier`, `RacialLeader`, `RegenHealth`, `mechanic_immune_mask`, `spell_school_immune_mask`, `flags_extra`, `ScriptName`) values('28052','0','25073','Dread Crew','','',NULL,'60','60','0','35','0','1','1.14286','1','0','0','2000','2000','1','1','1','33536','2048','0','0','0','0','0','0','7','0','0','0','0','0','0','0','0','0','0','','0','1','1','1','1','1','0','1','0','0','0','');
replace into `creature_template` (`entry`, `difficulty_entry_1`, `modelid1`, `name`, `subname`, `IconName`, `gossip_menu_id`, `minlevel`, `maxlevel`, `exp`, `faction`, `npcflag`, `speed_walk`, `speed_run`, `scale`, `rank`, `dmgschool`, `BaseAttackTime`, `RangeAttackTime`, `BaseVariance`, `RangeVariance`, `unit_class`, `unit_flags`, `unit_flags2`, `dynamicflags`, `family`, `trainer_type`, `trainer_spell`, `trainer_class`, `trainer_race`, `type`, `type_flags`, `resistance1`, `resistance2`, `resistance3`, `resistance4`, `resistance5`, `resistance6`, `PetSpellDataId`, `mingold`, `maxgold`, `AIName`, `MovementType`, `HealthModifier`, `ManaModifier`, `ArmorModifier`, `DamageModifier`, `ExperienceModifier`, `RacialLeader`, `RegenHealth`, `mechanic_immune_mask`, `spell_school_immune_mask`, `flags_extra`, `ScriptName`) values('28058','0','3146','Dread Cannon','','',NULL,'50','50','0','35','0','1','1.07143','1','0','0','2000','2000','1','1','1','33536','2048','0','0','0','0','0','0','9','0','0','0','0','0','0','0','0','0','0','','0','0.75','1','1','1','1','0','1','0','0','0','');
replace into `creature_template` (`entry`, `difficulty_entry_1`, `modelid1`, `modelid2`, `modelid3`, `modelid4`, `name`, `subname`, `IconName`, `gossip_menu_id`, `minlevel`, `maxlevel`, `exp`, `faction`, `npcflag`, `speed_walk`, `speed_run`, `scale`, `rank`, `dmgschool`, `BaseAttackTime`, `RangeAttackTime`, `BaseVariance`, `RangeVariance`, `unit_class`, `unit_flags`, `unit_flags2`, `dynamicflags`, `family`, `trainer_type`, `trainer_spell`, `trainer_class`, `trainer_race`, `type`, `type_flags`, `lootid`, `pickpocketloot`, `skinloot`, `resistance1`, `resistance2`, `resistance3`, `resistance4`, `resistance5`, `resistance6`, `spell1`, `spell2`, `spell3`, `spell4`, `spell5`, `spell6`, `spell7`, `spell8`, `PetSpellDataId`, `mingold`, `maxgold`, `AIName`, `MovementType`, `HealthModifier`, `ManaModifier`, `ArmorModifier`, `DamageModifier`, `ExperienceModifier`, `RacialLeader`, `RegenHealth`, `mechanic_immune_mask`, `spell_school_immune_mask`, `flags_extra`, `ScriptName`) values('28048','0','25054',NULL,NULL,NULL,'Dread Captain DeMeza','Scourge of the South Seas','','964','70','70','0','35','1','1','1.14286','1','1','0','2000','2000','1','1','1','33536','2048','0','0','0','0','0','0','7','0',NULL,NULL,NULL,'0','0','0','0','0','0',NULL,NULL,NULL,NULL,NULL,NULL,NULL,NULL,'0','0','0','SmartAI','0','1','1','1','7.5','1','0','1','0','0','0','');

replace into creature_entry values (150156, 28048, -1);
replace into `creature` (`spawnId`, `map`, `spawnMask`, `modelid`, `equipment_id`, `position_x`, `position_y`, `position_z`, `orientation`, `spawntimesecs`, `spawndist`, `currentwaypoint`, `curhealth`, `curmana`, `MovementType`, `unit_flags`,`ScriptName`) values('150156','0','1','0','1','-14422.6','523.259','26.3886','5.16617','120','0','0','1','0','0','0','0');
replace into creature_entry values (150157, 28049, -1);
replace into `creature` (`spawnId`, `map`, `spawnMask`, `modelid`, `equipment_id`, `position_x`, `position_y`, `position_z`, `orientation`, `spawntimesecs`, `spawndist`, `currentwaypoint`, `curhealth`, `curmana`, `MovementType`, `unit_flags`) values('150157','0','1','0','1','-14420.5','525.486','26.0714','4.67748','120','0','0','1','0','0','0');
replace into creature_entry values (150158, 28050, -1);
replace into `creature` (`spawnId`, `map`, `spawnMask`, `modelid`, `equipment_id`, `position_x`, `position_y`, `position_z`, `orientation`, `spawntimesecs`, `spawndist`, `currentwaypoint`, `curhealth`, `curmana`, `MovementType`, `unit_flags`) values('150158','0','1','0','1','-14430.4','520.976','25.9306','2.56563','120','0','0','1','0','0','0');
replace into creature_entry values (150159, 28051, -1);
replace into `creature` (`spawnId`, `map`, `spawnMask`, `modelid`, `equipment_id`, `position_x`, `position_y`, `position_z`, `orientation`, `spawntimesecs`, `spawndist`, `currentwaypoint`, `curhealth`, `curmana`, `MovementType`, `unit_flags`) values('150159','0','1','0','1','-14432.2','521.966','25.6104','5.84685','120','0','0','1','0','0','0');
replace into creature_entry values (150163, 28052, -1);
replace into `creature` (`spawnId`, `map`, `spawnMask`, `modelid`, `equipment_id`, `position_x`, `position_y`, `position_z`, `orientation`, `spawntimesecs`, `spawndist`, `currentwaypoint`, `curhealth`, `curmana`, `MovementType`, `unit_flags`) values('150163','0','1','0','1','-14417','532.992','24.7631','3.08923','120','0','0','1','0','0','0');
replace into creature_entry values (150162, 28052, -1);
replace into `creature` (`spawnId`, `map`, `spawnMask`, `modelid`, `equipment_id`, `position_x`, `position_y`, `position_z`, `orientation`, `spawntimesecs`, `spawndist`, `currentwaypoint`, `curhealth`, `curmana`, `MovementType`, `unit_flags`) values('150162','0','1','0','1','-14412.2','551.752','20.7413','0.907571','120','0','0','1','0','2','0');
replace into creature_entry values (150161, 28052, -1);
replace into `creature` (`spawnId`, `map`, `spawnMask`, `modelid`, `equipment_id`, `position_x`, `position_y`, `position_z`, `orientation`, `spawntimesecs`, `spawndist`, `currentwaypoint`, `curhealth`, `curmana`, `MovementType`, `unit_flags`) values('150161','0','1','0','1','-14409.1','543.975','22.2686','0.436332','120','0','0','1','0','2','0');
replace into creature_entry values (150160, 28052, -1);
replace into `creature` (`spawnId`, `map`, `spawnMask`, `modelid`, `equipment_id`, `position_x`, `position_y`, `position_z`, `orientation`, `spawntimesecs`, `spawndist`, `currentwaypoint`, `curhealth`, `curmana`, `MovementType`, `unit_flags`) values('150160','0','1','0','1','-14405.4','535.45','24.0197','0.191986','120','0','0','1','0','2','0');
replace into creature_entry values (150180, 28052, -1);
replace into `creature` (`spawnId`, `map`, `spawnMask`, `modelid`, `equipment_id`, `position_x`, `position_y`, `position_z`, `orientation`, `spawntimesecs`, `spawndist`, `currentwaypoint`, `curhealth`, `curmana`, `MovementType`, `unit_flags`) values('150180','0','1','0','1','-14433.2','529.349','24.2942','5.68977','120','0','0','1','0','0','0');
replace into creature_entry values (150179, 28052, -1);
replace into `creature` (`spawnId`, `map`, `spawnMask`, `modelid`, `equipment_id`, `position_x`, `position_y`, `position_z`, `orientation`, `spawntimesecs`, `spawndist`, `currentwaypoint`, `curhealth`, `curmana`, `MovementType`, `unit_flags`) values('150179','0','1','0','1','-14432.4','527.639','24.7748','0.541052','120','0','0','1','0','2','0');
replace into creature_entry values (150178, 28052, -1);
replace into `creature` (`spawnId`, `map`, `spawnMask`, `modelid`, `equipment_id`, `position_x`, `position_y`, `position_z`, `orientation`, `spawntimesecs`, `spawndist`, `currentwaypoint`, `curhealth`, `curmana`, `MovementType`, `unit_flags`) values('150178','0','1','0','1','-14431.3','529.618','24.6118','4.62512','120','0','0','1','0','0','0');
replace into creature_entry values (150177, 28052, -1);
replace into `creature` (`spawnId`, `map`, `spawnMask`, `modelid`, `equipment_id`, `position_x`, `position_y`, `position_z`, `orientation`, `spawntimesecs`, `spawndist`, `currentwaypoint`, `curhealth`, `curmana`, `MovementType`, `unit_flags`) values('150177','0','1','0','1','-14430.5','533.727','24.1085','1.20428','120','0','0','1','0','2','0');
replace into creature_entry values (150176, 28052, -1);
replace into `creature` (`spawnId`, `map`, `spawnMask`, `modelid`, `equipment_id`, `position_x`, `position_y`, `position_z`, `orientation`, `spawntimesecs`, `spawndist`, `currentwaypoint`, `curhealth`, `curmana`, `MovementType`, `unit_flags`) values('150176','0','1','0','1','-14429.6','536.954','23.7319','4.64258','120','0','0','1','0','0','0');
replace into creature_entry values (150175, 28052, -1);
replace into `creature` (`spawnId`, `map`, `spawnMask`, `modelid`, `equipment_id`, `position_x`, `position_y`, `position_z`, `orientation`, `spawntimesecs`, `spawndist`, `currentwaypoint`, `curhealth`, `curmana`, `MovementType`, `unit_flags`) values('150175','0','1','0','1','-14429.5','527.209','25.128','2.61799','120','0','0','1','0','0','0');
replace into creature_entry values (150174, 28052, -1);
replace into `creature` (`spawnId`, `map`, `spawnMask`, `modelid`, `equipment_id`, `position_x`, `position_y`, `position_z`, `orientation`, `spawntimesecs`, `spawndist`, `currentwaypoint`, `curhealth`, `curmana`, `MovementType`, `unit_flags`) values('150174','0','1','0','1','-14429','532.862','24.29','1.86354','120','0','0','1','0','0','0');
replace into creature_entry values (150173, 28052, -1);
replace into `creature` (`spawnId`, `map`, `spawnMask`, `modelid`, `equipment_id`, `position_x`, `position_y`, `position_z`, `orientation`, `spawntimesecs`, `spawndist`, `currentwaypoint`, `curhealth`, `curmana`, `MovementType`, `unit_flags`) values('150173','0','1','0','1','-14427.9','534.161','24.306','2.49582','120','0','0','1','0','0','0');
replace into creature_entry values (150172, 28052, -1);
replace into `creature` (`spawnId`, `map`, `spawnMask`, `modelid`, `equipment_id`, `position_x`, `position_y`, `position_z`, `orientation`, `spawntimesecs`, `spawndist`, `currentwaypoint`, `curhealth`, `curmana`, `MovementType`, `unit_flags`) values('150172','0','1','0','1','-14425.8','530.786','24.9976','5.89921','120','0','0','1','0','2','0');
replace into creature_entry values (150171, 28052, -1);
replace into `creature` (`spawnId`, `map`, `spawnMask`, `modelid`, `equipment_id`, `position_x`, `position_y`, `position_z`, `orientation`, `spawntimesecs`, `spawndist`, `currentwaypoint`, `curhealth`, `curmana`, `MovementType`, `unit_flags`) values('150171','0','1','0','1','-14425.1','528.117','25.4393','1.43117','120','0','0','1','0','2','0');
replace into creature_entry values (150170, 28052, -1);
replace into `creature` (`spawnId`, `map`, `spawnMask`, `modelid`, `equipment_id`, `position_x`, `position_y`, `position_z`, `orientation`, `spawntimesecs`, `spawndist`, `currentwaypoint`, `curhealth`, `curmana`, `MovementType`, `unit_flags`) values('150170','0','1','0','1','-14425','537.394','23.872','6.26573','120','0','0','1','0','2','0');
replace into creature_entry values (150169, 28052, -1);
replace into `creature` (`spawnId`, `map`, `spawnMask`, `modelid`, `equipment_id`, `position_x`, `position_y`, `position_z`, `orientation`, `spawntimesecs`, `spawndist`, `currentwaypoint`, `curhealth`, `curmana`, `MovementType`, `unit_flags`) values('150169','0','1','0','1','-14423.4','530.338','25.1525','3.08923','120','0','0','1','0','0','0');
replace into creature_entry values (150168, 28052, -1);
replace into `creature` (`spawnId`, `map`, `spawnMask`, `modelid`, `equipment_id`, `position_x`, `position_y`, `position_z`, `orientation`, `spawntimesecs`, `spawndist`, `currentwaypoint`, `curhealth`, `curmana`, `MovementType`, `unit_flags`) values('150168','0','1','0','1','-14422.7','535.034','24.3235','1.85005','120','0','0','1','0','0','0');
replace into creature_entry values (150167, 28052, -1);
replace into `creature` (`spawnId`, `map`, `spawnMask`, `modelid`, `equipment_id`, `position_x`, `position_y`, `position_z`, `orientation`, `spawntimesecs`, `spawndist`, `currentwaypoint`, `curhealth`, `curmana`, `MovementType`, `unit_flags`) values('150167','0','1','0','1','-14422.6','538.436','23.718','4.06662','120','0','0','1','0','0','0');
replace into creature_entry values (150166, 28052, -1);
replace into `creature` (`spawnId`, `map`, `spawnMask`, `modelid`, `equipment_id`, `position_x`, `position_y`, `position_z`, `orientation`, `spawntimesecs`, `spawndist`, `currentwaypoint`, `curhealth`, `curmana`, `MovementType`, `unit_flags`) values('150166','0','1','0','1','-14421','532.887','24.7346','0.0349066','120','0','0','1','0','0','0');
replace into creature_entry values (150165, 28052, -1);
replace into `creature` (`spawnId`, `map`, `spawnMask`, `modelid`, `equipment_id`, `position_x`, `position_y`, `position_z`, `orientation`, `spawntimesecs`, `spawndist`, `currentwaypoint`, `curhealth`, `curmana`, `MovementType`, `unit_flags`) values('150165','0','1','0','1','-14418.6','534.416','24.5415','4.15388','120','0','0','1','0','2','0');
replace into creature_entry values (150164, 28052, -1);
replace into `creature` (`spawnId`, `map`, `spawnMask`, `modelid`, `equipment_id`, `position_x`, `position_y`, `position_z`, `orientation`, `spawntimesecs`, `spawndist`, `currentwaypoint`, `curhealth`, `curmana`, `MovementType`, `unit_flags`) values('150164','0','1','0','1','-14418.5','531.243','25.11','2.0944','120','0','0','1','0','0','0');
replace into creature_entry values (150183, 28058, -1);
replace into `creature` (`spawnId`, `map`, `spawnMask`, `modelid`, `equipment_id`, `position_x`, `position_y`, `position_z`, `orientation`, `spawntimesecs`, `spawndist`, `currentwaypoint`, `curhealth`, `curmana`, `MovementType`, `unit_flags`) values('150183','0','1','0','0','-14410.8','553.666','20.214','0.907571','120','0','0','1','0','2','0');
replace into creature_entry values (150182, 28058, -1);
replace into `creature` (`spawnId`, `map`, `spawnMask`, `modelid`, `equipment_id`, `position_x`, `position_y`, `position_z`, `orientation`, `spawntimesecs`, `spawndist`, `currentwaypoint`, `curhealth`, `curmana`, `MovementType`, `unit_flags`) values('150182','0','1','0','0','-14406.8','545.094','21.9257','0.401426','120','0','0','1','0','2','0');
replace into creature_entry values (150181, 28058, -1);
replace into `creature` (`spawnId`, `map`, `spawnMask`, `modelid`, `equipment_id`, `position_x`, `position_y`, `position_z`, `orientation`, `spawntimesecs`, `spawndist`, `currentwaypoint`, `curhealth`, `curmana`, `MovementType`, `unit_flags`) values('150181','0','1','0','0','-14402.9','536.155','23.7623','0.191986','120','0','0','1','0','2','0');

DELETE FROM game_event_creature where event = 80;
replace into `game_event_creature` (event, `guid`) values('80','150156');
replace into `game_event_creature` (event, `guid`) values('80','150157');
replace into `game_event_creature` (event, `guid`) values('80','150158');
replace into `game_event_creature` (event, `guid`) values('80','150159');
replace into `game_event_creature` (event, `guid`) values('80','150163');
replace into `game_event_creature` (event, `guid`) values('80','150162');
replace into `game_event_creature` (event, `guid`) values('80','150161');
replace into `game_event_creature` (event, `guid`) values('80','150160');
replace into `game_event_creature` (event, `guid`) values('80','150180');
replace into `game_event_creature` (event, `guid`) values('80','150179');
replace into `game_event_creature` (event, `guid`) values('80','150178');
replace into `game_event_creature` (event, `guid`) values('80','150177');
replace into `game_event_creature` (event, `guid`) values('80','150176');
replace into `game_event_creature` (event, `guid`) values('80','150175');
replace into `game_event_creature` (event, `guid`) values('80','150174');
replace into `game_event_creature` (event, `guid`) values('80','150173');
replace into `game_event_creature` (event, `guid`) values('80','150172');
replace into `game_event_creature` (event, `guid`) values('80','150171');
replace into `game_event_creature` (event, `guid`) values('80','150170');
replace into `game_event_creature` (event, `guid`) values('80','150169');
replace into `game_event_creature` (event, `guid`) values('80','150168');
replace into `game_event_creature` (event, `guid`) values('80','150167');
replace into `game_event_creature` (event, `guid`) values('80','150166');
replace into `game_event_creature` (event, `guid`) values('80','150165');
replace into `game_event_creature` (event, `guid`) values('80','150164');
replace into `game_event_creature` (event, `guid`) values('80','150183');
replace into `game_event_creature` (event, `guid`) values('80','150182');
replace into `game_event_creature` (event, `guid`) values('80','150181');

replace into `smart_scripts` (`entryorguid`, `source_type`, `id`, `link`, `event_type`, `event_phase_mask`, `event_chance`, `event_flags`, `event_param1`, `event_param2`, `event_param3`, `event_param4`, `event_param5`, `action_type`, `action_param1`, `action_param2`, `action_param3`, `action_param4`, `action_param5`, `action_param6`, `target_type`, `target_param1`, `target_param2`, `target_param3`, `target_param4`, `target_x`, `target_y`, `target_z`, `target_o`, `comment`) values('28048','0','0','1','62','0','100','0','964','0','0','0','0','11','50517','1','0','0','0','0','7','0','0','0','0','0','0','0','0','Dread Captain DeMeza - On Gossip Option 0 Selected - Cast \'Dread Corsair\'');
replace into `smart_scripts` (`entryorguid`, `source_type`, `id`, `link`, `event_type`, `event_phase_mask`, `event_chance`, `event_flags`, `event_param1`, `event_param2`, `event_param3`, `event_param4`, `event_param5`, `action_type`, `action_param1`, `action_param2`, `action_param3`, `action_param4`, `action_param5`, `action_param6`, `target_type`, `target_param1`, `target_param2`, `target_param3`, `target_param4`, `target_x`, `target_y`, `target_z`, `target_o`, `comment`) values('28048','0','1','0','61','0','100','512','0','0','0','0','0','72','0','0','0','0','0','0','7','0','0','0','0','0','0','0','0','Dread Captain DeMeza - On Gossip Option 0 Selected - Close Gossip');


replace into `gameobject_template` (`entry`, `type`, `displayId`, `name`, `castBarCaption`, `flags`, `size`, `Data0`, `Data1`, `Data2`, `Data3`, `Data4`, `Data5`, `Data6`, `Data7`, `Data8`, `Data9`, `Data10`, `Data11`, `Data12`, `Data13`, `Data14`, `Data15`, `Data16`, `Data17`, `Data18`, `Data19`, `Data20`, `Data21`, `Data22`, `Data23`, `AIName`, `ScriptName`) values('190363','5','3972','Pirate Day Music Doodad','','0','1','0','0','0','0','0','0','0','0','0','0','0','0','0','0','0','0','0','0','0','0','0','0','0','0','','go_pirate_day_music');

replace into `gameobject` (`guid`, `id`, `map`, `spawnMask`, `position_x`, `position_y`, `position_z`, `orientation`, `rotation0`, `rotation1`, `rotation2`, `rotation3`, `spawntimesecs`, `animprogress`, `state`, `ScriptName`) values('121572','190363','0','1','-14424.7','531.309','24.8791','-2.47837','0','0','-0.945519','0.325567','120','0','1','');
replace into `game_event_gameobject` (event, `guid`) values('80','121572');